2026-02-18 10:00:19,253 [ForkJoinPool-5-worker-3] INFO  o.o.b.p.a.PullFromAggregateTracker - Pull Formulário da Vigilancia Hospitalar - Start pulling form and submissions
2026-02-18 10:00:19,248 [ForkJoinPool-5-worker-11] INFO  o.o.b.p.a.PullFromAggregateTracker - Pull Formulário da Vigilancia Hospitalar - Start pulling form and submissions
2026-02-18 10:00:19,252 [ForkJoinPool-5-worker-15] INFO  o.o.b.p.a.PullFromAggregateTracker - Pull Formulário da Vigilancia Hospitalar - Start pulling form and submissions
2026-02-18 10:00:19,247 [ForkJoinPool-5-worker-2] INFO  o.o.b.p.a.PullFromAggregateTracker - Pull Formulário da Vigilancia Hospitalar - Laboratório - Start pulling form and submissions
2026-02-18 10:00:19,249 [ForkJoinPool-5-worker-13] INFO  o.o.b.p.a.PullFromAggregateTracker - Pull VIGILÂNCIA  AMBIENTAL - Start pulling form and submissions
2026-02-18 10:00:19,247 [ForkJoinPool-5-worker-9] INFO  o.o.b.p.a.PullFromAggregateTracker - Pull Formulário da Vigilancia Hospitalar - Start pulling form and submissions
2026-02-18 10:00:19,251 [ForkJoinPool-5-worker-6] INFO  o.o.b.p.a.PullFromAggregateTracker - Pull Resultados de testagem das vigilâncias - Start pulling form and submissions
2026-02-18 10:00:19,252 [ForkJoinPool-5-worker-10] INFO  o.o.b.p.a.PullFromAggregateTracker - Pull Formulário da Vigilancia Hospitalar - Laboratório - Start pulling form and submissions
2026-02-18 10:00:19,249 [ForkJoinPool-5-worker-4] INFO  o.o.b.p.a.PullFromAggregateTracker - Pull Formulário da Vigilancia Comunitaria - Start pulling form and submissions
2026-02-18 10:00:19,252 [ForkJoinPool-5-worker-8] INFO  o.o.b.p.a.PullFromAggregateTracker - Pull Formulario da  Componente  Genomica (IDS) - Start pulling form and submissions
2026-02-18 10:00:19,285 [ForkJoinPool-5-worker-4] INFO  o.o.b.p.a.PullFromAggregateTracker - Pull Formulário da Vigilancia Comunitaria - Start downloading form
2026-02-18 10:00:19,285 [ForkJoinPool-5-worker-13] INFO  o.o.b.p.a.PullFromAggregateTracker - Pull VIGILÂNCIA  AMBIENTAL - Start downloading form
2026-02-18 10:00:19,253 [ForkJoinPool-5-worker-1] INFO  o.o.b.p.a.PullFromAggregateTracker - Pull Formulário da Vigilancia Comunitaria - Start pulling form and submissions
2026-02-18 10:00:19,285 [ForkJoinPool-5-worker-8] INFO  o.o.b.p.a.PullFromAggregateTracker - Pull Formulario da  Componente  Genomica (IDS) - Start downloading form
2026-02-18 10:00:19,285 [ForkJoinPool-5-worker-2] INFO  o.o.b.p.a.PullFromAggregateTracker - Pull Formulário da Vigilancia Hospitalar - Laboratório - Start downloading form
2026-02-18 10:00:19,285 [ForkJoinPool-5-worker-3] INFO  o.o.b.p.a.PullFromAggregateTracker - Pull Formulário da Vigilancia Hospitalar - Start downloading form
2026-02-18 10:00:19,286 [ForkJoinPool-5-worker-15] INFO  o.o.b.p.a.PullFromAggregateTracker - Pull Formulário da Vigilancia Hospitalar - Start downloading form
2026-02-18 10:00:19,286 [ForkJoinPool-5-worker-1] INFO  o.o.b.p.a.PullFromAggregateTracker - Pull Formulário da Vigilancia Comunitaria - Start downloading form
2026-02-18 10:00:19,286 [ForkJoinPool-5-worker-11] INFO  o.o.b.p.a.PullFromAggregateTracker - Pull Formulário da Vigilancia Hospitalar - Start downloading form
2026-02-18 10:00:19,288 [ForkJoinPool-5-worker-6] INFO  o.o.b.p.a.PullFromAggregateTracker - Pull Resultados de testagem das vigilâncias - Start downloading form
2026-02-18 10:00:19,288 [ForkJoinPool-5-worker-9] INFO  o.o.b.p.a.PullFromAggregateTracker - Pull Formulário da Vigilancia Hospitalar - Start downloading form
2026-02-18 10:00:19,288 [ForkJoinPool-5-worker-10] INFO  o.o.b.p.a.PullFromAggregateTracker - Pull Formulário da Vigilancia Hospitalar - Laboratório - Start downloading form
2026-02-18 10:00:21,037 [ForkJoinPool-5-worker-10] INFO  o.o.b.p.a.PullFromAggregateTracker - Pull Formulário da Vigilancia Hospitalar - Laboratório - Form downloaded
2026-02-18 10:00:21,039 [ForkJoinPool-5-worker-10] INFO  o.o.b.p.a.PullFromAggregateTracker - Pull Formulário da Vigilancia Hospitalar - Laboratório - Start getting submission IDs
2026-02-18 10:00:21,244 [ForkJoinPool-5-worker-13] INFO  o.o.b.p.a.PullFromAggregateTracker - Pull VIGILÂNCIA  AMBIENTAL - Form downloaded
2026-02-18 10:00:21,244 [ForkJoinPool-5-worker-8] INFO  o.o.b.p.a.PullFromAggregateTracker - Pull Formulario da  Componente  Genomica (IDS) - Form downloaded
2026-02-18 10:00:21,244 [ForkJoinPool-5-worker-13] INFO  o.o.b.p.a.PullFromAggregateTracker - Pull VIGILÂNCIA  AMBIENTAL - Start getting form manifest
2026-02-18 10:00:21,244 [ForkJoinPool-5-worker-8] INFO  o.o.b.p.a.PullFromAggregateTracker - Pull Formulario da  Componente  Genomica (IDS) - Start getting submission IDs
2026-02-18 10:00:21,507 [ForkJoinPool-5-worker-2] INFO  o.o.b.p.a.PullFromAggregateTracker - Pull Formulário da Vigilancia Hospitalar - Laboratório - Form downloaded
2026-02-18 10:00:21,507 [ForkJoinPool-5-worker-2] INFO  o.o.b.p.a.PullFromAggregateTracker - Pull Formulário da Vigilancia Hospitalar - Laboratório - Start getting form manifest
2026-02-18 10:00:22,059 [ForkJoinPool-5-worker-6] INFO  o.o.b.p.a.PullFromAggregateTracker - Pull Resultados de testagem das vigilâncias - Form downloaded
2026-02-18 10:00:22,060 [ForkJoinPool-5-worker-6] INFO  o.o.b.p.a.PullFromAggregateTracker - Pull Resultados de testagem das vigilâncias - Start getting form manifest
2026-02-18 10:00:22,072 [ForkJoinPool-5-worker-13] INFO  o.o.b.p.a.PullFromAggregateTracker - Pull VIGILÂNCIA  AMBIENTAL - Got the form manifest
2026-02-18 10:00:22,074 [ForkJoinPool-5-worker-13] INFO  o.o.b.p.a.PullFromAggregateTracker - Pull VIGILÂNCIA  AMBIENTAL - Skipping 1 form attachments that have been already downloaded
2026-02-18 10:00:22,074 [ForkJoinPool-5-worker-13] INFO  o.o.b.p.a.PullFromAggregateTracker - Pull VIGILÂNCIA  AMBIENTAL - Start getting submission IDs
2026-02-18 10:00:22,120 [ForkJoinPool-5-worker-9] INFO  o.o.b.p.a.PullFromAggregateTracker - Pull Formulário da Vigilancia Hospitalar - Form downloaded
2026-02-18 10:00:22,121 [ForkJoinPool-5-worker-9] INFO  o.o.b.p.a.PullFromAggregateTracker - Pull Formulário da Vigilancia Hospitalar - Start getting form manifest
2026-02-18 10:00:22,179 [ForkJoinPool-5-worker-3] INFO  o.o.b.p.a.PullFromAggregateTracker - Pull Formulário da Vigilancia Hospitalar - Form downloaded
2026-02-18 10:00:22,179 [ForkJoinPool-5-worker-3] INFO  o.o.b.p.a.PullFromAggregateTracker - Pull Formulário da Vigilancia Hospitalar - Start getting submission IDs
2026-02-18 10:00:22,273 [ForkJoinPool-5-worker-1] INFO  o.o.b.p.a.PullFromAggregateTracker - Pull Formulário da Vigilancia Comunitaria - Form downloaded
2026-02-18 10:00:22,273 [ForkJoinPool-5-worker-1] INFO  o.o.b.p.a.PullFromAggregateTracker - Pull Formulário da Vigilancia Comunitaria - Start getting submission IDs
2026-02-18 10:00:22,296 [ForkJoinPool-5-worker-2] INFO  o.o.b.p.a.PullFromAggregateTracker - Pull Formulário da Vigilancia Hospitalar - Laboratório - Got the form manifest
2026-02-18 10:00:22,297 [ForkJoinPool-5-worker-2] INFO  o.o.b.p.a.PullFromAggregateTracker - Pull Formulário da Vigilancia Hospitalar - Laboratório - Skipping 1 form attachments that have been already downloaded
2026-02-18 10:00:22,298 [ForkJoinPool-5-worker-2] INFO  o.o.b.p.a.PullFromAggregateTracker - Pull Formulário da Vigilancia Hospitalar - Laboratório - Start getting submission IDs
2026-02-18 10:00:22,324 [ForkJoinPool-5-worker-8] INFO  o.o.b.p.a.PullFromAggregateTracker - Pull Formulario da  Componente  Genomica (IDS) - Got all the submission IDs
2026-02-18 10:00:22,330 [ForkJoinPool-5-worker-10] INFO  o.o.b.p.a.PullFromAggregateTracker - Pull Formulário da Vigilancia Hospitalar - Laboratório - Got all the submission IDs
2026-02-18 10:00:22,340 [ForkJoinPool-5-worker-8] INFO  o.o.b.p.a.PullFromAggregateTracker - Push Formulario da  Componente  Genomica (IDS) - There are no submissions to download
2026-02-18 10:00:22,392 [ForkJoinPool-5-worker-8] INFO  o.o.b.p.a.PullFromAggregateTracker - Pull Formulario da  Componente  Genomica (IDS) - Success
2026-02-18 10:00:22,407 [ForkJoinPool-5-worker-6] INFO  o.o.b.p.a.PullFromAggregateTracker - Pull Resultados de testagem das vigilâncias - Got the form manifest
2026-02-18 10:00:22,409 [ForkJoinPool-5-worker-6] INFO  o.o.b.p.a.PullFromAggregateTracker - Pull Resultados de testagem das vigilâncias - Skipping 1 form attachments that have been already downloaded
2026-02-18 10:00:22,409 [ForkJoinPool-5-worker-6] INFO  o.o.b.p.a.PullFromAggregateTracker - Pull Resultados de testagem das vigilâncias - Start getting submission IDs
2026-02-18 10:00:22,411 [ForkJoinPool-5-worker-8] INFO  o.o.b.p.a.PullFromAggregateTracker - Pull VIGILÂNCIA  AMBIENTAL - Start pulling form and submissions
2026-02-18 10:00:22,411 [ForkJoinPool-5-worker-8] INFO  o.o.b.p.a.PullFromAggregateTracker - Pull VIGILÂNCIA  AMBIENTAL - Start downloading form
2026-02-18 10:00:22,413 [ForkJoinPool-5-worker-10] INFO  o.o.b.p.a.PullFromAggregateTracker - Pull Formulário da Vigilancia Hospitalar - Laboratório - Start downloading submission 1 of 18
2026-02-18 10:00:22,485 [AWT-EventQueue-0] INFO  XFormParser - Reading XML and parsing with kXML2 finished in 22.706 ms
2026-02-18 10:00:22,507 [AWT-EventQueue-0] INFO  XFormParser - Consolidating text finished in 21.754 ms
2026-02-18 10:00:22,508 [AWT-EventQueue-0] INFO  XFormParser - Parsing form...
2026-02-18 10:00:22,509 [AWT-EventQueue-0] INFO  XFormParser - Title: "Formulário da Vigilancia Comunitaria"
2026-02-18 10:00:22,509 [AWT-EventQueue-0] WARN  XFormParser - XForm Parse Warning: Warning: 1 Unrecognized attributes found in Element [model] and will be ignored: [xforms-version] 
    Problem found at nodeset: /html/head/model
    With element <model xforms-version="1.0.0"><instance><data id="Comunidade_v2" version="2" prefix="Comunidade_v2" delimiter="$">...

2026-02-18 10:00:22,520 [ForkJoinPool-5-worker-13] INFO  o.o.b.p.a.PullFromAggregateTracker - Pull VIGILÂNCIA  AMBIENTAL - Got all the submission IDs
2026-02-18 10:00:22,555 [ForkJoinPool-5-worker-9] INFO  o.o.b.p.a.PullFromAggregateTracker - Pull Formulário da Vigilancia Hospitalar - Got the form manifest
2026-02-18 10:00:22,556 [ForkJoinPool-5-worker-9] INFO  o.o.b.p.a.PullFromAggregateTracker - Pull Formulário da Vigilancia Hospitalar - Skipping 1 form attachments that have been already downloaded
2026-02-18 10:00:22,559 [ForkJoinPool-5-worker-9] INFO  o.o.b.p.a.PullFromAggregateTracker - Pull Formulário da Vigilancia Hospitalar - Start getting submission IDs
2026-02-18 10:00:22,571 [ForkJoinPool-5-worker-13] INFO  o.o.b.p.a.PullFromAggregateTracker - Push VIGILÂNCIA  AMBIENTAL - There are no submissions to download
2026-02-18 10:00:22,577 [ForkJoinPool-5-worker-13] INFO  o.o.b.p.a.PullFromAggregateTracker - Pull VIGILÂNCIA  AMBIENTAL - Success
2026-02-18 10:00:22,580 [ForkJoinPool-5-worker-13] INFO  o.o.b.p.a.PullFromAggregateTracker - Pull VIGILÂNCIA  AMBIENTAL - Start pulling form and submissions
2026-02-18 10:00:22,580 [ForkJoinPool-5-worker-15] INFO  o.o.b.p.a.PullFromAggregateTracker - Pull Formulário da Vigilancia Hospitalar - Form downloaded
2026-02-18 10:00:22,581 [ForkJoinPool-5-worker-13] INFO  o.o.b.p.a.PullFromAggregateTracker - Pull VIGILÂNCIA  AMBIENTAL - Start downloading form
2026-02-18 10:00:22,581 [ForkJoinPool-5-worker-15] INFO  o.o.b.p.a.PullFromAggregateTracker - Pull Formulário da Vigilancia Hospitalar - Start getting form manifest
2026-02-18 10:00:22,670 [AWT-EventQueue-0] INFO  XFormParser - Creating FormDef from parsed XML finished in 162.428 ms
2026-02-18 10:00:22,737 [AWT-EventQueue-0] INFO  XFormParser - Reading XML and parsing with kXML2 finished in 50.616 ms
2026-02-18 10:00:22,751 [AWT-EventQueue-0] INFO  XFormParser - Consolidating text finished in 14.519 ms
2026-02-18 10:00:22,753 [AWT-EventQueue-0] INFO  XFormParser - Parsing form...
2026-02-18 10:00:22,753 [AWT-EventQueue-0] INFO  XFormParser - Title: "Formulário da Vigilancia Hospitalar"
2026-02-18 10:00:22,753 [AWT-EventQueue-0] WARN  XFormParser - XForm Parse Warning: Warning: 1 Unrecognized attributes found in Element [model] and will be ignored: [xforms-version] 
    Problem found at nodeset: /html/head/model
    With element <model xforms-version="1.0.0"><instance><data id="hospitalar_v2" version="1" prefix="Hospitalar" delimiter="$">...

2026-02-18 10:00:22,806 [ForkJoinPool-5-worker-9] INFO  o.o.b.p.a.PullFromAggregateTracker - Pull Formulário da Vigilancia Hospitalar - Got all the submission IDs
2026-02-18 10:00:22,810 [ForkJoinPool-5-worker-10] INFO  o.o.b.p.a.PullFromAggregateTracker - Pull Formulário da Vigilancia Hospitalar - Laboratório - Submission 1 of 18 downloaded
2026-02-18 10:00:22,811 [AWT-EventQueue-0] INFO  XFormParser - Creating FormDef from parsed XML finished in 57.665 ms
2026-02-18 10:00:22,814 [ForkJoinPool-5-worker-10] INFO  o.o.b.p.a.PullFromAggregateTracker - Pull Formulário da Vigilancia Hospitalar - Laboratório - Start downloading submission 2 of 18
2026-02-18 10:00:22,815 [AWT-EventQueue-0] INFO  XFormParser - Reading XML and parsing with kXML2 finished in 0.597 ms
2026-02-18 10:00:22,815 [AWT-EventQueue-0] INFO  XFormParser - Consolidating text finished in 0.348 ms
2026-02-18 10:00:22,815 [AWT-EventQueue-0] INFO  XFormParser - Parsing form...
2026-02-18 10:00:22,815 [AWT-EventQueue-0] INFO  XFormParser - Title: "Formulário da Vigilancia Hospitalar - Laboratório"
2026-02-18 10:00:22,815 [AWT-EventQueue-0] WARN  XFormParser - XForm Parse Warning: Warning: 1 Unrecognized attributes found in Element [model] and will be ignored: [xforms-version] 
    Problem found at nodeset: /html/head/model
    With element <model xforms-version="1.0.0"><instance><data id="hospitalar_ib" version="1" prefix="Hospitalar LB" delimiter="$">...

2026-02-18 10:00:22,824 [AWT-EventQueue-0] INFO  XFormParser - Creating FormDef from parsed XML finished in 8.429 ms
2026-02-18 10:00:22,872 [ForkJoinPool-5-worker-1] INFO  o.o.b.p.a.PullFromAggregateTracker - Pull Formulário da Vigilancia Comunitaria - Got all the submission IDs
2026-02-18 10:00:22,900 [ForkJoinPool-5-worker-15] INFO  o.o.b.p.a.PullFromAggregateTracker - Pull Formulário da Vigilancia Hospitalar - Got the form manifest
2026-02-18 10:00:22,938 [ForkJoinPool-5-worker-9] INFO  o.o.b.p.a.PullFromAggregateTracker - Push Formulário da Vigilancia Hospitalar - There are no submissions to download
2026-02-18 10:00:22,945 [ForkJoinPool-5-worker-8] INFO  o.o.b.p.a.PullFromAggregateTracker - Pull VIGILÂNCIA  AMBIENTAL - Form downloaded
2026-02-18 10:00:22,945 [ForkJoinPool-5-worker-8] INFO  o.o.b.p.a.PullFromAggregateTracker - Pull VIGILÂNCIA  AMBIENTAL - Start getting submission IDs
2026-02-18 10:00:22,945 [ForkJoinPool-5-worker-11] INFO  o.o.b.p.a.PullFromAggregateTracker - Pull Formulário da Vigilancia Hospitalar - Form downloaded
2026-02-18 10:00:22,946 [ForkJoinPool-5-worker-15] INFO  o.o.b.p.a.PullFromAggregateTracker - Pull Formulário da Vigilancia Hospitalar - Skipping 1 form attachments that have been already downloaded
2026-02-18 10:00:22,946 [ForkJoinPool-5-worker-11] INFO  o.o.b.p.a.PullFromAggregateTracker - Pull Formulário da Vigilancia Hospitalar - Start getting form manifest
2026-02-18 10:00:22,947 [ForkJoinPool-5-worker-9] INFO  o.o.b.p.a.PullFromAggregateTracker - Pull Formulário da Vigilancia Hospitalar - Success
2026-02-18 10:00:22,948 [ForkJoinPool-5-worker-15] INFO  o.o.b.p.a.PullFromAggregateTracker - Pull Formulário da Vigilancia Hospitalar - Start getting submission IDs
2026-02-18 10:00:22,953 [ForkJoinPool-5-worker-9] INFO  o.o.b.p.a.PullFromAggregateTracker - Pull Formulário da Vigilancia Comunitaria - Start pulling form and submissions
2026-02-18 10:00:22,954 [ForkJoinPool-5-worker-9] INFO  o.o.b.p.a.PullFromAggregateTracker - Pull Formulário da Vigilancia Comunitaria - Start downloading form
2026-02-18 10:00:22,986 [ForkJoinPool-5-worker-13] INFO  o.o.b.p.a.PullFromAggregateTracker - Pull VIGILÂNCIA  AMBIENTAL - Form downloaded
2026-02-18 10:00:22,987 [ForkJoinPool-5-worker-13] INFO  o.o.b.p.a.PullFromAggregateTracker - Pull VIGILÂNCIA  AMBIENTAL - Start getting submission IDs
2026-02-18 10:00:22,991 [AWT-EventQueue-0] INFO  XFormParser - Reading XML and parsing with kXML2 finished in 49.687 ms
2026-02-18 10:00:23,000 [AWT-EventQueue-0] INFO  XFormParser - Consolidating text finished in 8.006 ms
2026-02-18 10:00:23,000 [AWT-EventQueue-0] INFO  XFormParser - Parsing form...
2026-02-18 10:00:23,000 [AWT-EventQueue-0] INFO  XFormParser - Title: "Resultados de testagem das vigilâncias"
2026-02-18 10:00:23,001 [AWT-EventQueue-0] WARN  XFormParser - XForm Parse Warning: Warning: 1 Unrecognized attributes found in Element [model] and will be ignored: [xforms-version] 
    Problem found at nodeset: /html/head/model
    With element <model xforms-version="1.0.0"><instance><data id="hospitalar_LB" version="13" prefix="Hospitalar LB" delimiter="$">...

2026-02-18 10:00:23,011 [ForkJoinPool-5-worker-1] INFO  o.o.b.p.a.PullFromAggregateTracker - Pull Formulário da Vigilancia Comunitaria - Start downloading submission 1 of 3
2026-02-18 10:00:23,020 [ForkJoinPool-5-worker-2] INFO  o.o.b.p.a.PullFromAggregateTracker - Pull Formulário da Vigilancia Hospitalar - Laboratório - Got all the submission IDs
2026-02-18 10:00:23,020 [ForkJoinPool-5-worker-3] INFO  o.o.b.p.a.PullFromAggregateTracker - Pull Formulário da Vigilancia Hospitalar - Got all the submission IDs
2026-02-18 10:00:23,026 [ForkJoinPool-5-worker-2] INFO  o.o.b.p.a.PullFromAggregateTracker - Pull Formulário da Vigilancia Hospitalar - Laboratório - Start downloading submission 1 of 25
2026-02-18 10:00:23,116 [ForkJoinPool-5-worker-6] INFO  o.o.b.p.a.PullFromAggregateTracker - Pull Resultados de testagem das vigilâncias - Got all the submission IDs
2026-02-18 10:00:23,124 [ForkJoinPool-5-worker-10] INFO  o.o.b.p.a.PullFromAggregateTracker - Pull Formulário da Vigilancia Hospitalar - Laboratório - Submission 2 of 18 downloaded
2026-02-18 10:00:23,127 [ForkJoinPool-5-worker-10] INFO  o.o.b.p.a.PullFromAggregateTracker - Pull Formulário da Vigilancia Hospitalar - Laboratório - Start downloading submission 3 of 18
2026-02-18 10:00:23,137 [ForkJoinPool-5-worker-3] INFO  o.o.b.p.a.PullFromAggregateTracker - Pull Formulário da Vigilancia Hospitalar - Start downloading submission 1 of 15
2026-02-18 10:00:23,342 [ForkJoinPool-5-worker-13] INFO  o.o.b.p.a.PullFromAggregateTracker - Pull VIGILÂNCIA  AMBIENTAL - Got all the submission IDs
2026-02-18 10:00:23,344 [ForkJoinPool-5-worker-15] INFO  o.o.b.p.a.PullFromAggregateTracker - Pull Formulário da Vigilancia Hospitalar - Got all the submission IDs
2026-02-18 10:00:23,345 [ForkJoinPool-5-worker-8] INFO  o.o.b.p.a.PullFromAggregateTracker - Pull VIGILÂNCIA  AMBIENTAL - Got all the submission IDs
2026-02-18 10:00:23,345 [ForkJoinPool-5-worker-11] INFO  o.o.b.p.a.PullFromAggregateTracker - Pull Formulário da Vigilancia Hospitalar - Got the form manifest
2026-02-18 10:00:23,346 [ForkJoinPool-5-worker-11] INFO  o.o.b.p.a.PullFromAggregateTracker - Pull Formulário da Vigilancia Hospitalar - Skipping 1 form attachments that have been already downloaded
2026-02-18 10:00:23,347 [ForkJoinPool-5-worker-11] INFO  o.o.b.p.a.PullFromAggregateTracker - Pull Formulário da Vigilancia Hospitalar - Start getting submission IDs
2026-02-18 10:00:23,357 [ForkJoinPool-5-worker-13] INFO  o.o.b.p.a.PullFromAggregateTracker - Push VIGILÂNCIA  AMBIENTAL - There are no submissions to download
2026-02-18 10:00:23,358 [ForkJoinPool-5-worker-8] INFO  o.o.b.p.a.PullFromAggregateTracker - Push VIGILÂNCIA  AMBIENTAL - There are no submissions to download
2026-02-18 10:00:23,361 [ForkJoinPool-5-worker-13] INFO  o.o.b.p.a.PullFromAggregateTracker - Pull VIGILÂNCIA  AMBIENTAL - Success
2026-02-18 10:00:23,361 [ForkJoinPool-5-worker-8] INFO  o.o.b.p.a.PullFromAggregateTracker - Pull VIGILÂNCIA  AMBIENTAL - Success
2026-02-18 10:00:23,364 [ForkJoinPool-5-worker-6] INFO  o.o.b.p.a.PullFromAggregateTracker - Pull Resultados de testagem das vigilâncias - Start downloading submission 1 of 18
2026-02-18 10:00:23,365 [ForkJoinPool-5-worker-8] INFO  o.o.b.p.a.PullFromAggregateTracker - Pull Formulário da Vigilancia Hospitalar - Start pulling form and submissions
2026-02-18 10:00:23,365 [ForkJoinPool-5-worker-8] INFO  o.o.b.p.a.PullFromAggregateTracker - Pull Formulário da Vigilancia Hospitalar - Start downloading form
2026-02-18 10:00:23,366 [ForkJoinPool-5-worker-13] INFO  o.o.b.p.a.PullFromAggregateTracker - Pull Formulário da Vigilancia Comunitaria - Start downloading submission 2 of 3
2026-02-18 10:00:23,369 [ForkJoinPool-5-worker-1] INFO  o.o.b.p.a.PullFromAggregateTracker - Pull Formulário da Vigilancia Comunitaria - Submission 1 of 3 downloaded
2026-02-18 10:00:23,375 [ForkJoinPool-5-worker-1] INFO  o.o.b.p.a.PullFromAggregateTracker - Pull Formulário da Vigilancia Comunitaria - Start downloading submission 3 of 3
2026-02-18 10:00:23,402 [ForkJoinPool-5-worker-2] INFO  o.o.b.p.a.PullFromAggregateTracker - Pull Formulário da Vigilancia Hospitalar - Laboratório - Submission 1 of 25 downloaded
2026-02-18 10:00:23,404 [ForkJoinPool-5-worker-2] INFO  o.o.b.p.a.PullFromAggregateTracker - Pull Formulário da Vigilancia Hospitalar - Laboratório - Start downloading submission 2 of 25
2026-02-18 10:00:23,420 [AWT-EventQueue-0] INFO  XFormParser - Creating FormDef from parsed XML finished in 419.650 ms
2026-02-18 10:00:23,429 [AWT-EventQueue-0] INFO  XFormParser - Reading XML and parsing with kXML2 finished in 4.416 ms
2026-02-18 10:00:23,432 [AWT-EventQueue-0] INFO  XFormParser - Consolidating text finished in 1.727 ms
2026-02-18 10:00:23,433 [AWT-EventQueue-0] INFO  XFormParser - Parsing form...
2026-02-18 10:00:23,433 [AWT-EventQueue-0] INFO  XFormParser - Title: "VIGILÂNCIA  AMBIENTAL"
2026-02-18 10:00:23,433 [AWT-EventQueue-0] WARN  XFormParser - XForm Parse Warning: Warning: 1 Unrecognized attributes found in Element [model] and will be ignored: [xforms-version] 
    Problem found at nodeset: /html/head/model
    With element <model xforms-version="1.0.0"><instance><data id="VIGILÂNCIA  AMBIENTAL_v3" version="3" prefix="VIGILÂNCIA  AMBIENTAL_v3" delimiter="$">...

2026-02-18 10:00:23,451 [ForkJoinPool-5-worker-15] INFO  o.o.b.p.a.PullFromAggregateTracker - Push Formulário da Vigilancia Hospitalar - There are no submissions to download
2026-02-18 10:00:23,451 [AWT-EventQueue-0] INFO  XFormParser - Creating FormDef from parsed XML finished in 19.712 ms
2026-02-18 10:00:23,454 [ForkJoinPool-5-worker-15] INFO  o.o.b.p.a.PullFromAggregateTracker - Pull Formulário da Vigilancia Hospitalar - Success
2026-02-18 10:00:23,456 [ForkJoinPool-5-worker-15] INFO  o.o.b.p.a.PullFromAggregateTracker - Pull Resultados de testagem das vigilâncias - Start downloading submission 2 of 18
2026-02-18 10:00:23,554 [ForkJoinPool-5-worker-10] INFO  o.o.b.p.a.PullFromAggregateTracker - Pull Formulário da Vigilancia Hospitalar - Laboratório - Submission 3 of 18 downloaded
2026-02-18 10:00:23,555 [ForkJoinPool-5-worker-10] INFO  o.o.b.p.a.PullFromAggregateTracker - Pull Formulário da Vigilancia Hospitalar - Laboratório - Start downloading submission 4 of 18
2026-02-18 10:00:23,597 [AWT-EventQueue-0] INFO  XFormParser - Reading XML and parsing with kXML2 finished in 13.026 ms
2026-02-18 10:00:23,605 [AWT-EventQueue-0] INFO  XFormParser - Consolidating text finished in 8.466 ms
2026-02-18 10:00:23,605 [AWT-EventQueue-0] INFO  XFormParser - Parsing form...
2026-02-18 10:00:23,606 [AWT-EventQueue-0] INFO  XFormParser - Title: "Formulário da Vigilancia Hospitalar"
2026-02-18 10:00:23,606 [AWT-EventQueue-0] WARN  XFormParser - XForm Parse Warning: Warning: 1 Unrecognized attributes found in Element [model] and will be ignored: [xforms-version] 
    Problem found at nodeset: /html/head/model
    With element <model xforms-version="1.0.0"><instance><data id="hospitalar_v1" version="1" prefix="Hospitalar" delimiter="$">...

2026-02-18 10:00:23,639 [ForkJoinPool-5-worker-11] INFO  o.o.b.p.a.PullFromAggregateTracker - Pull Formulário da Vigilancia Hospitalar - Got all the submission IDs
2026-02-18 10:00:23,649 [ForkJoinPool-5-worker-6] INFO  o.o.b.p.a.PullFromAggregateTracker - Pull Resultados de testagem das vigilâncias - Submission 1 of 18 downloaded
2026-02-18 10:00:23,653 [ForkJoinPool-5-worker-6] INFO  o.o.b.p.a.PullFromAggregateTracker - Pull Resultados de testagem das vigilâncias - Start downloading submission 3 of 18
2026-02-18 10:00:23,660 [ForkJoinPool-5-worker-13] INFO  o.o.b.p.a.PullFromAggregateTracker - Pull Formulário da Vigilancia Comunitaria - Submission 2 of 3 downloaded
2026-02-18 10:00:23,661 [ForkJoinPool-5-worker-13] INFO  o.o.b.p.a.PullFromAggregateTracker - Pull Resultados de testagem das vigilâncias - Start downloading submission 4 of 18
2026-02-18 10:00:23,682 [AWT-EventQueue-0] INFO  XFormParser - Creating FormDef from parsed XML finished in 75.924 ms
2026-02-18 10:00:23,714 [ForkJoinPool-5-worker-11] INFO  o.o.b.p.a.PullFromAggregateTracker - Push Formulário da Vigilancia Hospitalar - There are no submissions to download
2026-02-18 10:00:23,717 [ForkJoinPool-5-worker-11] INFO  o.o.b.p.a.PullFromAggregateTracker - Pull Formulário da Vigilancia Hospitalar - Success
2026-02-18 10:00:23,720 [ForkJoinPool-5-worker-3] INFO  o.o.b.p.a.PullFromAggregateTracker - Pull Formulário da Vigilancia Hospitalar - Submission 1 of 15 downloaded
2026-02-18 10:00:23,722 [ForkJoinPool-5-worker-3] INFO  o.o.b.p.a.PullFromAggregateTracker - Pull Formulário da Vigilancia Hospitalar - Start downloading submission 2 of 15
2026-02-18 10:00:23,723 [ForkJoinPool-5-worker-11] INFO  o.o.b.p.a.PullFromAggregateTracker - Pull Resultados de testagem das vigilâncias - Start downloading submission 5 of 18
2026-02-18 10:00:23,766 [ForkJoinPool-5-worker-9] INFO  o.o.b.p.a.PullFromAggregateTracker - Pull Formulário da Vigilancia Comunitaria - Form downloaded
2026-02-18 10:00:23,767 [ForkJoinPool-5-worker-9] INFO  o.o.b.p.a.PullFromAggregateTracker - Pull Formulário da Vigilancia Comunitaria - Start getting submission IDs
2026-02-18 10:00:23,794 [ForkJoinPool-5-worker-1] INFO  o.o.b.p.a.PullFromAggregateTracker - Pull Formulário da Vigilancia Comunitaria - Submission 3 of 3 downloaded
2026-02-18 10:00:23,795 [ForkJoinPool-5-worker-1] INFO  o.o.b.p.a.PullFromAggregateTracker - Pull Formulário da Vigilancia Comunitaria - Success
2026-02-18 10:00:23,798 [ForkJoinPool-5-worker-1] INFO  o.o.b.p.a.PullFromAggregateTracker - Pull Formulário da Vigilancia Hospitalar - Laboratório - Start downloading submission 3 of 25
2026-02-18 10:00:23,823 [AWT-EventQueue-0] INFO  XFormParser - Reading XML and parsing with kXML2 finished in 34.294 ms
2026-02-18 10:00:23,832 [AWT-EventQueue-0] INFO  XFormParser - Consolidating text finished in 7.657 ms
2026-02-18 10:00:23,832 [AWT-EventQueue-0] INFO  XFormParser - Parsing form...
2026-02-18 10:00:23,832 [AWT-EventQueue-0] INFO  XFormParser - Title: "Formulário da Vigilancia Comunitaria"
2026-02-18 10:00:23,832 [AWT-EventQueue-0] WARN  XFormParser - XForm Parse Warning: Warning: 1 Unrecognized attributes found in Element [model] and will be ignored: [xforms-version] 
    Problem found at nodeset: /html/head/model
    With element <model xforms-version="1.0.0"><instance><data id="Comunidade_v3" version="1" prefix="Comunidade_v3" delimiter="$">...

2026-02-18 10:00:23,864 [ForkJoinPool-5-worker-2] INFO  o.o.b.p.a.PullFromAggregateTracker - Pull Formulário da Vigilancia Hospitalar - Laboratório - Submission 2 of 25 downloaded
2026-02-18 10:00:23,865 [ForkJoinPool-5-worker-2] INFO  o.o.b.p.a.PullFromAggregateTracker - Pull Formulário da Vigilancia Hospitalar - Laboratório - Start downloading submission 4 of 25
2026-02-18 10:00:23,884 [ForkJoinPool-5-worker-10] INFO  o.o.b.p.a.PullFromAggregateTracker - Pull Formulário da Vigilancia Hospitalar - Laboratório - Submission 4 of 18 downloaded
2026-02-18 10:00:23,885 [AWT-EventQueue-0] INFO  XFormParser - Creating FormDef from parsed XML finished in 52.545 ms
2026-02-18 10:00:23,885 [ForkJoinPool-5-worker-10] INFO  o.o.b.p.a.PullFromAggregateTracker - Pull Formulário da Vigilancia Hospitalar - Laboratório - Start downloading submission 5 of 18
2026-02-18 10:00:23,905 [ForkJoinPool-5-worker-15] INFO  o.o.b.p.a.PullFromAggregateTracker - Pull Resultados de testagem das vigilâncias - Submission 2 of 18 downloaded
2026-02-18 10:00:23,906 [ForkJoinPool-5-worker-15] INFO  o.o.b.p.a.PullFromAggregateTracker - Pull Resultados de testagem das vigilâncias - Start downloading submission 6 of 18
2026-02-18 10:00:23,943 [ForkJoinPool-5-worker-6] INFO  o.o.b.p.a.PullFromAggregateTracker - Pull Resultados de testagem das vigilâncias - Submission 3 of 18 downloaded
2026-02-18 10:00:23,944 [ForkJoinPool-5-worker-6] INFO  o.o.b.p.a.PullFromAggregateTracker - Pull Resultados de testagem das vigilâncias - Start downloading submission 7 of 18
2026-02-18 10:00:23,985 [ForkJoinPool-5-worker-13] INFO  o.o.b.p.a.PullFromAggregateTracker - Pull Resultados de testagem das vigilâncias - Submission 4 of 18 downloaded
2026-02-18 10:00:23,985 [ForkJoinPool-5-worker-13] INFO  o.o.b.p.a.PullFromAggregateTracker - Pull Resultados de testagem das vigilâncias - Start downloading submission 8 of 18
2026-02-18 10:00:24,046 [ForkJoinPool-5-worker-11] INFO  o.o.b.p.a.PullFromAggregateTracker - Pull Resultados de testagem das vigilâncias - Submission 5 of 18 downloaded
2026-02-18 10:00:24,047 [ForkJoinPool-5-worker-11] INFO  o.o.b.p.a.PullFromAggregateTracker - Pull Formulário da Vigilancia Hospitalar - Laboratório - Start downloading submission 5 of 25
2026-02-18 10:00:24,120 [ForkJoinPool-5-worker-3] INFO  o.o.b.p.a.PullFromAggregateTracker - Pull Formulário da Vigilancia Hospitalar - Submission 2 of 15 downloaded
2026-02-18 10:00:24,121 [ForkJoinPool-5-worker-3] INFO  o.o.b.p.a.PullFromAggregateTracker - Pull Formulário da Vigilancia Hospitalar - Start downloading submission 3 of 15
2026-02-18 10:00:24,134 [ForkJoinPool-5-worker-9] INFO  o.o.b.p.a.PullFromAggregateTracker - Pull Formulário da Vigilancia Comunitaria - Got all the submission IDs
2026-02-18 10:00:24,147 [ForkJoinPool-5-worker-1] INFO  o.o.b.p.a.PullFromAggregateTracker - Pull Formulário da Vigilancia Hospitalar - Laboratório - Submission 3 of 25 downloaded
2026-02-18 10:00:24,148 [ForkJoinPool-5-worker-1] INFO  o.o.b.p.a.PullFromAggregateTracker - Pull Formulário da Vigilancia Hospitalar - Laboratório - Start downloading submission 6 of 25
2026-02-18 10:00:24,195 [ForkJoinPool-5-worker-2] INFO  o.o.b.p.a.PullFromAggregateTracker - Pull Formulário da Vigilancia Hospitalar - Laboratório - Submission 4 of 25 downloaded
2026-02-18 10:00:24,199 [ForkJoinPool-5-worker-2] INFO  o.o.b.p.a.PullFromAggregateTracker - Pull Formulário da Vigilancia Hospitalar - Laboratório - Start downloading submission 7 of 25
2026-02-18 10:00:24,210 [ForkJoinPool-5-worker-4] INFO  o.o.b.p.a.PullFromAggregateTracker - Pull Formulário da Vigilancia Comunitaria - Form downloaded
2026-02-18 10:00:24,210 [ForkJoinPool-5-worker-4] INFO  o.o.b.p.a.PullFromAggregateTracker - Pull Formulário da Vigilancia Comunitaria - Start getting form manifest
2026-02-18 10:00:24,214 [ForkJoinPool-5-worker-9] INFO  o.o.b.p.a.PullFromAggregateTracker - Push Formulário da Vigilancia Comunitaria - There are no submissions to download
2026-02-18 10:00:24,215 [ForkJoinPool-5-worker-10] INFO  o.o.b.p.a.PullFromAggregateTracker - Pull Formulário da Vigilancia Hospitalar - Laboratório - Submission 5 of 18 downloaded
2026-02-18 10:00:24,215 [ForkJoinPool-5-worker-10] INFO  o.o.b.p.a.PullFromAggregateTracker - Pull Formulário da Vigilancia Hospitalar - Laboratório - Start downloading submission 6 of 18
2026-02-18 10:00:24,220 [ForkJoinPool-5-worker-9] INFO  o.o.b.p.a.PullFromAggregateTracker - Pull Formulário da Vigilancia Comunitaria - Success
2026-02-18 10:00:24,222 [ForkJoinPool-5-worker-9] INFO  o.o.b.p.a.PullFromAggregateTracker - Pull Resultados de testagem das vigilâncias - Start downloading submission 9 of 18
2026-02-18 10:00:24,258 [AWT-EventQueue-0] INFO  XFormParser - Reading XML and parsing with kXML2 finished in 33.708 ms
2026-02-18 10:00:24,266 [ForkJoinPool-5-worker-8] INFO  o.o.b.p.a.PullFromAggregateTracker - Pull Formulário da Vigilancia Hospitalar - Form downloaded
2026-02-18 10:00:24,267 [ForkJoinPool-5-worker-8] INFO  o.o.b.p.a.PullFromAggregateTracker - Pull Formulário da Vigilancia Hospitalar - Start getting submission IDs
2026-02-18 10:00:24,270 [AWT-EventQueue-0] INFO  XFormParser - Consolidating text finished in 10.795 ms
2026-02-18 10:00:24,270 [AWT-EventQueue-0] INFO  XFormParser - Parsing form...
2026-02-18 10:00:24,270 [AWT-EventQueue-0] INFO  XFormParser - Title: "Formulário da Vigilancia Comunitaria"
2026-02-18 10:00:24,270 [AWT-EventQueue-0] WARN  XFormParser - XForm Parse Warning: Warning: 1 Unrecognized attributes found in Element [model] and will be ignored: [xforms-version] 
    Problem found at nodeset: /html/head/model
    With element <model xforms-version="1.0.0"><instance><data id="Comunidade" version="1" prefix="Comunidade" delimiter="$">...

2026-02-18 10:00:24,301 [AWT-EventQueue-0] INFO  XFormParser - Creating FormDef from parsed XML finished in 30.288 ms
2026-02-18 10:00:24,332 [AWT-EventQueue-0] INFO  XFormParser - Reading XML and parsing with kXML2 finished in 17.389 ms
2026-02-18 10:00:24,337 [ForkJoinPool-5-worker-15] INFO  o.o.b.p.a.PullFromAggregateTracker - Pull Resultados de testagem das vigilâncias - Submission 6 of 18 downloaded
2026-02-18 10:00:24,338 [ForkJoinPool-5-worker-15] INFO  o.o.b.p.a.PullFromAggregateTracker - Pull Resultados de testagem das vigilâncias - Start downloading submission 10 of 18
2026-02-18 10:00:24,338 [AWT-EventQueue-0] INFO  XFormParser - Consolidating text finished in 6.108 ms
2026-02-18 10:00:24,338 [AWT-EventQueue-0] INFO  XFormParser - Parsing form...
2026-02-18 10:00:24,339 [AWT-EventQueue-0] INFO  XFormParser - Title: "Formulário da Vigilancia Hospitalar"
2026-02-18 10:00:24,339 [AWT-EventQueue-0] WARN  XFormParser - XForm Parse Warning: Warning: 1 Unrecognized attributes found in Element [model] and will be ignored: [xforms-version] 
    Problem found at nodeset: /html/head/model
    With element <model xforms-version="1.0.0"><instance><data id="hospitalar_v4" version="1" prefix="hospitalar_v4" delimiter="$">...

2026-02-18 10:00:24,459 [ForkJoinPool-5-worker-1] INFO  o.o.b.p.a.PullFromAggregateTracker - Pull Formulário da Vigilancia Hospitalar - Laboratório - Submission 6 of 25 downloaded
2026-02-18 10:00:24,459 [ForkJoinPool-5-worker-3] INFO  o.o.b.p.a.PullFromAggregateTracker - Pull Formulário da Vigilancia Hospitalar - Submission 3 of 15 downloaded
2026-02-18 10:00:24,459 [ForkJoinPool-5-worker-11] INFO  o.o.b.p.a.PullFromAggregateTracker - Pull Formulário da Vigilancia Hospitalar - Laboratório - Submission 5 of 25 downloaded
2026-02-18 10:00:24,460 [ForkJoinPool-5-worker-2] INFO  o.o.b.p.a.PullFromAggregateTracker - Pull Formulário da Vigilancia Hospitalar - Laboratório - Submission 7 of 25 downloaded
2026-02-18 10:00:24,460 [ForkJoinPool-5-worker-4] INFO  o.o.b.p.a.PullFromAggregateTracker - Pull Formulário da Vigilancia Comunitaria - Got the form manifest
2026-02-18 10:00:24,463 [ForkJoinPool-5-worker-4] INFO  o.o.b.p.a.PullFromAggregateTracker - Pull Formulário da Vigilancia Comunitaria - Skipping 1 form attachments that have been already downloaded
2026-02-18 10:00:24,463 [ForkJoinPool-5-worker-11] INFO  o.o.b.p.a.PullFromAggregateTracker - Pull Formulário da Vigilancia Hospitalar - Laboratório - Start downloading submission 8 of 25
2026-02-18 10:00:24,463 [ForkJoinPool-5-worker-2] INFO  o.o.b.p.a.PullFromAggregateTracker - Pull Formulário da Vigilancia Hospitalar - Laboratório - Start downloading submission 9 of 25
2026-02-18 10:00:24,464 [ForkJoinPool-5-worker-4] INFO  o.o.b.p.a.PullFromAggregateTracker - Pull Formulário da Vigilancia Comunitaria - Start getting submission IDs
2026-02-18 10:00:24,464 [ForkJoinPool-5-worker-13] INFO  o.o.b.p.a.PullFromAggregateTracker - Pull Resultados de testagem das vigilâncias - Submission 8 of 18 downloaded
2026-02-18 10:00:24,464 [ForkJoinPool-5-worker-6] INFO  o.o.b.p.a.PullFromAggregateTracker - Pull Resultados de testagem das vigilâncias - Submission 7 of 18 downloaded
2026-02-18 10:00:24,465 [ForkJoinPool-5-worker-3] INFO  o.o.b.p.a.PullFromAggregateTracker - Pull Formulário da Vigilancia Hospitalar - Start downloading submission 4 of 15
2026-02-18 10:00:24,465 [ForkJoinPool-5-worker-1] INFO  o.o.b.p.a.PullFromAggregateTracker - Pull Formulário da Vigilancia Hospitalar - Laboratório - Start downloading submission 10 of 25
2026-02-18 10:00:24,469 [ForkJoinPool-5-worker-6] INFO  o.o.b.p.a.PullFromAggregateTracker - Pull Resultados de testagem das vigilâncias - Start downloading submission 11 of 18
2026-02-18 10:00:24,469 [ForkJoinPool-5-worker-13] INFO  o.o.b.p.a.PullFromAggregateTracker - Pull Resultados de testagem das vigilâncias - Start downloading submission 12 of 18
2026-02-18 10:00:24,503 [AWT-EventQueue-0] INFO  XFormParser - Creating FormDef from parsed XML finished in 164.462 ms
2026-02-18 10:00:24,546 [ForkJoinPool-5-worker-10] INFO  o.o.b.p.a.PullFromAggregateTracker - Pull Formulário da Vigilancia Hospitalar - Laboratório - Submission 6 of 18 downloaded
2026-02-18 10:00:24,547 [ForkJoinPool-5-worker-10] INFO  o.o.b.p.a.PullFromAggregateTracker - Pull Formulário da Vigilancia Hospitalar - Laboratório - Start downloading submission 7 of 18
2026-02-18 10:00:24,575 [AWT-EventQueue-0] INFO  XFormParser - Reading XML and parsing with kXML2 finished in 13.101 ms
2026-02-18 10:00:24,581 [AWT-EventQueue-0] INFO  XFormParser - Consolidating text finished in 5.715 ms
2026-02-18 10:00:24,582 [AWT-EventQueue-0] INFO  XFormParser - Parsing form...
2026-02-18 10:00:24,582 [AWT-EventQueue-0] INFO  XFormParser - Title: "Formulário da Vigilancia Comunitaria"
2026-02-18 10:00:24,582 [AWT-EventQueue-0] WARN  XFormParser - XForm Parse Warning: Warning: 1 Unrecognized attributes found in Element [model] and will be ignored: [xforms-version] 
    Problem found at nodeset: /html/head/model
    With element <model xforms-version="1.0.0"><instance><data id="Comunidade" version="1" prefix="Comunidade" delimiter="$">...

2026-02-18 10:00:24,622 [AWT-EventQueue-0] INFO  XFormParser - Creating FormDef from parsed XML finished in 41.494 ms
2026-02-18 10:00:24,690 [ForkJoinPool-5-worker-9] INFO  o.o.b.p.a.PullFromAggregateTracker - Pull Resultados de testagem das vigilâncias - Submission 9 of 18 downloaded
2026-02-18 10:00:24,691 [ForkJoinPool-5-worker-9] INFO  o.o.b.p.a.PullFromAggregateTracker - Pull Resultados de testagem das vigilâncias - Start downloading submission 13 of 18
2026-02-18 10:00:24,704 [ForkJoinPool-5-worker-8] INFO  o.o.b.p.a.PullFromAggregateTracker - Pull Formulário da Vigilancia Hospitalar - Got all the submission IDs
2026-02-18 10:00:24,709 [ForkJoinPool-5-worker-15] INFO  o.o.b.p.a.PullFromAggregateTracker - Pull Resultados de testagem das vigilâncias - Submission 10 of 18 downloaded
2026-02-18 10:00:24,711 [ForkJoinPool-5-worker-15] INFO  o.o.b.p.a.PullFromAggregateTracker - Pull Resultados de testagem das vigilâncias - Start downloading submission 14 of 18
2026-02-18 10:00:24,711 [ForkJoinPool-5-worker-2] INFO  o.o.b.p.a.PullFromAggregateTracker - Pull Formulário da Vigilancia Hospitalar - Laboratório - Submission 9 of 25 downloaded
2026-02-18 10:00:24,712 [ForkJoinPool-5-worker-11] INFO  o.o.b.p.a.PullFromAggregateTracker - Pull Formulário da Vigilancia Hospitalar - Laboratório - Submission 8 of 25 downloaded
2026-02-18 10:00:24,712 [ForkJoinPool-5-worker-1] INFO  o.o.b.p.a.PullFromAggregateTracker - Pull Formulário da Vigilancia Hospitalar - Laboratório - Submission 10 of 25 downloaded
2026-02-18 10:00:24,712 [ForkJoinPool-5-worker-2] INFO  o.o.b.p.a.PullFromAggregateTracker - Pull Formulário da Vigilancia Hospitalar - Laboratório - Start downloading submission 11 of 25
2026-02-18 10:00:24,713 [ForkJoinPool-5-worker-1] INFO  o.o.b.p.a.PullFromAggregateTracker - Pull Formulário da Vigilancia Hospitalar - Laboratório - Start downloading submission 12 of 25
2026-02-18 10:00:24,713 [ForkJoinPool-5-worker-11] INFO  o.o.b.p.a.PullFromAggregateTracker - Pull Formulário da Vigilancia Hospitalar - Laboratório - Start downloading submission 13 of 25
2026-02-18 10:00:24,768 [ForkJoinPool-5-worker-3] INFO  o.o.b.p.a.PullFromAggregateTracker - Pull Formulário da Vigilancia Hospitalar - Submission 4 of 15 downloaded
2026-02-18 10:00:24,768 [ForkJoinPool-5-worker-8] INFO  o.o.b.p.a.PullFromAggregateTracker - Push Formulário da Vigilancia Hospitalar - There are no submissions to download
2026-02-18 10:00:24,769 [ForkJoinPool-5-worker-3] INFO  o.o.b.p.a.PullFromAggregateTracker - Pull Formulário da Vigilancia Hospitalar - Start downloading submission 5 of 15
2026-02-18 10:00:24,769 [ForkJoinPool-5-worker-8] INFO  o.o.b.p.a.PullFromAggregateTracker - Pull Formulário da Vigilancia Hospitalar - Success
2026-02-18 10:00:24,772 [ForkJoinPool-5-worker-8] INFO  o.o.b.p.a.PullFromAggregateTracker - Pull Formulário da Vigilancia Hospitalar - Start downloading submission 6 of 15
2026-02-18 10:00:24,923 [ForkJoinPool-5-worker-6] INFO  o.o.b.p.a.PullFromAggregateTracker - Pull Resultados de testagem das vigilâncias - Submission 11 of 18 downloaded
2026-02-18 10:00:24,925 [ForkJoinPool-5-worker-6] INFO  o.o.b.p.a.PullFromAggregateTracker - Pull Resultados de testagem das vigilâncias - Start downloading submission 15 of 18
2026-02-18 10:00:24,927 [ForkJoinPool-5-worker-10] INFO  o.o.b.p.a.PullFromAggregateTracker - Pull Formulário da Vigilancia Hospitalar - Laboratório - Submission 7 of 18 downloaded
2026-02-18 10:00:24,931 [ForkJoinPool-5-worker-10] INFO  o.o.b.p.a.PullFromAggregateTracker - Pull Formulário da Vigilancia Hospitalar - Laboratório - Start downloading submission 8 of 18
2026-02-18 10:00:24,931 [ForkJoinPool-5-worker-2] INFO  o.o.b.p.a.PullFromAggregateTracker - Pull Formulário da Vigilancia Hospitalar - Laboratório - Submission 11 of 25 downloaded
2026-02-18 10:00:24,933 [ForkJoinPool-5-worker-13] INFO  o.o.b.p.a.PullFromAggregateTracker - Pull Resultados de testagem das vigilâncias - Submission 12 of 18 downloaded
2026-02-18 10:00:24,935 [ForkJoinPool-5-worker-13] INFO  o.o.b.p.a.PullFromAggregateTracker - Pull Resultados de testagem das vigilâncias - Start downloading submission 16 of 18
2026-02-18 10:00:24,935 [ForkJoinPool-5-worker-2] INFO  o.o.b.p.a.PullFromAggregateTracker - Pull Formulário da Vigilancia Hospitalar - Laboratório - Start downloading submission 14 of 25
2026-02-18 10:00:24,937 [ForkJoinPool-5-worker-9] INFO  o.o.b.p.a.PullFromAggregateTracker - Pull Resultados de testagem das vigilâncias - Submission 13 of 18 downloaded
2026-02-18 10:00:24,937 [ForkJoinPool-5-worker-9] INFO  o.o.b.p.a.PullFromAggregateTracker - Pull Resultados de testagem das vigilâncias - Start downloading submission 17 of 18
2026-02-18 10:00:24,940 [ForkJoinPool-5-worker-15] INFO  o.o.b.p.a.PullFromAggregateTracker - Pull Resultados de testagem das vigilâncias - Submission 14 of 18 downloaded
2026-02-18 10:00:24,941 [ForkJoinPool-5-worker-15] INFO  o.o.b.p.a.PullFromAggregateTracker - Pull Resultados de testagem das vigilâncias - Start downloading submission 18 of 18
2026-02-18 10:00:24,978 [ForkJoinPool-5-worker-11] INFO  o.o.b.p.a.PullFromAggregateTracker - Pull Formulário da Vigilancia Hospitalar - Laboratório - Submission 13 of 25 downloaded
2026-02-18 10:00:24,978 [ForkJoinPool-5-worker-1] INFO  o.o.b.p.a.PullFromAggregateTracker - Pull Formulário da Vigilancia Hospitalar - Laboratório - Submission 12 of 25 downloaded
2026-02-18 10:00:24,979 [ForkJoinPool-5-worker-11] INFO  o.o.b.p.a.PullFromAggregateTracker - Pull Formulário da Vigilancia Hospitalar - Laboratório - Start downloading submission 15 of 25
2026-02-18 10:00:24,979 [ForkJoinPool-5-worker-1] INFO  o.o.b.p.a.PullFromAggregateTracker - Pull Formulário da Vigilancia Hospitalar - Laboratório - Start downloading submission 16 of 25
2026-02-18 10:00:25,139 [ForkJoinPool-5-worker-4] INFO  o.o.b.p.a.PullFromAggregateTracker - Pull Formulário da Vigilancia Comunitaria - Got all the submission IDs
2026-02-18 10:00:25,144 [ForkJoinPool-5-worker-10] INFO  o.o.b.p.a.PullFromAggregateTracker - Pull Formulário da Vigilancia Hospitalar - Laboratório - Submission 8 of 18 downloaded
2026-02-18 10:00:25,145 [ForkJoinPool-5-worker-3] INFO  o.o.b.p.a.PullFromAggregateTracker - Pull Formulário da Vigilancia Hospitalar - Submission 5 of 15 downloaded
2026-02-18 10:00:25,147 [ForkJoinPool-5-worker-3] INFO  o.o.b.p.a.PullFromAggregateTracker - Pull Formulário da Vigilancia Hospitalar - Start downloading submission 7 of 15
2026-02-18 10:00:25,150 [ForkJoinPool-5-worker-10] INFO  o.o.b.p.a.PullFromAggregateTracker - Pull Formulário da Vigilancia Hospitalar - Laboratório - Start downloading submission 9 of 18
2026-02-18 10:00:25,170 [ForkJoinPool-5-worker-6] INFO  o.o.b.p.a.PullFromAggregateTracker - Pull Resultados de testagem das vigilâncias - Submission 15 of 18 downloaded
2026-02-18 10:00:25,172 [ForkJoinPool-5-worker-8] INFO  o.o.b.p.a.PullFromAggregateTracker - Pull Formulário da Vigilancia Hospitalar - Submission 6 of 15 downloaded
2026-02-18 10:00:25,172 [ForkJoinPool-5-worker-8] INFO  o.o.b.p.a.PullFromAggregateTracker - Pull Formulário da Vigilancia Hospitalar - Start downloading submission 8 of 15
2026-02-18 10:00:25,192 [ForkJoinPool-5-worker-2] INFO  o.o.b.p.a.PullFromAggregateTracker - Pull Formulário da Vigilancia Hospitalar - Laboratório - Submission 14 of 25 downloaded
2026-02-18 10:00:25,193 [ForkJoinPool-5-worker-2] INFO  o.o.b.p.a.PullFromAggregateTracker - Pull Formulário da Vigilancia Hospitalar - Laboratório - Start downloading submission 17 of 25
2026-02-18 10:00:25,193 [ForkJoinPool-5-worker-13] INFO  o.o.b.p.a.PullFromAggregateTracker - Pull Resultados de testagem das vigilâncias - Submission 16 of 18 downloaded
2026-02-18 10:00:25,194 [ForkJoinPool-5-worker-13] INFO  o.o.b.p.a.PullFromAggregateTracker - Pull Formulário da Vigilancia Hospitalar - Laboratório - Start downloading submission 18 of 25
2026-02-18 10:00:25,209 [ForkJoinPool-5-worker-9] INFO  o.o.b.p.a.PullFromAggregateTracker - Pull Resultados de testagem das vigilâncias - Submission 17 of 18 downloaded
2026-02-18 10:00:25,213 [ForkJoinPool-5-worker-9] INFO  o.o.b.p.a.PullFromAggregateTracker - Pull Formulário da Vigilancia Hospitalar - Laboratório - Start downloading submission 10 of 18
2026-02-18 10:00:25,249 [ForkJoinPool-5-worker-4] INFO  o.o.b.p.a.PullFromAggregateTracker - Pull Formulário da Vigilancia Comunitaria - Start downloading submission 1 of 15
2026-02-18 10:00:25,360 [ForkJoinPool-5-worker-1] INFO  o.o.b.p.a.PullFromAggregateTracker - Pull Formulário da Vigilancia Hospitalar - Laboratório - Submission 16 of 25 downloaded
2026-02-18 10:00:25,360 [ForkJoinPool-5-worker-11] INFO  o.o.b.p.a.PullFromAggregateTracker - Pull Formulário da Vigilancia Hospitalar - Laboratório - Submission 15 of 25 downloaded
2026-02-18 10:00:25,365 [ForkJoinPool-5-worker-15] INFO  o.o.b.p.a.PullFromAggregateTracker - Pull Resultados de testagem das vigilâncias - Submission 18 of 18 downloaded
2026-02-18 10:00:25,366 [ForkJoinPool-5-worker-1] INFO  o.o.b.p.a.PullFromAggregateTracker - Pull Formulário da Vigilancia Hospitalar - Laboratório - Start downloading submission 19 of 25
2026-02-18 10:00:25,366 [ForkJoinPool-5-worker-11] INFO  o.o.b.p.a.PullFromAggregateTracker - Pull Formulário da Vigilancia Hospitalar - Laboratório - Start downloading submission 20 of 25
2026-02-18 10:00:25,366 [ForkJoinPool-5-worker-15] INFO  o.o.b.p.a.PullFromAggregateTracker - Pull Formulário da Vigilancia Hospitalar - Laboratório - Start downloading submission 21 of 25
2026-02-18 10:00:25,367 [ForkJoinPool-5-worker-6] INFO  o.o.b.p.a.PullFromAggregateTracker - Pull Resultados de testagem das vigilâncias - Success
2026-02-18 10:00:25,372 [ForkJoinPool-5-worker-6] INFO  o.o.b.p.a.PullFromAggregateTracker - Pull Formulário da Vigilancia Hospitalar - Laboratório - Start downloading submission 22 of 25
2026-02-18 10:00:25,378 [ForkJoinPool-5-worker-10] INFO  o.o.b.p.a.PullFromAggregateTracker - Pull Formulário da Vigilancia Hospitalar - Laboratório - Submission 9 of 18 downloaded
2026-02-18 10:00:25,380 [ForkJoinPool-5-worker-10] INFO  o.o.b.p.a.PullFromAggregateTracker - Pull Formulário da Vigilancia Hospitalar - Laboratório - Start downloading submission 11 of 18
2026-02-18 10:00:25,391 [ForkJoinPool-5-worker-3] INFO  o.o.b.p.a.PullFromAggregateTracker - Pull Formulário da Vigilancia Hospitalar - Submission 7 of 15 downloaded
2026-02-18 10:00:25,391 [ForkJoinPool-5-worker-3] INFO  o.o.b.p.a.PullFromAggregateTracker - Pull Formulário da Vigilancia Hospitalar - Start downloading submission 9 of 15
2026-02-18 10:00:25,410 [ForkJoinPool-5-worker-8] INFO  o.o.b.p.a.PullFromAggregateTracker - Pull Formulário da Vigilancia Hospitalar - Submission 8 of 15 downloaded
2026-02-18 10:00:25,410 [ForkJoinPool-5-worker-8] INFO  o.o.b.p.a.PullFromAggregateTracker - Pull Formulário da Vigilancia Hospitalar - Start downloading submission 10 of 15
2026-02-18 10:00:25,419 [ForkJoinPool-5-worker-2] INFO  o.o.b.p.a.PullFromAggregateTracker - Pull Formulário da Vigilancia Hospitalar - Laboratório - Submission 17 of 25 downloaded
2026-02-18 10:00:25,419 [ForkJoinPool-5-worker-2] INFO  o.o.b.p.a.PullFromAggregateTracker - Pull Formulário da Vigilancia Hospitalar - Laboratório - Start downloading submission 23 of 25
2026-02-18 10:00:25,428 [ForkJoinPool-5-worker-13] INFO  o.o.b.p.a.PullFromAggregateTracker - Pull Formulário da Vigilancia Hospitalar - Laboratório - Submission 18 of 25 downloaded
2026-02-18 10:00:25,428 [ForkJoinPool-5-worker-13] INFO  o.o.b.p.a.PullFromAggregateTracker - Pull Formulário da Vigilancia Hospitalar - Laboratório - Start downloading submission 24 of 25
2026-02-18 10:00:25,579 [ForkJoinPool-5-worker-9] INFO  o.o.b.p.a.PullFromAggregateTracker - Pull Formulário da Vigilancia Hospitalar - Laboratório - Submission 10 of 18 downloaded
2026-02-18 10:00:25,580 [ForkJoinPool-5-worker-9] INFO  o.o.b.p.a.PullFromAggregateTracker - Pull Formulário da Vigilancia Hospitalar - Laboratório - Start downloading submission 12 of 18
2026-02-18 10:00:25,583 [ForkJoinPool-5-worker-15] INFO  o.o.b.p.a.PullFromAggregateTracker - Pull Formulário da Vigilancia Hospitalar - Laboratório - Submission 21 of 25 downloaded
2026-02-18 10:00:25,584 [ForkJoinPool-5-worker-15] INFO  o.o.b.p.a.PullFromAggregateTracker - Pull VIGILÂNCIA  AMBIENTAL - Start pulling form and submissions
2026-02-18 10:00:25,584 [ForkJoinPool-5-worker-15] INFO  o.o.b.p.a.PullFromAggregateTracker - Pull VIGILÂNCIA  AMBIENTAL - Start downloading form
2026-02-18 10:00:25,598 [ForkJoinPool-5-worker-1] INFO  o.o.b.p.a.PullFromAggregateTracker - Pull Formulário da Vigilancia Hospitalar - Laboratório - Submission 19 of 25 downloaded
2026-02-18 10:00:25,599 [ForkJoinPool-5-worker-1] INFO  o.o.b.p.a.PullFromAggregateTracker - Pull Formulário da Vigilancia Comunitaria - Start pulling form and submissions
2026-02-18 10:00:25,600 [ForkJoinPool-5-worker-1] INFO  o.o.b.p.a.PullFromAggregateTracker - Pull Formulário da Vigilancia Comunitaria - Start downloading form
2026-02-18 10:00:25,616 [ForkJoinPool-5-worker-11] INFO  o.o.b.p.a.PullFromAggregateTracker - Pull Formulário da Vigilancia Hospitalar - Laboratório - Submission 20 of 25 downloaded
2026-02-18 10:00:25,620 [ForkJoinPool-5-worker-11] INFO  o.o.b.p.a.PullFromAggregateTracker - Pull Formulário da Vigilancia Comunitaria - Start downloading submission 2 of 15
2026-02-18 10:00:25,628 [ForkJoinPool-5-worker-6] INFO  o.o.b.p.a.PullFromAggregateTracker - Pull Formulário da Vigilancia Hospitalar - Laboratório - Submission 22 of 25 downloaded
2026-02-18 10:00:25,629 [ForkJoinPool-5-worker-6] INFO  o.o.b.p.a.PullFromAggregateTracker - Pull Formulário da Vigilancia Comunitaria - Start downloading submission 3 of 15
2026-02-18 10:00:25,637 [ForkJoinPool-5-worker-10] INFO  o.o.b.p.a.PullFromAggregateTracker - Pull Formulário da Vigilancia Hospitalar - Laboratório - Submission 11 of 18 downloaded
2026-02-18 10:00:25,638 [ForkJoinPool-5-worker-10] INFO  o.o.b.p.a.PullFromAggregateTracker - Pull Formulário da Vigilancia Hospitalar - Laboratório - Start downloading submission 13 of 18
2026-02-18 10:00:25,668 [ForkJoinPool-5-worker-3] INFO  o.o.b.p.a.PullFromAggregateTracker - Pull Formulário da Vigilancia Hospitalar - Submission 9 of 15 downloaded
2026-02-18 10:00:25,669 [ForkJoinPool-5-worker-4] INFO  o.o.b.p.a.PullFromAggregateTracker - Pull Formulário da Vigilancia Comunitaria - Submission 1 of 15 downloaded
2026-02-18 10:00:25,669 [ForkJoinPool-5-worker-3] INFO  o.o.b.p.a.PullFromAggregateTracker - Pull Formulário da Vigilancia Hospitalar - Start downloading submission 11 of 15
2026-02-18 10:00:25,671 [ForkJoinPool-5-worker-4] INFO  o.o.b.p.a.PullFromAggregateTracker - Pull Formulário da Vigilancia Comunitaria - Start downloading submission 4 of 15
2026-02-18 10:00:25,795 [ForkJoinPool-5-worker-2] INFO  o.o.b.p.a.PullFromAggregateTracker - Pull Formulário da Vigilancia Hospitalar - Laboratório - Submission 23 of 25 downloaded
2026-02-18 10:00:25,796 [ForkJoinPool-5-worker-2] INFO  o.o.b.p.a.PullFromAggregateTracker - Pull Formulário da Vigilancia Hospitalar - Laboratório - Start downloading submission 25 of 25
2026-02-18 10:00:25,797 [ForkJoinPool-5-worker-8] INFO  o.o.b.p.a.PullFromAggregateTracker - Pull Formulário da Vigilancia Hospitalar - Submission 10 of 15 downloaded
2026-02-18 10:00:25,798 [ForkJoinPool-5-worker-8] INFO  o.o.b.p.a.PullFromAggregateTracker - Pull Formulário da Vigilancia Hospitalar - Start downloading submission 12 of 15
2026-02-18 10:00:25,838 [ForkJoinPool-5-worker-9] INFO  o.o.b.p.a.PullFromAggregateTracker - Pull Formulário da Vigilancia Hospitalar - Laboratório - Submission 12 of 18 downloaded
2026-02-18 10:00:25,838 [ForkJoinPool-5-worker-13] INFO  o.o.b.p.a.PullFromAggregateTracker - Pull Formulário da Vigilancia Hospitalar - Laboratório - Submission 24 of 25 downloaded
2026-02-18 10:00:25,839 [ForkJoinPool-5-worker-13] INFO  o.o.b.p.a.PullFromAggregateTracker - Pull Formulário da Vigilancia Comunitaria - Start downloading submission 5 of 15
2026-02-18 10:00:25,839 [ForkJoinPool-5-worker-9] INFO  o.o.b.p.a.PullFromAggregateTracker - Pull Formulário da Vigilancia Hospitalar - Laboratório - Start downloading submission 14 of 18
2026-02-18 10:00:25,888 [ForkJoinPool-5-worker-15] INFO  o.o.b.p.a.PullFromAggregateTracker - Pull VIGILÂNCIA  AMBIENTAL - Form downloaded
2026-02-18 10:00:25,890 [ForkJoinPool-5-worker-15] INFO  o.o.b.p.a.PullFromAggregateTracker - Pull VIGILÂNCIA  AMBIENTAL - Start getting submission IDs
2026-02-18 10:00:25,902 [ForkJoinPool-5-worker-11] INFO  o.o.b.p.a.PullFromAggregateTracker - Pull Formulário da Vigilancia Comunitaria - Submission 2 of 15 downloaded
2026-02-18 10:00:25,902 [ForkJoinPool-5-worker-6] INFO  o.o.b.p.a.PullFromAggregateTracker - Pull Formulário da Vigilancia Comunitaria - Submission 3 of 15 downloaded
2026-02-18 10:00:25,903 [ForkJoinPool-5-worker-11] INFO  o.o.b.p.a.PullFromAggregateTracker - Pull Formulário da Vigilancia Comunitaria - Start downloading submission 6 of 15
2026-02-18 10:00:25,903 [ForkJoinPool-5-worker-6] INFO  o.o.b.p.a.PullFromAggregateTracker - Pull Formulário da Vigilancia Comunitaria - Start downloading submission 7 of 15
2026-02-18 10:00:26,118 [ForkJoinPool-5-worker-10] INFO  o.o.b.p.a.PullFromAggregateTracker - Pull Formulário da Vigilancia Hospitalar - Laboratório - Submission 13 of 18 downloaded
2026-02-18 10:00:26,120 [ForkJoinPool-5-worker-10] INFO  o.o.b.p.a.PullFromAggregateTracker - Pull Formulário da Vigilancia Hospitalar - Laboratório - Start downloading submission 15 of 18
2026-02-18 10:00:26,124 [ForkJoinPool-5-worker-2] INFO  o.o.b.p.a.PullFromAggregateTracker - Pull Formulário da Vigilancia Hospitalar - Laboratório - Submission 25 of 25 downloaded
2026-02-18 10:00:26,125 [ForkJoinPool-5-worker-2] INFO  o.o.b.p.a.PullFromAggregateTracker - Pull Formulário da Vigilancia Hospitalar - Laboratório - Success
2026-02-18 10:00:26,126 [ForkJoinPool-5-worker-4] INFO  o.o.b.p.a.PullFromAggregateTracker - Pull Formulário da Vigilancia Comunitaria - Submission 4 of 15 downloaded
2026-02-18 10:00:26,127 [ForkJoinPool-5-worker-2] INFO  o.o.b.p.a.PullFromAggregateTracker - Pull Formulário da Vigilancia Hospitalar - Laboratório - Start downloading submission 16 of 18
2026-02-18 10:00:26,127 [ForkJoinPool-5-worker-4] INFO  o.o.b.p.a.PullFromAggregateTracker - Pull Formulário da Vigilancia Comunitaria - Start downloading submission 8 of 15
2026-02-18 10:00:26,134 [ForkJoinPool-5-worker-3] INFO  o.o.b.p.a.PullFromAggregateTracker - Pull Formulário da Vigilancia Hospitalar - Submission 11 of 15 downloaded
2026-02-18 10:00:26,134 [ForkJoinPool-5-worker-9] INFO  o.o.b.p.a.PullFromAggregateTracker - Pull Formulário da Vigilancia Hospitalar - Laboratório - Submission 14 of 18 downloaded
2026-02-18 10:00:26,134 [ForkJoinPool-5-worker-8] INFO  o.o.b.p.a.PullFromAggregateTracker - Pull Formulário da Vigilancia Hospitalar - Submission 12 of 15 downloaded
2026-02-18 10:00:26,134 [ForkJoinPool-5-worker-3] INFO  o.o.b.p.a.PullFromAggregateTracker - Pull Formulário da Vigilancia Hospitalar - Start downloading submission 13 of 15
2026-02-18 10:00:26,134 [ForkJoinPool-5-worker-9] INFO  o.o.b.p.a.PullFromAggregateTracker - Pull Formulário da Vigilancia Hospitalar - Laboratório - Start downloading submission 17 of 18
2026-02-18 10:00:26,135 [ForkJoinPool-5-worker-8] INFO  o.o.b.p.a.PullFromAggregateTracker - Pull Formulário da Vigilancia Hospitalar - Start downloading submission 14 of 15
2026-02-18 10:00:26,153 [ForkJoinPool-5-worker-13] INFO  o.o.b.p.a.PullFromAggregateTracker - Pull Formulário da Vigilancia Comunitaria - Submission 5 of 15 downloaded
2026-02-18 10:00:26,154 [ForkJoinPool-5-worker-13] INFO  o.o.b.p.a.PullFromAggregateTracker - Pull Formulário da Vigilancia Comunitaria - Start downloading submission 9 of 15
2026-02-18 10:00:26,172 [AWT-EventQueue-0] INFO  XFormParser - Reading XML and parsing with kXML2 finished in 1.489 ms
2026-02-18 10:00:26,174 [AWT-EventQueue-0] INFO  XFormParser - Consolidating text finished in 1.056 ms
2026-02-18 10:00:26,174 [AWT-EventQueue-0] INFO  XFormParser - Parsing form...
2026-02-18 10:00:26,174 [AWT-EventQueue-0] INFO  XFormParser - Title: "VIGILÂNCIA  AMBIENTAL"
2026-02-18 10:00:26,174 [AWT-EventQueue-0] WARN  XFormParser - XForm Parse Warning: Warning: 1 Unrecognized attributes found in Element [model] and will be ignored: [xforms-version] 
    Problem found at nodeset: /html/head/model
    With element <model xforms-version="1.0.0"><instance><data id="VIGILÂNCIA AMBIENTAL_v4" version="4" prefix="VIGILÂNCIA AMBIENTAL_v4" delimiter="$">...

2026-02-18 10:00:26,194 [AWT-EventQueue-0] INFO  XFormParser - Creating FormDef from parsed XML finished in 19.431 ms
2026-02-18 10:00:26,348 [ForkJoinPool-5-worker-10] INFO  o.o.b.p.a.PullFromAggregateTracker - Pull Formulário da Vigilancia Hospitalar - Laboratório - Submission 15 of 18 downloaded
2026-02-18 10:00:26,350 [ForkJoinPool-5-worker-10] INFO  o.o.b.p.a.PullFromAggregateTracker - Pull Formulário da Vigilancia Hospitalar - Laboratório - Start downloading submission 18 of 18
2026-02-18 10:00:26,357 [ForkJoinPool-5-worker-15] INFO  o.o.b.p.a.PullFromAggregateTracker - Pull VIGILÂNCIA  AMBIENTAL - Got all the submission IDs
2026-02-18 10:00:26,358 [ForkJoinPool-5-worker-6] INFO  o.o.b.p.a.PullFromAggregateTracker - Pull Formulário da Vigilancia Comunitaria - Submission 7 of 15 downloaded
2026-02-18 10:00:26,359 [ForkJoinPool-5-worker-11] INFO  o.o.b.p.a.PullFromAggregateTracker - Pull Formulário da Vigilancia Comunitaria - Submission 6 of 15 downloaded
2026-02-18 10:00:26,359 [ForkJoinPool-5-worker-2] INFO  o.o.b.p.a.PullFromAggregateTracker - Pull Formulário da Vigilancia Hospitalar - Laboratório - Submission 16 of 18 downloaded
2026-02-18 10:00:26,361 [ForkJoinPool-5-worker-6] INFO  o.o.b.p.a.PullFromAggregateTracker - Pull Formulário da Vigilancia Hospitalar - Start downloading submission 15 of 15
2026-02-18 10:00:26,361 [ForkJoinPool-5-worker-11] INFO  o.o.b.p.a.PullFromAggregateTracker - Pull Formulário da Vigilancia Comunitaria - Start downloading submission 10 of 15
2026-02-18 10:00:26,361 [ForkJoinPool-5-worker-2] INFO  o.o.b.p.a.PullFromAggregateTracker - Pull Formulário da Vigilancia Comunitaria - Start downloading submission 11 of 15
2026-02-18 10:00:26,366 [ForkJoinPool-5-worker-15] INFO  o.o.b.p.a.PullFromAggregateTracker - Push VIGILÂNCIA  AMBIENTAL - There are no submissions to download
2026-02-18 10:00:26,367 [ForkJoinPool-5-worker-15] INFO  o.o.b.p.a.PullFromAggregateTracker - Pull VIGILÂNCIA  AMBIENTAL - Success
2026-02-18 10:00:26,370 [ForkJoinPool-5-worker-15] INFO  o.o.b.p.a.PullFromAggregateTracker - Pull Formulário da Vigilancia Hospitalar - Start pulling form and submissions
2026-02-18 10:00:26,370 [ForkJoinPool-5-worker-15] INFO  o.o.b.p.a.PullFromAggregateTracker - Pull Formulário da Vigilancia Hospitalar - Start downloading form
2026-02-18 10:00:26,374 [ForkJoinPool-5-worker-4] INFO  o.o.b.p.a.PullFromAggregateTracker - Pull Formulário da Vigilancia Comunitaria - Submission 8 of 15 downloaded
2026-02-18 10:00:26,374 [ForkJoinPool-5-worker-4] INFO  o.o.b.p.a.PullFromAggregateTracker - Pull Formulário da Vigilancia Comunitaria - Start downloading submission 12 of 15
2026-02-18 10:00:26,384 [ForkJoinPool-5-worker-3] INFO  o.o.b.p.a.PullFromAggregateTracker - Pull Formulário da Vigilancia Hospitalar - Submission 13 of 15 downloaded
2026-02-18 10:00:26,565 [ForkJoinPool-5-worker-9] INFO  o.o.b.p.a.PullFromAggregateTracker - Pull Formulário da Vigilancia Hospitalar - Laboratório - Submission 17 of 18 downloaded
2026-02-18 10:00:26,567 [ForkJoinPool-5-worker-9] INFO  o.o.b.p.a.PullFromAggregateTracker - Pull Formulário da Vigilancia Comunitaria - Start downloading submission 13 of 15
2026-02-18 10:00:26,580 [ForkJoinPool-5-worker-10] INFO  o.o.b.p.a.PullFromAggregateTracker - Pull Formulário da Vigilancia Hospitalar - Laboratório - Submission 18 of 18 downloaded
2026-02-18 10:00:26,582 [ForkJoinPool-5-worker-10] INFO  o.o.b.p.a.PullFromAggregateTracker - Pull Formulário da Vigilancia Hospitalar - Laboratório - Success
2026-02-18 10:00:26,584 [ForkJoinPool-5-worker-10] INFO  o.o.b.p.a.PullFromAggregateTracker - Pull Formulário da Vigilancia Comunitaria - Start downloading submission 14 of 15
2026-02-18 10:00:26,586 [ForkJoinPool-5-worker-8] INFO  o.o.b.p.a.PullFromAggregateTracker - Pull Formulário da Vigilancia Hospitalar - Submission 14 of 15 downloaded
2026-02-18 10:00:26,586 [ForkJoinPool-5-worker-11] INFO  o.o.b.p.a.PullFromAggregateTracker - Pull Formulário da Vigilancia Comunitaria - Submission 10 of 15 downloaded
2026-02-18 10:00:26,587 [ForkJoinPool-5-worker-8] INFO  o.o.b.p.a.PullFromAggregateTracker - Pull Resultados de testagem das vigilâncias - Start pulling form and submissions
2026-02-18 10:00:26,588 [ForkJoinPool-5-worker-8] INFO  o.o.b.p.a.PullFromAggregateTracker - Pull Resultados de testagem das vigilâncias - Start downloading form
2026-02-18 10:00:26,588 [ForkJoinPool-5-worker-11] INFO  o.o.b.p.a.PullFromAggregateTracker - Pull Formulário da Vigilancia Comunitaria - Start downloading submission 15 of 15
2026-02-18 10:00:26,595 [ForkJoinPool-5-worker-13] INFO  o.o.b.p.a.PullFromAggregateTracker - Pull Formulário da Vigilancia Comunitaria - Submission 9 of 15 downloaded
2026-02-18 10:00:26,596 [ForkJoinPool-5-worker-13] INFO  o.o.b.p.a.PullFromAggregateTracker - Pull Formulário da Vigilancia Hospitalar - Start pulling form and submissions
2026-02-18 10:00:26,596 [ForkJoinPool-5-worker-13] INFO  o.o.b.p.a.PullFromAggregateTracker - Pull Formulário da Vigilancia Hospitalar - Start downloading form
2026-02-18 10:00:26,599 [ForkJoinPool-5-worker-2] INFO  o.o.b.p.a.PullFromAggregateTracker - Pull Formulário da Vigilancia Comunitaria - Submission 11 of 15 downloaded
2026-02-18 10:00:26,599 [ForkJoinPool-5-worker-2] INFO  o.o.b.p.a.PullFromAggregateTracker - Pull Formulário da Vigilancia Hospitalar - Laboratório - Start pulling form and submissions
2026-02-18 10:00:26,599 [ForkJoinPool-5-worker-2] INFO  o.o.b.p.a.PullFromAggregateTracker - Pull Formulário da Vigilancia Hospitalar - Laboratório - Start downloading form
2026-02-18 10:00:26,604 [ForkJoinPool-5-worker-6] INFO  o.o.b.p.a.PullFromAggregateTracker - Pull Formulário da Vigilancia Hospitalar - Submission 15 of 15 downloaded
2026-02-18 10:00:26,604 [ForkJoinPool-5-worker-6] INFO  o.o.b.p.a.PullFromAggregateTracker - Pull Formulário da Vigilancia Hospitalar - Laboratório - Start pulling form and submissions
2026-02-18 10:00:26,604 [ForkJoinPool-5-worker-6] INFO  o.o.b.p.a.PullFromAggregateTracker - Pull Formulário da Vigilancia Hospitalar - Laboratório - Start downloading form
2026-02-18 10:00:26,605 [ForkJoinPool-5-worker-3] INFO  o.o.b.p.a.PullFromAggregateTracker - Pull Formulário da Vigilancia Hospitalar - Success
2026-02-18 10:00:26,710 [ForkJoinPool-5-worker-1] INFO  o.o.b.p.a.PullFromAggregateTracker - Pull Formulário da Vigilancia Comunitaria - Form downloaded
2026-02-18 10:00:26,711 [ForkJoinPool-5-worker-1] INFO  o.o.b.p.a.PullFromAggregateTracker - Pull Formulário da Vigilancia Comunitaria - Start getting submission IDs
2026-02-18 10:00:26,829 [ForkJoinPool-5-worker-9] INFO  o.o.b.p.a.PullFromAggregateTracker - Pull Formulário da Vigilancia Comunitaria - Submission 13 of 15 downloaded
2026-02-18 10:00:26,830 [ForkJoinPool-5-worker-10] INFO  o.o.b.p.a.PullFromAggregateTracker - Pull Formulário da Vigilancia Comunitaria - Submission 14 of 15 downloaded
2026-02-18 10:00:26,831 [ForkJoinPool-5-worker-4] INFO  o.o.b.p.a.PullFromAggregateTracker - Pull Formulário da Vigilancia Comunitaria - Submission 12 of 15 downloaded
2026-02-18 10:00:26,841 [ForkJoinPool-5-worker-11] INFO  o.o.b.p.a.PullFromAggregateTracker - Pull Formulário da Vigilancia Comunitaria - Submission 15 of 15 downloaded
2026-02-18 10:00:26,843 [ForkJoinPool-5-worker-4] INFO  o.o.b.p.a.PullFromAggregateTracker - Pull Formulário da Vigilancia Comunitaria - Success
2026-02-18 10:00:26,890 [AWT-EventQueue-0] INFO  XFormParser - Reading XML and parsing with kXML2 finished in 15.824 ms
2026-02-18 10:00:26,898 [AWT-EventQueue-0] INFO  XFormParser - Consolidating text finished in 7.425 ms
2026-02-18 10:00:26,898 [AWT-EventQueue-0] INFO  XFormParser - Parsing form...
2026-02-18 10:00:26,898 [AWT-EventQueue-0] INFO  XFormParser - Title: "Formulário da Vigilancia Comunitaria"
2026-02-18 10:00:26,898 [AWT-EventQueue-0] WARN  XFormParser - XForm Parse Warning: Warning: 1 Unrecognized attributes found in Element [model] and will be ignored: [xforms-version] 
    Problem found at nodeset: /html/head/model
    With element <model xforms-version="1.0.0"><instance><data id="Comunidade_v4" version="1" prefix="Comunidade_v4" delimiter="$">...

2026-02-18 10:00:26,932 [ForkJoinPool-5-worker-2] INFO  o.o.b.p.a.PullFromAggregateTracker - Pull Formulário da Vigilancia Hospitalar - Laboratório - Form downloaded
2026-02-18 10:00:26,932 [ForkJoinPool-5-worker-2] INFO  o.o.b.p.a.PullFromAggregateTracker - Pull Formulário da Vigilancia Hospitalar - Laboratório - Start getting submission IDs
2026-02-18 10:00:26,966 [AWT-EventQueue-0] INFO  XFormParser - Creating FormDef from parsed XML finished in 67.231 ms
2026-02-18 10:00:26,980 [AWT-EventQueue-0] INFO  XFormParser - Reading XML and parsing with kXML2 finished in 2.537 ms
2026-02-18 10:00:26,980 [AWT-EventQueue-0] INFO  XFormParser - Consolidating text finished in 0.130 ms
2026-02-18 10:00:26,980 [AWT-EventQueue-0] INFO  XFormParser - Parsing form...
2026-02-18 10:00:26,980 [AWT-EventQueue-0] INFO  XFormParser - Title: "Formulário da Vigilancia Hospitalar - Laboratório"
2026-02-18 10:00:26,980 [AWT-EventQueue-0] WARN  XFormParser - XForm Parse Warning: Warning: 1 Unrecognized attributes found in Element [model] and will be ignored: [xforms-version] 
    Problem found at nodeset: /html/head/model
    With element <model xforms-version="1.0.0"><instance><data id="hospitalar_ib_v2" version="1" prefix="hospitalar_ib_v2" delimiter="$">...

2026-02-18 10:00:26,986 [AWT-EventQueue-0] INFO  XFormParser - Creating FormDef from parsed XML finished in 4.824 ms
2026-02-18 10:00:27,044 [ForkJoinPool-5-worker-8] INFO  o.o.b.p.a.PullFromAggregateTracker - Pull Resultados de testagem das vigilâncias - Form downloaded
2026-02-18 10:00:27,045 [ForkJoinPool-5-worker-8] INFO  o.o.b.p.a.PullFromAggregateTracker - Pull Resultados de testagem das vigilâncias - Start getting submission IDs
2026-02-18 10:00:27,059 [ForkJoinPool-5-worker-6] INFO  o.o.b.p.a.PullFromAggregateTracker - Pull Formulário da Vigilancia Hospitalar - Laboratório - Form downloaded
2026-02-18 10:00:27,059 [ForkJoinPool-5-worker-6] INFO  o.o.b.p.a.PullFromAggregateTracker - Pull Formulário da Vigilancia Hospitalar - Laboratório - Start getting submission IDs
2026-02-18 10:00:27,110 [ForkJoinPool-5-worker-1] INFO  o.o.b.p.a.PullFromAggregateTracker - Pull Formulário da Vigilancia Comunitaria - Got all the submission IDs
2026-02-18 10:00:27,177 [ForkJoinPool-5-worker-1] INFO  o.o.b.p.a.PullFromAggregateTracker - Push Formulário da Vigilancia Comunitaria - There are no submissions to download
2026-02-18 10:00:27,180 [ForkJoinPool-5-worker-1] INFO  o.o.b.p.a.PullFromAggregateTracker - Pull Formulário da Vigilancia Comunitaria - Success
2026-02-18 10:00:27,241 [AWT-EventQueue-0] INFO  XFormParser - Reading XML and parsing with kXML2 finished in 1.448 ms
2026-02-18 10:00:27,243 [AWT-EventQueue-0] INFO  XFormParser - Consolidating text finished in 0.371 ms
2026-02-18 10:00:27,243 [AWT-EventQueue-0] INFO  XFormParser - Parsing form...
2026-02-18 10:00:27,243 [AWT-EventQueue-0] INFO  XFormParser - Title: "Formulário da Vigilancia Hospitalar - Laboratório"
2026-02-18 10:00:27,243 [AWT-EventQueue-0] WARN  XFormParser - XForm Parse Warning: Warning: 1 Unrecognized attributes found in Element [model] and will be ignored: [xforms-version] 
    Problem found at nodeset: /html/head/model
    With element <model xforms-version="1.0.0"><instance><data id="hospitalar_ib_v3" version="3" prefix="hospitalar_ib_v3" delimiter="$">...

2026-02-18 10:00:27,253 [AWT-EventQueue-0] INFO  XFormParser - Creating FormDef from parsed XML finished in 9.867 ms
2026-02-18 10:00:27,265 [AWT-EventQueue-0] INFO  XFormParser - Reading XML and parsing with kXML2 finished in 3.161 ms
2026-02-18 10:00:27,266 [AWT-EventQueue-0] INFO  XFormParser - Consolidating text finished in 0.956 ms
2026-02-18 10:00:27,266 [AWT-EventQueue-0] INFO  XFormParser - Parsing form...
2026-02-18 10:00:27,266 [AWT-EventQueue-0] INFO  XFormParser - Title: "Resultados de testagem das vigilâncias"
2026-02-18 10:00:27,266 [AWT-EventQueue-0] WARN  XFormParser - XForm Parse Warning: Warning: 1 Unrecognized attributes found in Element [model] and will be ignored: [xforms-version] 
    Problem found at nodeset: /html/head/model
    With element <model xforms-version="1.0.0"><instance><data id="hospitalar_LB_v2" version="2" prefix="Hospitalar LB_v2" delimiter="$">...

2026-02-18 10:00:27,292 [ForkJoinPool-5-worker-8] INFO  o.o.b.p.a.PullFromAggregateTracker - Pull Resultados de testagem das vigilâncias - Got all the submission IDs
2026-02-18 10:00:27,303 [ForkJoinPool-5-worker-8] INFO  o.o.b.p.a.PullFromAggregateTracker - Push Resultados de testagem das vigilâncias - There are no submissions to download
2026-02-18 10:00:27,305 [ForkJoinPool-5-worker-8] INFO  o.o.b.p.a.PullFromAggregateTracker - Pull Resultados de testagem das vigilâncias - Success
2026-02-18 10:00:27,323 [AWT-EventQueue-0] INFO  XFormParser - Creating FormDef from parsed XML finished in 54.704 ms
2026-02-18 10:00:27,432 [ForkJoinPool-5-worker-2] INFO  o.o.b.p.a.PullFromAggregateTracker - Pull Formulário da Vigilancia Hospitalar - Laboratório - Got all the submission IDs
2026-02-18 10:00:27,441 [ForkJoinPool-5-worker-2] INFO  o.o.b.p.a.PullFromAggregateTracker - Pull Formulário da Vigilancia Hospitalar - Laboratório - Start downloading submission 1 of 5
2026-02-18 10:00:27,442 [ForkJoinPool-5-worker-8] INFO  o.o.b.p.a.PullFromAggregateTracker - Pull Formulário da Vigilancia Hospitalar - Laboratório - Start downloading submission 4 of 5
2026-02-18 10:00:27,446 [ForkJoinPool-5-worker-1] INFO  o.o.b.p.a.PullFromAggregateTracker - Pull Formulário da Vigilancia Hospitalar - Laboratório - Start downloading submission 3 of 5
2026-02-18 10:00:27,446 [ForkJoinPool-5-worker-4] INFO  o.o.b.p.a.PullFromAggregateTracker - Pull Formulário da Vigilancia Hospitalar - Laboratório - Start downloading submission 2 of 5
2026-02-18 10:00:27,449 [ForkJoinPool-5-worker-11] INFO  o.o.b.p.a.PullFromAggregateTracker - Pull Formulário da Vigilancia Hospitalar - Laboratório - Start downloading submission 5 of 5
2026-02-18 10:00:27,548 [ForkJoinPool-5-worker-6] INFO  o.o.b.p.a.PullFromAggregateTracker - Pull Formulário da Vigilancia Hospitalar - Laboratório - Got all the submission IDs
2026-02-18 10:00:27,563 [ForkJoinPool-5-worker-3] INFO  o.o.b.p.a.PullFromAggregateTracker - Pull Formulário da Vigilancia Hospitalar - Laboratório - Start downloading submission 3 of 10
2026-02-18 10:00:27,564 [ForkJoinPool-5-worker-9] INFO  o.o.b.p.a.PullFromAggregateTracker - Pull Formulário da Vigilancia Hospitalar - Laboratório - Start downloading submission 2 of 10
2026-02-18 10:00:27,563 [ForkJoinPool-5-worker-6] INFO  o.o.b.p.a.PullFromAggregateTracker - Pull Formulário da Vigilancia Hospitalar - Laboratório - Start downloading submission 1 of 10
2026-02-18 10:00:27,564 [ForkJoinPool-5-worker-10] INFO  o.o.b.p.a.PullFromAggregateTracker - Pull Formulário da Vigilancia Hospitalar - Laboratório - Start downloading submission 4 of 10
2026-02-18 10:00:27,739 [ForkJoinPool-5-worker-2] INFO  o.o.b.p.a.PullFromAggregateTracker - Pull Formulário da Vigilancia Hospitalar - Laboratório - Submission 1 of 5 downloaded
2026-02-18 10:00:27,740 [ForkJoinPool-5-worker-11] INFO  o.o.b.p.a.PullFromAggregateTracker - Pull Formulário da Vigilancia Hospitalar - Laboratório - Submission 5 of 5 downloaded
2026-02-18 10:00:27,740 [ForkJoinPool-5-worker-1] INFO  o.o.b.p.a.PullFromAggregateTracker - Pull Formulário da Vigilancia Hospitalar - Laboratório - Submission 3 of 5 downloaded
2026-02-18 10:00:27,740 [ForkJoinPool-5-worker-4] INFO  o.o.b.p.a.PullFromAggregateTracker - Pull Formulário da Vigilancia Hospitalar - Laboratório - Submission 2 of 5 downloaded
2026-02-18 10:00:27,740 [ForkJoinPool-5-worker-8] INFO  o.o.b.p.a.PullFromAggregateTracker - Pull Formulário da Vigilancia Hospitalar - Laboratório - Submission 4 of 5 downloaded
2026-02-18 10:00:27,742 [ForkJoinPool-5-worker-1] INFO  o.o.b.p.a.PullFromAggregateTracker - Pull Formulário da Vigilancia Hospitalar - Laboratório - Start downloading submission 5 of 10
2026-02-18 10:00:27,742 [ForkJoinPool-5-worker-4] INFO  o.o.b.p.a.PullFromAggregateTracker - Pull Formulário da Vigilancia Hospitalar - Laboratório - Start downloading submission 6 of 10
2026-02-18 10:00:27,744 [ForkJoinPool-5-worker-8] INFO  o.o.b.p.a.PullFromAggregateTracker - Pull Formulário da Vigilancia Hospitalar - Laboratório - Start downloading submission 7 of 10
2026-02-18 10:00:27,744 [ForkJoinPool-5-worker-2] INFO  o.o.b.p.a.PullFromAggregateTracker - Pull Formulário da Vigilancia Hospitalar - Laboratório - Success
2026-02-18 10:00:27,744 [ForkJoinPool-5-worker-11] INFO  o.o.b.p.a.PullFromAggregateTracker - Pull Formulário da Vigilancia Hospitalar - Laboratório - Start downloading submission 8 of 10
2026-02-18 10:00:27,747 [ForkJoinPool-5-worker-2] INFO  o.o.b.p.a.PullFromAggregateTracker - Pull Formulário da Vigilancia Hospitalar - Laboratório - Start downloading submission 9 of 10
2026-02-18 10:00:27,804 [ForkJoinPool-5-worker-3] INFO  o.o.b.p.a.PullFromAggregateTracker - Pull Formulário da Vigilancia Hospitalar - Laboratório - Submission 3 of 10 downloaded
2026-02-18 10:00:27,804 [ForkJoinPool-5-worker-3] INFO  o.o.b.p.a.PullFromAggregateTracker - Pull Formulário da Vigilancia Hospitalar - Laboratório - Start downloading submission 10 of 10
2026-02-18 10:00:27,948 [ForkJoinPool-5-worker-9] INFO  o.o.b.p.a.PullFromAggregateTracker - Pull Formulário da Vigilancia Hospitalar - Laboratório - Submission 2 of 10 downloaded
2026-02-18 10:00:27,959 [ForkJoinPool-5-worker-6] INFO  o.o.b.p.a.PullFromAggregateTracker - Pull Formulário da Vigilancia Hospitalar - Laboratório - Submission 1 of 10 downloaded
2026-02-18 10:00:27,964 [ForkJoinPool-5-worker-10] INFO  o.o.b.p.a.PullFromAggregateTracker - Pull Formulário da Vigilancia Hospitalar - Laboratório - Submission 4 of 10 downloaded
2026-02-18 10:00:27,965 [ForkJoinPool-5-worker-4] INFO  o.o.b.p.a.PullFromAggregateTracker - Pull Formulário da Vigilancia Hospitalar - Laboratório - Submission 6 of 10 downloaded
2026-02-18 10:00:27,967 [ForkJoinPool-5-worker-1] INFO  o.o.b.p.a.PullFromAggregateTracker - Pull Formulário da Vigilancia Hospitalar - Laboratório - Submission 5 of 10 downloaded
2026-02-18 10:00:28,018 [ForkJoinPool-5-worker-11] INFO  o.o.b.p.a.PullFromAggregateTracker - Pull Formulário da Vigilancia Hospitalar - Laboratório - Submission 8 of 10 downloaded
2026-02-18 10:00:28,179 [ForkJoinPool-5-worker-2] INFO  o.o.b.p.a.PullFromAggregateTracker - Pull Formulário da Vigilancia Hospitalar - Laboratório - Submission 9 of 10 downloaded
2026-02-18 10:00:28,179 [ForkJoinPool-5-worker-3] INFO  o.o.b.p.a.PullFromAggregateTracker - Pull Formulário da Vigilancia Hospitalar - Laboratório - Submission 10 of 10 downloaded
2026-02-18 10:00:28,179 [ForkJoinPool-5-worker-8] INFO  o.o.b.p.a.PullFromAggregateTracker - Pull Formulário da Vigilancia Hospitalar - Laboratório - Submission 7 of 10 downloaded
2026-02-18 10:00:28,181 [ForkJoinPool-5-worker-6] INFO  o.o.b.p.a.PullFromAggregateTracker - Pull Formulário da Vigilancia Hospitalar - Laboratório - Success
2026-02-18 10:00:29,206 [ForkJoinPool-5-worker-15] INFO  o.o.b.p.a.PullFromAggregateTracker - Pull Formulário da Vigilancia Hospitalar - Form downloaded
2026-02-18 10:00:29,206 [ForkJoinPool-5-worker-15] INFO  o.o.b.p.a.PullFromAggregateTracker - Pull Formulário da Vigilancia Hospitalar - Start getting submission IDs
2026-02-18 10:00:29,214 [ForkJoinPool-5-worker-13] INFO  o.o.b.p.a.PullFromAggregateTracker - Pull Formulário da Vigilancia Hospitalar - Form downloaded
2026-02-18 10:00:29,215 [ForkJoinPool-5-worker-13] INFO  o.o.b.p.a.PullFromAggregateTracker - Pull Formulário da Vigilancia Hospitalar - Start getting submission IDs
2026-02-18 10:00:29,448 [ForkJoinPool-5-worker-15] INFO  o.o.b.p.a.PullFromAggregateTracker - Pull Formulário da Vigilancia Hospitalar - Got all the submission IDs
2026-02-18 10:00:29,616 [ForkJoinPool-5-worker-15] INFO  o.o.b.p.a.PullFromAggregateTracker - Push Formulário da Vigilancia Hospitalar - There are no submissions to download
2026-02-18 10:00:29,637 [ForkJoinPool-5-worker-15] INFO  o.o.b.p.a.PullFromAggregateTracker - Pull Formulário da Vigilancia Hospitalar - Success
2026-02-18 10:00:29,677 [ForkJoinPool-5-worker-13] INFO  o.o.b.p.a.PullFromAggregateTracker - Pull Formulário da Vigilancia Hospitalar - Got all the submission IDs
2026-02-18 10:00:29,710 [AWT-EventQueue-0] INFO  XFormParser - Reading XML and parsing with kXML2 finished in 25.449 ms
2026-02-18 10:00:29,741 [AWT-EventQueue-0] INFO  XFormParser - Consolidating text finished in 28.716 ms
2026-02-18 10:00:29,743 [AWT-EventQueue-0] INFO  XFormParser - Parsing form...
2026-02-18 10:00:29,744 [AWT-EventQueue-0] INFO  XFormParser - Title: "Formulário da Vigilancia Hospitalar"
2026-02-18 10:00:29,744 [AWT-EventQueue-0] WARN  XFormParser - XForm Parse Warning: Warning: 1 Unrecognized attributes found in Element [model] and will be ignored: [xforms-version] 
    Problem found at nodeset: /html/head/model
    With element <model xforms-version="1.0.0"><instance><data id="hospitalar_v6" version="6" prefix="hospitalar_v6" delimiter="$">...

2026-02-18 10:00:29,791 [ForkJoinPool-5-worker-13] INFO  o.o.b.p.a.PullFromAggregateTracker - Pull Formulário da Vigilancia Hospitalar - Start downloading submission 1 of 23
2026-02-18 10:00:29,792 [ForkJoinPool-5-worker-15] INFO  o.o.b.p.a.PullFromAggregateTracker - Pull Formulário da Vigilancia Hospitalar - Start downloading submission 2 of 23
2026-02-18 10:00:29,792 [ForkJoinPool-5-worker-3] INFO  o.o.b.p.a.PullFromAggregateTracker - Pull Formulário da Vigilancia Hospitalar - Start downloading submission 11 of 23
2026-02-18 10:00:29,793 [ForkJoinPool-5-worker-1] INFO  o.o.b.p.a.PullFromAggregateTracker - Pull Formulário da Vigilancia Hospitalar - Start downloading submission 9 of 23
2026-02-18 10:00:29,793 [ForkJoinPool-5-worker-8] INFO  o.o.b.p.a.PullFromAggregateTracker - Pull Formulário da Vigilancia Hospitalar - Start downloading submission 8 of 23
2026-02-18 10:00:29,793 [ForkJoinPool-5-worker-2] INFO  o.o.b.p.a.PullFromAggregateTracker - Pull Formulário da Vigilancia Hospitalar - Start downloading submission 5 of 23
2026-02-18 10:00:29,792 [ForkJoinPool-5-worker-10] INFO  o.o.b.p.a.PullFromAggregateTracker - Pull Formulário da Vigilancia Hospitalar - Start downloading submission 10 of 23
2026-02-18 10:00:29,794 [ForkJoinPool-5-worker-9] INFO  o.o.b.p.a.PullFromAggregateTracker - Pull Formulário da Vigilancia Hospitalar - Start downloading submission 7 of 23
2026-02-18 10:00:29,797 [ForkJoinPool-5-worker-6] INFO  o.o.b.p.a.PullFromAggregateTracker - Pull Formulário da Vigilancia Hospitalar - Start downloading submission 6 of 23
2026-02-18 10:00:29,797 [ForkJoinPool-5-worker-11] INFO  o.o.b.p.a.PullFromAggregateTracker - Pull Formulário da Vigilancia Hospitalar - Start downloading submission 4 of 23
2026-02-18 10:00:29,798 [ForkJoinPool-5-worker-4] INFO  o.o.b.p.a.PullFromAggregateTracker - Pull Formulário da Vigilancia Hospitalar - Start downloading submission 3 of 23
2026-02-18 10:00:29,858 [AWT-EventQueue-0] INFO  XFormParser - Creating FormDef from parsed XML finished in 113.993 ms
2026-02-18 10:00:30,140 [ForkJoinPool-5-worker-8] INFO  o.o.b.p.a.PullFromAggregateTracker - Pull Formulário da Vigilancia Hospitalar - Submission 8 of 23 downloaded
2026-02-18 10:00:30,140 [ForkJoinPool-5-worker-9] INFO  o.o.b.p.a.PullFromAggregateTracker - Pull Formulário da Vigilancia Hospitalar - Submission 7 of 23 downloaded
2026-02-18 10:00:30,140 [ForkJoinPool-5-worker-15] INFO  o.o.b.p.a.PullFromAggregateTracker - Pull Formulário da Vigilancia Hospitalar - Submission 2 of 23 downloaded
2026-02-18 10:00:30,140 [ForkJoinPool-5-worker-1] INFO  o.o.b.p.a.PullFromAggregateTracker - Pull Formulário da Vigilancia Hospitalar - Submission 9 of 23 downloaded
2026-02-18 10:00:30,140 [ForkJoinPool-5-worker-4] INFO  o.o.b.p.a.PullFromAggregateTracker - Pull Formulário da Vigilancia Hospitalar - Submission 3 of 23 downloaded
2026-02-18 10:00:30,140 [ForkJoinPool-5-worker-3] INFO  o.o.b.p.a.PullFromAggregateTracker - Pull Formulário da Vigilancia Hospitalar - Submission 11 of 23 downloaded
2026-02-18 10:00:30,140 [ForkJoinPool-5-worker-13] INFO  o.o.b.p.a.PullFromAggregateTracker - Pull Formulário da Vigilancia Hospitalar - Submission 1 of 23 downloaded
2026-02-18 10:00:30,140 [ForkJoinPool-5-worker-10] INFO  o.o.b.p.a.PullFromAggregateTracker - Pull Formulário da Vigilancia Hospitalar - Submission 10 of 23 downloaded
2026-02-18 10:00:30,144 [ForkJoinPool-5-worker-10] INFO  o.o.b.p.a.PullFromAggregateTracker - Pull Formulário da Vigilancia Hospitalar - Start downloading submission 15 of 23
2026-02-18 10:00:30,145 [ForkJoinPool-5-worker-4] INFO  o.o.b.p.a.PullFromAggregateTracker - Pull Formulário da Vigilancia Hospitalar - Start downloading submission 16 of 23
2026-02-18 10:00:30,146 [ForkJoinPool-5-worker-1] INFO  o.o.b.p.a.PullFromAggregateTracker - Pull Formulário da Vigilancia Hospitalar - Start downloading submission 18 of 23
2026-02-18 10:00:30,147 [ForkJoinPool-5-worker-3] INFO  o.o.b.p.a.PullFromAggregateTracker - Pull Formulário da Vigilancia Hospitalar - Start downloading submission 13 of 23
2026-02-18 10:00:30,147 [ForkJoinPool-5-worker-15] INFO  o.o.b.p.a.PullFromAggregateTracker - Pull Formulário da Vigilancia Hospitalar - Start downloading submission 14 of 23
2026-02-18 10:00:30,147 [ForkJoinPool-5-worker-9] INFO  o.o.b.p.a.PullFromAggregateTracker - Pull Formulário da Vigilancia Hospitalar - Start downloading submission 12 of 23
2026-02-18 10:00:30,147 [ForkJoinPool-5-worker-8] INFO  o.o.b.p.a.PullFromAggregateTracker - Pull Formulário da Vigilancia Hospitalar - Start downloading submission 19 of 23
2026-02-18 10:00:30,146 [ForkJoinPool-5-worker-13] INFO  o.o.b.p.a.PullFromAggregateTracker - Pull Formulário da Vigilancia Hospitalar - Start downloading submission 17 of 23
2026-02-18 10:00:30,356 [ForkJoinPool-5-worker-6] INFO  o.o.b.p.a.PullFromAggregateTracker - Pull Formulário da Vigilancia Hospitalar - Submission 6 of 23 downloaded
2026-02-18 10:00:30,358 [ForkJoinPool-5-worker-6] INFO  o.o.b.p.a.PullFromAggregateTracker - Pull Formulário da Vigilancia Hospitalar - Start downloading submission 20 of 23
2026-02-18 10:00:30,358 [ForkJoinPool-5-worker-11] INFO  o.o.b.p.a.PullFromAggregateTracker - Pull Formulário da Vigilancia Hospitalar - Submission 4 of 23 downloaded
2026-02-18 10:00:30,358 [ForkJoinPool-5-worker-11] INFO  o.o.b.p.a.PullFromAggregateTracker - Pull Formulário da Vigilancia Hospitalar - Start downloading submission 21 of 23
2026-02-18 10:00:30,371 [ForkJoinPool-5-worker-2] INFO  o.o.b.p.a.PullFromAggregateTracker - Pull Formulário da Vigilancia Hospitalar - Submission 5 of 23 downloaded
2026-02-18 10:00:30,372 [ForkJoinPool-5-worker-2] INFO  o.o.b.p.a.PullFromAggregateTracker - Pull Formulário da Vigilancia Hospitalar - Start downloading submission 22 of 23
2026-02-18 10:00:30,372 [ForkJoinPool-5-worker-4] INFO  o.o.b.p.a.PullFromAggregateTracker - Pull Formulário da Vigilancia Hospitalar - Submission 16 of 23 downloaded
2026-02-18 10:00:30,374 [ForkJoinPool-5-worker-4] INFO  o.o.b.p.a.PullFromAggregateTracker - Pull Formulário da Vigilancia Hospitalar - Start downloading submission 23 of 23
2026-02-18 10:00:30,377 [ForkJoinPool-5-worker-15] INFO  o.o.b.p.a.PullFromAggregateTracker - Pull Formulário da Vigilancia Hospitalar - Submission 14 of 23 downloaded
2026-02-18 10:00:30,377 [ForkJoinPool-5-worker-10] INFO  o.o.b.p.a.PullFromAggregateTracker - Pull Formulário da Vigilancia Hospitalar - Submission 15 of 23 downloaded
2026-02-18 10:00:30,383 [ForkJoinPool-5-worker-8] INFO  o.o.b.p.a.PullFromAggregateTracker - Pull Formulário da Vigilancia Hospitalar - Submission 19 of 23 downloaded
2026-02-18 10:00:30,384 [ForkJoinPool-5-worker-13] INFO  o.o.b.p.a.PullFromAggregateTracker - Pull Formulário da Vigilancia Hospitalar - Submission 17 of 23 downloaded
2026-02-18 10:00:30,589 [ForkJoinPool-5-worker-3] INFO  o.o.b.p.a.PullFromAggregateTracker - Pull Formulário da Vigilancia Hospitalar - Submission 13 of 23 downloaded
2026-02-18 10:00:30,597 [ForkJoinPool-5-worker-9] INFO  o.o.b.p.a.PullFromAggregateTracker - Pull Formulário da Vigilancia Hospitalar - Submission 12 of 23 downloaded
2026-02-18 10:00:30,602 [ForkJoinPool-5-worker-11] INFO  o.o.b.p.a.PullFromAggregateTracker - Pull Formulário da Vigilancia Hospitalar - Submission 21 of 23 downloaded
2026-02-18 10:00:30,608 [ForkJoinPool-5-worker-2] INFO  o.o.b.p.a.PullFromAggregateTracker - Pull Formulário da Vigilancia Hospitalar - Submission 22 of 23 downloaded
2026-02-18 10:00:30,613 [ForkJoinPool-5-worker-1] INFO  o.o.b.p.a.PullFromAggregateTracker - Pull Formulário da Vigilancia Hospitalar - Submission 18 of 23 downloaded
2026-02-18 10:00:30,613 [ForkJoinPool-5-worker-4] INFO  o.o.b.p.a.PullFromAggregateTracker - Pull Formulário da Vigilancia Hospitalar - Submission 23 of 23 downloaded
2026-02-18 10:00:30,613 [ForkJoinPool-5-worker-6] INFO  o.o.b.p.a.PullFromAggregateTracker - Pull Formulário da Vigilancia Hospitalar - Submission 20 of 23 downloaded
2026-02-18 10:00:30,616 [ForkJoinPool-5-worker-13] INFO  o.o.b.p.a.PullFromAggregateTracker - Pull Formulário da Vigilancia Hospitalar - Success
2026-02-18 10:00:58,425 [ForkJoinPool-6-worker-9] INFO  o.o.b.p.a.PullFromAggregateTracker - Pull Formulário da Vigilancia Hospitalar - Start pulling form and submissions
2026-02-18 10:00:58,425 [ForkJoinPool-6-worker-2] INFO  o.o.b.p.a.PullFromAggregateTracker - Pull Formulário da Vigilancia Hospitalar - Laboratório - Start pulling form and submissions
2026-02-18 10:00:58,426 [ForkJoinPool-6-worker-4] INFO  o.o.b.p.a.PullFromAggregateTracker - Pull Formulário da Vigilancia Hospitalar - Start pulling form and submissions
2026-02-18 10:00:58,427 [ForkJoinPool-6-worker-2] INFO  o.o.b.p.a.PullFromAggregateTracker - Pull Formulário da Vigilancia Hospitalar - Laboratório - Start downloading form
2026-02-18 10:00:58,427 [ForkJoinPool-6-worker-9] INFO  o.o.b.p.a.PullFromAggregateTracker - Pull Formulário da Vigilancia Hospitalar - Start downloading form
2026-02-18 10:00:58,427 [ForkJoinPool-6-worker-13] INFO  o.o.b.p.a.PullFromAggregateTracker - Pull VIGILÂNCIA  AMBIENTAL - Start pulling form and submissions
2026-02-18 10:00:58,427 [ForkJoinPool-6-worker-4] INFO  o.o.b.p.a.PullFromAggregateTracker - Pull Formulário da Vigilancia Hospitalar - Start downloading form
2026-02-18 10:00:58,427 [ForkJoinPool-6-worker-6] INFO  o.o.b.p.a.PullFromAggregateTracker - Pull Resultados de testagem das vigilâncias - Start pulling form and submissions
2026-02-18 10:00:58,427 [ForkJoinPool-6-worker-11] INFO  o.o.b.p.a.PullFromAggregateTracker - Pull Formulário da Vigilancia Comunitaria - Start pulling form and submissions
2026-02-18 10:00:58,428 [ForkJoinPool-6-worker-6] INFO  o.o.b.p.a.PullFromAggregateTracker - Pull Resultados de testagem das vigilâncias - Start downloading form
2026-02-18 10:00:58,428 [ForkJoinPool-6-worker-15] INFO  o.o.b.p.a.PullFromAggregateTracker - Pull Formulário da Vigilancia Hospitalar - Start pulling form and submissions
2026-02-18 10:00:58,428 [ForkJoinPool-6-worker-8] INFO  o.o.b.p.a.PullFromAggregateTracker - Pull Formulario da  Componente  Genomica (IDS) - Start pulling form and submissions
2026-02-18 10:00:58,428 [ForkJoinPool-6-worker-11] INFO  o.o.b.p.a.PullFromAggregateTracker - Pull Formulário da Vigilancia Comunitaria - Start downloading form
2026-02-18 10:00:58,430 [ForkJoinPool-6-worker-13] INFO  o.o.b.p.a.PullFromAggregateTracker - Pull VIGILÂNCIA  AMBIENTAL - Start downloading form
2026-02-18 10:00:58,430 [ForkJoinPool-6-worker-15] INFO  o.o.b.p.a.PullFromAggregateTracker - Pull Formulário da Vigilancia Hospitalar - Start downloading form
2026-02-18 10:00:58,430 [ForkJoinPool-6-worker-8] INFO  o.o.b.p.a.PullFromAggregateTracker - Pull Formulario da  Componente  Genomica (IDS) - Start downloading form
2026-02-18 10:00:58,430 [ForkJoinPool-6-worker-10] INFO  o.o.b.p.a.PullFromAggregateTracker - Pull Formulário da Vigilancia Hospitalar - Laboratório - Start pulling form and submissions
2026-02-18 10:00:58,431 [ForkJoinPool-6-worker-1] INFO  o.o.b.p.a.PullFromAggregateTracker - Pull Formulário da Vigilancia Comunitaria - Start pulling form and submissions
2026-02-18 10:00:58,432 [ForkJoinPool-6-worker-3] INFO  o.o.b.p.a.PullFromAggregateTracker - Pull Formulário da Vigilancia Hospitalar - Start pulling form and submissions
2026-02-18 10:00:58,433 [ForkJoinPool-6-worker-10] INFO  o.o.b.p.a.PullFromAggregateTracker - Pull Formulário da Vigilancia Hospitalar - Laboratório - Start downloading form
2026-02-18 10:00:58,432 [ForkJoinPool-6-worker-1] INFO  o.o.b.p.a.PullFromAggregateTracker - Pull Formulário da Vigilancia Comunitaria - Start downloading form
2026-02-18 10:00:58,433 [ForkJoinPool-6-worker-3] INFO  o.o.b.p.a.PullFromAggregateTracker - Pull Formulário da Vigilancia Hospitalar - Start downloading form
2026-02-18 10:00:58,684 [ForkJoinPool-6-worker-2] INFO  o.o.b.p.a.PullFromAggregateTracker - Pull Formulário da Vigilancia Hospitalar - Laboratório - Form downloaded
2026-02-18 10:00:58,684 [ForkJoinPool-6-worker-2] INFO  o.o.b.p.a.PullFromAggregateTracker - Pull Formulário da Vigilancia Hospitalar - Laboratório - Start getting form manifest
2026-02-18 10:00:58,885 [ForkJoinPool-6-worker-13] INFO  o.o.b.p.a.PullFromAggregateTracker - Pull VIGILÂNCIA  AMBIENTAL - Form downloaded
2026-02-18 10:00:58,887 [ForkJoinPool-6-worker-13] INFO  o.o.b.p.a.PullFromAggregateTracker - Pull VIGILÂNCIA  AMBIENTAL - Start getting form manifest
2026-02-18 10:00:59,121 [ForkJoinPool-6-worker-8] INFO  o.o.b.p.a.PullFromAggregateTracker - Pull Formulario da  Componente  Genomica (IDS) - Form downloaded
2026-02-18 10:00:59,121 [ForkJoinPool-6-worker-8] INFO  o.o.b.p.a.PullFromAggregateTracker - Pull Formulario da  Componente  Genomica (IDS) - Start getting submission IDs
2026-02-18 10:00:59,541 [ForkJoinPool-6-worker-6] INFO  o.o.b.p.a.PullFromAggregateTracker - Pull Resultados de testagem das vigilâncias - Form downloaded
2026-02-18 10:00:59,543 [ForkJoinPool-6-worker-6] INFO  o.o.b.p.a.PullFromAggregateTracker - Pull Resultados de testagem das vigilâncias - Start getting form manifest
2026-02-18 10:00:59,734 [ForkJoinPool-6-worker-2] INFO  o.o.b.p.a.PullFromAggregateTracker - Pull Formulário da Vigilancia Hospitalar - Laboratório - Got the form manifest
2026-02-18 10:00:59,735 [ForkJoinPool-6-worker-2] INFO  o.o.b.p.a.PullFromAggregateTracker - Pull Formulário da Vigilancia Hospitalar - Laboratório - Skipping 1 form attachments that have been already downloaded
2026-02-18 10:00:59,735 [ForkJoinPool-6-worker-2] INFO  o.o.b.p.a.PullFromAggregateTracker - Pull Formulário da Vigilancia Hospitalar - Laboratório - Start getting submission IDs
2026-02-18 10:00:59,759 [ForkJoinPool-6-worker-10] INFO  o.o.b.p.a.PullFromAggregateTracker - Pull Formulário da Vigilancia Hospitalar - Laboratório - Form downloaded
2026-02-18 10:00:59,760 [ForkJoinPool-6-worker-10] INFO  o.o.b.p.a.PullFromAggregateTracker - Pull Formulário da Vigilancia Hospitalar - Laboratório - Start getting submission IDs
2026-02-18 10:00:59,769 [ForkJoinPool-6-worker-9] INFO  o.o.b.p.a.PullFromAggregateTracker - Pull Formulário da Vigilancia Hospitalar - Form downloaded
2026-02-18 10:00:59,769 [ForkJoinPool-6-worker-9] INFO  o.o.b.p.a.PullFromAggregateTracker - Pull Formulário da Vigilancia Hospitalar - Start getting form manifest
2026-02-18 10:00:59,873 [ForkJoinPool-6-worker-1] INFO  o.o.b.p.a.PullFromAggregateTracker - Pull Formulário da Vigilancia Comunitaria - Form downloaded
2026-02-18 10:00:59,873 [ForkJoinPool-6-worker-1] INFO  o.o.b.p.a.PullFromAggregateTracker - Pull Formulário da Vigilancia Comunitaria - Start getting submission IDs
2026-02-18 10:00:59,927 [ForkJoinPool-6-worker-11] INFO  o.o.b.p.a.PullFromAggregateTracker - Pull Formulário da Vigilancia Comunitaria - Form downloaded
2026-02-18 10:00:59,929 [ForkJoinPool-6-worker-11] INFO  o.o.b.p.a.PullFromAggregateTracker - Pull Formulário da Vigilancia Comunitaria - Start getting form manifest
2026-02-18 10:00:59,929 [ForkJoinPool-6-worker-4] INFO  o.o.b.p.a.PullFromAggregateTracker - Pull Formulário da Vigilancia Hospitalar - Form downloaded
2026-02-18 10:00:59,929 [ForkJoinPool-6-worker-4] INFO  o.o.b.p.a.PullFromAggregateTracker - Pull Formulário da Vigilancia Hospitalar - Start getting form manifest
2026-02-18 10:00:59,943 [ForkJoinPool-6-worker-13] INFO  o.o.b.p.a.PullFromAggregateTracker - Pull VIGILÂNCIA  AMBIENTAL - Got the form manifest
2026-02-18 10:00:59,943 [ForkJoinPool-6-worker-13] INFO  o.o.b.p.a.PullFromAggregateTracker - Pull VIGILÂNCIA  AMBIENTAL - Skipping 1 form attachments that have been already downloaded
2026-02-18 10:00:59,943 [ForkJoinPool-6-worker-13] INFO  o.o.b.p.a.PullFromAggregateTracker - Pull VIGILÂNCIA  AMBIENTAL - Start getting submission IDs
2026-02-18 10:00:59,971 [ForkJoinPool-6-worker-6] INFO  o.o.b.p.a.PullFromAggregateTracker - Pull Resultados de testagem das vigilâncias - Got the form manifest
2026-02-18 10:00:59,971 [ForkJoinPool-6-worker-6] INFO  o.o.b.p.a.PullFromAggregateTracker - Pull Resultados de testagem das vigilâncias - Skipping 1 form attachments that have been already downloaded
2026-02-18 10:00:59,971 [ForkJoinPool-6-worker-6] INFO  o.o.b.p.a.PullFromAggregateTracker - Pull Resultados de testagem das vigilâncias - Start getting submission IDs
2026-02-18 10:00:59,974 [ForkJoinPool-6-worker-8] INFO  o.o.b.p.a.PullFromAggregateTracker - Pull Formulario da  Componente  Genomica (IDS) - Got all the submission IDs
2026-02-18 10:00:59,982 [ForkJoinPool-6-worker-8] INFO  o.o.b.p.a.PullFromAggregateTracker - Push Formulario da  Componente  Genomica (IDS) - There are no submissions to download
2026-02-18 10:00:59,985 [ForkJoinPool-6-worker-8] INFO  o.o.b.p.a.PullFromAggregateTracker - Pull Formulario da  Componente  Genomica (IDS) - Success
2026-02-18 10:00:59,987 [ForkJoinPool-6-worker-8] INFO  o.o.b.p.a.PullFromAggregateTracker - Pull VIGILÂNCIA  AMBIENTAL - Start pulling form and submissions
2026-02-18 10:00:59,987 [ForkJoinPool-6-worker-8] INFO  o.o.b.p.a.PullFromAggregateTracker - Pull VIGILÂNCIA  AMBIENTAL - Start downloading form
2026-02-18 10:01:00,037 [AWT-EventQueue-0] INFO  XFormParser - Reading XML and parsing with kXML2 finished in 15.626 ms
2026-02-18 10:01:00,045 [AWT-EventQueue-0] INFO  XFormParser - Consolidating text finished in 8.013 ms
2026-02-18 10:01:00,045 [AWT-EventQueue-0] INFO  XFormParser - Parsing form...
2026-02-18 10:01:00,046 [AWT-EventQueue-0] INFO  XFormParser - Title: "Formulário da Vigilancia Comunitaria"
2026-02-18 10:01:00,046 [AWT-EventQueue-0] WARN  XFormParser - XForm Parse Warning: Warning: 1 Unrecognized attributes found in Element [model] and will be ignored: [xforms-version] 
    Problem found at nodeset: /html/head/model
    With element <model xforms-version="1.0.0"><instance><data id="Comunidade" version="1" prefix="Comunidade" delimiter="$">...

2026-02-18 10:01:00,086 [ForkJoinPool-6-worker-2] INFO  o.o.b.p.a.PullFromAggregateTracker - Pull Formulário da Vigilancia Hospitalar - Laboratório - Got all the submission IDs
2026-02-18 10:01:00,089 [ForkJoinPool-6-worker-2] INFO  o.o.b.p.a.PullFromAggregateTracker - Push Formulário da Vigilancia Hospitalar - Laboratório - There are no submissions to download
2026-02-18 10:01:00,091 [ForkJoinPool-6-worker-2] INFO  o.o.b.p.a.PullFromAggregateTracker - Pull Formulário da Vigilancia Hospitalar - Laboratório - Success
2026-02-18 10:01:00,095 [ForkJoinPool-6-worker-2] INFO  o.o.b.p.a.PullFromAggregateTracker - Pull VIGILÂNCIA  AMBIENTAL - Start pulling form and submissions
2026-02-18 10:01:00,095 [ForkJoinPool-6-worker-2] INFO  o.o.b.p.a.PullFromAggregateTracker - Pull VIGILÂNCIA  AMBIENTAL - Start downloading form
2026-02-18 10:01:00,097 [AWT-EventQueue-0] INFO  XFormParser - Creating FormDef from parsed XML finished in 51.015 ms
2026-02-18 10:01:00,124 [ForkJoinPool-6-worker-9] INFO  o.o.b.p.a.PullFromAggregateTracker - Pull Formulário da Vigilancia Hospitalar - Got the form manifest
2026-02-18 10:01:00,124 [ForkJoinPool-6-worker-9] INFO  o.o.b.p.a.PullFromAggregateTracker - Pull Formulário da Vigilancia Hospitalar - Skipping 1 form attachments that have been already downloaded
2026-02-18 10:01:00,124 [ForkJoinPool-6-worker-9] INFO  o.o.b.p.a.PullFromAggregateTracker - Pull Formulário da Vigilancia Hospitalar - Start getting submission IDs
2026-02-18 10:01:00,127 [AWT-EventQueue-0] INFO  XFormParser - Reading XML and parsing with kXML2 finished in 14.168 ms
2026-02-18 10:01:00,133 [AWT-EventQueue-0] INFO  XFormParser - Consolidating text finished in 5.694 ms
2026-02-18 10:01:00,133 [AWT-EventQueue-0] INFO  XFormParser - Parsing form...
2026-02-18 10:01:00,134 [AWT-EventQueue-0] INFO  XFormParser - Title: "Formulário da Vigilancia Hospitalar"
2026-02-18 10:01:00,134 [AWT-EventQueue-0] WARN  XFormParser - XForm Parse Warning: Warning: 1 Unrecognized attributes found in Element [model] and will be ignored: [xforms-version] 
    Problem found at nodeset: /html/head/model
    With element <model xforms-version="1.0.0"><instance><data id="hospitalar_v1" version="1" prefix="Hospitalar" delimiter="$">...

2026-02-18 10:01:00,140 [ForkJoinPool-6-worker-10] INFO  o.o.b.p.a.PullFromAggregateTracker - Pull Formulário da Vigilancia Hospitalar - Laboratório - Got all the submission IDs
2026-02-18 10:01:00,149 [ForkJoinPool-6-worker-10] INFO  o.o.b.p.a.PullFromAggregateTracker - Push Formulário da Vigilancia Hospitalar - Laboratório - There are no submissions to download
2026-02-18 10:01:00,151 [ForkJoinPool-6-worker-10] INFO  o.o.b.p.a.PullFromAggregateTracker - Pull Formulário da Vigilancia Hospitalar - Laboratório - Success
2026-02-18 10:01:00,153 [ForkJoinPool-6-worker-10] INFO  o.o.b.p.a.PullFromAggregateTracker - Pull Formulário da Vigilancia Comunitaria - Start pulling form and submissions
2026-02-18 10:01:00,154 [ForkJoinPool-6-worker-10] INFO  o.o.b.p.a.PullFromAggregateTracker - Pull Formulário da Vigilancia Comunitaria - Start downloading form
2026-02-18 10:01:00,155 [ForkJoinPool-6-worker-1] INFO  o.o.b.p.a.PullFromAggregateTracker - Pull Formulário da Vigilancia Comunitaria - Got all the submission IDs
2026-02-18 10:01:00,186 [ForkJoinPool-6-worker-4] INFO  o.o.b.p.a.PullFromAggregateTracker - Pull Formulário da Vigilancia Hospitalar - Got the form manifest
2026-02-18 10:01:00,186 [ForkJoinPool-6-worker-11] INFO  o.o.b.p.a.PullFromAggregateTracker - Pull Formulário da Vigilancia Comunitaria - Got the form manifest
2026-02-18 10:01:00,186 [ForkJoinPool-6-worker-11] INFO  o.o.b.p.a.PullFromAggregateTracker - Pull Formulário da Vigilancia Comunitaria - Skipping 1 form attachments that have been already downloaded
2026-02-18 10:01:00,186 [ForkJoinPool-6-worker-4] INFO  o.o.b.p.a.PullFromAggregateTracker - Pull Formulário da Vigilancia Hospitalar - Skipping 1 form attachments that have been already downloaded
2026-02-18 10:01:00,187 [ForkJoinPool-6-worker-4] INFO  o.o.b.p.a.PullFromAggregateTracker - Pull Formulário da Vigilancia Hospitalar - Start getting submission IDs
2026-02-18 10:01:00,187 [ForkJoinPool-6-worker-11] INFO  o.o.b.p.a.PullFromAggregateTracker - Pull Formulário da Vigilancia Comunitaria - Start getting submission IDs
2026-02-18 10:01:00,206 [AWT-EventQueue-0] INFO  XFormParser - Creating FormDef from parsed XML finished in 71.190 ms
2026-02-18 10:01:00,212 [AWT-EventQueue-0] INFO  XFormParser - Reading XML and parsing with kXML2 finished in 2.356 ms
2026-02-18 10:01:00,213 [AWT-EventQueue-0] INFO  XFormParser - Consolidating text finished in 0.555 ms
2026-02-18 10:01:00,213 [AWT-EventQueue-0] INFO  XFormParser - Parsing form...
2026-02-18 10:01:00,213 [AWT-EventQueue-0] INFO  XFormParser - Title: "Formulário da Vigilancia Hospitalar - Laboratório"
2026-02-18 10:01:00,213 [AWT-EventQueue-0] WARN  XFormParser - XForm Parse Warning: Warning: 1 Unrecognized attributes found in Element [model] and will be ignored: [xforms-version] 
    Problem found at nodeset: /html/head/model
    With element <model xforms-version="1.0.0"><instance><data id="hospitalar_ib_v1" version="2" prefix="Hospitalar LB" delimiter="$">...

2026-02-18 10:01:00,222 [AWT-EventQueue-0] INFO  XFormParser - Creating FormDef from parsed XML finished in 9.146 ms
2026-02-18 10:01:00,252 [ForkJoinPool-6-worker-1] INFO  o.o.b.p.a.PullFromAggregateTracker - Push Formulário da Vigilancia Comunitaria - There are no submissions to download
2026-02-18 10:01:00,254 [AWT-EventQueue-0] INFO  XFormParser - Reading XML and parsing with kXML2 finished in 9.475 ms
2026-02-18 10:01:00,255 [ForkJoinPool-6-worker-1] INFO  o.o.b.p.a.PullFromAggregateTracker - Pull Formulário da Vigilancia Comunitaria - Success
2026-02-18 10:01:00,256 [ForkJoinPool-6-worker-1] INFO  o.o.b.p.a.PullFromAggregateTracker - Pull Formulário da Vigilancia Hospitalar - Start pulling form and submissions
2026-02-18 10:01:00,256 [ForkJoinPool-6-worker-1] INFO  o.o.b.p.a.PullFromAggregateTracker - Pull Formulário da Vigilancia Hospitalar - Start downloading form
2026-02-18 10:01:00,258 [AWT-EventQueue-0] INFO  XFormParser - Consolidating text finished in 4.469 ms
2026-02-18 10:01:00,258 [AWT-EventQueue-0] INFO  XFormParser - Parsing form...
2026-02-18 10:01:00,258 [AWT-EventQueue-0] INFO  XFormParser - Title: "Resultados de testagem das vigilâncias"
2026-02-18 10:01:00,258 [AWT-EventQueue-0] WARN  XFormParser - XForm Parse Warning: Warning: 1 Unrecognized attributes found in Element [model] and will be ignored: [xforms-version] 
    Problem found at nodeset: /html/head/model
    With element <model xforms-version="1.0.0"><instance><data id="hospitalar_LB" version="13" prefix="Hospitalar LB" delimiter="$">...

2026-02-18 10:01:00,298 [ForkJoinPool-6-worker-13] INFO  o.o.b.p.a.PullFromAggregateTracker - Pull VIGILÂNCIA  AMBIENTAL - Got all the submission IDs
2026-02-18 10:01:00,306 [ForkJoinPool-6-worker-13] INFO  o.o.b.p.a.PullFromAggregateTracker - Push VIGILÂNCIA  AMBIENTAL - There are no submissions to download
2026-02-18 10:01:00,308 [ForkJoinPool-6-worker-13] INFO  o.o.b.p.a.PullFromAggregateTracker - Pull VIGILÂNCIA  AMBIENTAL - Success
2026-02-18 10:01:00,311 [ForkJoinPool-6-worker-13] INFO  o.o.b.p.a.PullFromAggregateTracker - Pull VIGILÂNCIA  AMBIENTAL - Start pulling form and submissions
2026-02-18 10:01:00,311 [ForkJoinPool-6-worker-13] INFO  o.o.b.p.a.PullFromAggregateTracker - Pull VIGILÂNCIA  AMBIENTAL - Start downloading form
2026-02-18 10:01:00,340 [ForkJoinPool-6-worker-6] INFO  o.o.b.p.a.PullFromAggregateTracker - Pull Resultados de testagem das vigilâncias - Got all the submission IDs
2026-02-18 10:01:00,360 [ForkJoinPool-6-worker-8] INFO  o.o.b.p.a.PullFromAggregateTracker - Pull VIGILÂNCIA  AMBIENTAL - Form downloaded
2026-02-18 10:01:00,364 [ForkJoinPool-6-worker-8] INFO  o.o.b.p.a.PullFromAggregateTracker - Pull VIGILÂNCIA  AMBIENTAL - Start getting submission IDs
2026-02-18 10:01:00,367 [AWT-EventQueue-0] INFO  XFormParser - Creating FormDef from parsed XML finished in 109.318 ms
2026-02-18 10:01:00,372 [ForkJoinPool-6-worker-2] INFO  o.o.b.p.a.PullFromAggregateTracker - Pull VIGILÂNCIA  AMBIENTAL - Form downloaded
2026-02-18 10:01:00,373 [ForkJoinPool-6-worker-2] INFO  o.o.b.p.a.PullFromAggregateTracker - Pull VIGILÂNCIA  AMBIENTAL - Start getting submission IDs
2026-02-18 10:01:00,373 [AWT-EventQueue-0] INFO  XFormParser - Reading XML and parsing with kXML2 finished in 1.341 ms
2026-02-18 10:01:00,374 [ForkJoinPool-6-worker-6] INFO  o.o.b.p.a.PullFromAggregateTracker - Push Resultados de testagem das vigilâncias - There are no submissions to download
2026-02-18 10:01:00,374 [AWT-EventQueue-0] INFO  XFormParser - Consolidating text finished in 1.017 ms
2026-02-18 10:01:00,374 [AWT-EventQueue-0] INFO  XFormParser - Parsing form...
2026-02-18 10:01:00,374 [AWT-EventQueue-0] INFO  XFormParser - Title: "VIGILÂNCIA  AMBIENTAL"
2026-02-18 10:01:00,375 [AWT-EventQueue-0] WARN  XFormParser - XForm Parse Warning: Warning: 1 Unrecognized attributes found in Element [model] and will be ignored: [xforms-version] 
    Problem found at nodeset: /html/head/model
    With element <model xforms-version="1.0.0"><instance><data id="VIGILÂNCIA  AMBIENTAL_v2" version="2" prefix="VIGILÂNCIA  AMBIENTAL_v2" delimiter="$">...

2026-02-18 10:01:00,377 [ForkJoinPool-6-worker-6] INFO  o.o.b.p.a.PullFromAggregateTracker - Pull Resultados de testagem das vigilâncias - Success
2026-02-18 10:01:00,378 [ForkJoinPool-6-worker-6] INFO  o.o.b.p.a.PullFromAggregateTracker - Pull Formulário da Vigilancia Comunitaria - Start pulling form and submissions
2026-02-18 10:01:00,378 [ForkJoinPool-6-worker-6] INFO  o.o.b.p.a.PullFromAggregateTracker - Pull Formulário da Vigilancia Comunitaria - Start downloading form
2026-02-18 10:01:00,388 [AWT-EventQueue-0] INFO  XFormParser - Creating FormDef from parsed XML finished in 12.841 ms
2026-02-18 10:01:00,405 [ForkJoinPool-6-worker-9] INFO  o.o.b.p.a.PullFromAggregateTracker - Pull Formulário da Vigilancia Hospitalar - Got all the submission IDs
2026-02-18 10:01:00,553 [ForkJoinPool-6-worker-11] INFO  o.o.b.p.a.PullFromAggregateTracker - Pull Formulário da Vigilancia Comunitaria - Got all the submission IDs
2026-02-18 10:01:00,564 [ForkJoinPool-6-worker-9] INFO  o.o.b.p.a.PullFromAggregateTracker - Push Formulário da Vigilancia Hospitalar - There are no submissions to download
2026-02-18 10:01:00,567 [ForkJoinPool-6-worker-9] INFO  o.o.b.p.a.PullFromAggregateTracker - Pull Formulário da Vigilancia Hospitalar - Success
2026-02-18 10:01:00,570 [ForkJoinPool-6-worker-9] INFO  o.o.b.p.a.PullFromAggregateTracker - Pull Formulário da Vigilancia Hospitalar - Start pulling form and submissions
2026-02-18 10:01:00,571 [ForkJoinPool-6-worker-9] INFO  o.o.b.p.a.PullFromAggregateTracker - Pull Formulário da Vigilancia Hospitalar - Start downloading form
2026-02-18 10:01:00,579 [ForkJoinPool-6-worker-4] INFO  o.o.b.p.a.PullFromAggregateTracker - Pull Formulário da Vigilancia Hospitalar - Got all the submission IDs
2026-02-18 10:01:00,584 [ForkJoinPool-6-worker-13] INFO  o.o.b.p.a.PullFromAggregateTracker - Pull VIGILÂNCIA  AMBIENTAL - Form downloaded
2026-02-18 10:01:00,585 [ForkJoinPool-6-worker-13] INFO  o.o.b.p.a.PullFromAggregateTracker - Pull VIGILÂNCIA  AMBIENTAL - Start getting submission IDs
2026-02-18 10:01:00,620 [ForkJoinPool-6-worker-8] INFO  o.o.b.p.a.PullFromAggregateTracker - Pull VIGILÂNCIA  AMBIENTAL - Got all the submission IDs
2026-02-18 10:01:00,625 [ForkJoinPool-6-worker-8] INFO  o.o.b.p.a.PullFromAggregateTracker - Push VIGILÂNCIA  AMBIENTAL - There are no submissions to download
2026-02-18 10:01:00,627 [ForkJoinPool-6-worker-8] INFO  o.o.b.p.a.PullFromAggregateTracker - Pull VIGILÂNCIA  AMBIENTAL - Success
2026-02-18 10:01:00,639 [ForkJoinPool-6-worker-8] INFO  o.o.b.p.a.PullFromAggregateTracker - Pull Resultados de testagem das vigilâncias - Start pulling form and submissions
2026-02-18 10:01:00,640 [ForkJoinPool-6-worker-8] INFO  o.o.b.p.a.PullFromAggregateTracker - Pull Resultados de testagem das vigilâncias - Start downloading form
2026-02-18 10:01:00,641 [ForkJoinPool-6-worker-11] INFO  o.o.b.p.a.PullFromAggregateTracker - Push Formulário da Vigilancia Comunitaria - There are no submissions to download
2026-02-18 10:01:00,643 [ForkJoinPool-6-worker-11] INFO  o.o.b.p.a.PullFromAggregateTracker - Pull Formulário da Vigilancia Comunitaria - Success
2026-02-18 10:01:00,644 [ForkJoinPool-6-worker-11] INFO  o.o.b.p.a.PullFromAggregateTracker - Pull Formulário da Vigilancia Hospitalar - Start pulling form and submissions
2026-02-18 10:01:00,644 [ForkJoinPool-6-worker-11] INFO  o.o.b.p.a.PullFromAggregateTracker - Pull Formulário da Vigilancia Hospitalar - Start downloading form
2026-02-18 10:01:00,647 [AWT-EventQueue-0] INFO  XFormParser - Reading XML and parsing with kXML2 finished in 1.233 ms
2026-02-18 10:01:00,650 [AWT-EventQueue-0] INFO  XFormParser - Consolidating text finished in 1.660 ms
2026-02-18 10:01:00,651 [AWT-EventQueue-0] INFO  XFormParser - Parsing form...
2026-02-18 10:01:00,651 [AWT-EventQueue-0] INFO  XFormParser - Title: "VIGILÂNCIA  AMBIENTAL"
2026-02-18 10:01:00,651 [AWT-EventQueue-0] WARN  XFormParser - XForm Parse Warning: Warning: 1 Unrecognized attributes found in Element [model] and will be ignored: [xforms-version] 
    Problem found at nodeset: /html/head/model
    With element <model xforms-version="1.0.0"><instance><data id="VIGILÂNCIA AMBIENTAL_v4" version="4" prefix="VIGILÂNCIA AMBIENTAL_v4" delimiter="$">...

2026-02-18 10:01:00,664 [AWT-EventQueue-0] INFO  XFormParser - Creating FormDef from parsed XML finished in 12.985 ms
2026-02-18 10:01:00,668 [ForkJoinPool-6-worker-4] INFO  o.o.b.p.a.PullFromAggregateTracker - Push Formulário da Vigilancia Hospitalar - There are no submissions to download
2026-02-18 10:01:00,669 [ForkJoinPool-6-worker-4] INFO  o.o.b.p.a.PullFromAggregateTracker - Pull Formulário da Vigilancia Hospitalar - Success
2026-02-18 10:01:00,673 [ForkJoinPool-6-worker-4] INFO  o.o.b.p.a.PullFromAggregateTracker - Pull Formulário da Vigilancia Hospitalar - Laboratório - Start pulling form and submissions
2026-02-18 10:01:00,673 [ForkJoinPool-6-worker-4] INFO  o.o.b.p.a.PullFromAggregateTracker - Pull Formulário da Vigilancia Hospitalar - Laboratório - Start downloading form
2026-02-18 10:01:00,779 [ForkJoinPool-6-worker-2] INFO  o.o.b.p.a.PullFromAggregateTracker - Pull VIGILÂNCIA  AMBIENTAL - Got all the submission IDs
2026-02-18 10:01:00,793 [ForkJoinPool-6-worker-2] INFO  o.o.b.p.a.PullFromAggregateTracker - Push VIGILÂNCIA  AMBIENTAL - There are no submissions to download
2026-02-18 10:01:00,795 [ForkJoinPool-6-worker-2] INFO  o.o.b.p.a.PullFromAggregateTracker - Pull VIGILÂNCIA  AMBIENTAL - Success
2026-02-18 10:01:00,796 [ForkJoinPool-6-worker-2] INFO  o.o.b.p.a.PullFromAggregateTracker - Pull Formulário da Vigilancia Hospitalar - Laboratório - Start pulling form and submissions
2026-02-18 10:01:00,796 [ForkJoinPool-6-worker-2] INFO  o.o.b.p.a.PullFromAggregateTracker - Pull Formulário da Vigilancia Hospitalar - Laboratório - Start downloading form
2026-02-18 10:01:00,913 [ForkJoinPool-6-worker-13] INFO  o.o.b.p.a.PullFromAggregateTracker - Pull VIGILÂNCIA  AMBIENTAL - Got all the submission IDs
2026-02-18 10:01:00,921 [ForkJoinPool-6-worker-13] INFO  o.o.b.p.a.PullFromAggregateTracker - Push VIGILÂNCIA  AMBIENTAL - There are no submissions to download
2026-02-18 10:01:00,923 [ForkJoinPool-6-worker-13] INFO  o.o.b.p.a.PullFromAggregateTracker - Pull VIGILÂNCIA  AMBIENTAL - Success
2026-02-18 10:01:00,928 [ForkJoinPool-6-worker-15] INFO  o.o.b.p.a.PullFromAggregateTracker - Pull Formulário da Vigilancia Hospitalar - Form downloaded
2026-02-18 10:01:00,929 [ForkJoinPool-6-worker-15] INFO  o.o.b.p.a.PullFromAggregateTracker - Pull Formulário da Vigilancia Hospitalar - Start getting form manifest
2026-02-18 10:01:01,013 [AWT-EventQueue-0] INFO  XFormParser - Reading XML and parsing with kXML2 finished in 26.526 ms
2026-02-18 10:01:01,020 [AWT-EventQueue-0] INFO  XFormParser - Consolidating text finished in 6.597 ms
2026-02-18 10:01:01,020 [AWT-EventQueue-0] INFO  XFormParser - Parsing form...
2026-02-18 10:01:01,020 [AWT-EventQueue-0] INFO  XFormParser - Title: "Formulário da Vigilancia Hospitalar"
2026-02-18 10:01:01,020 [AWT-EventQueue-0] WARN  XFormParser - XForm Parse Warning: Warning: 1 Unrecognized attributes found in Element [model] and will be ignored: [xforms-version] 
    Problem found at nodeset: /html/head/model
    With element <model xforms-version="1.0.0"><instance><data id="hospitalar_v2" version="1" prefix="Hospitalar" delimiter="$">...

2026-02-18 10:01:01,046 [AWT-EventQueue-0] INFO  XFormParser - Creating FormDef from parsed XML finished in 25.824 ms
2026-02-18 10:01:01,149 [ForkJoinPool-6-worker-10] INFO  o.o.b.p.a.PullFromAggregateTracker - Pull Formulário da Vigilancia Comunitaria - Form downloaded
2026-02-18 10:01:01,150 [ForkJoinPool-6-worker-10] INFO  o.o.b.p.a.PullFromAggregateTracker - Pull Formulário da Vigilancia Comunitaria - Start getting submission IDs
2026-02-18 10:01:01,173 [ForkJoinPool-6-worker-4] INFO  o.o.b.p.a.PullFromAggregateTracker - Pull Formulário da Vigilancia Hospitalar - Laboratório - Form downloaded
2026-02-18 10:01:01,175 [ForkJoinPool-6-worker-4] INFO  o.o.b.p.a.PullFromAggregateTracker - Pull Formulário da Vigilancia Hospitalar - Laboratório - Start getting submission IDs
2026-02-18 10:01:01,190 [AWT-EventQueue-0] INFO  XFormParser - Reading XML and parsing with kXML2 finished in 18.704 ms
2026-02-18 10:01:01,198 [AWT-EventQueue-0] INFO  XFormParser - Consolidating text finished in 8.341 ms
2026-02-18 10:01:01,198 [AWT-EventQueue-0] INFO  XFormParser - Parsing form...
2026-02-18 10:01:01,199 [AWT-EventQueue-0] INFO  XFormParser - Title: "Formulário da Vigilancia Comunitaria"
2026-02-18 10:01:01,199 [AWT-EventQueue-0] WARN  XFormParser - XForm Parse Warning: Warning: 1 Unrecognized attributes found in Element [model] and will be ignored: [xforms-version] 
    Problem found at nodeset: /html/head/model
    With element <model xforms-version="1.0.0"><instance><data id="Comunidade_v3" version="1" prefix="Comunidade_v3" delimiter="$">...

2026-02-18 10:01:01,225 [ForkJoinPool-6-worker-8] INFO  o.o.b.p.a.PullFromAggregateTracker - Pull Resultados de testagem das vigilâncias - Form downloaded
2026-02-18 10:01:01,226 [ForkJoinPool-6-worker-8] INFO  o.o.b.p.a.PullFromAggregateTracker - Pull Resultados de testagem das vigilâncias - Start getting submission IDs
2026-02-18 10:01:01,239 [AWT-EventQueue-0] INFO  XFormParser - Creating FormDef from parsed XML finished in 40.251 ms
2026-02-18 10:01:01,251 [AWT-EventQueue-0] INFO  XFormParser - Reading XML and parsing with kXML2 finished in 2.154 ms
2026-02-18 10:01:01,251 [AWT-EventQueue-0] INFO  XFormParser - Consolidating text finished in 0.127 ms
2026-02-18 10:01:01,251 [AWT-EventQueue-0] INFO  XFormParser - Parsing form...
2026-02-18 10:01:01,251 [AWT-EventQueue-0] INFO  XFormParser - Title: "Formulário da Vigilancia Hospitalar - Laboratório"
2026-02-18 10:01:01,251 [AWT-EventQueue-0] WARN  XFormParser - XForm Parse Warning: Warning: 1 Unrecognized attributes found in Element [model] and will be ignored: [xforms-version] 
    Problem found at nodeset: /html/head/model
    With element <model xforms-version="1.0.0"><instance><data id="hospitalar_ib_v2" version="1" prefix="hospitalar_ib_v2" delimiter="$">...

2026-02-18 10:01:01,254 [AWT-EventQueue-0] INFO  XFormParser - Creating FormDef from parsed XML finished in 2.600 ms
2026-02-18 10:01:01,264 [AWT-EventQueue-0] INFO  XFormParser - Reading XML and parsing with kXML2 finished in 2.600 ms
2026-02-18 10:01:01,265 [AWT-EventQueue-0] INFO  XFormParser - Consolidating text finished in 0.649 ms
2026-02-18 10:01:01,265 [AWT-EventQueue-0] INFO  XFormParser - Parsing form...
2026-02-18 10:01:01,265 [AWT-EventQueue-0] INFO  XFormParser - Title: "Resultados de testagem das vigilâncias"
2026-02-18 10:01:01,265 [AWT-EventQueue-0] WARN  XFormParser - XForm Parse Warning: Warning: 1 Unrecognized attributes found in Element [model] and will be ignored: [xforms-version] 
    Problem found at nodeset: /html/head/model
    With element <model xforms-version="1.0.0"><instance><data id="hospitalar_LB_v2" version="2" prefix="Hospitalar LB_v2" delimiter="$">...

2026-02-18 10:01:01,312 [AWT-EventQueue-0] INFO  XFormParser - Creating FormDef from parsed XML finished in 47.504 ms
2026-02-18 10:01:01,361 [ForkJoinPool-6-worker-2] INFO  o.o.b.p.a.PullFromAggregateTracker - Pull Formulário da Vigilancia Hospitalar - Laboratório - Form downloaded
2026-02-18 10:01:01,362 [ForkJoinPool-6-worker-2] INFO  o.o.b.p.a.PullFromAggregateTracker - Pull Formulário da Vigilancia Hospitalar - Laboratório - Start getting submission IDs
2026-02-18 10:01:01,375 [AWT-EventQueue-0] INFO  XFormParser - Reading XML and parsing with kXML2 finished in 16.329 ms
2026-02-18 10:01:01,396 [AWT-EventQueue-0] INFO  XFormParser - Consolidating text finished in 21.145 ms
2026-02-18 10:01:01,396 [AWT-EventQueue-0] INFO  XFormParser - Parsing form...
2026-02-18 10:01:01,396 [AWT-EventQueue-0] INFO  XFormParser - Title: "Formulário da Vigilancia Comunitaria"
2026-02-18 10:01:01,397 [AWT-EventQueue-0] WARN  XFormParser - XForm Parse Warning: Warning: 1 Unrecognized attributes found in Element [model] and will be ignored: [xforms-version] 
    Problem found at nodeset: /html/head/model
    With element <model xforms-version="1.0.0"><instance><data id="Comunidade_v3" version="1" prefix="Comunidade_v3" delimiter="$">...

2026-02-18 10:01:01,427 [ForkJoinPool-6-worker-15] INFO  o.o.b.p.a.PullFromAggregateTracker - Pull Formulário da Vigilancia Hospitalar - Got the form manifest
2026-02-18 10:01:01,428 [ForkJoinPool-6-worker-15] INFO  o.o.b.p.a.PullFromAggregateTracker - Pull Formulário da Vigilancia Hospitalar - Skipping 1 form attachments that have been already downloaded
2026-02-18 10:01:01,428 [ForkJoinPool-6-worker-15] INFO  o.o.b.p.a.PullFromAggregateTracker - Pull Formulário da Vigilancia Hospitalar - Start getting submission IDs
2026-02-18 10:01:01,437 [ForkJoinPool-6-worker-10] INFO  o.o.b.p.a.PullFromAggregateTracker - Pull Formulário da Vigilancia Comunitaria - Got all the submission IDs
2026-02-18 10:01:01,440 [AWT-EventQueue-0] INFO  XFormParser - Creating FormDef from parsed XML finished in 43.033 ms
2026-02-18 10:01:01,454 [AWT-EventQueue-0] INFO  XFormParser - Reading XML and parsing with kXML2 finished in 0.597 ms
2026-02-18 10:01:01,455 [AWT-EventQueue-0] INFO  XFormParser - Consolidating text finished in 0.520 ms
2026-02-18 10:01:01,455 [AWT-EventQueue-0] INFO  XFormParser - Parsing form...
2026-02-18 10:01:01,455 [AWT-EventQueue-0] INFO  XFormParser - Title: "Formulário da Vigilancia Hospitalar - Laboratório"
2026-02-18 10:01:01,455 [AWT-EventQueue-0] WARN  XFormParser - XForm Parse Warning: Warning: 1 Unrecognized attributes found in Element [model] and will be ignored: [xforms-version] 
    Problem found at nodeset: /html/head/model
    With element <model xforms-version="1.0.0"><instance><data id="hospitalar_ib_v3" version="3" prefix="hospitalar_ib_v3" delimiter="$">...

2026-02-18 10:01:01,463 [AWT-EventQueue-0] INFO  XFormParser - Creating FormDef from parsed XML finished in 8.031 ms
2026-02-18 10:01:01,516 [ForkJoinPool-6-worker-1] INFO  o.o.b.p.a.PullFromAggregateTracker - Pull Formulário da Vigilancia Hospitalar - Form downloaded
2026-02-18 10:01:01,516 [ForkJoinPool-6-worker-1] INFO  o.o.b.p.a.PullFromAggregateTracker - Pull Formulário da Vigilancia Hospitalar - Start getting submission IDs
2026-02-18 10:01:01,519 [ForkJoinPool-6-worker-10] INFO  o.o.b.p.a.PullFromAggregateTracker - Push Formulário da Vigilancia Comunitaria - There are no submissions to download
2026-02-18 10:01:01,522 [ForkJoinPool-6-worker-10] INFO  o.o.b.p.a.PullFromAggregateTracker - Pull Formulário da Vigilancia Comunitaria - Success
2026-02-18 10:01:01,576 [ForkJoinPool-6-worker-4] INFO  o.o.b.p.a.PullFromAggregateTracker - Pull Formulário da Vigilancia Hospitalar - Laboratório - Got all the submission IDs
2026-02-18 10:01:01,578 [ForkJoinPool-6-worker-4] INFO  o.o.b.p.a.PullFromAggregateTracker - Push Formulário da Vigilancia Hospitalar - Laboratório - There are no submissions to download
2026-02-18 10:01:01,580 [ForkJoinPool-6-worker-4] INFO  o.o.b.p.a.PullFromAggregateTracker - Pull Formulário da Vigilancia Hospitalar - Laboratório - Success
2026-02-18 10:01:01,581 [AWT-EventQueue-0] INFO  XFormParser - Reading XML and parsing with kXML2 finished in 16.762 ms
2026-02-18 10:01:01,590 [AWT-EventQueue-0] INFO  XFormParser - Consolidating text finished in 7.218 ms
2026-02-18 10:01:01,590 [AWT-EventQueue-0] INFO  XFormParser - Parsing form...
2026-02-18 10:01:01,590 [AWT-EventQueue-0] INFO  XFormParser - Title: "Formulário da Vigilancia Hospitalar"
2026-02-18 10:01:01,590 [AWT-EventQueue-0] WARN  XFormParser - XForm Parse Warning: Warning: 1 Unrecognized attributes found in Element [model] and will be ignored: [xforms-version] 
    Problem found at nodeset: /html/head/model
    With element <model xforms-version="1.0.0"><instance><data id="hospitalar_v4" version="1" prefix="hospitalar_v4" delimiter="$">...

2026-02-18 10:01:01,625 [AWT-EventQueue-0] INFO  XFormParser - Creating FormDef from parsed XML finished in 34.751 ms
2026-02-18 10:01:01,649 [ForkJoinPool-6-worker-8] INFO  o.o.b.p.a.PullFromAggregateTracker - Pull Resultados de testagem das vigilâncias - Got all the submission IDs
2026-02-18 10:01:01,655 [ForkJoinPool-6-worker-2] INFO  o.o.b.p.a.PullFromAggregateTracker - Pull Formulário da Vigilancia Hospitalar - Laboratório - Got all the submission IDs
2026-02-18 10:01:01,656 [ForkJoinPool-6-worker-8] INFO  o.o.b.p.a.PullFromAggregateTracker - Push Resultados de testagem das vigilâncias - There are no submissions to download
2026-02-18 10:01:01,657 [ForkJoinPool-6-worker-2] INFO  o.o.b.p.a.PullFromAggregateTracker - Push Formulário da Vigilancia Hospitalar - Laboratório - There are no submissions to download
2026-02-18 10:01:01,657 [ForkJoinPool-6-worker-8] INFO  o.o.b.p.a.PullFromAggregateTracker - Pull Resultados de testagem das vigilâncias - Success
2026-02-18 10:01:01,729 [ForkJoinPool-6-worker-2] INFO  o.o.b.p.a.PullFromAggregateTracker - Pull Formulário da Vigilancia Hospitalar - Laboratório - Success
2026-02-18 10:01:01,734 [ForkJoinPool-6-worker-15] INFO  o.o.b.p.a.PullFromAggregateTracker - Pull Formulário da Vigilancia Hospitalar - Got all the submission IDs
2026-02-18 10:01:01,798 [ForkJoinPool-6-worker-1] INFO  o.o.b.p.a.PullFromAggregateTracker - Pull Formulário da Vigilancia Hospitalar - Got all the submission IDs
2026-02-18 10:01:01,805 [ForkJoinPool-6-worker-15] INFO  o.o.b.p.a.PullFromAggregateTracker - Push Formulário da Vigilancia Hospitalar - There are no submissions to download
2026-02-18 10:01:01,806 [ForkJoinPool-6-worker-15] INFO  o.o.b.p.a.PullFromAggregateTracker - Pull Formulário da Vigilancia Hospitalar - Success
2026-02-18 10:01:01,867 [ForkJoinPool-6-worker-1] INFO  o.o.b.p.a.PullFromAggregateTracker - Push Formulário da Vigilancia Hospitalar - There are no submissions to download
2026-02-18 10:01:01,869 [ForkJoinPool-6-worker-1] INFO  o.o.b.p.a.PullFromAggregateTracker - Pull Formulário da Vigilancia Hospitalar - Success
2026-02-18 10:01:01,906 [ForkJoinPool-6-worker-6] INFO  o.o.b.p.a.PullFromAggregateTracker - Pull Formulário da Vigilancia Comunitaria - Form downloaded
2026-02-18 10:01:01,907 [ForkJoinPool-6-worker-6] INFO  o.o.b.p.a.PullFromAggregateTracker - Pull Formulário da Vigilancia Comunitaria - Start getting submission IDs
2026-02-18 10:01:01,949 [ForkJoinPool-6-worker-11] INFO  o.o.b.p.a.PullFromAggregateTracker - Pull Formulário da Vigilancia Hospitalar - Form downloaded
2026-02-18 10:01:01,949 [ForkJoinPool-6-worker-11] INFO  o.o.b.p.a.PullFromAggregateTracker - Pull Formulário da Vigilancia Hospitalar - Start getting submission IDs
2026-02-18 10:01:01,978 [AWT-EventQueue-0] INFO  XFormParser - Reading XML and parsing with kXML2 finished in 15.452 ms
2026-02-18 10:01:01,986 [AWT-EventQueue-0] INFO  XFormParser - Consolidating text finished in 7.368 ms
2026-02-18 10:01:01,986 [AWT-EventQueue-0] INFO  XFormParser - Parsing form...
2026-02-18 10:01:01,986 [AWT-EventQueue-0] INFO  XFormParser - Title: "Formulário da Vigilancia Comunitaria"
2026-02-18 10:01:01,986 [AWT-EventQueue-0] WARN  XFormParser - XForm Parse Warning: Warning: 1 Unrecognized attributes found in Element [model] and will be ignored: [xforms-version] 
    Problem found at nodeset: /html/head/model
    With element <model xforms-version="1.0.0"><instance><data id="Comunidade_v4" version="1" prefix="Comunidade_v4" delimiter="$">...

2026-02-18 10:01:02,021 [AWT-EventQueue-0] INFO  XFormParser - Creating FormDef from parsed XML finished in 35.221 ms
2026-02-18 10:01:02,054 [AWT-EventQueue-0] INFO  XFormParser - Reading XML and parsing with kXML2 finished in 14.822 ms
2026-02-18 10:01:02,059 [AWT-EventQueue-0] INFO  XFormParser - Consolidating text finished in 5.628 ms
2026-02-18 10:01:02,060 [AWT-EventQueue-0] INFO  XFormParser - Parsing form...
2026-02-18 10:01:02,060 [AWT-EventQueue-0] INFO  XFormParser - Title: "Formulário da Vigilancia Hospitalar"
2026-02-18 10:01:02,060 [AWT-EventQueue-0] WARN  XFormParser - XForm Parse Warning: Warning: 1 Unrecognized attributes found in Element [model] and will be ignored: [xforms-version] 
    Problem found at nodeset: /html/head/model
    With element <model xforms-version="1.0.0"><instance><data id="hospitalar_v6" version="6" prefix="hospitalar_v6" delimiter="$">...

2026-02-18 10:01:02,133 [ForkJoinPool-6-worker-6] INFO  o.o.b.p.a.PullFromAggregateTracker - Pull Formulário da Vigilancia Comunitaria - Got all the submission IDs
2026-02-18 10:01:02,144 [AWT-EventQueue-0] INFO  XFormParser - Creating FormDef from parsed XML finished in 84.228 ms
2026-02-18 10:01:02,166 [ForkJoinPool-6-worker-11] INFO  o.o.b.p.a.PullFromAggregateTracker - Pull Formulário da Vigilancia Hospitalar - Got all the submission IDs
2026-02-18 10:01:02,216 [ForkJoinPool-6-worker-6] INFO  o.o.b.p.a.PullFromAggregateTracker - Push Formulário da Vigilancia Comunitaria - There are no submissions to download
2026-02-18 10:01:02,218 [ForkJoinPool-6-worker-6] INFO  o.o.b.p.a.PullFromAggregateTracker - Pull Formulário da Vigilancia Comunitaria - Success
2026-02-18 10:01:02,259 [ForkJoinPool-6-worker-11] INFO  o.o.b.p.a.PullFromAggregateTracker - Push Formulário da Vigilancia Hospitalar - There are no submissions to download
2026-02-18 10:01:02,261 [ForkJoinPool-6-worker-11] INFO  o.o.b.p.a.PullFromAggregateTracker - Pull Formulário da Vigilancia Hospitalar - Success
2026-02-18 10:01:02,270 [ForkJoinPool-6-worker-3] INFO  o.o.b.p.a.PullFromAggregateTracker - Pull Formulário da Vigilancia Hospitalar - Form downloaded
2026-02-18 10:01:02,271 [ForkJoinPool-6-worker-3] INFO  o.o.b.p.a.PullFromAggregateTracker - Pull Formulário da Vigilancia Hospitalar - Start getting submission IDs
2026-02-18 10:01:02,337 [AWT-EventQueue-0] INFO  XFormParser - Reading XML and parsing with kXML2 finished in 25.787 ms
2026-02-18 10:01:02,345 [AWT-EventQueue-0] INFO  XFormParser - Consolidating text finished in 7.161 ms
2026-02-18 10:01:02,345 [AWT-EventQueue-0] INFO  XFormParser - Parsing form...
2026-02-18 10:01:02,345 [AWT-EventQueue-0] INFO  XFormParser - Title: "Formulário da Vigilancia Hospitalar"
2026-02-18 10:01:02,345 [AWT-EventQueue-0] WARN  XFormParser - XForm Parse Warning: Warning: 1 Unrecognized attributes found in Element [model] and will be ignored: [xforms-version] 
    Problem found at nodeset: /html/head/model
    With element <model xforms-version="1.0.0"><instance><data id="hospitalar_v3" version="3" prefix="Hospitalar_v3" delimiter="$">...

2026-02-18 10:01:02,378 [AWT-EventQueue-0] INFO  XFormParser - Creating FormDef from parsed XML finished in 33.640 ms
2026-02-18 10:01:02,487 [ForkJoinPool-6-worker-3] INFO  o.o.b.p.a.PullFromAggregateTracker - Pull Formulário da Vigilancia Hospitalar - Got all the submission IDs
2026-02-18 10:01:02,561 [ForkJoinPool-6-worker-3] INFO  o.o.b.p.a.PullFromAggregateTracker - Push Formulário da Vigilancia Hospitalar - There are no submissions to download
2026-02-18 10:01:02,563 [ForkJoinPool-6-worker-3] INFO  o.o.b.p.a.PullFromAggregateTracker - Pull Formulário da Vigilancia Hospitalar - Success
2026-02-18 10:01:03,683 [ForkJoinPool-6-worker-9] INFO  o.o.b.p.a.PullFromAggregateTracker - Pull Formulário da Vigilancia Hospitalar - Form downloaded
2026-02-18 10:01:03,684 [ForkJoinPool-6-worker-9] INFO  o.o.b.p.a.PullFromAggregateTracker - Pull Formulário da Vigilancia Hospitalar - Start getting submission IDs
2026-02-18 10:01:03,905 [ForkJoinPool-6-worker-9] INFO  o.o.b.p.a.PullFromAggregateTracker - Pull Formulário da Vigilancia Hospitalar - Got all the submission IDs
2026-02-18 10:01:03,991 [ForkJoinPool-6-worker-9] INFO  o.o.b.p.a.PullFromAggregateTracker - Push Formulário da Vigilancia Hospitalar - There are no submissions to download
2026-02-18 10:01:03,994 [ForkJoinPool-6-worker-9] INFO  o.o.b.p.a.PullFromAggregateTracker - Pull Formulário da Vigilancia Hospitalar - Success
2026-02-18 10:01:04,071 [AWT-EventQueue-0] INFO  XFormParser - Reading XML and parsing with kXML2 finished in 16.054 ms
2026-02-18 10:01:04,081 [AWT-EventQueue-0] INFO  XFormParser - Consolidating text finished in 8.260 ms
2026-02-18 10:01:04,081 [AWT-EventQueue-0] INFO  XFormParser - Parsing form...
2026-02-18 10:01:04,081 [AWT-EventQueue-0] INFO  XFormParser - Title: "Formulário da Vigilancia Hospitalar"
2026-02-18 10:01:04,081 [AWT-EventQueue-0] WARN  XFormParser - XForm Parse Warning: Warning: 1 Unrecognized attributes found in Element [model] and will be ignored: [xforms-version] 
    Problem found at nodeset: /html/head/model
    With element <model xforms-version="1.0.0"><instance><data id="hospitalar_v5" version="1" prefix="hospitalar_v5" delimiter="$">...

2026-02-18 10:01:04,117 [AWT-EventQueue-0] INFO  XFormParser - Creating FormDef from parsed XML finished in 35.313 ms
2026-02-18 10:01:27,661 [Thread-10] INFO  org.javarosa.core.model.FormDef - Dynamic select question has no choices! [instance(dis)/root/item]. If this occurs while filling out a form (and not while saving an incomplete form), the filter condition may have eliminated all the choices. Is that what you intended?
2026-02-18 10:01:27,668 [Thread-10] INFO  org.javarosa.core.model.FormDef - Dynamic select question has no choices! [instance(bairro)/root/item]. If this occurs while filling out a form (and not while saving an incomplete form), the filter condition may have eliminated all the choices. Is that what you intended?
2026-02-18 10:01:27,775 [Thread-10] INFO  org.javarosa.core.model.FormDef - Dynamic select question has no choices! [instance(tipo_amostra_options)/root/item]. If this occurs while filling out a form (and not while saving an incomplete form), the filter condition may have eliminated all the choices. Is that what you intended?
2026-02-18 10:01:27,823 [Thread-10] INFO  org.javarosa.core.model.FormDef - Dynamic select question has no choices! [instance(Distrito_option_type)/root/item]. If this occurs while filling out a form (and not while saving an incomplete form), the filter condition may have eliminated all the choices. Is that what you intended?
2026-02-18 10:01:27,983 [Thread-10] INFO  org.javarosa.core.model.FormDef - Dynamic select question has no choices! [instance(dis)/root/item]. If this occurs while filling out a form (and not while saving an incomplete form), the filter condition may have eliminated all the choices. Is that what you intended?
2026-02-18 10:01:28,047 [Thread-10] INFO  org.javarosa.core.model.FormDef - Dynamic select question has no choices! [instance(bairro)/root/item]. If this occurs while filling out a form (and not while saving an incomplete form), the filter condition may have eliminated all the choices. Is that what you intended?
2026-02-18 10:01:28,442 [ForkJoinPool-7-worker-2] INFO  o.o.b.export.ExportProcessTracker - Exported in 00:00:00.7339404
2026-02-18 10:01:28,537 [ForkJoinPool-7-worker-13] INFO  o.o.b.export.ExportProcessTracker - Exported in 00:00:00.7244385
2026-02-18 10:01:29,010 [ForkJoinPool-7-worker-11] INFO  o.o.b.export.ExportProcessTracker - Exported in 00:00:01.2892135
2026-02-18 10:01:30,706 [ForkJoinPool-7-worker-6] INFO  o.o.b.export.ExportProcessTracker - Exported in 00:00:02.8716491
2026-02-18 10:01:40,952 [ForkJoinPool-7-worker-10] INFO  o.o.b.export.ExportProcessTracker - Exported in 00:00:12.288907
2026-02-18 10:01:48,540 [ForkJoinPool-7-worker-9] INFO  o.o.b.export.ExportProcessTracker - Exported in 00:00:20.8523769
2026-02-18 10:01:52,789 [ForkJoinPool-7-worker-15] INFO  o.o.b.export.ExportProcessTracker - Exported in 00:00:24.9423746
2026-02-18 10:01:53,572 [ForkJoinPool-7-worker-4] INFO  o.o.b.export.ExportProcessTracker - Exported in 00:00:25.7739411
