2025-12-15 10:51:31,411 [ForkJoinPool-5-worker-13] INFO  o.o.b.p.a.PullFromAggregateTracker - Pull VIGILÂNCIA  AMBIENTAL - Start pulling form and submissions
2025-12-15 10:51:31,409 [ForkJoinPool-5-worker-9] INFO  o.o.b.p.a.PullFromAggregateTracker - Pull Formulário da Vigilancia Hospitalar - Start pulling form and submissions
2025-12-15 10:51:31,409 [ForkJoinPool-5-worker-2] INFO  o.o.b.p.a.PullFromAggregateTracker - Pull Formulário da Vigilancia Hospitalar - Laboratório - Start pulling form and submissions
2025-12-15 10:51:31,417 [ForkJoinPool-5-worker-10] INFO  o.o.b.p.a.PullFromAggregateTracker - Pull Formulário da Vigilancia Hospitalar - Start pulling form and submissions
2025-12-15 10:51:31,417 [ForkJoinPool-5-worker-3] INFO  o.o.b.p.a.PullFromAggregateTracker - Pull VIGILÂNCIA  AMBIENTAL - Start pulling form and submissions
2025-12-15 10:51:31,411 [ForkJoinPool-5-worker-4] INFO  o.o.b.p.a.PullFromAggregateTracker - Pull Formulário da Vigilancia Comunitaria - Start pulling form and submissions
2025-12-15 10:51:31,414 [ForkJoinPool-5-worker-15] INFO  o.o.b.p.a.PullFromAggregateTracker - Pull Formulario da  Componente  Genomica (IDS) - Start pulling form and submissions
2025-12-15 10:51:31,411 [ForkJoinPool-5-worker-11] INFO  o.o.b.p.a.PullFromAggregateTracker - Pull Formulário da Vigilancia Hospitalar - Start pulling form and submissions
2025-12-15 10:51:31,417 [ForkJoinPool-5-worker-8] INFO  o.o.b.p.a.PullFromAggregateTracker - Pull Formulário da Vigilancia Comunitaria - Start pulling form and submissions
2025-12-15 10:51:31,416 [ForkJoinPool-5-worker-1] INFO  o.o.b.p.a.PullFromAggregateTracker - Pull Formulário da Vigilancia Hospitalar - Laboratório - Start pulling form and submissions
2025-12-15 10:51:31,414 [ForkJoinPool-5-worker-6] INFO  o.o.b.p.a.PullFromAggregateTracker - Pull Formulário da Vigilancia Hospitalar - Start pulling form and submissions
2025-12-15 10:51:31,432 [ForkJoinPool-5-worker-11] INFO  o.o.b.p.a.PullFromAggregateTracker - Pull Formulário da Vigilancia Hospitalar - Start downloading form
2025-12-15 10:51:31,432 [ForkJoinPool-5-worker-3] INFO  o.o.b.p.a.PullFromAggregateTracker - Pull VIGILÂNCIA  AMBIENTAL - Start downloading form
2025-12-15 10:51:31,432 [ForkJoinPool-5-worker-15] INFO  o.o.b.p.a.PullFromAggregateTracker - Pull Formulario da  Componente  Genomica (IDS) - Start downloading form
2025-12-15 10:51:31,428 [ForkJoinPool-5-worker-13] INFO  o.o.b.p.a.PullFromAggregateTracker - Pull VIGILÂNCIA  AMBIENTAL - Start downloading form
2025-12-15 10:51:31,432 [ForkJoinPool-5-worker-6] INFO  o.o.b.p.a.PullFromAggregateTracker - Pull Formulário da Vigilancia Hospitalar - Start downloading form
2025-12-15 10:51:31,432 [ForkJoinPool-5-worker-8] INFO  o.o.b.p.a.PullFromAggregateTracker - Pull Formulário da Vigilancia Comunitaria - Start downloading form
2025-12-15 10:51:31,430 [ForkJoinPool-5-worker-9] INFO  o.o.b.p.a.PullFromAggregateTracker - Pull Formulário da Vigilancia Hospitalar - Start downloading form
2025-12-15 10:51:31,430 [ForkJoinPool-5-worker-2] INFO  o.o.b.p.a.PullFromAggregateTracker - Pull Formulário da Vigilancia Hospitalar - Laboratório - Start downloading form
2025-12-15 10:51:31,432 [ForkJoinPool-5-worker-4] INFO  o.o.b.p.a.PullFromAggregateTracker - Pull Formulário da Vigilancia Comunitaria - Start downloading form
2025-12-15 10:51:31,432 [ForkJoinPool-5-worker-10] INFO  o.o.b.p.a.PullFromAggregateTracker - Pull Formulário da Vigilancia Hospitalar - Start downloading form
2025-12-15 10:51:31,432 [ForkJoinPool-5-worker-1] INFO  o.o.b.p.a.PullFromAggregateTracker - Pull Formulário da Vigilancia Hospitalar - Laboratório - Start downloading form
2025-12-15 10:51:37,172 [ForkJoinPool-5-worker-2] INFO  o.o.b.p.a.PullFromAggregateTracker - Pull Formulário da Vigilancia Hospitalar - Laboratório - Form downloaded
2025-12-15 10:51:37,177 [ForkJoinPool-5-worker-2] INFO  o.o.b.p.a.PullFromAggregateTracker - Pull Formulário da Vigilancia Hospitalar - Laboratório - Start getting form manifest
2025-12-15 10:51:40,415 [ForkJoinPool-5-worker-13] INFO  o.o.b.p.a.PullFromAggregateTracker - Pull VIGILÂNCIA  AMBIENTAL - Form downloaded
2025-12-15 10:51:40,422 [ForkJoinPool-5-worker-13] INFO  o.o.b.p.a.PullFromAggregateTracker - Pull VIGILÂNCIA  AMBIENTAL - Start getting form manifest
2025-12-15 10:51:43,978 [ForkJoinPool-5-worker-1] INFO  o.o.b.p.a.PullFromAggregateTracker - Pull Formulário da Vigilancia Hospitalar - Laboratório - Form downloaded
2025-12-15 10:51:43,982 [ForkJoinPool-5-worker-1] INFO  o.o.b.p.a.PullFromAggregateTracker - Pull Formulário da Vigilancia Hospitalar - Laboratório - Start getting submission IDs
2025-12-15 10:51:47,289 [ForkJoinPool-5-worker-3] INFO  o.o.b.p.a.PullFromAggregateTracker - Pull VIGILÂNCIA  AMBIENTAL - Form downloaded
2025-12-15 10:51:47,289 [ForkJoinPool-5-worker-3] INFO  o.o.b.p.a.PullFromAggregateTracker - Pull VIGILÂNCIA  AMBIENTAL - Start getting submission IDs
2025-12-15 10:51:48,753 [ForkJoinPool-5-worker-2] INFO  o.o.b.p.a.PullFromAggregateTracker - Pull Formulário da Vigilancia Hospitalar - Laboratório - Got the form manifest
2025-12-15 10:51:48,754 [ForkJoinPool-5-worker-2] INFO  o.o.b.p.a.PullFromAggregateTracker - Pull Formulário da Vigilancia Hospitalar - Laboratório - Skipping 1 form attachments that have been already downloaded
2025-12-15 10:51:48,755 [ForkJoinPool-5-worker-2] INFO  o.o.b.p.a.PullFromAggregateTracker - Pull Formulário da Vigilancia Hospitalar - Laboratório - Start getting submission IDs
2025-12-15 10:51:52,123 [ForkJoinPool-5-worker-13] INFO  o.o.b.p.a.PullFromAggregateTracker - Pull VIGILÂNCIA  AMBIENTAL - Got the form manifest
2025-12-15 10:51:52,124 [ForkJoinPool-5-worker-13] INFO  o.o.b.p.a.PullFromAggregateTracker - Pull VIGILÂNCIA  AMBIENTAL - Skipping 1 form attachments that have been already downloaded
2025-12-15 10:51:52,124 [ForkJoinPool-5-worker-13] INFO  o.o.b.p.a.PullFromAggregateTracker - Pull VIGILÂNCIA  AMBIENTAL - Start getting submission IDs
2025-12-15 10:51:53,077 [ForkJoinPool-5-worker-3] INFO  o.o.b.p.a.PullFromAggregateTracker - Pull VIGILÂNCIA  AMBIENTAL - Got all the submission IDs
2025-12-15 10:51:53,122 [ForkJoinPool-5-worker-3] INFO  o.o.b.p.a.PullFromAggregateTracker - Push VIGILÂNCIA  AMBIENTAL - There are no submissions to download
2025-12-15 10:51:53,140 [ForkJoinPool-5-worker-3] INFO  o.o.b.p.a.PullFromAggregateTracker - Pull VIGILÂNCIA  AMBIENTAL - Success
2025-12-15 10:51:53,147 [ForkJoinPool-5-worker-3] INFO  o.o.b.p.a.PullFromAggregateTracker - Pull VIGILÂNCIA  AMBIENTAL - Start pulling form and submissions
2025-12-15 10:51:53,147 [ForkJoinPool-5-worker-3] INFO  o.o.b.p.a.PullFromAggregateTracker - Pull VIGILÂNCIA  AMBIENTAL - Start downloading form
2025-12-15 10:51:53,303 [AWT-EventQueue-0] INFO  XFormParser - Reading XML and parsing with kXML2 finished in 10.678 ms
2025-12-15 10:51:53,318 [AWT-EventQueue-0] INFO  XFormParser - Consolidating text finished in 9.859 ms
2025-12-15 10:51:53,320 [AWT-EventQueue-0] INFO  XFormParser - Parsing form...
2025-12-15 10:51:53,320 [AWT-EventQueue-0] INFO  XFormParser - Title: "VIGILÂNCIA  AMBIENTAL"
2025-12-15 10:51:53,320 [AWT-EventQueue-0] WARN  XFormParser - XForm Parse Warning: Warning: 1 Unrecognized attributes found in Element [model] and will be ignored: [xforms-version] 
    Problem found at nodeset: /html/head/model
    With element <model xforms-version="1.0.0"><instance><data id="VIGILÂNCIA  AMBIENTAL_v2" version="2" prefix="VIGILÂNCIA  AMBIENTAL_v2" delimiter="$">...

2025-12-15 10:51:53,389 [AWT-EventQueue-0] INFO  XFormParser - Creating FormDef from parsed XML finished in 68.642 ms
2025-12-15 10:51:55,339 [ForkJoinPool-5-worker-13] INFO  o.o.b.p.a.PullFromAggregateTracker - Pull VIGILÂNCIA  AMBIENTAL - Got all the submission IDs
2025-12-15 10:51:55,383 [ForkJoinPool-5-worker-13] INFO  o.o.b.p.a.PullFromAggregateTracker - Push VIGILÂNCIA  AMBIENTAL - There are no submissions to download
2025-12-15 10:51:55,388 [ForkJoinPool-5-worker-13] INFO  o.o.b.p.a.PullFromAggregateTracker - Pull VIGILÂNCIA  AMBIENTAL - Success
2025-12-15 10:51:55,396 [ForkJoinPool-5-worker-13] INFO  o.o.b.p.a.PullFromAggregateTracker - Pull Formulário da Vigilancia Comunitaria - Start pulling form and submissions
2025-12-15 10:51:55,396 [ForkJoinPool-5-worker-13] INFO  o.o.b.p.a.PullFromAggregateTracker - Pull Formulário da Vigilancia Comunitaria - Start downloading form
2025-12-15 10:51:56,606 [ForkJoinPool-5-worker-1] INFO  o.o.b.p.a.PullFromAggregateTracker - Pull Formulário da Vigilancia Hospitalar - Laboratório - Got all the submission IDs
2025-12-15 10:51:56,646 [ForkJoinPool-5-worker-1] INFO  o.o.b.p.a.PullFromAggregateTracker - Pull Formulário da Vigilancia Hospitalar - Laboratório - Start downloading submission 1 of 4
2025-12-15 10:52:01,023 [ForkJoinPool-5-worker-15] INFO  o.o.b.p.a.PullFromAggregateTracker - Pull Formulario da  Componente  Genomica (IDS) - Form downloaded
2025-12-15 10:52:01,025 [ForkJoinPool-5-worker-15] INFO  o.o.b.p.a.PullFromAggregateTracker - Pull Formulario da  Componente  Genomica (IDS) - Start getting submission IDs
2025-12-15 10:52:01,483 [ForkJoinPool-5-worker-2] INFO  o.o.b.p.a.PullFromAggregateTracker - Pull Formulário da Vigilancia Hospitalar - Laboratório - Got all the submission IDs
2025-12-15 10:52:01,501 [ForkJoinPool-5-worker-2] INFO  o.o.b.p.a.PullFromAggregateTracker - Pull Formulário da Vigilancia Hospitalar - Laboratório - Start downloading submission 1 of 31
2025-12-15 10:52:03,041 [ForkJoinPool-5-worker-3] INFO  o.o.b.p.a.PullFromAggregateTracker - Pull VIGILÂNCIA  AMBIENTAL - Form downloaded
2025-12-15 10:52:03,043 [ForkJoinPool-5-worker-3] INFO  o.o.b.p.a.PullFromAggregateTracker - Pull VIGILÂNCIA  AMBIENTAL - Start getting submission IDs
2025-12-15 10:52:03,531 [ForkJoinPool-5-worker-1] INFO  o.o.b.p.a.PullFromAggregateTracker - Pull Formulário da Vigilancia Hospitalar - Laboratório - Submission 1 of 4 downloaded
2025-12-15 10:52:03,536 [ForkJoinPool-5-worker-1] INFO  o.o.b.p.a.PullFromAggregateTracker - Pull Formulário da Vigilancia Hospitalar - Laboratório - Start downloading submission 2 of 4
2025-12-15 10:52:03,989 [ForkJoinPool-5-worker-15] INFO  o.o.b.p.a.PullFromAggregateTracker - Pull Formulario da  Componente  Genomica (IDS) - Got all the submission IDs
2025-12-15 10:52:04,039 [ForkJoinPool-5-worker-6] INFO  o.o.b.p.a.PullFromAggregateTracker - Pull Formulário da Vigilancia Hospitalar - Form downloaded
2025-12-15 10:52:04,043 [ForkJoinPool-5-worker-15] INFO  o.o.b.p.a.PullFromAggregateTracker - Push Formulario da  Componente  Genomica (IDS) - There are no submissions to download
2025-12-15 10:52:04,043 [ForkJoinPool-5-worker-6] INFO  o.o.b.p.a.PullFromAggregateTracker - Pull Formulário da Vigilancia Hospitalar - Start getting form manifest
2025-12-15 10:52:04,133 [ForkJoinPool-5-worker-15] INFO  o.o.b.p.a.PullFromAggregateTracker - Pull Formulario da  Componente  Genomica (IDS) - Success
2025-12-15 10:52:04,140 [ForkJoinPool-5-worker-15] INFO  o.o.b.p.a.PullFromAggregateTracker - Pull Formulário da Vigilancia Hospitalar - Start pulling form and submissions
2025-12-15 10:52:04,140 [ForkJoinPool-5-worker-15] INFO  o.o.b.p.a.PullFromAggregateTracker - Pull Formulário da Vigilancia Hospitalar - Start downloading form
2025-12-15 10:52:04,219 [AWT-EventQueue-0] INFO  XFormParser - Reading XML and parsing with kXML2 finished in 23.450 ms
2025-12-15 10:52:04,229 [AWT-EventQueue-0] INFO  XFormParser - Consolidating text finished in 13.072 ms
2025-12-15 10:52:04,233 [AWT-EventQueue-0] INFO  XFormParser - Parsing form...
2025-12-15 10:52:04,233 [AWT-EventQueue-0] INFO  XFormParser - Title: "Formulário da Vigilancia Hospitalar"
2025-12-15 10:52:04,233 [AWT-EventQueue-0] WARN  XFormParser - XForm Parse Warning: Warning: 1 Unrecognized attributes found in Element [model] and will be ignored: [xforms-version] 
    Problem found at nodeset: /html/head/model
    With element <model xforms-version="1.0.0"><instance><data id="hospitalar_v2" version="1" prefix="Hospitalar" delimiter="$">...

2025-12-15 10:52:04,402 [AWT-EventQueue-0] INFO  XFormParser - Creating FormDef from parsed XML finished in 168.996 ms
2025-12-15 10:52:04,428 [AWT-EventQueue-0] INFO  XFormParser - Reading XML and parsing with kXML2 finished in 6.481 ms
2025-12-15 10:52:04,432 [AWT-EventQueue-0] INFO  XFormParser - Consolidating text finished in 2.845 ms
2025-12-15 10:52:04,432 [AWT-EventQueue-0] INFO  XFormParser - Parsing form...
2025-12-15 10:52:04,432 [AWT-EventQueue-0] INFO  XFormParser - Title: "VIGILÂNCIA  AMBIENTAL"
2025-12-15 10:52:04,432 [AWT-EventQueue-0] WARN  XFormParser - XForm Parse Warning: Warning: 1 Unrecognized attributes found in Element [model] and will be ignored: [xforms-version] 
    Problem found at nodeset: /html/head/model
    With element <model xforms-version="1.0.0"><instance><data id="VIGILÂNCIA  AMBIENTAL_v3" version="3" prefix="VIGILÂNCIA  AMBIENTAL_v3" delimiter="$">...

2025-12-15 10:52:04,454 [ForkJoinPool-5-worker-3] INFO  o.o.b.p.a.PullFromAggregateTracker - Pull VIGILÂNCIA  AMBIENTAL - Got all the submission IDs
2025-12-15 10:52:04,463 [ForkJoinPool-5-worker-2] INFO  o.o.b.p.a.PullFromAggregateTracker - Pull Formulário da Vigilancia Hospitalar - Laboratório - Submission 1 of 31 downloaded
2025-12-15 10:52:04,469 [ForkJoinPool-5-worker-2] INFO  o.o.b.p.a.PullFromAggregateTracker - Pull Formulário da Vigilancia Hospitalar - Laboratório - Start downloading submission 2 of 31
2025-12-15 10:52:04,483 [ForkJoinPool-5-worker-3] INFO  o.o.b.p.a.PullFromAggregateTracker - Push VIGILÂNCIA  AMBIENTAL - There are no submissions to download
2025-12-15 10:52:04,483 [AWT-EventQueue-0] INFO  XFormParser - Creating FormDef from parsed XML finished in 49.523 ms
2025-12-15 10:52:04,525 [ForkJoinPool-5-worker-3] INFO  o.o.b.p.a.PullFromAggregateTracker - Pull VIGILÂNCIA  AMBIENTAL - Success
2025-12-15 10:52:04,530 [ForkJoinPool-5-worker-3] INFO  o.o.b.p.a.PullFromAggregateTracker - Pull Formulário da Vigilancia Hospitalar - Laboratório - Start downloading submission 3 of 4
2025-12-15 10:52:04,916 [ForkJoinPool-5-worker-1] INFO  o.o.b.p.a.PullFromAggregateTracker - Pull Formulário da Vigilancia Hospitalar - Laboratório - Submission 2 of 4 downloaded
2025-12-15 10:52:04,919 [ForkJoinPool-5-worker-1] INFO  o.o.b.p.a.PullFromAggregateTracker - Pull Formulário da Vigilancia Hospitalar - Laboratório - Start downloading submission 4 of 4
2025-12-15 10:52:04,921 [ForkJoinPool-5-worker-6] INFO  o.o.b.p.a.PullFromAggregateTracker - Pull Formulário da Vigilancia Hospitalar - Got the form manifest
2025-12-15 10:52:04,925 [ForkJoinPool-5-worker-6] INFO  o.o.b.p.a.PullFromAggregateTracker - Pull Formulário da Vigilancia Hospitalar - Skipping 1 form attachments that have been already downloaded
2025-12-15 10:52:04,925 [ForkJoinPool-5-worker-6] INFO  o.o.b.p.a.PullFromAggregateTracker - Pull Formulário da Vigilancia Hospitalar - Start getting submission IDs
2025-12-15 10:52:05,373 [ForkJoinPool-5-worker-2] INFO  o.o.b.p.a.PullFromAggregateTracker - Pull Formulário da Vigilancia Hospitalar - Laboratório - Submission 2 of 31 downloaded
2025-12-15 10:52:05,375 [ForkJoinPool-5-worker-2] INFO  o.o.b.p.a.PullFromAggregateTracker - Pull Formulário da Vigilancia Hospitalar - Laboratório - Start downloading submission 3 of 31
2025-12-15 10:52:06,937 [ForkJoinPool-5-worker-3] INFO  o.o.b.p.a.PullFromAggregateTracker - Pull Formulário da Vigilancia Hospitalar - Laboratório - Submission 3 of 4 downloaded
2025-12-15 10:52:06,946 [ForkJoinPool-5-worker-3] INFO  o.o.b.p.a.PullFromAggregateTracker - Pull VIGILÂNCIA  AMBIENTAL - Start pulling form and submissions
2025-12-15 10:52:06,948 [ForkJoinPool-5-worker-3] INFO  o.o.b.p.a.PullFromAggregateTracker - Pull VIGILÂNCIA  AMBIENTAL - Start downloading form
2025-12-15 10:52:07,421 [ForkJoinPool-5-worker-1] INFO  o.o.b.p.a.PullFromAggregateTracker - Pull Formulário da Vigilancia Hospitalar - Laboratório - Submission 4 of 4 downloaded
2025-12-15 10:52:07,424 [ForkJoinPool-5-worker-1] INFO  o.o.b.p.a.PullFromAggregateTracker - Pull Formulário da Vigilancia Hospitalar - Laboratório - Success
2025-12-15 10:52:07,431 [ForkJoinPool-5-worker-1] INFO  o.o.b.p.a.PullFromAggregateTracker - Pull Formulário da Vigilancia Hospitalar - Laboratório - Start downloading submission 4 of 31
2025-12-15 10:52:09,059 [ForkJoinPool-5-worker-2] INFO  o.o.b.p.a.PullFromAggregateTracker - Pull Formulário da Vigilancia Hospitalar - Laboratório - Submission 3 of 31 downloaded
2025-12-15 10:52:09,063 [ForkJoinPool-5-worker-2] INFO  o.o.b.p.a.PullFromAggregateTracker - Pull Formulário da Vigilancia Hospitalar - Laboratório - Start downloading submission 5 of 31
2025-12-15 10:52:13,635 [ForkJoinPool-5-worker-4] INFO  o.o.b.p.a.PullFromAggregateTracker - Pull Formulário da Vigilancia Comunitaria - Form downloaded
2025-12-15 10:52:13,636 [ForkJoinPool-5-worker-4] INFO  o.o.b.p.a.PullFromAggregateTracker - Pull Formulário da Vigilancia Comunitaria - Start getting form manifest
2025-12-15 10:52:14,012 [ForkJoinPool-5-worker-1] INFO  o.o.b.p.a.PullFromAggregateTracker - Pull Formulário da Vigilancia Hospitalar - Laboratório - Submission 4 of 31 downloaded
2025-12-15 10:52:14,014 [ForkJoinPool-5-worker-1] INFO  o.o.b.p.a.PullFromAggregateTracker - Pull Formulário da Vigilancia Hospitalar - Laboratório - Start downloading submission 6 of 31
2025-12-15 10:52:14,461 [ForkJoinPool-5-worker-6] INFO  o.o.b.p.a.PullFromAggregateTracker - Pull Formulário da Vigilancia Hospitalar - Got all the submission IDs
2025-12-15 10:52:14,596 [ForkJoinPool-5-worker-6] INFO  o.o.b.p.a.PullFromAggregateTracker - Pull Formulário da Vigilancia Hospitalar - Start downloading submission 1 of 7
2025-12-15 10:52:14,936 [ForkJoinPool-5-worker-2] INFO  o.o.b.p.a.PullFromAggregateTracker - Pull Formulário da Vigilancia Hospitalar - Laboratório - Submission 5 of 31 downloaded
2025-12-15 10:52:14,937 [ForkJoinPool-5-worker-2] INFO  o.o.b.p.a.PullFromAggregateTracker - Pull Formulário da Vigilancia Hospitalar - Laboratório - Start downloading submission 7 of 31
2025-12-15 10:52:15,396 [ForkJoinPool-5-worker-4] INFO  o.o.b.p.a.PullFromAggregateTracker - Pull Formulário da Vigilancia Comunitaria - Got the form manifest
2025-12-15 10:52:15,398 [ForkJoinPool-5-worker-4] INFO  o.o.b.p.a.PullFromAggregateTracker - Pull Formulário da Vigilancia Comunitaria - Skipping 1 form attachments that have been already downloaded
2025-12-15 10:52:15,398 [ForkJoinPool-5-worker-4] INFO  o.o.b.p.a.PullFromAggregateTracker - Pull Formulário da Vigilancia Comunitaria - Start getting submission IDs
2025-12-15 10:52:15,844 [ForkJoinPool-5-worker-1] INFO  o.o.b.p.a.PullFromAggregateTracker - Pull Formulário da Vigilancia Hospitalar - Laboratório - Submission 6 of 31 downloaded
2025-12-15 10:52:15,847 [ForkJoinPool-5-worker-1] INFO  o.o.b.p.a.PullFromAggregateTracker - Pull Formulário da Vigilancia Hospitalar - Laboratório - Start downloading submission 8 of 31
2025-12-15 10:52:16,002 [ForkJoinPool-5-worker-3] INFO  o.o.b.p.a.PullFromAggregateTracker - Pull VIGILÂNCIA  AMBIENTAL - Form downloaded
2025-12-15 10:52:16,002 [ForkJoinPool-5-worker-3] INFO  o.o.b.p.a.PullFromAggregateTracker - Pull VIGILÂNCIA  AMBIENTAL - Start getting submission IDs
2025-12-15 10:52:16,450 [ForkJoinPool-5-worker-6] INFO  o.o.b.p.a.PullFromAggregateTracker - Pull Formulário da Vigilancia Hospitalar - Submission 1 of 7 downloaded
2025-12-15 10:52:16,455 [ForkJoinPool-5-worker-6] INFO  o.o.b.p.a.PullFromAggregateTracker - Pull Formulário da Vigilancia Hospitalar - Start downloading submission 2 of 7
2025-12-15 10:52:17,382 [ForkJoinPool-5-worker-1] INFO  o.o.b.p.a.PullFromAggregateTracker - Pull Formulário da Vigilancia Hospitalar - Laboratório - Submission 8 of 31 downloaded
2025-12-15 10:52:17,386 [ForkJoinPool-5-worker-1] INFO  o.o.b.p.a.PullFromAggregateTracker - Pull Formulário da Vigilancia Hospitalar - Laboratório - Start downloading submission 9 of 31
2025-12-15 10:52:17,552 [ForkJoinPool-5-worker-2] INFO  o.o.b.p.a.PullFromAggregateTracker - Pull Formulário da Vigilancia Hospitalar - Laboratório - Submission 7 of 31 downloaded
2025-12-15 10:52:17,552 [ForkJoinPool-5-worker-2] INFO  o.o.b.p.a.PullFromAggregateTracker - Pull Formulário da Vigilancia Hospitalar - Laboratório - Start downloading submission 10 of 31
2025-12-15 10:52:17,872 [ForkJoinPool-5-worker-3] INFO  o.o.b.p.a.PullFromAggregateTracker - Pull VIGILÂNCIA  AMBIENTAL - Got all the submission IDs
2025-12-15 10:52:17,946 [ForkJoinPool-5-worker-3] INFO  o.o.b.p.a.PullFromAggregateTracker - Push VIGILÂNCIA  AMBIENTAL - There are no submissions to download
2025-12-15 10:52:17,950 [ForkJoinPool-5-worker-3] INFO  o.o.b.p.a.PullFromAggregateTracker - Pull VIGILÂNCIA  AMBIENTAL - Success
2025-12-15 10:52:17,952 [ForkJoinPool-5-worker-3] INFO  o.o.b.p.a.PullFromAggregateTracker - Pull Formulário da Vigilancia Comunitaria - Start pulling form and submissions
2025-12-15 10:52:17,952 [ForkJoinPool-5-worker-3] INFO  o.o.b.p.a.PullFromAggregateTracker - Pull Formulário da Vigilancia Comunitaria - Start downloading form
2025-12-15 10:52:18,034 [AWT-EventQueue-0] INFO  XFormParser - Reading XML and parsing with kXML2 finished in 29.762 ms
2025-12-15 10:52:18,066 [AWT-EventQueue-0] INFO  XFormParser - Consolidating text finished in 33.605 ms
2025-12-15 10:52:18,066 [AWT-EventQueue-0] INFO  XFormParser - Parsing form...
2025-12-15 10:52:18,066 [AWT-EventQueue-0] INFO  XFormParser - Title: "Formulário da Vigilancia Comunitaria"
2025-12-15 10:52:18,066 [AWT-EventQueue-0] WARN  XFormParser - XForm Parse Warning: Warning: 1 Unrecognized attributes found in Element [model] and will be ignored: [xforms-version] 
    Problem found at nodeset: /html/head/model
    With element <model xforms-version="1.0.0"><instance><data id="Comunidade" version="1" prefix="Comunidade" delimiter="$">...

2025-12-15 10:52:18,155 [AWT-EventQueue-0] INFO  XFormParser - Creating FormDef from parsed XML finished in 85.367 ms
2025-12-15 10:52:18,190 [AWT-EventQueue-0] INFO  XFormParser - Reading XML and parsing with kXML2 finished in 5.307 ms
2025-12-15 10:52:18,192 [AWT-EventQueue-0] INFO  XFormParser - Consolidating text finished in 0.583 ms
2025-12-15 10:52:18,192 [AWT-EventQueue-0] INFO  XFormParser - Parsing form...
2025-12-15 10:52:18,192 [AWT-EventQueue-0] INFO  XFormParser - Title: "VIGILÂNCIA  AMBIENTAL"
2025-12-15 10:52:18,192 [AWT-EventQueue-0] WARN  XFormParser - XForm Parse Warning: Warning: 1 Unrecognized attributes found in Element [model] and will be ignored: [xforms-version] 
    Problem found at nodeset: /html/head/model
    With element <model xforms-version="1.0.0"><instance><data id="VIGILÂNCIA AMBIENTAL_v4" version="4" prefix="VIGILÂNCIA AMBIENTAL_v4" delimiter="$">...

2025-12-15 10:52:18,209 [AWT-EventQueue-0] INFO  XFormParser - Creating FormDef from parsed XML finished in 17.804 ms
2025-12-15 10:52:18,332 [ForkJoinPool-5-worker-4] INFO  o.o.b.p.a.PullFromAggregateTracker - Pull Formulário da Vigilancia Comunitaria - Got all the submission IDs
2025-12-15 10:52:18,511 [ForkJoinPool-5-worker-6] INFO  o.o.b.p.a.PullFromAggregateTracker - Pull Formulário da Vigilancia Hospitalar - Submission 2 of 7 downloaded
2025-12-15 10:52:18,512 [ForkJoinPool-5-worker-6] INFO  o.o.b.p.a.PullFromAggregateTracker - Pull Formulário da Vigilancia Hospitalar - Start downloading submission 3 of 7
2025-12-15 10:52:18,558 [ForkJoinPool-5-worker-4] INFO  o.o.b.p.a.PullFromAggregateTracker - Pull Formulário da Vigilancia Comunitaria - Start downloading submission 1 of 8
2025-12-15 10:52:18,803 [ForkJoinPool-5-worker-1] INFO  o.o.b.p.a.PullFromAggregateTracker - Pull Formulário da Vigilancia Hospitalar - Laboratório - Submission 9 of 31 downloaded
2025-12-15 10:52:18,809 [ForkJoinPool-5-worker-1] INFO  o.o.b.p.a.PullFromAggregateTracker - Pull Formulário da Vigilancia Hospitalar - Laboratório - Start downloading submission 11 of 31
2025-12-15 10:52:18,972 [ForkJoinPool-5-worker-2] INFO  o.o.b.p.a.PullFromAggregateTracker - Pull Formulário da Vigilancia Hospitalar - Laboratório - Submission 10 of 31 downloaded
2025-12-15 10:52:18,981 [ForkJoinPool-5-worker-2] INFO  o.o.b.p.a.PullFromAggregateTracker - Pull Formulário da Vigilancia Hospitalar - Laboratório - Start downloading submission 12 of 31
2025-12-15 10:52:19,462 [ForkJoinPool-5-worker-6] INFO  o.o.b.p.a.PullFromAggregateTracker - Pull Formulário da Vigilancia Hospitalar - Submission 3 of 7 downloaded
2025-12-15 10:52:19,468 [ForkJoinPool-5-worker-6] INFO  o.o.b.p.a.PullFromAggregateTracker - Pull Formulário da Vigilancia Hospitalar - Start downloading submission 4 of 7
2025-12-15 10:52:19,961 [ForkJoinPool-5-worker-4] INFO  o.o.b.p.a.PullFromAggregateTracker - Pull Formulário da Vigilancia Comunitaria - Submission 1 of 8 downloaded
2025-12-15 10:52:19,964 [ForkJoinPool-5-worker-4] INFO  o.o.b.p.a.PullFromAggregateTracker - Pull Formulário da Vigilancia Comunitaria - Start downloading submission 2 of 8
2025-12-15 10:52:20,358 [ForkJoinPool-5-worker-1] INFO  o.o.b.p.a.PullFromAggregateTracker - Pull Formulário da Vigilancia Hospitalar - Laboratório - Submission 11 of 31 downloaded
2025-12-15 10:52:20,360 [ForkJoinPool-5-worker-1] INFO  o.o.b.p.a.PullFromAggregateTracker - Pull Formulário da Vigilancia Hospitalar - Laboratório - Start downloading submission 13 of 31
2025-12-15 10:52:20,427 [ForkJoinPool-5-worker-8] INFO  o.o.b.p.a.PullFromAggregateTracker - Pull Formulário da Vigilancia Comunitaria - Form downloaded
2025-12-15 10:52:20,427 [ForkJoinPool-5-worker-8] INFO  o.o.b.p.a.PullFromAggregateTracker - Pull Formulário da Vigilancia Comunitaria - Start getting submission IDs
2025-12-15 10:52:20,849 [ForkJoinPool-5-worker-2] INFO  o.o.b.p.a.PullFromAggregateTracker - Pull Formulário da Vigilancia Hospitalar - Laboratório - Submission 12 of 31 downloaded
2025-12-15 10:52:20,851 [ForkJoinPool-5-worker-2] INFO  o.o.b.p.a.PullFromAggregateTracker - Pull Formulário da Vigilancia Hospitalar - Laboratório - Start downloading submission 14 of 31
2025-12-15 10:52:20,906 [ForkJoinPool-5-worker-6] INFO  o.o.b.p.a.PullFromAggregateTracker - Pull Formulário da Vigilancia Hospitalar - Submission 4 of 7 downloaded
2025-12-15 10:52:20,908 [ForkJoinPool-5-worker-6] INFO  o.o.b.p.a.PullFromAggregateTracker - Pull Formulário da Vigilancia Hospitalar - Start downloading submission 5 of 7
2025-12-15 10:52:21,355 [ForkJoinPool-5-worker-4] INFO  o.o.b.p.a.PullFromAggregateTracker - Pull Formulário da Vigilancia Comunitaria - Submission 2 of 8 downloaded
2025-12-15 10:52:21,356 [ForkJoinPool-5-worker-4] INFO  o.o.b.p.a.PullFromAggregateTracker - Pull Formulário da Vigilancia Comunitaria - Start downloading submission 3 of 8
2025-12-15 10:52:21,376 [ForkJoinPool-5-worker-1] INFO  o.o.b.p.a.PullFromAggregateTracker - Pull Formulário da Vigilancia Hospitalar - Laboratório - Submission 13 of 31 downloaded
2025-12-15 10:52:21,378 [ForkJoinPool-5-worker-1] INFO  o.o.b.p.a.PullFromAggregateTracker - Pull Formulário da Vigilancia Hospitalar - Laboratório - Start downloading submission 15 of 31
2025-12-15 10:52:21,889 [ForkJoinPool-5-worker-2] INFO  o.o.b.p.a.PullFromAggregateTracker - Pull Formulário da Vigilancia Hospitalar - Laboratório - Submission 14 of 31 downloaded
2025-12-15 10:52:21,900 [ForkJoinPool-5-worker-2] INFO  o.o.b.p.a.PullFromAggregateTracker - Pull Formulário da Vigilancia Hospitalar - Laboratório - Start downloading submission 16 of 31
2025-12-15 10:52:22,381 [ForkJoinPool-5-worker-4] INFO  o.o.b.p.a.PullFromAggregateTracker - Pull Formulário da Vigilancia Comunitaria - Submission 3 of 8 downloaded
2025-12-15 10:52:22,385 [ForkJoinPool-5-worker-4] INFO  o.o.b.p.a.PullFromAggregateTracker - Pull Formulário da Vigilancia Comunitaria - Start downloading submission 4 of 8
2025-12-15 10:52:22,394 [ForkJoinPool-5-worker-6] INFO  o.o.b.p.a.PullFromAggregateTracker - Pull Formulário da Vigilancia Hospitalar - Submission 5 of 7 downloaded
2025-12-15 10:52:22,395 [ForkJoinPool-5-worker-6] INFO  o.o.b.p.a.PullFromAggregateTracker - Pull Formulário da Vigilancia Hospitalar - Start downloading submission 6 of 7
2025-12-15 10:52:23,507 [ForkJoinPool-5-worker-8] INFO  o.o.b.p.a.PullFromAggregateTracker - Pull Formulário da Vigilancia Comunitaria - Got all the submission IDs
2025-12-15 10:52:23,671 [ForkJoinPool-5-worker-8] INFO  o.o.b.p.a.PullFromAggregateTracker - Pull Formulário da Vigilancia Comunitaria - Start downloading submission 1 of 9
2025-12-15 10:52:24,015 [ForkJoinPool-5-worker-2] INFO  o.o.b.p.a.PullFromAggregateTracker - Pull Formulário da Vigilancia Hospitalar - Laboratório - Submission 16 of 31 downloaded
2025-12-15 10:52:24,019 [ForkJoinPool-5-worker-2] INFO  o.o.b.p.a.PullFromAggregateTracker - Pull Formulário da Vigilancia Hospitalar - Laboratório - Start downloading submission 17 of 31
2025-12-15 10:52:24,539 [ForkJoinPool-5-worker-4] INFO  o.o.b.p.a.PullFromAggregateTracker - Pull Formulário da Vigilancia Comunitaria - Submission 4 of 8 downloaded
2025-12-15 10:52:24,545 [ForkJoinPool-5-worker-4] INFO  o.o.b.p.a.PullFromAggregateTracker - Pull Formulário da Vigilancia Comunitaria - Start downloading submission 5 of 8
2025-12-15 10:52:24,938 [ForkJoinPool-5-worker-6] INFO  o.o.b.p.a.PullFromAggregateTracker - Pull Formulário da Vigilancia Hospitalar - Submission 6 of 7 downloaded
2025-12-15 10:52:24,943 [ForkJoinPool-5-worker-6] INFO  o.o.b.p.a.PullFromAggregateTracker - Pull Formulário da Vigilancia Hospitalar - Start downloading submission 7 of 7
2025-12-15 10:52:25,460 [ForkJoinPool-5-worker-8] INFO  o.o.b.p.a.PullFromAggregateTracker - Pull Formulário da Vigilancia Comunitaria - Submission 1 of 9 downloaded
2025-12-15 10:52:25,464 [ForkJoinPool-5-worker-8] INFO  o.o.b.p.a.PullFromAggregateTracker - Pull Formulário da Vigilancia Comunitaria - Start downloading submission 2 of 9
2025-12-15 10:52:25,912 [ForkJoinPool-5-worker-2] INFO  o.o.b.p.a.PullFromAggregateTracker - Pull Formulário da Vigilancia Hospitalar - Laboratório - Submission 17 of 31 downloaded
2025-12-15 10:52:25,915 [ForkJoinPool-5-worker-1] INFO  o.o.b.p.a.PullFromAggregateTracker - Pull Formulário da Vigilancia Hospitalar - Laboratório - Submission 15 of 31 downloaded
2025-12-15 10:52:25,916 [ForkJoinPool-5-worker-2] INFO  o.o.b.p.a.PullFromAggregateTracker - Pull Formulário da Vigilancia Hospitalar - Laboratório - Start downloading submission 18 of 31
2025-12-15 10:52:25,916 [ForkJoinPool-5-worker-1] INFO  o.o.b.p.a.PullFromAggregateTracker - Pull Formulário da Vigilancia Hospitalar - Laboratório - Start downloading submission 19 of 31
2025-12-15 10:52:26,858 [ForkJoinPool-5-worker-4] INFO  o.o.b.p.a.PullFromAggregateTracker - Pull Formulário da Vigilancia Comunitaria - Submission 5 of 8 downloaded
2025-12-15 10:52:26,859 [ForkJoinPool-5-worker-4] INFO  o.o.b.p.a.PullFromAggregateTracker - Pull Formulário da Vigilancia Comunitaria - Start downloading submission 6 of 8
2025-12-15 10:52:27,972 [ForkJoinPool-5-worker-6] INFO  o.o.b.p.a.PullFromAggregateTracker - Pull Formulário da Vigilancia Hospitalar - Submission 7 of 7 downloaded
2025-12-15 10:52:27,980 [ForkJoinPool-5-worker-6] INFO  o.o.b.p.a.PullFromAggregateTracker - Pull Formulário da Vigilancia Hospitalar - Success
2025-12-15 10:52:27,991 [ForkJoinPool-5-worker-6] INFO  o.o.b.p.a.PullFromAggregateTracker - Pull Formulário da Vigilancia Hospitalar - Start pulling form and submissions
2025-12-15 10:52:27,991 [ForkJoinPool-5-worker-6] INFO  o.o.b.p.a.PullFromAggregateTracker - Pull Formulário da Vigilancia Hospitalar - Start downloading form
2025-12-15 10:52:28,062 [AWT-EventQueue-0] INFO  XFormParser - Reading XML and parsing with kXML2 finished in 22.771 ms
2025-12-15 10:52:28,078 [AWT-EventQueue-0] INFO  XFormParser - Consolidating text finished in 16.909 ms
2025-12-15 10:52:28,078 [AWT-EventQueue-0] INFO  XFormParser - Parsing form...
2025-12-15 10:52:28,078 [AWT-EventQueue-0] INFO  XFormParser - Title: "Formulário da Vigilancia Comunitaria"
2025-12-15 10:52:28,078 [AWT-EventQueue-0] WARN  XFormParser - XForm Parse Warning: Warning: 1 Unrecognized attributes found in Element [model] and will be ignored: [xforms-version] 
    Problem found at nodeset: /html/head/model
    With element <model xforms-version="1.0.0"><instance><data id="Comunidade_v2" version="2" prefix="Comunidade_v2" delimiter="$">...

2025-12-15 10:52:28,184 [AWT-EventQueue-0] INFO  XFormParser - Creating FormDef from parsed XML finished in 104.861 ms
2025-12-15 10:52:28,438 [ForkJoinPool-5-worker-2] INFO  o.o.b.p.a.PullFromAggregateTracker - Pull Formulário da Vigilancia Hospitalar - Laboratório - Submission 18 of 31 downloaded
2025-12-15 10:52:28,441 [ForkJoinPool-5-worker-2] INFO  o.o.b.p.a.PullFromAggregateTracker - Pull Formulário da Vigilancia Hospitalar - Laboratório - Start downloading submission 20 of 31
2025-12-15 10:52:28,932 [ForkJoinPool-5-worker-1] INFO  o.o.b.p.a.PullFromAggregateTracker - Pull Formulário da Vigilancia Hospitalar - Laboratório - Submission 19 of 31 downloaded
2025-12-15 10:52:28,937 [ForkJoinPool-5-worker-1] INFO  o.o.b.p.a.PullFromAggregateTracker - Pull Formulário da Vigilancia Hospitalar - Laboratório - Start downloading submission 21 of 31
2025-12-15 10:52:29,162 [ForkJoinPool-5-worker-8] INFO  o.o.b.p.a.PullFromAggregateTracker - Pull Formulário da Vigilancia Comunitaria - Submission 2 of 9 downloaded
2025-12-15 10:52:29,162 [ForkJoinPool-5-worker-8] INFO  o.o.b.p.a.PullFromAggregateTracker - Pull Formulário da Vigilancia Comunitaria - Start downloading submission 3 of 9
2025-12-15 10:52:29,406 [ForkJoinPool-5-worker-4] INFO  o.o.b.p.a.PullFromAggregateTracker - Pull Formulário da Vigilancia Comunitaria - Submission 6 of 8 downloaded
2025-12-15 10:52:29,408 [ForkJoinPool-5-worker-4] INFO  o.o.b.p.a.PullFromAggregateTracker - Pull Formulário da Vigilancia Comunitaria - Start downloading submission 7 of 8
2025-12-15 10:52:29,910 [ForkJoinPool-5-worker-2] INFO  o.o.b.p.a.PullFromAggregateTracker - Pull Formulário da Vigilancia Hospitalar - Laboratório - Submission 20 of 31 downloaded
2025-12-15 10:52:29,911 [ForkJoinPool-5-worker-2] INFO  o.o.b.p.a.PullFromAggregateTracker - Pull Formulário da Vigilancia Hospitalar - Laboratório - Start downloading submission 22 of 31
2025-12-15 10:52:30,402 [ForkJoinPool-5-worker-1] INFO  o.o.b.p.a.PullFromAggregateTracker - Pull Formulário da Vigilancia Hospitalar - Laboratório - Submission 21 of 31 downloaded
2025-12-15 10:52:30,405 [ForkJoinPool-5-worker-1] INFO  o.o.b.p.a.PullFromAggregateTracker - Pull Formulário da Vigilancia Hospitalar - Laboratório - Start downloading submission 23 of 31
2025-12-15 10:52:30,853 [ForkJoinPool-5-worker-8] INFO  o.o.b.p.a.PullFromAggregateTracker - Pull Formulário da Vigilancia Comunitaria - Submission 3 of 9 downloaded
2025-12-15 10:52:30,856 [ForkJoinPool-5-worker-8] INFO  o.o.b.p.a.PullFromAggregateTracker - Pull Formulário da Vigilancia Comunitaria - Start downloading submission 4 of 9
2025-12-15 10:52:33,650 [ForkJoinPool-5-worker-4] INFO  o.o.b.p.a.PullFromAggregateTracker - Pull Formulário da Vigilancia Comunitaria - Submission 7 of 8 downloaded
2025-12-15 10:52:33,657 [ForkJoinPool-5-worker-4] INFO  o.o.b.p.a.PullFromAggregateTracker - Pull Formulário da Vigilancia Comunitaria - Start downloading submission 8 of 8
2025-12-15 10:52:34,125 [ForkJoinPool-5-worker-2] INFO  o.o.b.p.a.PullFromAggregateTracker - Pull Formulário da Vigilancia Hospitalar - Laboratório - Submission 22 of 31 downloaded
2025-12-15 10:52:34,131 [ForkJoinPool-5-worker-2] INFO  o.o.b.p.a.PullFromAggregateTracker - Pull Formulário da Vigilancia Hospitalar - Laboratório - Start downloading submission 24 of 31
2025-12-15 10:52:34,595 [ForkJoinPool-5-worker-1] INFO  o.o.b.p.a.PullFromAggregateTracker - Pull Formulário da Vigilancia Hospitalar - Laboratório - Submission 23 of 31 downloaded
2025-12-15 10:52:34,598 [ForkJoinPool-5-worker-1] INFO  o.o.b.p.a.PullFromAggregateTracker - Pull Formulário da Vigilancia Hospitalar - Laboratório - Start downloading submission 25 of 31
2025-12-15 10:52:35,051 [ForkJoinPool-5-worker-8] INFO  o.o.b.p.a.PullFromAggregateTracker - Pull Formulário da Vigilancia Comunitaria - Submission 4 of 9 downloaded
2025-12-15 10:52:35,052 [ForkJoinPool-5-worker-8] INFO  o.o.b.p.a.PullFromAggregateTracker - Pull Formulário da Vigilancia Comunitaria - Start downloading submission 5 of 9
2025-12-15 10:52:35,526 [ForkJoinPool-5-worker-4] INFO  o.o.b.p.a.PullFromAggregateTracker - Pull Formulário da Vigilancia Comunitaria - Submission 8 of 8 downloaded
2025-12-15 10:52:35,527 [ForkJoinPool-5-worker-4] INFO  o.o.b.p.a.PullFromAggregateTracker - Pull Formulário da Vigilancia Comunitaria - Success
2025-12-15 10:52:35,534 [ForkJoinPool-5-worker-4] INFO  o.o.b.p.a.PullFromAggregateTracker - Pull Formulário da Vigilancia Hospitalar - Laboratório - Start downloading submission 26 of 31
2025-12-15 10:52:36,003 [ForkJoinPool-5-worker-2] INFO  o.o.b.p.a.PullFromAggregateTracker - Pull Formulário da Vigilancia Hospitalar - Laboratório - Submission 24 of 31 downloaded
2025-12-15 10:52:36,008 [ForkJoinPool-5-worker-2] INFO  o.o.b.p.a.PullFromAggregateTracker - Pull Formulário da Vigilancia Hospitalar - Laboratório - Start downloading submission 27 of 31
2025-12-15 10:52:36,500 [ForkJoinPool-5-worker-1] INFO  o.o.b.p.a.PullFromAggregateTracker - Pull Formulário da Vigilancia Hospitalar - Laboratório - Submission 25 of 31 downloaded
2025-12-15 10:52:36,505 [ForkJoinPool-5-worker-1] INFO  o.o.b.p.a.PullFromAggregateTracker - Pull Formulário da Vigilancia Hospitalar - Laboratório - Start downloading submission 28 of 31
2025-12-15 10:52:36,999 [ForkJoinPool-5-worker-8] INFO  o.o.b.p.a.PullFromAggregateTracker - Pull Formulário da Vigilancia Comunitaria - Submission 5 of 9 downloaded
2025-12-15 10:52:37,003 [ForkJoinPool-5-worker-8] INFO  o.o.b.p.a.PullFromAggregateTracker - Pull Formulário da Vigilancia Comunitaria - Start downloading submission 6 of 9
2025-12-15 10:52:37,479 [ForkJoinPool-5-worker-4] INFO  o.o.b.p.a.PullFromAggregateTracker - Pull Formulário da Vigilancia Hospitalar - Laboratório - Submission 26 of 31 downloaded
2025-12-15 10:52:37,480 [ForkJoinPool-5-worker-4] INFO  o.o.b.p.a.PullFromAggregateTracker - Pull Formulário da Vigilancia Hospitalar - Laboratório - Start downloading submission 29 of 31
2025-12-15 10:52:39,061 [ForkJoinPool-5-worker-2] INFO  o.o.b.p.a.PullFromAggregateTracker - Pull Formulário da Vigilancia Hospitalar - Laboratório - Submission 27 of 31 downloaded
2025-12-15 10:52:39,063 [ForkJoinPool-5-worker-2] INFO  o.o.b.p.a.PullFromAggregateTracker - Pull Formulário da Vigilancia Hospitalar - Laboratório - Start downloading submission 30 of 31
2025-12-15 10:52:39,540 [ForkJoinPool-5-worker-1] INFO  o.o.b.p.a.PullFromAggregateTracker - Pull Formulário da Vigilancia Hospitalar - Laboratório - Submission 28 of 31 downloaded
2025-12-15 10:52:39,544 [ForkJoinPool-5-worker-1] INFO  o.o.b.p.a.PullFromAggregateTracker - Pull Formulário da Vigilancia Comunitaria - Start downloading submission 7 of 9
2025-12-15 10:52:39,617 [ForkJoinPool-5-worker-10] INFO  o.o.b.p.a.PullFromAggregateTracker - Pull Formulário da Vigilancia Hospitalar - Form downloaded
2025-12-15 10:52:39,619 [ForkJoinPool-5-worker-10] INFO  o.o.b.p.a.PullFromAggregateTracker - Pull Formulário da Vigilancia Hospitalar - Start getting submission IDs
2025-12-15 10:52:40,023 [ForkJoinPool-5-worker-8] INFO  o.o.b.p.a.PullFromAggregateTracker - Pull Formulário da Vigilancia Comunitaria - Submission 6 of 9 downloaded
2025-12-15 10:52:40,023 [ForkJoinPool-5-worker-8] INFO  o.o.b.p.a.PullFromAggregateTracker - Pull Formulário da Vigilancia Comunitaria - Start downloading submission 8 of 9
2025-12-15 10:52:40,047 [ForkJoinPool-5-worker-4] INFO  o.o.b.p.a.PullFromAggregateTracker - Pull Formulário da Vigilancia Hospitalar - Laboratório - Submission 29 of 31 downloaded
2025-12-15 10:52:40,052 [ForkJoinPool-5-worker-4] INFO  o.o.b.p.a.PullFromAggregateTracker - Pull Formulário da Vigilancia Comunitaria - Start downloading submission 9 of 9
2025-12-15 10:52:40,480 [ForkJoinPool-5-worker-2] INFO  o.o.b.p.a.PullFromAggregateTracker - Pull Formulário da Vigilancia Hospitalar - Laboratório - Submission 30 of 31 downloaded
2025-12-15 10:52:40,484 [ForkJoinPool-5-worker-2] INFO  o.o.b.p.a.PullFromAggregateTracker - Pull Formulário da Vigilancia Hospitalar - Laboratório - Start downloading submission 31 of 31
2025-12-15 10:52:42,127 [ForkJoinPool-5-worker-1] INFO  o.o.b.p.a.PullFromAggregateTracker - Pull Formulário da Vigilancia Comunitaria - Submission 7 of 9 downloaded
2025-12-15 10:52:42,621 [ForkJoinPool-5-worker-8] INFO  o.o.b.p.a.PullFromAggregateTracker - Pull Formulário da Vigilancia Comunitaria - Submission 8 of 9 downloaded
2025-12-15 10:52:42,942 [ForkJoinPool-5-worker-4] INFO  o.o.b.p.a.PullFromAggregateTracker - Pull Formulário da Vigilancia Comunitaria - Submission 9 of 9 downloaded
2025-12-15 10:52:42,942 [ForkJoinPool-5-worker-8] INFO  o.o.b.p.a.PullFromAggregateTracker - Pull Formulário da Vigilancia Comunitaria - Success
2025-12-15 10:52:43,027 [AWT-EventQueue-0] INFO  XFormParser - Reading XML and parsing with kXML2 finished in 25.257 ms
2025-12-15 10:52:43,045 [AWT-EventQueue-0] INFO  XFormParser - Consolidating text finished in 13.094 ms
2025-12-15 10:52:43,045 [AWT-EventQueue-0] INFO  XFormParser - Parsing form...
2025-12-15 10:52:43,045 [AWT-EventQueue-0] INFO  XFormParser - Title: "Formulário da Vigilancia Hospitalar"
2025-12-15 10:52:43,045 [AWT-EventQueue-0] WARN  XFormParser - XForm Parse Warning: Warning: 1 Unrecognized attributes found in Element [model] and will be ignored: [xforms-version] 
    Problem found at nodeset: /html/head/model
    With element <model xforms-version="1.0.0"><instance><data id="hospitalar_v3" version="3" prefix="Hospitalar_v3" delimiter="$">...

2025-12-15 10:52:43,115 [AWT-EventQueue-0] INFO  XFormParser - Creating FormDef from parsed XML finished in 67.894 ms
2025-12-15 10:52:43,403 [ForkJoinPool-5-worker-10] INFO  o.o.b.p.a.PullFromAggregateTracker - Pull Formulário da Vigilancia Hospitalar - Got all the submission IDs
2025-12-15 10:52:43,557 [ForkJoinPool-5-worker-8] INFO  o.o.b.p.a.PullFromAggregateTracker - Pull Formulário da Vigilancia Hospitalar - Start downloading submission 1 of 9
2025-12-15 10:52:43,557 [ForkJoinPool-5-worker-1] INFO  o.o.b.p.a.PullFromAggregateTracker - Pull Formulário da Vigilancia Hospitalar - Start downloading submission 3 of 9
2025-12-15 10:52:43,557 [ForkJoinPool-5-worker-10] INFO  o.o.b.p.a.PullFromAggregateTracker - Pull Formulário da Vigilancia Hospitalar - Start downloading submission 4 of 9
2025-12-15 10:52:43,557 [ForkJoinPool-5-worker-4] INFO  o.o.b.p.a.PullFromAggregateTracker - Pull Formulário da Vigilancia Hospitalar - Start downloading submission 2 of 9
2025-12-15 10:52:44,255 [ForkJoinPool-5-worker-2] INFO  o.o.b.p.a.PullFromAggregateTracker - Pull Formulário da Vigilancia Hospitalar - Laboratório - Submission 31 of 31 downloaded
2025-12-15 10:52:44,255 [ForkJoinPool-5-worker-2] INFO  o.o.b.p.a.PullFromAggregateTracker - Pull Formulário da Vigilancia Hospitalar - Laboratório - Success
2025-12-15 10:52:44,271 [ForkJoinPool-5-worker-2] INFO  o.o.b.p.a.PullFromAggregateTracker - Pull Formulário da Vigilancia Hospitalar - Start downloading submission 5 of 9
2025-12-15 10:52:45,183 [ForkJoinPool-5-worker-1] INFO  o.o.b.p.a.PullFromAggregateTracker - Pull Formulário da Vigilancia Hospitalar - Submission 3 of 9 downloaded
2025-12-15 10:52:45,186 [ForkJoinPool-5-worker-1] INFO  o.o.b.p.a.PullFromAggregateTracker - Pull Formulário da Vigilancia Hospitalar - Start downloading submission 6 of 9
2025-12-15 10:52:45,599 [ForkJoinPool-5-worker-8] INFO  o.o.b.p.a.PullFromAggregateTracker - Pull Formulário da Vigilancia Hospitalar - Submission 1 of 9 downloaded
2025-12-15 10:52:45,603 [ForkJoinPool-5-worker-8] INFO  o.o.b.p.a.PullFromAggregateTracker - Pull Formulário da Vigilancia Hospitalar - Start downloading submission 7 of 9
2025-12-15 10:52:45,657 [ForkJoinPool-5-worker-10] INFO  o.o.b.p.a.PullFromAggregateTracker - Pull Formulário da Vigilancia Hospitalar - Submission 4 of 9 downloaded
2025-12-15 10:52:45,658 [ForkJoinPool-5-worker-10] INFO  o.o.b.p.a.PullFromAggregateTracker - Pull Formulário da Vigilancia Hospitalar - Start downloading submission 8 of 9
2025-12-15 10:52:46,516 [ForkJoinPool-5-worker-4] INFO  o.o.b.p.a.PullFromAggregateTracker - Pull Formulário da Vigilancia Hospitalar - Submission 2 of 9 downloaded
2025-12-15 10:52:46,519 [ForkJoinPool-5-worker-4] INFO  o.o.b.p.a.PullFromAggregateTracker - Pull Formulário da Vigilancia Hospitalar - Start downloading submission 9 of 9
2025-12-15 10:52:46,976 [ForkJoinPool-5-worker-1] INFO  o.o.b.p.a.PullFromAggregateTracker - Pull Formulário da Vigilancia Hospitalar - Submission 6 of 9 downloaded
2025-12-15 10:52:48,454 [ForkJoinPool-5-worker-2] INFO  o.o.b.p.a.PullFromAggregateTracker - Pull Formulário da Vigilancia Hospitalar - Submission 5 of 9 downloaded
2025-12-15 10:52:49,367 [ForkJoinPool-5-worker-10] INFO  o.o.b.p.a.PullFromAggregateTracker - Pull Formulário da Vigilancia Hospitalar - Submission 8 of 9 downloaded
2025-12-15 10:52:49,851 [ForkJoinPool-5-worker-4] INFO  o.o.b.p.a.PullFromAggregateTracker - Pull Formulário da Vigilancia Hospitalar - Submission 9 of 9 downloaded
2025-12-15 10:52:50,075 [ForkJoinPool-5-worker-8] INFO  o.o.b.p.a.PullFromAggregateTracker - Pull Formulário da Vigilancia Hospitalar - Submission 7 of 9 downloaded
2025-12-15 10:52:50,075 [ForkJoinPool-5-worker-10] INFO  o.o.b.p.a.PullFromAggregateTracker - Pull Formulário da Vigilancia Hospitalar - Success
2025-12-15 10:52:51,438 [ForkJoinPool-5-worker-15] INFO  o.o.b.p.a.PullFromAggregateTracker - Pull Formulário da Vigilancia Hospitalar - Form downloaded
2025-12-15 10:52:51,438 [ForkJoinPool-5-worker-15] INFO  o.o.b.p.a.PullFromAggregateTracker - Pull Formulário da Vigilancia Hospitalar - Start getting submission IDs
2025-12-15 10:52:51,610 [ForkJoinPool-5-worker-3] INFO  o.o.b.p.a.PullFromAggregateTracker - Pull Formulário da Vigilancia Comunitaria - Form downloaded
2025-12-15 10:52:51,610 [ForkJoinPool-5-worker-3] INFO  o.o.b.p.a.PullFromAggregateTracker - Pull Formulário da Vigilancia Comunitaria - Start getting submission IDs
2025-12-15 10:52:51,963 [ForkJoinPool-5-worker-15] INFO  o.o.b.p.a.PullFromAggregateTracker - Pull Formulário da Vigilancia Hospitalar - Got all the submission IDs
2025-12-15 10:52:52,183 [ForkJoinPool-5-worker-15] INFO  o.o.b.p.a.PullFromAggregateTracker - Push Formulário da Vigilancia Hospitalar - There are no submissions to download
2025-12-15 10:52:52,201 [ForkJoinPool-5-worker-15] INFO  o.o.b.p.a.PullFromAggregateTracker - Pull Formulário da Vigilancia Hospitalar - Success
2025-12-15 10:52:52,302 [AWT-EventQueue-0] INFO  XFormParser - Reading XML and parsing with kXML2 finished in 25.903 ms
2025-12-15 10:52:52,317 [AWT-EventQueue-0] INFO  XFormParser - Consolidating text finished in 26.075 ms
2025-12-15 10:52:52,317 [AWT-EventQueue-0] INFO  XFormParser - Parsing form...
2025-12-15 10:52:52,317 [AWT-EventQueue-0] INFO  XFormParser - Title: "Formulário da Vigilancia Comunitaria"
2025-12-15 10:52:52,317 [AWT-EventQueue-0] WARN  XFormParser - XForm Parse Warning: Warning: 1 Unrecognized attributes found in Element [model] and will be ignored: [xforms-version] 
    Problem found at nodeset: /html/head/model
    With element <model xforms-version="1.0.0"><instance><data id="Comunidade_v4" version="1" prefix="Comunidade_v4" delimiter="$">...

2025-12-15 10:52:52,399 [AWT-EventQueue-0] INFO  XFormParser - Creating FormDef from parsed XML finished in 69.497 ms
2025-12-15 10:52:52,514 [AWT-EventQueue-0] INFO  XFormParser - Reading XML and parsing with kXML2 finished in 34.268 ms
2025-12-15 10:52:52,530 [AWT-EventQueue-0] INFO  XFormParser - Consolidating text finished in 10.135 ms
2025-12-15 10:52:52,530 [AWT-EventQueue-0] INFO  XFormParser - Parsing form...
2025-12-15 10:52:52,530 [AWT-EventQueue-0] INFO  XFormParser - Title: "Formulário da Vigilancia Hospitalar"
2025-12-15 10:52:52,530 [AWT-EventQueue-0] WARN  XFormParser - XForm Parse Warning: Warning: 1 Unrecognized attributes found in Element [model] and will be ignored: [xforms-version] 
    Problem found at nodeset: /html/head/model
    With element <model xforms-version="1.0.0"><instance><data id="hospitalar_v4" version="1" prefix="hospitalar_v4" delimiter="$">...

2025-12-15 10:52:52,599 [AWT-EventQueue-0] INFO  XFormParser - Creating FormDef from parsed XML finished in 74.619 ms
2025-12-15 10:52:52,635 [ForkJoinPool-5-worker-3] INFO  o.o.b.p.a.PullFromAggregateTracker - Pull Formulário da Vigilancia Comunitaria - Got all the submission IDs
2025-12-15 10:52:52,808 [ForkJoinPool-5-worker-3] INFO  o.o.b.p.a.PullFromAggregateTracker - Pull Formulário da Vigilancia Comunitaria - Start downloading submission 1 of 3
2025-12-15 10:52:52,808 [ForkJoinPool-5-worker-10] INFO  o.o.b.p.a.PullFromAggregateTracker - Pull Formulário da Vigilancia Comunitaria - Start downloading submission 3 of 3
2025-12-15 10:52:52,808 [ForkJoinPool-5-worker-15] INFO  o.o.b.p.a.PullFromAggregateTracker - Pull Formulário da Vigilancia Comunitaria - Start downloading submission 2 of 3
2025-12-15 10:52:53,326 [ForkJoinPool-5-worker-3] INFO  o.o.b.p.a.PullFromAggregateTracker - Pull Formulário da Vigilancia Comunitaria - Submission 1 of 3 downloaded
2025-12-15 10:52:53,326 [ForkJoinPool-5-worker-15] INFO  o.o.b.p.a.PullFromAggregateTracker - Pull Formulário da Vigilancia Comunitaria - Submission 2 of 3 downloaded
2025-12-15 10:52:53,807 [ForkJoinPool-5-worker-10] INFO  o.o.b.p.a.PullFromAggregateTracker - Pull Formulário da Vigilancia Comunitaria - Submission 3 of 3 downloaded
2025-12-15 10:52:53,811 [ForkJoinPool-5-worker-3] INFO  o.o.b.p.a.PullFromAggregateTracker - Pull Formulário da Vigilancia Comunitaria - Success
2025-12-15 10:53:00,902 [ForkJoinPool-5-worker-9] INFO  o.o.b.p.a.PullFromAggregateTracker - Pull Formulário da Vigilancia Hospitalar - Form downloaded
2025-12-15 10:53:00,904 [ForkJoinPool-5-worker-9] INFO  o.o.b.p.a.PullFromAggregateTracker - Pull Formulário da Vigilancia Hospitalar - Start getting form manifest
2025-12-15 10:53:01,397 [ForkJoinPool-5-worker-9] INFO  o.o.b.p.a.PullFromAggregateTracker - Pull Formulário da Vigilancia Hospitalar - Got the form manifest
2025-12-15 10:53:01,397 [ForkJoinPool-5-worker-9] INFO  o.o.b.p.a.PullFromAggregateTracker - Pull Formulário da Vigilancia Hospitalar - Skipping 1 form attachments that have been already downloaded
2025-12-15 10:53:01,397 [ForkJoinPool-5-worker-9] INFO  o.o.b.p.a.PullFromAggregateTracker - Pull Formulário da Vigilancia Hospitalar - Start getting submission IDs
2025-12-15 10:53:01,894 [ForkJoinPool-5-worker-9] INFO  o.o.b.p.a.PullFromAggregateTracker - Pull Formulário da Vigilancia Hospitalar - Got all the submission IDs
2025-12-15 10:53:01,927 [ForkJoinPool-5-worker-9] ERROR o.o.briefcase.reused.job.JobsRunner - Error running Job
org.opendatakit.briefcase.reused.BriefcaseException: org.xmlpull.v1.XmlPullParserException: Unexpected EOF (position:START_TAG <lab>@1:97776 in java.io.StringReader@1dc46aa) 
	at org.opendatakit.briefcase.export.XmlElement.from(XmlElement.java:80)
	at org.opendatakit.briefcase.pull.aggregate.SubmissionKeyGenerator.from(SubmissionKeyGenerator.java:44)
	at org.opendatakit.briefcase.pull.aggregate.PullFromAggregate.lambda$pull$11(PullFromAggregate.java:115)
	at org.opendatakit.briefcase.reused.job.Job.lambda$thenAccept$8(Job.java:134)
	at org.opendatakit.briefcase.reused.job.JobsRunner.lambda$launchAsync$1(JobsRunner.java:65)
	at java.util.concurrent.ForkJoinTask$AdaptedRunnableAction.exec(Unknown Source)
	at java.util.concurrent.ForkJoinTask.doExec(Unknown Source)
	at java.util.concurrent.ForkJoinPool$WorkQueue.runTask(Unknown Source)
	at java.util.concurrent.ForkJoinPool.runWorker(Unknown Source)
	at java.util.concurrent.ForkJoinWorkerThread.run(Unknown Source)
Caused by: org.xmlpull.v1.XmlPullParserException: Unexpected EOF (position:START_TAG <lab>@1:97776 in java.io.StringReader@1dc46aa) 
	at org.kxml2.io.KXmlParser.exception(Unknown Source)
	at org.kxml2.io.KXmlParser.error(Unknown Source)
	at org.kxml2.io.KXmlParser.parseStartTag(Unknown Source)
	at org.kxml2.io.KXmlParser.nextImpl(Unknown Source)
	at org.kxml2.io.KXmlParser.nextToken(Unknown Source)
	at org.kxml2.kdom.Element.parse(Unknown Source)
	at org.kxml2.kdom.Node.parse(Unknown Source)
	at org.kxml2.kdom.Element.parse(Unknown Source)
	at org.kxml2.kdom.Node.parse(Unknown Source)
	at org.kxml2.kdom.Element.parse(Unknown Source)
	at org.kxml2.kdom.Node.parse(Unknown Source)
	at org.kxml2.kdom.Element.parse(Unknown Source)
	at org.kxml2.kdom.Node.parse(Unknown Source)
	at org.kxml2.kdom.Element.parse(Unknown Source)
	at org.kxml2.kdom.Node.parse(Unknown Source)
	at org.kxml2.kdom.Element.parse(Unknown Source)
	at org.kxml2.kdom.Node.parse(Unknown Source)
	at org.kxml2.kdom.Element.parse(Unknown Source)
	at org.kxml2.kdom.Node.parse(Unknown Source)
	at org.kxml2.kdom.Document.parse(Unknown Source)
	at org.opendatakit.briefcase.export.XmlElement.from(XmlElement.java:77)
	... 9 common frames omitted
2025-12-15 10:53:05,591 [ForkJoinPool-5-worker-11] INFO  o.o.b.p.a.PullFromAggregateTracker - Pull Formulário da Vigilancia Hospitalar - Form downloaded
2025-12-15 10:53:05,591 [ForkJoinPool-5-worker-11] INFO  o.o.b.p.a.PullFromAggregateTracker - Pull Formulário da Vigilancia Hospitalar - Start getting form manifest
2025-12-15 10:53:06,064 [ForkJoinPool-5-worker-11] INFO  o.o.b.p.a.PullFromAggregateTracker - Pull Formulário da Vigilancia Hospitalar - Got the form manifest
2025-12-15 10:53:06,064 [ForkJoinPool-5-worker-11] INFO  o.o.b.p.a.PullFromAggregateTracker - Pull Formulário da Vigilancia Hospitalar - Skipping 1 form attachments that have been already downloaded
2025-12-15 10:53:06,068 [ForkJoinPool-5-worker-11] INFO  o.o.b.p.a.PullFromAggregateTracker - Pull Formulário da Vigilancia Hospitalar - Start getting submission IDs
2025-12-15 10:53:06,566 [ForkJoinPool-5-worker-11] INFO  o.o.b.p.a.PullFromAggregateTracker - Pull Formulário da Vigilancia Hospitalar - Got all the submission IDs
2025-12-15 10:53:06,709 [ForkJoinPool-5-worker-11] INFO  o.o.b.p.a.PullFromAggregateTracker - Push Formulário da Vigilancia Hospitalar - There are no submissions to download
2025-12-15 10:53:06,717 [ForkJoinPool-5-worker-11] INFO  o.o.b.p.a.PullFromAggregateTracker - Pull Formulário da Vigilancia Hospitalar - Success
2025-12-15 10:53:06,818 [AWT-EventQueue-0] INFO  XFormParser - Reading XML and parsing with kXML2 finished in 22.990 ms
2025-12-15 10:53:06,834 [AWT-EventQueue-0] INFO  XFormParser - Consolidating text finished in 15.355 ms
2025-12-15 10:53:06,834 [AWT-EventQueue-0] INFO  XFormParser - Parsing form...
2025-12-15 10:53:06,835 [AWT-EventQueue-0] INFO  XFormParser - Title: "Formulário da Vigilancia Hospitalar"
2025-12-15 10:53:06,836 [AWT-EventQueue-0] WARN  XFormParser - XForm Parse Warning: Warning: 1 Unrecognized attributes found in Element [model] and will be ignored: [xforms-version] 
    Problem found at nodeset: /html/head/model
    With element <model xforms-version="1.0.0"><instance><data id="hospitalar_v1" version="1" prefix="Hospitalar" delimiter="$">...

2025-12-15 10:53:06,924 [AWT-EventQueue-0] INFO  XFormParser - Creating FormDef from parsed XML finished in 90.490 ms
2025-12-15 10:53:38,051 [ForkJoinPool-5-worker-6] INFO  o.o.b.p.a.PullFromAggregateTracker - Pull Formulário da Vigilancia Hospitalar - Form downloaded
2025-12-15 10:53:38,053 [ForkJoinPool-5-worker-6] INFO  o.o.b.p.a.PullFromAggregateTracker - Pull Formulário da Vigilancia Hospitalar - Start getting submission IDs
2025-12-15 10:53:39,002 [ForkJoinPool-5-worker-6] INFO  o.o.b.p.a.PullFromAggregateTracker - Pull Formulário da Vigilancia Hospitalar - Got all the submission IDs
2025-12-15 10:53:39,162 [ForkJoinPool-5-worker-6] INFO  o.o.b.p.a.PullFromAggregateTracker - Pull Formulário da Vigilancia Hospitalar - Start downloading submission 1 of 1
2025-12-15 10:53:40,078 [ForkJoinPool-5-worker-6] INFO  o.o.b.p.a.PullFromAggregateTracker - Pull Formulário da Vigilancia Hospitalar - Submission 1 of 1 downloaded
2025-12-15 10:53:40,081 [ForkJoinPool-5-worker-6] INFO  o.o.b.p.a.PullFromAggregateTracker - Pull Formulário da Vigilancia Hospitalar - Success
2025-12-15 10:53:40,200 [AWT-EventQueue-0] INFO  XFormParser - Reading XML and parsing with kXML2 finished in 20.961 ms
2025-12-15 10:53:40,229 [AWT-EventQueue-0] INFO  XFormParser - Consolidating text finished in 28.354 ms
2025-12-15 10:53:40,229 [AWT-EventQueue-0] INFO  XFormParser - Parsing form...
2025-12-15 10:53:40,229 [AWT-EventQueue-0] INFO  XFormParser - Title: "Formulário da Vigilancia Hospitalar"
2025-12-15 10:53:40,229 [AWT-EventQueue-0] WARN  XFormParser - XForm Parse Warning: Warning: 1 Unrecognized attributes found in Element [model] and will be ignored: [xforms-version] 
    Problem found at nodeset: /html/head/model
    With element <model xforms-version="1.0.0"><instance><data id="hospitalar_v5" version="1" prefix="hospitalar_v5" delimiter="$">...

2025-12-15 10:53:40,341 [AWT-EventQueue-0] INFO  XFormParser - Creating FormDef from parsed XML finished in 109.539 ms
2025-12-15 10:53:56,936 [ForkJoinPool-5-worker-13] INFO  o.o.b.p.a.PullFromAggregateTracker - Pull Formulário da Vigilancia Comunitaria - Form downloaded
2025-12-15 10:53:56,939 [ForkJoinPool-5-worker-13] INFO  o.o.b.p.a.PullFromAggregateTracker - Pull Formulário da Vigilancia Comunitaria - Start getting submission IDs
2025-12-15 10:53:57,464 [ForkJoinPool-5-worker-13] INFO  o.o.b.p.a.PullFromAggregateTracker - Pull Formulário da Vigilancia Comunitaria - Got all the submission IDs
2025-12-15 10:53:57,624 [ForkJoinPool-5-worker-13] INFO  o.o.b.p.a.PullFromAggregateTracker - Push Formulário da Vigilancia Comunitaria - There are no submissions to download
2025-12-15 10:53:57,632 [ForkJoinPool-5-worker-13] INFO  o.o.b.p.a.PullFromAggregateTracker - Pull Formulário da Vigilancia Comunitaria - Success
2025-12-15 10:53:57,871 [AWT-EventQueue-0] INFO  XFormParser - Reading XML and parsing with kXML2 finished in 36.981 ms
2025-12-15 10:53:57,888 [AWT-EventQueue-0] INFO  XFormParser - Consolidating text finished in 17.142 ms
2025-12-15 10:53:57,889 [AWT-EventQueue-0] INFO  XFormParser - Parsing form...
2025-12-15 10:53:57,889 [AWT-EventQueue-0] INFO  XFormParser - Title: "Formulário da Vigilancia Comunitaria"
2025-12-15 10:53:57,891 [AWT-EventQueue-0] WARN  XFormParser - XForm Parse Warning: Warning: 1 Unrecognized attributes found in Element [model] and will be ignored: [xforms-version] 
    Problem found at nodeset: /html/head/model
    With element <model xforms-version="1.0.0"><instance><data id="Comunidade_v3" version="1" prefix="Comunidade_v3" delimiter="$">...

2025-12-15 10:53:58,021 [AWT-EventQueue-0] INFO  XFormParser - Creating FormDef from parsed XML finished in 130.856 ms
2025-12-15 10:59:54,000 [ForkJoinPool-6-worker-2] INFO  o.o.b.p.a.PullFromAggregateTracker - Pull Formulário da Vigilancia Hospitalar - Start pulling form and submissions
2025-12-15 10:59:54,002 [ForkJoinPool-6-worker-2] INFO  o.o.b.p.a.PullFromAggregateTracker - Pull Formulário da Vigilancia Hospitalar - Start downloading form
2025-12-15 10:59:54,002 [ForkJoinPool-6-worker-9] INFO  o.o.b.p.a.PullFromAggregateTracker - Pull Formulário da Vigilancia Hospitalar - Laboratório - Start pulling form and submissions
2025-12-15 10:59:54,002 [ForkJoinPool-6-worker-9] INFO  o.o.b.p.a.PullFromAggregateTracker - Pull Formulário da Vigilancia Hospitalar - Laboratório - Start downloading form
2025-12-15 10:59:54,004 [ForkJoinPool-6-worker-11] INFO  o.o.b.p.a.PullFromAggregateTracker - Pull Formulário da Vigilancia Hospitalar - Start pulling form and submissions
2025-12-15 10:59:54,004 [ForkJoinPool-6-worker-4] INFO  o.o.b.p.a.PullFromAggregateTracker - Pull Formulário da Vigilancia Comunitaria - Start pulling form and submissions
2025-12-15 10:59:54,004 [ForkJoinPool-6-worker-11] INFO  o.o.b.p.a.PullFromAggregateTracker - Pull Formulário da Vigilancia Hospitalar - Start downloading form
2025-12-15 10:59:54,004 [ForkJoinPool-6-worker-4] INFO  o.o.b.p.a.PullFromAggregateTracker - Pull Formulário da Vigilancia Comunitaria - Start downloading form
2025-12-15 10:59:54,004 [ForkJoinPool-6-worker-13] INFO  o.o.b.p.a.PullFromAggregateTracker - Pull VIGILÂNCIA  AMBIENTAL - Start pulling form and submissions
2025-12-15 10:59:54,004 [ForkJoinPool-6-worker-13] INFO  o.o.b.p.a.PullFromAggregateTracker - Pull VIGILÂNCIA  AMBIENTAL - Start downloading form
2025-12-15 10:59:54,009 [ForkJoinPool-6-worker-15] INFO  o.o.b.p.a.PullFromAggregateTracker - Pull Formulário da Vigilancia Hospitalar - Start pulling form and submissions
2025-12-15 10:59:54,011 [ForkJoinPool-6-worker-15] INFO  o.o.b.p.a.PullFromAggregateTracker - Pull Formulário da Vigilancia Hospitalar - Start downloading form
2025-12-15 10:59:54,011 [ForkJoinPool-6-worker-6] INFO  o.o.b.p.a.PullFromAggregateTracker - Pull Formulario da  Componente  Genomica (IDS) - Start pulling form and submissions
2025-12-15 10:59:54,011 [ForkJoinPool-6-worker-8] INFO  o.o.b.p.a.PullFromAggregateTracker - Pull Formulário da Vigilancia Comunitaria - Start pulling form and submissions
2025-12-15 10:59:54,011 [ForkJoinPool-6-worker-6] INFO  o.o.b.p.a.PullFromAggregateTracker - Pull Formulario da  Componente  Genomica (IDS) - Start downloading form
2025-12-15 10:59:54,013 [ForkJoinPool-6-worker-10] INFO  o.o.b.p.a.PullFromAggregateTracker - Pull Formulário da Vigilancia Hospitalar - Start pulling form and submissions
2025-12-15 10:59:54,013 [ForkJoinPool-6-worker-10] INFO  o.o.b.p.a.PullFromAggregateTracker - Pull Formulário da Vigilancia Hospitalar - Start downloading form
2025-12-15 10:59:54,013 [ForkJoinPool-6-worker-8] INFO  o.o.b.p.a.PullFromAggregateTracker - Pull Formulário da Vigilancia Comunitaria - Start downloading form
2025-12-15 10:59:54,013 [ForkJoinPool-6-worker-1] INFO  o.o.b.p.a.PullFromAggregateTracker - Pull Formulário da Vigilancia Hospitalar - Laboratório - Start pulling form and submissions
2025-12-15 10:59:54,015 [ForkJoinPool-6-worker-3] INFO  o.o.b.p.a.PullFromAggregateTracker - Pull VIGILÂNCIA  AMBIENTAL - Start pulling form and submissions
2025-12-15 10:59:54,015 [ForkJoinPool-6-worker-3] INFO  o.o.b.p.a.PullFromAggregateTracker - Pull VIGILÂNCIA  AMBIENTAL - Start downloading form
2025-12-15 10:59:54,015 [ForkJoinPool-6-worker-1] INFO  o.o.b.p.a.PullFromAggregateTracker - Pull Formulário da Vigilancia Hospitalar - Laboratório - Start downloading form
2025-12-15 10:59:59,591 [ForkJoinPool-6-worker-13] INFO  o.o.b.p.a.PullFromAggregateTracker - Pull VIGILÂNCIA  AMBIENTAL - Form downloaded
2025-12-15 10:59:59,598 [ForkJoinPool-6-worker-13] INFO  o.o.b.p.a.PullFromAggregateTracker - Pull VIGILÂNCIA  AMBIENTAL - Start getting form manifest
2025-12-15 11:00:00,910 [ForkJoinPool-6-worker-3] INFO  o.o.b.p.a.PullFromAggregateTracker - Pull VIGILÂNCIA  AMBIENTAL - Form downloaded
2025-12-15 11:00:00,910 [ForkJoinPool-6-worker-3] INFO  o.o.b.p.a.PullFromAggregateTracker - Pull VIGILÂNCIA  AMBIENTAL - Start getting submission IDs
2025-12-15 11:00:01,814 [ForkJoinPool-6-worker-9] INFO  o.o.b.p.a.PullFromAggregateTracker - Pull Formulário da Vigilancia Hospitalar - Laboratório - Form downloaded
2025-12-15 11:00:01,814 [ForkJoinPool-6-worker-9] INFO  o.o.b.p.a.PullFromAggregateTracker - Pull Formulário da Vigilancia Hospitalar - Laboratório - Start getting form manifest
2025-12-15 11:00:02,872 [ForkJoinPool-6-worker-1] INFO  o.o.b.p.a.PullFromAggregateTracker - Pull Formulário da Vigilancia Hospitalar - Laboratório - Form downloaded
2025-12-15 11:00:02,874 [ForkJoinPool-6-worker-1] INFO  o.o.b.p.a.PullFromAggregateTracker - Pull Formulário da Vigilancia Hospitalar - Laboratório - Start getting submission IDs
2025-12-15 11:00:03,413 [ForkJoinPool-6-worker-13] INFO  o.o.b.p.a.PullFromAggregateTracker - Pull VIGILÂNCIA  AMBIENTAL - Got the form manifest
2025-12-15 11:00:03,413 [ForkJoinPool-6-worker-13] INFO  o.o.b.p.a.PullFromAggregateTracker - Pull VIGILÂNCIA  AMBIENTAL - Skipping 1 form attachments that have been already downloaded
2025-12-15 11:00:03,413 [ForkJoinPool-6-worker-13] INFO  o.o.b.p.a.PullFromAggregateTracker - Pull VIGILÂNCIA  AMBIENTAL - Start getting submission IDs
2025-12-15 11:00:04,005 [ForkJoinPool-6-worker-3] INFO  o.o.b.p.a.PullFromAggregateTracker - Pull VIGILÂNCIA  AMBIENTAL - Got all the submission IDs
2025-12-15 11:00:04,058 [ForkJoinPool-6-worker-3] INFO  o.o.b.p.a.PullFromAggregateTracker - Push VIGILÂNCIA  AMBIENTAL - There are no submissions to download
2025-12-15 11:00:04,063 [ForkJoinPool-6-worker-3] INFO  o.o.b.p.a.PullFromAggregateTracker - Pull VIGILÂNCIA  AMBIENTAL - Success
2025-12-15 11:00:04,070 [ForkJoinPool-6-worker-3] INFO  o.o.b.p.a.PullFromAggregateTracker - Pull VIGILÂNCIA  AMBIENTAL - Start pulling form and submissions
2025-12-15 11:00:04,070 [ForkJoinPool-6-worker-3] INFO  o.o.b.p.a.PullFromAggregateTracker - Pull VIGILÂNCIA  AMBIENTAL - Start downloading form
2025-12-15 11:00:04,192 [AWT-EventQueue-0] INFO  XFormParser - Reading XML and parsing with kXML2 finished in 8.947 ms
2025-12-15 11:00:04,202 [AWT-EventQueue-0] INFO  XFormParser - Consolidating text finished in 5.915 ms
2025-12-15 11:00:04,202 [AWT-EventQueue-0] INFO  XFormParser - Parsing form...
2025-12-15 11:00:04,202 [AWT-EventQueue-0] INFO  XFormParser - Title: "VIGILÂNCIA  AMBIENTAL"
2025-12-15 11:00:04,202 [AWT-EventQueue-0] WARN  XFormParser - XForm Parse Warning: Warning: 1 Unrecognized attributes found in Element [model] and will be ignored: [xforms-version] 
    Problem found at nodeset: /html/head/model
    With element <model xforms-version="1.0.0"><instance><data id="VIGILÂNCIA  AMBIENTAL_v2" version="2" prefix="VIGILÂNCIA  AMBIENTAL_v2" delimiter="$">...

2025-12-15 11:00:04,227 [AWT-EventQueue-0] INFO  XFormParser - Creating FormDef from parsed XML finished in 24.160 ms
2025-12-15 11:00:04,561 [ForkJoinPool-6-worker-9] INFO  o.o.b.p.a.PullFromAggregateTracker - Pull Formulário da Vigilancia Hospitalar - Laboratório - Got the form manifest
2025-12-15 11:00:04,561 [ForkJoinPool-6-worker-9] INFO  o.o.b.p.a.PullFromAggregateTracker - Pull Formulário da Vigilancia Hospitalar - Laboratório - Skipping 1 form attachments that have been already downloaded
2025-12-15 11:00:04,562 [ForkJoinPool-6-worker-9] INFO  o.o.b.p.a.PullFromAggregateTracker - Pull Formulário da Vigilancia Hospitalar - Laboratório - Start getting submission IDs
2025-12-15 11:00:04,870 [ForkJoinPool-6-worker-6] INFO  o.o.b.p.a.PullFromAggregateTracker - Pull Formulario da  Componente  Genomica (IDS) - Form downloaded
2025-12-15 11:00:04,870 [ForkJoinPool-6-worker-6] INFO  o.o.b.p.a.PullFromAggregateTracker - Pull Formulario da  Componente  Genomica (IDS) - Start getting submission IDs
2025-12-15 11:00:05,124 [ForkJoinPool-6-worker-1] INFO  o.o.b.p.a.PullFromAggregateTracker - Pull Formulário da Vigilancia Hospitalar - Laboratório - Got all the submission IDs
2025-12-15 11:00:05,130 [ForkJoinPool-6-worker-1] INFO  o.o.b.p.a.PullFromAggregateTracker - Push Formulário da Vigilancia Hospitalar - Laboratório - There are no submissions to download
2025-12-15 11:00:05,134 [ForkJoinPool-6-worker-1] INFO  o.o.b.p.a.PullFromAggregateTracker - Pull Formulário da Vigilancia Hospitalar - Laboratório - Success
2025-12-15 11:00:05,136 [ForkJoinPool-6-worker-1] INFO  o.o.b.p.a.PullFromAggregateTracker - Pull Formulário da Vigilancia Comunitaria - Start pulling form and submissions
2025-12-15 11:00:05,136 [ForkJoinPool-6-worker-1] INFO  o.o.b.p.a.PullFromAggregateTracker - Pull Formulário da Vigilancia Comunitaria - Start downloading form
2025-12-15 11:00:05,416 [ForkJoinPool-6-worker-13] INFO  o.o.b.p.a.PullFromAggregateTracker - Pull VIGILÂNCIA  AMBIENTAL - Got all the submission IDs
2025-12-15 11:00:05,434 [ForkJoinPool-6-worker-13] INFO  o.o.b.p.a.PullFromAggregateTracker - Push VIGILÂNCIA  AMBIENTAL - There are no submissions to download
2025-12-15 11:00:05,437 [ForkJoinPool-6-worker-13] INFO  o.o.b.p.a.PullFromAggregateTracker - Pull VIGILÂNCIA  AMBIENTAL - Success
2025-12-15 11:00:05,439 [ForkJoinPool-6-worker-13] INFO  o.o.b.p.a.PullFromAggregateTracker - Pull Formulário da Vigilancia Hospitalar - Start pulling form and submissions
2025-12-15 11:00:05,439 [ForkJoinPool-6-worker-13] INFO  o.o.b.p.a.PullFromAggregateTracker - Pull Formulário da Vigilancia Hospitalar - Start downloading form
2025-12-15 11:00:06,031 [ForkJoinPool-6-worker-9] INFO  o.o.b.p.a.PullFromAggregateTracker - Pull Formulário da Vigilancia Hospitalar - Laboratório - Got all the submission IDs
2025-12-15 11:00:06,037 [ForkJoinPool-6-worker-9] INFO  o.o.b.p.a.PullFromAggregateTracker - Push Formulário da Vigilancia Hospitalar - Laboratório - There are no submissions to download
2025-12-15 11:00:06,039 [ForkJoinPool-6-worker-9] INFO  o.o.b.p.a.PullFromAggregateTracker - Pull Formulário da Vigilancia Hospitalar - Laboratório - Success
2025-12-15 11:00:06,041 [ForkJoinPool-6-worker-9] INFO  o.o.b.p.a.PullFromAggregateTracker - Pull VIGILÂNCIA  AMBIENTAL - Start pulling form and submissions
2025-12-15 11:00:06,041 [ForkJoinPool-6-worker-9] INFO  o.o.b.p.a.PullFromAggregateTracker - Pull VIGILÂNCIA  AMBIENTAL - Start downloading form
2025-12-15 11:00:06,653 [ForkJoinPool-6-worker-6] INFO  o.o.b.p.a.PullFromAggregateTracker - Pull Formulario da  Componente  Genomica (IDS) - Got all the submission IDs
2025-12-15 11:00:06,663 [ForkJoinPool-6-worker-6] INFO  o.o.b.p.a.PullFromAggregateTracker - Push Formulario da  Componente  Genomica (IDS) - There are no submissions to download
2025-12-15 11:00:06,667 [ForkJoinPool-6-worker-6] INFO  o.o.b.p.a.PullFromAggregateTracker - Pull Formulario da  Componente  Genomica (IDS) - Success
2025-12-15 11:00:06,668 [ForkJoinPool-6-worker-6] INFO  o.o.b.p.a.PullFromAggregateTracker - Pull Formulário da Vigilancia Comunitaria - Start pulling form and submissions
2025-12-15 11:00:06,668 [ForkJoinPool-6-worker-6] INFO  o.o.b.p.a.PullFromAggregateTracker - Pull Formulário da Vigilancia Comunitaria - Start downloading form
2025-12-15 11:00:10,592 [ForkJoinPool-6-worker-3] INFO  o.o.b.p.a.PullFromAggregateTracker - Pull VIGILÂNCIA  AMBIENTAL - Form downloaded
2025-12-15 11:00:10,594 [ForkJoinPool-6-worker-3] INFO  o.o.b.p.a.PullFromAggregateTracker - Pull VIGILÂNCIA  AMBIENTAL - Start getting submission IDs
2025-12-15 11:00:32,119 [ForkJoinPool-6-worker-8] INFO  o.o.b.p.a.PullFromAggregateTracker - Pull Formulário da Vigilancia Comunitaria - Form downloaded
2025-12-15 11:00:32,122 [ForkJoinPool-6-worker-8] INFO  o.o.b.p.a.PullFromAggregateTracker - Pull Formulário da Vigilancia Comunitaria - Start getting submission IDs
2025-12-15 11:00:35,018 [ForkJoinPool-6-worker-9] INFO  o.o.b.p.a.PullFromAggregateTracker - Pull VIGILÂNCIA  AMBIENTAL - Form downloaded
2025-12-15 11:00:35,022 [ForkJoinPool-6-worker-9] INFO  o.o.b.p.a.PullFromAggregateTracker - Pull VIGILÂNCIA  AMBIENTAL - Start getting submission IDs
2025-12-15 11:00:43,152 [ForkJoinPool-6-worker-2] INFO  o.o.b.p.a.PullFromAggregateTracker - Pull Formulário da Vigilancia Hospitalar - Form downloaded
2025-12-15 11:00:43,154 [ForkJoinPool-6-worker-2] INFO  o.o.b.p.a.PullFromAggregateTracker - Pull Formulário da Vigilancia Hospitalar - Start getting form manifest
2025-12-15 11:00:43,577 [ForkJoinPool-6-worker-3] INFO  o.o.b.p.a.PullFromAggregateTracker - Pull VIGILÂNCIA  AMBIENTAL - Got all the submission IDs
2025-12-15 11:00:43,606 [ForkJoinPool-6-worker-3] INFO  o.o.b.p.a.PullFromAggregateTracker - Push VIGILÂNCIA  AMBIENTAL - There are no submissions to download
2025-12-15 11:00:43,607 [ForkJoinPool-6-worker-3] INFO  o.o.b.p.a.PullFromAggregateTracker - Pull VIGILÂNCIA  AMBIENTAL - Success
2025-12-15 11:00:43,607 [ForkJoinPool-6-worker-3] INFO  o.o.b.p.a.PullFromAggregateTracker - Pull Formulário da Vigilancia Hospitalar - Start pulling form and submissions
2025-12-15 11:00:43,607 [ForkJoinPool-6-worker-3] INFO  o.o.b.p.a.PullFromAggregateTracker - Pull Formulário da Vigilancia Hospitalar - Start downloading form
2025-12-15 11:00:43,688 [AWT-EventQueue-0] INFO  XFormParser - Reading XML and parsing with kXML2 finished in 22.616 ms
2025-12-15 11:00:43,700 [AWT-EventQueue-0] INFO  XFormParser - Consolidating text finished in 10.199 ms
2025-12-15 11:00:43,700 [AWT-EventQueue-0] INFO  XFormParser - Parsing form...
2025-12-15 11:00:43,700 [AWT-EventQueue-0] INFO  XFormParser - Title: "Formulário da Vigilancia Comunitaria"
2025-12-15 11:00:43,700 [AWT-EventQueue-0] WARN  XFormParser - XForm Parse Warning: Warning: 1 Unrecognized attributes found in Element [model] and will be ignored: [xforms-version] 
    Problem found at nodeset: /html/head/model
    With element <model xforms-version="1.0.0"><instance><data id="Comunidade_v2" version="2" prefix="Comunidade_v2" delimiter="$">...

2025-12-15 11:00:43,752 [AWT-EventQueue-0] INFO  XFormParser - Creating FormDef from parsed XML finished in 55.942 ms
2025-12-15 11:00:43,794 [AWT-EventQueue-0] INFO  XFormParser - Reading XML and parsing with kXML2 finished in 24.447 ms
2025-12-15 11:00:43,802 [AWT-EventQueue-0] INFO  XFormParser - Consolidating text finished in 6.506 ms
2025-12-15 11:00:43,802 [AWT-EventQueue-0] INFO  XFormParser - Parsing form...
2025-12-15 11:00:43,802 [AWT-EventQueue-0] INFO  XFormParser - Title: "Formulário da Vigilancia Hospitalar"
2025-12-15 11:00:43,802 [AWT-EventQueue-0] WARN  XFormParser - XForm Parse Warning: Warning: 1 Unrecognized attributes found in Element [model] and will be ignored: [xforms-version] 
    Problem found at nodeset: /html/head/model
    With element <model xforms-version="1.0.0"><instance><data id="hospitalar" version="1" prefix="Hospitalar" delimiter="$">...

2025-12-15 11:00:43,854 [AWT-EventQueue-0] INFO  XFormParser - Creating FormDef from parsed XML finished in 52.087 ms
2025-12-15 11:00:43,869 [AWT-EventQueue-0] INFO  XFormParser - Reading XML and parsing with kXML2 finished in 3.377 ms
2025-12-15 11:00:43,871 [AWT-EventQueue-0] INFO  XFormParser - Consolidating text finished in 0.440 ms
2025-12-15 11:00:43,871 [AWT-EventQueue-0] INFO  XFormParser - Parsing form...
2025-12-15 11:00:43,871 [AWT-EventQueue-0] INFO  XFormParser - Title: "VIGILÂNCIA  AMBIENTAL"
2025-12-15 11:00:43,871 [AWT-EventQueue-0] WARN  XFormParser - XForm Parse Warning: Warning: 1 Unrecognized attributes found in Element [model] and will be ignored: [xforms-version] 
    Problem found at nodeset: /html/head/model
    With element <model xforms-version="1.0.0"><instance><data id="VIGILÂNCIA AMBIENTAL_v4" version="4" prefix="VIGILÂNCIA AMBIENTAL_v4" delimiter="$">...

2025-12-15 11:00:43,881 [AWT-EventQueue-0] INFO  XFormParser - Creating FormDef from parsed XML finished in 9.614 ms
2025-12-15 11:00:44,050 [ForkJoinPool-6-worker-8] INFO  o.o.b.p.a.PullFromAggregateTracker - Pull Formulário da Vigilancia Comunitaria - Got all the submission IDs
2025-12-15 11:00:44,142 [ForkJoinPool-6-worker-8] INFO  o.o.b.p.a.PullFromAggregateTracker - Push Formulário da Vigilancia Comunitaria - There are no submissions to download
2025-12-15 11:00:44,146 [ForkJoinPool-6-worker-8] INFO  o.o.b.p.a.PullFromAggregateTracker - Pull Formulário da Vigilancia Comunitaria - Success
2025-12-15 11:00:44,514 [ForkJoinPool-6-worker-9] INFO  o.o.b.p.a.PullFromAggregateTracker - Pull VIGILÂNCIA  AMBIENTAL - Got all the submission IDs
2025-12-15 11:00:44,521 [ForkJoinPool-6-worker-9] INFO  o.o.b.p.a.PullFromAggregateTracker - Push VIGILÂNCIA  AMBIENTAL - There are no submissions to download
2025-12-15 11:00:44,521 [ForkJoinPool-6-worker-9] INFO  o.o.b.p.a.PullFromAggregateTracker - Pull VIGILÂNCIA  AMBIENTAL - Success
2025-12-15 11:00:44,984 [ForkJoinPool-6-worker-2] INFO  o.o.b.p.a.PullFromAggregateTracker - Pull Formulário da Vigilancia Hospitalar - Got the form manifest
2025-12-15 11:00:44,986 [ForkJoinPool-6-worker-2] INFO  o.o.b.p.a.PullFromAggregateTracker - Pull Formulário da Vigilancia Hospitalar - Skipping 1 form attachments that have been already downloaded
2025-12-15 11:00:44,986 [ForkJoinPool-6-worker-2] INFO  o.o.b.p.a.PullFromAggregateTracker - Pull Formulário da Vigilancia Hospitalar - Start getting submission IDs
2025-12-15 11:00:52,419 [ForkJoinPool-6-worker-11] INFO  o.o.b.p.a.PullFromAggregateTracker - Pull Formulário da Vigilancia Hospitalar - Form downloaded
2025-12-15 11:00:52,421 [ForkJoinPool-6-worker-11] INFO  o.o.b.p.a.PullFromAggregateTracker - Pull Formulário da Vigilancia Hospitalar - Start getting form manifest
2025-12-15 11:00:52,871 [ForkJoinPool-6-worker-2] INFO  o.o.b.p.a.PullFromAggregateTracker - Pull Formulário da Vigilancia Hospitalar - Got all the submission IDs
2025-12-15 11:00:52,977 [ForkJoinPool-6-worker-2] INFO  o.o.b.p.a.PullFromAggregateTracker - Push Formulário da Vigilancia Hospitalar - There are no submissions to download
2025-12-15 11:00:52,982 [ForkJoinPool-6-worker-2] INFO  o.o.b.p.a.PullFromAggregateTracker - Pull Formulário da Vigilancia Hospitalar - Success
2025-12-15 11:00:53,074 [AWT-EventQueue-0] INFO  XFormParser - Reading XML and parsing with kXML2 finished in 17.040 ms
2025-12-15 11:00:53,082 [AWT-EventQueue-0] INFO  XFormParser - Consolidating text finished in 8.911 ms
2025-12-15 11:00:53,082 [AWT-EventQueue-0] INFO  XFormParser - Parsing form...
2025-12-15 11:00:53,082 [AWT-EventQueue-0] INFO  XFormParser - Title: "Formulário da Vigilancia Hospitalar"
2025-12-15 11:00:53,082 [AWT-EventQueue-0] WARN  XFormParser - XForm Parse Warning: Warning: 1 Unrecognized attributes found in Element [model] and will be ignored: [xforms-version] 
    Problem found at nodeset: /html/head/model
    With element <model xforms-version="1.0.0"><instance><data id="hospitalar_v1" version="1" prefix="Hospitalar" delimiter="$">...

2025-12-15 11:00:53,134 [AWT-EventQueue-0] INFO  XFormParser - Creating FormDef from parsed XML finished in 50.753 ms
2025-12-15 11:00:53,328 [ForkJoinPool-6-worker-11] INFO  o.o.b.p.a.PullFromAggregateTracker - Pull Formulário da Vigilancia Hospitalar - Got the form manifest
2025-12-15 11:00:53,328 [ForkJoinPool-6-worker-11] INFO  o.o.b.p.a.PullFromAggregateTracker - Pull Formulário da Vigilancia Hospitalar - Skipping 1 form attachments that have been already downloaded
2025-12-15 11:00:53,328 [ForkJoinPool-6-worker-11] INFO  o.o.b.p.a.PullFromAggregateTracker - Pull Formulário da Vigilancia Hospitalar - Start getting submission IDs
2025-12-15 11:00:53,795 [ForkJoinPool-6-worker-11] INFO  o.o.b.p.a.PullFromAggregateTracker - Pull Formulário da Vigilancia Hospitalar - Got all the submission IDs
2025-12-15 11:00:53,983 [ForkJoinPool-6-worker-11] INFO  o.o.b.p.a.PullFromAggregateTracker - Push Formulário da Vigilancia Hospitalar - There are no submissions to download
2025-12-15 11:00:53,987 [ForkJoinPool-6-worker-11] INFO  o.o.b.p.a.PullFromAggregateTracker - Pull Formulário da Vigilancia Hospitalar - Success
2025-12-15 11:01:01,691 [ForkJoinPool-6-worker-6] INFO  o.o.b.p.a.PullFromAggregateTracker - Pull Formulário da Vigilancia Comunitaria - Form downloaded
2025-12-15 11:01:01,692 [ForkJoinPool-6-worker-6] INFO  o.o.b.p.a.PullFromAggregateTracker - Pull Formulário da Vigilancia Comunitaria - Start getting submission IDs
2025-12-15 11:01:02,182 [ForkJoinPool-6-worker-6] INFO  o.o.b.p.a.PullFromAggregateTracker - Pull Formulário da Vigilancia Comunitaria - Got all the submission IDs
2025-12-15 11:01:02,367 [ForkJoinPool-6-worker-6] INFO  o.o.b.p.a.PullFromAggregateTracker - Push Formulário da Vigilancia Comunitaria - There are no submissions to download
2025-12-15 11:01:02,367 [ForkJoinPool-6-worker-6] INFO  o.o.b.p.a.PullFromAggregateTracker - Pull Formulário da Vigilancia Comunitaria - Success
2025-12-15 11:01:02,461 [AWT-EventQueue-0] INFO  XFormParser - Reading XML and parsing with kXML2 finished in 19.779 ms
2025-12-15 11:01:02,471 [AWT-EventQueue-0] INFO  XFormParser - Consolidating text finished in 9.715 ms
2025-12-15 11:01:02,471 [AWT-EventQueue-0] INFO  XFormParser - Parsing form...
2025-12-15 11:01:02,471 [AWT-EventQueue-0] INFO  XFormParser - Title: "Formulário da Vigilancia Comunitaria"
2025-12-15 11:01:02,471 [AWT-EventQueue-0] WARN  XFormParser - XForm Parse Warning: Warning: 1 Unrecognized attributes found in Element [model] and will be ignored: [xforms-version] 
    Problem found at nodeset: /html/head/model
    With element <model xforms-version="1.0.0"><instance><data id="Comunidade_v4" version="1" prefix="Comunidade_v4" delimiter="$">...

2025-12-15 11:01:02,571 [AWT-EventQueue-0] INFO  XFormParser - Creating FormDef from parsed XML finished in 95.978 ms
2025-12-15 11:01:07,653 [ForkJoinPool-6-worker-4] INFO  o.o.b.p.a.PullFromAggregateTracker - Pull Formulário da Vigilancia Comunitaria - Form downloaded
2025-12-15 11:01:07,659 [ForkJoinPool-6-worker-4] INFO  o.o.b.p.a.PullFromAggregateTracker - Pull Formulário da Vigilancia Comunitaria - Start getting form manifest
2025-12-15 11:01:08,141 [ForkJoinPool-6-worker-4] INFO  o.o.b.p.a.PullFromAggregateTracker - Pull Formulário da Vigilancia Comunitaria - Got the form manifest
2025-12-15 11:01:08,141 [ForkJoinPool-6-worker-4] INFO  o.o.b.p.a.PullFromAggregateTracker - Pull Formulário da Vigilancia Comunitaria - Skipping 1 form attachments that have been already downloaded
2025-12-15 11:01:08,145 [ForkJoinPool-6-worker-4] INFO  o.o.b.p.a.PullFromAggregateTracker - Pull Formulário da Vigilancia Comunitaria - Start getting submission IDs
2025-12-15 11:01:08,621 [ForkJoinPool-6-worker-4] INFO  o.o.b.p.a.PullFromAggregateTracker - Pull Formulário da Vigilancia Comunitaria - Got all the submission IDs
2025-12-15 11:01:08,763 [ForkJoinPool-6-worker-4] INFO  o.o.b.p.a.PullFromAggregateTracker - Push Formulário da Vigilancia Comunitaria - There are no submissions to download
2025-12-15 11:01:08,776 [ForkJoinPool-6-worker-4] INFO  o.o.b.p.a.PullFromAggregateTracker - Pull Formulário da Vigilancia Comunitaria - Success
2025-12-15 11:01:08,887 [AWT-EventQueue-0] INFO  XFormParser - Reading XML and parsing with kXML2 finished in 21.762 ms
2025-12-15 11:01:08,897 [AWT-EventQueue-0] INFO  XFormParser - Consolidating text finished in 9.545 ms
2025-12-15 11:01:08,898 [AWT-EventQueue-0] INFO  XFormParser - Parsing form...
2025-12-15 11:01:08,898 [AWT-EventQueue-0] INFO  XFormParser - Title: "Formulário da Vigilancia Comunitaria"
2025-12-15 11:01:08,898 [AWT-EventQueue-0] WARN  XFormParser - XForm Parse Warning: Warning: 1 Unrecognized attributes found in Element [model] and will be ignored: [xforms-version] 
    Problem found at nodeset: /html/head/model
    With element <model xforms-version="1.0.0"><instance><data id="Comunidade" version="1" prefix="Comunidade" delimiter="$">...

2025-12-15 11:01:08,974 [AWT-EventQueue-0] INFO  XFormParser - Creating FormDef from parsed XML finished in 76.275 ms
2025-12-15 11:01:09,600 [ForkJoinPool-6-worker-10] INFO  o.o.b.p.a.PullFromAggregateTracker - Pull Formulário da Vigilancia Hospitalar - Form downloaded
2025-12-15 11:01:09,602 [ForkJoinPool-6-worker-10] INFO  o.o.b.p.a.PullFromAggregateTracker - Pull Formulário da Vigilancia Hospitalar - Start getting submission IDs
2025-12-15 11:01:10,074 [ForkJoinPool-6-worker-10] INFO  o.o.b.p.a.PullFromAggregateTracker - Pull Formulário da Vigilancia Hospitalar - Got all the submission IDs
2025-12-15 11:01:10,226 [ForkJoinPool-6-worker-10] INFO  o.o.b.p.a.PullFromAggregateTracker - Push Formulário da Vigilancia Hospitalar - There are no submissions to download
2025-12-15 11:01:10,229 [ForkJoinPool-6-worker-10] INFO  o.o.b.p.a.PullFromAggregateTracker - Pull Formulário da Vigilancia Hospitalar - Success
2025-12-15 11:01:10,345 [AWT-EventQueue-0] INFO  XFormParser - Reading XML and parsing with kXML2 finished in 33.362 ms
2025-12-15 11:01:10,545 [AWT-EventQueue-0] INFO  XFormParser - Consolidating text finished in 198.608 ms
2025-12-15 11:01:10,545 [AWT-EventQueue-0] INFO  XFormParser - Parsing form...
2025-12-15 11:01:10,547 [AWT-EventQueue-0] INFO  XFormParser - Title: "Formulário da Vigilancia Hospitalar"
2025-12-15 11:01:10,547 [AWT-EventQueue-0] WARN  XFormParser - XForm Parse Warning: Warning: 1 Unrecognized attributes found in Element [model] and will be ignored: [xforms-version] 
    Problem found at nodeset: /html/head/model
    With element <model xforms-version="1.0.0"><instance><data id="hospitalar_v3" version="3" prefix="Hospitalar_v3" delimiter="$">...

2025-12-15 11:01:10,607 [AWT-EventQueue-0] INFO  XFormParser - Creating FormDef from parsed XML finished in 60.496 ms
2025-12-15 11:01:28,617 [ForkJoinPool-6-worker-3] INFO  o.o.b.p.a.PullFromAggregateTracker - Pull Formulário da Vigilancia Hospitalar - Form downloaded
2025-12-15 11:01:28,619 [ForkJoinPool-6-worker-3] INFO  o.o.b.p.a.PullFromAggregateTracker - Pull Formulário da Vigilancia Hospitalar - Start getting submission IDs
2025-12-15 11:01:28,980 [ForkJoinPool-6-worker-15] INFO  o.o.b.p.a.PullFromAggregateTracker - Pull Formulário da Vigilancia Hospitalar - Form downloaded
2025-12-15 11:01:28,981 [ForkJoinPool-6-worker-15] INFO  o.o.b.p.a.PullFromAggregateTracker - Pull Formulário da Vigilancia Hospitalar - Start getting form manifest
2025-12-15 11:01:29,143 [ForkJoinPool-6-worker-3] INFO  o.o.b.p.a.PullFromAggregateTracker - Pull Formulário da Vigilancia Hospitalar - Got all the submission IDs
2025-12-15 11:01:29,290 [ForkJoinPool-6-worker-3] INFO  o.o.b.p.a.PullFromAggregateTracker - Push Formulário da Vigilancia Hospitalar - There are no submissions to download
2025-12-15 11:01:29,296 [ForkJoinPool-6-worker-3] INFO  o.o.b.p.a.PullFromAggregateTracker - Pull Formulário da Vigilancia Hospitalar - Success
2025-12-15 11:01:29,395 [AWT-EventQueue-0] INFO  XFormParser - Reading XML and parsing with kXML2 finished in 22.196 ms
2025-12-15 11:01:29,424 [AWT-EventQueue-0] INFO  XFormParser - Consolidating text finished in 27.397 ms
2025-12-15 11:01:29,424 [AWT-EventQueue-0] INFO  XFormParser - Parsing form...
2025-12-15 11:01:29,425 [AWT-EventQueue-0] INFO  XFormParser - Title: "Formulário da Vigilancia Hospitalar"
2025-12-15 11:01:29,425 [AWT-EventQueue-0] WARN  XFormParser - XForm Parse Warning: Warning: 1 Unrecognized attributes found in Element [model] and will be ignored: [xforms-version] 
    Problem found at nodeset: /html/head/model
    With element <model xforms-version="1.0.0"><instance><data id="hospitalar_v2" version="1" prefix="Hospitalar" delimiter="$">...

2025-12-15 11:01:29,459 [ForkJoinPool-6-worker-15] INFO  o.o.b.p.a.PullFromAggregateTracker - Pull Formulário da Vigilancia Hospitalar - Got the form manifest
2025-12-15 11:01:29,460 [ForkJoinPool-6-worker-15] INFO  o.o.b.p.a.PullFromAggregateTracker - Pull Formulário da Vigilancia Hospitalar - Skipping 1 form attachments that have been already downloaded
2025-12-15 11:01:29,461 [ForkJoinPool-6-worker-15] INFO  o.o.b.p.a.PullFromAggregateTracker - Pull Formulário da Vigilancia Hospitalar - Start getting submission IDs
2025-12-15 11:01:29,490 [AWT-EventQueue-0] INFO  XFormParser - Creating FormDef from parsed XML finished in 66.299 ms
2025-12-15 11:01:29,975 [ForkJoinPool-6-worker-15] INFO  o.o.b.p.a.PullFromAggregateTracker - Pull Formulário da Vigilancia Hospitalar - Got all the submission IDs
2025-12-15 11:01:30,113 [ForkJoinPool-6-worker-15] INFO  o.o.b.p.a.PullFromAggregateTracker - Push Formulário da Vigilancia Hospitalar - There are no submissions to download
2025-12-15 11:01:30,118 [ForkJoinPool-6-worker-15] INFO  o.o.b.p.a.PullFromAggregateTracker - Pull Formulário da Vigilancia Hospitalar - Success
2025-12-15 11:01:43,441 [ForkJoinPool-6-worker-1] INFO  o.o.b.p.a.PullFromAggregateTracker - Pull Formulário da Vigilancia Comunitaria - Form downloaded
2025-12-15 11:01:43,442 [ForkJoinPool-6-worker-1] INFO  o.o.b.p.a.PullFromAggregateTracker - Pull Formulário da Vigilancia Comunitaria - Start getting submission IDs
2025-12-15 11:01:45,431 [ForkJoinPool-6-worker-1] INFO  o.o.b.p.a.PullFromAggregateTracker - Pull Formulário da Vigilancia Comunitaria - Got all the submission IDs
2025-12-15 11:01:45,646 [ForkJoinPool-6-worker-1] INFO  o.o.b.p.a.PullFromAggregateTracker - Push Formulário da Vigilancia Comunitaria - There are no submissions to download
2025-12-15 11:01:45,655 [ForkJoinPool-6-worker-1] INFO  o.o.b.p.a.PullFromAggregateTracker - Pull Formulário da Vigilancia Comunitaria - Success
2025-12-15 11:01:45,765 [AWT-EventQueue-0] INFO  XFormParser - Reading XML and parsing with kXML2 finished in 40.569 ms
2025-12-15 11:01:45,786 [AWT-EventQueue-0] INFO  XFormParser - Consolidating text finished in 21.075 ms
2025-12-15 11:01:45,786 [AWT-EventQueue-0] INFO  XFormParser - Parsing form...
2025-12-15 11:01:45,788 [AWT-EventQueue-0] INFO  XFormParser - Title: "Formulário da Vigilancia Comunitaria"
2025-12-15 11:01:45,788 [AWT-EventQueue-0] WARN  XFormParser - XForm Parse Warning: Warning: 1 Unrecognized attributes found in Element [model] and will be ignored: [xforms-version] 
    Problem found at nodeset: /html/head/model
    With element <model xforms-version="1.0.0"><instance><data id="Comunidade_v3" version="1" prefix="Comunidade_v3" delimiter="$">...

2025-12-15 11:01:45,869 [AWT-EventQueue-0] INFO  XFormParser - Creating FormDef from parsed XML finished in 82.178 ms
2025-12-15 11:02:07,777 [ForkJoinPool-6-worker-13] INFO  o.o.b.p.a.PullFromAggregateTracker - Pull Formulário da Vigilancia Hospitalar - Form downloaded
2025-12-15 11:02:07,778 [ForkJoinPool-6-worker-13] INFO  o.o.b.p.a.PullFromAggregateTracker - Pull Formulário da Vigilancia Hospitalar - Start getting submission IDs
2025-12-15 11:02:09,001 [ForkJoinPool-6-worker-13] INFO  o.o.b.p.a.PullFromAggregateTracker - Pull Formulário da Vigilancia Hospitalar - Got all the submission IDs
2025-12-15 11:02:09,188 [ForkJoinPool-6-worker-13] INFO  o.o.b.p.a.PullFromAggregateTracker - Push Formulário da Vigilancia Hospitalar - There are no submissions to download
2025-12-15 11:02:09,196 [ForkJoinPool-6-worker-13] INFO  o.o.b.p.a.PullFromAggregateTracker - Pull Formulário da Vigilancia Hospitalar - Success
2025-12-15 11:02:09,287 [AWT-EventQueue-0] INFO  XFormParser - Reading XML and parsing with kXML2 finished in 34.596 ms
2025-12-15 11:02:09,295 [AWT-EventQueue-0] INFO  XFormParser - Consolidating text finished in 7.843 ms
2025-12-15 11:02:09,295 [AWT-EventQueue-0] INFO  XFormParser - Parsing form...
2025-12-15 11:02:09,296 [AWT-EventQueue-0] INFO  XFormParser - Title: "Formulário da Vigilancia Hospitalar"
2025-12-15 11:02:09,296 [AWT-EventQueue-0] WARN  XFormParser - XForm Parse Warning: Warning: 1 Unrecognized attributes found in Element [model] and will be ignored: [xforms-version] 
    Problem found at nodeset: /html/head/model
    With element <model xforms-version="1.0.0"><instance><data id="hospitalar_v4" version="1" prefix="hospitalar_v4" delimiter="$">...

2025-12-15 11:02:09,354 [AWT-EventQueue-0] INFO  XFormParser - Creating FormDef from parsed XML finished in 58.929 ms
2025-12-15 11:02:34,545 [Thread-10] INFO  org.javarosa.core.model.FormDef - Dynamic select question has no choices! [instance(dis)/root/item]. If this occurs while filling out a form (and not while saving an incomplete form), the filter condition may have eliminated all the choices. Is that what you intended?
2025-12-15 11:02:34,574 [Thread-10] INFO  org.javarosa.core.model.FormDef - Dynamic select question has no choices! [instance(bairro)/root/item]. If this occurs while filling out a form (and not while saving an incomplete form), the filter condition may have eliminated all the choices. Is that what you intended?
2025-12-15 11:02:34,672 [Thread-10] INFO  org.javarosa.core.model.FormDef - Dynamic select question has no choices! [instance(Distrito_option_type)/root/item]. If this occurs while filling out a form (and not while saving an incomplete form), the filter condition may have eliminated all the choices. Is that what you intended?
2025-12-15 11:02:34,693 [Thread-10] INFO  org.javarosa.core.model.FormDef - Dynamic select question has no choices! [instance(Unidade_sanitaria_options)/root/item]. If this occurs while filling out a form (and not while saving an incomplete form), the filter condition may have eliminated all the choices. Is that what you intended?
2025-12-15 11:02:34,695 [Thread-10] INFO  org.javarosa.core.model.FormDef - Dynamic select question has no choices! [instance(tipo_amostra_options)/root/item]. If this occurs while filling out a form (and not while saving an incomplete form), the filter condition may have eliminated all the choices. Is that what you intended?
2025-12-15 11:02:34,742 [Thread-10] INFO  org.javarosa.core.model.FormDef - Dynamic select question has no choices! [instance(Distrito_option_type)/root/item]. If this occurs while filling out a form (and not while saving an incomplete form), the filter condition may have eliminated all the choices. Is that what you intended?
2025-12-15 11:02:35,077 [Thread-10] INFO  org.javarosa.core.model.FormDef - Dynamic select question has no choices! [instance(dis)/root/item]. If this occurs while filling out a form (and not while saving an incomplete form), the filter condition may have eliminated all the choices. Is that what you intended?
2025-12-15 11:02:35,107 [Thread-10] INFO  org.javarosa.core.model.FormDef - Dynamic select question has no choices! [instance(bairro)/root/item]. If this occurs while filling out a form (and not while saving an incomplete form), the filter condition may have eliminated all the choices. Is that what you intended?
2025-12-15 11:02:35,323 [ForkJoinPool-7-worker-2] INFO  o.o.b.export.ExportProcessTracker - Exported in 00:00:00.7077906
2025-12-15 11:02:35,368 [ForkJoinPool-7-worker-4] INFO  o.o.b.export.ExportProcessTracker - Exported in 00:00:00.640543
2025-12-15 11:02:36,747 [ForkJoinPool-7-worker-13] INFO  o.o.b.export.ExportProcessTracker - Exported in 00:00:01.9953284
2025-12-15 11:02:46,080 [ForkJoinPool-7-worker-1] INFO  o.o.b.export.ExportProcessTracker - Exported in 00:00:10.8594547
2025-12-15 11:02:53,797 [ForkJoinPool-7-worker-9] INFO  o.o.b.export.ExportProcessTracker - Exported in 00:00:19.2026178
2025-12-15 11:02:56,663 [ForkJoinPool-7-worker-6] INFO  o.o.b.export.ExportProcessTracker - Exported in 00:00:21.8986034
2025-12-15 11:02:57,878 [ForkJoinPool-7-worker-11] INFO  o.o.b.export.ExportProcessTracker - Exported in 00:00:23.1596056
2025-12-15 23:55:39,385 [ForkJoinPool-8-worker-1] INFO  o.o.b.p.a.PullFromAggregateTracker - Pull Formulário da Vigilancia Hospitalar - Start pulling form and submissions
2025-12-15 23:55:39,384 [ForkJoinPool-8-worker-8] INFO  o.o.b.p.a.PullFromAggregateTracker - Pull Formulário da Vigilancia Comunitaria - Start pulling form and submissions
2025-12-15 23:55:39,379 [ForkJoinPool-8-worker-9] INFO  o.o.b.p.a.PullFromAggregateTracker - Pull Formulário da Vigilancia Hospitalar - Start pulling form and submissions
2025-12-15 23:55:39,381 [ForkJoinPool-8-worker-6] INFO  o.o.b.p.a.PullFromAggregateTracker - Pull Formulário da Vigilancia Hospitalar - Start pulling form and submissions
2025-12-15 23:55:39,384 [ForkJoinPool-8-worker-15] INFO  o.o.b.p.a.PullFromAggregateTracker - Pull Formulario da  Componente  Genomica (IDS) - Start pulling form and submissions
2025-12-15 23:55:39,385 [ForkJoinPool-8-worker-10] INFO  o.o.b.p.a.PullFromAggregateTracker - Pull Formulário da Vigilancia Hospitalar - Laboratório - Start pulling form and submissions
2025-12-15 23:55:39,381 [ForkJoinPool-8-worker-11] INFO  o.o.b.p.a.PullFromAggregateTracker - Pull Formulário da Vigilancia Hospitalar - Start pulling form and submissions
2025-12-15 23:55:39,381 [ForkJoinPool-8-worker-13] INFO  o.o.b.p.a.PullFromAggregateTracker - Pull VIGILÂNCIA  AMBIENTAL - Start pulling form and submissions
2025-12-15 23:55:39,381 [ForkJoinPool-8-worker-2] INFO  o.o.b.p.a.PullFromAggregateTracker - Pull Formulário da Vigilancia Hospitalar - Laboratório - Start pulling form and submissions
2025-12-15 23:55:39,381 [ForkJoinPool-8-worker-4] INFO  o.o.b.p.a.PullFromAggregateTracker - Pull Formulário da Vigilancia Comunitaria - Start pulling form and submissions
2025-12-15 23:55:39,388 [ForkJoinPool-8-worker-3] INFO  o.o.b.p.a.PullFromAggregateTracker - Pull VIGILÂNCIA  AMBIENTAL - Start pulling form and submissions
2025-12-15 23:55:39,391 [ForkJoinPool-8-worker-13] INFO  o.o.b.p.a.PullFromAggregateTracker - Pull VIGILÂNCIA  AMBIENTAL - Start downloading form
2025-12-15 23:55:39,391 [ForkJoinPool-8-worker-11] INFO  o.o.b.p.a.PullFromAggregateTracker - Pull Formulário da Vigilancia Hospitalar - Start downloading form
2025-12-15 23:55:39,391 [ForkJoinPool-8-worker-10] INFO  o.o.b.p.a.PullFromAggregateTracker - Pull Formulário da Vigilancia Hospitalar - Laboratório - Start downloading form
2025-12-15 23:55:39,391 [ForkJoinPool-8-worker-4] INFO  o.o.b.p.a.PullFromAggregateTracker - Pull Formulário da Vigilancia Comunitaria - Start downloading form
2025-12-15 23:55:39,391 [ForkJoinPool-8-worker-2] INFO  o.o.b.p.a.PullFromAggregateTracker - Pull Formulário da Vigilancia Hospitalar - Laboratório - Start downloading form
2025-12-15 23:55:39,392 [ForkJoinPool-8-worker-6] INFO  o.o.b.p.a.PullFromAggregateTracker - Pull Formulário da Vigilancia Hospitalar - Start downloading form
2025-12-15 23:55:39,392 [ForkJoinPool-8-worker-9] INFO  o.o.b.p.a.PullFromAggregateTracker - Pull Formulário da Vigilancia Hospitalar - Start downloading form
2025-12-15 23:55:39,392 [ForkJoinPool-8-worker-8] INFO  o.o.b.p.a.PullFromAggregateTracker - Pull Formulário da Vigilancia Comunitaria - Start downloading form
2025-12-15 23:55:39,392 [ForkJoinPool-8-worker-1] INFO  o.o.b.p.a.PullFromAggregateTracker - Pull Formulário da Vigilancia Hospitalar - Start downloading form
2025-12-15 23:55:39,392 [ForkJoinPool-8-worker-3] INFO  o.o.b.p.a.PullFromAggregateTracker - Pull VIGILÂNCIA  AMBIENTAL - Start downloading form
2025-12-15 23:55:39,392 [ForkJoinPool-8-worker-15] INFO  o.o.b.p.a.PullFromAggregateTracker - Pull Formulario da  Componente  Genomica (IDS) - Start downloading form
2025-12-15 23:55:42,627 [ForkJoinPool-8-worker-10] INFO  o.o.b.p.a.PullFromAggregateTracker - Pull Formulário da Vigilancia Hospitalar - Laboratório - Form downloaded
2025-12-15 23:55:42,633 [ForkJoinPool-8-worker-10] INFO  o.o.b.p.a.PullFromAggregateTracker - Pull Formulário da Vigilancia Hospitalar - Laboratório - Start getting submission IDs
2025-12-15 23:55:42,751 [ForkJoinPool-8-worker-3] INFO  o.o.b.p.a.PullFromAggregateTracker - Pull VIGILÂNCIA  AMBIENTAL - Form downloaded
2025-12-15 23:55:42,752 [ForkJoinPool-8-worker-3] INFO  o.o.b.p.a.PullFromAggregateTracker - Pull VIGILÂNCIA  AMBIENTAL - Start getting submission IDs
2025-12-15 23:55:42,799 [ForkJoinPool-8-worker-15] INFO  o.o.b.p.a.PullFromAggregateTracker - Pull Formulario da  Componente  Genomica (IDS) - Form downloaded
2025-12-15 23:55:42,799 [ForkJoinPool-8-worker-15] INFO  o.o.b.p.a.PullFromAggregateTracker - Pull Formulario da  Componente  Genomica (IDS) - Start getting submission IDs
2025-12-15 23:55:43,158 [ForkJoinPool-8-worker-2] INFO  o.o.b.p.a.PullFromAggregateTracker - Pull Formulário da Vigilancia Hospitalar - Laboratório - Form downloaded
2025-12-15 23:55:43,158 [ForkJoinPool-8-worker-2] INFO  o.o.b.p.a.PullFromAggregateTracker - Pull Formulário da Vigilancia Hospitalar - Laboratório - Start getting form manifest
2025-12-15 23:55:43,371 [ForkJoinPool-8-worker-13] INFO  o.o.b.p.a.PullFromAggregateTracker - Pull VIGILÂNCIA  AMBIENTAL - Form downloaded
2025-12-15 23:55:43,371 [ForkJoinPool-8-worker-13] INFO  o.o.b.p.a.PullFromAggregateTracker - Pull VIGILÂNCIA  AMBIENTAL - Start getting form manifest
2025-12-15 23:55:43,640 [ForkJoinPool-8-worker-10] INFO  o.o.b.p.a.PullFromAggregateTracker - Pull Formulário da Vigilancia Hospitalar - Laboratório - Got all the submission IDs
2025-12-15 23:55:43,669 [ForkJoinPool-8-worker-10] INFO  o.o.b.p.a.PullFromAggregateTracker - Push Formulário da Vigilancia Hospitalar - Laboratório - There are no submissions to download
2025-12-15 23:55:43,689 [ForkJoinPool-8-worker-10] INFO  o.o.b.p.a.PullFromAggregateTracker - Pull Formulário da Vigilancia Hospitalar - Laboratório - Success
2025-12-15 23:55:43,697 [ForkJoinPool-8-worker-10] INFO  o.o.b.p.a.PullFromAggregateTracker - Pull VIGILÂNCIA  AMBIENTAL - Start pulling form and submissions
2025-12-15 23:55:43,697 [ForkJoinPool-8-worker-10] INFO  o.o.b.p.a.PullFromAggregateTracker - Pull VIGILÂNCIA  AMBIENTAL - Start downloading form
2025-12-15 23:55:43,747 [ForkJoinPool-8-worker-3] INFO  o.o.b.p.a.PullFromAggregateTracker - Pull VIGILÂNCIA  AMBIENTAL - Got all the submission IDs
2025-12-15 23:55:43,749 [ForkJoinPool-8-worker-11] INFO  o.o.b.p.a.PullFromAggregateTracker - Pull Formulário da Vigilancia Hospitalar - Form downloaded
2025-12-15 23:55:43,750 [ForkJoinPool-8-worker-11] INFO  o.o.b.p.a.PullFromAggregateTracker - Pull Formulário da Vigilancia Hospitalar - Start getting form manifest
2025-12-15 23:55:43,762 [ForkJoinPool-8-worker-3] INFO  o.o.b.p.a.PullFromAggregateTracker - Push VIGILÂNCIA  AMBIENTAL - There are no submissions to download
2025-12-15 23:55:43,764 [ForkJoinPool-8-worker-3] INFO  o.o.b.p.a.PullFromAggregateTracker - Pull VIGILÂNCIA  AMBIENTAL - Success
2025-12-15 23:55:43,775 [ForkJoinPool-8-worker-3] INFO  o.o.b.p.a.PullFromAggregateTracker - Pull Formulário da Vigilancia Comunitaria - Start pulling form and submissions
2025-12-15 23:55:43,778 [ForkJoinPool-8-worker-3] INFO  o.o.b.p.a.PullFromAggregateTracker - Pull Formulário da Vigilancia Comunitaria - Start downloading form
2025-12-15 23:55:43,797 [AWT-EventQueue-0] INFO  XFormParser - Reading XML and parsing with kXML2 finished in 18.554 ms
2025-12-15 23:55:43,820 [AWT-EventQueue-0] INFO  XFormParser - Consolidating text finished in 21.611 ms
2025-12-15 23:55:43,820 [AWT-EventQueue-0] INFO  XFormParser - Parsing form...
2025-12-15 23:55:43,821 [AWT-EventQueue-0] INFO  XFormParser - Title: "Formulário da Vigilancia Hospitalar"
2025-12-15 23:55:43,821 [AWT-EventQueue-0] WARN  XFormParser - XForm Parse Warning: Warning: 1 Unrecognized attributes found in Element [model] and will be ignored: [xforms-version] 
    Problem found at nodeset: /html/head/model
    With element <model xforms-version="1.0.0"><instance><data id="hospitalar_v1" version="1" prefix="Hospitalar" delimiter="$">...

2025-12-15 23:55:43,957 [AWT-EventQueue-0] INFO  XFormParser - Creating FormDef from parsed XML finished in 136.244 ms
2025-12-15 23:55:43,962 [AWT-EventQueue-0] INFO  XFormParser - Reading XML and parsing with kXML2 finished in 2.587 ms
2025-12-15 23:55:43,963 [AWT-EventQueue-0] INFO  XFormParser - Consolidating text finished in 1.020 ms
2025-12-15 23:55:43,963 [AWT-EventQueue-0] INFO  XFormParser - Parsing form...
2025-12-15 23:55:43,963 [AWT-EventQueue-0] INFO  XFormParser - Title: "Formulário da Vigilancia Hospitalar - Laboratório"
2025-12-15 23:55:43,963 [AWT-EventQueue-0] WARN  XFormParser - XForm Parse Warning: Warning: 1 Unrecognized attributes found in Element [model] and will be ignored: [xforms-version] 
    Problem found at nodeset: /html/head/model
    With element <model xforms-version="1.0.0"><instance><data id="hospitalar_ib" version="1" prefix="Hospitalar LB" delimiter="$">...

2025-12-15 23:55:43,970 [AWT-EventQueue-0] INFO  XFormParser - Creating FormDef from parsed XML finished in 10.879 ms
2025-12-15 23:55:43,994 [AWT-EventQueue-0] INFO  XFormParser - Reading XML and parsing with kXML2 finished in 2.279 ms
2025-12-15 23:55:43,995 [AWT-EventQueue-0] INFO  XFormParser - Consolidating text finished in 1.564 ms
2025-12-15 23:55:43,995 [AWT-EventQueue-0] INFO  XFormParser - Parsing form...
2025-12-15 23:55:43,995 [AWT-EventQueue-0] INFO  XFormParser - Title: "VIGILÂNCIA  AMBIENTAL"
2025-12-15 23:55:43,995 [AWT-EventQueue-0] WARN  XFormParser - XForm Parse Warning: Warning: 1 Unrecognized attributes found in Element [model] and will be ignored: [xforms-version] 
    Problem found at nodeset: /html/head/model
    With element <model xforms-version="1.0.0"><instance><data id="VIGILÂNCIA  AMBIENTAL" version="1" prefix="VIGILÂNCIA  AMBIENTAL" delimiter="$">...

2025-12-15 23:55:44,005 [ForkJoinPool-8-worker-15] INFO  o.o.b.p.a.PullFromAggregateTracker - Pull Formulario da  Componente  Genomica (IDS) - Got all the submission IDs
2025-12-15 23:55:44,010 [AWT-EventQueue-0] INFO  XFormParser - Creating FormDef from parsed XML finished in 14.486 ms
2025-12-15 23:55:44,010 [ForkJoinPool-8-worker-15] INFO  o.o.b.p.a.PullFromAggregateTracker - Push Formulario da  Componente  Genomica (IDS) - There are no submissions to download
2025-12-15 23:55:44,015 [ForkJoinPool-8-worker-15] INFO  o.o.b.p.a.PullFromAggregateTracker - Pull Formulario da  Componente  Genomica (IDS) - Success
2025-12-15 23:55:44,019 [ForkJoinPool-8-worker-15] INFO  o.o.b.p.a.PullFromAggregateTracker - Pull Formulário da Vigilancia Hospitalar - Start pulling form and submissions
2025-12-15 23:55:44,019 [ForkJoinPool-8-worker-15] INFO  o.o.b.p.a.PullFromAggregateTracker - Pull Formulário da Vigilancia Hospitalar - Start downloading form
2025-12-15 23:55:44,073 [ForkJoinPool-8-worker-13] INFO  o.o.b.p.a.PullFromAggregateTracker - Pull VIGILÂNCIA  AMBIENTAL - Got the form manifest
2025-12-15 23:55:44,073 [ForkJoinPool-8-worker-2] INFO  o.o.b.p.a.PullFromAggregateTracker - Pull Formulário da Vigilancia Hospitalar - Laboratório - Got the form manifest
2025-12-15 23:55:44,073 [ForkJoinPool-8-worker-2] INFO  o.o.b.p.a.PullFromAggregateTracker - Pull Formulário da Vigilancia Hospitalar - Laboratório - Skipping 1 form attachments that have been already downloaded
2025-12-15 23:55:44,073 [ForkJoinPool-8-worker-13] INFO  o.o.b.p.a.PullFromAggregateTracker - Pull VIGILÂNCIA  AMBIENTAL - Skipping 1 form attachments that have been already downloaded
2025-12-15 23:55:44,074 [ForkJoinPool-8-worker-2] INFO  o.o.b.p.a.PullFromAggregateTracker - Pull Formulário da Vigilancia Hospitalar - Laboratório - Start getting submission IDs
2025-12-15 23:55:44,074 [ForkJoinPool-8-worker-13] INFO  o.o.b.p.a.PullFromAggregateTracker - Pull VIGILÂNCIA  AMBIENTAL - Start getting submission IDs
2025-12-15 23:55:44,144 [ForkJoinPool-8-worker-1] INFO  o.o.b.p.a.PullFromAggregateTracker - Pull Formulário da Vigilancia Hospitalar - Form downloaded
2025-12-15 23:55:44,146 [ForkJoinPool-8-worker-8] INFO  o.o.b.p.a.PullFromAggregateTracker - Pull Formulário da Vigilancia Comunitaria - Form downloaded
2025-12-15 23:55:44,146 [ForkJoinPool-8-worker-1] INFO  o.o.b.p.a.PullFromAggregateTracker - Pull Formulário da Vigilancia Hospitalar - Start getting submission IDs
2025-12-15 23:55:44,146 [ForkJoinPool-8-worker-4] INFO  o.o.b.p.a.PullFromAggregateTracker - Pull Formulário da Vigilancia Comunitaria - Form downloaded
2025-12-15 23:55:44,146 [ForkJoinPool-8-worker-4] INFO  o.o.b.p.a.PullFromAggregateTracker - Pull Formulário da Vigilancia Comunitaria - Start getting form manifest
2025-12-15 23:55:44,146 [ForkJoinPool-8-worker-8] INFO  o.o.b.p.a.PullFromAggregateTracker - Pull Formulário da Vigilancia Comunitaria - Start getting submission IDs
2025-12-15 23:55:44,204 [ForkJoinPool-8-worker-6] INFO  o.o.b.p.a.PullFromAggregateTracker - Pull Formulário da Vigilancia Hospitalar - Form downloaded
2025-12-15 23:55:44,208 [ForkJoinPool-8-worker-6] INFO  o.o.b.p.a.PullFromAggregateTracker - Pull Formulário da Vigilancia Hospitalar - Start getting form manifest
2025-12-15 23:55:44,212 [AWT-EventQueue-0] ERROR XFormParser - XML Syntax Error at Line: 1, Column: 8173!
org.xmlpull.v1.XmlPullParserException: expected: '>' actual: '<' (position:END_TAG </namel>@1:8173 in java.io.StringReader@165a950) 
	at org.kxml2.io.KXmlParser.exception(Unknown Source)
	at org.kxml2.io.KXmlParser.error(Unknown Source)
	at org.kxml2.io.KXmlParser.read(Unknown Source)
	at org.kxml2.io.KXmlParser.parseEndTag(Unknown Source)
	at org.kxml2.io.KXmlParser.nextImpl(Unknown Source)
	at org.kxml2.io.KXmlParser.nextToken(Unknown Source)
	at org.kxml2.kdom.Node.parse(Unknown Source)
	at org.kxml2.kdom.Element.parse(Unknown Source)
	at org.kxml2.kdom.Node.parse(Unknown Source)
	at org.kxml2.kdom.Element.parse(Unknown Source)
	at org.kxml2.kdom.Node.parse(Unknown Source)
	at org.kxml2.kdom.Element.parse(Unknown Source)
	at org.kxml2.kdom.Node.parse(Unknown Source)
	at org.kxml2.kdom.Element.parse(Unknown Source)
	at org.kxml2.kdom.Node.parse(Unknown Source)
	at org.kxml2.kdom.Element.parse(Unknown Source)
	at org.kxml2.kdom.Node.parse(Unknown Source)
	at org.kxml2.kdom.Element.parse(Unknown Source)
	at org.kxml2.kdom.Node.parse(Unknown Source)
	at org.kxml2.kdom.Element.parse(Unknown Source)
	at org.kxml2.kdom.Node.parse(Unknown Source)
	at org.kxml2.kdom.Document.parse(Unknown Source)
	at org.javarosa.xform.parse.XFormParser.getXMLDocument(XFormParser.java:444)
	at org.javarosa.xform.parse.XFormParser.getXMLDocument(XFormParser.java:414)
	at org.opendatakit.aggregate.parser.BaseFormParserForJavaRosa.parseFormDefinition(BaseFormParserForJavaRosa.java:207)
	at org.opendatakit.aggregate.parser.BaseFormParserForJavaRosa.<init>(BaseFormParserForJavaRosa.java:359)
	at org.opendatakit.briefcase.util.JavaRosaParserWrapper.<init>(JavaRosaParserWrapper.java:15)
	at org.opendatakit.briefcase.model.BriefcaseFormDefinition.<init>(BriefcaseFormDefinition.java:294)
	at org.opendatakit.briefcase.util.FormCache.lambda$update$1(FormCache.java:123)
	at java.util.stream.ForEachOps$ForEachOp$OfRef.accept(Unknown Source)
	at java.util.stream.ReferencePipeline$2$1.accept(Unknown Source)
	at java.util.Iterator.forEachRemaining(Unknown Source)
	at java.util.Spliterators$IteratorSpliterator.forEachRemaining(Unknown Source)
	at java.util.stream.AbstractPipeline.copyInto(Unknown Source)
	at java.util.stream.AbstractPipeline.wrapAndCopyInto(Unknown Source)
	at java.util.stream.ForEachOps$ForEachOp.evaluateSequential(Unknown Source)
	at java.util.stream.ForEachOps$ForEachOp$OfRef.evaluateSequential(Unknown Source)
	at java.util.stream.AbstractPipeline.evaluate(Unknown Source)
	at java.util.stream.ReferencePipeline.forEach(Unknown Source)
	at org.opendatakit.briefcase.util.FormCache.lambda$update$2(FormCache.java:117)
	at java.util.Optional.ifPresent(Unknown Source)
	at org.opendatakit.briefcase.util.FormCache.update(FormCache.java:113)
	at org.opendatakit.briefcase.util.FormCache.onPullSuccess(FormCache.java:150)
	at sun.reflect.GeneratedMethodAccessor11.invoke(Unknown Source)
	at sun.reflect.DelegatingMethodAccessorImpl.invoke(Unknown Source)
	at java.lang.reflect.Method.invoke(Unknown Source)
	at org.bushe.swing.event.annotation.BaseProxySubscriber.onEvent(BaseProxySubscriber.java:69)
	at org.bushe.swing.event.ThreadSafeEventService.publish(ThreadSafeEventService.java:971)
	at org.bushe.swing.event.SwingEventService.access$001(SwingEventService.java:31)
	at org.bushe.swing.event.SwingEventService$1.run(SwingEventService.java:88)
	at java.awt.event.InvocationEvent.dispatch(Unknown Source)
	at java.awt.EventQueue.dispatchEventImpl(Unknown Source)
	at java.awt.EventQueue.access$500(Unknown Source)
	at java.awt.EventQueue$3.run(Unknown Source)
	at java.awt.EventQueue$3.run(Unknown Source)
	at java.security.AccessController.doPrivileged(Native Method)
	at java.security.ProtectionDomain$JavaSecurityAccessImpl.doIntersectionPrivilege(Unknown Source)
	at java.awt.EventQueue.dispatchEvent(Unknown Source)
	at java.awt.EventDispatchThread.pumpOneEventForFilters(Unknown Source)
	at java.awt.EventDispatchThread.pumpEventsForFilter(Unknown Source)
	at java.awt.EventDispatchThread.pumpEventsForHierarchy(Unknown Source)
	at java.awt.EventDispatchThread.pumpEvents(Unknown Source)
	at java.awt.EventDispatchThread.pumpEvents(Unknown Source)
	at java.awt.EventDispatchThread.run(Unknown Source)
2025-12-15 23:55:44,223 [AWT-EventQueue-0] WARN  o.o.briefcase.util.FormCache - Can't parse form file
org.opendatakit.briefcase.util.BadFormDefinition: org.opendatakit.aggregate.exception.ODKIncompleteSubmissionData: org.javarosa.xform.parse.XFormParseException: XML Syntax Error at Line: 1, Column: 8173!
	at org.opendatakit.briefcase.model.BriefcaseFormDefinition.<init>(BriefcaseFormDefinition.java:297)
	at org.opendatakit.briefcase.util.FormCache.lambda$update$1(FormCache.java:123)
	at java.util.stream.ForEachOps$ForEachOp$OfRef.accept(Unknown Source)
	at java.util.stream.ReferencePipeline$2$1.accept(Unknown Source)
	at java.util.Iterator.forEachRemaining(Unknown Source)
	at java.util.Spliterators$IteratorSpliterator.forEachRemaining(Unknown Source)
	at java.util.stream.AbstractPipeline.copyInto(Unknown Source)
	at java.util.stream.AbstractPipeline.wrapAndCopyInto(Unknown Source)
	at java.util.stream.ForEachOps$ForEachOp.evaluateSequential(Unknown Source)
	at java.util.stream.ForEachOps$ForEachOp$OfRef.evaluateSequential(Unknown Source)
	at java.util.stream.AbstractPipeline.evaluate(Unknown Source)
	at java.util.stream.ReferencePipeline.forEach(Unknown Source)
	at org.opendatakit.briefcase.util.FormCache.lambda$update$2(FormCache.java:117)
	at java.util.Optional.ifPresent(Unknown Source)
	at org.opendatakit.briefcase.util.FormCache.update(FormCache.java:113)
	at org.opendatakit.briefcase.util.FormCache.onPullSuccess(FormCache.java:150)
	at sun.reflect.GeneratedMethodAccessor11.invoke(Unknown Source)
	at sun.reflect.DelegatingMethodAccessorImpl.invoke(Unknown Source)
	at java.lang.reflect.Method.invoke(Unknown Source)
	at org.bushe.swing.event.annotation.BaseProxySubscriber.onEvent(BaseProxySubscriber.java:69)
	at org.bushe.swing.event.ThreadSafeEventService.publish(ThreadSafeEventService.java:971)
	at org.bushe.swing.event.SwingEventService.access$001(SwingEventService.java:31)
	at org.bushe.swing.event.SwingEventService$1.run(SwingEventService.java:88)
	at java.awt.event.InvocationEvent.dispatch(Unknown Source)
	at java.awt.EventQueue.dispatchEventImpl(Unknown Source)
	at java.awt.EventQueue.access$500(Unknown Source)
	at java.awt.EventQueue$3.run(Unknown Source)
	at java.awt.EventQueue$3.run(Unknown Source)
	at java.security.AccessController.doPrivileged(Native Method)
	at java.security.ProtectionDomain$JavaSecurityAccessImpl.doIntersectionPrivilege(Unknown Source)
	at java.awt.EventQueue.dispatchEvent(Unknown Source)
	at java.awt.EventDispatchThread.pumpOneEventForFilters(Unknown Source)
	at java.awt.EventDispatchThread.pumpEventsForFilter(Unknown Source)
	at java.awt.EventDispatchThread.pumpEventsForHierarchy(Unknown Source)
	at java.awt.EventDispatchThread.pumpEvents(Unknown Source)
	at java.awt.EventDispatchThread.pumpEvents(Unknown Source)
	at java.awt.EventDispatchThread.run(Unknown Source)
Caused by: org.opendatakit.aggregate.exception.ODKIncompleteSubmissionData: org.javarosa.xform.parse.XFormParseException: XML Syntax Error at Line: 1, Column: 8173!
	at org.opendatakit.aggregate.parser.BaseFormParserForJavaRosa.parseFormDefinition(BaseFormParserForJavaRosa.java:210)
	at org.opendatakit.aggregate.parser.BaseFormParserForJavaRosa.<init>(BaseFormParserForJavaRosa.java:359)
	at org.opendatakit.briefcase.util.JavaRosaParserWrapper.<init>(JavaRosaParserWrapper.java:15)
	at org.opendatakit.briefcase.model.BriefcaseFormDefinition.<init>(BriefcaseFormDefinition.java:294)
	... 36 common frames omitted
Caused by: org.javarosa.xform.parse.XFormParseException: XML Syntax Error at Line: 1, Column: 8173!
	at org.javarosa.xform.parse.XFormParser.getXMLDocument(XFormParser.java:448)
	at org.javarosa.xform.parse.XFormParser.getXMLDocument(XFormParser.java:414)
	at org.opendatakit.aggregate.parser.BaseFormParserForJavaRosa.parseFormDefinition(BaseFormParserForJavaRosa.java:207)
	... 39 common frames omitted
2025-12-15 23:55:44,253 [AWT-EventQueue-0] INFO  XFormParser - Reading XML and parsing with kXML2 finished in 14.949 ms
2025-12-15 23:55:44,316 [AWT-EventQueue-0] INFO  XFormParser - Consolidating text finished in 62.118 ms
2025-12-15 23:55:44,316 [AWT-EventQueue-0] INFO  XFormParser - Parsing form...
2025-12-15 23:55:44,316 [AWT-EventQueue-0] INFO  XFormParser - Title: "Formulário da Vigilancia Hospitalar"
2025-12-15 23:55:44,316 [AWT-EventQueue-0] WARN  XFormParser - XForm Parse Warning: Warning: 1 Unrecognized attributes found in Element [model] and will be ignored: [xforms-version] 
    Problem found at nodeset: /html/head/model
    With element <model xforms-version="1.0.0"><instance><data id="hospitalar_v2" version="1" prefix="Hospitalar" delimiter="$">...

2025-12-15 23:55:44,320 [ForkJoinPool-8-worker-11] INFO  o.o.b.p.a.PullFromAggregateTracker - Pull Formulário da Vigilancia Hospitalar - Got the form manifest
2025-12-15 23:55:44,320 [ForkJoinPool-8-worker-11] INFO  o.o.b.p.a.PullFromAggregateTracker - Pull Formulário da Vigilancia Hospitalar - Skipping 1 form attachments that have been already downloaded
2025-12-15 23:55:44,320 [ForkJoinPool-8-worker-11] INFO  o.o.b.p.a.PullFromAggregateTracker - Pull Formulário da Vigilancia Hospitalar - Start getting submission IDs
2025-12-15 23:55:44,369 [AWT-EventQueue-0] INFO  XFormParser - Creating FormDef from parsed XML finished in 51.322 ms
2025-12-15 23:55:44,421 [ForkJoinPool-8-worker-13] INFO  o.o.b.p.a.PullFromAggregateTracker - Pull VIGILÂNCIA  AMBIENTAL - Got all the submission IDs
2025-12-15 23:55:44,428 [ForkJoinPool-8-worker-13] INFO  o.o.b.p.a.PullFromAggregateTracker - Push VIGILÂNCIA  AMBIENTAL - There are no submissions to download
2025-12-15 23:55:44,429 [ForkJoinPool-8-worker-13] INFO  o.o.b.p.a.PullFromAggregateTracker - Pull VIGILÂNCIA  AMBIENTAL - Success
2025-12-15 23:55:44,431 [ForkJoinPool-8-worker-13] INFO  o.o.b.p.a.PullFromAggregateTracker - Pull VIGILÂNCIA  AMBIENTAL - Start pulling form and submissions
2025-12-15 23:55:44,431 [ForkJoinPool-8-worker-13] INFO  o.o.b.p.a.PullFromAggregateTracker - Pull VIGILÂNCIA  AMBIENTAL - Start downloading form
2025-12-15 23:55:44,436 [AWT-EventQueue-0] ERROR XFormParser - XML Syntax Error at Line: 1, Column: 8173!
org.xmlpull.v1.XmlPullParserException: expected: '>' actual: '<' (position:END_TAG </namel>@1:8173 in java.io.StringReader@a3d0b8) 
	at org.kxml2.io.KXmlParser.exception(Unknown Source)
	at org.kxml2.io.KXmlParser.error(Unknown Source)
	at org.kxml2.io.KXmlParser.read(Unknown Source)
	at org.kxml2.io.KXmlParser.parseEndTag(Unknown Source)
	at org.kxml2.io.KXmlParser.nextImpl(Unknown Source)
	at org.kxml2.io.KXmlParser.nextToken(Unknown Source)
	at org.kxml2.kdom.Node.parse(Unknown Source)
	at org.kxml2.kdom.Element.parse(Unknown Source)
	at org.kxml2.kdom.Node.parse(Unknown Source)
	at org.kxml2.kdom.Element.parse(Unknown Source)
	at org.kxml2.kdom.Node.parse(Unknown Source)
	at org.kxml2.kdom.Element.parse(Unknown Source)
	at org.kxml2.kdom.Node.parse(Unknown Source)
	at org.kxml2.kdom.Element.parse(Unknown Source)
	at org.kxml2.kdom.Node.parse(Unknown Source)
	at org.kxml2.kdom.Element.parse(Unknown Source)
	at org.kxml2.kdom.Node.parse(Unknown Source)
	at org.kxml2.kdom.Element.parse(Unknown Source)
	at org.kxml2.kdom.Node.parse(Unknown Source)
	at org.kxml2.kdom.Element.parse(Unknown Source)
	at org.kxml2.kdom.Node.parse(Unknown Source)
	at org.kxml2.kdom.Document.parse(Unknown Source)
	at org.javarosa.xform.parse.XFormParser.getXMLDocument(XFormParser.java:444)
	at org.javarosa.xform.parse.XFormParser.getXMLDocument(XFormParser.java:414)
	at org.opendatakit.aggregate.parser.BaseFormParserForJavaRosa.parseFormDefinition(BaseFormParserForJavaRosa.java:207)
	at org.opendatakit.aggregate.parser.BaseFormParserForJavaRosa.<init>(BaseFormParserForJavaRosa.java:359)
	at org.opendatakit.briefcase.util.JavaRosaParserWrapper.<init>(JavaRosaParserWrapper.java:15)
	at org.opendatakit.briefcase.model.BriefcaseFormDefinition.<init>(BriefcaseFormDefinition.java:294)
	at org.opendatakit.briefcase.util.FormCache.lambda$update$1(FormCache.java:123)
	at java.util.stream.ForEachOps$ForEachOp$OfRef.accept(Unknown Source)
	at java.util.stream.ReferencePipeline$2$1.accept(Unknown Source)
	at java.util.Iterator.forEachRemaining(Unknown Source)
	at java.util.Spliterators$IteratorSpliterator.forEachRemaining(Unknown Source)
	at java.util.stream.AbstractPipeline.copyInto(Unknown Source)
	at java.util.stream.AbstractPipeline.wrapAndCopyInto(Unknown Source)
	at java.util.stream.ForEachOps$ForEachOp.evaluateSequential(Unknown Source)
	at java.util.stream.ForEachOps$ForEachOp$OfRef.evaluateSequential(Unknown Source)
	at java.util.stream.AbstractPipeline.evaluate(Unknown Source)
	at java.util.stream.ReferencePipeline.forEach(Unknown Source)
	at org.opendatakit.briefcase.util.FormCache.lambda$update$2(FormCache.java:117)
	at java.util.Optional.ifPresent(Unknown Source)
	at org.opendatakit.briefcase.util.FormCache.update(FormCache.java:113)
	at org.opendatakit.briefcase.util.FormCache.onPullSuccess(FormCache.java:150)
	at sun.reflect.GeneratedMethodAccessor11.invoke(Unknown Source)
	at sun.reflect.DelegatingMethodAccessorImpl.invoke(Unknown Source)
	at java.lang.reflect.Method.invoke(Unknown Source)
	at org.bushe.swing.event.annotation.BaseProxySubscriber.onEvent(BaseProxySubscriber.java:69)
	at org.bushe.swing.event.ThreadSafeEventService.publish(ThreadSafeEventService.java:971)
	at org.bushe.swing.event.SwingEventService.access$001(SwingEventService.java:31)
	at org.bushe.swing.event.SwingEventService$1.run(SwingEventService.java:88)
	at java.awt.event.InvocationEvent.dispatch(Unknown Source)
	at java.awt.EventQueue.dispatchEventImpl(Unknown Source)
	at java.awt.EventQueue.access$500(Unknown Source)
	at java.awt.EventQueue$3.run(Unknown Source)
	at java.awt.EventQueue$3.run(Unknown Source)
	at java.security.AccessController.doPrivileged(Native Method)
	at java.security.ProtectionDomain$JavaSecurityAccessImpl.doIntersectionPrivilege(Unknown Source)
	at java.awt.EventQueue.dispatchEvent(Unknown Source)
	at java.awt.EventDispatchThread.pumpOneEventForFilters(Unknown Source)
	at java.awt.EventDispatchThread.pumpEventsForFilter(Unknown Source)
	at java.awt.EventDispatchThread.pumpEventsForHierarchy(Unknown Source)
	at java.awt.EventDispatchThread.pumpEvents(Unknown Source)
	at java.awt.EventDispatchThread.pumpEvents(Unknown Source)
	at java.awt.EventDispatchThread.run(Unknown Source)
2025-12-15 23:55:44,436 [AWT-EventQueue-0] WARN  o.o.briefcase.util.FormCache - Can't parse form file
org.opendatakit.briefcase.util.BadFormDefinition: org.opendatakit.aggregate.exception.ODKIncompleteSubmissionData: org.javarosa.xform.parse.XFormParseException: XML Syntax Error at Line: 1, Column: 8173!
	at org.opendatakit.briefcase.model.BriefcaseFormDefinition.<init>(BriefcaseFormDefinition.java:297)
	at org.opendatakit.briefcase.util.FormCache.lambda$update$1(FormCache.java:123)
	at java.util.stream.ForEachOps$ForEachOp$OfRef.accept(Unknown Source)
	at java.util.stream.ReferencePipeline$2$1.accept(Unknown Source)
	at java.util.Iterator.forEachRemaining(Unknown Source)
	at java.util.Spliterators$IteratorSpliterator.forEachRemaining(Unknown Source)
	at java.util.stream.AbstractPipeline.copyInto(Unknown Source)
	at java.util.stream.AbstractPipeline.wrapAndCopyInto(Unknown Source)
	at java.util.stream.ForEachOps$ForEachOp.evaluateSequential(Unknown Source)
	at java.util.stream.ForEachOps$ForEachOp$OfRef.evaluateSequential(Unknown Source)
	at java.util.stream.AbstractPipeline.evaluate(Unknown Source)
	at java.util.stream.ReferencePipeline.forEach(Unknown Source)
	at org.opendatakit.briefcase.util.FormCache.lambda$update$2(FormCache.java:117)
	at java.util.Optional.ifPresent(Unknown Source)
	at org.opendatakit.briefcase.util.FormCache.update(FormCache.java:113)
	at org.opendatakit.briefcase.util.FormCache.onPullSuccess(FormCache.java:150)
	at sun.reflect.GeneratedMethodAccessor11.invoke(Unknown Source)
	at sun.reflect.DelegatingMethodAccessorImpl.invoke(Unknown Source)
	at java.lang.reflect.Method.invoke(Unknown Source)
	at org.bushe.swing.event.annotation.BaseProxySubscriber.onEvent(BaseProxySubscriber.java:69)
	at org.bushe.swing.event.ThreadSafeEventService.publish(ThreadSafeEventService.java:971)
	at org.bushe.swing.event.SwingEventService.access$001(SwingEventService.java:31)
	at org.bushe.swing.event.SwingEventService$1.run(SwingEventService.java:88)
	at java.awt.event.InvocationEvent.dispatch(Unknown Source)
	at java.awt.EventQueue.dispatchEventImpl(Unknown Source)
	at java.awt.EventQueue.access$500(Unknown Source)
	at java.awt.EventQueue$3.run(Unknown Source)
	at java.awt.EventQueue$3.run(Unknown Source)
	at java.security.AccessController.doPrivileged(Native Method)
	at java.security.ProtectionDomain$JavaSecurityAccessImpl.doIntersectionPrivilege(Unknown Source)
	at java.awt.EventQueue.dispatchEvent(Unknown Source)
	at java.awt.EventDispatchThread.pumpOneEventForFilters(Unknown Source)
	at java.awt.EventDispatchThread.pumpEventsForFilter(Unknown Source)
	at java.awt.EventDispatchThread.pumpEventsForHierarchy(Unknown Source)
	at java.awt.EventDispatchThread.pumpEvents(Unknown Source)
	at java.awt.EventDispatchThread.pumpEvents(Unknown Source)
	at java.awt.EventDispatchThread.run(Unknown Source)
Caused by: org.opendatakit.aggregate.exception.ODKIncompleteSubmissionData: org.javarosa.xform.parse.XFormParseException: XML Syntax Error at Line: 1, Column: 8173!
	at org.opendatakit.aggregate.parser.BaseFormParserForJavaRosa.parseFormDefinition(BaseFormParserForJavaRosa.java:210)
	at org.opendatakit.aggregate.parser.BaseFormParserForJavaRosa.<init>(BaseFormParserForJavaRosa.java:359)
	at org.opendatakit.briefcase.util.JavaRosaParserWrapper.<init>(JavaRosaParserWrapper.java:15)
	at org.opendatakit.briefcase.model.BriefcaseFormDefinition.<init>(BriefcaseFormDefinition.java:294)
	... 36 common frames omitted
Caused by: org.javarosa.xform.parse.XFormParseException: XML Syntax Error at Line: 1, Column: 8173!
	at org.javarosa.xform.parse.XFormParser.getXMLDocument(XFormParser.java:448)
	at org.javarosa.xform.parse.XFormParser.getXMLDocument(XFormParser.java:414)
	at org.opendatakit.aggregate.parser.BaseFormParserForJavaRosa.parseFormDefinition(BaseFormParserForJavaRosa.java:207)
	... 39 common frames omitted
2025-12-15 23:55:44,488 [ForkJoinPool-8-worker-10] INFO  o.o.b.p.a.PullFromAggregateTracker - Pull VIGILÂNCIA  AMBIENTAL - Form downloaded
2025-12-15 23:55:44,488 [ForkJoinPool-8-worker-10] INFO  o.o.b.p.a.PullFromAggregateTracker - Pull VIGILÂNCIA  AMBIENTAL - Start getting submission IDs
2025-12-15 23:55:44,553 [ForkJoinPool-8-worker-4] INFO  o.o.b.p.a.PullFromAggregateTracker - Pull Formulário da Vigilancia Comunitaria - Got the form manifest
2025-12-15 23:55:44,553 [ForkJoinPool-8-worker-4] INFO  o.o.b.p.a.PullFromAggregateTracker - Pull Formulário da Vigilancia Comunitaria - Skipping 1 form attachments that have been already downloaded
2025-12-15 23:55:44,553 [ForkJoinPool-8-worker-4] INFO  o.o.b.p.a.PullFromAggregateTracker - Pull Formulário da Vigilancia Comunitaria - Start getting submission IDs
2025-12-15 23:55:44,589 [AWT-EventQueue-0] ERROR XFormParser - XML Syntax Error at Line: 1, Column: 8173!
org.xmlpull.v1.XmlPullParserException: expected: '>' actual: '<' (position:END_TAG </namel>@1:8173 in java.io.StringReader@1522e39) 
	at org.kxml2.io.KXmlParser.exception(Unknown Source)
	at org.kxml2.io.KXmlParser.error(Unknown Source)
	at org.kxml2.io.KXmlParser.read(Unknown Source)
	at org.kxml2.io.KXmlParser.parseEndTag(Unknown Source)
	at org.kxml2.io.KXmlParser.nextImpl(Unknown Source)
	at org.kxml2.io.KXmlParser.nextToken(Unknown Source)
	at org.kxml2.kdom.Node.parse(Unknown Source)
	at org.kxml2.kdom.Element.parse(Unknown Source)
	at org.kxml2.kdom.Node.parse(Unknown Source)
	at org.kxml2.kdom.Element.parse(Unknown Source)
	at org.kxml2.kdom.Node.parse(Unknown Source)
	at org.kxml2.kdom.Element.parse(Unknown Source)
	at org.kxml2.kdom.Node.parse(Unknown Source)
	at org.kxml2.kdom.Element.parse(Unknown Source)
	at org.kxml2.kdom.Node.parse(Unknown Source)
	at org.kxml2.kdom.Element.parse(Unknown Source)
	at org.kxml2.kdom.Node.parse(Unknown Source)
	at org.kxml2.kdom.Element.parse(Unknown Source)
	at org.kxml2.kdom.Node.parse(Unknown Source)
	at org.kxml2.kdom.Element.parse(Unknown Source)
	at org.kxml2.kdom.Node.parse(Unknown Source)
	at org.kxml2.kdom.Document.parse(Unknown Source)
	at org.javarosa.xform.parse.XFormParser.getXMLDocument(XFormParser.java:444)
	at org.javarosa.xform.parse.XFormParser.getXMLDocument(XFormParser.java:414)
	at org.opendatakit.aggregate.parser.BaseFormParserForJavaRosa.parseFormDefinition(BaseFormParserForJavaRosa.java:207)
	at org.opendatakit.aggregate.parser.BaseFormParserForJavaRosa.<init>(BaseFormParserForJavaRosa.java:359)
	at org.opendatakit.briefcase.util.JavaRosaParserWrapper.<init>(JavaRosaParserWrapper.java:15)
	at org.opendatakit.briefcase.model.BriefcaseFormDefinition.<init>(BriefcaseFormDefinition.java:294)
	at org.opendatakit.briefcase.util.FormCache.lambda$update$1(FormCache.java:123)
	at java.util.stream.ForEachOps$ForEachOp$OfRef.accept(Unknown Source)
	at java.util.stream.ReferencePipeline$2$1.accept(Unknown Source)
	at java.util.Iterator.forEachRemaining(Unknown Source)
	at java.util.Spliterators$IteratorSpliterator.forEachRemaining(Unknown Source)
	at java.util.stream.AbstractPipeline.copyInto(Unknown Source)
	at java.util.stream.AbstractPipeline.wrapAndCopyInto(Unknown Source)
	at java.util.stream.ForEachOps$ForEachOp.evaluateSequential(Unknown Source)
	at java.util.stream.ForEachOps$ForEachOp$OfRef.evaluateSequential(Unknown Source)
	at java.util.stream.AbstractPipeline.evaluate(Unknown Source)
	at java.util.stream.ReferencePipeline.forEach(Unknown Source)
	at org.opendatakit.briefcase.util.FormCache.lambda$update$2(FormCache.java:117)
	at java.util.Optional.ifPresent(Unknown Source)
	at org.opendatakit.briefcase.util.FormCache.update(FormCache.java:113)
	at org.opendatakit.briefcase.util.FormCache.onPullSuccess(FormCache.java:150)
	at sun.reflect.GeneratedMethodAccessor11.invoke(Unknown Source)
	at sun.reflect.DelegatingMethodAccessorImpl.invoke(Unknown Source)
	at java.lang.reflect.Method.invoke(Unknown Source)
	at org.bushe.swing.event.annotation.BaseProxySubscriber.onEvent(BaseProxySubscriber.java:69)
	at org.bushe.swing.event.ThreadSafeEventService.publish(ThreadSafeEventService.java:971)
	at org.bushe.swing.event.SwingEventService.access$001(SwingEventService.java:31)
	at org.bushe.swing.event.SwingEventService$1.run(SwingEventService.java:88)
	at java.awt.event.InvocationEvent.dispatch(Unknown Source)
	at java.awt.EventQueue.dispatchEventImpl(Unknown Source)
	at java.awt.EventQueue.access$500(Unknown Source)
	at java.awt.EventQueue$3.run(Unknown Source)
	at java.awt.EventQueue$3.run(Unknown Source)
	at java.security.AccessController.doPrivileged(Native Method)
	at java.security.ProtectionDomain$JavaSecurityAccessImpl.doIntersectionPrivilege(Unknown Source)
	at java.awt.EventQueue.dispatchEvent(Unknown Source)
	at java.awt.EventDispatchThread.pumpOneEventForFilters(Unknown Source)
	at java.awt.EventDispatchThread.pumpEventsForFilter(Unknown Source)
	at java.awt.EventDispatchThread.pumpEventsForHierarchy(Unknown Source)
	at java.awt.EventDispatchThread.pumpEvents(Unknown Source)
	at java.awt.EventDispatchThread.pumpEvents(Unknown Source)
	at java.awt.EventDispatchThread.run(Unknown Source)
2025-12-15 23:55:44,590 [AWT-EventQueue-0] WARN  o.o.briefcase.util.FormCache - Can't parse form file
org.opendatakit.briefcase.util.BadFormDefinition: org.opendatakit.aggregate.exception.ODKIncompleteSubmissionData: org.javarosa.xform.parse.XFormParseException: XML Syntax Error at Line: 1, Column: 8173!
	at org.opendatakit.briefcase.model.BriefcaseFormDefinition.<init>(BriefcaseFormDefinition.java:297)
	at org.opendatakit.briefcase.util.FormCache.lambda$update$1(FormCache.java:123)
	at java.util.stream.ForEachOps$ForEachOp$OfRef.accept(Unknown Source)
	at java.util.stream.ReferencePipeline$2$1.accept(Unknown Source)
	at java.util.Iterator.forEachRemaining(Unknown Source)
	at java.util.Spliterators$IteratorSpliterator.forEachRemaining(Unknown Source)
	at java.util.stream.AbstractPipeline.copyInto(Unknown Source)
	at java.util.stream.AbstractPipeline.wrapAndCopyInto(Unknown Source)
	at java.util.stream.ForEachOps$ForEachOp.evaluateSequential(Unknown Source)
	at java.util.stream.ForEachOps$ForEachOp$OfRef.evaluateSequential(Unknown Source)
	at java.util.stream.AbstractPipeline.evaluate(Unknown Source)
	at java.util.stream.ReferencePipeline.forEach(Unknown Source)
	at org.opendatakit.briefcase.util.FormCache.lambda$update$2(FormCache.java:117)
	at java.util.Optional.ifPresent(Unknown Source)
	at org.opendatakit.briefcase.util.FormCache.update(FormCache.java:113)
	at org.opendatakit.briefcase.util.FormCache.onPullSuccess(FormCache.java:150)
	at sun.reflect.GeneratedMethodAccessor11.invoke(Unknown Source)
	at sun.reflect.DelegatingMethodAccessorImpl.invoke(Unknown Source)
	at java.lang.reflect.Method.invoke(Unknown Source)
	at org.bushe.swing.event.annotation.BaseProxySubscriber.onEvent(BaseProxySubscriber.java:69)
	at org.bushe.swing.event.ThreadSafeEventService.publish(ThreadSafeEventService.java:971)
	at org.bushe.swing.event.SwingEventService.access$001(SwingEventService.java:31)
	at org.bushe.swing.event.SwingEventService$1.run(SwingEventService.java:88)
	at java.awt.event.InvocationEvent.dispatch(Unknown Source)
	at java.awt.EventQueue.dispatchEventImpl(Unknown Source)
	at java.awt.EventQueue.access$500(Unknown Source)
	at java.awt.EventQueue$3.run(Unknown Source)
	at java.awt.EventQueue$3.run(Unknown Source)
	at java.security.AccessController.doPrivileged(Native Method)
	at java.security.ProtectionDomain$JavaSecurityAccessImpl.doIntersectionPrivilege(Unknown Source)
	at java.awt.EventQueue.dispatchEvent(Unknown Source)
	at java.awt.EventDispatchThread.pumpOneEventForFilters(Unknown Source)
	at java.awt.EventDispatchThread.pumpEventsForFilter(Unknown Source)
	at java.awt.EventDispatchThread.pumpEventsForHierarchy(Unknown Source)
	at java.awt.EventDispatchThread.pumpEvents(Unknown Source)
	at java.awt.EventDispatchThread.pumpEvents(Unknown Source)
	at java.awt.EventDispatchThread.run(Unknown Source)
Caused by: org.opendatakit.aggregate.exception.ODKIncompleteSubmissionData: org.javarosa.xform.parse.XFormParseException: XML Syntax Error at Line: 1, Column: 8173!
	at org.opendatakit.aggregate.parser.BaseFormParserForJavaRosa.parseFormDefinition(BaseFormParserForJavaRosa.java:210)
	at org.opendatakit.aggregate.parser.BaseFormParserForJavaRosa.<init>(BaseFormParserForJavaRosa.java:359)
	at org.opendatakit.briefcase.util.JavaRosaParserWrapper.<init>(JavaRosaParserWrapper.java:15)
	at org.opendatakit.briefcase.model.BriefcaseFormDefinition.<init>(BriefcaseFormDefinition.java:294)
	... 36 common frames omitted
Caused by: org.javarosa.xform.parse.XFormParseException: XML Syntax Error at Line: 1, Column: 8173!
	at org.javarosa.xform.parse.XFormParser.getXMLDocument(XFormParser.java:448)
	at org.javarosa.xform.parse.XFormParser.getXMLDocument(XFormParser.java:414)
	at org.opendatakit.aggregate.parser.BaseFormParserForJavaRosa.parseFormDefinition(BaseFormParserForJavaRosa.java:207)
	... 39 common frames omitted
2025-12-15 23:55:44,608 [AWT-EventQueue-0] INFO  XFormParser - Reading XML and parsing with kXML2 finished in 1.299 ms
2025-12-15 23:55:44,610 [AWT-EventQueue-0] INFO  XFormParser - Consolidating text finished in 0.847 ms
2025-12-15 23:55:44,610 [AWT-EventQueue-0] INFO  XFormParser - Parsing form...
2025-12-15 23:55:44,610 [AWT-EventQueue-0] INFO  XFormParser - Title: "VIGILÂNCIA  AMBIENTAL"
2025-12-15 23:55:44,610 [AWT-EventQueue-0] WARN  XFormParser - XForm Parse Warning: Warning: 1 Unrecognized attributes found in Element [model] and will be ignored: [xforms-version] 
    Problem found at nodeset: /html/head/model
    With element <model xforms-version="1.0.0"><instance><data id="VIGILÂNCIA  AMBIENTAL_v3" version="3" prefix="VIGILÂNCIA  AMBIENTAL_v3" delimiter="$">...

2025-12-15 23:55:44,624 [AWT-EventQueue-0] INFO  XFormParser - Creating FormDef from parsed XML finished in 14.730 ms
2025-12-15 23:55:44,714 [ForkJoinPool-8-worker-8] INFO  o.o.b.p.a.PullFromAggregateTracker - Pull Formulário da Vigilancia Comunitaria - Got all the submission IDs
2025-12-15 23:55:45,142 [ForkJoinPool-8-worker-11] INFO  o.o.b.p.a.PullFromAggregateTracker - Pull Formulário da Vigilancia Hospitalar - Got all the submission IDs
2025-12-15 23:55:45,144 [ForkJoinPool-8-worker-2] INFO  o.o.b.p.a.PullFromAggregateTracker - Pull Formulário da Vigilancia Hospitalar - Laboratório - Got all the submission IDs
2025-12-15 23:55:45,144 [ForkJoinPool-8-worker-13] INFO  o.o.b.p.a.PullFromAggregateTracker - Pull VIGILÂNCIA  AMBIENTAL - Form downloaded
2025-12-15 23:55:45,145 [ForkJoinPool-8-worker-1] INFO  o.o.b.p.a.PullFromAggregateTracker - Pull Formulário da Vigilancia Hospitalar - Got all the submission IDs
2025-12-15 23:55:45,147 [ForkJoinPool-8-worker-6] INFO  o.o.b.p.a.PullFromAggregateTracker - Pull Formulário da Vigilancia Hospitalar - Got the form manifest
2025-12-15 23:55:45,147 [ForkJoinPool-8-worker-13] INFO  o.o.b.p.a.PullFromAggregateTracker - Pull VIGILÂNCIA  AMBIENTAL - Start getting submission IDs
2025-12-15 23:55:45,150 [ForkJoinPool-8-worker-6] INFO  o.o.b.p.a.PullFromAggregateTracker - Pull Formulário da Vigilancia Hospitalar - Skipping 1 form attachments that have been already downloaded
2025-12-15 23:55:45,151 [ForkJoinPool-8-worker-6] INFO  o.o.b.p.a.PullFromAggregateTracker - Pull Formulário da Vigilancia Hospitalar - Start getting submission IDs
2025-12-15 23:55:45,159 [ForkJoinPool-8-worker-15] INFO  o.o.b.p.a.PullFromAggregateTracker - Pull Formulário da Vigilancia Hospitalar - Form downloaded
2025-12-15 23:55:45,159 [ForkJoinPool-8-worker-9] INFO  o.o.b.p.a.PullFromAggregateTracker - Pull Formulário da Vigilancia Hospitalar - Form downloaded
2025-12-15 23:55:45,160 [ForkJoinPool-8-worker-15] INFO  o.o.b.p.a.PullFromAggregateTracker - Pull Formulário da Vigilancia Hospitalar - Start getting submission IDs
2025-12-15 23:55:45,169 [ForkJoinPool-8-worker-9] INFO  o.o.b.p.a.PullFromAggregateTracker - Pull Formulário da Vigilancia Hospitalar - Start getting form manifest
2025-12-15 23:55:45,173 [ForkJoinPool-8-worker-2] INFO  o.o.b.p.a.PullFromAggregateTracker - Pull Formulário da Vigilancia Hospitalar - Laboratório - Start downloading submission 1 of 9
2025-12-15 23:55:45,194 [ForkJoinPool-8-worker-8] INFO  o.o.b.p.a.PullFromAggregateTracker - Push Formulário da Vigilancia Comunitaria - There are no submissions to download
2025-12-15 23:55:45,200 [ForkJoinPool-8-worker-8] INFO  o.o.b.p.a.PullFromAggregateTracker - Pull Formulário da Vigilancia Comunitaria - Success
2025-12-15 23:55:45,201 [ForkJoinPool-8-worker-8] INFO  o.o.b.p.a.PullFromAggregateTracker - Pull Formulário da Vigilancia Comunitaria - Start pulling form and submissions
2025-12-15 23:55:45,201 [ForkJoinPool-8-worker-8] INFO  o.o.b.p.a.PullFromAggregateTracker - Pull Formulário da Vigilancia Comunitaria - Start downloading form
2025-12-15 23:55:45,280 [ForkJoinPool-8-worker-11] INFO  o.o.b.p.a.PullFromAggregateTracker - Push Formulário da Vigilancia Hospitalar - There are no submissions to download
2025-12-15 23:55:45,282 [ForkJoinPool-8-worker-11] INFO  o.o.b.p.a.PullFromAggregateTracker - Pull Formulário da Vigilancia Hospitalar - Success
2025-12-15 23:55:45,284 [ForkJoinPool-8-worker-1] INFO  o.o.b.p.a.PullFromAggregateTracker - Pull Formulário da Vigilancia Hospitalar - Start downloading submission 1 of 12
2025-12-15 23:55:45,284 [ForkJoinPool-8-worker-11] INFO  o.o.b.p.a.PullFromAggregateTracker - Pull Formulário da Vigilancia Hospitalar - Start pulling form and submissions
2025-12-15 23:55:45,284 [ForkJoinPool-8-worker-11] INFO  o.o.b.p.a.PullFromAggregateTracker - Pull Formulário da Vigilancia Hospitalar - Start downloading form
2025-12-15 23:55:45,300 [AWT-EventQueue-0] ERROR XFormParser - XML Syntax Error at Line: 1, Column: 8173!
org.xmlpull.v1.XmlPullParserException: expected: '>' actual: '<' (position:END_TAG </namel>@1:8173 in java.io.StringReader@1363a59) 
	at org.kxml2.io.KXmlParser.exception(Unknown Source)
	at org.kxml2.io.KXmlParser.error(Unknown Source)
	at org.kxml2.io.KXmlParser.read(Unknown Source)
	at org.kxml2.io.KXmlParser.parseEndTag(Unknown Source)
	at org.kxml2.io.KXmlParser.nextImpl(Unknown Source)
	at org.kxml2.io.KXmlParser.nextToken(Unknown Source)
	at org.kxml2.kdom.Node.parse(Unknown Source)
	at org.kxml2.kdom.Element.parse(Unknown Source)
	at org.kxml2.kdom.Node.parse(Unknown Source)
	at org.kxml2.kdom.Element.parse(Unknown Source)
	at org.kxml2.kdom.Node.parse(Unknown Source)
	at org.kxml2.kdom.Element.parse(Unknown Source)
	at org.kxml2.kdom.Node.parse(Unknown Source)
	at org.kxml2.kdom.Element.parse(Unknown Source)
	at org.kxml2.kdom.Node.parse(Unknown Source)
	at org.kxml2.kdom.Element.parse(Unknown Source)
	at org.kxml2.kdom.Node.parse(Unknown Source)
	at org.kxml2.kdom.Element.parse(Unknown Source)
	at org.kxml2.kdom.Node.parse(Unknown Source)
	at org.kxml2.kdom.Element.parse(Unknown Source)
	at org.kxml2.kdom.Node.parse(Unknown Source)
	at org.kxml2.kdom.Document.parse(Unknown Source)
	at org.javarosa.xform.parse.XFormParser.getXMLDocument(XFormParser.java:444)
	at org.javarosa.xform.parse.XFormParser.getXMLDocument(XFormParser.java:414)
	at org.opendatakit.aggregate.parser.BaseFormParserForJavaRosa.parseFormDefinition(BaseFormParserForJavaRosa.java:207)
	at org.opendatakit.aggregate.parser.BaseFormParserForJavaRosa.<init>(BaseFormParserForJavaRosa.java:359)
	at org.opendatakit.briefcase.util.JavaRosaParserWrapper.<init>(JavaRosaParserWrapper.java:15)
	at org.opendatakit.briefcase.model.BriefcaseFormDefinition.<init>(BriefcaseFormDefinition.java:294)
	at org.opendatakit.briefcase.util.FormCache.lambda$update$1(FormCache.java:123)
	at java.util.stream.ForEachOps$ForEachOp$OfRef.accept(Unknown Source)
	at java.util.stream.ReferencePipeline$2$1.accept(Unknown Source)
	at java.util.Iterator.forEachRemaining(Unknown Source)
	at java.util.Spliterators$IteratorSpliterator.forEachRemaining(Unknown Source)
	at java.util.stream.AbstractPipeline.copyInto(Unknown Source)
	at java.util.stream.AbstractPipeline.wrapAndCopyInto(Unknown Source)
	at java.util.stream.ForEachOps$ForEachOp.evaluateSequential(Unknown Source)
	at java.util.stream.ForEachOps$ForEachOp$OfRef.evaluateSequential(Unknown Source)
	at java.util.stream.AbstractPipeline.evaluate(Unknown Source)
	at java.util.stream.ReferencePipeline.forEach(Unknown Source)
	at org.opendatakit.briefcase.util.FormCache.lambda$update$2(FormCache.java:117)
	at java.util.Optional.ifPresent(Unknown Source)
	at org.opendatakit.briefcase.util.FormCache.update(FormCache.java:113)
	at org.opendatakit.briefcase.util.FormCache.onPullSuccess(FormCache.java:150)
	at sun.reflect.GeneratedMethodAccessor11.invoke(Unknown Source)
	at sun.reflect.DelegatingMethodAccessorImpl.invoke(Unknown Source)
	at java.lang.reflect.Method.invoke(Unknown Source)
	at org.bushe.swing.event.annotation.BaseProxySubscriber.onEvent(BaseProxySubscriber.java:69)
	at org.bushe.swing.event.ThreadSafeEventService.publish(ThreadSafeEventService.java:971)
	at org.bushe.swing.event.SwingEventService.access$001(SwingEventService.java:31)
	at org.bushe.swing.event.SwingEventService$1.run(SwingEventService.java:88)
	at java.awt.event.InvocationEvent.dispatch(Unknown Source)
	at java.awt.EventQueue.dispatchEventImpl(Unknown Source)
	at java.awt.EventQueue.access$500(Unknown Source)
	at java.awt.EventQueue$3.run(Unknown Source)
	at java.awt.EventQueue$3.run(Unknown Source)
	at java.security.AccessController.doPrivileged(Native Method)
	at java.security.ProtectionDomain$JavaSecurityAccessImpl.doIntersectionPrivilege(Unknown Source)
	at java.awt.EventQueue.dispatchEvent(Unknown Source)
	at java.awt.EventDispatchThread.pumpOneEventForFilters(Unknown Source)
	at java.awt.EventDispatchThread.pumpEventsForFilter(Unknown Source)
	at java.awt.EventDispatchThread.pumpEventsForHierarchy(Unknown Source)
	at java.awt.EventDispatchThread.pumpEvents(Unknown Source)
	at java.awt.EventDispatchThread.pumpEvents(Unknown Source)
	at java.awt.EventDispatchThread.run(Unknown Source)
2025-12-15 23:55:45,300 [AWT-EventQueue-0] WARN  o.o.briefcase.util.FormCache - Can't parse form file
org.opendatakit.briefcase.util.BadFormDefinition: org.opendatakit.aggregate.exception.ODKIncompleteSubmissionData: org.javarosa.xform.parse.XFormParseException: XML Syntax Error at Line: 1, Column: 8173!
	at org.opendatakit.briefcase.model.BriefcaseFormDefinition.<init>(BriefcaseFormDefinition.java:297)
	at org.opendatakit.briefcase.util.FormCache.lambda$update$1(FormCache.java:123)
	at java.util.stream.ForEachOps$ForEachOp$OfRef.accept(Unknown Source)
	at java.util.stream.ReferencePipeline$2$1.accept(Unknown Source)
	at java.util.Iterator.forEachRemaining(Unknown Source)
	at java.util.Spliterators$IteratorSpliterator.forEachRemaining(Unknown Source)
	at java.util.stream.AbstractPipeline.copyInto(Unknown Source)
	at java.util.stream.AbstractPipeline.wrapAndCopyInto(Unknown Source)
	at java.util.stream.ForEachOps$ForEachOp.evaluateSequential(Unknown Source)
	at java.util.stream.ForEachOps$ForEachOp$OfRef.evaluateSequential(Unknown Source)
	at java.util.stream.AbstractPipeline.evaluate(Unknown Source)
	at java.util.stream.ReferencePipeline.forEach(Unknown Source)
	at org.opendatakit.briefcase.util.FormCache.lambda$update$2(FormCache.java:117)
	at java.util.Optional.ifPresent(Unknown Source)
	at org.opendatakit.briefcase.util.FormCache.update(FormCache.java:113)
	at org.opendatakit.briefcase.util.FormCache.onPullSuccess(FormCache.java:150)
	at sun.reflect.GeneratedMethodAccessor11.invoke(Unknown Source)
	at sun.reflect.DelegatingMethodAccessorImpl.invoke(Unknown Source)
	at java.lang.reflect.Method.invoke(Unknown Source)
	at org.bushe.swing.event.annotation.BaseProxySubscriber.onEvent(BaseProxySubscriber.java:69)
	at org.bushe.swing.event.ThreadSafeEventService.publish(ThreadSafeEventService.java:971)
	at org.bushe.swing.event.SwingEventService.access$001(SwingEventService.java:31)
	at org.bushe.swing.event.SwingEventService$1.run(SwingEventService.java:88)
	at java.awt.event.InvocationEvent.dispatch(Unknown Source)
	at java.awt.EventQueue.dispatchEventImpl(Unknown Source)
	at java.awt.EventQueue.access$500(Unknown Source)
	at java.awt.EventQueue$3.run(Unknown Source)
	at java.awt.EventQueue$3.run(Unknown Source)
	at java.security.AccessController.doPrivileged(Native Method)
	at java.security.ProtectionDomain$JavaSecurityAccessImpl.doIntersectionPrivilege(Unknown Source)
	at java.awt.EventQueue.dispatchEvent(Unknown Source)
	at java.awt.EventDispatchThread.pumpOneEventForFilters(Unknown Source)
	at java.awt.EventDispatchThread.pumpEventsForFilter(Unknown Source)
	at java.awt.EventDispatchThread.pumpEventsForHierarchy(Unknown Source)
	at java.awt.EventDispatchThread.pumpEvents(Unknown Source)
	at java.awt.EventDispatchThread.pumpEvents(Unknown Source)
	at java.awt.EventDispatchThread.run(Unknown Source)
Caused by: org.opendatakit.aggregate.exception.ODKIncompleteSubmissionData: org.javarosa.xform.parse.XFormParseException: XML Syntax Error at Line: 1, Column: 8173!
	at org.opendatakit.aggregate.parser.BaseFormParserForJavaRosa.parseFormDefinition(BaseFormParserForJavaRosa.java:210)
	at org.opendatakit.aggregate.parser.BaseFormParserForJavaRosa.<init>(BaseFormParserForJavaRosa.java:359)
	at org.opendatakit.briefcase.util.JavaRosaParserWrapper.<init>(JavaRosaParserWrapper.java:15)
	at org.opendatakit.briefcase.model.BriefcaseFormDefinition.<init>(BriefcaseFormDefinition.java:294)
	... 36 common frames omitted
Caused by: org.javarosa.xform.parse.XFormParseException: XML Syntax Error at Line: 1, Column: 8173!
	at org.javarosa.xform.parse.XFormParser.getXMLDocument(XFormParser.java:448)
	at org.javarosa.xform.parse.XFormParser.getXMLDocument(XFormParser.java:414)
	at org.opendatakit.aggregate.parser.BaseFormParserForJavaRosa.parseFormDefinition(BaseFormParserForJavaRosa.java:207)
	... 39 common frames omitted
2025-12-15 23:55:45,339 [AWT-EventQueue-0] ERROR XFormParser - XML Syntax Error at Line: 1, Column: 408949!
org.xmlpull.v1.XmlPullParserException: expected: /hint read: item (position:END_TAG </item>@1:408949 in java.io.StringReader@1b52a7b) 
	at org.kxml2.io.KXmlParser.exception(Unknown Source)
	at org.kxml2.io.KXmlParser.error(Unknown Source)
	at org.kxml2.io.KXmlParser.parseEndTag(Unknown Source)
	at org.kxml2.io.KXmlParser.nextImpl(Unknown Source)
	at org.kxml2.io.KXmlParser.nextToken(Unknown Source)
	at org.kxml2.kdom.Node.parse(Unknown Source)
	at org.kxml2.kdom.Element.parse(Unknown Source)
	at org.kxml2.kdom.Node.parse(Unknown Source)
	at org.kxml2.kdom.Element.parse(Unknown Source)
	at org.kxml2.kdom.Node.parse(Unknown Source)
	at org.kxml2.kdom.Element.parse(Unknown Source)
	at org.kxml2.kdom.Node.parse(Unknown Source)
	at org.kxml2.kdom.Element.parse(Unknown Source)
	at org.kxml2.kdom.Node.parse(Unknown Source)
	at org.kxml2.kdom.Element.parse(Unknown Source)
	at org.kxml2.kdom.Node.parse(Unknown Source)
	at org.kxml2.kdom.Document.parse(Unknown Source)
	at org.javarosa.xform.parse.XFormParser.getXMLDocument(XFormParser.java:444)
	at org.javarosa.xform.parse.XFormParser.getXMLDocument(XFormParser.java:414)
	at org.opendatakit.aggregate.parser.BaseFormParserForJavaRosa.parseFormDefinition(BaseFormParserForJavaRosa.java:207)
	at org.opendatakit.aggregate.parser.BaseFormParserForJavaRosa.<init>(BaseFormParserForJavaRosa.java:359)
	at org.opendatakit.briefcase.util.JavaRosaParserWrapper.<init>(JavaRosaParserWrapper.java:15)
	at org.opendatakit.briefcase.model.BriefcaseFormDefinition.<init>(BriefcaseFormDefinition.java:294)
	at org.opendatakit.briefcase.util.FormCache.lambda$update$1(FormCache.java:123)
	at java.util.stream.ForEachOps$ForEachOp$OfRef.accept(Unknown Source)
	at java.util.stream.ReferencePipeline$2$1.accept(Unknown Source)
	at java.util.Iterator.forEachRemaining(Unknown Source)
	at java.util.Spliterators$IteratorSpliterator.forEachRemaining(Unknown Source)
	at java.util.stream.AbstractPipeline.copyInto(Unknown Source)
	at java.util.stream.AbstractPipeline.wrapAndCopyInto(Unknown Source)
	at java.util.stream.ForEachOps$ForEachOp.evaluateSequential(Unknown Source)
	at java.util.stream.ForEachOps$ForEachOp$OfRef.evaluateSequential(Unknown Source)
	at java.util.stream.AbstractPipeline.evaluate(Unknown Source)
	at java.util.stream.ReferencePipeline.forEach(Unknown Source)
	at org.opendatakit.briefcase.util.FormCache.lambda$update$2(FormCache.java:117)
	at java.util.Optional.ifPresent(Unknown Source)
	at org.opendatakit.briefcase.util.FormCache.update(FormCache.java:113)
	at org.opendatakit.briefcase.util.FormCache.onPullSuccess(FormCache.java:150)
	at sun.reflect.GeneratedMethodAccessor11.invoke(Unknown Source)
	at sun.reflect.DelegatingMethodAccessorImpl.invoke(Unknown Source)
	at java.lang.reflect.Method.invoke(Unknown Source)
	at org.bushe.swing.event.annotation.BaseProxySubscriber.onEvent(BaseProxySubscriber.java:69)
	at org.bushe.swing.event.ThreadSafeEventService.publish(ThreadSafeEventService.java:971)
	at org.bushe.swing.event.SwingEventService.access$001(SwingEventService.java:31)
	at org.bushe.swing.event.SwingEventService$1.run(SwingEventService.java:88)
	at java.awt.event.InvocationEvent.dispatch(Unknown Source)
	at java.awt.EventQueue.dispatchEventImpl(Unknown Source)
	at java.awt.EventQueue.access$500(Unknown Source)
	at java.awt.EventQueue$3.run(Unknown Source)
	at java.awt.EventQueue$3.run(Unknown Source)
	at java.security.AccessController.doPrivileged(Native Method)
	at java.security.ProtectionDomain$JavaSecurityAccessImpl.doIntersectionPrivilege(Unknown Source)
	at java.awt.EventQueue.dispatchEvent(Unknown Source)
	at java.awt.EventDispatchThread.pumpOneEventForFilters(Unknown Source)
	at java.awt.EventDispatchThread.pumpEventsForFilter(Unknown Source)
	at java.awt.EventDispatchThread.pumpEventsForHierarchy(Unknown Source)
	at java.awt.EventDispatchThread.pumpEvents(Unknown Source)
	at java.awt.EventDispatchThread.pumpEvents(Unknown Source)
	at java.awt.EventDispatchThread.run(Unknown Source)
2025-12-15 23:55:45,342 [AWT-EventQueue-0] WARN  o.o.briefcase.util.FormCache - Can't parse form file
org.opendatakit.briefcase.util.BadFormDefinition: org.opendatakit.aggregate.exception.ODKIncompleteSubmissionData: org.javarosa.xform.parse.XFormParseException: XML Syntax Error at Line: 1, Column: 408949!
	at org.opendatakit.briefcase.model.BriefcaseFormDefinition.<init>(BriefcaseFormDefinition.java:297)
	at org.opendatakit.briefcase.util.FormCache.lambda$update$1(FormCache.java:123)
	at java.util.stream.ForEachOps$ForEachOp$OfRef.accept(Unknown Source)
	at java.util.stream.ReferencePipeline$2$1.accept(Unknown Source)
	at java.util.Iterator.forEachRemaining(Unknown Source)
	at java.util.Spliterators$IteratorSpliterator.forEachRemaining(Unknown Source)
	at java.util.stream.AbstractPipeline.copyInto(Unknown Source)
	at java.util.stream.AbstractPipeline.wrapAndCopyInto(Unknown Source)
	at java.util.stream.ForEachOps$ForEachOp.evaluateSequential(Unknown Source)
	at java.util.stream.ForEachOps$ForEachOp$OfRef.evaluateSequential(Unknown Source)
	at java.util.stream.AbstractPipeline.evaluate(Unknown Source)
	at java.util.stream.ReferencePipeline.forEach(Unknown Source)
	at org.opendatakit.briefcase.util.FormCache.lambda$update$2(FormCache.java:117)
	at java.util.Optional.ifPresent(Unknown Source)
	at org.opendatakit.briefcase.util.FormCache.update(FormCache.java:113)
	at org.opendatakit.briefcase.util.FormCache.onPullSuccess(FormCache.java:150)
	at sun.reflect.GeneratedMethodAccessor11.invoke(Unknown Source)
	at sun.reflect.DelegatingMethodAccessorImpl.invoke(Unknown Source)
	at java.lang.reflect.Method.invoke(Unknown Source)
	at org.bushe.swing.event.annotation.BaseProxySubscriber.onEvent(BaseProxySubscriber.java:69)
	at org.bushe.swing.event.ThreadSafeEventService.publish(ThreadSafeEventService.java:971)
	at org.bushe.swing.event.SwingEventService.access$001(SwingEventService.java:31)
	at org.bushe.swing.event.SwingEventService$1.run(SwingEventService.java:88)
	at java.awt.event.InvocationEvent.dispatch(Unknown Source)
	at java.awt.EventQueue.dispatchEventImpl(Unknown Source)
	at java.awt.EventQueue.access$500(Unknown Source)
	at java.awt.EventQueue$3.run(Unknown Source)
	at java.awt.EventQueue$3.run(Unknown Source)
	at java.security.AccessController.doPrivileged(Native Method)
	at java.security.ProtectionDomain$JavaSecurityAccessImpl.doIntersectionPrivilege(Unknown Source)
	at java.awt.EventQueue.dispatchEvent(Unknown Source)
	at java.awt.EventDispatchThread.pumpOneEventForFilters(Unknown Source)
	at java.awt.EventDispatchThread.pumpEventsForFilter(Unknown Source)
	at java.awt.EventDispatchThread.pumpEventsForHierarchy(Unknown Source)
	at java.awt.EventDispatchThread.pumpEvents(Unknown Source)
	at java.awt.EventDispatchThread.pumpEvents(Unknown Source)
	at java.awt.EventDispatchThread.run(Unknown Source)
Caused by: org.opendatakit.aggregate.exception.ODKIncompleteSubmissionData: org.javarosa.xform.parse.XFormParseException: XML Syntax Error at Line: 1, Column: 408949!
	at org.opendatakit.aggregate.parser.BaseFormParserForJavaRosa.parseFormDefinition(BaseFormParserForJavaRosa.java:210)
	at org.opendatakit.aggregate.parser.BaseFormParserForJavaRosa.<init>(BaseFormParserForJavaRosa.java:359)
	at org.opendatakit.briefcase.util.JavaRosaParserWrapper.<init>(JavaRosaParserWrapper.java:15)
	at org.opendatakit.briefcase.model.BriefcaseFormDefinition.<init>(BriefcaseFormDefinition.java:294)
	... 36 common frames omitted
Caused by: org.javarosa.xform.parse.XFormParseException: XML Syntax Error at Line: 1, Column: 408949!
	at org.javarosa.xform.parse.XFormParser.getXMLDocument(XFormParser.java:448)
	at org.javarosa.xform.parse.XFormParser.getXMLDocument(XFormParser.java:414)
	at org.opendatakit.aggregate.parser.BaseFormParserForJavaRosa.parseFormDefinition(BaseFormParserForJavaRosa.java:207)
	... 39 common frames omitted
2025-12-15 23:55:45,359 [AWT-EventQueue-0] INFO  XFormParser - Reading XML and parsing with kXML2 finished in 3.710 ms
2025-12-15 23:55:45,361 [AWT-EventQueue-0] INFO  XFormParser - Consolidating text finished in 1.789 ms
2025-12-15 23:55:45,361 [AWT-EventQueue-0] INFO  XFormParser - Parsing form...
2025-12-15 23:55:45,361 [AWT-EventQueue-0] INFO  XFormParser - Title: "VIGILÂNCIA  AMBIENTAL"
2025-12-15 23:55:45,361 [AWT-EventQueue-0] WARN  XFormParser - XForm Parse Warning: Warning: 1 Unrecognized attributes found in Element [model] and will be ignored: [xforms-version] 
    Problem found at nodeset: /html/head/model
    With element <model xforms-version="1.0.0"><instance><data id="VIGILÂNCIA AMBIENTAL_v4" version="4" prefix="VIGILÂNCIA AMBIENTAL_v4" delimiter="$">...

2025-12-15 23:55:45,376 [AWT-EventQueue-0] INFO  XFormParser - Creating FormDef from parsed XML finished in 15.719 ms
2025-12-15 23:55:45,399 [ForkJoinPool-8-worker-10] INFO  o.o.b.p.a.PullFromAggregateTracker - Pull VIGILÂNCIA  AMBIENTAL - Got all the submission IDs
2025-12-15 23:55:45,402 [ForkJoinPool-8-worker-9] INFO  o.o.b.p.a.PullFromAggregateTracker - Pull Formulário da Vigilancia Hospitalar - Got the form manifest
2025-12-15 23:55:45,406 [ForkJoinPool-8-worker-9] INFO  o.o.b.p.a.PullFromAggregateTracker - Pull Formulário da Vigilancia Hospitalar - Skipping 1 form attachments that have been already downloaded
2025-12-15 23:55:45,406 [ForkJoinPool-8-worker-10] INFO  o.o.b.p.a.PullFromAggregateTracker - Push VIGILÂNCIA  AMBIENTAL - There are no submissions to download
2025-12-15 23:55:45,406 [ForkJoinPool-8-worker-9] INFO  o.o.b.p.a.PullFromAggregateTracker - Pull Formulário da Vigilancia Hospitalar - Start getting submission IDs
2025-12-15 23:55:45,408 [ForkJoinPool-8-worker-10] INFO  o.o.b.p.a.PullFromAggregateTracker - Pull VIGILÂNCIA  AMBIENTAL - Success
2025-12-15 23:55:45,412 [ForkJoinPool-8-worker-10] INFO  o.o.b.p.a.PullFromAggregateTracker - Pull Formulário da Vigilancia Hospitalar - Start downloading submission 2 of 12
2025-12-15 23:55:45,418 [ForkJoinPool-8-worker-13] INFO  o.o.b.p.a.PullFromAggregateTracker - Pull VIGILÂNCIA  AMBIENTAL - Got all the submission IDs
2025-12-15 23:55:45,426 [ForkJoinPool-8-worker-2] INFO  o.o.b.p.a.PullFromAggregateTracker - Pull Formulário da Vigilancia Hospitalar - Laboratório - Submission 1 of 9 downloaded
2025-12-15 23:55:45,430 [ForkJoinPool-8-worker-2] INFO  o.o.b.p.a.PullFromAggregateTracker - Pull Formulário da Vigilancia Hospitalar - Laboratório - Start downloading submission 2 of 9
2025-12-15 23:55:45,437 [ForkJoinPool-8-worker-15] INFO  o.o.b.p.a.PullFromAggregateTracker - Pull Formulário da Vigilancia Hospitalar - Got all the submission IDs
2025-12-15 23:55:45,445 [ForkJoinPool-8-worker-13] INFO  o.o.b.p.a.PullFromAggregateTracker - Push VIGILÂNCIA  AMBIENTAL - There are no submissions to download
2025-12-15 23:55:45,448 [ForkJoinPool-8-worker-13] INFO  o.o.b.p.a.PullFromAggregateTracker - Pull VIGILÂNCIA  AMBIENTAL - Success
2025-12-15 23:55:45,448 [ForkJoinPool-8-worker-13] INFO  o.o.b.p.a.PullFromAggregateTracker - Pull Formulário da Vigilancia Hospitalar - Start downloading submission 3 of 12
2025-12-15 23:55:45,515 [ForkJoinPool-8-worker-15] INFO  o.o.b.p.a.PullFromAggregateTracker - Push Formulário da Vigilancia Hospitalar - There are no submissions to download
2025-12-15 23:55:45,518 [ForkJoinPool-8-worker-15] INFO  o.o.b.p.a.PullFromAggregateTracker - Pull Formulário da Vigilancia Hospitalar - Success
2025-12-15 23:55:45,518 [ForkJoinPool-8-worker-15] INFO  o.o.b.p.a.PullFromAggregateTracker - Pull Formulário da Vigilancia Hospitalar - Start downloading submission 4 of 12
2025-12-15 23:55:45,528 [AWT-EventQueue-0] ERROR XFormParser - XML Syntax Error at Line: 1, Column: 8173!
org.xmlpull.v1.XmlPullParserException: expected: '>' actual: '<' (position:END_TAG </namel>@1:8173 in java.io.StringReader@1fbcb7d) 
	at org.kxml2.io.KXmlParser.exception(Unknown Source)
	at org.kxml2.io.KXmlParser.error(Unknown Source)
	at org.kxml2.io.KXmlParser.read(Unknown Source)
	at org.kxml2.io.KXmlParser.parseEndTag(Unknown Source)
	at org.kxml2.io.KXmlParser.nextImpl(Unknown Source)
	at org.kxml2.io.KXmlParser.nextToken(Unknown Source)
	at org.kxml2.kdom.Node.parse(Unknown Source)
	at org.kxml2.kdom.Element.parse(Unknown Source)
	at org.kxml2.kdom.Node.parse(Unknown Source)
	at org.kxml2.kdom.Element.parse(Unknown Source)
	at org.kxml2.kdom.Node.parse(Unknown Source)
	at org.kxml2.kdom.Element.parse(Unknown Source)
	at org.kxml2.kdom.Node.parse(Unknown Source)
	at org.kxml2.kdom.Element.parse(Unknown Source)
	at org.kxml2.kdom.Node.parse(Unknown Source)
	at org.kxml2.kdom.Element.parse(Unknown Source)
	at org.kxml2.kdom.Node.parse(Unknown Source)
	at org.kxml2.kdom.Element.parse(Unknown Source)
	at org.kxml2.kdom.Node.parse(Unknown Source)
	at org.kxml2.kdom.Element.parse(Unknown Source)
	at org.kxml2.kdom.Node.parse(Unknown Source)
	at org.kxml2.kdom.Document.parse(Unknown Source)
	at org.javarosa.xform.parse.XFormParser.getXMLDocument(XFormParser.java:444)
	at org.javarosa.xform.parse.XFormParser.getXMLDocument(XFormParser.java:414)
	at org.opendatakit.aggregate.parser.BaseFormParserForJavaRosa.parseFormDefinition(BaseFormParserForJavaRosa.java:207)
	at org.opendatakit.aggregate.parser.BaseFormParserForJavaRosa.<init>(BaseFormParserForJavaRosa.java:359)
	at org.opendatakit.briefcase.util.JavaRosaParserWrapper.<init>(JavaRosaParserWrapper.java:15)
	at org.opendatakit.briefcase.model.BriefcaseFormDefinition.<init>(BriefcaseFormDefinition.java:294)
	at org.opendatakit.briefcase.util.FormCache.lambda$update$1(FormCache.java:123)
	at java.util.stream.ForEachOps$ForEachOp$OfRef.accept(Unknown Source)
	at java.util.stream.ReferencePipeline$2$1.accept(Unknown Source)
	at java.util.Iterator.forEachRemaining(Unknown Source)
	at java.util.Spliterators$IteratorSpliterator.forEachRemaining(Unknown Source)
	at java.util.stream.AbstractPipeline.copyInto(Unknown Source)
	at java.util.stream.AbstractPipeline.wrapAndCopyInto(Unknown Source)
	at java.util.stream.ForEachOps$ForEachOp.evaluateSequential(Unknown Source)
	at java.util.stream.ForEachOps$ForEachOp$OfRef.evaluateSequential(Unknown Source)
	at java.util.stream.AbstractPipeline.evaluate(Unknown Source)
	at java.util.stream.ReferencePipeline.forEach(Unknown Source)
	at org.opendatakit.briefcase.util.FormCache.lambda$update$2(FormCache.java:117)
	at java.util.Optional.ifPresent(Unknown Source)
	at org.opendatakit.briefcase.util.FormCache.update(FormCache.java:113)
	at org.opendatakit.briefcase.util.FormCache.onPullSuccess(FormCache.java:150)
	at sun.reflect.GeneratedMethodAccessor11.invoke(Unknown Source)
	at sun.reflect.DelegatingMethodAccessorImpl.invoke(Unknown Source)
	at java.lang.reflect.Method.invoke(Unknown Source)
	at org.bushe.swing.event.annotation.BaseProxySubscriber.onEvent(BaseProxySubscriber.java:69)
	at org.bushe.swing.event.ThreadSafeEventService.publish(ThreadSafeEventService.java:971)
	at org.bushe.swing.event.SwingEventService.access$001(SwingEventService.java:31)
	at org.bushe.swing.event.SwingEventService$1.run(SwingEventService.java:88)
	at java.awt.event.InvocationEvent.dispatch(Unknown Source)
	at java.awt.EventQueue.dispatchEventImpl(Unknown Source)
	at java.awt.EventQueue.access$500(Unknown Source)
	at java.awt.EventQueue$3.run(Unknown Source)
	at java.awt.EventQueue$3.run(Unknown Source)
	at java.security.AccessController.doPrivileged(Native Method)
	at java.security.ProtectionDomain$JavaSecurityAccessImpl.doIntersectionPrivilege(Unknown Source)
	at java.awt.EventQueue.dispatchEvent(Unknown Source)
	at java.awt.EventDispatchThread.pumpOneEventForFilters(Unknown Source)
	at java.awt.EventDispatchThread.pumpEventsForFilter(Unknown Source)
	at java.awt.EventDispatchThread.pumpEventsForHierarchy(Unknown Source)
	at java.awt.EventDispatchThread.pumpEvents(Unknown Source)
	at java.awt.EventDispatchThread.pumpEvents(Unknown Source)
	at java.awt.EventDispatchThread.run(Unknown Source)
2025-12-15 23:55:45,528 [AWT-EventQueue-0] WARN  o.o.briefcase.util.FormCache - Can't parse form file
org.opendatakit.briefcase.util.BadFormDefinition: org.opendatakit.aggregate.exception.ODKIncompleteSubmissionData: org.javarosa.xform.parse.XFormParseException: XML Syntax Error at Line: 1, Column: 8173!
	at org.opendatakit.briefcase.model.BriefcaseFormDefinition.<init>(BriefcaseFormDefinition.java:297)
	at org.opendatakit.briefcase.util.FormCache.lambda$update$1(FormCache.java:123)
	at java.util.stream.ForEachOps$ForEachOp$OfRef.accept(Unknown Source)
	at java.util.stream.ReferencePipeline$2$1.accept(Unknown Source)
	at java.util.Iterator.forEachRemaining(Unknown Source)
	at java.util.Spliterators$IteratorSpliterator.forEachRemaining(Unknown Source)
	at java.util.stream.AbstractPipeline.copyInto(Unknown Source)
	at java.util.stream.AbstractPipeline.wrapAndCopyInto(Unknown Source)
	at java.util.stream.ForEachOps$ForEachOp.evaluateSequential(Unknown Source)
	at java.util.stream.ForEachOps$ForEachOp$OfRef.evaluateSequential(Unknown Source)
	at java.util.stream.AbstractPipeline.evaluate(Unknown Source)
	at java.util.stream.ReferencePipeline.forEach(Unknown Source)
	at org.opendatakit.briefcase.util.FormCache.lambda$update$2(FormCache.java:117)
	at java.util.Optional.ifPresent(Unknown Source)
	at org.opendatakit.briefcase.util.FormCache.update(FormCache.java:113)
	at org.opendatakit.briefcase.util.FormCache.onPullSuccess(FormCache.java:150)
	at sun.reflect.GeneratedMethodAccessor11.invoke(Unknown Source)
	at sun.reflect.DelegatingMethodAccessorImpl.invoke(Unknown Source)
	at java.lang.reflect.Method.invoke(Unknown Source)
	at org.bushe.swing.event.annotation.BaseProxySubscriber.onEvent(BaseProxySubscriber.java:69)
	at org.bushe.swing.event.ThreadSafeEventService.publish(ThreadSafeEventService.java:971)
	at org.bushe.swing.event.SwingEventService.access$001(SwingEventService.java:31)
	at org.bushe.swing.event.SwingEventService$1.run(SwingEventService.java:88)
	at java.awt.event.InvocationEvent.dispatch(Unknown Source)
	at java.awt.EventQueue.dispatchEventImpl(Unknown Source)
	at java.awt.EventQueue.access$500(Unknown Source)
	at java.awt.EventQueue$3.run(Unknown Source)
	at java.awt.EventQueue$3.run(Unknown Source)
	at java.security.AccessController.doPrivileged(Native Method)
	at java.security.ProtectionDomain$JavaSecurityAccessImpl.doIntersectionPrivilege(Unknown Source)
	at java.awt.EventQueue.dispatchEvent(Unknown Source)
	at java.awt.EventDispatchThread.pumpOneEventForFilters(Unknown Source)
	at java.awt.EventDispatchThread.pumpEventsForFilter(Unknown Source)
	at java.awt.EventDispatchThread.pumpEventsForHierarchy(Unknown Source)
	at java.awt.EventDispatchThread.pumpEvents(Unknown Source)
	at java.awt.EventDispatchThread.pumpEvents(Unknown Source)
	at java.awt.EventDispatchThread.run(Unknown Source)
Caused by: org.opendatakit.aggregate.exception.ODKIncompleteSubmissionData: org.javarosa.xform.parse.XFormParseException: XML Syntax Error at Line: 1, Column: 8173!
	at org.opendatakit.aggregate.parser.BaseFormParserForJavaRosa.parseFormDefinition(BaseFormParserForJavaRosa.java:210)
	at org.opendatakit.aggregate.parser.BaseFormParserForJavaRosa.<init>(BaseFormParserForJavaRosa.java:359)
	at org.opendatakit.briefcase.util.JavaRosaParserWrapper.<init>(JavaRosaParserWrapper.java:15)
	at org.opendatakit.briefcase.model.BriefcaseFormDefinition.<init>(BriefcaseFormDefinition.java:294)
	... 36 common frames omitted
Caused by: org.javarosa.xform.parse.XFormParseException: XML Syntax Error at Line: 1, Column: 8173!
	at org.javarosa.xform.parse.XFormParser.getXMLDocument(XFormParser.java:448)
	at org.javarosa.xform.parse.XFormParser.getXMLDocument(XFormParser.java:414)
	at org.opendatakit.aggregate.parser.BaseFormParserForJavaRosa.parseFormDefinition(BaseFormParserForJavaRosa.java:207)
	... 39 common frames omitted
2025-12-15 23:55:45,558 [AWT-EventQueue-0] ERROR XFormParser - XML Syntax Error at Line: 1, Column: 408949!
org.xmlpull.v1.XmlPullParserException: expected: /hint read: item (position:END_TAG </item>@1:408949 in java.io.StringReader@156a437) 
	at org.kxml2.io.KXmlParser.exception(Unknown Source)
	at org.kxml2.io.KXmlParser.error(Unknown Source)
	at org.kxml2.io.KXmlParser.parseEndTag(Unknown Source)
	at org.kxml2.io.KXmlParser.nextImpl(Unknown Source)
	at org.kxml2.io.KXmlParser.nextToken(Unknown Source)
	at org.kxml2.kdom.Node.parse(Unknown Source)
	at org.kxml2.kdom.Element.parse(Unknown Source)
	at org.kxml2.kdom.Node.parse(Unknown Source)
	at org.kxml2.kdom.Element.parse(Unknown Source)
	at org.kxml2.kdom.Node.parse(Unknown Source)
	at org.kxml2.kdom.Element.parse(Unknown Source)
	at org.kxml2.kdom.Node.parse(Unknown Source)
	at org.kxml2.kdom.Element.parse(Unknown Source)
	at org.kxml2.kdom.Node.parse(Unknown Source)
	at org.kxml2.kdom.Element.parse(Unknown Source)
	at org.kxml2.kdom.Node.parse(Unknown Source)
	at org.kxml2.kdom.Document.parse(Unknown Source)
	at org.javarosa.xform.parse.XFormParser.getXMLDocument(XFormParser.java:444)
	at org.javarosa.xform.parse.XFormParser.getXMLDocument(XFormParser.java:414)
	at org.opendatakit.aggregate.parser.BaseFormParserForJavaRosa.parseFormDefinition(BaseFormParserForJavaRosa.java:207)
	at org.opendatakit.aggregate.parser.BaseFormParserForJavaRosa.<init>(BaseFormParserForJavaRosa.java:359)
	at org.opendatakit.briefcase.util.JavaRosaParserWrapper.<init>(JavaRosaParserWrapper.java:15)
	at org.opendatakit.briefcase.model.BriefcaseFormDefinition.<init>(BriefcaseFormDefinition.java:294)
	at org.opendatakit.briefcase.util.FormCache.lambda$update$1(FormCache.java:123)
	at java.util.stream.ForEachOps$ForEachOp$OfRef.accept(Unknown Source)
	at java.util.stream.ReferencePipeline$2$1.accept(Unknown Source)
	at java.util.Iterator.forEachRemaining(Unknown Source)
	at java.util.Spliterators$IteratorSpliterator.forEachRemaining(Unknown Source)
	at java.util.stream.AbstractPipeline.copyInto(Unknown Source)
	at java.util.stream.AbstractPipeline.wrapAndCopyInto(Unknown Source)
	at java.util.stream.ForEachOps$ForEachOp.evaluateSequential(Unknown Source)
	at java.util.stream.ForEachOps$ForEachOp$OfRef.evaluateSequential(Unknown Source)
	at java.util.stream.AbstractPipeline.evaluate(Unknown Source)
	at java.util.stream.ReferencePipeline.forEach(Unknown Source)
	at org.opendatakit.briefcase.util.FormCache.lambda$update$2(FormCache.java:117)
	at java.util.Optional.ifPresent(Unknown Source)
	at org.opendatakit.briefcase.util.FormCache.update(FormCache.java:113)
	at org.opendatakit.briefcase.util.FormCache.onPullSuccess(FormCache.java:150)
	at sun.reflect.GeneratedMethodAccessor11.invoke(Unknown Source)
	at sun.reflect.DelegatingMethodAccessorImpl.invoke(Unknown Source)
	at java.lang.reflect.Method.invoke(Unknown Source)
	at org.bushe.swing.event.annotation.BaseProxySubscriber.onEvent(BaseProxySubscriber.java:69)
	at org.bushe.swing.event.ThreadSafeEventService.publish(ThreadSafeEventService.java:971)
	at org.bushe.swing.event.SwingEventService.access$001(SwingEventService.java:31)
	at org.bushe.swing.event.SwingEventService$1.run(SwingEventService.java:88)
	at java.awt.event.InvocationEvent.dispatch(Unknown Source)
	at java.awt.EventQueue.dispatchEventImpl(Unknown Source)
	at java.awt.EventQueue.access$500(Unknown Source)
	at java.awt.EventQueue$3.run(Unknown Source)
	at java.awt.EventQueue$3.run(Unknown Source)
	at java.security.AccessController.doPrivileged(Native Method)
	at java.security.ProtectionDomain$JavaSecurityAccessImpl.doIntersectionPrivilege(Unknown Source)
	at java.awt.EventQueue.dispatchEvent(Unknown Source)
	at java.awt.EventDispatchThread.pumpOneEventForFilters(Unknown Source)
	at java.awt.EventDispatchThread.pumpEventsForFilter(Unknown Source)
	at java.awt.EventDispatchThread.pumpEventsForHierarchy(Unknown Source)
	at java.awt.EventDispatchThread.pumpEvents(Unknown Source)
	at java.awt.EventDispatchThread.pumpEvents(Unknown Source)
	at java.awt.EventDispatchThread.run(Unknown Source)
2025-12-15 23:55:45,558 [AWT-EventQueue-0] WARN  o.o.briefcase.util.FormCache - Can't parse form file
org.opendatakit.briefcase.util.BadFormDefinition: org.opendatakit.aggregate.exception.ODKIncompleteSubmissionData: org.javarosa.xform.parse.XFormParseException: XML Syntax Error at Line: 1, Column: 408949!
	at org.opendatakit.briefcase.model.BriefcaseFormDefinition.<init>(BriefcaseFormDefinition.java:297)
	at org.opendatakit.briefcase.util.FormCache.lambda$update$1(FormCache.java:123)
	at java.util.stream.ForEachOps$ForEachOp$OfRef.accept(Unknown Source)
	at java.util.stream.ReferencePipeline$2$1.accept(Unknown Source)
	at java.util.Iterator.forEachRemaining(Unknown Source)
	at java.util.Spliterators$IteratorSpliterator.forEachRemaining(Unknown Source)
	at java.util.stream.AbstractPipeline.copyInto(Unknown Source)
	at java.util.stream.AbstractPipeline.wrapAndCopyInto(Unknown Source)
	at java.util.stream.ForEachOps$ForEachOp.evaluateSequential(Unknown Source)
	at java.util.stream.ForEachOps$ForEachOp$OfRef.evaluateSequential(Unknown Source)
	at java.util.stream.AbstractPipeline.evaluate(Unknown Source)
	at java.util.stream.ReferencePipeline.forEach(Unknown Source)
	at org.opendatakit.briefcase.util.FormCache.lambda$update$2(FormCache.java:117)
	at java.util.Optional.ifPresent(Unknown Source)
	at org.opendatakit.briefcase.util.FormCache.update(FormCache.java:113)
	at org.opendatakit.briefcase.util.FormCache.onPullSuccess(FormCache.java:150)
	at sun.reflect.GeneratedMethodAccessor11.invoke(Unknown Source)
	at sun.reflect.DelegatingMethodAccessorImpl.invoke(Unknown Source)
	at java.lang.reflect.Method.invoke(Unknown Source)
	at org.bushe.swing.event.annotation.BaseProxySubscriber.onEvent(BaseProxySubscriber.java:69)
	at org.bushe.swing.event.ThreadSafeEventService.publish(ThreadSafeEventService.java:971)
	at org.bushe.swing.event.SwingEventService.access$001(SwingEventService.java:31)
	at org.bushe.swing.event.SwingEventService$1.run(SwingEventService.java:88)
	at java.awt.event.InvocationEvent.dispatch(Unknown Source)
	at java.awt.EventQueue.dispatchEventImpl(Unknown Source)
	at java.awt.EventQueue.access$500(Unknown Source)
	at java.awt.EventQueue$3.run(Unknown Source)
	at java.awt.EventQueue$3.run(Unknown Source)
	at java.security.AccessController.doPrivileged(Native Method)
	at java.security.ProtectionDomain$JavaSecurityAccessImpl.doIntersectionPrivilege(Unknown Source)
	at java.awt.EventQueue.dispatchEvent(Unknown Source)
	at java.awt.EventDispatchThread.pumpOneEventForFilters(Unknown Source)
	at java.awt.EventDispatchThread.pumpEventsForFilter(Unknown Source)
	at java.awt.EventDispatchThread.pumpEventsForHierarchy(Unknown Source)
	at java.awt.EventDispatchThread.pumpEvents(Unknown Source)
	at java.awt.EventDispatchThread.pumpEvents(Unknown Source)
	at java.awt.EventDispatchThread.run(Unknown Source)
Caused by: org.opendatakit.aggregate.exception.ODKIncompleteSubmissionData: org.javarosa.xform.parse.XFormParseException: XML Syntax Error at Line: 1, Column: 408949!
	at org.opendatakit.aggregate.parser.BaseFormParserForJavaRosa.parseFormDefinition(BaseFormParserForJavaRosa.java:210)
	at org.opendatakit.aggregate.parser.BaseFormParserForJavaRosa.<init>(BaseFormParserForJavaRosa.java:359)
	at org.opendatakit.briefcase.util.JavaRosaParserWrapper.<init>(JavaRosaParserWrapper.java:15)
	at org.opendatakit.briefcase.model.BriefcaseFormDefinition.<init>(BriefcaseFormDefinition.java:294)
	... 36 common frames omitted
Caused by: org.javarosa.xform.parse.XFormParseException: XML Syntax Error at Line: 1, Column: 408949!
	at org.javarosa.xform.parse.XFormParser.getXMLDocument(XFormParser.java:448)
	at org.javarosa.xform.parse.XFormParser.getXMLDocument(XFormParser.java:414)
	at org.opendatakit.aggregate.parser.BaseFormParserForJavaRosa.parseFormDefinition(BaseFormParserForJavaRosa.java:207)
	... 39 common frames omitted
2025-12-15 23:55:45,632 [AWT-EventQueue-0] ERROR XFormParser - XML Syntax Error at Line: 1, Column: 8173!
org.xmlpull.v1.XmlPullParserException: expected: '>' actual: '<' (position:END_TAG </namel>@1:8173 in java.io.StringReader@15ea85b) 
	at org.kxml2.io.KXmlParser.exception(Unknown Source)
	at org.kxml2.io.KXmlParser.error(Unknown Source)
	at org.kxml2.io.KXmlParser.read(Unknown Source)
	at org.kxml2.io.KXmlParser.parseEndTag(Unknown Source)
	at org.kxml2.io.KXmlParser.nextImpl(Unknown Source)
	at org.kxml2.io.KXmlParser.nextToken(Unknown Source)
	at org.kxml2.kdom.Node.parse(Unknown Source)
	at org.kxml2.kdom.Element.parse(Unknown Source)
	at org.kxml2.kdom.Node.parse(Unknown Source)
	at org.kxml2.kdom.Element.parse(Unknown Source)
	at org.kxml2.kdom.Node.parse(Unknown Source)
	at org.kxml2.kdom.Element.parse(Unknown Source)
	at org.kxml2.kdom.Node.parse(Unknown Source)
	at org.kxml2.kdom.Element.parse(Unknown Source)
	at org.kxml2.kdom.Node.parse(Unknown Source)
	at org.kxml2.kdom.Element.parse(Unknown Source)
	at org.kxml2.kdom.Node.parse(Unknown Source)
	at org.kxml2.kdom.Element.parse(Unknown Source)
	at org.kxml2.kdom.Node.parse(Unknown Source)
	at org.kxml2.kdom.Element.parse(Unknown Source)
	at org.kxml2.kdom.Node.parse(Unknown Source)
	at org.kxml2.kdom.Document.parse(Unknown Source)
	at org.javarosa.xform.parse.XFormParser.getXMLDocument(XFormParser.java:444)
	at org.javarosa.xform.parse.XFormParser.getXMLDocument(XFormParser.java:414)
	at org.opendatakit.aggregate.parser.BaseFormParserForJavaRosa.parseFormDefinition(BaseFormParserForJavaRosa.java:207)
	at org.opendatakit.aggregate.parser.BaseFormParserForJavaRosa.<init>(BaseFormParserForJavaRosa.java:359)
	at org.opendatakit.briefcase.util.JavaRosaParserWrapper.<init>(JavaRosaParserWrapper.java:15)
	at org.opendatakit.briefcase.model.BriefcaseFormDefinition.<init>(BriefcaseFormDefinition.java:294)
	at org.opendatakit.briefcase.util.FormCache.lambda$update$1(FormCache.java:123)
	at java.util.stream.ForEachOps$ForEachOp$OfRef.accept(Unknown Source)
	at java.util.stream.ReferencePipeline$2$1.accept(Unknown Source)
	at java.util.Iterator.forEachRemaining(Unknown Source)
	at java.util.Spliterators$IteratorSpliterator.forEachRemaining(Unknown Source)
	at java.util.stream.AbstractPipeline.copyInto(Unknown Source)
	at java.util.stream.AbstractPipeline.wrapAndCopyInto(Unknown Source)
	at java.util.stream.ForEachOps$ForEachOp.evaluateSequential(Unknown Source)
	at java.util.stream.ForEachOps$ForEachOp$OfRef.evaluateSequential(Unknown Source)
	at java.util.stream.AbstractPipeline.evaluate(Unknown Source)
	at java.util.stream.ReferencePipeline.forEach(Unknown Source)
	at org.opendatakit.briefcase.util.FormCache.lambda$update$2(FormCache.java:117)
	at java.util.Optional.ifPresent(Unknown Source)
	at org.opendatakit.briefcase.util.FormCache.update(FormCache.java:113)
	at org.opendatakit.briefcase.util.FormCache.onPullSuccess(FormCache.java:150)
	at sun.reflect.GeneratedMethodAccessor11.invoke(Unknown Source)
	at sun.reflect.DelegatingMethodAccessorImpl.invoke(Unknown Source)
	at java.lang.reflect.Method.invoke(Unknown Source)
	at org.bushe.swing.event.annotation.BaseProxySubscriber.onEvent(BaseProxySubscriber.java:69)
	at org.bushe.swing.event.ThreadSafeEventService.publish(ThreadSafeEventService.java:971)
	at org.bushe.swing.event.SwingEventService.access$001(SwingEventService.java:31)
	at org.bushe.swing.event.SwingEventService$1.run(SwingEventService.java:88)
	at java.awt.event.InvocationEvent.dispatch(Unknown Source)
	at java.awt.EventQueue.dispatchEventImpl(Unknown Source)
	at java.awt.EventQueue.access$500(Unknown Source)
	at java.awt.EventQueue$3.run(Unknown Source)
	at java.awt.EventQueue$3.run(Unknown Source)
	at java.security.AccessController.doPrivileged(Native Method)
	at java.security.ProtectionDomain$JavaSecurityAccessImpl.doIntersectionPrivilege(Unknown Source)
	at java.awt.EventQueue.dispatchEvent(Unknown Source)
	at java.awt.EventDispatchThread.pumpOneEventForFilters(Unknown Source)
	at java.awt.EventDispatchThread.pumpEventsForFilter(Unknown Source)
	at java.awt.EventDispatchThread.pumpEventsForHierarchy(Unknown Source)
	at java.awt.EventDispatchThread.pumpEvents(Unknown Source)
	at java.awt.EventDispatchThread.pumpEvents(Unknown Source)
	at java.awt.EventDispatchThread.run(Unknown Source)
2025-12-15 23:55:45,636 [AWT-EventQueue-0] WARN  o.o.briefcase.util.FormCache - Can't parse form file
org.opendatakit.briefcase.util.BadFormDefinition: org.opendatakit.aggregate.exception.ODKIncompleteSubmissionData: org.javarosa.xform.parse.XFormParseException: XML Syntax Error at Line: 1, Column: 8173!
	at org.opendatakit.briefcase.model.BriefcaseFormDefinition.<init>(BriefcaseFormDefinition.java:297)
	at org.opendatakit.briefcase.util.FormCache.lambda$update$1(FormCache.java:123)
	at java.util.stream.ForEachOps$ForEachOp$OfRef.accept(Unknown Source)
	at java.util.stream.ReferencePipeline$2$1.accept(Unknown Source)
	at java.util.Iterator.forEachRemaining(Unknown Source)
	at java.util.Spliterators$IteratorSpliterator.forEachRemaining(Unknown Source)
	at java.util.stream.AbstractPipeline.copyInto(Unknown Source)
	at java.util.stream.AbstractPipeline.wrapAndCopyInto(Unknown Source)
	at java.util.stream.ForEachOps$ForEachOp.evaluateSequential(Unknown Source)
	at java.util.stream.ForEachOps$ForEachOp$OfRef.evaluateSequential(Unknown Source)
	at java.util.stream.AbstractPipeline.evaluate(Unknown Source)
	at java.util.stream.ReferencePipeline.forEach(Unknown Source)
	at org.opendatakit.briefcase.util.FormCache.lambda$update$2(FormCache.java:117)
	at java.util.Optional.ifPresent(Unknown Source)
	at org.opendatakit.briefcase.util.FormCache.update(FormCache.java:113)
	at org.opendatakit.briefcase.util.FormCache.onPullSuccess(FormCache.java:150)
	at sun.reflect.GeneratedMethodAccessor11.invoke(Unknown Source)
	at sun.reflect.DelegatingMethodAccessorImpl.invoke(Unknown Source)
	at java.lang.reflect.Method.invoke(Unknown Source)
	at org.bushe.swing.event.annotation.BaseProxySubscriber.onEvent(BaseProxySubscriber.java:69)
	at org.bushe.swing.event.ThreadSafeEventService.publish(ThreadSafeEventService.java:971)
	at org.bushe.swing.event.SwingEventService.access$001(SwingEventService.java:31)
	at org.bushe.swing.event.SwingEventService$1.run(SwingEventService.java:88)
	at java.awt.event.InvocationEvent.dispatch(Unknown Source)
	at java.awt.EventQueue.dispatchEventImpl(Unknown Source)
	at java.awt.EventQueue.access$500(Unknown Source)
	at java.awt.EventQueue$3.run(Unknown Source)
	at java.awt.EventQueue$3.run(Unknown Source)
	at java.security.AccessController.doPrivileged(Native Method)
	at java.security.ProtectionDomain$JavaSecurityAccessImpl.doIntersectionPrivilege(Unknown Source)
	at java.awt.EventQueue.dispatchEvent(Unknown Source)
	at java.awt.EventDispatchThread.pumpOneEventForFilters(Unknown Source)
	at java.awt.EventDispatchThread.pumpEventsForFilter(Unknown Source)
	at java.awt.EventDispatchThread.pumpEventsForHierarchy(Unknown Source)
	at java.awt.EventDispatchThread.pumpEvents(Unknown Source)
	at java.awt.EventDispatchThread.pumpEvents(Unknown Source)
	at java.awt.EventDispatchThread.run(Unknown Source)
Caused by: org.opendatakit.aggregate.exception.ODKIncompleteSubmissionData: org.javarosa.xform.parse.XFormParseException: XML Syntax Error at Line: 1, Column: 8173!
	at org.opendatakit.aggregate.parser.BaseFormParserForJavaRosa.parseFormDefinition(BaseFormParserForJavaRosa.java:210)
	at org.opendatakit.aggregate.parser.BaseFormParserForJavaRosa.<init>(BaseFormParserForJavaRosa.java:359)
	at org.opendatakit.briefcase.util.JavaRosaParserWrapper.<init>(JavaRosaParserWrapper.java:15)
	at org.opendatakit.briefcase.model.BriefcaseFormDefinition.<init>(BriefcaseFormDefinition.java:294)
	... 36 common frames omitted
Caused by: org.javarosa.xform.parse.XFormParseException: XML Syntax Error at Line: 1, Column: 8173!
	at org.javarosa.xform.parse.XFormParser.getXMLDocument(XFormParser.java:448)
	at org.javarosa.xform.parse.XFormParser.getXMLDocument(XFormParser.java:414)
	at org.opendatakit.aggregate.parser.BaseFormParserForJavaRosa.parseFormDefinition(BaseFormParserForJavaRosa.java:207)
	... 39 common frames omitted
2025-12-15 23:55:45,672 [AWT-EventQueue-0] ERROR XFormParser - XML Syntax Error at Line: 1, Column: 408949!
org.xmlpull.v1.XmlPullParserException: expected: /hint read: item (position:END_TAG </item>@1:408949 in java.io.StringReader@8fc9b8) 
	at org.kxml2.io.KXmlParser.exception(Unknown Source)
	at org.kxml2.io.KXmlParser.error(Unknown Source)
	at org.kxml2.io.KXmlParser.parseEndTag(Unknown Source)
	at org.kxml2.io.KXmlParser.nextImpl(Unknown Source)
	at org.kxml2.io.KXmlParser.nextToken(Unknown Source)
	at org.kxml2.kdom.Node.parse(Unknown Source)
	at org.kxml2.kdom.Element.parse(Unknown Source)
	at org.kxml2.kdom.Node.parse(Unknown Source)
	at org.kxml2.kdom.Element.parse(Unknown Source)
	at org.kxml2.kdom.Node.parse(Unknown Source)
	at org.kxml2.kdom.Element.parse(Unknown Source)
	at org.kxml2.kdom.Node.parse(Unknown Source)
	at org.kxml2.kdom.Element.parse(Unknown Source)
	at org.kxml2.kdom.Node.parse(Unknown Source)
	at org.kxml2.kdom.Element.parse(Unknown Source)
	at org.kxml2.kdom.Node.parse(Unknown Source)
	at org.kxml2.kdom.Document.parse(Unknown Source)
	at org.javarosa.xform.parse.XFormParser.getXMLDocument(XFormParser.java:444)
	at org.javarosa.xform.parse.XFormParser.getXMLDocument(XFormParser.java:414)
	at org.opendatakit.aggregate.parser.BaseFormParserForJavaRosa.parseFormDefinition(BaseFormParserForJavaRosa.java:207)
	at org.opendatakit.aggregate.parser.BaseFormParserForJavaRosa.<init>(BaseFormParserForJavaRosa.java:359)
	at org.opendatakit.briefcase.util.JavaRosaParserWrapper.<init>(JavaRosaParserWrapper.java:15)
	at org.opendatakit.briefcase.model.BriefcaseFormDefinition.<init>(BriefcaseFormDefinition.java:294)
	at org.opendatakit.briefcase.util.FormCache.lambda$update$1(FormCache.java:123)
	at java.util.stream.ForEachOps$ForEachOp$OfRef.accept(Unknown Source)
	at java.util.stream.ReferencePipeline$2$1.accept(Unknown Source)
	at java.util.Iterator.forEachRemaining(Unknown Source)
	at java.util.Spliterators$IteratorSpliterator.forEachRemaining(Unknown Source)
	at java.util.stream.AbstractPipeline.copyInto(Unknown Source)
	at java.util.stream.AbstractPipeline.wrapAndCopyInto(Unknown Source)
	at java.util.stream.ForEachOps$ForEachOp.evaluateSequential(Unknown Source)
	at java.util.stream.ForEachOps$ForEachOp$OfRef.evaluateSequential(Unknown Source)
	at java.util.stream.AbstractPipeline.evaluate(Unknown Source)
	at java.util.stream.ReferencePipeline.forEach(Unknown Source)
	at org.opendatakit.briefcase.util.FormCache.lambda$update$2(FormCache.java:117)
	at java.util.Optional.ifPresent(Unknown Source)
	at org.opendatakit.briefcase.util.FormCache.update(FormCache.java:113)
	at org.opendatakit.briefcase.util.FormCache.onPullSuccess(FormCache.java:150)
	at sun.reflect.GeneratedMethodAccessor11.invoke(Unknown Source)
	at sun.reflect.DelegatingMethodAccessorImpl.invoke(Unknown Source)
	at java.lang.reflect.Method.invoke(Unknown Source)
	at org.bushe.swing.event.annotation.BaseProxySubscriber.onEvent(BaseProxySubscriber.java:69)
	at org.bushe.swing.event.ThreadSafeEventService.publish(ThreadSafeEventService.java:971)
	at org.bushe.swing.event.SwingEventService.access$001(SwingEventService.java:31)
	at org.bushe.swing.event.SwingEventService$1.run(SwingEventService.java:88)
	at java.awt.event.InvocationEvent.dispatch(Unknown Source)
	at java.awt.EventQueue.dispatchEventImpl(Unknown Source)
	at java.awt.EventQueue.access$500(Unknown Source)
	at java.awt.EventQueue$3.run(Unknown Source)
	at java.awt.EventQueue$3.run(Unknown Source)
	at java.security.AccessController.doPrivileged(Native Method)
	at java.security.ProtectionDomain$JavaSecurityAccessImpl.doIntersectionPrivilege(Unknown Source)
	at java.awt.EventQueue.dispatchEvent(Unknown Source)
	at java.awt.EventDispatchThread.pumpOneEventForFilters(Unknown Source)
	at java.awt.EventDispatchThread.pumpEventsForFilter(Unknown Source)
	at java.awt.EventDispatchThread.pumpEventsForHierarchy(Unknown Source)
	at java.awt.EventDispatchThread.pumpEvents(Unknown Source)
	at java.awt.EventDispatchThread.pumpEvents(Unknown Source)
	at java.awt.EventDispatchThread.run(Unknown Source)
2025-12-15 23:55:45,672 [AWT-EventQueue-0] WARN  o.o.briefcase.util.FormCache - Can't parse form file
org.opendatakit.briefcase.util.BadFormDefinition: org.opendatakit.aggregate.exception.ODKIncompleteSubmissionData: org.javarosa.xform.parse.XFormParseException: XML Syntax Error at Line: 1, Column: 408949!
	at org.opendatakit.briefcase.model.BriefcaseFormDefinition.<init>(BriefcaseFormDefinition.java:297)
	at org.opendatakit.briefcase.util.FormCache.lambda$update$1(FormCache.java:123)
	at java.util.stream.ForEachOps$ForEachOp$OfRef.accept(Unknown Source)
	at java.util.stream.ReferencePipeline$2$1.accept(Unknown Source)
	at java.util.Iterator.forEachRemaining(Unknown Source)
	at java.util.Spliterators$IteratorSpliterator.forEachRemaining(Unknown Source)
	at java.util.stream.AbstractPipeline.copyInto(Unknown Source)
	at java.util.stream.AbstractPipeline.wrapAndCopyInto(Unknown Source)
	at java.util.stream.ForEachOps$ForEachOp.evaluateSequential(Unknown Source)
	at java.util.stream.ForEachOps$ForEachOp$OfRef.evaluateSequential(Unknown Source)
	at java.util.stream.AbstractPipeline.evaluate(Unknown Source)
	at java.util.stream.ReferencePipeline.forEach(Unknown Source)
	at org.opendatakit.briefcase.util.FormCache.lambda$update$2(FormCache.java:117)
	at java.util.Optional.ifPresent(Unknown Source)
	at org.opendatakit.briefcase.util.FormCache.update(FormCache.java:113)
	at org.opendatakit.briefcase.util.FormCache.onPullSuccess(FormCache.java:150)
	at sun.reflect.GeneratedMethodAccessor11.invoke(Unknown Source)
	at sun.reflect.DelegatingMethodAccessorImpl.invoke(Unknown Source)
	at java.lang.reflect.Method.invoke(Unknown Source)
	at org.bushe.swing.event.annotation.BaseProxySubscriber.onEvent(BaseProxySubscriber.java:69)
	at org.bushe.swing.event.ThreadSafeEventService.publish(ThreadSafeEventService.java:971)
	at org.bushe.swing.event.SwingEventService.access$001(SwingEventService.java:31)
	at org.bushe.swing.event.SwingEventService$1.run(SwingEventService.java:88)
	at java.awt.event.InvocationEvent.dispatch(Unknown Source)
	at java.awt.EventQueue.dispatchEventImpl(Unknown Source)
	at java.awt.EventQueue.access$500(Unknown Source)
	at java.awt.EventQueue$3.run(Unknown Source)
	at java.awt.EventQueue$3.run(Unknown Source)
	at java.security.AccessController.doPrivileged(Native Method)
	at java.security.ProtectionDomain$JavaSecurityAccessImpl.doIntersectionPrivilege(Unknown Source)
	at java.awt.EventQueue.dispatchEvent(Unknown Source)
	at java.awt.EventDispatchThread.pumpOneEventForFilters(Unknown Source)
	at java.awt.EventDispatchThread.pumpEventsForFilter(Unknown Source)
	at java.awt.EventDispatchThread.pumpEventsForHierarchy(Unknown Source)
	at java.awt.EventDispatchThread.pumpEvents(Unknown Source)
	at java.awt.EventDispatchThread.pumpEvents(Unknown Source)
	at java.awt.EventDispatchThread.run(Unknown Source)
Caused by: org.opendatakit.aggregate.exception.ODKIncompleteSubmissionData: org.javarosa.xform.parse.XFormParseException: XML Syntax Error at Line: 1, Column: 408949!
	at org.opendatakit.aggregate.parser.BaseFormParserForJavaRosa.parseFormDefinition(BaseFormParserForJavaRosa.java:210)
	at org.opendatakit.aggregate.parser.BaseFormParserForJavaRosa.<init>(BaseFormParserForJavaRosa.java:359)
	at org.opendatakit.briefcase.util.JavaRosaParserWrapper.<init>(JavaRosaParserWrapper.java:15)
	at org.opendatakit.briefcase.model.BriefcaseFormDefinition.<init>(BriefcaseFormDefinition.java:294)
	... 36 common frames omitted
Caused by: org.javarosa.xform.parse.XFormParseException: XML Syntax Error at Line: 1, Column: 408949!
	at org.javarosa.xform.parse.XFormParser.getXMLDocument(XFormParser.java:448)
	at org.javarosa.xform.parse.XFormParser.getXMLDocument(XFormParser.java:414)
	at org.opendatakit.aggregate.parser.BaseFormParserForJavaRosa.parseFormDefinition(BaseFormParserForJavaRosa.java:207)
	... 39 common frames omitted
2025-12-15 23:55:45,717 [ForkJoinPool-8-worker-4] INFO  o.o.b.p.a.PullFromAggregateTracker - Pull Formulário da Vigilancia Comunitaria - Got all the submission IDs
2025-12-15 23:55:45,718 [ForkJoinPool-8-worker-9] INFO  o.o.b.p.a.PullFromAggregateTracker - Pull Formulário da Vigilancia Hospitalar - Got all the submission IDs
2025-12-15 23:55:45,757 [ForkJoinPool-8-worker-6] INFO  o.o.b.p.a.PullFromAggregateTracker - Pull Formulário da Vigilancia Hospitalar - Got all the submission IDs
2025-12-15 23:55:45,763 [AWT-EventQueue-0] ERROR XFormParser - XML Syntax Error at Line: 1, Column: 8173!
org.xmlpull.v1.XmlPullParserException: expected: '>' actual: '<' (position:END_TAG </namel>@1:8173 in java.io.StringReader@13808f8) 
	at org.kxml2.io.KXmlParser.exception(Unknown Source)
	at org.kxml2.io.KXmlParser.error(Unknown Source)
	at org.kxml2.io.KXmlParser.read(Unknown Source)
	at org.kxml2.io.KXmlParser.parseEndTag(Unknown Source)
	at org.kxml2.io.KXmlParser.nextImpl(Unknown Source)
	at org.kxml2.io.KXmlParser.nextToken(Unknown Source)
	at org.kxml2.kdom.Node.parse(Unknown Source)
	at org.kxml2.kdom.Element.parse(Unknown Source)
	at org.kxml2.kdom.Node.parse(Unknown Source)
	at org.kxml2.kdom.Element.parse(Unknown Source)
	at org.kxml2.kdom.Node.parse(Unknown Source)
	at org.kxml2.kdom.Element.parse(Unknown Source)
	at org.kxml2.kdom.Node.parse(Unknown Source)
	at org.kxml2.kdom.Element.parse(Unknown Source)
	at org.kxml2.kdom.Node.parse(Unknown Source)
	at org.kxml2.kdom.Element.parse(Unknown Source)
	at org.kxml2.kdom.Node.parse(Unknown Source)
	at org.kxml2.kdom.Element.parse(Unknown Source)
	at org.kxml2.kdom.Node.parse(Unknown Source)
	at org.kxml2.kdom.Element.parse(Unknown Source)
	at org.kxml2.kdom.Node.parse(Unknown Source)
	at org.kxml2.kdom.Document.parse(Unknown Source)
	at org.javarosa.xform.parse.XFormParser.getXMLDocument(XFormParser.java:444)
	at org.javarosa.xform.parse.XFormParser.getXMLDocument(XFormParser.java:414)
	at org.opendatakit.aggregate.parser.BaseFormParserForJavaRosa.parseFormDefinition(BaseFormParserForJavaRosa.java:207)
	at org.opendatakit.aggregate.parser.BaseFormParserForJavaRosa.<init>(BaseFormParserForJavaRosa.java:359)
	at org.opendatakit.briefcase.util.JavaRosaParserWrapper.<init>(JavaRosaParserWrapper.java:15)
	at org.opendatakit.briefcase.model.BriefcaseFormDefinition.<init>(BriefcaseFormDefinition.java:294)
	at org.opendatakit.briefcase.util.FormCache.lambda$update$1(FormCache.java:123)
	at java.util.stream.ForEachOps$ForEachOp$OfRef.accept(Unknown Source)
	at java.util.stream.ReferencePipeline$2$1.accept(Unknown Source)
	at java.util.Iterator.forEachRemaining(Unknown Source)
	at java.util.Spliterators$IteratorSpliterator.forEachRemaining(Unknown Source)
	at java.util.stream.AbstractPipeline.copyInto(Unknown Source)
	at java.util.stream.AbstractPipeline.wrapAndCopyInto(Unknown Source)
	at java.util.stream.ForEachOps$ForEachOp.evaluateSequential(Unknown Source)
	at java.util.stream.ForEachOps$ForEachOp$OfRef.evaluateSequential(Unknown Source)
	at java.util.stream.AbstractPipeline.evaluate(Unknown Source)
	at java.util.stream.ReferencePipeline.forEach(Unknown Source)
	at org.opendatakit.briefcase.util.FormCache.lambda$update$2(FormCache.java:117)
	at java.util.Optional.ifPresent(Unknown Source)
	at org.opendatakit.briefcase.util.FormCache.update(FormCache.java:113)
	at org.opendatakit.briefcase.util.FormCache.onPullSuccess(FormCache.java:150)
	at sun.reflect.GeneratedMethodAccessor11.invoke(Unknown Source)
	at sun.reflect.DelegatingMethodAccessorImpl.invoke(Unknown Source)
	at java.lang.reflect.Method.invoke(Unknown Source)
	at org.bushe.swing.event.annotation.BaseProxySubscriber.onEvent(BaseProxySubscriber.java:69)
	at org.bushe.swing.event.ThreadSafeEventService.publish(ThreadSafeEventService.java:971)
	at org.bushe.swing.event.SwingEventService.access$001(SwingEventService.java:31)
	at org.bushe.swing.event.SwingEventService$1.run(SwingEventService.java:88)
	at java.awt.event.InvocationEvent.dispatch(Unknown Source)
	at java.awt.EventQueue.dispatchEventImpl(Unknown Source)
	at java.awt.EventQueue.access$500(Unknown Source)
	at java.awt.EventQueue$3.run(Unknown Source)
	at java.awt.EventQueue$3.run(Unknown Source)
	at java.security.AccessController.doPrivileged(Native Method)
	at java.security.ProtectionDomain$JavaSecurityAccessImpl.doIntersectionPrivilege(Unknown Source)
	at java.awt.EventQueue.dispatchEvent(Unknown Source)
	at java.awt.EventDispatchThread.pumpOneEventForFilters(Unknown Source)
	at java.awt.EventDispatchThread.pumpEventsForFilter(Unknown Source)
	at java.awt.EventDispatchThread.pumpEventsForHierarchy(Unknown Source)
	at java.awt.EventDispatchThread.pumpEvents(Unknown Source)
	at java.awt.EventDispatchThread.pumpEvents(Unknown Source)
	at java.awt.EventDispatchThread.run(Unknown Source)
2025-12-15 23:55:45,764 [AWT-EventQueue-0] WARN  o.o.briefcase.util.FormCache - Can't parse form file
org.opendatakit.briefcase.util.BadFormDefinition: org.opendatakit.aggregate.exception.ODKIncompleteSubmissionData: org.javarosa.xform.parse.XFormParseException: XML Syntax Error at Line: 1, Column: 8173!
	at org.opendatakit.briefcase.model.BriefcaseFormDefinition.<init>(BriefcaseFormDefinition.java:297)
	at org.opendatakit.briefcase.util.FormCache.lambda$update$1(FormCache.java:123)
	at java.util.stream.ForEachOps$ForEachOp$OfRef.accept(Unknown Source)
	at java.util.stream.ReferencePipeline$2$1.accept(Unknown Source)
	at java.util.Iterator.forEachRemaining(Unknown Source)
	at java.util.Spliterators$IteratorSpliterator.forEachRemaining(Unknown Source)
	at java.util.stream.AbstractPipeline.copyInto(Unknown Source)
	at java.util.stream.AbstractPipeline.wrapAndCopyInto(Unknown Source)
	at java.util.stream.ForEachOps$ForEachOp.evaluateSequential(Unknown Source)
	at java.util.stream.ForEachOps$ForEachOp$OfRef.evaluateSequential(Unknown Source)
	at java.util.stream.AbstractPipeline.evaluate(Unknown Source)
	at java.util.stream.ReferencePipeline.forEach(Unknown Source)
	at org.opendatakit.briefcase.util.FormCache.lambda$update$2(FormCache.java:117)
	at java.util.Optional.ifPresent(Unknown Source)
	at org.opendatakit.briefcase.util.FormCache.update(FormCache.java:113)
	at org.opendatakit.briefcase.util.FormCache.onPullSuccess(FormCache.java:150)
	at sun.reflect.GeneratedMethodAccessor11.invoke(Unknown Source)
	at sun.reflect.DelegatingMethodAccessorImpl.invoke(Unknown Source)
	at java.lang.reflect.Method.invoke(Unknown Source)
	at org.bushe.swing.event.annotation.BaseProxySubscriber.onEvent(BaseProxySubscriber.java:69)
	at org.bushe.swing.event.ThreadSafeEventService.publish(ThreadSafeEventService.java:971)
	at org.bushe.swing.event.SwingEventService.access$001(SwingEventService.java:31)
	at org.bushe.swing.event.SwingEventService$1.run(SwingEventService.java:88)
	at java.awt.event.InvocationEvent.dispatch(Unknown Source)
	at java.awt.EventQueue.dispatchEventImpl(Unknown Source)
	at java.awt.EventQueue.access$500(Unknown Source)
	at java.awt.EventQueue$3.run(Unknown Source)
	at java.awt.EventQueue$3.run(Unknown Source)
	at java.security.AccessController.doPrivileged(Native Method)
	at java.security.ProtectionDomain$JavaSecurityAccessImpl.doIntersectionPrivilege(Unknown Source)
	at java.awt.EventQueue.dispatchEvent(Unknown Source)
	at java.awt.EventDispatchThread.pumpOneEventForFilters(Unknown Source)
	at java.awt.EventDispatchThread.pumpEventsForFilter(Unknown Source)
	at java.awt.EventDispatchThread.pumpEventsForHierarchy(Unknown Source)
	at java.awt.EventDispatchThread.pumpEvents(Unknown Source)
	at java.awt.EventDispatchThread.pumpEvents(Unknown Source)
	at java.awt.EventDispatchThread.run(Unknown Source)
Caused by: org.opendatakit.aggregate.exception.ODKIncompleteSubmissionData: org.javarosa.xform.parse.XFormParseException: XML Syntax Error at Line: 1, Column: 8173!
	at org.opendatakit.aggregate.parser.BaseFormParserForJavaRosa.parseFormDefinition(BaseFormParserForJavaRosa.java:210)
	at org.opendatakit.aggregate.parser.BaseFormParserForJavaRosa.<init>(BaseFormParserForJavaRosa.java:359)
	at org.opendatakit.briefcase.util.JavaRosaParserWrapper.<init>(JavaRosaParserWrapper.java:15)
	at org.opendatakit.briefcase.model.BriefcaseFormDefinition.<init>(BriefcaseFormDefinition.java:294)
	... 36 common frames omitted
Caused by: org.javarosa.xform.parse.XFormParseException: XML Syntax Error at Line: 1, Column: 8173!
	at org.javarosa.xform.parse.XFormParser.getXMLDocument(XFormParser.java:448)
	at org.javarosa.xform.parse.XFormParser.getXMLDocument(XFormParser.java:414)
	at org.opendatakit.aggregate.parser.BaseFormParserForJavaRosa.parseFormDefinition(BaseFormParserForJavaRosa.java:207)
	... 39 common frames omitted
2025-12-15 23:55:45,779 [ForkJoinPool-8-worker-1] INFO  o.o.b.p.a.PullFromAggregateTracker - Pull Formulário da Vigilancia Hospitalar - Submission 1 of 12 downloaded
2025-12-15 23:55:45,779 [ForkJoinPool-8-worker-10] INFO  o.o.b.p.a.PullFromAggregateTracker - Pull Formulário da Vigilancia Hospitalar - Submission 2 of 12 downloaded
2025-12-15 23:55:45,784 [ForkJoinPool-8-worker-10] INFO  o.o.b.p.a.PullFromAggregateTracker - Pull Formulário da Vigilancia Hospitalar - Start downloading submission 6 of 12
2025-12-15 23:55:45,784 [ForkJoinPool-8-worker-1] INFO  o.o.b.p.a.PullFromAggregateTracker - Pull Formulário da Vigilancia Hospitalar - Start downloading submission 5 of 12
2025-12-15 23:55:45,925 [ForkJoinPool-8-worker-9] INFO  o.o.b.p.a.PullFromAggregateTracker - Push Formulário da Vigilancia Hospitalar - There are no submissions to download
2025-12-15 23:55:45,927 [ForkJoinPool-8-worker-9] INFO  o.o.b.p.a.PullFromAggregateTracker - Pull Formulário da Vigilancia Hospitalar - Success
2025-12-15 23:55:45,929 [ForkJoinPool-8-worker-4] INFO  o.o.b.p.a.PullFromAggregateTracker - Pull Formulário da Vigilancia Comunitaria - Start downloading submission 1 of 9
2025-12-15 23:55:45,929 [AWT-EventQueue-0] ERROR XFormParser - XML Syntax Error at Line: 1, Column: 408949!
org.xmlpull.v1.XmlPullParserException: expected: /hint read: item (position:END_TAG </item>@1:408949 in java.io.StringReader@10812bd) 
	at org.kxml2.io.KXmlParser.exception(Unknown Source)
	at org.kxml2.io.KXmlParser.error(Unknown Source)
	at org.kxml2.io.KXmlParser.parseEndTag(Unknown Source)
	at org.kxml2.io.KXmlParser.nextImpl(Unknown Source)
	at org.kxml2.io.KXmlParser.nextToken(Unknown Source)
	at org.kxml2.kdom.Node.parse(Unknown Source)
	at org.kxml2.kdom.Element.parse(Unknown Source)
	at org.kxml2.kdom.Node.parse(Unknown Source)
	at org.kxml2.kdom.Element.parse(Unknown Source)
	at org.kxml2.kdom.Node.parse(Unknown Source)
	at org.kxml2.kdom.Element.parse(Unknown Source)
	at org.kxml2.kdom.Node.parse(Unknown Source)
	at org.kxml2.kdom.Element.parse(Unknown Source)
	at org.kxml2.kdom.Node.parse(Unknown Source)
	at org.kxml2.kdom.Element.parse(Unknown Source)
	at org.kxml2.kdom.Node.parse(Unknown Source)
	at org.kxml2.kdom.Document.parse(Unknown Source)
	at org.javarosa.xform.parse.XFormParser.getXMLDocument(XFormParser.java:444)
	at org.javarosa.xform.parse.XFormParser.getXMLDocument(XFormParser.java:414)
	at org.opendatakit.aggregate.parser.BaseFormParserForJavaRosa.parseFormDefinition(BaseFormParserForJavaRosa.java:207)
	at org.opendatakit.aggregate.parser.BaseFormParserForJavaRosa.<init>(BaseFormParserForJavaRosa.java:359)
	at org.opendatakit.briefcase.util.JavaRosaParserWrapper.<init>(JavaRosaParserWrapper.java:15)
	at org.opendatakit.briefcase.model.BriefcaseFormDefinition.<init>(BriefcaseFormDefinition.java:294)
	at org.opendatakit.briefcase.util.FormCache.lambda$update$1(FormCache.java:123)
	at java.util.stream.ForEachOps$ForEachOp$OfRef.accept(Unknown Source)
	at java.util.stream.ReferencePipeline$2$1.accept(Unknown Source)
	at java.util.Iterator.forEachRemaining(Unknown Source)
	at java.util.Spliterators$IteratorSpliterator.forEachRemaining(Unknown Source)
	at java.util.stream.AbstractPipeline.copyInto(Unknown Source)
	at java.util.stream.AbstractPipeline.wrapAndCopyInto(Unknown Source)
	at java.util.stream.ForEachOps$ForEachOp.evaluateSequential(Unknown Source)
	at java.util.stream.ForEachOps$ForEachOp$OfRef.evaluateSequential(Unknown Source)
	at java.util.stream.AbstractPipeline.evaluate(Unknown Source)
	at java.util.stream.ReferencePipeline.forEach(Unknown Source)
	at org.opendatakit.briefcase.util.FormCache.lambda$update$2(FormCache.java:117)
	at java.util.Optional.ifPresent(Unknown Source)
	at org.opendatakit.briefcase.util.FormCache.update(FormCache.java:113)
	at org.opendatakit.briefcase.util.FormCache.onPullSuccess(FormCache.java:150)
	at sun.reflect.GeneratedMethodAccessor11.invoke(Unknown Source)
	at sun.reflect.DelegatingMethodAccessorImpl.invoke(Unknown Source)
	at java.lang.reflect.Method.invoke(Unknown Source)
	at org.bushe.swing.event.annotation.BaseProxySubscriber.onEvent(BaseProxySubscriber.java:69)
	at org.bushe.swing.event.ThreadSafeEventService.publish(ThreadSafeEventService.java:971)
	at org.bushe.swing.event.SwingEventService.access$001(SwingEventService.java:31)
	at org.bushe.swing.event.SwingEventService$1.run(SwingEventService.java:88)
	at java.awt.event.InvocationEvent.dispatch(Unknown Source)
	at java.awt.EventQueue.dispatchEventImpl(Unknown Source)
	at java.awt.EventQueue.access$500(Unknown Source)
	at java.awt.EventQueue$3.run(Unknown Source)
	at java.awt.EventQueue$3.run(Unknown Source)
	at java.security.AccessController.doPrivileged(Native Method)
	at java.security.ProtectionDomain$JavaSecurityAccessImpl.doIntersectionPrivilege(Unknown Source)
	at java.awt.EventQueue.dispatchEvent(Unknown Source)
	at java.awt.EventDispatchThread.pumpOneEventForFilters(Unknown Source)
	at java.awt.EventDispatchThread.pumpEventsForFilter(Unknown Source)
	at java.awt.EventDispatchThread.pumpEventsForHierarchy(Unknown Source)
	at java.awt.EventDispatchThread.pumpEvents(Unknown Source)
	at java.awt.EventDispatchThread.pumpEvents(Unknown Source)
	at java.awt.EventDispatchThread.run(Unknown Source)
2025-12-15 23:55:45,929 [ForkJoinPool-8-worker-9] INFO  o.o.b.p.a.PullFromAggregateTracker - Pull Formulário da Vigilancia Hospitalar - Start downloading submission 7 of 12
2025-12-15 23:55:45,929 [AWT-EventQueue-0] WARN  o.o.briefcase.util.FormCache - Can't parse form file
org.opendatakit.briefcase.util.BadFormDefinition: org.opendatakit.aggregate.exception.ODKIncompleteSubmissionData: org.javarosa.xform.parse.XFormParseException: XML Syntax Error at Line: 1, Column: 408949!
	at org.opendatakit.briefcase.model.BriefcaseFormDefinition.<init>(BriefcaseFormDefinition.java:297)
	at org.opendatakit.briefcase.util.FormCache.lambda$update$1(FormCache.java:123)
	at java.util.stream.ForEachOps$ForEachOp$OfRef.accept(Unknown Source)
	at java.util.stream.ReferencePipeline$2$1.accept(Unknown Source)
	at java.util.Iterator.forEachRemaining(Unknown Source)
	at java.util.Spliterators$IteratorSpliterator.forEachRemaining(Unknown Source)
	at java.util.stream.AbstractPipeline.copyInto(Unknown Source)
	at java.util.stream.AbstractPipeline.wrapAndCopyInto(Unknown Source)
	at java.util.stream.ForEachOps$ForEachOp.evaluateSequential(Unknown Source)
	at java.util.stream.ForEachOps$ForEachOp$OfRef.evaluateSequential(Unknown Source)
	at java.util.stream.AbstractPipeline.evaluate(Unknown Source)
	at java.util.stream.ReferencePipeline.forEach(Unknown Source)
	at org.opendatakit.briefcase.util.FormCache.lambda$update$2(FormCache.java:117)
	at java.util.Optional.ifPresent(Unknown Source)
	at org.opendatakit.briefcase.util.FormCache.update(FormCache.java:113)
	at org.opendatakit.briefcase.util.FormCache.onPullSuccess(FormCache.java:150)
	at sun.reflect.GeneratedMethodAccessor11.invoke(Unknown Source)
	at sun.reflect.DelegatingMethodAccessorImpl.invoke(Unknown Source)
	at java.lang.reflect.Method.invoke(Unknown Source)
	at org.bushe.swing.event.annotation.BaseProxySubscriber.onEvent(BaseProxySubscriber.java:69)
	at org.bushe.swing.event.ThreadSafeEventService.publish(ThreadSafeEventService.java:971)
	at org.bushe.swing.event.SwingEventService.access$001(SwingEventService.java:31)
	at org.bushe.swing.event.SwingEventService$1.run(SwingEventService.java:88)
	at java.awt.event.InvocationEvent.dispatch(Unknown Source)
	at java.awt.EventQueue.dispatchEventImpl(Unknown Source)
	at java.awt.EventQueue.access$500(Unknown Source)
	at java.awt.EventQueue$3.run(Unknown Source)
	at java.awt.EventQueue$3.run(Unknown Source)
	at java.security.AccessController.doPrivileged(Native Method)
	at java.security.ProtectionDomain$JavaSecurityAccessImpl.doIntersectionPrivilege(Unknown Source)
	at java.awt.EventQueue.dispatchEvent(Unknown Source)
	at java.awt.EventDispatchThread.pumpOneEventForFilters(Unknown Source)
	at java.awt.EventDispatchThread.pumpEventsForFilter(Unknown Source)
	at java.awt.EventDispatchThread.pumpEventsForHierarchy(Unknown Source)
	at java.awt.EventDispatchThread.pumpEvents(Unknown Source)
	at java.awt.EventDispatchThread.pumpEvents(Unknown Source)
	at java.awt.EventDispatchThread.run(Unknown Source)
Caused by: org.opendatakit.aggregate.exception.ODKIncompleteSubmissionData: org.javarosa.xform.parse.XFormParseException: XML Syntax Error at Line: 1, Column: 408949!
	at org.opendatakit.aggregate.parser.BaseFormParserForJavaRosa.parseFormDefinition(BaseFormParserForJavaRosa.java:210)
	at org.opendatakit.aggregate.parser.BaseFormParserForJavaRosa.<init>(BaseFormParserForJavaRosa.java:359)
	at org.opendatakit.briefcase.util.JavaRosaParserWrapper.<init>(JavaRosaParserWrapper.java:15)
	at org.opendatakit.briefcase.model.BriefcaseFormDefinition.<init>(BriefcaseFormDefinition.java:294)
	... 36 common frames omitted
Caused by: org.javarosa.xform.parse.XFormParseException: XML Syntax Error at Line: 1, Column: 408949!
	at org.javarosa.xform.parse.XFormParser.getXMLDocument(XFormParser.java:448)
	at org.javarosa.xform.parse.XFormParser.getXMLDocument(XFormParser.java:414)
	at org.opendatakit.aggregate.parser.BaseFormParserForJavaRosa.parseFormDefinition(BaseFormParserForJavaRosa.java:207)
	... 39 common frames omitted
2025-12-15 23:55:45,940 [ForkJoinPool-8-worker-6] INFO  o.o.b.p.a.PullFromAggregateTracker - Pull Formulário da Vigilancia Hospitalar - Start downloading submission 1 of 4
2025-12-15 23:55:45,962 [ForkJoinPool-8-worker-3] INFO  o.o.b.p.a.PullFromAggregateTracker - Pull Formulário da Vigilancia Comunitaria - Form downloaded
2025-12-15 23:55:45,963 [ForkJoinPool-8-worker-3] INFO  o.o.b.p.a.PullFromAggregateTracker - Pull Formulário da Vigilancia Comunitaria - Start getting submission IDs
2025-12-15 23:55:45,977 [ForkJoinPool-8-worker-2] INFO  o.o.b.p.a.PullFromAggregateTracker - Pull Formulário da Vigilancia Hospitalar - Laboratório - Submission 2 of 9 downloaded
2025-12-15 23:55:45,979 [ForkJoinPool-8-worker-2] INFO  o.o.b.p.a.PullFromAggregateTracker - Pull Formulário da Vigilancia Hospitalar - Laboratório - Start downloading submission 3 of 9
2025-12-15 23:55:45,998 [ForkJoinPool-8-worker-13] INFO  o.o.b.p.a.PullFromAggregateTracker - Pull Formulário da Vigilancia Hospitalar - Submission 3 of 12 downloaded
2025-12-15 23:55:46,002 [ForkJoinPool-8-worker-13] INFO  o.o.b.p.a.PullFromAggregateTracker - Pull Formulário da Vigilancia Hospitalar - Start downloading submission 8 of 12
2025-12-15 23:55:46,058 [AWT-EventQueue-0] ERROR XFormParser - XML Syntax Error at Line: 1, Column: 408949!
org.xmlpull.v1.XmlPullParserException: expected: /hint read: item (position:END_TAG </item>@1:408949 in java.io.StringReader@1cb41f1) 
	at org.kxml2.io.KXmlParser.exception(Unknown Source)
	at org.kxml2.io.KXmlParser.error(Unknown Source)
	at org.kxml2.io.KXmlParser.parseEndTag(Unknown Source)
	at org.kxml2.io.KXmlParser.nextImpl(Unknown Source)
	at org.kxml2.io.KXmlParser.nextToken(Unknown Source)
	at org.kxml2.kdom.Node.parse(Unknown Source)
	at org.kxml2.kdom.Element.parse(Unknown Source)
	at org.kxml2.kdom.Node.parse(Unknown Source)
	at org.kxml2.kdom.Element.parse(Unknown Source)
	at org.kxml2.kdom.Node.parse(Unknown Source)
	at org.kxml2.kdom.Element.parse(Unknown Source)
	at org.kxml2.kdom.Node.parse(Unknown Source)
	at org.kxml2.kdom.Element.parse(Unknown Source)
	at org.kxml2.kdom.Node.parse(Unknown Source)
	at org.kxml2.kdom.Element.parse(Unknown Source)
	at org.kxml2.kdom.Node.parse(Unknown Source)
	at org.kxml2.kdom.Document.parse(Unknown Source)
	at org.javarosa.xform.parse.XFormParser.getXMLDocument(XFormParser.java:444)
	at org.javarosa.xform.parse.XFormParser.getXMLDocument(XFormParser.java:414)
	at org.opendatakit.aggregate.parser.BaseFormParserForJavaRosa.parseFormDefinition(BaseFormParserForJavaRosa.java:207)
	at org.opendatakit.aggregate.parser.BaseFormParserForJavaRosa.<init>(BaseFormParserForJavaRosa.java:359)
	at org.opendatakit.briefcase.util.JavaRosaParserWrapper.<init>(JavaRosaParserWrapper.java:15)
	at org.opendatakit.briefcase.model.BriefcaseFormDefinition.<init>(BriefcaseFormDefinition.java:294)
	at org.opendatakit.briefcase.util.FormCache.lambda$update$1(FormCache.java:123)
	at java.util.stream.ForEachOps$ForEachOp$OfRef.accept(Unknown Source)
	at java.util.stream.ReferencePipeline$2$1.accept(Unknown Source)
	at java.util.Iterator.forEachRemaining(Unknown Source)
	at java.util.Spliterators$IteratorSpliterator.forEachRemaining(Unknown Source)
	at java.util.stream.AbstractPipeline.copyInto(Unknown Source)
	at java.util.stream.AbstractPipeline.wrapAndCopyInto(Unknown Source)
	at java.util.stream.ForEachOps$ForEachOp.evaluateSequential(Unknown Source)
	at java.util.stream.ForEachOps$ForEachOp$OfRef.evaluateSequential(Unknown Source)
	at java.util.stream.AbstractPipeline.evaluate(Unknown Source)
	at java.util.stream.ReferencePipeline.forEach(Unknown Source)
	at org.opendatakit.briefcase.util.FormCache.lambda$update$2(FormCache.java:117)
	at java.util.Optional.ifPresent(Unknown Source)
	at org.opendatakit.briefcase.util.FormCache.update(FormCache.java:113)
	at org.opendatakit.briefcase.util.FormCache.onPullSuccess(FormCache.java:150)
	at sun.reflect.GeneratedMethodAccessor11.invoke(Unknown Source)
	at sun.reflect.DelegatingMethodAccessorImpl.invoke(Unknown Source)
	at java.lang.reflect.Method.invoke(Unknown Source)
	at org.bushe.swing.event.annotation.BaseProxySubscriber.onEvent(BaseProxySubscriber.java:69)
	at org.bushe.swing.event.ThreadSafeEventService.publish(ThreadSafeEventService.java:971)
	at org.bushe.swing.event.SwingEventService.access$001(SwingEventService.java:31)
	at org.bushe.swing.event.SwingEventService$1.run(SwingEventService.java:88)
	at java.awt.event.InvocationEvent.dispatch(Unknown Source)
	at java.awt.EventQueue.dispatchEventImpl(Unknown Source)
	at java.awt.EventQueue.access$500(Unknown Source)
	at java.awt.EventQueue$3.run(Unknown Source)
	at java.awt.EventQueue$3.run(Unknown Source)
	at java.security.AccessController.doPrivileged(Native Method)
	at java.security.ProtectionDomain$JavaSecurityAccessImpl.doIntersectionPrivilege(Unknown Source)
	at java.awt.EventQueue.dispatchEvent(Unknown Source)
	at java.awt.EventDispatchThread.pumpOneEventForFilters(Unknown Source)
	at java.awt.EventDispatchThread.pumpEventsForFilter(Unknown Source)
	at java.awt.EventDispatchThread.pumpEventsForHierarchy(Unknown Source)
	at java.awt.EventDispatchThread.pumpEvents(Unknown Source)
	at java.awt.EventDispatchThread.pumpEvents(Unknown Source)
	at java.awt.EventDispatchThread.run(Unknown Source)
2025-12-15 23:55:46,059 [AWT-EventQueue-0] WARN  o.o.briefcase.util.FormCache - Can't parse form file
org.opendatakit.briefcase.util.BadFormDefinition: org.opendatakit.aggregate.exception.ODKIncompleteSubmissionData: org.javarosa.xform.parse.XFormParseException: XML Syntax Error at Line: 1, Column: 408949!
	at org.opendatakit.briefcase.model.BriefcaseFormDefinition.<init>(BriefcaseFormDefinition.java:297)
	at org.opendatakit.briefcase.util.FormCache.lambda$update$1(FormCache.java:123)
	at java.util.stream.ForEachOps$ForEachOp$OfRef.accept(Unknown Source)
	at java.util.stream.ReferencePipeline$2$1.accept(Unknown Source)
	at java.util.Iterator.forEachRemaining(Unknown Source)
	at java.util.Spliterators$IteratorSpliterator.forEachRemaining(Unknown Source)
	at java.util.stream.AbstractPipeline.copyInto(Unknown Source)
	at java.util.stream.AbstractPipeline.wrapAndCopyInto(Unknown Source)
	at java.util.stream.ForEachOps$ForEachOp.evaluateSequential(Unknown Source)
	at java.util.stream.ForEachOps$ForEachOp$OfRef.evaluateSequential(Unknown Source)
	at java.util.stream.AbstractPipeline.evaluate(Unknown Source)
	at java.util.stream.ReferencePipeline.forEach(Unknown Source)
	at org.opendatakit.briefcase.util.FormCache.lambda$update$2(FormCache.java:117)
	at java.util.Optional.ifPresent(Unknown Source)
	at org.opendatakit.briefcase.util.FormCache.update(FormCache.java:113)
	at org.opendatakit.briefcase.util.FormCache.onPullSuccess(FormCache.java:150)
	at sun.reflect.GeneratedMethodAccessor11.invoke(Unknown Source)
	at sun.reflect.DelegatingMethodAccessorImpl.invoke(Unknown Source)
	at java.lang.reflect.Method.invoke(Unknown Source)
	at org.bushe.swing.event.annotation.BaseProxySubscriber.onEvent(BaseProxySubscriber.java:69)
	at org.bushe.swing.event.ThreadSafeEventService.publish(ThreadSafeEventService.java:971)
	at org.bushe.swing.event.SwingEventService.access$001(SwingEventService.java:31)
	at org.bushe.swing.event.SwingEventService$1.run(SwingEventService.java:88)
	at java.awt.event.InvocationEvent.dispatch(Unknown Source)
	at java.awt.EventQueue.dispatchEventImpl(Unknown Source)
	at java.awt.EventQueue.access$500(Unknown Source)
	at java.awt.EventQueue$3.run(Unknown Source)
	at java.awt.EventQueue$3.run(Unknown Source)
	at java.security.AccessController.doPrivileged(Native Method)
	at java.security.ProtectionDomain$JavaSecurityAccessImpl.doIntersectionPrivilege(Unknown Source)
	at java.awt.EventQueue.dispatchEvent(Unknown Source)
	at java.awt.EventDispatchThread.pumpOneEventForFilters(Unknown Source)
	at java.awt.EventDispatchThread.pumpEventsForFilter(Unknown Source)
	at java.awt.EventDispatchThread.pumpEventsForHierarchy(Unknown Source)
	at java.awt.EventDispatchThread.pumpEvents(Unknown Source)
	at java.awt.EventDispatchThread.pumpEvents(Unknown Source)
	at java.awt.EventDispatchThread.run(Unknown Source)
Caused by: org.opendatakit.aggregate.exception.ODKIncompleteSubmissionData: org.javarosa.xform.parse.XFormParseException: XML Syntax Error at Line: 1, Column: 408949!
	at org.opendatakit.aggregate.parser.BaseFormParserForJavaRosa.parseFormDefinition(BaseFormParserForJavaRosa.java:210)
	at org.opendatakit.aggregate.parser.BaseFormParserForJavaRosa.<init>(BaseFormParserForJavaRosa.java:359)
	at org.opendatakit.briefcase.util.JavaRosaParserWrapper.<init>(JavaRosaParserWrapper.java:15)
	at org.opendatakit.briefcase.model.BriefcaseFormDefinition.<init>(BriefcaseFormDefinition.java:294)
	... 36 common frames omitted
Caused by: org.javarosa.xform.parse.XFormParseException: XML Syntax Error at Line: 1, Column: 408949!
	at org.javarosa.xform.parse.XFormParser.getXMLDocument(XFormParser.java:448)
	at org.javarosa.xform.parse.XFormParser.getXMLDocument(XFormParser.java:414)
	at org.opendatakit.aggregate.parser.BaseFormParserForJavaRosa.parseFormDefinition(BaseFormParserForJavaRosa.java:207)
	... 39 common frames omitted
2025-12-15 23:55:46,096 [ForkJoinPool-8-worker-15] INFO  o.o.b.p.a.PullFromAggregateTracker - Pull Formulário da Vigilancia Hospitalar - Submission 4 of 12 downloaded
2025-12-15 23:55:46,102 [ForkJoinPool-8-worker-15] INFO  o.o.b.p.a.PullFromAggregateTracker - Pull Formulário da Vigilancia Hospitalar - Start downloading submission 2 of 4
2025-12-15 23:55:46,111 [ForkJoinPool-8-worker-10] INFO  o.o.b.p.a.PullFromAggregateTracker - Pull Formulário da Vigilancia Hospitalar - Submission 6 of 12 downloaded
2025-12-15 23:55:46,111 [ForkJoinPool-8-worker-1] INFO  o.o.b.p.a.PullFromAggregateTracker - Pull Formulário da Vigilancia Hospitalar - Submission 5 of 12 downloaded
2025-12-15 23:55:46,114 [ForkJoinPool-8-worker-1] INFO  o.o.b.p.a.PullFromAggregateTracker - Pull Formulário da Vigilancia Hospitalar - Start downloading submission 9 of 12
2025-12-15 23:55:46,115 [ForkJoinPool-8-worker-10] INFO  o.o.b.p.a.PullFromAggregateTracker - Pull Formulário da Vigilancia Hospitalar - Start downloading submission 10 of 12
2025-12-15 23:55:46,165 [AWT-EventQueue-0] ERROR XFormParser - XML Syntax Error at Line: 1, Column: 408949!
org.xmlpull.v1.XmlPullParserException: expected: /hint read: item (position:END_TAG </item>@1:408949 in java.io.StringReader@1233610) 
	at org.kxml2.io.KXmlParser.exception(Unknown Source)
	at org.kxml2.io.KXmlParser.error(Unknown Source)
	at org.kxml2.io.KXmlParser.parseEndTag(Unknown Source)
	at org.kxml2.io.KXmlParser.nextImpl(Unknown Source)
	at org.kxml2.io.KXmlParser.nextToken(Unknown Source)
	at org.kxml2.kdom.Node.parse(Unknown Source)
	at org.kxml2.kdom.Element.parse(Unknown Source)
	at org.kxml2.kdom.Node.parse(Unknown Source)
	at org.kxml2.kdom.Element.parse(Unknown Source)
	at org.kxml2.kdom.Node.parse(Unknown Source)
	at org.kxml2.kdom.Element.parse(Unknown Source)
	at org.kxml2.kdom.Node.parse(Unknown Source)
	at org.kxml2.kdom.Element.parse(Unknown Source)
	at org.kxml2.kdom.Node.parse(Unknown Source)
	at org.kxml2.kdom.Element.parse(Unknown Source)
	at org.kxml2.kdom.Node.parse(Unknown Source)
	at org.kxml2.kdom.Document.parse(Unknown Source)
	at org.javarosa.xform.parse.XFormParser.getXMLDocument(XFormParser.java:444)
	at org.javarosa.xform.parse.XFormParser.getXMLDocument(XFormParser.java:414)
	at org.opendatakit.aggregate.parser.BaseFormParserForJavaRosa.parseFormDefinition(BaseFormParserForJavaRosa.java:207)
	at org.opendatakit.aggregate.parser.BaseFormParserForJavaRosa.<init>(BaseFormParserForJavaRosa.java:359)
	at org.opendatakit.briefcase.util.JavaRosaParserWrapper.<init>(JavaRosaParserWrapper.java:15)
	at org.opendatakit.briefcase.model.BriefcaseFormDefinition.<init>(BriefcaseFormDefinition.java:294)
	at org.opendatakit.briefcase.util.FormCache.lambda$update$1(FormCache.java:123)
	at java.util.stream.ForEachOps$ForEachOp$OfRef.accept(Unknown Source)
	at java.util.stream.ReferencePipeline$2$1.accept(Unknown Source)
	at java.util.Iterator.forEachRemaining(Unknown Source)
	at java.util.Spliterators$IteratorSpliterator.forEachRemaining(Unknown Source)
	at java.util.stream.AbstractPipeline.copyInto(Unknown Source)
	at java.util.stream.AbstractPipeline.wrapAndCopyInto(Unknown Source)
	at java.util.stream.ForEachOps$ForEachOp.evaluateSequential(Unknown Source)
	at java.util.stream.ForEachOps$ForEachOp$OfRef.evaluateSequential(Unknown Source)
	at java.util.stream.AbstractPipeline.evaluate(Unknown Source)
	at java.util.stream.ReferencePipeline.forEach(Unknown Source)
	at org.opendatakit.briefcase.util.FormCache.lambda$update$2(FormCache.java:117)
	at java.util.Optional.ifPresent(Unknown Source)
	at org.opendatakit.briefcase.util.FormCache.update(FormCache.java:113)
	at org.opendatakit.briefcase.util.FormCache.onPullSuccess(FormCache.java:150)
	at sun.reflect.GeneratedMethodAccessor11.invoke(Unknown Source)
	at sun.reflect.DelegatingMethodAccessorImpl.invoke(Unknown Source)
	at java.lang.reflect.Method.invoke(Unknown Source)
	at org.bushe.swing.event.annotation.BaseProxySubscriber.onEvent(BaseProxySubscriber.java:69)
	at org.bushe.swing.event.ThreadSafeEventService.publish(ThreadSafeEventService.java:971)
	at org.bushe.swing.event.SwingEventService.access$001(SwingEventService.java:31)
	at org.bushe.swing.event.SwingEventService$1.run(SwingEventService.java:88)
	at java.awt.event.InvocationEvent.dispatch(Unknown Source)
	at java.awt.EventQueue.dispatchEventImpl(Unknown Source)
	at java.awt.EventQueue.access$500(Unknown Source)
	at java.awt.EventQueue$3.run(Unknown Source)
	at java.awt.EventQueue$3.run(Unknown Source)
	at java.security.AccessController.doPrivileged(Native Method)
	at java.security.ProtectionDomain$JavaSecurityAccessImpl.doIntersectionPrivilege(Unknown Source)
	at java.awt.EventQueue.dispatchEvent(Unknown Source)
	at java.awt.EventDispatchThread.pumpOneEventForFilters(Unknown Source)
	at java.awt.EventDispatchThread.pumpEventsForFilter(Unknown Source)
	at java.awt.EventDispatchThread.pumpEventsForHierarchy(Unknown Source)
	at java.awt.EventDispatchThread.pumpEvents(Unknown Source)
	at java.awt.EventDispatchThread.pumpEvents(Unknown Source)
	at java.awt.EventDispatchThread.run(Unknown Source)
2025-12-15 23:55:46,166 [AWT-EventQueue-0] WARN  o.o.briefcase.util.FormCache - Can't parse form file
org.opendatakit.briefcase.util.BadFormDefinition: org.opendatakit.aggregate.exception.ODKIncompleteSubmissionData: org.javarosa.xform.parse.XFormParseException: XML Syntax Error at Line: 1, Column: 408949!
	at org.opendatakit.briefcase.model.BriefcaseFormDefinition.<init>(BriefcaseFormDefinition.java:297)
	at org.opendatakit.briefcase.util.FormCache.lambda$update$1(FormCache.java:123)
	at java.util.stream.ForEachOps$ForEachOp$OfRef.accept(Unknown Source)
	at java.util.stream.ReferencePipeline$2$1.accept(Unknown Source)
	at java.util.Iterator.forEachRemaining(Unknown Source)
	at java.util.Spliterators$IteratorSpliterator.forEachRemaining(Unknown Source)
	at java.util.stream.AbstractPipeline.copyInto(Unknown Source)
	at java.util.stream.AbstractPipeline.wrapAndCopyInto(Unknown Source)
	at java.util.stream.ForEachOps$ForEachOp.evaluateSequential(Unknown Source)
	at java.util.stream.ForEachOps$ForEachOp$OfRef.evaluateSequential(Unknown Source)
	at java.util.stream.AbstractPipeline.evaluate(Unknown Source)
	at java.util.stream.ReferencePipeline.forEach(Unknown Source)
	at org.opendatakit.briefcase.util.FormCache.lambda$update$2(FormCache.java:117)
	at java.util.Optional.ifPresent(Unknown Source)
	at org.opendatakit.briefcase.util.FormCache.update(FormCache.java:113)
	at org.opendatakit.briefcase.util.FormCache.onPullSuccess(FormCache.java:150)
	at sun.reflect.GeneratedMethodAccessor11.invoke(Unknown Source)
	at sun.reflect.DelegatingMethodAccessorImpl.invoke(Unknown Source)
	at java.lang.reflect.Method.invoke(Unknown Source)
	at org.bushe.swing.event.annotation.BaseProxySubscriber.onEvent(BaseProxySubscriber.java:69)
	at org.bushe.swing.event.ThreadSafeEventService.publish(ThreadSafeEventService.java:971)
	at org.bushe.swing.event.SwingEventService.access$001(SwingEventService.java:31)
	at org.bushe.swing.event.SwingEventService$1.run(SwingEventService.java:88)
	at java.awt.event.InvocationEvent.dispatch(Unknown Source)
	at java.awt.EventQueue.dispatchEventImpl(Unknown Source)
	at java.awt.EventQueue.access$500(Unknown Source)
	at java.awt.EventQueue$3.run(Unknown Source)
	at java.awt.EventQueue$3.run(Unknown Source)
	at java.security.AccessController.doPrivileged(Native Method)
	at java.security.ProtectionDomain$JavaSecurityAccessImpl.doIntersectionPrivilege(Unknown Source)
	at java.awt.EventQueue.dispatchEvent(Unknown Source)
	at java.awt.EventDispatchThread.pumpOneEventForFilters(Unknown Source)
	at java.awt.EventDispatchThread.pumpEventsForFilter(Unknown Source)
	at java.awt.EventDispatchThread.pumpEventsForHierarchy(Unknown Source)
	at java.awt.EventDispatchThread.pumpEvents(Unknown Source)
	at java.awt.EventDispatchThread.pumpEvents(Unknown Source)
	at java.awt.EventDispatchThread.run(Unknown Source)
Caused by: org.opendatakit.aggregate.exception.ODKIncompleteSubmissionData: org.javarosa.xform.parse.XFormParseException: XML Syntax Error at Line: 1, Column: 408949!
	at org.opendatakit.aggregate.parser.BaseFormParserForJavaRosa.parseFormDefinition(BaseFormParserForJavaRosa.java:210)
	at org.opendatakit.aggregate.parser.BaseFormParserForJavaRosa.<init>(BaseFormParserForJavaRosa.java:359)
	at org.opendatakit.briefcase.util.JavaRosaParserWrapper.<init>(JavaRosaParserWrapper.java:15)
	at org.opendatakit.briefcase.model.BriefcaseFormDefinition.<init>(BriefcaseFormDefinition.java:294)
	... 36 common frames omitted
Caused by: org.javarosa.xform.parse.XFormParseException: XML Syntax Error at Line: 1, Column: 408949!
	at org.javarosa.xform.parse.XFormParser.getXMLDocument(XFormParser.java:448)
	at org.javarosa.xform.parse.XFormParser.getXMLDocument(XFormParser.java:414)
	at org.opendatakit.aggregate.parser.BaseFormParserForJavaRosa.parseFormDefinition(BaseFormParserForJavaRosa.java:207)
	... 39 common frames omitted
2025-12-15 23:55:46,235 [ForkJoinPool-8-worker-4] INFO  o.o.b.p.a.PullFromAggregateTracker - Pull Formulário da Vigilancia Comunitaria - Submission 1 of 9 downloaded
2025-12-15 23:55:46,239 [ForkJoinPool-8-worker-4] INFO  o.o.b.p.a.PullFromAggregateTracker - Pull Formulário da Vigilancia Comunitaria - Start downloading submission 2 of 9
2025-12-15 23:55:46,242 [ForkJoinPool-8-worker-9] INFO  o.o.b.p.a.PullFromAggregateTracker - Pull Formulário da Vigilancia Hospitalar - Submission 7 of 12 downloaded
2025-12-15 23:55:46,244 [ForkJoinPool-8-worker-9] INFO  o.o.b.p.a.PullFromAggregateTracker - Pull Formulário da Vigilancia Hospitalar - Start downloading submission 3 of 4
2025-12-15 23:55:46,290 [ForkJoinPool-8-worker-6] INFO  o.o.b.p.a.PullFromAggregateTracker - Pull Formulário da Vigilancia Hospitalar - Submission 1 of 4 downloaded
2025-12-15 23:55:46,291 [ForkJoinPool-8-worker-6] INFO  o.o.b.p.a.PullFromAggregateTracker - Pull Formulário da Vigilancia Hospitalar - Start downloading submission 4 of 4
2025-12-15 23:55:46,325 [ForkJoinPool-8-worker-11] INFO  o.o.b.p.a.PullFromAggregateTracker - Pull Formulário da Vigilancia Hospitalar - Form downloaded
2025-12-15 23:55:46,325 [ForkJoinPool-8-worker-11] INFO  o.o.b.p.a.PullFromAggregateTracker - Pull Formulário da Vigilancia Hospitalar - Start getting submission IDs
2025-12-15 23:55:46,343 [ForkJoinPool-8-worker-2] INFO  o.o.b.p.a.PullFromAggregateTracker - Pull Formulário da Vigilancia Hospitalar - Laboratório - Submission 3 of 9 downloaded
2025-12-15 23:55:46,347 [ForkJoinPool-8-worker-2] INFO  o.o.b.p.a.PullFromAggregateTracker - Pull Formulário da Vigilancia Hospitalar - Laboratório - Start downloading submission 4 of 9
2025-12-15 23:55:46,351 [ForkJoinPool-8-worker-3] INFO  o.o.b.p.a.PullFromAggregateTracker - Pull Formulário da Vigilancia Comunitaria - Got all the submission IDs
2025-12-15 23:55:46,358 [ForkJoinPool-8-worker-13] INFO  o.o.b.p.a.PullFromAggregateTracker - Pull Formulário da Vigilancia Hospitalar - Submission 8 of 12 downloaded
2025-12-15 23:55:46,359 [ForkJoinPool-8-worker-13] INFO  o.o.b.p.a.PullFromAggregateTracker - Pull Formulário da Vigilancia Hospitalar - Start downloading submission 11 of 12
2025-12-15 23:55:46,414 [ForkJoinPool-8-worker-8] INFO  o.o.b.p.a.PullFromAggregateTracker - Pull Formulário da Vigilancia Comunitaria - Form downloaded
2025-12-15 23:55:46,419 [ForkJoinPool-8-worker-8] INFO  o.o.b.p.a.PullFromAggregateTracker - Pull Formulário da Vigilancia Comunitaria - Start getting submission IDs
2025-12-15 23:55:46,439 [ForkJoinPool-8-worker-3] INFO  o.o.b.p.a.PullFromAggregateTracker - Push Formulário da Vigilancia Comunitaria - There are no submissions to download
2025-12-15 23:55:46,440 [ForkJoinPool-8-worker-3] INFO  o.o.b.p.a.PullFromAggregateTracker - Pull Formulário da Vigilancia Comunitaria - Success
2025-12-15 23:55:46,442 [ForkJoinPool-8-worker-3] INFO  o.o.b.p.a.PullFromAggregateTracker - Pull Formulário da Vigilancia Hospitalar - Start downloading submission 12 of 12
2025-12-15 23:55:46,493 [ForkJoinPool-8-worker-15] INFO  o.o.b.p.a.PullFromAggregateTracker - Pull Formulário da Vigilancia Hospitalar - Submission 2 of 4 downloaded
2025-12-15 23:55:46,497 [ForkJoinPool-8-worker-15] INFO  o.o.b.p.a.PullFromAggregateTracker - Pull Formulário da Vigilancia Hospitalar - Laboratório - Start downloading submission 5 of 9
2025-12-15 23:55:46,501 [ForkJoinPool-8-worker-1] INFO  o.o.b.p.a.PullFromAggregateTracker - Pull Formulário da Vigilancia Hospitalar - Submission 9 of 12 downloaded
2025-12-15 23:55:46,514 [AWT-EventQueue-0] INFO  XFormParser - Reading XML and parsing with kXML2 finished in 26.358 ms
2025-12-15 23:55:46,519 [AWT-EventQueue-0] INFO  XFormParser - Consolidating text finished in 8.545 ms
2025-12-15 23:55:46,519 [AWT-EventQueue-0] INFO  XFormParser - Parsing form...
2025-12-15 23:55:46,519 [AWT-EventQueue-0] INFO  XFormParser - Title: "Formulário da Vigilancia Comunitaria"
2025-12-15 23:55:46,519 [AWT-EventQueue-0] WARN  XFormParser - XForm Parse Warning: Warning: 1 Unrecognized attributes found in Element [model] and will be ignored: [xforms-version] 
    Problem found at nodeset: /html/head/model
    With element <model xforms-version="1.0.0"><instance><data id="Comunidade_v4" version="1" prefix="Comunidade_v4" delimiter="$">...

2025-12-15 23:55:46,562 [ForkJoinPool-8-worker-10] INFO  o.o.b.p.a.PullFromAggregateTracker - Pull Formulário da Vigilancia Hospitalar - Submission 10 of 12 downloaded
2025-12-15 23:55:46,563 [ForkJoinPool-8-worker-10] INFO  o.o.b.p.a.PullFromAggregateTracker - Pull Formulário da Vigilancia Hospitalar - Laboratório - Start downloading submission 6 of 9
2025-12-15 23:55:46,569 [ForkJoinPool-8-worker-4] INFO  o.o.b.p.a.PullFromAggregateTracker - Pull Formulário da Vigilancia Comunitaria - Submission 2 of 9 downloaded
2025-12-15 23:55:46,572 [ForkJoinPool-8-worker-4] INFO  o.o.b.p.a.PullFromAggregateTracker - Pull Formulário da Vigilancia Comunitaria - Start downloading submission 3 of 9
2025-12-15 23:55:46,584 [ForkJoinPool-8-worker-9] INFO  o.o.b.p.a.PullFromAggregateTracker - Pull Formulário da Vigilancia Hospitalar - Submission 3 of 4 downloaded
2025-12-15 23:55:46,587 [ForkJoinPool-8-worker-9] INFO  o.o.b.p.a.PullFromAggregateTracker - Pull Formulário da Vigilancia Hospitalar - Laboratório - Start downloading submission 7 of 9
2025-12-15 23:55:46,599 [ForkJoinPool-8-worker-11] INFO  o.o.b.p.a.PullFromAggregateTracker - Pull Formulário da Vigilancia Hospitalar - Got all the submission IDs
2025-12-15 23:55:46,620 [ForkJoinPool-8-worker-6] INFO  o.o.b.p.a.PullFromAggregateTracker - Pull Formulário da Vigilancia Hospitalar - Submission 4 of 4 downloaded
2025-12-15 23:55:46,622 [ForkJoinPool-8-worker-6] INFO  o.o.b.p.a.PullFromAggregateTracker - Pull Formulário da Vigilancia Hospitalar - Success
2025-12-15 23:55:46,624 [ForkJoinPool-8-worker-6] INFO  o.o.b.p.a.PullFromAggregateTracker - Pull Formulário da Vigilancia Hospitalar - Laboratório - Start downloading submission 8 of 9
2025-12-15 23:55:46,628 [AWT-EventQueue-0] INFO  XFormParser - Creating FormDef from parsed XML finished in 104.529 ms
2025-12-15 23:55:46,630 [ForkJoinPool-8-worker-2] INFO  o.o.b.p.a.PullFromAggregateTracker - Pull Formulário da Vigilancia Hospitalar - Laboratório - Submission 4 of 9 downloaded
2025-12-15 23:55:46,630 [ForkJoinPool-8-worker-2] INFO  o.o.b.p.a.PullFromAggregateTracker - Pull Formulário da Vigilancia Hospitalar - Laboratório - Start downloading submission 9 of 9
2025-12-15 23:55:46,670 [ForkJoinPool-8-worker-11] INFO  o.o.b.p.a.PullFromAggregateTracker - Push Formulário da Vigilancia Hospitalar - There are no submissions to download
2025-12-15 23:55:46,673 [ForkJoinPool-8-worker-11] INFO  o.o.b.p.a.PullFromAggregateTracker - Pull Formulário da Vigilancia Hospitalar - Success
2025-12-15 23:55:46,675 [ForkJoinPool-8-worker-11] INFO  o.o.b.p.a.PullFromAggregateTracker - Pull Formulário da Vigilancia Comunitaria - Start downloading submission 4 of 9
2025-12-15 23:55:46,680 [AWT-EventQueue-0] INFO  XFormParser - Reading XML and parsing with kXML2 finished in 23.827 ms
2025-12-15 23:55:46,691 [AWT-EventQueue-0] INFO  XFormParser - Consolidating text finished in 6.955 ms
2025-12-15 23:55:46,691 [AWT-EventQueue-0] INFO  XFormParser - Parsing form...
2025-12-15 23:55:46,691 [AWT-EventQueue-0] INFO  XFormParser - Title: "Formulário da Vigilancia Hospitalar"
2025-12-15 23:55:46,692 [AWT-EventQueue-0] WARN  XFormParser - XForm Parse Warning: Warning: 1 Unrecognized attributes found in Element [model] and will be ignored: [xforms-version] 
    Problem found at nodeset: /html/head/model
    With element <model xforms-version="1.0.0"><instance><data id="hospitalar_v5" version="1" prefix="hospitalar_v5" delimiter="$">...

2025-12-15 23:55:46,763 [AWT-EventQueue-0] INFO  XFormParser - Creating FormDef from parsed XML finished in 70.337 ms
2025-12-15 23:55:46,772 [ForkJoinPool-8-worker-13] INFO  o.o.b.p.a.PullFromAggregateTracker - Pull Formulário da Vigilancia Hospitalar - Submission 11 of 12 downloaded
2025-12-15 23:55:46,774 [ForkJoinPool-8-worker-13] INFO  o.o.b.p.a.PullFromAggregateTracker - Pull Formulário da Vigilancia Comunitaria - Start downloading submission 5 of 9
2025-12-15 23:55:46,813 [ForkJoinPool-8-worker-3] INFO  o.o.b.p.a.PullFromAggregateTracker - Pull Formulário da Vigilancia Hospitalar - Submission 12 of 12 downloaded
2025-12-15 23:55:46,814 [ForkJoinPool-8-worker-3] INFO  o.o.b.p.a.PullFromAggregateTracker - Pull Formulário da Vigilancia Comunitaria - Start downloading submission 6 of 9
2025-12-15 23:55:46,814 [ForkJoinPool-8-worker-1] INFO  o.o.b.p.a.PullFromAggregateTracker - Pull Formulário da Vigilancia Hospitalar - Success
2025-12-15 23:55:46,817 [ForkJoinPool-8-worker-1] INFO  o.o.b.p.a.PullFromAggregateTracker - Pull Formulário da Vigilancia Comunitaria - Start downloading submission 7 of 9
2025-12-15 23:55:46,827 [ForkJoinPool-8-worker-15] INFO  o.o.b.p.a.PullFromAggregateTracker - Pull Formulário da Vigilancia Hospitalar - Laboratório - Submission 5 of 9 downloaded
2025-12-15 23:55:46,827 [ForkJoinPool-8-worker-15] INFO  o.o.b.p.a.PullFromAggregateTracker - Pull Formulário da Vigilancia Comunitaria - Start downloading submission 8 of 9
2025-12-15 23:55:46,829 [ForkJoinPool-8-worker-10] INFO  o.o.b.p.a.PullFromAggregateTracker - Pull Formulário da Vigilancia Hospitalar - Laboratório - Submission 6 of 9 downloaded
2025-12-15 23:55:46,829 [ForkJoinPool-8-worker-10] INFO  o.o.b.p.a.PullFromAggregateTracker - Pull Formulário da Vigilancia Comunitaria - Start downloading submission 9 of 9
2025-12-15 23:55:46,849 [ForkJoinPool-8-worker-4] INFO  o.o.b.p.a.PullFromAggregateTracker - Pull Formulário da Vigilancia Comunitaria - Submission 3 of 9 downloaded
2025-12-15 23:55:46,856 [ForkJoinPool-8-worker-9] INFO  o.o.b.p.a.PullFromAggregateTracker - Pull Formulário da Vigilancia Hospitalar - Laboratório - Submission 7 of 9 downloaded
2025-12-15 23:55:46,873 [ForkJoinPool-8-worker-6] INFO  o.o.b.p.a.PullFromAggregateTracker - Pull Formulário da Vigilancia Hospitalar - Laboratório - Submission 8 of 9 downloaded
2025-12-15 23:55:47,000 [ForkJoinPool-8-worker-2] INFO  o.o.b.p.a.PullFromAggregateTracker - Pull Formulário da Vigilancia Hospitalar - Laboratório - Submission 9 of 9 downloaded
2025-12-15 23:55:47,002 [ForkJoinPool-8-worker-2] INFO  o.o.b.p.a.PullFromAggregateTracker - Pull Formulário da Vigilancia Hospitalar - Laboratório - Success
2025-12-15 23:55:47,018 [ForkJoinPool-8-worker-11] INFO  o.o.b.p.a.PullFromAggregateTracker - Pull Formulário da Vigilancia Comunitaria - Submission 4 of 9 downloaded
2025-12-15 23:55:47,058 [ForkJoinPool-8-worker-8] INFO  o.o.b.p.a.PullFromAggregateTracker - Pull Formulário da Vigilancia Comunitaria - Got all the submission IDs
2025-12-15 23:55:47,060 [ForkJoinPool-8-worker-3] INFO  o.o.b.p.a.PullFromAggregateTracker - Pull Formulário da Vigilancia Comunitaria - Submission 6 of 9 downloaded
2025-12-15 23:55:47,096 [ForkJoinPool-8-worker-13] INFO  o.o.b.p.a.PullFromAggregateTracker - Pull Formulário da Vigilancia Comunitaria - Submission 5 of 9 downloaded
2025-12-15 23:55:47,098 [ForkJoinPool-8-worker-1] INFO  o.o.b.p.a.PullFromAggregateTracker - Pull Formulário da Vigilancia Comunitaria - Submission 7 of 9 downloaded
2025-12-15 23:55:47,101 [ForkJoinPool-8-worker-15] INFO  o.o.b.p.a.PullFromAggregateTracker - Pull Formulário da Vigilancia Comunitaria - Submission 8 of 9 downloaded
2025-12-15 23:55:47,122 [ForkJoinPool-8-worker-10] INFO  o.o.b.p.a.PullFromAggregateTracker - Pull Formulário da Vigilancia Comunitaria - Submission 9 of 9 downloaded
2025-12-15 23:55:47,124 [ForkJoinPool-8-worker-4] INFO  o.o.b.p.a.PullFromAggregateTracker - Pull Formulário da Vigilancia Comunitaria - Success
2025-12-15 23:55:47,134 [ForkJoinPool-8-worker-8] INFO  o.o.b.p.a.PullFromAggregateTracker - Pull Formulário da Vigilancia Comunitaria - Start downloading submission 1 of 7
2025-12-15 23:55:47,136 [ForkJoinPool-8-worker-11] INFO  o.o.b.p.a.PullFromAggregateTracker - Pull Formulário da Vigilancia Comunitaria - Start downloading submission 7 of 7
2025-12-15 23:55:47,138 [ForkJoinPool-8-worker-4] INFO  o.o.b.p.a.PullFromAggregateTracker - Pull Formulário da Vigilancia Comunitaria - Start downloading submission 3 of 7
2025-12-15 23:55:47,138 [ForkJoinPool-8-worker-15] INFO  o.o.b.p.a.PullFromAggregateTracker - Pull Formulário da Vigilancia Comunitaria - Start downloading submission 5 of 7
2025-12-15 23:55:47,137 [ForkJoinPool-8-worker-3] INFO  o.o.b.p.a.PullFromAggregateTracker - Pull Formulário da Vigilancia Comunitaria - Start downloading submission 6 of 7
2025-12-15 23:55:47,138 [ForkJoinPool-8-worker-1] INFO  o.o.b.p.a.PullFromAggregateTracker - Pull Formulário da Vigilancia Comunitaria - Start downloading submission 4 of 7
2025-12-15 23:55:47,138 [ForkJoinPool-8-worker-10] INFO  o.o.b.p.a.PullFromAggregateTracker - Pull Formulário da Vigilancia Comunitaria - Start downloading submission 2 of 7
2025-12-15 23:55:47,434 [ForkJoinPool-8-worker-15] INFO  o.o.b.p.a.PullFromAggregateTracker - Pull Formulário da Vigilancia Comunitaria - Submission 5 of 7 downloaded
2025-12-15 23:55:47,434 [ForkJoinPool-8-worker-11] INFO  o.o.b.p.a.PullFromAggregateTracker - Pull Formulário da Vigilancia Comunitaria - Submission 7 of 7 downloaded
2025-12-15 23:55:47,434 [ForkJoinPool-8-worker-8] INFO  o.o.b.p.a.PullFromAggregateTracker - Pull Formulário da Vigilancia Comunitaria - Submission 1 of 7 downloaded
2025-12-15 23:55:47,438 [ForkJoinPool-8-worker-4] INFO  o.o.b.p.a.PullFromAggregateTracker - Pull Formulário da Vigilancia Comunitaria - Submission 3 of 7 downloaded
2025-12-15 23:55:47,442 [ForkJoinPool-8-worker-1] INFO  o.o.b.p.a.PullFromAggregateTracker - Pull Formulário da Vigilancia Comunitaria - Submission 4 of 7 downloaded
2025-12-15 23:55:47,446 [ForkJoinPool-8-worker-3] INFO  o.o.b.p.a.PullFromAggregateTracker - Pull Formulário da Vigilancia Comunitaria - Submission 6 of 7 downloaded
2025-12-15 23:55:47,446 [ForkJoinPool-8-worker-10] INFO  o.o.b.p.a.PullFromAggregateTracker - Pull Formulário da Vigilancia Comunitaria - Submission 2 of 7 downloaded
2025-12-15 23:55:47,450 [ForkJoinPool-8-worker-8] INFO  o.o.b.p.a.PullFromAggregateTracker - Pull Formulário da Vigilancia Comunitaria - Success
2025-12-15 23:56:24,238 [Thread-12] INFO  org.javarosa.core.model.FormDef - Dynamic select question has no choices! [instance(dis)/root/item]. If this occurs while filling out a form (and not while saving an incomplete form), the filter condition may have eliminated all the choices. Is that what you intended?
2025-12-15 23:56:24,245 [Thread-12] INFO  org.javarosa.core.model.FormDef - Dynamic select question has no choices! [instance(bairro)/root/item]. If this occurs while filling out a form (and not while saving an incomplete form), the filter condition may have eliminated all the choices. Is that what you intended?
2025-12-15 23:56:24,298 [Thread-12] INFO  XFormParser - Reading XML and parsing with kXML2 finished in 1.639 ms
2025-12-15 23:56:24,301 [Thread-12] INFO  XFormParser - Consolidating text finished in 3.622 ms
2025-12-15 23:56:24,301 [Thread-12] INFO  XFormParser - Parsing form...
2025-12-15 23:56:24,301 [Thread-12] INFO  XFormParser - Title: "Formulário de Colheita de Dados Cabo Delgado"
2025-12-15 23:56:24,301 [Thread-12] WARN  XFormParser - XForm Parse Warning: Warning: 1 Unrecognized attributes found in Element [model] and will be ignored: [xforms-version] 
    Problem found at nodeset: /html/head/model
    With element <model xforms-version="1.0.0"><instance><aEw6eXnJptPMjwvEq4VUkg id="Formulario_6_Colheita_Dados_Cabo_Delgado">...

2025-12-15 23:56:24,332 [Thread-12] WARN  XFormParser - XForm Parse Warning: choice value [v_rus_da_imunodefici_ncia_humana_e_terap] is too long; max. suggested length 32 chars
    Problem found at nodeset: /html/body/select[@ref=/aEw6eXnJptPMjwvEq4VUkg/area_de_estudo]/item/value
    With element <value>

2025-12-15 23:56:24,345 [Thread-12] INFO  XFormParser - Creating FormDef from parsed XML finished in 41.715 ms
2025-12-15 23:56:24,433 [Thread-12] INFO  org.javarosa.core.model.FormDef - Dynamic select question has no choices! [instance(Distrito_option_type)/root/item]. If this occurs while filling out a form (and not while saving an incomplete form), the filter condition may have eliminated all the choices. Is that what you intended?
2025-12-15 23:56:24,450 [Thread-12] INFO  org.javarosa.core.model.FormDef - Dynamic select question has no choices! [instance(Unidade_sanitaria_options)/root/item]. If this occurs while filling out a form (and not while saving an incomplete form), the filter condition may have eliminated all the choices. Is that what you intended?
2025-12-15 23:56:24,452 [Thread-12] INFO  org.javarosa.core.model.FormDef - Dynamic select question has no choices! [instance(tipo_amostra_options)/root/item]. If this occurs while filling out a form (and not while saving an incomplete form), the filter condition may have eliminated all the choices. Is that what you intended?
2025-12-15 23:56:24,506 [Thread-12] INFO  org.javarosa.core.model.FormDef - Dynamic select question has no choices! [instance(Distrito_option_type)/root/item]. If this occurs while filling out a form (and not while saving an incomplete form), the filter condition may have eliminated all the choices. Is that what you intended?
2025-12-15 23:56:24,854 [Thread-12] INFO  org.javarosa.core.model.FormDef - Dynamic select question has no choices! [instance(dis)/root/item]. If this occurs while filling out a form (and not while saving an incomplete form), the filter condition may have eliminated all the choices. Is that what you intended?
2025-12-15 23:56:24,866 [Thread-12] INFO  org.javarosa.core.model.FormDef - Dynamic select question has no choices! [instance(bairro)/root/item]. If this occurs while filling out a form (and not while saving an incomplete form), the filter condition may have eliminated all the choices. Is that what you intended?
2025-12-15 23:56:24,902 [ForkJoinPool-9-worker-2] INFO  o.o.b.export.ExportProcessTracker - Exported in 00:00:00.609755
2025-12-15 23:56:25,176 [ForkJoinPool-9-worker-8] INFO  o.o.b.export.ExportProcessTracker - Exported in 00:00:00.6949584
2025-12-15 23:56:25,642 [ForkJoinPool-9-worker-11] INFO  o.o.b.export.ExportProcessTracker - Exported in 00:00:01.2895397
2025-12-15 23:56:26,742 [ForkJoinPool-9-worker-1] INFO  o.o.b.export.ExportProcessTracker - Exported in 00:00:02.026683
2025-12-15 23:56:32,151 [ForkJoinPool-9-worker-4] INFO  o.o.b.export.ExportProcessTracker - Exported in 00:00:07.2589052
2025-12-15 23:56:44,033 [ForkJoinPool-9-worker-3] INFO  o.o.b.export.ExportProcessTracker - Exported in 00:00:19.563995
2025-12-15 23:56:44,096 [ForkJoinPool-9-worker-9] INFO  o.o.b.export.ExportProcessTracker - Exported in 00:00:19.8410616
2025-12-15 23:56:44,128 [ForkJoinPool-9-worker-15] INFO  o.o.b.export.ExportProcessTracker - Exported in 00:00:19.297686
