2026-02-25 09:00:03,230 [ForkJoinPool-9-worker-13] INFO  o.o.b.p.a.PullFromAggregateTracker - Pull VIGILÂNCIA  AMBIENTAL - Start pulling form and submissions
2026-02-25 09:00:03,230 [ForkJoinPool-9-worker-6] INFO  o.o.b.p.a.PullFromAggregateTracker - Pull Resultados de testagem das vigilâncias - Start pulling form and submissions
2026-02-25 09:00:03,231 [ForkJoinPool-9-worker-1] INFO  o.o.b.p.a.PullFromAggregateTracker - Pull Formulario da  Componente  Genomica (IDS) - Start pulling form and submissions
2026-02-25 09:00:03,244 [ForkJoinPool-9-worker-13] INFO  o.o.b.p.a.PullFromAggregateTracker - Pull VIGILÂNCIA  AMBIENTAL - Start downloading form
2026-02-25 09:00:03,231 [ForkJoinPool-9-worker-8] INFO  o.o.b.p.a.PullFromAggregateTracker - Pull Formulário da Vigilancia Hospitalar - Start pulling form and submissions
2026-02-25 09:00:03,229 [ForkJoinPool-9-worker-9] INFO  o.o.b.p.a.PullFromAggregateTracker - Pull Formulário da Vigilancia Hospitalar - Start pulling form and submissions
2026-02-25 09:00:03,229 [ForkJoinPool-9-worker-2] INFO  o.o.b.p.a.PullFromAggregateTracker - Pull Formulário da Vigilancia Hospitalar - Laboratório - Start pulling form and submissions
2026-02-25 09:00:03,248 [ForkJoinPool-9-worker-6] INFO  o.o.b.p.a.PullFromAggregateTracker - Pull Resultados de testagem das vigilâncias - Start downloading form
2026-02-25 09:00:03,232 [ForkJoinPool-9-worker-3] INFO  o.o.b.p.a.PullFromAggregateTracker - Pull Formulário da Vigilancia Hospitalar - Laboratório - Start pulling form and submissions
2026-02-25 09:00:03,231 [ForkJoinPool-9-worker-10] INFO  o.o.b.p.a.PullFromAggregateTracker - Pull Formulário da Vigilancia Comunitaria - Start pulling form and submissions
2026-02-25 09:00:03,229 [ForkJoinPool-9-worker-11] INFO  o.o.b.p.a.PullFromAggregateTracker - Pull Formulário da Vigilancia Hospitalar - Start pulling form and submissions
2026-02-25 09:00:03,230 [ForkJoinPool-9-worker-4] INFO  o.o.b.p.a.PullFromAggregateTracker - Pull Formulário da Vigilancia Comunitaria - Start pulling form and submissions
2026-02-25 09:00:03,250 [ForkJoinPool-9-worker-2] INFO  o.o.b.p.a.PullFromAggregateTracker - Pull Formulário da Vigilancia Hospitalar - Laboratório - Start downloading form
2026-02-25 09:00:03,248 [ForkJoinPool-9-worker-8] INFO  o.o.b.p.a.PullFromAggregateTracker - Pull Formulário da Vigilancia Hospitalar - Start downloading form
2026-02-25 09:00:03,231 [ForkJoinPool-9-worker-15] INFO  o.o.b.p.a.PullFromAggregateTracker - Pull Formulário da Recepção da Amostra - Start pulling form and submissions
2026-02-25 09:00:03,253 [ForkJoinPool-9-worker-1] INFO  o.o.b.p.a.PullFromAggregateTracker - Pull Formulario da  Componente  Genomica (IDS) - Start downloading form
2026-02-25 09:00:03,248 [ForkJoinPool-9-worker-9] INFO  o.o.b.p.a.PullFromAggregateTracker - Pull Formulário da Vigilancia Hospitalar - Start downloading form
2026-02-25 09:00:03,253 [ForkJoinPool-9-worker-11] INFO  o.o.b.p.a.PullFromAggregateTracker - Pull Formulário da Vigilancia Hospitalar - Start downloading form
2026-02-25 09:00:03,253 [ForkJoinPool-9-worker-3] INFO  o.o.b.p.a.PullFromAggregateTracker - Pull Formulário da Vigilancia Hospitalar - Laboratório - Start downloading form
2026-02-25 09:00:03,255 [ForkJoinPool-9-worker-4] INFO  o.o.b.p.a.PullFromAggregateTracker - Pull Formulário da Vigilancia Comunitaria - Start downloading form
2026-02-25 09:00:03,255 [ForkJoinPool-9-worker-10] INFO  o.o.b.p.a.PullFromAggregateTracker - Pull Formulário da Vigilancia Comunitaria - Start downloading form
2026-02-25 09:00:03,255 [ForkJoinPool-9-worker-15] INFO  o.o.b.p.a.PullFromAggregateTracker - Pull Formulário da Recepção da Amostra - Start downloading form
2026-02-25 09:00:04,962 [ForkJoinPool-9-worker-3] INFO  o.o.b.p.a.PullFromAggregateTracker - Pull Formulário da Vigilancia Hospitalar - Laboratório - Form downloaded
2026-02-25 09:00:04,964 [ForkJoinPool-9-worker-3] INFO  o.o.b.p.a.PullFromAggregateTracker - Pull Formulário da Vigilancia Hospitalar - Laboratório - Start getting submission IDs
2026-02-25 09:00:05,335 [ForkJoinPool-9-worker-13] INFO  o.o.b.p.a.PullFromAggregateTracker - Pull VIGILÂNCIA  AMBIENTAL - Form downloaded
2026-02-25 09:00:05,337 [ForkJoinPool-9-worker-13] INFO  o.o.b.p.a.PullFromAggregateTracker - Pull VIGILÂNCIA  AMBIENTAL - Start getting form manifest
2026-02-25 09:00:05,343 [ForkJoinPool-9-worker-1] INFO  o.o.b.p.a.PullFromAggregateTracker - Pull Formulario da  Componente  Genomica (IDS) - Form downloaded
2026-02-25 09:00:05,345 [ForkJoinPool-9-worker-1] INFO  o.o.b.p.a.PullFromAggregateTracker - Pull Formulario da  Componente  Genomica (IDS) - Start getting submission IDs
2026-02-25 09:00:05,465 [ForkJoinPool-9-worker-2] INFO  o.o.b.p.a.PullFromAggregateTracker - Pull Formulário da Vigilancia Hospitalar - Laboratório - Form downloaded
2026-02-25 09:00:05,465 [ForkJoinPool-9-worker-2] INFO  o.o.b.p.a.PullFromAggregateTracker - Pull Formulário da Vigilancia Hospitalar - Laboratório - Start getting form manifest
2026-02-25 09:00:05,696 [ForkJoinPool-9-worker-15] INFO  o.o.b.p.a.PullFromAggregateTracker - Pull Formulário da Recepção da Amostra - Form downloaded
2026-02-25 09:00:05,696 [ForkJoinPool-9-worker-15] INFO  o.o.b.p.a.PullFromAggregateTracker - Pull Formulário da Recepção da Amostra - Start getting form manifest
2026-02-25 09:00:05,763 [ForkJoinPool-9-worker-3] INFO  o.o.b.p.a.PullFromAggregateTracker - Pull Formulário da Vigilancia Hospitalar - Laboratório - Got all the submission IDs
2026-02-25 09:00:05,769 [ForkJoinPool-9-worker-3] INFO  o.o.b.p.a.PullFromAggregateTracker - Push Formulário da Vigilancia Hospitalar - Laboratório - There are no submissions to download
2026-02-25 09:00:05,839 [ForkJoinPool-9-worker-3] INFO  o.o.b.p.a.PullFromAggregateTracker - Pull Formulário da Vigilancia Hospitalar - Laboratório - Success
2026-02-25 09:00:05,853 [ForkJoinPool-9-worker-3] INFO  o.o.b.p.a.PullFromAggregateTracker - Pull Formulário da Vigilancia Hospitalar - Start pulling form and submissions
2026-02-25 09:00:05,853 [ForkJoinPool-9-worker-3] INFO  o.o.b.p.a.PullFromAggregateTracker - Pull Formulário da Vigilancia Hospitalar - Start downloading form
2026-02-25 09:00:05,956 [ForkJoinPool-9-worker-6] INFO  o.o.b.p.a.PullFromAggregateTracker - Pull Resultados de testagem das vigilâncias - Form downloaded
2026-02-25 09:00:05,956 [ForkJoinPool-9-worker-13] INFO  o.o.b.p.a.PullFromAggregateTracker - Pull VIGILÂNCIA  AMBIENTAL - Got the form manifest
2026-02-25 09:00:05,956 [ForkJoinPool-9-worker-13] INFO  o.o.b.p.a.PullFromAggregateTracker - Pull VIGILÂNCIA  AMBIENTAL - Skipping 1 form attachments that have been already downloaded
2026-02-25 09:00:05,958 [ForkJoinPool-9-worker-13] INFO  o.o.b.p.a.PullFromAggregateTracker - Pull VIGILÂNCIA  AMBIENTAL - Start getting submission IDs
2026-02-25 09:00:05,958 [ForkJoinPool-9-worker-6] INFO  o.o.b.p.a.PullFromAggregateTracker - Pull Resultados de testagem das vigilâncias - Start getting form manifest
2026-02-25 09:00:05,974 [ForkJoinPool-9-worker-11] INFO  o.o.b.p.a.PullFromAggregateTracker - Pull Formulário da Vigilancia Hospitalar - Form downloaded
2026-02-25 09:00:05,974 [ForkJoinPool-9-worker-11] INFO  o.o.b.p.a.PullFromAggregateTracker - Pull Formulário da Vigilancia Hospitalar - Start getting form manifest
2026-02-25 09:00:05,984 [ForkJoinPool-9-worker-1] INFO  o.o.b.p.a.PullFromAggregateTracker - Pull Formulario da  Componente  Genomica (IDS) - Got all the submission IDs
2026-02-25 09:00:05,984 [AWT-EventQueue-0] INFO  XFormParser - Reading XML and parsing with kXML2 finished in 2.860 ms
2026-02-25 09:00:05,985 [AWT-EventQueue-0] INFO  XFormParser - Consolidating text finished in 1.076 ms
2026-02-25 09:00:05,985 [AWT-EventQueue-0] INFO  XFormParser - Parsing form...
2026-02-25 09:00:05,990 [ForkJoinPool-9-worker-1] INFO  o.o.b.p.a.PullFromAggregateTracker - Push Formulario da  Componente  Genomica (IDS) - There are no submissions to download
2026-02-25 09:00:05,990 [AWT-EventQueue-0] INFO  XFormParser - Title: "Formulário da Vigilancia Hospitalar - Laboratório"
2026-02-25 09:00:05,990 [AWT-EventQueue-0] WARN  XFormParser - XForm Parse Warning: Warning: 1 Unrecognized attributes found in Element [model] and will be ignored: [xforms-version] 
    Problem found at nodeset: /html/head/model
    With element <model xforms-version="1.0.0"><instance><data id="hospitalar_ib" version="1" prefix="Hospitalar LB" delimiter="$">...

2026-02-25 09:00:05,998 [ForkJoinPool-9-worker-1] INFO  o.o.b.p.a.PullFromAggregateTracker - Pull Formulario da  Componente  Genomica (IDS) - Success
2026-02-25 09:00:06,005 [ForkJoinPool-9-worker-1] INFO  o.o.b.p.a.PullFromAggregateTracker - Pull VIGILÂNCIA  AMBIENTAL - Start pulling form and submissions
2026-02-25 09:00:06,005 [ForkJoinPool-9-worker-1] INFO  o.o.b.p.a.PullFromAggregateTracker - Pull VIGILÂNCIA  AMBIENTAL - Start downloading form
2026-02-25 09:00:06,022 [AWT-EventQueue-0] INFO  XFormParser - Creating FormDef from parsed XML finished in 37.056 ms
2026-02-25 09:00:06,054 [AWT-EventQueue-0] INFO  XFormParser - Reading XML and parsing with kXML2 finished in 9.104 ms
2026-02-25 09:00:06,064 [AWT-EventQueue-0] INFO  XFormParser - Consolidating text finished in 10.054 ms
2026-02-25 09:00:06,064 [AWT-EventQueue-0] INFO  XFormParser - Parsing form...
2026-02-25 09:00:06,064 [AWT-EventQueue-0] INFO  XFormParser - Title: "Resultados de testagem das vigilâncias"
2026-02-25 09:00:06,068 [AWT-EventQueue-0] WARN  XFormParser - XForm Parse Warning: Warning: 1 Unrecognized attributes found in Element [model] and will be ignored: [xforms-version] 
    Problem found at nodeset: /html/head/model
    With element <model xforms-version="1.0.0"><instance><data id="hospitalar_LB" version="13" prefix="Hospitalar LB" delimiter="$">...

2026-02-25 09:00:06,574 [ForkJoinPool-9-worker-6] INFO  o.o.b.p.a.PullFromAggregateTracker - Pull Resultados de testagem das vigilâncias - Got the form manifest
2026-02-25 09:00:06,576 [ForkJoinPool-9-worker-6] INFO  o.o.b.p.a.PullFromAggregateTracker - Pull Resultados de testagem das vigilâncias - Skipping 1 form attachments that have been already downloaded
2026-02-25 09:00:06,576 [ForkJoinPool-9-worker-2] INFO  o.o.b.p.a.PullFromAggregateTracker - Pull Formulário da Vigilancia Hospitalar - Laboratório - Got the form manifest
2026-02-25 09:00:06,576 [ForkJoinPool-9-worker-6] INFO  o.o.b.p.a.PullFromAggregateTracker - Pull Resultados de testagem das vigilâncias - Start getting submission IDs
2026-02-25 09:00:06,576 [ForkJoinPool-9-worker-2] INFO  o.o.b.p.a.PullFromAggregateTracker - Pull Formulário da Vigilancia Hospitalar - Laboratório - Skipping 1 form attachments that have been already downloaded
2026-02-25 09:00:06,578 [ForkJoinPool-9-worker-2] INFO  o.o.b.p.a.PullFromAggregateTracker - Pull Formulário da Vigilancia Hospitalar - Laboratório - Start getting submission IDs
2026-02-25 09:00:06,582 [ForkJoinPool-9-worker-15] INFO  o.o.b.p.a.PullFromAggregateTracker - Pull Formulário da Recepção da Amostra - Got the form manifest
2026-02-25 09:00:06,584 [ForkJoinPool-9-worker-15] INFO  o.o.b.p.a.PullFromAggregateTracker - Pull Formulário da Recepção da Amostra - Skipping 1 form attachments that have been already downloaded
2026-02-25 09:00:06,586 [ForkJoinPool-9-worker-15] INFO  o.o.b.p.a.PullFromAggregateTracker - Pull Formulário da Recepção da Amostra - Start getting submission IDs
2026-02-25 09:00:06,600 [ForkJoinPool-9-worker-4] INFO  o.o.b.p.a.PullFromAggregateTracker - Pull Formulário da Vigilancia Comunitaria - Form downloaded
2026-02-25 09:00:06,600 [ForkJoinPool-9-worker-10] INFO  o.o.b.p.a.PullFromAggregateTracker - Pull Formulário da Vigilancia Comunitaria - Form downloaded
2026-02-25 09:00:06,600 [ForkJoinPool-9-worker-4] INFO  o.o.b.p.a.PullFromAggregateTracker - Pull Formulário da Vigilancia Comunitaria - Start getting form manifest
2026-02-25 09:00:06,600 [ForkJoinPool-9-worker-10] INFO  o.o.b.p.a.PullFromAggregateTracker - Pull Formulário da Vigilancia Comunitaria - Start getting submission IDs
2026-02-25 09:00:06,751 [AWT-EventQueue-0] INFO  XFormParser - Creating FormDef from parsed XML finished in 683.479 ms
2026-02-25 09:00:06,759 [AWT-EventQueue-0] INFO  XFormParser - Reading XML and parsing with kXML2 finished in 3.558 ms
2026-02-25 09:00:06,759 [AWT-EventQueue-0] INFO  XFormParser - Consolidating text finished in 1.398 ms
2026-02-25 09:00:06,759 [AWT-EventQueue-0] INFO  XFormParser - Parsing form...
2026-02-25 09:00:06,759 [AWT-EventQueue-0] INFO  XFormParser - Title: "VIGILÂNCIA  AMBIENTAL"
2026-02-25 09:00:06,759 [AWT-EventQueue-0] WARN  XFormParser - XForm Parse Warning: Warning: 1 Unrecognized attributes found in Element [model] and will be ignored: [xforms-version] 
    Problem found at nodeset: /html/head/model
    With element <model xforms-version="1.0.0"><instance><data id="VIGILÂNCIA  AMBIENTAL" version="1" prefix="VIGILÂNCIA  AMBIENTAL" delimiter="$">...

2026-02-25 09:00:06,775 [AWT-EventQueue-0] INFO  XFormParser - Creating FormDef from parsed XML finished in 15.255 ms
2026-02-25 09:00:06,816 [ForkJoinPool-9-worker-3] INFO  o.o.b.p.a.PullFromAggregateTracker - Pull Formulário da Vigilancia Hospitalar - Form downloaded
2026-02-25 09:00:06,817 [ForkJoinPool-9-worker-3] INFO  o.o.b.p.a.PullFromAggregateTracker - Pull Formulário da Vigilancia Hospitalar - Start getting submission IDs
2026-02-25 09:00:06,830 [ForkJoinPool-9-worker-8] INFO  o.o.b.p.a.PullFromAggregateTracker - Pull Formulário da Vigilancia Hospitalar - Form downloaded
2026-02-25 09:00:06,832 [ForkJoinPool-9-worker-8] INFO  o.o.b.p.a.PullFromAggregateTracker - Pull Formulário da Vigilancia Hospitalar - Start getting form manifest
2026-02-25 09:00:06,871 [ForkJoinPool-9-worker-11] INFO  o.o.b.p.a.PullFromAggregateTracker - Pull Formulário da Vigilancia Hospitalar - Got the form manifest
2026-02-25 09:00:06,871 [ForkJoinPool-9-worker-13] INFO  o.o.b.p.a.PullFromAggregateTracker - Pull VIGILÂNCIA  AMBIENTAL - Got all the submission IDs
2026-02-25 09:00:06,871 [ForkJoinPool-9-worker-11] INFO  o.o.b.p.a.PullFromAggregateTracker - Pull Formulário da Vigilancia Hospitalar - Skipping 1 form attachments that have been already downloaded
2026-02-25 09:00:06,871 [ForkJoinPool-9-worker-1] INFO  o.o.b.p.a.PullFromAggregateTracker - Pull VIGILÂNCIA  AMBIENTAL - Form downloaded
2026-02-25 09:00:06,871 [ForkJoinPool-9-worker-11] INFO  o.o.b.p.a.PullFromAggregateTracker - Pull Formulário da Vigilancia Hospitalar - Start getting submission IDs
2026-02-25 09:00:06,871 [ForkJoinPool-9-worker-1] INFO  o.o.b.p.a.PullFromAggregateTracker - Pull VIGILÂNCIA  AMBIENTAL - Start getting submission IDs
2026-02-25 09:00:06,889 [ForkJoinPool-9-worker-13] INFO  o.o.b.p.a.PullFromAggregateTracker - Push VIGILÂNCIA  AMBIENTAL - There are no submissions to download
2026-02-25 09:00:06,892 [ForkJoinPool-9-worker-13] INFO  o.o.b.p.a.PullFromAggregateTracker - Pull VIGILÂNCIA  AMBIENTAL - Success
2026-02-25 09:00:06,896 [ForkJoinPool-9-worker-13] INFO  o.o.b.p.a.PullFromAggregateTracker - Pull VIGILÂNCIA  AMBIENTAL - Start pulling form and submissions
2026-02-25 09:00:06,896 [ForkJoinPool-9-worker-13] INFO  o.o.b.p.a.PullFromAggregateTracker - Pull VIGILÂNCIA  AMBIENTAL - Start downloading form
2026-02-25 09:00:06,907 [ForkJoinPool-9-worker-2] INFO  o.o.b.p.a.PullFromAggregateTracker - Pull Formulário da Vigilancia Hospitalar - Laboratório - Got all the submission IDs
2026-02-25 09:00:06,907 [ForkJoinPool-9-worker-6] INFO  o.o.b.p.a.PullFromAggregateTracker - Pull Resultados de testagem das vigilâncias - Got all the submission IDs
2026-02-25 09:00:06,913 [ForkJoinPool-9-worker-2] INFO  o.o.b.p.a.PullFromAggregateTracker - Push Formulário da Vigilancia Hospitalar - Laboratório - There are no submissions to download
2026-02-25 09:00:06,913 [ForkJoinPool-9-worker-2] INFO  o.o.b.p.a.PullFromAggregateTracker - Pull Formulário da Vigilancia Hospitalar - Laboratório - Success
2026-02-25 09:00:06,917 [ForkJoinPool-9-worker-2] INFO  o.o.b.p.a.PullFromAggregateTracker - Pull Formulário da Vigilancia Comunitaria - Start pulling form and submissions
2026-02-25 09:00:06,917 [ForkJoinPool-9-worker-2] INFO  o.o.b.p.a.PullFromAggregateTracker - Pull Formulário da Vigilancia Comunitaria - Start downloading form
2026-02-25 09:00:06,925 [AWT-EventQueue-0] INFO  XFormParser - Reading XML and parsing with kXML2 finished in 18.602 ms
2026-02-25 09:00:06,934 [AWT-EventQueue-0] INFO  XFormParser - Consolidating text finished in 7.318 ms
2026-02-25 09:00:06,934 [AWT-EventQueue-0] INFO  XFormParser - Parsing form...
2026-02-25 09:00:06,934 [AWT-EventQueue-0] INFO  XFormParser - Title: "Formulário da Vigilancia Comunitaria"
2026-02-25 09:00:06,934 [AWT-EventQueue-0] WARN  XFormParser - XForm Parse Warning: Warning: 1 Unrecognized attributes found in Element [model] and will be ignored: [xforms-version] 
    Problem found at nodeset: /html/head/model
    With element <model xforms-version="1.0.0"><instance><data id="Comunidade_v2" version="2" prefix="Comunidade_v2" delimiter="$">...

2026-02-25 09:00:06,969 [ForkJoinPool-9-worker-6] INFO  o.o.b.p.a.PullFromAggregateTracker - Push Resultados de testagem das vigilâncias - There are no submissions to download
2026-02-25 09:00:06,970 [ForkJoinPool-9-worker-6] INFO  o.o.b.p.a.PullFromAggregateTracker - Pull Resultados de testagem das vigilâncias - Success
2026-02-25 09:00:06,974 [ForkJoinPool-9-worker-6] INFO  o.o.b.p.a.PullFromAggregateTracker - Pull Formulário da Vigilancia Hospitalar - Start pulling form and submissions
2026-02-25 09:00:06,976 [ForkJoinPool-9-worker-6] INFO  o.o.b.p.a.PullFromAggregateTracker - Pull Formulário da Vigilancia Hospitalar - Start downloading form
2026-02-25 09:00:07,014 [AWT-EventQueue-0] INFO  XFormParser - Creating FormDef from parsed XML finished in 81.013 ms
2026-02-25 09:00:07,044 [AWT-EventQueue-0] INFO  XFormParser - Reading XML and parsing with kXML2 finished in 16.250 ms
2026-02-25 09:00:07,044 [ForkJoinPool-9-worker-15] INFO  o.o.b.p.a.PullFromAggregateTracker - Pull Formulário da Recepção da Amostra - Got all the submission IDs
2026-02-25 09:00:07,047 [ForkJoinPool-9-worker-15] INFO  o.o.b.p.a.PullFromAggregateTracker - Push Formulário da Recepção da Amostra - There are no submissions to download
2026-02-25 09:00:07,048 [ForkJoinPool-9-worker-15] INFO  o.o.b.p.a.PullFromAggregateTracker - Pull Formulário da Recepção da Amostra - Success
2026-02-25 09:00:07,048 [AWT-EventQueue-0] INFO  XFormParser - Consolidating text finished in 6.130 ms
2026-02-25 09:00:07,048 [AWT-EventQueue-0] INFO  XFormParser - Parsing form...
2026-02-25 09:00:07,048 [AWT-EventQueue-0] INFO  XFormParser - Title: "Formulário da Vigilancia Hospitalar"
2026-02-25 09:00:07,048 [AWT-EventQueue-0] WARN  XFormParser - XForm Parse Warning: Warning: 1 Unrecognized attributes found in Element [model] and will be ignored: [xforms-version] 
    Problem found at nodeset: /html/head/model
    With element <model xforms-version="1.0.0"><instance><data id="hospitalar_v2" version="1" prefix="Hospitalar" delimiter="$">...

2026-02-25 09:00:07,048 [ForkJoinPool-9-worker-15] INFO  o.o.b.p.a.PullFromAggregateTracker - Pull VIGILÂNCIA  AMBIENTAL - Start pulling form and submissions
2026-02-25 09:00:07,048 [ForkJoinPool-9-worker-15] INFO  o.o.b.p.a.PullFromAggregateTracker - Pull VIGILÂNCIA  AMBIENTAL - Start downloading form
2026-02-25 09:00:07,070 [AWT-EventQueue-0] INFO  XFormParser - Creating FormDef from parsed XML finished in 20.692 ms
2026-02-25 09:00:07,084 [AWT-EventQueue-0] INFO  XFormParser - Reading XML and parsing with kXML2 finished in 0.945 ms
2026-02-25 09:00:07,086 [AWT-EventQueue-0] INFO  XFormParser - Consolidating text finished in 0.389 ms
2026-02-25 09:00:07,086 [AWT-EventQueue-0] INFO  XFormParser - Parsing form...
2026-02-25 09:00:07,086 [AWT-EventQueue-0] INFO  XFormParser - Title: "VIGILÂNCIA  AMBIENTAL"
2026-02-25 09:00:07,097 [AWT-EventQueue-0] WARN  XFormParser - XForm Parse Warning: Warning: 1 Unrecognized attributes found in Element [model] and will be ignored: [xforms-version] 
    Problem found at nodeset: /html/head/model
    With element <model xforms-version="1.0.0"><instance><data id="VIGILÂNCIA  AMBIENTAL_v2" version="2" prefix="VIGILÂNCIA  AMBIENTAL_v2" delimiter="$">...

2026-02-25 09:00:07,106 [ForkJoinPool-9-worker-4] INFO  o.o.b.p.a.PullFromAggregateTracker - Pull Formulário da Vigilancia Comunitaria - Got the form manifest
2026-02-25 09:00:07,106 [ForkJoinPool-9-worker-4] INFO  o.o.b.p.a.PullFromAggregateTracker - Pull Formulário da Vigilancia Comunitaria - Skipping 1 form attachments that have been already downloaded
2026-02-25 09:00:07,106 [ForkJoinPool-9-worker-4] INFO  o.o.b.p.a.PullFromAggregateTracker - Pull Formulário da Vigilancia Comunitaria - Start getting submission IDs
2026-02-25 09:00:07,110 [ForkJoinPool-9-worker-8] INFO  o.o.b.p.a.PullFromAggregateTracker - Pull Formulário da Vigilancia Hospitalar - Got the form manifest
2026-02-25 09:00:07,112 [ForkJoinPool-9-worker-8] INFO  o.o.b.p.a.PullFromAggregateTracker - Pull Formulário da Vigilancia Hospitalar - Skipping 1 form attachments that have been already downloaded
2026-02-25 09:00:07,112 [ForkJoinPool-9-worker-8] INFO  o.o.b.p.a.PullFromAggregateTracker - Pull Formulário da Vigilancia Hospitalar - Start getting submission IDs
2026-02-25 09:00:07,124 [AWT-EventQueue-0] INFO  XFormParser - Creating FormDef from parsed XML finished in 37.768 ms
2026-02-25 09:00:07,131 [ForkJoinPool-9-worker-10] INFO  o.o.b.p.a.PullFromAggregateTracker - Pull Formulário da Vigilancia Comunitaria - Got all the submission IDs
2026-02-25 09:00:07,131 [ForkJoinPool-9-worker-3] INFO  o.o.b.p.a.PullFromAggregateTracker - Pull Formulário da Vigilancia Hospitalar - Got all the submission IDs
2026-02-25 09:00:07,144 [ForkJoinPool-9-worker-11] INFO  o.o.b.p.a.PullFromAggregateTracker - Pull Formulário da Vigilancia Hospitalar - Got all the submission IDs
2026-02-25 09:00:07,157 [ForkJoinPool-9-worker-9] INFO  o.o.b.p.a.PullFromAggregateTracker - Pull Formulário da Vigilancia Hospitalar - Form downloaded
2026-02-25 09:00:07,159 [ForkJoinPool-9-worker-9] INFO  o.o.b.p.a.PullFromAggregateTracker - Pull Formulário da Vigilancia Hospitalar - Start getting form manifest
2026-02-25 09:00:07,161 [ForkJoinPool-9-worker-1] INFO  o.o.b.p.a.PullFromAggregateTracker - Pull VIGILÂNCIA  AMBIENTAL - Got all the submission IDs
2026-02-25 09:00:07,168 [ForkJoinPool-9-worker-1] INFO  o.o.b.p.a.PullFromAggregateTracker - Push VIGILÂNCIA  AMBIENTAL - There are no submissions to download
2026-02-25 09:00:07,171 [ForkJoinPool-9-worker-1] INFO  o.o.b.p.a.PullFromAggregateTracker - Pull VIGILÂNCIA  AMBIENTAL - Success
2026-02-25 09:00:07,224 [ForkJoinPool-9-worker-1] INFO  o.o.b.p.a.PullFromAggregateTracker - Pull Formulário da Vigilancia Comunitaria - Start pulling form and submissions
2026-02-25 09:00:07,224 [ForkJoinPool-9-worker-1] INFO  o.o.b.p.a.PullFromAggregateTracker - Pull Formulário da Vigilancia Comunitaria - Start downloading form
2026-02-25 09:00:07,280 [ForkJoinPool-9-worker-11] INFO  o.o.b.p.a.PullFromAggregateTracker - Push Formulário da Vigilancia Hospitalar - There are no submissions to download
2026-02-25 09:00:07,280 [ForkJoinPool-9-worker-3] INFO  o.o.b.p.a.PullFromAggregateTracker - Push Formulário da Vigilancia Hospitalar - There are no submissions to download
2026-02-25 09:00:07,280 [ForkJoinPool-9-worker-10] INFO  o.o.b.p.a.PullFromAggregateTracker - Push Formulário da Vigilancia Comunitaria - There are no submissions to download
2026-02-25 09:00:07,284 [ForkJoinPool-9-worker-3] INFO  o.o.b.p.a.PullFromAggregateTracker - Pull Formulário da Vigilancia Hospitalar - Success
2026-02-25 09:00:07,285 [ForkJoinPool-9-worker-11] INFO  o.o.b.p.a.PullFromAggregateTracker - Pull Formulário da Vigilancia Hospitalar - Success
2026-02-25 09:00:07,286 [ForkJoinPool-9-worker-3] INFO  o.o.b.p.a.PullFromAggregateTracker - Pull Formulário da Vigilancia Hospitalar - Start pulling form and submissions
2026-02-25 09:00:07,286 [ForkJoinPool-9-worker-10] INFO  o.o.b.p.a.PullFromAggregateTracker - Pull Formulário da Vigilancia Comunitaria - Success
2026-02-25 09:00:07,286 [ForkJoinPool-9-worker-3] INFO  o.o.b.p.a.PullFromAggregateTracker - Pull Formulário da Vigilancia Hospitalar - Start downloading form
2026-02-25 09:00:07,286 [ForkJoinPool-9-worker-13] INFO  o.o.b.p.a.PullFromAggregateTracker - Pull VIGILÂNCIA  AMBIENTAL - Form downloaded
2026-02-25 09:00:07,286 [ForkJoinPool-9-worker-13] INFO  o.o.b.p.a.PullFromAggregateTracker - Pull VIGILÂNCIA  AMBIENTAL - Start getting submission IDs
2026-02-25 09:00:07,288 [ForkJoinPool-9-worker-11] INFO  o.o.b.p.a.PullFromAggregateTracker - Pull Resultados de testagem das vigilâncias - Start pulling form and submissions
2026-02-25 09:00:07,289 [ForkJoinPool-9-worker-11] INFO  o.o.b.p.a.PullFromAggregateTracker - Pull Resultados de testagem das vigilâncias - Start downloading form
2026-02-25 09:00:07,291 [ForkJoinPool-9-worker-10] INFO  o.o.b.p.a.PullFromAggregateTracker - Pull Formulário da Vigilancia Hospitalar - Start pulling form and submissions
2026-02-25 09:00:07,293 [ForkJoinPool-9-worker-10] INFO  o.o.b.p.a.PullFromAggregateTracker - Pull Formulário da Vigilancia Hospitalar - Start downloading form
2026-02-25 09:00:07,384 [AWT-EventQueue-0] INFO  XFormParser - Reading XML and parsing with kXML2 finished in 14.896 ms
2026-02-25 09:00:07,391 [AWT-EventQueue-0] INFO  XFormParser - Consolidating text finished in 6.064 ms
2026-02-25 09:00:07,391 [AWT-EventQueue-0] INFO  XFormParser - Parsing form...
2026-02-25 09:00:07,392 [AWT-EventQueue-0] INFO  XFormParser - Title: "Formulário da Vigilancia Hospitalar"
2026-02-25 09:00:07,392 [AWT-EventQueue-0] WARN  XFormParser - XForm Parse Warning: Warning: 1 Unrecognized attributes found in Element [model] and will be ignored: [xforms-version] 
    Problem found at nodeset: /html/head/model
    With element <model xforms-version="1.0.0"><instance><data id="hospitalar" version="1" prefix="Hospitalar" delimiter="$">...

2026-02-25 09:00:07,432 [ForkJoinPool-9-worker-15] INFO  o.o.b.p.a.PullFromAggregateTracker - Pull VIGILÂNCIA  AMBIENTAL - Form downloaded
2026-02-25 09:00:07,437 [ForkJoinPool-9-worker-15] INFO  o.o.b.p.a.PullFromAggregateTracker - Pull VIGILÂNCIA  AMBIENTAL - Start getting submission IDs
2026-02-25 09:00:07,440 [ForkJoinPool-9-worker-8] INFO  o.o.b.p.a.PullFromAggregateTracker - Pull Formulário da Vigilancia Hospitalar - Got all the submission IDs
2026-02-25 09:00:07,439 [ForkJoinPool-9-worker-4] INFO  o.o.b.p.a.PullFromAggregateTracker - Pull Formulário da Vigilancia Comunitaria - Got all the submission IDs
2026-02-25 09:00:07,445 [ForkJoinPool-9-worker-9] INFO  o.o.b.p.a.PullFromAggregateTracker - Pull Formulário da Vigilancia Hospitalar - Got the form manifest
2026-02-25 09:00:07,445 [ForkJoinPool-9-worker-9] INFO  o.o.b.p.a.PullFromAggregateTracker - Pull Formulário da Vigilancia Hospitalar - Skipping 1 form attachments that have been already downloaded
2026-02-25 09:00:07,447 [ForkJoinPool-9-worker-9] INFO  o.o.b.p.a.PullFromAggregateTracker - Pull Formulário da Vigilancia Hospitalar - Start getting submission IDs
2026-02-25 09:00:07,640 [AWT-EventQueue-0] INFO  XFormParser - Creating FormDef from parsed XML finished in 249.030 ms
2026-02-25 09:00:07,649 [ForkJoinPool-9-worker-4] INFO  o.o.b.p.a.PullFromAggregateTracker - Push Formulário da Vigilancia Comunitaria - There are no submissions to download
2026-02-25 09:00:07,649 [ForkJoinPool-9-worker-8] INFO  o.o.b.p.a.PullFromAggregateTracker - Push Formulário da Vigilancia Hospitalar - There are no submissions to download
2026-02-25 09:00:07,651 [ForkJoinPool-9-worker-8] INFO  o.o.b.p.a.PullFromAggregateTracker - Pull Formulário da Vigilancia Hospitalar - Success
2026-02-25 09:00:07,651 [ForkJoinPool-9-worker-4] INFO  o.o.b.p.a.PullFromAggregateTracker - Pull Formulário da Vigilancia Comunitaria - Success
2026-02-25 09:00:07,652 [ForkJoinPool-9-worker-8] INFO  o.o.b.p.a.PullFromAggregateTracker - Pull Formulário da Vigilancia Hospitalar - Laboratório - Start pulling form and submissions
2026-02-25 09:00:07,652 [ForkJoinPool-9-worker-8] INFO  o.o.b.p.a.PullFromAggregateTracker - Pull Formulário da Vigilancia Hospitalar - Laboratório - Start downloading form
2026-02-25 09:00:07,652 [ForkJoinPool-9-worker-4] INFO  o.o.b.p.a.PullFromAggregateTracker - Pull Formulário da Vigilancia Hospitalar - Laboratório - Start pulling form and submissions
2026-02-25 09:00:07,652 [ForkJoinPool-9-worker-4] INFO  o.o.b.p.a.PullFromAggregateTracker - Pull Formulário da Vigilancia Hospitalar - Laboratório - Start downloading form
2026-02-25 09:00:07,662 [AWT-EventQueue-0] INFO  XFormParser - Reading XML and parsing with kXML2 finished in 3.425 ms
2026-02-25 09:00:07,663 [AWT-EventQueue-0] INFO  XFormParser - Consolidating text finished in 0.868 ms
2026-02-25 09:00:07,663 [AWT-EventQueue-0] INFO  XFormParser - Parsing form...
2026-02-25 09:00:07,664 [AWT-EventQueue-0] INFO  XFormParser - Title: "VIGILÂNCIA  AMBIENTAL"
2026-02-25 09:00:07,664 [AWT-EventQueue-0] WARN  XFormParser - XForm Parse Warning: Warning: 1 Unrecognized attributes found in Element [model] and will be ignored: [xforms-version] 
    Problem found at nodeset: /html/head/model
    With element <model xforms-version="1.0.0"><instance><data id="VIGILÂNCIA AMBIENTAL_v4" version="4" prefix="VIGILÂNCIA AMBIENTAL_v4" delimiter="$">...

2026-02-25 09:00:07,673 [AWT-EventQueue-0] INFO  XFormParser - Creating FormDef from parsed XML finished in 9.885 ms
2026-02-25 09:00:07,740 [ForkJoinPool-9-worker-13] INFO  o.o.b.p.a.PullFromAggregateTracker - Pull VIGILÂNCIA  AMBIENTAL - Got all the submission IDs
2026-02-25 09:00:07,745 [ForkJoinPool-9-worker-13] INFO  o.o.b.p.a.PullFromAggregateTracker - Push VIGILÂNCIA  AMBIENTAL - There are no submissions to download
2026-02-25 09:00:07,747 [ForkJoinPool-9-worker-13] INFO  o.o.b.p.a.PullFromAggregateTracker - Pull VIGILÂNCIA  AMBIENTAL - Success
2026-02-25 09:00:07,752 [ForkJoinPool-9-worker-15] INFO  o.o.b.p.a.PullFromAggregateTracker - Pull VIGILÂNCIA  AMBIENTAL - Got all the submission IDs
2026-02-25 09:00:07,754 [ForkJoinPool-9-worker-15] INFO  o.o.b.p.a.PullFromAggregateTracker - Push VIGILÂNCIA  AMBIENTAL - There are no submissions to download
2026-02-25 09:00:07,756 [ForkJoinPool-9-worker-15] INFO  o.o.b.p.a.PullFromAggregateTracker - Pull VIGILÂNCIA  AMBIENTAL - Success
2026-02-25 09:00:07,909 [ForkJoinPool-9-worker-2] INFO  o.o.b.p.a.PullFromAggregateTracker - Pull Formulário da Vigilancia Comunitaria - Form downloaded
2026-02-25 09:00:07,909 [ForkJoinPool-9-worker-2] INFO  o.o.b.p.a.PullFromAggregateTracker - Pull Formulário da Vigilancia Comunitaria - Start getting submission IDs
2026-02-25 09:00:07,936 [AWT-EventQueue-0] INFO  XFormParser - Reading XML and parsing with kXML2 finished in 16.069 ms
2026-02-25 09:00:07,942 [AWT-EventQueue-0] INFO  XFormParser - Consolidating text finished in 6.699 ms
2026-02-25 09:00:07,942 [AWT-EventQueue-0] INFO  XFormParser - Parsing form...
2026-02-25 09:00:07,942 [AWT-EventQueue-0] INFO  XFormParser - Title: "Formulário da Vigilancia Comunitaria"
2026-02-25 09:00:07,942 [AWT-EventQueue-0] WARN  XFormParser - XForm Parse Warning: Warning: 1 Unrecognized attributes found in Element [model] and will be ignored: [xforms-version] 
    Problem found at nodeset: /html/head/model
    With element <model xforms-version="1.0.0"><instance><data id="Comunidade_v3" version="1" prefix="Comunidade_v3" delimiter="$">...

2026-02-25 09:00:07,956 [ForkJoinPool-9-worker-1] INFO  o.o.b.p.a.PullFromAggregateTracker - Pull Formulário da Vigilancia Comunitaria - Form downloaded
2026-02-25 09:00:07,957 [ForkJoinPool-9-worker-1] INFO  o.o.b.p.a.PullFromAggregateTracker - Pull Formulário da Vigilancia Comunitaria - Start getting submission IDs
2026-02-25 09:00:08,002 [AWT-EventQueue-0] INFO  XFormParser - Creating FormDef from parsed XML finished in 57.869 ms
2026-02-25 09:00:08,013 [ForkJoinPool-9-worker-9] INFO  o.o.b.p.a.PullFromAggregateTracker - Pull Formulário da Vigilancia Hospitalar - Got all the submission IDs
2026-02-25 09:00:08,054 [ForkJoinPool-9-worker-8] INFO  o.o.b.p.a.PullFromAggregateTracker - Pull Formulário da Vigilancia Hospitalar - Laboratório - Form downloaded
2026-02-25 09:00:08,054 [ForkJoinPool-9-worker-8] INFO  o.o.b.p.a.PullFromAggregateTracker - Pull Formulário da Vigilancia Hospitalar - Laboratório - Start getting submission IDs
2026-02-25 09:00:08,064 [ForkJoinPool-9-worker-9] INFO  o.o.b.p.a.PullFromAggregateTracker - Push Formulário da Vigilancia Hospitalar - There are no submissions to download
2026-02-25 09:00:08,066 [ForkJoinPool-9-worker-9] INFO  o.o.b.p.a.PullFromAggregateTracker - Pull Formulário da Vigilancia Hospitalar - Success
2026-02-25 09:00:08,111 [ForkJoinPool-9-worker-3] INFO  o.o.b.p.a.PullFromAggregateTracker - Pull Formulário da Vigilancia Hospitalar - Form downloaded
2026-02-25 09:00:08,113 [ForkJoinPool-9-worker-3] INFO  o.o.b.p.a.PullFromAggregateTracker - Pull Formulário da Vigilancia Hospitalar - Start getting submission IDs
2026-02-25 09:00:08,129 [AWT-EventQueue-0] INFO  XFormParser - Reading XML and parsing with kXML2 finished in 16.820 ms
2026-02-25 09:00:08,137 [AWT-EventQueue-0] INFO  XFormParser - Consolidating text finished in 6.357 ms
2026-02-25 09:00:08,137 [AWT-EventQueue-0] INFO  XFormParser - Parsing form...
2026-02-25 09:00:08,137 [AWT-EventQueue-0] INFO  XFormParser - Title: "Formulário da Vigilancia Comunitaria"
2026-02-25 09:00:08,137 [AWT-EventQueue-0] WARN  XFormParser - XForm Parse Warning: Warning: 1 Unrecognized attributes found in Element [model] and will be ignored: [xforms-version] 
    Problem found at nodeset: /html/head/model
    With element <model xforms-version="1.0.0"><instance><data id="Comunidade_v4" version="1" prefix="Comunidade_v4" delimiter="$">...

2026-02-25 09:00:08,137 [ForkJoinPool-9-worker-11] INFO  o.o.b.p.a.PullFromAggregateTracker - Pull Resultados de testagem das vigilâncias - Form downloaded
2026-02-25 09:00:08,137 [ForkJoinPool-9-worker-11] INFO  o.o.b.p.a.PullFromAggregateTracker - Pull Resultados de testagem das vigilâncias - Start getting submission IDs
2026-02-25 09:00:08,142 [ForkJoinPool-9-worker-6] INFO  o.o.b.p.a.PullFromAggregateTracker - Pull Formulário da Vigilancia Hospitalar - Form downloaded
2026-02-25 09:00:08,142 [ForkJoinPool-9-worker-6] INFO  o.o.b.p.a.PullFromAggregateTracker - Pull Formulário da Vigilancia Hospitalar - Start getting submission IDs
2026-02-25 09:00:08,173 [ForkJoinPool-9-worker-4] INFO  o.o.b.p.a.PullFromAggregateTracker - Pull Formulário da Vigilancia Hospitalar - Laboratório - Form downloaded
2026-02-25 09:00:08,173 [ForkJoinPool-9-worker-4] INFO  o.o.b.p.a.PullFromAggregateTracker - Pull Formulário da Vigilancia Hospitalar - Laboratório - Start getting submission IDs
2026-02-25 09:00:08,178 [AWT-EventQueue-0] INFO  XFormParser - Creating FormDef from parsed XML finished in 41.020 ms
2026-02-25 09:00:08,189 [ForkJoinPool-9-worker-2] INFO  o.o.b.p.a.PullFromAggregateTracker - Pull Formulário da Vigilancia Comunitaria - Got all the submission IDs
2026-02-25 09:00:08,213 [AWT-EventQueue-0] INFO  XFormParser - Reading XML and parsing with kXML2 finished in 24.473 ms
2026-02-25 09:00:08,216 [AWT-EventQueue-0] INFO  XFormParser - Consolidating text finished in 4.599 ms
2026-02-25 09:00:08,216 [AWT-EventQueue-0] INFO  XFormParser - Parsing form...
2026-02-25 09:00:08,216 [AWT-EventQueue-0] INFO  XFormParser - Title: "Formulário da Vigilancia Hospitalar"
2026-02-25 09:00:08,216 [AWT-EventQueue-0] WARN  XFormParser - XForm Parse Warning: Warning: 1 Unrecognized attributes found in Element [model] and will be ignored: [xforms-version] 
    Problem found at nodeset: /html/head/model
    With element <model xforms-version="1.0.0"><instance><data id="hospitalar_v4" version="1" prefix="hospitalar_v4" delimiter="$">...

2026-02-25 09:00:08,279 [ForkJoinPool-9-worker-2] INFO  o.o.b.p.a.PullFromAggregateTracker - Push Formulário da Vigilancia Comunitaria - There are no submissions to download
2026-02-25 09:00:08,284 [ForkJoinPool-9-worker-2] INFO  o.o.b.p.a.PullFromAggregateTracker - Pull Formulário da Vigilancia Comunitaria - Success
2026-02-25 09:00:08,297 [ForkJoinPool-9-worker-8] INFO  o.o.b.p.a.PullFromAggregateTracker - Pull Formulário da Vigilancia Hospitalar - Laboratório - Got all the submission IDs
2026-02-25 09:00:08,299 [AWT-EventQueue-0] INFO  XFormParser - Creating FormDef from parsed XML finished in 78.563 ms
2026-02-25 09:00:08,302 [ForkJoinPool-9-worker-8] INFO  o.o.b.p.a.PullFromAggregateTracker - Push Formulário da Vigilancia Hospitalar - Laboratório - There are no submissions to download
2026-02-25 09:00:08,303 [ForkJoinPool-9-worker-8] INFO  o.o.b.p.a.PullFromAggregateTracker - Pull Formulário da Vigilancia Hospitalar - Laboratório - Success
2026-02-25 09:00:08,304 [AWT-EventQueue-0] INFO  XFormParser - Reading XML and parsing with kXML2 finished in 1.140 ms
2026-02-25 09:00:08,304 [AWT-EventQueue-0] INFO  XFormParser - Consolidating text finished in 0.293 ms
2026-02-25 09:00:08,305 [AWT-EventQueue-0] INFO  XFormParser - Parsing form...
2026-02-25 09:00:08,305 [AWT-EventQueue-0] INFO  XFormParser - Title: "Formulário da Vigilancia Hospitalar - Laboratório"
2026-02-25 09:00:08,305 [AWT-EventQueue-0] WARN  XFormParser - XForm Parse Warning: Warning: 1 Unrecognized attributes found in Element [model] and will be ignored: [xforms-version] 
    Problem found at nodeset: /html/head/model
    With element <model xforms-version="1.0.0"><instance><data id="hospitalar_ib_v3" version="3" prefix="hospitalar_ib_v3" delimiter="$">...

2026-02-25 09:00:08,315 [AWT-EventQueue-0] INFO  XFormParser - Creating FormDef from parsed XML finished in 10.632 ms
2026-02-25 09:00:08,323 [AWT-EventQueue-0] INFO  XFormParser - Reading XML and parsing with kXML2 finished in 2.725 ms
2026-02-25 09:00:08,327 [AWT-EventQueue-0] INFO  XFormParser - Consolidating text finished in 1.228 ms
2026-02-25 09:00:08,327 [AWT-EventQueue-0] INFO  XFormParser - Parsing form...
2026-02-25 09:00:08,327 [AWT-EventQueue-0] INFO  XFormParser - Title: "Resultados de testagem das vigilâncias"
2026-02-25 09:00:08,329 [AWT-EventQueue-0] WARN  XFormParser - XForm Parse Warning: Warning: 1 Unrecognized attributes found in Element [model] and will be ignored: [xforms-version] 
    Problem found at nodeset: /html/head/model
    With element <model xforms-version="1.0.0"><instance><data id="hospitalar_LB_v2" version="2" prefix="Hospitalar LB_v2" delimiter="$">...

2026-02-25 09:00:08,369 [AWT-EventQueue-0] INFO  XFormParser - Creating FormDef from parsed XML finished in 40.047 ms
2026-02-25 09:00:08,378 [ForkJoinPool-9-worker-3] INFO  o.o.b.p.a.PullFromAggregateTracker - Pull Formulário da Vigilancia Hospitalar - Got all the submission IDs
2026-02-25 09:00:08,417 [ForkJoinPool-9-worker-11] INFO  o.o.b.p.a.PullFromAggregateTracker - Pull Resultados de testagem das vigilâncias - Got all the submission IDs
2026-02-25 09:00:08,417 [ForkJoinPool-9-worker-6] INFO  o.o.b.p.a.PullFromAggregateTracker - Pull Formulário da Vigilancia Hospitalar - Got all the submission IDs
2026-02-25 09:00:08,423 [ForkJoinPool-9-worker-11] INFO  o.o.b.p.a.PullFromAggregateTracker - Push Resultados de testagem das vigilâncias - There are no submissions to download
2026-02-25 09:00:08,423 [ForkJoinPool-9-worker-11] INFO  o.o.b.p.a.PullFromAggregateTracker - Pull Resultados de testagem das vigilâncias - Success
2026-02-25 09:00:08,472 [ForkJoinPool-9-worker-4] INFO  o.o.b.p.a.PullFromAggregateTracker - Pull Formulário da Vigilancia Hospitalar - Laboratório - Got all the submission IDs
2026-02-25 09:00:08,478 [ForkJoinPool-9-worker-4] INFO  o.o.b.p.a.PullFromAggregateTracker - Push Formulário da Vigilancia Hospitalar - Laboratório - There are no submissions to download
2026-02-25 09:00:08,480 [ForkJoinPool-9-worker-4] INFO  o.o.b.p.a.PullFromAggregateTracker - Pull Formulário da Vigilancia Hospitalar - Laboratório - Success
2026-02-25 09:00:08,484 [ForkJoinPool-9-worker-3] INFO  o.o.b.p.a.PullFromAggregateTracker - Push Formulário da Vigilancia Hospitalar - There are no submissions to download
2026-02-25 09:00:08,485 [ForkJoinPool-9-worker-3] INFO  o.o.b.p.a.PullFromAggregateTracker - Pull Formulário da Vigilancia Hospitalar - Success
2026-02-25 09:00:08,496 [ForkJoinPool-9-worker-6] INFO  o.o.b.p.a.PullFromAggregateTracker - Push Formulário da Vigilancia Hospitalar - There are no submissions to download
2026-02-25 09:00:08,496 [ForkJoinPool-9-worker-6] INFO  o.o.b.p.a.PullFromAggregateTracker - Pull Formulário da Vigilancia Hospitalar - Success
2026-02-25 09:00:08,534 [ForkJoinPool-9-worker-1] INFO  o.o.b.p.a.PullFromAggregateTracker - Pull Formulário da Vigilancia Comunitaria - Got all the submission IDs
2026-02-25 09:00:08,607 [ForkJoinPool-9-worker-3] INFO  o.o.b.p.a.PullFromAggregateTracker - Pull Formulário da Vigilancia Comunitaria - Start downloading submission 1 of 4
2026-02-25 09:00:08,611 [ForkJoinPool-9-worker-4] INFO  o.o.b.p.a.PullFromAggregateTracker - Pull Formulário da Vigilancia Comunitaria - Start downloading submission 2 of 4
2026-02-25 09:00:08,613 [ForkJoinPool-9-worker-6] INFO  o.o.b.p.a.PullFromAggregateTracker - Pull Formulário da Vigilancia Comunitaria - Start downloading submission 3 of 4
2026-02-25 09:00:08,611 [ForkJoinPool-9-worker-1] INFO  o.o.b.p.a.PullFromAggregateTracker - Pull Formulário da Vigilancia Comunitaria - Start downloading submission 4 of 4
2026-02-25 09:00:09,028 [ForkJoinPool-9-worker-6] INFO  o.o.b.p.a.PullFromAggregateTracker - Pull Formulário da Vigilancia Comunitaria - Submission 3 of 4 downloaded
2026-02-25 09:00:09,039 [ForkJoinPool-9-worker-4] INFO  o.o.b.p.a.PullFromAggregateTracker - Pull Formulário da Vigilancia Comunitaria - Submission 2 of 4 downloaded
2026-02-25 09:00:09,039 [ForkJoinPool-9-worker-3] INFO  o.o.b.p.a.PullFromAggregateTracker - Pull Formulário da Vigilancia Comunitaria - Submission 1 of 4 downloaded
2026-02-25 09:00:09,039 [ForkJoinPool-9-worker-1] INFO  o.o.b.p.a.PullFromAggregateTracker - Pull Formulário da Vigilancia Comunitaria - Submission 4 of 4 downloaded
2026-02-25 09:00:09,043 [ForkJoinPool-9-worker-1] INFO  o.o.b.p.a.PullFromAggregateTracker - Pull Formulário da Vigilancia Comunitaria - Success
2026-02-25 09:00:10,151 [ForkJoinPool-9-worker-10] INFO  o.o.b.p.a.PullFromAggregateTracker - Pull Formulário da Vigilancia Hospitalar - Form downloaded
2026-02-25 09:00:10,152 [ForkJoinPool-9-worker-10] INFO  o.o.b.p.a.PullFromAggregateTracker - Pull Formulário da Vigilancia Hospitalar - Start getting submission IDs
2026-02-25 09:00:10,407 [ForkJoinPool-9-worker-10] INFO  o.o.b.p.a.PullFromAggregateTracker - Pull Formulário da Vigilancia Hospitalar - Got all the submission IDs
2026-02-25 09:00:10,479 [ForkJoinPool-9-worker-10] INFO  o.o.b.p.a.PullFromAggregateTracker - Push Formulário da Vigilancia Hospitalar - There are no submissions to download
2026-02-25 09:00:10,481 [ForkJoinPool-9-worker-10] INFO  o.o.b.p.a.PullFromAggregateTracker - Pull Formulário da Vigilancia Hospitalar - Success
2026-02-25 09:00:10,566 [AWT-EventQueue-0] INFO  XFormParser - Reading XML and parsing with kXML2 finished in 16.212 ms
2026-02-25 09:00:10,573 [AWT-EventQueue-0] INFO  XFormParser - Consolidating text finished in 6.836 ms
2026-02-25 09:00:10,573 [AWT-EventQueue-0] INFO  XFormParser - Parsing form...
2026-02-25 09:00:10,573 [AWT-EventQueue-0] INFO  XFormParser - Title: "Formulário da Vigilancia Hospitalar"
2026-02-25 09:00:10,573 [AWT-EventQueue-0] WARN  XFormParser - XForm Parse Warning: Warning: 1 Unrecognized attributes found in Element [model] and will be ignored: [xforms-version] 
    Problem found at nodeset: /html/head/model
    With element <model xforms-version="1.0.0"><instance><data id="hospitalar_v6" version="6" prefix="hospitalar_v6" delimiter="$">...

2026-02-25 09:00:10,643 [AWT-EventQueue-0] INFO  XFormParser - Creating FormDef from parsed XML finished in 70.190 ms
2026-02-25 09:00:20,462 [ForkJoinPool-10-worker-9] INFO  o.o.b.p.a.PullFromAggregateTracker - Pull Formulário da Vigilancia Hospitalar - Start pulling form and submissions
2026-02-25 09:00:20,462 [ForkJoinPool-10-worker-2] INFO  o.o.b.p.a.PullFromAggregateTracker - Pull Formulário da Vigilancia Hospitalar - Laboratório - Start pulling form and submissions
2026-02-25 09:00:20,464 [ForkJoinPool-10-worker-11] INFO  o.o.b.p.a.PullFromAggregateTracker - Pull Formulário da Vigilancia Hospitalar - Start pulling form and submissions
2026-02-25 09:00:20,464 [ForkJoinPool-10-worker-4] INFO  o.o.b.p.a.PullFromAggregateTracker - Pull Formulário da Vigilancia Comunitaria - Start pulling form and submissions
2026-02-25 09:00:20,464 [ForkJoinPool-10-worker-6] INFO  o.o.b.p.a.PullFromAggregateTracker - Pull VIGILÂNCIA  AMBIENTAL - Start pulling form and submissions
2026-02-25 09:00:20,466 [ForkJoinPool-10-worker-15] INFO  o.o.b.p.a.PullFromAggregateTracker - Pull Formulário da Recepção da Amostra - Start pulling form and submissions
2026-02-25 09:00:20,466 [ForkJoinPool-10-worker-6] INFO  o.o.b.p.a.PullFromAggregateTracker - Pull VIGILÂNCIA  AMBIENTAL - Start downloading form
2026-02-25 09:00:20,466 [ForkJoinPool-10-worker-4] INFO  o.o.b.p.a.PullFromAggregateTracker - Pull Formulário da Vigilancia Comunitaria - Start downloading form
2026-02-25 09:00:20,466 [ForkJoinPool-10-worker-9] INFO  o.o.b.p.a.PullFromAggregateTracker - Pull Formulário da Vigilancia Hospitalar - Start downloading form
2026-02-25 09:00:20,466 [ForkJoinPool-10-worker-13] INFO  o.o.b.p.a.PullFromAggregateTracker - Pull Resultados de testagem das vigilâncias - Start pulling form and submissions
2026-02-25 09:00:20,467 [ForkJoinPool-10-worker-15] INFO  o.o.b.p.a.PullFromAggregateTracker - Pull Formulário da Recepção da Amostra - Start downloading form
2026-02-25 09:00:20,466 [ForkJoinPool-10-worker-11] INFO  o.o.b.p.a.PullFromAggregateTracker - Pull Formulário da Vigilancia Hospitalar - Start downloading form
2026-02-25 09:00:20,466 [ForkJoinPool-10-worker-2] INFO  o.o.b.p.a.PullFromAggregateTracker - Pull Formulário da Vigilancia Hospitalar - Laboratório - Start downloading form
2026-02-25 09:00:20,467 [ForkJoinPool-10-worker-13] INFO  o.o.b.p.a.PullFromAggregateTracker - Pull Resultados de testagem das vigilâncias - Start downloading form
2026-02-25 09:00:20,467 [ForkJoinPool-10-worker-1] INFO  o.o.b.p.a.PullFromAggregateTracker - Pull Formulario da  Componente  Genomica (IDS) - Start pulling form and submissions
2026-02-25 09:00:20,467 [ForkJoinPool-10-worker-8] INFO  o.o.b.p.a.PullFromAggregateTracker - Pull Formulário da Vigilancia Hospitalar - Start pulling form and submissions
2026-02-25 09:00:20,469 [ForkJoinPool-10-worker-10] INFO  o.o.b.p.a.PullFromAggregateTracker - Pull Formulário da Vigilancia Comunitaria - Start pulling form and submissions
2026-02-25 09:00:20,471 [ForkJoinPool-10-worker-3] INFO  o.o.b.p.a.PullFromAggregateTracker - Pull Formulário da Vigilancia Hospitalar - Laboratório - Start pulling form and submissions
2026-02-25 09:00:20,472 [ForkJoinPool-10-worker-10] INFO  o.o.b.p.a.PullFromAggregateTracker - Pull Formulário da Vigilancia Comunitaria - Start downloading form
2026-02-25 09:00:20,471 [ForkJoinPool-10-worker-8] INFO  o.o.b.p.a.PullFromAggregateTracker - Pull Formulário da Vigilancia Hospitalar - Start downloading form
2026-02-25 09:00:20,469 [ForkJoinPool-10-worker-1] INFO  o.o.b.p.a.PullFromAggregateTracker - Pull Formulario da  Componente  Genomica (IDS) - Start downloading form
2026-02-25 09:00:20,472 [ForkJoinPool-10-worker-3] INFO  o.o.b.p.a.PullFromAggregateTracker - Pull Formulário da Vigilancia Hospitalar - Laboratório - Start downloading form
2026-02-25 09:00:20,748 [ForkJoinPool-10-worker-15] INFO  o.o.b.p.a.PullFromAggregateTracker - Pull Formulário da Recepção da Amostra - Form downloaded
2026-02-25 09:00:20,750 [ForkJoinPool-10-worker-15] INFO  o.o.b.p.a.PullFromAggregateTracker - Pull Formulário da Recepção da Amostra - Start getting form manifest
2026-02-25 09:00:20,765 [ForkJoinPool-10-worker-2] INFO  o.o.b.p.a.PullFromAggregateTracker - Pull Formulário da Vigilancia Hospitalar - Laboratório - Form downloaded
2026-02-25 09:00:20,766 [ForkJoinPool-10-worker-2] INFO  o.o.b.p.a.PullFromAggregateTracker - Pull Formulário da Vigilancia Hospitalar - Laboratório - Start getting form manifest
2026-02-25 09:00:20,970 [ForkJoinPool-10-worker-6] INFO  o.o.b.p.a.PullFromAggregateTracker - Pull VIGILÂNCIA  AMBIENTAL - Form downloaded
2026-02-25 09:00:20,970 [ForkJoinPool-10-worker-6] INFO  o.o.b.p.a.PullFromAggregateTracker - Pull VIGILÂNCIA  AMBIENTAL - Start getting form manifest
2026-02-25 09:00:21,219 [ForkJoinPool-10-worker-1] INFO  o.o.b.p.a.PullFromAggregateTracker - Pull Formulario da  Componente  Genomica (IDS) - Form downloaded
2026-02-25 09:00:21,219 [ForkJoinPool-10-worker-1] INFO  o.o.b.p.a.PullFromAggregateTracker - Pull Formulario da  Componente  Genomica (IDS) - Start getting submission IDs
2026-02-25 09:00:21,233 [ForkJoinPool-10-worker-3] INFO  o.o.b.p.a.PullFromAggregateTracker - Pull Formulário da Vigilancia Hospitalar - Laboratório - Form downloaded
2026-02-25 09:00:21,233 [ForkJoinPool-10-worker-3] INFO  o.o.b.p.a.PullFromAggregateTracker - Pull Formulário da Vigilancia Hospitalar - Laboratório - Start getting submission IDs
2026-02-25 09:00:21,483 [ForkJoinPool-10-worker-15] INFO  o.o.b.p.a.PullFromAggregateTracker - Pull Formulário da Recepção da Amostra - Got the form manifest
2026-02-25 09:00:21,484 [ForkJoinPool-10-worker-15] INFO  o.o.b.p.a.PullFromAggregateTracker - Pull Formulário da Recepção da Amostra - Skipping 1 form attachments that have been already downloaded
2026-02-25 09:00:21,484 [ForkJoinPool-10-worker-15] INFO  o.o.b.p.a.PullFromAggregateTracker - Pull Formulário da Recepção da Amostra - Start getting submission IDs
2026-02-25 09:00:21,497 [ForkJoinPool-10-worker-2] INFO  o.o.b.p.a.PullFromAggregateTracker - Pull Formulário da Vigilancia Hospitalar - Laboratório - Got the form manifest
2026-02-25 09:00:21,498 [ForkJoinPool-10-worker-2] INFO  o.o.b.p.a.PullFromAggregateTracker - Pull Formulário da Vigilancia Hospitalar - Laboratório - Skipping 1 form attachments that have been already downloaded
2026-02-25 09:00:21,498 [ForkJoinPool-10-worker-2] INFO  o.o.b.p.a.PullFromAggregateTracker - Pull Formulário da Vigilancia Hospitalar - Laboratório - Start getting submission IDs
2026-02-25 09:00:21,678 [ForkJoinPool-10-worker-13] INFO  o.o.b.p.a.PullFromAggregateTracker - Pull Resultados de testagem das vigilâncias - Form downloaded
2026-02-25 09:00:21,678 [ForkJoinPool-10-worker-13] INFO  o.o.b.p.a.PullFromAggregateTracker - Pull Resultados de testagem das vigilâncias - Start getting form manifest
2026-02-25 09:00:21,701 [ForkJoinPool-10-worker-9] INFO  o.o.b.p.a.PullFromAggregateTracker - Pull Formulário da Vigilancia Hospitalar - Form downloaded
2026-02-25 09:00:21,702 [ForkJoinPool-10-worker-9] INFO  o.o.b.p.a.PullFromAggregateTracker - Pull Formulário da Vigilancia Hospitalar - Start getting form manifest
2026-02-25 09:00:21,746 [ForkJoinPool-10-worker-1] INFO  o.o.b.p.a.PullFromAggregateTracker - Pull Formulario da  Componente  Genomica (IDS) - Got all the submission IDs
2026-02-25 09:00:21,750 [ForkJoinPool-10-worker-6] INFO  o.o.b.p.a.PullFromAggregateTracker - Pull VIGILÂNCIA  AMBIENTAL - Got the form manifest
2026-02-25 09:00:21,750 [ForkJoinPool-10-worker-6] INFO  o.o.b.p.a.PullFromAggregateTracker - Pull VIGILÂNCIA  AMBIENTAL - Skipping 1 form attachments that have been already downloaded
2026-02-25 09:00:21,750 [ForkJoinPool-10-worker-6] INFO  o.o.b.p.a.PullFromAggregateTracker - Pull VIGILÂNCIA  AMBIENTAL - Start getting submission IDs
2026-02-25 09:00:21,757 [ForkJoinPool-10-worker-1] INFO  o.o.b.p.a.PullFromAggregateTracker - Push Formulario da  Componente  Genomica (IDS) - There are no submissions to download
2026-02-25 09:00:21,767 [ForkJoinPool-10-worker-1] INFO  o.o.b.p.a.PullFromAggregateTracker - Pull Formulario da  Componente  Genomica (IDS) - Success
2026-02-25 09:00:21,769 [ForkJoinPool-10-worker-1] INFO  o.o.b.p.a.PullFromAggregateTracker - Pull Formulário da Vigilancia Hospitalar - Start pulling form and submissions
2026-02-25 09:00:21,769 [ForkJoinPool-10-worker-1] INFO  o.o.b.p.a.PullFromAggregateTracker - Pull Formulário da Vigilancia Hospitalar - Start downloading form
2026-02-25 09:00:21,827 [AWT-EventQueue-0] INFO  XFormParser - Reading XML and parsing with kXML2 finished in 12.053 ms
2026-02-25 09:00:21,838 [AWT-EventQueue-0] INFO  XFormParser - Consolidating text finished in 11.436 ms
2026-02-25 09:00:21,838 [AWT-EventQueue-0] INFO  XFormParser - Parsing form...
2026-02-25 09:00:21,838 [AWT-EventQueue-0] INFO  XFormParser - Title: "Formulário da Vigilancia Hospitalar"
2026-02-25 09:00:21,838 [AWT-EventQueue-0] WARN  XFormParser - XForm Parse Warning: Warning: 1 Unrecognized attributes found in Element [model] and will be ignored: [xforms-version] 
    Problem found at nodeset: /html/head/model
    With element <model xforms-version="1.0.0"><instance><data id="hospitalar" version="1" prefix="Hospitalar" delimiter="$">...

2026-02-25 09:00:21,874 [AWT-EventQueue-0] INFO  XFormParser - Creating FormDef from parsed XML finished in 40.308 ms
2026-02-25 09:00:21,882 [AWT-EventQueue-0] INFO  XFormParser - Reading XML and parsing with kXML2 finished in 0.477 ms
2026-02-25 09:00:21,888 [AWT-EventQueue-0] INFO  XFormParser - Consolidating text finished in 5.876 ms
2026-02-25 09:00:21,888 [AWT-EventQueue-0] INFO  XFormParser - Parsing form...
2026-02-25 09:00:21,888 [AWT-EventQueue-0] INFO  XFormParser - Title: "Formulário da Vigilancia Hospitalar - Laboratório"
2026-02-25 09:00:21,888 [AWT-EventQueue-0] WARN  XFormParser - XForm Parse Warning: Warning: 1 Unrecognized attributes found in Element [model] and will be ignored: [xforms-version] 
    Problem found at nodeset: /html/head/model
    With element <model xforms-version="1.0.0"><instance><data id="hospitalar_ib_v1" version="2" prefix="Hospitalar LB" delimiter="$">...

2026-02-25 09:00:21,898 [AWT-EventQueue-0] INFO  XFormParser - Creating FormDef from parsed XML finished in 10.102 ms
2026-02-25 09:00:21,901 [ForkJoinPool-10-worker-3] INFO  o.o.b.p.a.PullFromAggregateTracker - Pull Formulário da Vigilancia Hospitalar - Laboratório - Got all the submission IDs
2026-02-25 09:00:21,912 [ForkJoinPool-10-worker-11] INFO  o.o.b.p.a.PullFromAggregateTracker - Pull Formulário da Vigilancia Hospitalar - Form downloaded
2026-02-25 09:00:21,913 [ForkJoinPool-10-worker-11] INFO  o.o.b.p.a.PullFromAggregateTracker - Pull Formulário da Vigilancia Hospitalar - Start getting form manifest
2026-02-25 09:00:21,915 [ForkJoinPool-10-worker-3] INFO  o.o.b.p.a.PullFromAggregateTracker - Push Formulário da Vigilancia Hospitalar - Laboratório - There are no submissions to download
2026-02-25 09:00:21,917 [ForkJoinPool-10-worker-3] INFO  o.o.b.p.a.PullFromAggregateTracker - Pull Formulário da Vigilancia Hospitalar - Laboratório - Success
2026-02-25 09:00:21,919 [ForkJoinPool-10-worker-3] INFO  o.o.b.p.a.PullFromAggregateTracker - Pull VIGILÂNCIA  AMBIENTAL - Start pulling form and submissions
2026-02-25 09:00:21,919 [ForkJoinPool-10-worker-3] INFO  o.o.b.p.a.PullFromAggregateTracker - Pull VIGILÂNCIA  AMBIENTAL - Start downloading form
2026-02-25 09:00:21,935 [AWT-EventQueue-0] INFO  XFormParser - Reading XML and parsing with kXML2 finished in 8.209 ms
2026-02-25 09:00:21,939 [AWT-EventQueue-0] INFO  XFormParser - Consolidating text finished in 3.702 ms
2026-02-25 09:00:21,939 [AWT-EventQueue-0] INFO  XFormParser - Parsing form...
2026-02-25 09:00:21,939 [AWT-EventQueue-0] INFO  XFormParser - Title: "Resultados de testagem das vigilâncias"
2026-02-25 09:00:21,940 [AWT-EventQueue-0] WARN  XFormParser - XForm Parse Warning: Warning: 1 Unrecognized attributes found in Element [model] and will be ignored: [xforms-version] 
    Problem found at nodeset: /html/head/model
    With element <model xforms-version="1.0.0"><instance><data id="hospitalar_LB" version="13" prefix="Hospitalar LB" delimiter="$">...

2026-02-25 09:00:22,003 [ForkJoinPool-10-worker-15] INFO  o.o.b.p.a.PullFromAggregateTracker - Pull Formulário da Recepção da Amostra - Got all the submission IDs
2026-02-25 09:00:22,003 [ForkJoinPool-10-worker-2] INFO  o.o.b.p.a.PullFromAggregateTracker - Pull Formulário da Vigilancia Hospitalar - Laboratório - Got all the submission IDs
2026-02-25 09:00:22,005 [ForkJoinPool-10-worker-13] INFO  o.o.b.p.a.PullFromAggregateTracker - Pull Resultados de testagem das vigilâncias - Got the form manifest
2026-02-25 09:00:22,005 [ForkJoinPool-10-worker-13] INFO  o.o.b.p.a.PullFromAggregateTracker - Pull Resultados de testagem das vigilâncias - Skipping 1 form attachments that have been already downloaded
2026-02-25 09:00:22,005 [ForkJoinPool-10-worker-13] INFO  o.o.b.p.a.PullFromAggregateTracker - Pull Resultados de testagem das vigilâncias - Start getting submission IDs
2026-02-25 09:00:22,005 [ForkJoinPool-10-worker-15] INFO  o.o.b.p.a.PullFromAggregateTracker - Push Formulário da Recepção da Amostra - There are no submissions to download
2026-02-25 09:00:22,007 [ForkJoinPool-10-worker-2] INFO  o.o.b.p.a.PullFromAggregateTracker - Push Formulário da Vigilancia Hospitalar - Laboratório - There are no submissions to download
2026-02-25 09:00:22,009 [ForkJoinPool-10-worker-15] INFO  o.o.b.p.a.PullFromAggregateTracker - Pull Formulário da Recepção da Amostra - Success
2026-02-25 09:00:22,009 [ForkJoinPool-10-worker-2] INFO  o.o.b.p.a.PullFromAggregateTracker - Pull Formulário da Vigilancia Hospitalar - Laboratório - Success
2026-02-25 09:00:22,033 [ForkJoinPool-10-worker-15] INFO  o.o.b.p.a.PullFromAggregateTracker - Pull VIGILÂNCIA  AMBIENTAL - Start pulling form and submissions
2026-02-25 09:00:22,033 [ForkJoinPool-10-worker-2] INFO  o.o.b.p.a.PullFromAggregateTracker - Pull Formulário da Vigilancia Comunitaria - Start pulling form and submissions
2026-02-25 09:00:22,033 [ForkJoinPool-10-worker-15] INFO  o.o.b.p.a.PullFromAggregateTracker - Pull VIGILÂNCIA  AMBIENTAL - Start downloading form
2026-02-25 09:00:22,033 [ForkJoinPool-10-worker-2] INFO  o.o.b.p.a.PullFromAggregateTracker - Pull Formulário da Vigilancia Comunitaria - Start downloading form
2026-02-25 09:00:22,039 [AWT-EventQueue-0] INFO  XFormParser - Creating FormDef from parsed XML finished in 98.358 ms
2026-02-25 09:00:22,047 [AWT-EventQueue-0] INFO  XFormParser - Reading XML and parsing with kXML2 finished in 3.653 ms
2026-02-25 09:00:22,048 [AWT-EventQueue-0] INFO  XFormParser - Consolidating text finished in 2.083 ms
2026-02-25 09:00:22,050 [AWT-EventQueue-0] INFO  XFormParser - Parsing form...
2026-02-25 09:00:22,050 [AWT-EventQueue-0] INFO  XFormParser - Title: "VIGILÂNCIA  AMBIENTAL"
2026-02-25 09:00:22,050 [AWT-EventQueue-0] WARN  XFormParser - XForm Parse Warning: Warning: 1 Unrecognized attributes found in Element [model] and will be ignored: [xforms-version] 
    Problem found at nodeset: /html/head/model
    With element <model xforms-version="1.0.0"><instance><data id="VIGILÂNCIA  AMBIENTAL" version="1" prefix="VIGILÂNCIA  AMBIENTAL" delimiter="$">...

2026-02-25 09:00:22,063 [ForkJoinPool-10-worker-10] INFO  o.o.b.p.a.PullFromAggregateTracker - Pull Formulário da Vigilancia Comunitaria - Form downloaded
2026-02-25 09:00:22,064 [AWT-EventQueue-0] INFO  XFormParser - Creating FormDef from parsed XML finished in 13.494 ms
2026-02-25 09:00:22,064 [ForkJoinPool-10-worker-10] INFO  o.o.b.p.a.PullFromAggregateTracker - Pull Formulário da Vigilancia Comunitaria - Start getting submission IDs
2026-02-25 09:00:22,107 [ForkJoinPool-10-worker-9] INFO  o.o.b.p.a.PullFromAggregateTracker - Pull Formulário da Vigilancia Hospitalar - Got the form manifest
2026-02-25 09:00:22,107 [ForkJoinPool-10-worker-9] INFO  o.o.b.p.a.PullFromAggregateTracker - Pull Formulário da Vigilancia Hospitalar - Skipping 1 form attachments that have been already downloaded
2026-02-25 09:00:22,107 [ForkJoinPool-10-worker-9] INFO  o.o.b.p.a.PullFromAggregateTracker - Pull Formulário da Vigilancia Hospitalar - Start getting submission IDs
2026-02-25 09:00:22,135 [ForkJoinPool-10-worker-6] INFO  o.o.b.p.a.PullFromAggregateTracker - Pull VIGILÂNCIA  AMBIENTAL - Got all the submission IDs
2026-02-25 09:00:22,141 [ForkJoinPool-10-worker-6] INFO  o.o.b.p.a.PullFromAggregateTracker - Push VIGILÂNCIA  AMBIENTAL - There are no submissions to download
2026-02-25 09:00:22,143 [ForkJoinPool-10-worker-6] INFO  o.o.b.p.a.PullFromAggregateTracker - Pull VIGILÂNCIA  AMBIENTAL - Success
2026-02-25 09:00:22,143 [ForkJoinPool-10-worker-6] INFO  o.o.b.p.a.PullFromAggregateTracker - Pull Formulário da Vigilancia Hospitalar - Start pulling form and submissions
2026-02-25 09:00:22,143 [ForkJoinPool-10-worker-6] INFO  o.o.b.p.a.PullFromAggregateTracker - Pull Formulário da Vigilancia Hospitalar - Start downloading form
2026-02-25 09:00:22,155 [AWT-EventQueue-0] INFO  XFormParser - Reading XML and parsing with kXML2 finished in 11.883 ms
2026-02-25 09:00:22,159 [AWT-EventQueue-0] INFO  XFormParser - Consolidating text finished in 4.716 ms
2026-02-25 09:00:22,159 [AWT-EventQueue-0] INFO  XFormParser - Parsing form...
2026-02-25 09:00:22,159 [AWT-EventQueue-0] INFO  XFormParser - Title: "Formulário da Vigilancia Comunitaria"
2026-02-25 09:00:22,159 [AWT-EventQueue-0] WARN  XFormParser - XForm Parse Warning: Warning: 1 Unrecognized attributes found in Element [model] and will be ignored: [xforms-version] 
    Problem found at nodeset: /html/head/model
    With element <model xforms-version="1.0.0"><instance><data id="Comunidade_v2" version="2" prefix="Comunidade_v2" delimiter="$">...

2026-02-25 09:00:22,296 [ForkJoinPool-10-worker-13] INFO  o.o.b.p.a.PullFromAggregateTracker - Pull Resultados de testagem das vigilâncias - Got all the submission IDs
2026-02-25 09:00:22,296 [ForkJoinPool-10-worker-11] INFO  o.o.b.p.a.PullFromAggregateTracker - Pull Formulário da Vigilancia Hospitalar - Got the form manifest
2026-02-25 09:00:22,298 [ForkJoinPool-10-worker-11] INFO  o.o.b.p.a.PullFromAggregateTracker - Pull Formulário da Vigilancia Hospitalar - Skipping 1 form attachments that have been already downloaded
2026-02-25 09:00:22,298 [ForkJoinPool-10-worker-11] INFO  o.o.b.p.a.PullFromAggregateTracker - Pull Formulário da Vigilancia Hospitalar - Start getting submission IDs
2026-02-25 09:00:22,301 [ForkJoinPool-10-worker-3] INFO  o.o.b.p.a.PullFromAggregateTracker - Pull VIGILÂNCIA  AMBIENTAL - Form downloaded
2026-02-25 09:00:22,303 [ForkJoinPool-10-worker-3] INFO  o.o.b.p.a.PullFromAggregateTracker - Pull VIGILÂNCIA  AMBIENTAL - Start getting submission IDs
2026-02-25 09:00:22,310 [ForkJoinPool-10-worker-8] INFO  o.o.b.p.a.PullFromAggregateTracker - Pull Formulário da Vigilancia Hospitalar - Form downloaded
2026-02-25 09:00:22,312 [ForkJoinPool-10-worker-8] INFO  o.o.b.p.a.PullFromAggregateTracker - Pull Formulário da Vigilancia Hospitalar - Start getting form manifest
2026-02-25 09:00:22,317 [AWT-EventQueue-0] INFO  XFormParser - Creating FormDef from parsed XML finished in 157.976 ms
2026-02-25 09:00:22,331 [ForkJoinPool-10-worker-13] INFO  o.o.b.p.a.PullFromAggregateTracker - Push Resultados de testagem das vigilâncias - There are no submissions to download
2026-02-25 09:00:22,333 [ForkJoinPool-10-worker-13] INFO  o.o.b.p.a.PullFromAggregateTracker - Pull Resultados de testagem das vigilâncias - Success
2026-02-25 09:00:22,335 [ForkJoinPool-10-worker-13] INFO  o.o.b.p.a.PullFromAggregateTracker - Pull VIGILÂNCIA  AMBIENTAL - Start pulling form and submissions
2026-02-25 09:00:22,335 [ForkJoinPool-10-worker-13] INFO  o.o.b.p.a.PullFromAggregateTracker - Pull VIGILÂNCIA  AMBIENTAL - Start downloading form
2026-02-25 09:00:22,352 [AWT-EventQueue-0] INFO  XFormParser - Reading XML and parsing with kXML2 finished in 18.309 ms
2026-02-25 09:00:22,359 [AWT-EventQueue-0] INFO  XFormParser - Consolidating text finished in 5.727 ms
2026-02-25 09:00:22,359 [AWT-EventQueue-0] INFO  XFormParser - Parsing form...
2026-02-25 09:00:22,359 [AWT-EventQueue-0] INFO  XFormParser - Title: "Formulário da Vigilancia Hospitalar"
2026-02-25 09:00:22,359 [AWT-EventQueue-0] WARN  XFormParser - XForm Parse Warning: Warning: 1 Unrecognized attributes found in Element [model] and will be ignored: [xforms-version] 
    Problem found at nodeset: /html/head/model
    With element <model xforms-version="1.0.0"><instance><data id="hospitalar_v2" version="1" prefix="Hospitalar" delimiter="$">...

2026-02-25 09:00:22,373 [ForkJoinPool-10-worker-15] INFO  o.o.b.p.a.PullFromAggregateTracker - Pull VIGILÂNCIA  AMBIENTAL - Form downloaded
2026-02-25 09:00:22,374 [ForkJoinPool-10-worker-15] INFO  o.o.b.p.a.PullFromAggregateTracker - Pull VIGILÂNCIA  AMBIENTAL - Start getting submission IDs
2026-02-25 09:00:22,402 [AWT-EventQueue-0] INFO  XFormParser - Creating FormDef from parsed XML finished in 43.731 ms
2026-02-25 09:00:22,417 [AWT-EventQueue-0] INFO  XFormParser - Reading XML and parsing with kXML2 finished in 5.054 ms
2026-02-25 09:00:22,417 [AWT-EventQueue-0] INFO  XFormParser - Consolidating text finished in 0.603 ms
2026-02-25 09:00:22,417 [AWT-EventQueue-0] INFO  XFormParser - Parsing form...
2026-02-25 09:00:22,417 [AWT-EventQueue-0] INFO  XFormParser - Title: "VIGILÂNCIA  AMBIENTAL"
2026-02-25 09:00:22,417 [AWT-EventQueue-0] WARN  XFormParser - XForm Parse Warning: Warning: 1 Unrecognized attributes found in Element [model] and will be ignored: [xforms-version] 
    Problem found at nodeset: /html/head/model
    With element <model xforms-version="1.0.0"><instance><data id="VIGILÂNCIA  AMBIENTAL_v3" version="3" prefix="VIGILÂNCIA  AMBIENTAL_v3" delimiter="$">...

2026-02-25 09:00:22,423 [AWT-EventQueue-0] INFO  XFormParser - Creating FormDef from parsed XML finished in 3.179 ms
2026-02-25 09:00:22,517 [ForkJoinPool-10-worker-1] INFO  o.o.b.p.a.PullFromAggregateTracker - Pull Formulário da Vigilancia Hospitalar - Form downloaded
2026-02-25 09:00:22,517 [ForkJoinPool-10-worker-9] INFO  o.o.b.p.a.PullFromAggregateTracker - Pull Formulário da Vigilancia Hospitalar - Got all the submission IDs
2026-02-25 09:00:22,517 [ForkJoinPool-10-worker-10] INFO  o.o.b.p.a.PullFromAggregateTracker - Pull Formulário da Vigilancia Comunitaria - Got all the submission IDs
2026-02-25 09:00:22,517 [ForkJoinPool-10-worker-1] INFO  o.o.b.p.a.PullFromAggregateTracker - Pull Formulário da Vigilancia Hospitalar - Start getting submission IDs
2026-02-25 09:00:22,528 [ForkJoinPool-10-worker-11] INFO  o.o.b.p.a.PullFromAggregateTracker - Pull Formulário da Vigilancia Hospitalar - Got all the submission IDs
2026-02-25 09:00:22,572 [AWT-EventQueue-0] INFO  XFormParser - Reading XML and parsing with kXML2 finished in 49.014 ms
2026-02-25 09:00:22,580 [AWT-EventQueue-0] INFO  XFormParser - Consolidating text finished in 6.823 ms
2026-02-25 09:00:22,580 [AWT-EventQueue-0] INFO  XFormParser - Parsing form...
2026-02-25 09:00:22,580 [AWT-EventQueue-0] INFO  XFormParser - Title: "Formulário da Vigilancia Hospitalar"
2026-02-25 09:00:22,580 [AWT-EventQueue-0] WARN  XFormParser - XForm Parse Warning: Warning: 1 Unrecognized attributes found in Element [model] and will be ignored: [xforms-version] 
    Problem found at nodeset: /html/head/model
    With element <model xforms-version="1.0.0"><instance><data id="hospitalar_v3" version="3" prefix="Hospitalar_v3" delimiter="$">...

2026-02-25 09:00:22,610 [ForkJoinPool-10-worker-3] INFO  o.o.b.p.a.PullFromAggregateTracker - Pull VIGILÂNCIA  AMBIENTAL - Got all the submission IDs
2026-02-25 09:00:22,619 [ForkJoinPool-10-worker-3] INFO  o.o.b.p.a.PullFromAggregateTracker - Push VIGILÂNCIA  AMBIENTAL - There are no submissions to download
2026-02-25 09:00:22,637 [ForkJoinPool-10-worker-3] INFO  o.o.b.p.a.PullFromAggregateTracker - Pull VIGILÂNCIA  AMBIENTAL - Success
2026-02-25 09:00:22,642 [ForkJoinPool-10-worker-3] INFO  o.o.b.p.a.PullFromAggregateTracker - Pull Formulário da Vigilancia Comunitaria - Start pulling form and submissions
2026-02-25 09:00:22,642 [ForkJoinPool-10-worker-3] INFO  o.o.b.p.a.PullFromAggregateTracker - Pull Formulário da Vigilancia Comunitaria - Start downloading form
2026-02-25 09:00:22,662 [ForkJoinPool-10-worker-9] INFO  o.o.b.p.a.PullFromAggregateTracker - Push Formulário da Vigilancia Hospitalar - There are no submissions to download
2026-02-25 09:00:22,662 [ForkJoinPool-10-worker-10] INFO  o.o.b.p.a.PullFromAggregateTracker - Push Formulário da Vigilancia Comunitaria - There are no submissions to download
2026-02-25 09:00:22,666 [ForkJoinPool-10-worker-4] INFO  o.o.b.p.a.PullFromAggregateTracker - Pull Formulário da Vigilancia Comunitaria - Form downloaded
2026-02-25 09:00:22,667 [ForkJoinPool-10-worker-4] INFO  o.o.b.p.a.PullFromAggregateTracker - Pull Formulário da Vigilancia Comunitaria - Start getting form manifest
2026-02-25 09:00:22,667 [ForkJoinPool-10-worker-11] INFO  o.o.b.p.a.PullFromAggregateTracker - Push Formulário da Vigilancia Hospitalar - There are no submissions to download
2026-02-25 09:00:22,684 [AWT-EventQueue-0] INFO  XFormParser - Creating FormDef from parsed XML finished in 103.364 ms
2026-02-25 09:00:22,694 [ForkJoinPool-10-worker-9] INFO  o.o.b.p.a.PullFromAggregateTracker - Pull Formulário da Vigilancia Hospitalar - Success
2026-02-25 09:00:22,694 [ForkJoinPool-10-worker-10] INFO  o.o.b.p.a.PullFromAggregateTracker - Pull Formulário da Vigilancia Comunitaria - Success
2026-02-25 09:00:22,696 [ForkJoinPool-10-worker-9] INFO  o.o.b.p.a.PullFromAggregateTracker - Pull Formulário da Vigilancia Hospitalar - Start pulling form and submissions
2026-02-25 09:00:22,696 [ForkJoinPool-10-worker-9] INFO  o.o.b.p.a.PullFromAggregateTracker - Pull Formulário da Vigilancia Hospitalar - Start downloading form
2026-02-25 09:00:22,696 [ForkJoinPool-10-worker-10] INFO  o.o.b.p.a.PullFromAggregateTracker - Pull Resultados de testagem das vigilâncias - Start pulling form and submissions
2026-02-25 09:00:22,696 [ForkJoinPool-10-worker-10] INFO  o.o.b.p.a.PullFromAggregateTracker - Pull Resultados de testagem das vigilâncias - Start downloading form
2026-02-25 09:00:22,698 [ForkJoinPool-10-worker-11] INFO  o.o.b.p.a.PullFromAggregateTracker - Pull Formulário da Vigilancia Hospitalar - Success
2026-02-25 09:00:22,698 [ForkJoinPool-10-worker-11] INFO  o.o.b.p.a.PullFromAggregateTracker - Pull Formulário da Vigilancia Hospitalar - Start pulling form and submissions
2026-02-25 09:00:22,698 [ForkJoinPool-10-worker-11] INFO  o.o.b.p.a.PullFromAggregateTracker - Pull Formulário da Vigilancia Hospitalar - Start downloading form
2026-02-25 09:00:22,772 [ForkJoinPool-10-worker-15] INFO  o.o.b.p.a.PullFromAggregateTracker - Pull VIGILÂNCIA  AMBIENTAL - Got all the submission IDs
2026-02-25 09:00:22,774 [ForkJoinPool-10-worker-8] INFO  o.o.b.p.a.PullFromAggregateTracker - Pull Formulário da Vigilancia Hospitalar - Got the form manifest
2026-02-25 09:00:22,774 [ForkJoinPool-10-worker-8] INFO  o.o.b.p.a.PullFromAggregateTracker - Pull Formulário da Vigilancia Hospitalar - Skipping 1 form attachments that have been already downloaded
2026-02-25 09:00:22,774 [ForkJoinPool-10-worker-8] INFO  o.o.b.p.a.PullFromAggregateTracker - Pull Formulário da Vigilancia Hospitalar - Start getting submission IDs
2026-02-25 09:00:22,784 [ForkJoinPool-10-worker-13] INFO  o.o.b.p.a.PullFromAggregateTracker - Pull VIGILÂNCIA  AMBIENTAL - Form downloaded
2026-02-25 09:00:22,784 [ForkJoinPool-10-worker-13] INFO  o.o.b.p.a.PullFromAggregateTracker - Pull VIGILÂNCIA  AMBIENTAL - Start getting submission IDs
2026-02-25 09:00:22,784 [ForkJoinPool-10-worker-15] INFO  o.o.b.p.a.PullFromAggregateTracker - Push VIGILÂNCIA  AMBIENTAL - There are no submissions to download
2026-02-25 09:00:22,790 [ForkJoinPool-10-worker-1] INFO  o.o.b.p.a.PullFromAggregateTracker - Pull Formulário da Vigilancia Hospitalar - Got all the submission IDs
2026-02-25 09:00:22,790 [ForkJoinPool-10-worker-15] INFO  o.o.b.p.a.PullFromAggregateTracker - Pull VIGILÂNCIA  AMBIENTAL - Success
2026-02-25 09:00:22,793 [ForkJoinPool-10-worker-15] INFO  o.o.b.p.a.PullFromAggregateTracker - Pull Formulário da Vigilancia Hospitalar - Laboratório - Start pulling form and submissions
2026-02-25 09:00:22,793 [ForkJoinPool-10-worker-15] INFO  o.o.b.p.a.PullFromAggregateTracker - Pull Formulário da Vigilancia Hospitalar - Laboratório - Start downloading form
2026-02-25 09:00:22,847 [ForkJoinPool-10-worker-1] INFO  o.o.b.p.a.PullFromAggregateTracker - Push Formulário da Vigilancia Hospitalar - There are no submissions to download
2026-02-25 09:00:22,852 [ForkJoinPool-10-worker-1] INFO  o.o.b.p.a.PullFromAggregateTracker - Pull Formulário da Vigilancia Hospitalar - Success
2026-02-25 09:00:22,855 [ForkJoinPool-10-worker-1] INFO  o.o.b.p.a.PullFromAggregateTracker - Pull Formulário da Vigilancia Hospitalar - Laboratório - Start pulling form and submissions
2026-02-25 09:00:22,855 [ForkJoinPool-10-worker-1] INFO  o.o.b.p.a.PullFromAggregateTracker - Pull Formulário da Vigilancia Hospitalar - Laboratório - Start downloading form
2026-02-25 09:00:22,861 [AWT-EventQueue-0] INFO  XFormParser - Reading XML and parsing with kXML2 finished in 17.454 ms
2026-02-25 09:00:22,867 [ForkJoinPool-10-worker-2] INFO  o.o.b.p.a.PullFromAggregateTracker - Pull Formulário da Vigilancia Comunitaria - Form downloaded
2026-02-25 09:00:22,867 [ForkJoinPool-10-worker-2] INFO  o.o.b.p.a.PullFromAggregateTracker - Pull Formulário da Vigilancia Comunitaria - Start getting submission IDs
2026-02-25 09:00:22,868 [AWT-EventQueue-0] INFO  XFormParser - Consolidating text finished in 6.707 ms
2026-02-25 09:00:22,868 [AWT-EventQueue-0] INFO  XFormParser - Parsing form...
2026-02-25 09:00:22,868 [AWT-EventQueue-0] INFO  XFormParser - Title: "Formulário da Vigilancia Comunitaria"
2026-02-25 09:00:22,868 [AWT-EventQueue-0] WARN  XFormParser - XForm Parse Warning: Warning: 1 Unrecognized attributes found in Element [model] and will be ignored: [xforms-version] 
    Problem found at nodeset: /html/head/model
    With element <model xforms-version="1.0.0"><instance><data id="Comunidade" version="1" prefix="Comunidade" delimiter="$">...

2026-02-25 09:00:22,890 [ForkJoinPool-10-worker-4] INFO  o.o.b.p.a.PullFromAggregateTracker - Pull Formulário da Vigilancia Comunitaria - Got the form manifest
2026-02-25 09:00:22,890 [ForkJoinPool-10-worker-4] INFO  o.o.b.p.a.PullFromAggregateTracker - Pull Formulário da Vigilancia Comunitaria - Skipping 1 form attachments that have been already downloaded
2026-02-25 09:00:22,890 [ForkJoinPool-10-worker-4] INFO  o.o.b.p.a.PullFromAggregateTracker - Pull Formulário da Vigilancia Comunitaria - Start getting submission IDs
2026-02-25 09:00:22,904 [AWT-EventQueue-0] INFO  XFormParser - Creating FormDef from parsed XML finished in 38.978 ms
2026-02-25 09:00:22,934 [AWT-EventQueue-0] INFO  XFormParser - Reading XML and parsing with kXML2 finished in 15.343 ms
2026-02-25 09:00:22,957 [AWT-EventQueue-0] INFO  XFormParser - Consolidating text finished in 21.786 ms
2026-02-25 09:00:22,957 [AWT-EventQueue-0] INFO  XFormParser - Parsing form...
2026-02-25 09:00:22,957 [AWT-EventQueue-0] INFO  XFormParser - Title: "Formulário da Vigilancia Hospitalar"
2026-02-25 09:00:22,957 [AWT-EventQueue-0] WARN  XFormParser - XForm Parse Warning: Warning: 1 Unrecognized attributes found in Element [model] and will be ignored: [xforms-version] 
    Problem found at nodeset: /html/head/model
    With element <model xforms-version="1.0.0"><instance><data id="hospitalar_v3" version="3" prefix="Hospitalar_v3" delimiter="$">...

2026-02-25 09:00:23,001 [AWT-EventQueue-0] INFO  XFormParser - Creating FormDef from parsed XML finished in 44.217 ms
2026-02-25 09:00:23,018 [AWT-EventQueue-0] INFO  XFormParser - Reading XML and parsing with kXML2 finished in 3.761 ms
2026-02-25 09:00:23,018 [AWT-EventQueue-0] INFO  XFormParser - Consolidating text finished in 0.717 ms
2026-02-25 09:00:23,018 [AWT-EventQueue-0] INFO  XFormParser - Parsing form...
2026-02-25 09:00:23,018 [AWT-EventQueue-0] INFO  XFormParser - Title: "VIGILÂNCIA  AMBIENTAL"
2026-02-25 09:00:23,018 [AWT-EventQueue-0] WARN  XFormParser - XForm Parse Warning: Warning: 1 Unrecognized attributes found in Element [model] and will be ignored: [xforms-version] 
    Problem found at nodeset: /html/head/model
    With element <model xforms-version="1.0.0"><instance><data id="VIGILÂNCIA AMBIENTAL_v4" version="4" prefix="VIGILÂNCIA AMBIENTAL_v4" delimiter="$">...

2026-02-25 09:00:23,023 [AWT-EventQueue-0] INFO  XFormParser - Creating FormDef from parsed XML finished in 4.457 ms
2026-02-25 09:00:23,066 [ForkJoinPool-10-worker-8] INFO  o.o.b.p.a.PullFromAggregateTracker - Pull Formulário da Vigilancia Hospitalar - Got all the submission IDs
2026-02-25 09:00:23,103 [ForkJoinPool-10-worker-13] INFO  o.o.b.p.a.PullFromAggregateTracker - Pull VIGILÂNCIA  AMBIENTAL - Got all the submission IDs
2026-02-25 09:00:23,109 [ForkJoinPool-10-worker-15] INFO  o.o.b.p.a.PullFromAggregateTracker - Pull Formulário da Vigilancia Hospitalar - Laboratório - Form downloaded
2026-02-25 09:00:23,111 [ForkJoinPool-10-worker-15] INFO  o.o.b.p.a.PullFromAggregateTracker - Pull Formulário da Vigilancia Hospitalar - Laboratório - Start getting submission IDs
2026-02-25 09:00:23,119 [ForkJoinPool-10-worker-13] INFO  o.o.b.p.a.PullFromAggregateTracker - Push VIGILÂNCIA  AMBIENTAL - There are no submissions to download
2026-02-25 09:00:23,123 [ForkJoinPool-10-worker-9] INFO  o.o.b.p.a.PullFromAggregateTracker - Pull Formulário da Vigilancia Hospitalar - Form downloaded
2026-02-25 09:00:23,123 [ForkJoinPool-10-worker-9] INFO  o.o.b.p.a.PullFromAggregateTracker - Pull Formulário da Vigilancia Hospitalar - Start getting submission IDs
2026-02-25 09:00:23,132 [ForkJoinPool-10-worker-13] INFO  o.o.b.p.a.PullFromAggregateTracker - Pull VIGILÂNCIA  AMBIENTAL - Success
2026-02-25 09:00:23,144 [AWT-EventQueue-0] INFO  XFormParser - Reading XML and parsing with kXML2 finished in 32.831 ms
2026-02-25 09:00:23,167 [AWT-EventQueue-0] INFO  XFormParser - Consolidating text finished in 22.219 ms
2026-02-25 09:00:23,168 [AWT-EventQueue-0] INFO  XFormParser - Parsing form...
2026-02-25 09:00:23,168 [AWT-EventQueue-0] INFO  XFormParser - Title: "Formulário da Vigilancia Comunitaria"
2026-02-25 09:00:23,168 [AWT-EventQueue-0] WARN  XFormParser - XForm Parse Warning: Warning: 1 Unrecognized attributes found in Element [model] and will be ignored: [xforms-version] 
    Problem found at nodeset: /html/head/model
    With element <model xforms-version="1.0.0"><instance><data id="Comunidade_v3" version="1" prefix="Comunidade_v3" delimiter="$">...

2026-02-25 09:00:23,177 [ForkJoinPool-10-worker-8] INFO  o.o.b.p.a.PullFromAggregateTracker - Push Formulário da Vigilancia Hospitalar - There are no submissions to download
2026-02-25 09:00:23,182 [ForkJoinPool-10-worker-8] INFO  o.o.b.p.a.PullFromAggregateTracker - Pull Formulário da Vigilancia Hospitalar - Success
2026-02-25 09:00:23,209 [AWT-EventQueue-0] INFO  XFormParser - Creating FormDef from parsed XML finished in 43.923 ms
2026-02-25 09:00:23,235 [ForkJoinPool-10-worker-10] INFO  o.o.b.p.a.PullFromAggregateTracker - Pull Resultados de testagem das vigilâncias - Form downloaded
2026-02-25 09:00:23,235 [ForkJoinPool-10-worker-10] INFO  o.o.b.p.a.PullFromAggregateTracker - Pull Resultados de testagem das vigilâncias - Start getting submission IDs
2026-02-25 09:00:23,242 [AWT-EventQueue-0] INFO  XFormParser - Reading XML and parsing with kXML2 finished in 16.396 ms
2026-02-25 09:00:23,249 [AWT-EventQueue-0] INFO  XFormParser - Consolidating text finished in 6.191 ms
2026-02-25 09:00:23,249 [AWT-EventQueue-0] INFO  XFormParser - Parsing form...
2026-02-25 09:00:23,249 [AWT-EventQueue-0] INFO  XFormParser - Title: "Formulário da Vigilancia Hospitalar"
2026-02-25 09:00:23,249 [AWT-EventQueue-0] WARN  XFormParser - XForm Parse Warning: Warning: 1 Unrecognized attributes found in Element [model] and will be ignored: [xforms-version] 
    Problem found at nodeset: /html/head/model
    With element <model xforms-version="1.0.0"><instance><data id="hospitalar_v5" version="1" prefix="hospitalar_v5" delimiter="$">...

2026-02-25 09:00:23,423 [ForkJoinPool-10-worker-15] INFO  o.o.b.p.a.PullFromAggregateTracker - Pull Formulário da Vigilancia Hospitalar - Laboratório - Got all the submission IDs
2026-02-25 09:00:23,423 [ForkJoinPool-10-worker-4] INFO  o.o.b.p.a.PullFromAggregateTracker - Pull Formulário da Vigilancia Comunitaria - Got all the submission IDs
2026-02-25 09:00:23,427 [ForkJoinPool-10-worker-1] INFO  o.o.b.p.a.PullFromAggregateTracker - Pull Formulário da Vigilancia Hospitalar - Laboratório - Form downloaded
2026-02-25 09:00:23,423 [ForkJoinPool-10-worker-2] INFO  o.o.b.p.a.PullFromAggregateTracker - Pull Formulário da Vigilancia Comunitaria - Got all the submission IDs
2026-02-25 09:00:23,427 [ForkJoinPool-10-worker-1] INFO  o.o.b.p.a.PullFromAggregateTracker - Pull Formulário da Vigilancia Hospitalar - Laboratório - Start getting submission IDs
2026-02-25 09:00:23,437 [ForkJoinPool-10-worker-15] INFO  o.o.b.p.a.PullFromAggregateTracker - Push Formulário da Vigilancia Hospitalar - Laboratório - There are no submissions to download
2026-02-25 09:00:23,441 [ForkJoinPool-10-worker-15] INFO  o.o.b.p.a.PullFromAggregateTracker - Pull Formulário da Vigilancia Hospitalar - Laboratório - Success
2026-02-25 09:00:23,459 [AWT-EventQueue-0] INFO  XFormParser - Creating FormDef from parsed XML finished in 210.383 ms
2026-02-25 09:00:23,461 [ForkJoinPool-10-worker-9] INFO  o.o.b.p.a.PullFromAggregateTracker - Pull Formulário da Vigilancia Hospitalar - Got all the submission IDs
2026-02-25 09:00:23,487 [AWT-EventQueue-0] INFO  XFormParser - Reading XML and parsing with kXML2 finished in 1.521 ms
2026-02-25 09:00:23,490 [AWT-EventQueue-0] INFO  XFormParser - Consolidating text finished in 0.420 ms
2026-02-25 09:00:23,490 [AWT-EventQueue-0] INFO  XFormParser - Parsing form...
2026-02-25 09:00:23,490 [ForkJoinPool-10-worker-11] INFO  o.o.b.p.a.PullFromAggregateTracker - Pull Formulário da Vigilancia Hospitalar - Form downloaded
2026-02-25 09:00:23,490 [AWT-EventQueue-0] INFO  XFormParser - Title: "Formulário da Vigilancia Hospitalar - Laboratório"
2026-02-25 09:00:23,490 [AWT-EventQueue-0] WARN  XFormParser - XForm Parse Warning: Warning: 1 Unrecognized attributes found in Element [model] and will be ignored: [xforms-version] 
    Problem found at nodeset: /html/head/model
    With element <model xforms-version="1.0.0"><instance><data id="hospitalar_ib_v3" version="3" prefix="hospitalar_ib_v3" delimiter="$">...

2026-02-25 09:00:23,490 [ForkJoinPool-10-worker-11] INFO  o.o.b.p.a.PullFromAggregateTracker - Pull Formulário da Vigilancia Hospitalar - Start getting submission IDs
2026-02-25 09:00:23,538 [ForkJoinPool-10-worker-6] INFO  o.o.b.p.a.PullFromAggregateTracker - Pull Formulário da Vigilancia Hospitalar - Form downloaded
2026-02-25 09:00:23,543 [ForkJoinPool-10-worker-6] INFO  o.o.b.p.a.PullFromAggregateTracker - Pull Formulário da Vigilancia Hospitalar - Start getting submission IDs
2026-02-25 09:00:23,546 [AWT-EventQueue-0] INFO  XFormParser - Creating FormDef from parsed XML finished in 55.978 ms
2026-02-25 09:00:23,555 [ForkJoinPool-10-worker-4] INFO  o.o.b.p.a.PullFromAggregateTracker - Push Formulário da Vigilancia Comunitaria - There are no submissions to download
2026-02-25 09:00:23,557 [ForkJoinPool-10-worker-4] INFO  o.o.b.p.a.PullFromAggregateTracker - Pull Formulário da Vigilancia Comunitaria - Success
2026-02-25 09:00:23,557 [ForkJoinPool-10-worker-2] INFO  o.o.b.p.a.PullFromAggregateTracker - Push Formulário da Vigilancia Comunitaria - There are no submissions to download
2026-02-25 09:00:23,564 [ForkJoinPool-10-worker-2] INFO  o.o.b.p.a.PullFromAggregateTracker - Pull Formulário da Vigilancia Comunitaria - Success
2026-02-25 09:00:23,569 [AWT-EventQueue-0] INFO  XFormParser - Reading XML and parsing with kXML2 finished in 12.112 ms
2026-02-25 09:00:23,571 [AWT-EventQueue-0] INFO  XFormParser - Consolidating text finished in 1.699 ms
2026-02-25 09:00:23,572 [AWT-EventQueue-0] INFO  XFormParser - Parsing form...
2026-02-25 09:00:23,572 [AWT-EventQueue-0] INFO  XFormParser - Title: "Resultados de testagem das vigilâncias"
2026-02-25 09:00:23,572 [AWT-EventQueue-0] WARN  XFormParser - XForm Parse Warning: Warning: 1 Unrecognized attributes found in Element [model] and will be ignored: [xforms-version] 
    Problem found at nodeset: /html/head/model
    With element <model xforms-version="1.0.0"><instance><data id="hospitalar_LB_v2" version="2" prefix="Hospitalar LB_v2" delimiter="$">...

2026-02-25 09:00:23,591 [ForkJoinPool-10-worker-9] INFO  o.o.b.p.a.PullFromAggregateTracker - Push Formulário da Vigilancia Hospitalar - There are no submissions to download
2026-02-25 09:00:23,593 [ForkJoinPool-10-worker-9] INFO  o.o.b.p.a.PullFromAggregateTracker - Pull Formulário da Vigilancia Hospitalar - Success
2026-02-25 09:00:23,621 [AWT-EventQueue-0] INFO  XFormParser - Creating FormDef from parsed XML finished in 49.694 ms
2026-02-25 09:00:23,671 [ForkJoinPool-10-worker-10] INFO  o.o.b.p.a.PullFromAggregateTracker - Pull Resultados de testagem das vigilâncias - Got all the submission IDs
2026-02-25 09:00:23,673 [ForkJoinPool-10-worker-1] INFO  o.o.b.p.a.PullFromAggregateTracker - Pull Formulário da Vigilancia Hospitalar - Laboratório - Got all the submission IDs
2026-02-25 09:00:23,676 [ForkJoinPool-10-worker-1] INFO  o.o.b.p.a.PullFromAggregateTracker - Push Formulário da Vigilancia Hospitalar - Laboratório - There are no submissions to download
2026-02-25 09:00:23,677 [ForkJoinPool-10-worker-1] INFO  o.o.b.p.a.PullFromAggregateTracker - Pull Formulário da Vigilancia Hospitalar - Laboratório - Success
2026-02-25 09:00:23,680 [ForkJoinPool-10-worker-10] INFO  o.o.b.p.a.PullFromAggregateTracker - Push Resultados de testagem das vigilâncias - There are no submissions to download
2026-02-25 09:00:23,680 [ForkJoinPool-10-worker-10] INFO  o.o.b.p.a.PullFromAggregateTracker - Pull Resultados de testagem das vigilâncias - Success
2026-02-25 09:00:23,726 [AWT-EventQueue-0] INFO  XFormParser - Reading XML and parsing with kXML2 finished in 25.787 ms
2026-02-25 09:00:23,733 [AWT-EventQueue-0] INFO  XFormParser - Consolidating text finished in 6.428 ms
2026-02-25 09:00:23,733 [AWT-EventQueue-0] INFO  XFormParser - Parsing form...
2026-02-25 09:00:23,733 [AWT-EventQueue-0] INFO  XFormParser - Title: "Formulário da Vigilancia Hospitalar"
2026-02-25 09:00:23,734 [AWT-EventQueue-0] WARN  XFormParser - XForm Parse Warning: Warning: 1 Unrecognized attributes found in Element [model] and will be ignored: [xforms-version] 
    Problem found at nodeset: /html/head/model
    With element <model xforms-version="1.0.0"><instance><data id="hospitalar_v4" version="1" prefix="hospitalar_v4" delimiter="$">...

2026-02-25 09:00:23,787 [AWT-EventQueue-0] INFO  XFormParser - Creating FormDef from parsed XML finished in 54.634 ms
2026-02-25 09:00:23,789 [ForkJoinPool-10-worker-11] INFO  o.o.b.p.a.PullFromAggregateTracker - Pull Formulário da Vigilancia Hospitalar - Got all the submission IDs
2026-02-25 09:00:23,819 [ForkJoinPool-10-worker-6] INFO  o.o.b.p.a.PullFromAggregateTracker - Pull Formulário da Vigilancia Hospitalar - Got all the submission IDs
2026-02-25 09:00:23,876 [ForkJoinPool-10-worker-11] INFO  o.o.b.p.a.PullFromAggregateTracker - Push Formulário da Vigilancia Hospitalar - There are no submissions to download
2026-02-25 09:00:23,878 [ForkJoinPool-10-worker-11] INFO  o.o.b.p.a.PullFromAggregateTracker - Pull Formulário da Vigilancia Hospitalar - Success
2026-02-25 09:00:23,907 [ForkJoinPool-10-worker-6] INFO  o.o.b.p.a.PullFromAggregateTracker - Push Formulário da Vigilancia Hospitalar - There are no submissions to download
2026-02-25 09:00:23,909 [ForkJoinPool-10-worker-6] INFO  o.o.b.p.a.PullFromAggregateTracker - Pull Formulário da Vigilancia Hospitalar - Success
2026-02-25 09:00:24,631 [ForkJoinPool-10-worker-3] INFO  o.o.b.p.a.PullFromAggregateTracker - Pull Formulário da Vigilancia Comunitaria - Form downloaded
2026-02-25 09:00:24,631 [ForkJoinPool-10-worker-3] INFO  o.o.b.p.a.PullFromAggregateTracker - Pull Formulário da Vigilancia Comunitaria - Start getting submission IDs
2026-02-25 09:00:24,873 [ForkJoinPool-10-worker-3] INFO  o.o.b.p.a.PullFromAggregateTracker - Pull Formulário da Vigilancia Comunitaria - Got all the submission IDs
2026-02-25 09:00:24,934 [ForkJoinPool-10-worker-3] INFO  o.o.b.p.a.PullFromAggregateTracker - Push Formulário da Vigilancia Comunitaria - There are no submissions to download
2026-02-25 09:00:24,936 [ForkJoinPool-10-worker-3] INFO  o.o.b.p.a.PullFromAggregateTracker - Pull Formulário da Vigilancia Comunitaria - Success
2026-02-25 09:00:25,015 [AWT-EventQueue-0] INFO  XFormParser - Reading XML and parsing with kXML2 finished in 16.180 ms
2026-02-25 09:00:25,017 [AWT-EventQueue-0] INFO  XFormParser - Consolidating text finished in 6.475 ms
2026-02-25 09:00:25,017 [AWT-EventQueue-0] INFO  XFormParser - Parsing form...
2026-02-25 09:00:25,017 [AWT-EventQueue-0] INFO  XFormParser - Title: "Formulário da Vigilancia Comunitaria"
2026-02-25 09:00:25,017 [AWT-EventQueue-0] WARN  XFormParser - XForm Parse Warning: Warning: 1 Unrecognized attributes found in Element [model] and will be ignored: [xforms-version] 
    Problem found at nodeset: /html/head/model
    With element <model xforms-version="1.0.0"><instance><data id="Comunidade_v4" version="1" prefix="Comunidade_v4" delimiter="$">...

2026-02-25 09:00:25,079 [AWT-EventQueue-0] INFO  XFormParser - Creating FormDef from parsed XML finished in 56.532 ms
2026-02-25 09:00:53,100 [ForkJoinPool-11-worker-9] INFO  o.o.b.p.a.PullFromAggregateTracker - Pull Formulário da Vigilancia Hospitalar - Start pulling form and submissions
2026-02-25 09:00:53,102 [ForkJoinPool-11-worker-9] INFO  o.o.b.p.a.PullFromAggregateTracker - Pull Formulário da Vigilancia Hospitalar - Start downloading form
2026-02-25 09:00:53,103 [ForkJoinPool-11-worker-11] INFO  o.o.b.p.a.PullFromAggregateTracker - Pull Formulário da Vigilancia Hospitalar - Start pulling form and submissions
2026-02-25 09:00:53,103 [ForkJoinPool-11-worker-2] INFO  o.o.b.p.a.PullFromAggregateTracker - Pull Formulário da Vigilancia Hospitalar - Laboratório - Start pulling form and submissions
2026-02-25 09:00:53,105 [ForkJoinPool-11-worker-11] INFO  o.o.b.p.a.PullFromAggregateTracker - Pull Formulário da Vigilancia Hospitalar - Start downloading form
2026-02-25 09:00:53,105 [ForkJoinPool-11-worker-4] INFO  o.o.b.p.a.PullFromAggregateTracker - Pull Formulário da Vigilancia Comunitaria - Start pulling form and submissions
2026-02-25 09:00:53,105 [ForkJoinPool-11-worker-2] INFO  o.o.b.p.a.PullFromAggregateTracker - Pull Formulário da Vigilancia Hospitalar - Laboratório - Start downloading form
2026-02-25 09:00:53,107 [ForkJoinPool-11-worker-4] INFO  o.o.b.p.a.PullFromAggregateTracker - Pull Formulário da Vigilancia Comunitaria - Start downloading form
2026-02-25 09:00:53,109 [ForkJoinPool-11-worker-13] INFO  o.o.b.p.a.PullFromAggregateTracker - Pull VIGILÂNCIA  AMBIENTAL - Start pulling form and submissions
2026-02-25 09:00:53,111 [ForkJoinPool-11-worker-6] INFO  o.o.b.p.a.PullFromAggregateTracker - Pull Resultados de testagem das vigilâncias - Start pulling form and submissions
2026-02-25 09:00:53,113 [ForkJoinPool-11-worker-13] INFO  o.o.b.p.a.PullFromAggregateTracker - Pull VIGILÂNCIA  AMBIENTAL - Start downloading form
2026-02-25 09:00:53,113 [ForkJoinPool-11-worker-15] INFO  o.o.b.p.a.PullFromAggregateTracker - Pull Formulário da Recepção da Amostra - Start pulling form and submissions
2026-02-25 09:00:53,115 [ForkJoinPool-11-worker-6] INFO  o.o.b.p.a.PullFromAggregateTracker - Pull Resultados de testagem das vigilâncias - Start downloading form
2026-02-25 09:00:53,115 [ForkJoinPool-11-worker-1] INFO  o.o.b.p.a.PullFromAggregateTracker - Pull Formulario da  Componente  Genomica (IDS) - Start pulling form and submissions
2026-02-25 09:00:53,119 [ForkJoinPool-11-worker-15] INFO  o.o.b.p.a.PullFromAggregateTracker - Pull Formulário da Recepção da Amostra - Start downloading form
2026-02-25 09:00:53,119 [ForkJoinPool-11-worker-3] INFO  o.o.b.p.a.PullFromAggregateTracker - Pull Formulário da Vigilancia Comunitaria - Start pulling form and submissions
2026-02-25 09:00:53,121 [ForkJoinPool-11-worker-1] INFO  o.o.b.p.a.PullFromAggregateTracker - Pull Formulario da  Componente  Genomica (IDS) - Start downloading form
2026-02-25 09:00:53,122 [ForkJoinPool-11-worker-3] INFO  o.o.b.p.a.PullFromAggregateTracker - Pull Formulário da Vigilancia Comunitaria - Start downloading form
2026-02-25 09:00:53,119 [ForkJoinPool-11-worker-8] INFO  o.o.b.p.a.PullFromAggregateTracker - Pull Formulário da Vigilancia Hospitalar - Start pulling form and submissions
2026-02-25 09:00:53,122 [ForkJoinPool-11-worker-8] INFO  o.o.b.p.a.PullFromAggregateTracker - Pull Formulário da Vigilancia Hospitalar - Start downloading form
2026-02-25 09:00:53,122 [ForkJoinPool-11-worker-10] INFO  o.o.b.p.a.PullFromAggregateTracker - Pull Formulário da Vigilancia Hospitalar - Laboratório - Start pulling form and submissions
2026-02-25 09:00:53,124 [ForkJoinPool-11-worker-10] INFO  o.o.b.p.a.PullFromAggregateTracker - Pull Formulário da Vigilancia Hospitalar - Laboratório - Start downloading form
2026-02-25 09:00:53,457 [ForkJoinPool-11-worker-2] INFO  o.o.b.p.a.PullFromAggregateTracker - Pull Formulário da Vigilancia Hospitalar - Laboratório - Form downloaded
2026-02-25 09:00:53,458 [ForkJoinPool-11-worker-2] INFO  o.o.b.p.a.PullFromAggregateTracker - Pull Formulário da Vigilancia Hospitalar - Laboratório - Start getting form manifest
2026-02-25 09:00:53,675 [ForkJoinPool-11-worker-13] INFO  o.o.b.p.a.PullFromAggregateTracker - Pull VIGILÂNCIA  AMBIENTAL - Form downloaded
2026-02-25 09:00:53,677 [ForkJoinPool-11-worker-13] INFO  o.o.b.p.a.PullFromAggregateTracker - Pull VIGILÂNCIA  AMBIENTAL - Start getting form manifest
2026-02-25 09:00:53,691 [ForkJoinPool-11-worker-1] INFO  o.o.b.p.a.PullFromAggregateTracker - Pull Formulario da  Componente  Genomica (IDS) - Form downloaded
2026-02-25 09:00:53,691 [ForkJoinPool-11-worker-1] INFO  o.o.b.p.a.PullFromAggregateTracker - Pull Formulario da  Componente  Genomica (IDS) - Start getting submission IDs
2026-02-25 09:00:53,936 [ForkJoinPool-11-worker-10] INFO  o.o.b.p.a.PullFromAggregateTracker - Pull Formulário da Vigilancia Hospitalar - Laboratório - Form downloaded
2026-02-25 09:00:53,936 [ForkJoinPool-11-worker-15] INFO  o.o.b.p.a.PullFromAggregateTracker - Pull Formulário da Recepção da Amostra - Form downloaded
2026-02-25 09:00:53,937 [ForkJoinPool-11-worker-15] INFO  o.o.b.p.a.PullFromAggregateTracker - Pull Formulário da Recepção da Amostra - Start getting form manifest
2026-02-25 09:00:53,937 [ForkJoinPool-11-worker-10] INFO  o.o.b.p.a.PullFromAggregateTracker - Pull Formulário da Vigilancia Hospitalar - Laboratório - Start getting submission IDs
2026-02-25 09:00:54,180 [ForkJoinPool-11-worker-2] INFO  o.o.b.p.a.PullFromAggregateTracker - Pull Formulário da Vigilancia Hospitalar - Laboratório - Got the form manifest
2026-02-25 09:00:54,180 [ForkJoinPool-11-worker-2] INFO  o.o.b.p.a.PullFromAggregateTracker - Pull Formulário da Vigilancia Hospitalar - Laboratório - Skipping 1 form attachments that have been already downloaded
2026-02-25 09:00:54,180 [ForkJoinPool-11-worker-2] INFO  o.o.b.p.a.PullFromAggregateTracker - Pull Formulário da Vigilancia Hospitalar - Laboratório - Start getting submission IDs
2026-02-25 09:00:54,194 [ForkJoinPool-11-worker-13] INFO  o.o.b.p.a.PullFromAggregateTracker - Pull VIGILÂNCIA  AMBIENTAL - Got the form manifest
2026-02-25 09:00:54,194 [ForkJoinPool-11-worker-13] INFO  o.o.b.p.a.PullFromAggregateTracker - Pull VIGILÂNCIA  AMBIENTAL - Skipping 1 form attachments that have been already downloaded
2026-02-25 09:00:54,194 [ForkJoinPool-11-worker-13] INFO  o.o.b.p.a.PullFromAggregateTracker - Pull VIGILÂNCIA  AMBIENTAL - Start getting submission IDs
2026-02-25 09:00:54,515 [ForkJoinPool-11-worker-1] INFO  o.o.b.p.a.PullFromAggregateTracker - Pull Formulario da  Componente  Genomica (IDS) - Got all the submission IDs
2026-02-25 09:00:54,519 [ForkJoinPool-11-worker-15] INFO  o.o.b.p.a.PullFromAggregateTracker - Pull Formulário da Recepção da Amostra - Got the form manifest
2026-02-25 09:00:54,521 [ForkJoinPool-11-worker-15] INFO  o.o.b.p.a.PullFromAggregateTracker - Pull Formulário da Recepção da Amostra - Skipping 1 form attachments that have been already downloaded
2026-02-25 09:00:54,521 [ForkJoinPool-11-worker-15] INFO  o.o.b.p.a.PullFromAggregateTracker - Pull Formulário da Recepção da Amostra - Start getting submission IDs
2026-02-25 09:00:54,531 [ForkJoinPool-11-worker-1] INFO  o.o.b.p.a.PullFromAggregateTracker - Push Formulario da  Componente  Genomica (IDS) - There are no submissions to download
2026-02-25 09:00:54,535 [ForkJoinPool-11-worker-1] INFO  o.o.b.p.a.PullFromAggregateTracker - Pull Formulario da  Componente  Genomica (IDS) - Success
2026-02-25 09:00:54,539 [ForkJoinPool-11-worker-1] INFO  o.o.b.p.a.PullFromAggregateTracker - Pull Formulário da Vigilancia Hospitalar - Start pulling form and submissions
2026-02-25 09:00:54,539 [ForkJoinPool-11-worker-1] INFO  o.o.b.p.a.PullFromAggregateTracker - Pull Formulário da Vigilancia Hospitalar - Start downloading form
2026-02-25 09:00:54,580 [AWT-EventQueue-0] INFO  XFormParser - Reading XML and parsing with kXML2 finished in 1.395 ms
2026-02-25 09:00:54,580 [AWT-EventQueue-0] INFO  XFormParser - Consolidating text finished in 0.378 ms
2026-02-25 09:00:54,580 [AWT-EventQueue-0] INFO  XFormParser - Parsing form...
2026-02-25 09:00:54,580 [AWT-EventQueue-0] INFO  XFormParser - Title: "Formulário da Vigilancia Hospitalar - Laboratório"
2026-02-25 09:00:54,580 [AWT-EventQueue-0] WARN  XFormParser - XForm Parse Warning: Warning: 1 Unrecognized attributes found in Element [model] and will be ignored: [xforms-version] 
    Problem found at nodeset: /html/head/model
    With element <model xforms-version="1.0.0"><instance><data id="hospitalar_ib_v1" version="2" prefix="Hospitalar LB" delimiter="$">...

2026-02-25 09:00:54,595 [AWT-EventQueue-0] INFO  XFormParser - Creating FormDef from parsed XML finished in 14.503 ms
2026-02-25 09:00:54,608 [AWT-EventQueue-0] INFO  XFormParser - Reading XML and parsing with kXML2 finished in 3.345 ms
2026-02-25 09:00:54,608 [AWT-EventQueue-0] INFO  XFormParser - Consolidating text finished in 0.545 ms
2026-02-25 09:00:54,608 [AWT-EventQueue-0] INFO  XFormParser - Parsing form...
2026-02-25 09:00:54,608 [AWT-EventQueue-0] INFO  XFormParser - Title: "VIGILÂNCIA  AMBIENTAL"
2026-02-25 09:00:54,608 [AWT-EventQueue-0] WARN  XFormParser - XForm Parse Warning: Warning: 1 Unrecognized attributes found in Element [model] and will be ignored: [xforms-version] 
    Problem found at nodeset: /html/head/model
    With element <model xforms-version="1.0.0"><instance><data id="VIGILÂNCIA  AMBIENTAL" version="1" prefix="VIGILÂNCIA  AMBIENTAL" delimiter="$">...

2026-02-25 09:00:54,615 [AWT-EventQueue-0] INFO  XFormParser - Creating FormDef from parsed XML finished in 7.001 ms
2026-02-25 09:00:54,822 [ForkJoinPool-11-worker-10] INFO  o.o.b.p.a.PullFromAggregateTracker - Pull Formulário da Vigilancia Hospitalar - Laboratório - Got all the submission IDs
2026-02-25 09:00:54,826 [ForkJoinPool-11-worker-2] INFO  o.o.b.p.a.PullFromAggregateTracker - Pull Formulário da Vigilancia Hospitalar - Laboratório - Got all the submission IDs
2026-02-25 09:00:54,826 [ForkJoinPool-11-worker-10] INFO  o.o.b.p.a.PullFromAggregateTracker - Push Formulário da Vigilancia Hospitalar - Laboratório - There are no submissions to download
2026-02-25 09:00:54,842 [ForkJoinPool-11-worker-2] INFO  o.o.b.p.a.PullFromAggregateTracker - Push Formulário da Vigilancia Hospitalar - Laboratório - There are no submissions to download
2026-02-25 09:00:54,842 [ForkJoinPool-11-worker-10] INFO  o.o.b.p.a.PullFromAggregateTracker - Pull Formulário da Vigilancia Hospitalar - Laboratório - Success
2026-02-25 09:00:54,849 [ForkJoinPool-11-worker-2] INFO  o.o.b.p.a.PullFromAggregateTracker - Pull Formulário da Vigilancia Hospitalar - Laboratório - Success
2026-02-25 09:00:54,849 [ForkJoinPool-11-worker-4] INFO  o.o.b.p.a.PullFromAggregateTracker - Pull Formulário da Vigilancia Comunitaria - Form downloaded
2026-02-25 09:00:54,849 [ForkJoinPool-11-worker-4] INFO  o.o.b.p.a.PullFromAggregateTracker - Pull Formulário da Vigilancia Comunitaria - Start getting form manifest
2026-02-25 09:00:54,852 [ForkJoinPool-11-worker-10] INFO  o.o.b.p.a.PullFromAggregateTracker - Pull VIGILÂNCIA  AMBIENTAL - Start pulling form and submissions
2026-02-25 09:00:54,855 [ForkJoinPool-11-worker-10] INFO  o.o.b.p.a.PullFromAggregateTracker - Pull VIGILÂNCIA  AMBIENTAL - Start downloading form
2026-02-25 09:00:54,855 [ForkJoinPool-11-worker-2] INFO  o.o.b.p.a.PullFromAggregateTracker - Pull VIGILÂNCIA  AMBIENTAL - Start pulling form and submissions
2026-02-25 09:00:54,855 [ForkJoinPool-11-worker-2] INFO  o.o.b.p.a.PullFromAggregateTracker - Pull VIGILÂNCIA  AMBIENTAL - Start downloading form
2026-02-25 09:00:54,867 [ForkJoinPool-11-worker-3] INFO  o.o.b.p.a.PullFromAggregateTracker - Pull Formulário da Vigilancia Comunitaria - Form downloaded
2026-02-25 09:00:54,867 [ForkJoinPool-11-worker-3] INFO  o.o.b.p.a.PullFromAggregateTracker - Pull Formulário da Vigilancia Comunitaria - Start getting submission IDs
2026-02-25 09:00:54,927 [AWT-EventQueue-0] INFO  XFormParser - Reading XML and parsing with kXML2 finished in 15.294 ms
2026-02-25 09:00:54,934 [AWT-EventQueue-0] INFO  XFormParser - Consolidating text finished in 6.259 ms
2026-02-25 09:00:54,934 [AWT-EventQueue-0] INFO  XFormParser - Parsing form...
2026-02-25 09:00:54,934 [AWT-EventQueue-0] INFO  XFormParser - Title: "Formulário da Vigilancia Comunitaria"
2026-02-25 09:00:54,934 [AWT-EventQueue-0] WARN  XFormParser - XForm Parse Warning: Warning: 1 Unrecognized attributes found in Element [model] and will be ignored: [xforms-version] 
    Problem found at nodeset: /html/head/model
    With element <model xforms-version="1.0.0"><instance><data id="Comunidade_v2" version="2" prefix="Comunidade_v2" delimiter="$">...

2026-02-25 09:00:54,961 [AWT-EventQueue-0] INFO  XFormParser - Creating FormDef from parsed XML finished in 29.625 ms
2026-02-25 09:00:55,064 [ForkJoinPool-11-worker-13] INFO  o.o.b.p.a.PullFromAggregateTracker - Pull VIGILÂNCIA  AMBIENTAL - Got all the submission IDs
2026-02-25 09:00:55,064 [ForkJoinPool-11-worker-15] INFO  o.o.b.p.a.PullFromAggregateTracker - Pull Formulário da Recepção da Amostra - Got all the submission IDs
2026-02-25 09:00:55,068 [ForkJoinPool-11-worker-6] INFO  o.o.b.p.a.PullFromAggregateTracker - Pull Resultados de testagem das vigilâncias - Form downloaded
2026-02-25 09:00:55,068 [ForkJoinPool-11-worker-15] INFO  o.o.b.p.a.PullFromAggregateTracker - Push Formulário da Recepção da Amostra - There are no submissions to download
2026-02-25 09:00:55,068 [ForkJoinPool-11-worker-6] INFO  o.o.b.p.a.PullFromAggregateTracker - Pull Resultados de testagem das vigilâncias - Start getting form manifest
2026-02-25 09:00:55,075 [ForkJoinPool-11-worker-13] INFO  o.o.b.p.a.PullFromAggregateTracker - Push VIGILÂNCIA  AMBIENTAL - There are no submissions to download
2026-02-25 09:00:55,075 [ForkJoinPool-11-worker-15] INFO  o.o.b.p.a.PullFromAggregateTracker - Pull Formulário da Recepção da Amostra - Success
2026-02-25 09:00:55,080 [ForkJoinPool-11-worker-13] INFO  o.o.b.p.a.PullFromAggregateTracker - Pull VIGILÂNCIA  AMBIENTAL - Success
2026-02-25 09:00:55,083 [ForkJoinPool-11-worker-15] INFO  o.o.b.p.a.PullFromAggregateTracker - Pull Formulário da Vigilancia Comunitaria - Start pulling form and submissions
2026-02-25 09:00:55,083 [ForkJoinPool-11-worker-15] INFO  o.o.b.p.a.PullFromAggregateTracker - Pull Formulário da Vigilancia Comunitaria - Start downloading form
2026-02-25 09:00:55,083 [ForkJoinPool-11-worker-13] INFO  o.o.b.p.a.PullFromAggregateTracker - Pull Formulário da Vigilancia Hospitalar - Start pulling form and submissions
2026-02-25 09:00:55,087 [ForkJoinPool-11-worker-13] INFO  o.o.b.p.a.PullFromAggregateTracker - Pull Formulário da Vigilancia Hospitalar - Start downloading form
2026-02-25 09:00:55,113 [ForkJoinPool-11-worker-4] INFO  o.o.b.p.a.PullFromAggregateTracker - Pull Formulário da Vigilancia Comunitaria - Got the form manifest
2026-02-25 09:00:55,113 [ForkJoinPool-11-worker-4] INFO  o.o.b.p.a.PullFromAggregateTracker - Pull Formulário da Vigilancia Comunitaria - Skipping 1 form attachments that have been already downloaded
2026-02-25 09:00:55,113 [ForkJoinPool-11-worker-4] INFO  o.o.b.p.a.PullFromAggregateTracker - Pull Formulário da Vigilancia Comunitaria - Start getting submission IDs
2026-02-25 09:00:55,148 [AWT-EventQueue-0] INFO  XFormParser - Reading XML and parsing with kXML2 finished in 9.357 ms
2026-02-25 09:00:55,155 [AWT-EventQueue-0] INFO  XFormParser - Consolidating text finished in 5.579 ms
2026-02-25 09:00:55,155 [AWT-EventQueue-0] INFO  XFormParser - Parsing form...
2026-02-25 09:00:55,155 [AWT-EventQueue-0] INFO  XFormParser - Title: "Resultados de testagem das vigilâncias"
2026-02-25 09:00:55,155 [AWT-EventQueue-0] WARN  XFormParser - XForm Parse Warning: Warning: 1 Unrecognized attributes found in Element [model] and will be ignored: [xforms-version] 
    Problem found at nodeset: /html/head/model
    With element <model xforms-version="1.0.0"><instance><data id="hospitalar_LB" version="13" prefix="Hospitalar LB" delimiter="$">...

2026-02-25 09:00:55,370 [ForkJoinPool-11-worker-3] INFO  o.o.b.p.a.PullFromAggregateTracker - Pull Formulário da Vigilancia Comunitaria - Got all the submission IDs
2026-02-25 09:00:55,373 [ForkJoinPool-11-worker-6] INFO  o.o.b.p.a.PullFromAggregateTracker - Pull Resultados de testagem das vigilâncias - Got the form manifest
2026-02-25 09:00:55,373 [ForkJoinPool-11-worker-10] INFO  o.o.b.p.a.PullFromAggregateTracker - Pull VIGILÂNCIA  AMBIENTAL - Form downloaded
2026-02-25 09:00:55,373 [ForkJoinPool-11-worker-6] INFO  o.o.b.p.a.PullFromAggregateTracker - Pull Resultados de testagem das vigilâncias - Skipping 1 form attachments that have been already downloaded
2026-02-25 09:00:55,375 [ForkJoinPool-11-worker-6] INFO  o.o.b.p.a.PullFromAggregateTracker - Pull Resultados de testagem das vigilâncias - Start getting submission IDs
2026-02-25 09:00:55,375 [ForkJoinPool-11-worker-2] INFO  o.o.b.p.a.PullFromAggregateTracker - Pull VIGILÂNCIA  AMBIENTAL - Form downloaded
2026-02-25 09:00:55,375 [ForkJoinPool-11-worker-10] INFO  o.o.b.p.a.PullFromAggregateTracker - Pull VIGILÂNCIA  AMBIENTAL - Start getting submission IDs
2026-02-25 09:00:55,375 [ForkJoinPool-11-worker-2] INFO  o.o.b.p.a.PullFromAggregateTracker - Pull VIGILÂNCIA  AMBIENTAL - Start getting submission IDs
2026-02-25 09:00:55,392 [ForkJoinPool-11-worker-9] INFO  o.o.b.p.a.PullFromAggregateTracker - Pull Formulário da Vigilancia Hospitalar - Form downloaded
2026-02-25 09:00:55,392 [ForkJoinPool-11-worker-8] INFO  o.o.b.p.a.PullFromAggregateTracker - Pull Formulário da Vigilancia Hospitalar - Form downloaded
2026-02-25 09:00:55,394 [ForkJoinPool-11-worker-9] INFO  o.o.b.p.a.PullFromAggregateTracker - Pull Formulário da Vigilancia Hospitalar - Start getting form manifest
2026-02-25 09:00:55,394 [ForkJoinPool-11-worker-8] INFO  o.o.b.p.a.PullFromAggregateTracker - Pull Formulário da Vigilancia Hospitalar - Start getting form manifest
2026-02-25 09:00:55,404 [AWT-EventQueue-0] INFO  XFormParser - Creating FormDef from parsed XML finished in 252.767 ms
2026-02-25 09:00:55,415 [AWT-EventQueue-0] INFO  XFormParser - Reading XML and parsing with kXML2 finished in 2.604 ms
2026-02-25 09:00:55,416 [AWT-EventQueue-0] INFO  XFormParser - Consolidating text finished in 0.873 ms
2026-02-25 09:00:55,416 [AWT-EventQueue-0] INFO  XFormParser - Parsing form...
2026-02-25 09:00:55,416 [AWT-EventQueue-0] INFO  XFormParser - Title: "VIGILÂNCIA  AMBIENTAL"
2026-02-25 09:00:55,416 [AWT-EventQueue-0] WARN  XFormParser - XForm Parse Warning: Warning: 1 Unrecognized attributes found in Element [model] and will be ignored: [xforms-version] 
    Problem found at nodeset: /html/head/model
    With element <model xforms-version="1.0.0"><instance><data id="VIGILÂNCIA  AMBIENTAL_v3" version="3" prefix="VIGILÂNCIA  AMBIENTAL_v3" delimiter="$">...

2026-02-25 09:00:55,436 [AWT-EventQueue-0] INFO  XFormParser - Creating FormDef from parsed XML finished in 20.606 ms
2026-02-25 09:00:55,452 [ForkJoinPool-11-worker-3] INFO  o.o.b.p.a.PullFromAggregateTracker - Push Formulário da Vigilancia Comunitaria - There are no submissions to download
2026-02-25 09:00:55,454 [ForkJoinPool-11-worker-3] INFO  o.o.b.p.a.PullFromAggregateTracker - Pull Formulário da Vigilancia Comunitaria - Success
2026-02-25 09:00:55,456 [ForkJoinPool-11-worker-3] INFO  o.o.b.p.a.PullFromAggregateTracker - Pull VIGILÂNCIA  AMBIENTAL - Start pulling form and submissions
2026-02-25 09:00:55,456 [ForkJoinPool-11-worker-3] INFO  o.o.b.p.a.PullFromAggregateTracker - Pull VIGILÂNCIA  AMBIENTAL - Start downloading form
2026-02-25 09:00:55,500 [AWT-EventQueue-0] ERROR XFormParser - XML Syntax Error at Line: 1, Column: 423552!
org.xmlpull.v1.XmlPullParserException: element stack empty (position:END_TAG </select>@1:423552 in java.io.StringReader@1da3626) 
	at org.kxml2.io.KXmlParser.exception(Unknown Source)
	at org.kxml2.io.KXmlParser.error(Unknown Source)
	at org.kxml2.io.KXmlParser.parseEndTag(Unknown Source)
	at org.kxml2.io.KXmlParser.nextImpl(Unknown Source)
	at org.kxml2.io.KXmlParser.nextToken(Unknown Source)
	at org.kxml2.kdom.Element.parse(Unknown Source)
	at org.kxml2.kdom.Node.parse(Unknown Source)
	at org.kxml2.kdom.Document.parse(Unknown Source)
	at org.javarosa.xform.parse.XFormParser.getXMLDocument(XFormParser.java:444)
	at org.javarosa.xform.parse.XFormParser.getXMLDocument(XFormParser.java:414)
	at org.opendatakit.aggregate.parser.BaseFormParserForJavaRosa.parseFormDefinition(BaseFormParserForJavaRosa.java:207)
	at org.opendatakit.aggregate.parser.BaseFormParserForJavaRosa.<init>(BaseFormParserForJavaRosa.java:359)
	at org.opendatakit.briefcase.util.JavaRosaParserWrapper.<init>(JavaRosaParserWrapper.java:15)
	at org.opendatakit.briefcase.model.BriefcaseFormDefinition.<init>(BriefcaseFormDefinition.java:294)
	at org.opendatakit.briefcase.util.FormCache.lambda$update$1(FormCache.java:123)
	at java.util.stream.ForEachOps$ForEachOp$OfRef.accept(Unknown Source)
	at java.util.stream.ReferencePipeline$2$1.accept(Unknown Source)
	at java.util.Iterator.forEachRemaining(Unknown Source)
	at java.util.Spliterators$IteratorSpliterator.forEachRemaining(Unknown Source)
	at java.util.stream.AbstractPipeline.copyInto(Unknown Source)
	at java.util.stream.AbstractPipeline.wrapAndCopyInto(Unknown Source)
	at java.util.stream.ForEachOps$ForEachOp.evaluateSequential(Unknown Source)
	at java.util.stream.ForEachOps$ForEachOp$OfRef.evaluateSequential(Unknown Source)
	at java.util.stream.AbstractPipeline.evaluate(Unknown Source)
	at java.util.stream.ReferencePipeline.forEach(Unknown Source)
	at org.opendatakit.briefcase.util.FormCache.lambda$update$2(FormCache.java:117)
	at java.util.Optional.ifPresent(Unknown Source)
	at org.opendatakit.briefcase.util.FormCache.update(FormCache.java:113)
	at org.opendatakit.briefcase.util.FormCache.onPullSuccess(FormCache.java:150)
	at sun.reflect.GeneratedMethodAccessor11.invoke(Unknown Source)
	at sun.reflect.DelegatingMethodAccessorImpl.invoke(Unknown Source)
	at java.lang.reflect.Method.invoke(Unknown Source)
	at org.bushe.swing.event.annotation.BaseProxySubscriber.onEvent(BaseProxySubscriber.java:69)
	at org.bushe.swing.event.ThreadSafeEventService.publish(ThreadSafeEventService.java:971)
	at org.bushe.swing.event.SwingEventService.access$001(SwingEventService.java:31)
	at org.bushe.swing.event.SwingEventService$1.run(SwingEventService.java:88)
	at java.awt.event.InvocationEvent.dispatch(Unknown Source)
	at java.awt.EventQueue.dispatchEventImpl(Unknown Source)
	at java.awt.EventQueue.access$500(Unknown Source)
	at java.awt.EventQueue$3.run(Unknown Source)
	at java.awt.EventQueue$3.run(Unknown Source)
	at java.security.AccessController.doPrivileged(Native Method)
	at java.security.ProtectionDomain$JavaSecurityAccessImpl.doIntersectionPrivilege(Unknown Source)
	at java.awt.EventQueue.dispatchEvent(Unknown Source)
	at java.awt.EventDispatchThread.pumpOneEventForFilters(Unknown Source)
	at java.awt.EventDispatchThread.pumpEventsForFilter(Unknown Source)
	at java.awt.EventDispatchThread.pumpEventsForHierarchy(Unknown Source)
	at java.awt.EventDispatchThread.pumpEvents(Unknown Source)
	at java.awt.EventDispatchThread.pumpEvents(Unknown Source)
	at java.awt.EventDispatchThread.run(Unknown Source)
2026-02-25 09:00:55,502 [AWT-EventQueue-0] WARN  o.o.briefcase.util.FormCache - Can't parse form file
org.opendatakit.briefcase.util.BadFormDefinition: org.opendatakit.aggregate.exception.ODKIncompleteSubmissionData: org.javarosa.xform.parse.XFormParseException: XML Syntax Error at Line: 1, Column: 423552!
	at org.opendatakit.briefcase.model.BriefcaseFormDefinition.<init>(BriefcaseFormDefinition.java:297)
	at org.opendatakit.briefcase.util.FormCache.lambda$update$1(FormCache.java:123)
	at java.util.stream.ForEachOps$ForEachOp$OfRef.accept(Unknown Source)
	at java.util.stream.ReferencePipeline$2$1.accept(Unknown Source)
	at java.util.Iterator.forEachRemaining(Unknown Source)
	at java.util.Spliterators$IteratorSpliterator.forEachRemaining(Unknown Source)
	at java.util.stream.AbstractPipeline.copyInto(Unknown Source)
	at java.util.stream.AbstractPipeline.wrapAndCopyInto(Unknown Source)
	at java.util.stream.ForEachOps$ForEachOp.evaluateSequential(Unknown Source)
	at java.util.stream.ForEachOps$ForEachOp$OfRef.evaluateSequential(Unknown Source)
	at java.util.stream.AbstractPipeline.evaluate(Unknown Source)
	at java.util.stream.ReferencePipeline.forEach(Unknown Source)
	at org.opendatakit.briefcase.util.FormCache.lambda$update$2(FormCache.java:117)
	at java.util.Optional.ifPresent(Unknown Source)
	at org.opendatakit.briefcase.util.FormCache.update(FormCache.java:113)
	at org.opendatakit.briefcase.util.FormCache.onPullSuccess(FormCache.java:150)
	at sun.reflect.GeneratedMethodAccessor11.invoke(Unknown Source)
	at sun.reflect.DelegatingMethodAccessorImpl.invoke(Unknown Source)
	at java.lang.reflect.Method.invoke(Unknown Source)
	at org.bushe.swing.event.annotation.BaseProxySubscriber.onEvent(BaseProxySubscriber.java:69)
	at org.bushe.swing.event.ThreadSafeEventService.publish(ThreadSafeEventService.java:971)
	at org.bushe.swing.event.SwingEventService.access$001(SwingEventService.java:31)
	at org.bushe.swing.event.SwingEventService$1.run(SwingEventService.java:88)
	at java.awt.event.InvocationEvent.dispatch(Unknown Source)
	at java.awt.EventQueue.dispatchEventImpl(Unknown Source)
	at java.awt.EventQueue.access$500(Unknown Source)
	at java.awt.EventQueue$3.run(Unknown Source)
	at java.awt.EventQueue$3.run(Unknown Source)
	at java.security.AccessController.doPrivileged(Native Method)
	at java.security.ProtectionDomain$JavaSecurityAccessImpl.doIntersectionPrivilege(Unknown Source)
	at java.awt.EventQueue.dispatchEvent(Unknown Source)
	at java.awt.EventDispatchThread.pumpOneEventForFilters(Unknown Source)
	at java.awt.EventDispatchThread.pumpEventsForFilter(Unknown Source)
	at java.awt.EventDispatchThread.pumpEventsForHierarchy(Unknown Source)
	at java.awt.EventDispatchThread.pumpEvents(Unknown Source)
	at java.awt.EventDispatchThread.pumpEvents(Unknown Source)
	at java.awt.EventDispatchThread.run(Unknown Source)
Caused by: org.opendatakit.aggregate.exception.ODKIncompleteSubmissionData: org.javarosa.xform.parse.XFormParseException: XML Syntax Error at Line: 1, Column: 423552!
	at org.opendatakit.aggregate.parser.BaseFormParserForJavaRosa.parseFormDefinition(BaseFormParserForJavaRosa.java:210)
	at org.opendatakit.aggregate.parser.BaseFormParserForJavaRosa.<init>(BaseFormParserForJavaRosa.java:359)
	at org.opendatakit.briefcase.util.JavaRosaParserWrapper.<init>(JavaRosaParserWrapper.java:15)
	at org.opendatakit.briefcase.model.BriefcaseFormDefinition.<init>(BriefcaseFormDefinition.java:294)
	... 36 common frames omitted
Caused by: org.javarosa.xform.parse.XFormParseException: XML Syntax Error at Line: 1, Column: 423552!
	at org.javarosa.xform.parse.XFormParser.getXMLDocument(XFormParser.java:448)
	at org.javarosa.xform.parse.XFormParser.getXMLDocument(XFormParser.java:414)
	at org.opendatakit.aggregate.parser.BaseFormParserForJavaRosa.parseFormDefinition(BaseFormParserForJavaRosa.java:207)
	... 39 common frames omitted
2026-02-25 09:00:55,604 [ForkJoinPool-11-worker-11] INFO  o.o.b.p.a.PullFromAggregateTracker - Pull Formulário da Vigilancia Hospitalar - Form downloaded
2026-02-25 09:00:55,604 [ForkJoinPool-11-worker-11] INFO  o.o.b.p.a.PullFromAggregateTracker - Pull Formulário da Vigilancia Hospitalar - Start getting form manifest
2026-02-25 09:00:55,624 [ForkJoinPool-11-worker-10] INFO  o.o.b.p.a.PullFromAggregateTracker - Pull VIGILÂNCIA  AMBIENTAL - Got all the submission IDs
2026-02-25 09:00:55,624 [ForkJoinPool-11-worker-2] INFO  o.o.b.p.a.PullFromAggregateTracker - Pull VIGILÂNCIA  AMBIENTAL - Got all the submission IDs
2026-02-25 09:00:55,624 [ForkJoinPool-11-worker-4] INFO  o.o.b.p.a.PullFromAggregateTracker - Pull Formulário da Vigilancia Comunitaria - Got all the submission IDs
2026-02-25 09:00:55,633 [ForkJoinPool-11-worker-10] INFO  o.o.b.p.a.PullFromAggregateTracker - Push VIGILÂNCIA  AMBIENTAL - There are no submissions to download
2026-02-25 09:00:55,633 [ForkJoinPool-11-worker-2] INFO  o.o.b.p.a.PullFromAggregateTracker - Push VIGILÂNCIA  AMBIENTAL - There are no submissions to download
2026-02-25 09:00:55,638 [ForkJoinPool-11-worker-10] INFO  o.o.b.p.a.PullFromAggregateTracker - Pull VIGILÂNCIA  AMBIENTAL - Success
2026-02-25 09:00:55,638 [ForkJoinPool-11-worker-2] INFO  o.o.b.p.a.PullFromAggregateTracker - Pull VIGILÂNCIA  AMBIENTAL - Success
2026-02-25 09:00:55,638 [ForkJoinPool-11-worker-10] INFO  o.o.b.p.a.PullFromAggregateTracker - Pull Formulário da Vigilancia Comunitaria - Start pulling form and submissions
2026-02-25 09:00:55,640 [ForkJoinPool-11-worker-10] INFO  o.o.b.p.a.PullFromAggregateTracker - Pull Formulário da Vigilancia Comunitaria - Start downloading form
2026-02-25 09:00:55,640 [ForkJoinPool-11-worker-2] INFO  o.o.b.p.a.PullFromAggregateTracker - Pull Formulário da Vigilancia Hospitalar - Start pulling form and submissions
2026-02-25 09:00:55,640 [ForkJoinPool-11-worker-2] INFO  o.o.b.p.a.PullFromAggregateTracker - Pull Formulário da Vigilancia Hospitalar - Start downloading form
2026-02-25 09:00:55,641 [AWT-EventQueue-0] INFO  XFormParser - Reading XML and parsing with kXML2 finished in 27.187 ms
2026-02-25 09:00:55,644 [AWT-EventQueue-0] INFO  XFormParser - Consolidating text finished in 5.741 ms
2026-02-25 09:00:55,644 [AWT-EventQueue-0] INFO  XFormParser - Parsing form...
2026-02-25 09:00:55,644 [AWT-EventQueue-0] INFO  XFormParser - Title: "Formulário da Vigilancia Hospitalar"
2026-02-25 09:00:55,644 [AWT-EventQueue-0] WARN  XFormParser - XForm Parse Warning: Warning: 1 Unrecognized attributes found in Element [model] and will be ignored: [xforms-version] 
    Problem found at nodeset: /html/head/model
    With element <model xforms-version="1.0.0"><instance><data id="hospitalar_v1" version="1" prefix="Hospitalar" delimiter="$">...

2026-02-25 09:00:55,651 [ForkJoinPool-11-worker-6] INFO  o.o.b.p.a.PullFromAggregateTracker - Pull Resultados de testagem das vigilâncias - Got all the submission IDs
2026-02-25 09:00:55,704 [ForkJoinPool-11-worker-4] INFO  o.o.b.p.a.PullFromAggregateTracker - Push Formulário da Vigilancia Comunitaria - There are no submissions to download
2026-02-25 09:00:55,704 [ForkJoinPool-11-worker-6] INFO  o.o.b.p.a.PullFromAggregateTracker - Push Resultados de testagem das vigilâncias - There are no submissions to download
2026-02-25 09:00:55,704 [ForkJoinPool-11-worker-4] INFO  o.o.b.p.a.PullFromAggregateTracker - Pull Formulário da Vigilancia Comunitaria - Success
2026-02-25 09:00:55,710 [ForkJoinPool-11-worker-4] INFO  o.o.b.p.a.PullFromAggregateTracker - Pull Resultados de testagem das vigilâncias - Start pulling form and submissions
2026-02-25 09:00:55,710 [ForkJoinPool-11-worker-6] INFO  o.o.b.p.a.PullFromAggregateTracker - Pull Resultados de testagem das vigilâncias - Success
2026-02-25 09:00:55,710 [ForkJoinPool-11-worker-4] INFO  o.o.b.p.a.PullFromAggregateTracker - Pull Resultados de testagem das vigilâncias - Start downloading form
2026-02-25 09:00:55,714 [ForkJoinPool-11-worker-6] INFO  o.o.b.p.a.PullFromAggregateTracker - Pull Formulário da Vigilancia Hospitalar - Start pulling form and submissions
2026-02-25 09:00:55,714 [ForkJoinPool-11-worker-6] INFO  o.o.b.p.a.PullFromAggregateTracker - Pull Formulário da Vigilancia Hospitalar - Start downloading form
2026-02-25 09:00:55,717 [AWT-EventQueue-0] INFO  XFormParser - Creating FormDef from parsed XML finished in 69.922 ms
2026-02-25 09:00:55,824 [ForkJoinPool-11-worker-1] INFO  o.o.b.p.a.PullFromAggregateTracker - Pull Formulário da Vigilancia Hospitalar - Form downloaded
2026-02-25 09:00:55,826 [ForkJoinPool-11-worker-1] INFO  o.o.b.p.a.PullFromAggregateTracker - Pull Formulário da Vigilancia Hospitalar - Start getting submission IDs
2026-02-25 09:00:55,831 [ForkJoinPool-11-worker-9] INFO  o.o.b.p.a.PullFromAggregateTracker - Pull Formulário da Vigilancia Hospitalar - Got the form manifest
2026-02-25 09:00:55,831 [ForkJoinPool-11-worker-9] INFO  o.o.b.p.a.PullFromAggregateTracker - Pull Formulário da Vigilancia Hospitalar - Skipping 1 form attachments that have been already downloaded
2026-02-25 09:00:55,831 [ForkJoinPool-11-worker-9] INFO  o.o.b.p.a.PullFromAggregateTracker - Pull Formulário da Vigilancia Hospitalar - Start getting submission IDs
2026-02-25 09:00:55,860 [AWT-EventQueue-0] INFO  XFormParser - Reading XML and parsing with kXML2 finished in 14.533 ms
2026-02-25 09:00:55,866 [AWT-EventQueue-0] INFO  XFormParser - Consolidating text finished in 6.280 ms
2026-02-25 09:00:55,866 [AWT-EventQueue-0] INFO  XFormParser - Parsing form...
2026-02-25 09:00:55,866 [AWT-EventQueue-0] INFO  XFormParser - Title: "Formulário da Vigilancia Hospitalar"
2026-02-25 09:00:55,866 [AWT-EventQueue-0] WARN  XFormParser - XForm Parse Warning: Warning: 1 Unrecognized attributes found in Element [model] and will be ignored: [xforms-version] 
    Problem found at nodeset: /html/head/model
    With element <model xforms-version="1.0.0"><instance><data id="hospitalar_v3" version="3" prefix="Hospitalar_v3" delimiter="$">...

2026-02-25 09:00:55,893 [ForkJoinPool-11-worker-11] INFO  o.o.b.p.a.PullFromAggregateTracker - Pull Formulário da Vigilancia Hospitalar - Got the form manifest
2026-02-25 09:00:55,893 [ForkJoinPool-11-worker-8] INFO  o.o.b.p.a.PullFromAggregateTracker - Pull Formulário da Vigilancia Hospitalar - Got the form manifest
2026-02-25 09:00:55,895 [ForkJoinPool-11-worker-8] INFO  o.o.b.p.a.PullFromAggregateTracker - Pull Formulário da Vigilancia Hospitalar - Skipping 1 form attachments that have been already downloaded
2026-02-25 09:00:55,895 [ForkJoinPool-11-worker-11] INFO  o.o.b.p.a.PullFromAggregateTracker - Pull Formulário da Vigilancia Hospitalar - Skipping 1 form attachments that have been already downloaded
2026-02-25 09:00:55,895 [ForkJoinPool-11-worker-8] INFO  o.o.b.p.a.PullFromAggregateTracker - Pull Formulário da Vigilancia Hospitalar - Start getting submission IDs
2026-02-25 09:00:55,895 [ForkJoinPool-11-worker-11] INFO  o.o.b.p.a.PullFromAggregateTracker - Pull Formulário da Vigilancia Hospitalar - Start getting submission IDs
2026-02-25 09:00:55,901 [AWT-EventQueue-0] INFO  XFormParser - Creating FormDef from parsed XML finished in 35.081 ms
2026-02-25 09:00:55,901 [ForkJoinPool-11-worker-3] INFO  o.o.b.p.a.PullFromAggregateTracker - Pull VIGILÂNCIA  AMBIENTAL - Form downloaded
2026-02-25 09:00:55,901 [ForkJoinPool-11-worker-3] INFO  o.o.b.p.a.PullFromAggregateTracker - Pull VIGILÂNCIA  AMBIENTAL - Start getting submission IDs
2026-02-25 09:00:55,908 [AWT-EventQueue-0] INFO  XFormParser - Reading XML and parsing with kXML2 finished in 0.835 ms
2026-02-25 09:00:55,908 [AWT-EventQueue-0] INFO  XFormParser - Consolidating text finished in 0.250 ms
2026-02-25 09:00:55,908 [AWT-EventQueue-0] INFO  XFormParser - Parsing form...
2026-02-25 09:00:55,908 [AWT-EventQueue-0] INFO  XFormParser - Title: "VIGILÂNCIA  AMBIENTAL"
2026-02-25 09:00:55,908 [AWT-EventQueue-0] WARN  XFormParser - XForm Parse Warning: Warning: 1 Unrecognized attributes found in Element [model] and will be ignored: [xforms-version] 
    Problem found at nodeset: /html/head/model
    With element <model xforms-version="1.0.0"><instance><data id="VIGILÂNCIA AMBIENTAL_v4" version="4" prefix="VIGILÂNCIA AMBIENTAL_v4" delimiter="$">...

2026-02-25 09:00:55,927 [AWT-EventQueue-0] INFO  XFormParser - Creating FormDef from parsed XML finished in 11.445 ms
2026-02-25 09:00:56,165 [ForkJoinPool-11-worker-1] INFO  o.o.b.p.a.PullFromAggregateTracker - Pull Formulário da Vigilancia Hospitalar - Got all the submission IDs
2026-02-25 09:00:56,167 [ForkJoinPool-11-worker-9] INFO  o.o.b.p.a.PullFromAggregateTracker - Pull Formulário da Vigilancia Hospitalar - Got all the submission IDs
2026-02-25 09:00:56,275 [ForkJoinPool-11-worker-9] INFO  o.o.b.p.a.PullFromAggregateTracker - Push Formulário da Vigilancia Hospitalar - There are no submissions to download
2026-02-25 09:00:56,275 [ForkJoinPool-11-worker-1] INFO  o.o.b.p.a.PullFromAggregateTracker - Push Formulário da Vigilancia Hospitalar - There are no submissions to download
2026-02-25 09:00:56,292 [ForkJoinPool-11-worker-9] INFO  o.o.b.p.a.PullFromAggregateTracker - Pull Formulário da Vigilancia Hospitalar - Success
2026-02-25 09:00:56,292 [ForkJoinPool-11-worker-1] INFO  o.o.b.p.a.PullFromAggregateTracker - Pull Formulário da Vigilancia Hospitalar - Success
2026-02-25 09:00:56,295 [ForkJoinPool-11-worker-9] INFO  o.o.b.p.a.PullFromAggregateTracker - Pull Formulário da Vigilancia Hospitalar - Laboratório - Start pulling form and submissions
2026-02-25 09:00:56,295 [ForkJoinPool-11-worker-1] INFO  o.o.b.p.a.PullFromAggregateTracker - Pull Formulário da Vigilancia Hospitalar - Laboratório - Start pulling form and submissions
2026-02-25 09:00:56,295 [ForkJoinPool-11-worker-9] INFO  o.o.b.p.a.PullFromAggregateTracker - Pull Formulário da Vigilancia Hospitalar - Laboratório - Start downloading form
2026-02-25 09:00:56,295 [ForkJoinPool-11-worker-1] INFO  o.o.b.p.a.PullFromAggregateTracker - Pull Formulário da Vigilancia Hospitalar - Laboratório - Start downloading form
2026-02-25 09:00:56,393 [ForkJoinPool-11-worker-4] INFO  o.o.b.p.a.PullFromAggregateTracker - Pull Resultados de testagem das vigilâncias - Form downloaded
2026-02-25 09:00:56,393 [ForkJoinPool-11-worker-4] INFO  o.o.b.p.a.PullFromAggregateTracker - Pull Resultados de testagem das vigilâncias - Start getting submission IDs
2026-02-25 09:00:56,406 [ForkJoinPool-11-worker-11] INFO  o.o.b.p.a.PullFromAggregateTracker - Pull Formulário da Vigilancia Hospitalar - Got all the submission IDs
2026-02-25 09:00:56,411 [ForkJoinPool-11-worker-15] INFO  o.o.b.p.a.PullFromAggregateTracker - Pull Formulário da Vigilancia Comunitaria - Form downloaded
2026-02-25 09:00:56,412 [ForkJoinPool-11-worker-15] INFO  o.o.b.p.a.PullFromAggregateTracker - Pull Formulário da Vigilancia Comunitaria - Start getting submission IDs
2026-02-25 09:00:56,426 [ForkJoinPool-11-worker-8] INFO  o.o.b.p.a.PullFromAggregateTracker - Pull Formulário da Vigilancia Hospitalar - Got all the submission IDs
2026-02-25 09:00:56,431 [ForkJoinPool-11-worker-2] INFO  o.o.b.p.a.PullFromAggregateTracker - Pull Formulário da Vigilancia Hospitalar - Form downloaded
2026-02-25 09:00:56,431 [ForkJoinPool-11-worker-2] INFO  o.o.b.p.a.PullFromAggregateTracker - Pull Formulário da Vigilancia Hospitalar - Start getting submission IDs
2026-02-25 09:00:56,507 [ForkJoinPool-11-worker-11] INFO  o.o.b.p.a.PullFromAggregateTracker - Push Formulário da Vigilancia Hospitalar - There are no submissions to download
2026-02-25 09:00:56,510 [ForkJoinPool-11-worker-8] INFO  o.o.b.p.a.PullFromAggregateTracker - Push Formulário da Vigilancia Hospitalar - There are no submissions to download
2026-02-25 09:00:56,510 [ForkJoinPool-11-worker-11] INFO  o.o.b.p.a.PullFromAggregateTracker - Pull Formulário da Vigilancia Hospitalar - Success
2026-02-25 09:00:56,514 [ForkJoinPool-11-worker-8] INFO  o.o.b.p.a.PullFromAggregateTracker - Pull Formulário da Vigilancia Hospitalar - Success
2026-02-25 09:00:56,597 [AWT-EventQueue-0] INFO  XFormParser - Reading XML and parsing with kXML2 finished in 16.610 ms
2026-02-25 09:00:56,603 [AWT-EventQueue-0] INFO  XFormParser - Consolidating text finished in 6.363 ms
2026-02-25 09:00:56,603 [AWT-EventQueue-0] INFO  XFormParser - Parsing form...
2026-02-25 09:00:56,603 [AWT-EventQueue-0] INFO  XFormParser - Title: "Formulário da Vigilancia Comunitaria"
2026-02-25 09:00:56,603 [AWT-EventQueue-0] WARN  XFormParser - XForm Parse Warning: Warning: 1 Unrecognized attributes found in Element [model] and will be ignored: [xforms-version] 
    Problem found at nodeset: /html/head/model
    With element <model xforms-version="1.0.0"><instance><data id="Comunidade_v3" version="1" prefix="Comunidade_v3" delimiter="$">...

2026-02-25 09:00:56,636 [AWT-EventQueue-0] INFO  XFormParser - Creating FormDef from parsed XML finished in 32.858 ms
2026-02-25 09:00:56,659 [AWT-EventQueue-0] INFO  XFormParser - Reading XML and parsing with kXML2 finished in 13.619 ms
2026-02-25 09:00:56,679 [AWT-EventQueue-0] INFO  XFormParser - Consolidating text finished in 18.437 ms
2026-02-25 09:00:56,679 [AWT-EventQueue-0] INFO  XFormParser - Parsing form...
2026-02-25 09:00:56,679 [AWT-EventQueue-0] INFO  XFormParser - Title: "Formulário da Vigilancia Hospitalar"
2026-02-25 09:00:56,679 [AWT-EventQueue-0] WARN  XFormParser - XForm Parse Warning: Warning: 1 Unrecognized attributes found in Element [model] and will be ignored: [xforms-version] 
    Problem found at nodeset: /html/head/model
    With element <model xforms-version="1.0.0"><instance><data id="hospitalar_v5" version="1" prefix="hospitalar_v5" delimiter="$">...

2026-02-25 09:00:56,703 [AWT-EventQueue-0] INFO  XFormParser - Creating FormDef from parsed XML finished in 24.360 ms
2026-02-25 09:00:56,712 [AWT-EventQueue-0] INFO  XFormParser - Reading XML and parsing with kXML2 finished in 2.428 ms
2026-02-25 09:00:56,713 [AWT-EventQueue-0] INFO  XFormParser - Consolidating text finished in 0.559 ms
2026-02-25 09:00:56,713 [AWT-EventQueue-0] INFO  XFormParser - Parsing form...
2026-02-25 09:00:56,713 [AWT-EventQueue-0] INFO  XFormParser - Title: "Resultados de testagem das vigilâncias"
2026-02-25 09:00:56,713 [AWT-EventQueue-0] WARN  XFormParser - XForm Parse Warning: Warning: 1 Unrecognized attributes found in Element [model] and will be ignored: [xforms-version] 
    Problem found at nodeset: /html/head/model
    With element <model xforms-version="1.0.0"><instance><data id="hospitalar_LB_v2" version="2" prefix="Hospitalar LB_v2" delimiter="$">...

2026-02-25 09:00:56,738 [AWT-EventQueue-0] INFO  XFormParser - Creating FormDef from parsed XML finished in 24.282 ms
2026-02-25 09:00:56,810 [ForkJoinPool-11-worker-4] INFO  o.o.b.p.a.PullFromAggregateTracker - Pull Resultados de testagem das vigilâncias - Got all the submission IDs
2026-02-25 09:00:56,812 [ForkJoinPool-11-worker-3] INFO  o.o.b.p.a.PullFromAggregateTracker - Pull VIGILÂNCIA  AMBIENTAL - Got all the submission IDs
2026-02-25 09:00:56,812 [ForkJoinPool-11-worker-15] INFO  o.o.b.p.a.PullFromAggregateTracker - Pull Formulário da Vigilancia Comunitaria - Got all the submission IDs
2026-02-25 09:00:56,814 [ForkJoinPool-11-worker-9] INFO  o.o.b.p.a.PullFromAggregateTracker - Pull Formulário da Vigilancia Hospitalar - Laboratório - Form downloaded
2026-02-25 09:00:56,814 [ForkJoinPool-11-worker-1] INFO  o.o.b.p.a.PullFromAggregateTracker - Pull Formulário da Vigilancia Hospitalar - Laboratório - Form downloaded
2026-02-25 09:00:56,814 [ForkJoinPool-11-worker-9] INFO  o.o.b.p.a.PullFromAggregateTracker - Pull Formulário da Vigilancia Hospitalar - Laboratório - Start getting submission IDs
2026-02-25 09:00:56,814 [ForkJoinPool-11-worker-1] INFO  o.o.b.p.a.PullFromAggregateTracker - Pull Formulário da Vigilancia Hospitalar - Laboratório - Start getting submission IDs
2026-02-25 09:00:56,940 [ForkJoinPool-11-worker-3] INFO  o.o.b.p.a.PullFromAggregateTracker - Push VIGILÂNCIA  AMBIENTAL - There are no submissions to download
2026-02-25 09:00:56,941 [ForkJoinPool-11-worker-4] INFO  o.o.b.p.a.PullFromAggregateTracker - Push Resultados de testagem das vigilâncias - There are no submissions to download
2026-02-25 09:00:56,941 [ForkJoinPool-11-worker-3] INFO  o.o.b.p.a.PullFromAggregateTracker - Pull VIGILÂNCIA  AMBIENTAL - Success
2026-02-25 09:00:56,943 [ForkJoinPool-11-worker-4] INFO  o.o.b.p.a.PullFromAggregateTracker - Pull Resultados de testagem das vigilâncias - Success
2026-02-25 09:00:56,993 [ForkJoinPool-11-worker-15] INFO  o.o.b.p.a.PullFromAggregateTracker - Push Formulário da Vigilancia Comunitaria - There are no submissions to download
2026-02-25 09:00:56,995 [ForkJoinPool-11-worker-15] INFO  o.o.b.p.a.PullFromAggregateTracker - Pull Formulário da Vigilancia Comunitaria - Success
2026-02-25 09:00:57,008 [AWT-EventQueue-0] ERROR XFormParser - XML Syntax Error at Line: 1, Column: 10832!
org.xmlpull.v1.XmlPullParserException: element stack empty (position:END_TAG </input>@1:10832 in java.io.StringReader@e98db2) 
	at org.kxml2.io.KXmlParser.exception(Unknown Source)
	at org.kxml2.io.KXmlParser.error(Unknown Source)
	at org.kxml2.io.KXmlParser.parseEndTag(Unknown Source)
	at org.kxml2.io.KXmlParser.nextImpl(Unknown Source)
	at org.kxml2.io.KXmlParser.nextToken(Unknown Source)
	at org.kxml2.kdom.Element.parse(Unknown Source)
	at org.kxml2.kdom.Node.parse(Unknown Source)
	at org.kxml2.kdom.Document.parse(Unknown Source)
	at org.javarosa.xform.parse.XFormParser.getXMLDocument(XFormParser.java:444)
	at org.javarosa.xform.parse.XFormParser.getXMLDocument(XFormParser.java:414)
	at org.opendatakit.aggregate.parser.BaseFormParserForJavaRosa.parseFormDefinition(BaseFormParserForJavaRosa.java:207)
	at org.opendatakit.aggregate.parser.BaseFormParserForJavaRosa.<init>(BaseFormParserForJavaRosa.java:359)
	at org.opendatakit.briefcase.util.JavaRosaParserWrapper.<init>(JavaRosaParserWrapper.java:15)
	at org.opendatakit.briefcase.model.BriefcaseFormDefinition.<init>(BriefcaseFormDefinition.java:294)
	at org.opendatakit.briefcase.util.FormCache.lambda$update$1(FormCache.java:123)
	at java.util.stream.ForEachOps$ForEachOp$OfRef.accept(Unknown Source)
	at java.util.stream.ReferencePipeline$2$1.accept(Unknown Source)
	at java.util.Iterator.forEachRemaining(Unknown Source)
	at java.util.Spliterators$IteratorSpliterator.forEachRemaining(Unknown Source)
	at java.util.stream.AbstractPipeline.copyInto(Unknown Source)
	at java.util.stream.AbstractPipeline.wrapAndCopyInto(Unknown Source)
	at java.util.stream.ForEachOps$ForEachOp.evaluateSequential(Unknown Source)
	at java.util.stream.ForEachOps$ForEachOp$OfRef.evaluateSequential(Unknown Source)
	at java.util.stream.AbstractPipeline.evaluate(Unknown Source)
	at java.util.stream.ReferencePipeline.forEach(Unknown Source)
	at org.opendatakit.briefcase.util.FormCache.lambda$update$2(FormCache.java:117)
	at java.util.Optional.ifPresent(Unknown Source)
	at org.opendatakit.briefcase.util.FormCache.update(FormCache.java:113)
	at org.opendatakit.briefcase.util.FormCache.onPullSuccess(FormCache.java:150)
	at sun.reflect.GeneratedMethodAccessor11.invoke(Unknown Source)
	at sun.reflect.DelegatingMethodAccessorImpl.invoke(Unknown Source)
	at java.lang.reflect.Method.invoke(Unknown Source)
	at org.bushe.swing.event.annotation.BaseProxySubscriber.onEvent(BaseProxySubscriber.java:69)
	at org.bushe.swing.event.ThreadSafeEventService.publish(ThreadSafeEventService.java:971)
	at org.bushe.swing.event.SwingEventService.access$001(SwingEventService.java:31)
	at org.bushe.swing.event.SwingEventService$1.run(SwingEventService.java:88)
	at java.awt.event.InvocationEvent.dispatch(Unknown Source)
	at java.awt.EventQueue.dispatchEventImpl(Unknown Source)
	at java.awt.EventQueue.access$500(Unknown Source)
	at java.awt.EventQueue$3.run(Unknown Source)
	at java.awt.EventQueue$3.run(Unknown Source)
	at java.security.AccessController.doPrivileged(Native Method)
	at java.security.ProtectionDomain$JavaSecurityAccessImpl.doIntersectionPrivilege(Unknown Source)
	at java.awt.EventQueue.dispatchEvent(Unknown Source)
	at java.awt.EventDispatchThread.pumpOneEventForFilters(Unknown Source)
	at java.awt.EventDispatchThread.pumpEventsForFilter(Unknown Source)
	at java.awt.EventDispatchThread.pumpEventsForHierarchy(Unknown Source)
	at java.awt.EventDispatchThread.pumpEvents(Unknown Source)
	at java.awt.EventDispatchThread.pumpEvents(Unknown Source)
	at java.awt.EventDispatchThread.run(Unknown Source)
2026-02-25 09:00:57,008 [AWT-EventQueue-0] WARN  o.o.briefcase.util.FormCache - Can't parse form file
org.opendatakit.briefcase.util.BadFormDefinition: org.opendatakit.aggregate.exception.ODKIncompleteSubmissionData: org.javarosa.xform.parse.XFormParseException: XML Syntax Error at Line: 1, Column: 10832!
	at org.opendatakit.briefcase.model.BriefcaseFormDefinition.<init>(BriefcaseFormDefinition.java:297)
	at org.opendatakit.briefcase.util.FormCache.lambda$update$1(FormCache.java:123)
	at java.util.stream.ForEachOps$ForEachOp$OfRef.accept(Unknown Source)
	at java.util.stream.ReferencePipeline$2$1.accept(Unknown Source)
	at java.util.Iterator.forEachRemaining(Unknown Source)
	at java.util.Spliterators$IteratorSpliterator.forEachRemaining(Unknown Source)
	at java.util.stream.AbstractPipeline.copyInto(Unknown Source)
	at java.util.stream.AbstractPipeline.wrapAndCopyInto(Unknown Source)
	at java.util.stream.ForEachOps$ForEachOp.evaluateSequential(Unknown Source)
	at java.util.stream.ForEachOps$ForEachOp$OfRef.evaluateSequential(Unknown Source)
	at java.util.stream.AbstractPipeline.evaluate(Unknown Source)
	at java.util.stream.ReferencePipeline.forEach(Unknown Source)
	at org.opendatakit.briefcase.util.FormCache.lambda$update$2(FormCache.java:117)
	at java.util.Optional.ifPresent(Unknown Source)
	at org.opendatakit.briefcase.util.FormCache.update(FormCache.java:113)
	at org.opendatakit.briefcase.util.FormCache.onPullSuccess(FormCache.java:150)
	at sun.reflect.GeneratedMethodAccessor11.invoke(Unknown Source)
	at sun.reflect.DelegatingMethodAccessorImpl.invoke(Unknown Source)
	at java.lang.reflect.Method.invoke(Unknown Source)
	at org.bushe.swing.event.annotation.BaseProxySubscriber.onEvent(BaseProxySubscriber.java:69)
	at org.bushe.swing.event.ThreadSafeEventService.publish(ThreadSafeEventService.java:971)
	at org.bushe.swing.event.SwingEventService.access$001(SwingEventService.java:31)
	at org.bushe.swing.event.SwingEventService$1.run(SwingEventService.java:88)
	at java.awt.event.InvocationEvent.dispatch(Unknown Source)
	at java.awt.EventQueue.dispatchEventImpl(Unknown Source)
	at java.awt.EventQueue.access$500(Unknown Source)
	at java.awt.EventQueue$3.run(Unknown Source)
	at java.awt.EventQueue$3.run(Unknown Source)
	at java.security.AccessController.doPrivileged(Native Method)
	at java.security.ProtectionDomain$JavaSecurityAccessImpl.doIntersectionPrivilege(Unknown Source)
	at java.awt.EventQueue.dispatchEvent(Unknown Source)
	at java.awt.EventDispatchThread.pumpOneEventForFilters(Unknown Source)
	at java.awt.EventDispatchThread.pumpEventsForFilter(Unknown Source)
	at java.awt.EventDispatchThread.pumpEventsForHierarchy(Unknown Source)
	at java.awt.EventDispatchThread.pumpEvents(Unknown Source)
	at java.awt.EventDispatchThread.pumpEvents(Unknown Source)
	at java.awt.EventDispatchThread.run(Unknown Source)
Caused by: org.opendatakit.aggregate.exception.ODKIncompleteSubmissionData: org.javarosa.xform.parse.XFormParseException: XML Syntax Error at Line: 1, Column: 10832!
	at org.opendatakit.aggregate.parser.BaseFormParserForJavaRosa.parseFormDefinition(BaseFormParserForJavaRosa.java:210)
	at org.opendatakit.aggregate.parser.BaseFormParserForJavaRosa.<init>(BaseFormParserForJavaRosa.java:359)
	at org.opendatakit.briefcase.util.JavaRosaParserWrapper.<init>(JavaRosaParserWrapper.java:15)
	at org.opendatakit.briefcase.model.BriefcaseFormDefinition.<init>(BriefcaseFormDefinition.java:294)
	... 36 common frames omitted
Caused by: org.javarosa.xform.parse.XFormParseException: XML Syntax Error at Line: 1, Column: 10832!
	at org.javarosa.xform.parse.XFormParser.getXMLDocument(XFormParser.java:448)
	at org.javarosa.xform.parse.XFormParser.getXMLDocument(XFormParser.java:414)
	at org.opendatakit.aggregate.parser.BaseFormParserForJavaRosa.parseFormDefinition(BaseFormParserForJavaRosa.java:207)
	... 39 common frames omitted
2026-02-25 09:00:57,055 [ForkJoinPool-11-worker-2] INFO  o.o.b.p.a.PullFromAggregateTracker - Pull Formulário da Vigilancia Hospitalar - Got all the submission IDs
2026-02-25 09:00:57,061 [AWT-EventQueue-0] ERROR XFormParser - XML Syntax Error at Line: 1, Column: 10832!
org.xmlpull.v1.XmlPullParserException: element stack empty (position:END_TAG </input>@1:10832 in java.io.StringReader@176ffe8) 
	at org.kxml2.io.KXmlParser.exception(Unknown Source)
	at org.kxml2.io.KXmlParser.error(Unknown Source)
	at org.kxml2.io.KXmlParser.parseEndTag(Unknown Source)
	at org.kxml2.io.KXmlParser.nextImpl(Unknown Source)
	at org.kxml2.io.KXmlParser.nextToken(Unknown Source)
	at org.kxml2.kdom.Element.parse(Unknown Source)
	at org.kxml2.kdom.Node.parse(Unknown Source)
	at org.kxml2.kdom.Document.parse(Unknown Source)
	at org.javarosa.xform.parse.XFormParser.getXMLDocument(XFormParser.java:444)
	at org.javarosa.xform.parse.XFormParser.getXMLDocument(XFormParser.java:414)
	at org.opendatakit.aggregate.parser.BaseFormParserForJavaRosa.parseFormDefinition(BaseFormParserForJavaRosa.java:207)
	at org.opendatakit.aggregate.parser.BaseFormParserForJavaRosa.<init>(BaseFormParserForJavaRosa.java:359)
	at org.opendatakit.briefcase.util.JavaRosaParserWrapper.<init>(JavaRosaParserWrapper.java:15)
	at org.opendatakit.briefcase.model.BriefcaseFormDefinition.<init>(BriefcaseFormDefinition.java:294)
	at org.opendatakit.briefcase.util.FormCache.lambda$update$1(FormCache.java:123)
	at java.util.stream.ForEachOps$ForEachOp$OfRef.accept(Unknown Source)
	at java.util.stream.ReferencePipeline$2$1.accept(Unknown Source)
	at java.util.Iterator.forEachRemaining(Unknown Source)
	at java.util.Spliterators$IteratorSpliterator.forEachRemaining(Unknown Source)
	at java.util.stream.AbstractPipeline.copyInto(Unknown Source)
	at java.util.stream.AbstractPipeline.wrapAndCopyInto(Unknown Source)
	at java.util.stream.ForEachOps$ForEachOp.evaluateSequential(Unknown Source)
	at java.util.stream.ForEachOps$ForEachOp$OfRef.evaluateSequential(Unknown Source)
	at java.util.stream.AbstractPipeline.evaluate(Unknown Source)
	at java.util.stream.ReferencePipeline.forEach(Unknown Source)
	at org.opendatakit.briefcase.util.FormCache.lambda$update$2(FormCache.java:117)
	at java.util.Optional.ifPresent(Unknown Source)
	at org.opendatakit.briefcase.util.FormCache.update(FormCache.java:113)
	at org.opendatakit.briefcase.util.FormCache.onPullSuccess(FormCache.java:150)
	at sun.reflect.GeneratedMethodAccessor11.invoke(Unknown Source)
	at sun.reflect.DelegatingMethodAccessorImpl.invoke(Unknown Source)
	at java.lang.reflect.Method.invoke(Unknown Source)
	at org.bushe.swing.event.annotation.BaseProxySubscriber.onEvent(BaseProxySubscriber.java:69)
	at org.bushe.swing.event.ThreadSafeEventService.publish(ThreadSafeEventService.java:971)
	at org.bushe.swing.event.SwingEventService.access$001(SwingEventService.java:31)
	at org.bushe.swing.event.SwingEventService$1.run(SwingEventService.java:88)
	at java.awt.event.InvocationEvent.dispatch(Unknown Source)
	at java.awt.EventQueue.dispatchEventImpl(Unknown Source)
	at java.awt.EventQueue.access$500(Unknown Source)
	at java.awt.EventQueue$3.run(Unknown Source)
	at java.awt.EventQueue$3.run(Unknown Source)
	at java.security.AccessController.doPrivileged(Native Method)
	at java.security.ProtectionDomain$JavaSecurityAccessImpl.doIntersectionPrivilege(Unknown Source)
	at java.awt.EventQueue.dispatchEvent(Unknown Source)
	at java.awt.EventDispatchThread.pumpOneEventForFilters(Unknown Source)
	at java.awt.EventDispatchThread.pumpEventsForFilter(Unknown Source)
	at java.awt.EventDispatchThread.pumpEventsForHierarchy(Unknown Source)
	at java.awt.EventDispatchThread.pumpEvents(Unknown Source)
	at java.awt.EventDispatchThread.pumpEvents(Unknown Source)
	at java.awt.EventDispatchThread.run(Unknown Source)
2026-02-25 09:00:57,061 [AWT-EventQueue-0] WARN  o.o.briefcase.util.FormCache - Can't parse form file
org.opendatakit.briefcase.util.BadFormDefinition: org.opendatakit.aggregate.exception.ODKIncompleteSubmissionData: org.javarosa.xform.parse.XFormParseException: XML Syntax Error at Line: 1, Column: 10832!
	at org.opendatakit.briefcase.model.BriefcaseFormDefinition.<init>(BriefcaseFormDefinition.java:297)
	at org.opendatakit.briefcase.util.FormCache.lambda$update$1(FormCache.java:123)
	at java.util.stream.ForEachOps$ForEachOp$OfRef.accept(Unknown Source)
	at java.util.stream.ReferencePipeline$2$1.accept(Unknown Source)
	at java.util.Iterator.forEachRemaining(Unknown Source)
	at java.util.Spliterators$IteratorSpliterator.forEachRemaining(Unknown Source)
	at java.util.stream.AbstractPipeline.copyInto(Unknown Source)
	at java.util.stream.AbstractPipeline.wrapAndCopyInto(Unknown Source)
	at java.util.stream.ForEachOps$ForEachOp.evaluateSequential(Unknown Source)
	at java.util.stream.ForEachOps$ForEachOp$OfRef.evaluateSequential(Unknown Source)
	at java.util.stream.AbstractPipeline.evaluate(Unknown Source)
	at java.util.stream.ReferencePipeline.forEach(Unknown Source)
	at org.opendatakit.briefcase.util.FormCache.lambda$update$2(FormCache.java:117)
	at java.util.Optional.ifPresent(Unknown Source)
	at org.opendatakit.briefcase.util.FormCache.update(FormCache.java:113)
	at org.opendatakit.briefcase.util.FormCache.onPullSuccess(FormCache.java:150)
	at sun.reflect.GeneratedMethodAccessor11.invoke(Unknown Source)
	at sun.reflect.DelegatingMethodAccessorImpl.invoke(Unknown Source)
	at java.lang.reflect.Method.invoke(Unknown Source)
	at org.bushe.swing.event.annotation.BaseProxySubscriber.onEvent(BaseProxySubscriber.java:69)
	at org.bushe.swing.event.ThreadSafeEventService.publish(ThreadSafeEventService.java:971)
	at org.bushe.swing.event.SwingEventService.access$001(SwingEventService.java:31)
	at org.bushe.swing.event.SwingEventService$1.run(SwingEventService.java:88)
	at java.awt.event.InvocationEvent.dispatch(Unknown Source)
	at java.awt.EventQueue.dispatchEventImpl(Unknown Source)
	at java.awt.EventQueue.access$500(Unknown Source)
	at java.awt.EventQueue$3.run(Unknown Source)
	at java.awt.EventQueue$3.run(Unknown Source)
	at java.security.AccessController.doPrivileged(Native Method)
	at java.security.ProtectionDomain$JavaSecurityAccessImpl.doIntersectionPrivilege(Unknown Source)
	at java.awt.EventQueue.dispatchEvent(Unknown Source)
	at java.awt.EventDispatchThread.pumpOneEventForFilters(Unknown Source)
	at java.awt.EventDispatchThread.pumpEventsForFilter(Unknown Source)
	at java.awt.EventDispatchThread.pumpEventsForHierarchy(Unknown Source)
	at java.awt.EventDispatchThread.pumpEvents(Unknown Source)
	at java.awt.EventDispatchThread.pumpEvents(Unknown Source)
	at java.awt.EventDispatchThread.run(Unknown Source)
Caused by: org.opendatakit.aggregate.exception.ODKIncompleteSubmissionData: org.javarosa.xform.parse.XFormParseException: XML Syntax Error at Line: 1, Column: 10832!
	at org.opendatakit.aggregate.parser.BaseFormParserForJavaRosa.parseFormDefinition(BaseFormParserForJavaRosa.java:210)
	at org.opendatakit.aggregate.parser.BaseFormParserForJavaRosa.<init>(BaseFormParserForJavaRosa.java:359)
	at org.opendatakit.briefcase.util.JavaRosaParserWrapper.<init>(JavaRosaParserWrapper.java:15)
	at org.opendatakit.briefcase.model.BriefcaseFormDefinition.<init>(BriefcaseFormDefinition.java:294)
	... 36 common frames omitted
Caused by: org.javarosa.xform.parse.XFormParseException: XML Syntax Error at Line: 1, Column: 10832!
	at org.javarosa.xform.parse.XFormParser.getXMLDocument(XFormParser.java:448)
	at org.javarosa.xform.parse.XFormParser.getXMLDocument(XFormParser.java:414)
	at org.opendatakit.aggregate.parser.BaseFormParserForJavaRosa.parseFormDefinition(BaseFormParserForJavaRosa.java:207)
	... 39 common frames omitted
2026-02-25 09:00:57,068 [ForkJoinPool-11-worker-1] INFO  o.o.b.p.a.PullFromAggregateTracker - Pull Formulário da Vigilancia Hospitalar - Laboratório - Got all the submission IDs
2026-02-25 09:00:57,071 [ForkJoinPool-11-worker-1] INFO  o.o.b.p.a.PullFromAggregateTracker - Push Formulário da Vigilancia Hospitalar - Laboratório - There are no submissions to download
2026-02-25 09:00:57,074 [ForkJoinPool-11-worker-9] INFO  o.o.b.p.a.PullFromAggregateTracker - Pull Formulário da Vigilancia Hospitalar - Laboratório - Got all the submission IDs
2026-02-25 09:00:57,074 [ForkJoinPool-11-worker-1] INFO  o.o.b.p.a.PullFromAggregateTracker - Pull Formulário da Vigilancia Hospitalar - Laboratório - Success
2026-02-25 09:00:57,076 [ForkJoinPool-11-worker-9] INFO  o.o.b.p.a.PullFromAggregateTracker - Push Formulário da Vigilancia Hospitalar - Laboratório - There are no submissions to download
2026-02-25 09:00:57,078 [ForkJoinPool-11-worker-9] INFO  o.o.b.p.a.PullFromAggregateTracker - Pull Formulário da Vigilancia Hospitalar - Laboratório - Success
2026-02-25 09:00:57,128 [ForkJoinPool-11-worker-2] INFO  o.o.b.p.a.PullFromAggregateTracker - Push Formulário da Vigilancia Hospitalar - There are no submissions to download
2026-02-25 09:00:57,129 [ForkJoinPool-11-worker-2] INFO  o.o.b.p.a.PullFromAggregateTracker - Pull Formulário da Vigilancia Hospitalar - Success
2026-02-25 09:00:57,162 [ForkJoinPool-11-worker-6] INFO  o.o.b.p.a.PullFromAggregateTracker - Pull Formulário da Vigilancia Hospitalar - Form downloaded
2026-02-25 09:00:57,162 [ForkJoinPool-11-worker-6] INFO  o.o.b.p.a.PullFromAggregateTracker - Pull Formulário da Vigilancia Hospitalar - Start getting submission IDs
2026-02-25 09:00:57,198 [AWT-EventQueue-0] INFO  XFormParser - Reading XML and parsing with kXML2 finished in 18.148 ms
2026-02-25 09:00:57,204 [AWT-EventQueue-0] INFO  XFormParser - Consolidating text finished in 6.873 ms
2026-02-25 09:00:57,205 [AWT-EventQueue-0] INFO  XFormParser - Parsing form...
2026-02-25 09:00:57,205 [AWT-EventQueue-0] INFO  XFormParser - Title: "Formulário da Vigilancia Hospitalar"
2026-02-25 09:00:57,205 [AWT-EventQueue-0] WARN  XFormParser - XForm Parse Warning: Warning: 1 Unrecognized attributes found in Element [model] and will be ignored: [xforms-version] 
    Problem found at nodeset: /html/head/model
    With element <model xforms-version="1.0.0"><instance><data id="hospitalar_v6" version="6" prefix="hospitalar_v6" delimiter="$">...

2026-02-25 09:00:57,281 [AWT-EventQueue-0] INFO  XFormParser - Creating FormDef from parsed XML finished in 75.902 ms
2026-02-25 09:00:57,285 [AWT-EventQueue-0] ERROR XFormParser - XML Syntax Error at Line: 1, Column: 10832!
org.xmlpull.v1.XmlPullParserException: element stack empty (position:END_TAG </input>@1:10832 in java.io.StringReader@18e7ea) 
	at org.kxml2.io.KXmlParser.exception(Unknown Source)
	at org.kxml2.io.KXmlParser.error(Unknown Source)
	at org.kxml2.io.KXmlParser.parseEndTag(Unknown Source)
	at org.kxml2.io.KXmlParser.nextImpl(Unknown Source)
	at org.kxml2.io.KXmlParser.nextToken(Unknown Source)
	at org.kxml2.kdom.Element.parse(Unknown Source)
	at org.kxml2.kdom.Node.parse(Unknown Source)
	at org.kxml2.kdom.Document.parse(Unknown Source)
	at org.javarosa.xform.parse.XFormParser.getXMLDocument(XFormParser.java:444)
	at org.javarosa.xform.parse.XFormParser.getXMLDocument(XFormParser.java:414)
	at org.opendatakit.aggregate.parser.BaseFormParserForJavaRosa.parseFormDefinition(BaseFormParserForJavaRosa.java:207)
	at org.opendatakit.aggregate.parser.BaseFormParserForJavaRosa.<init>(BaseFormParserForJavaRosa.java:359)
	at org.opendatakit.briefcase.util.JavaRosaParserWrapper.<init>(JavaRosaParserWrapper.java:15)
	at org.opendatakit.briefcase.model.BriefcaseFormDefinition.<init>(BriefcaseFormDefinition.java:294)
	at org.opendatakit.briefcase.util.FormCache.lambda$update$1(FormCache.java:123)
	at java.util.stream.ForEachOps$ForEachOp$OfRef.accept(Unknown Source)
	at java.util.stream.ReferencePipeline$2$1.accept(Unknown Source)
	at java.util.Iterator.forEachRemaining(Unknown Source)
	at java.util.Spliterators$IteratorSpliterator.forEachRemaining(Unknown Source)
	at java.util.stream.AbstractPipeline.copyInto(Unknown Source)
	at java.util.stream.AbstractPipeline.wrapAndCopyInto(Unknown Source)
	at java.util.stream.ForEachOps$ForEachOp.evaluateSequential(Unknown Source)
	at java.util.stream.ForEachOps$ForEachOp$OfRef.evaluateSequential(Unknown Source)
	at java.util.stream.AbstractPipeline.evaluate(Unknown Source)
	at java.util.stream.ReferencePipeline.forEach(Unknown Source)
	at org.opendatakit.briefcase.util.FormCache.lambda$update$2(FormCache.java:117)
	at java.util.Optional.ifPresent(Unknown Source)
	at org.opendatakit.briefcase.util.FormCache.update(FormCache.java:113)
	at org.opendatakit.briefcase.util.FormCache.onPullSuccess(FormCache.java:150)
	at sun.reflect.GeneratedMethodAccessor11.invoke(Unknown Source)
	at sun.reflect.DelegatingMethodAccessorImpl.invoke(Unknown Source)
	at java.lang.reflect.Method.invoke(Unknown Source)
	at org.bushe.swing.event.annotation.BaseProxySubscriber.onEvent(BaseProxySubscriber.java:69)
	at org.bushe.swing.event.ThreadSafeEventService.publish(ThreadSafeEventService.java:971)
	at org.bushe.swing.event.SwingEventService.access$001(SwingEventService.java:31)
	at org.bushe.swing.event.SwingEventService$1.run(SwingEventService.java:88)
	at java.awt.event.InvocationEvent.dispatch(Unknown Source)
	at java.awt.EventQueue.dispatchEventImpl(Unknown Source)
	at java.awt.EventQueue.access$500(Unknown Source)
	at java.awt.EventQueue$3.run(Unknown Source)
	at java.awt.EventQueue$3.run(Unknown Source)
	at java.security.AccessController.doPrivileged(Native Method)
	at java.security.ProtectionDomain$JavaSecurityAccessImpl.doIntersectionPrivilege(Unknown Source)
	at java.awt.EventQueue.dispatchEvent(Unknown Source)
	at java.awt.EventDispatchThread.pumpOneEventForFilters(Unknown Source)
	at java.awt.EventDispatchThread.pumpEventsForFilter(Unknown Source)
	at java.awt.EventDispatchThread.pumpEventsForHierarchy(Unknown Source)
	at java.awt.EventDispatchThread.pumpEvents(Unknown Source)
	at java.awt.EventDispatchThread.pumpEvents(Unknown Source)
	at java.awt.EventDispatchThread.run(Unknown Source)
2026-02-25 09:00:57,285 [AWT-EventQueue-0] WARN  o.o.briefcase.util.FormCache - Can't parse form file
org.opendatakit.briefcase.util.BadFormDefinition: org.opendatakit.aggregate.exception.ODKIncompleteSubmissionData: org.javarosa.xform.parse.XFormParseException: XML Syntax Error at Line: 1, Column: 10832!
	at org.opendatakit.briefcase.model.BriefcaseFormDefinition.<init>(BriefcaseFormDefinition.java:297)
	at org.opendatakit.briefcase.util.FormCache.lambda$update$1(FormCache.java:123)
	at java.util.stream.ForEachOps$ForEachOp$OfRef.accept(Unknown Source)
	at java.util.stream.ReferencePipeline$2$1.accept(Unknown Source)
	at java.util.Iterator.forEachRemaining(Unknown Source)
	at java.util.Spliterators$IteratorSpliterator.forEachRemaining(Unknown Source)
	at java.util.stream.AbstractPipeline.copyInto(Unknown Source)
	at java.util.stream.AbstractPipeline.wrapAndCopyInto(Unknown Source)
	at java.util.stream.ForEachOps$ForEachOp.evaluateSequential(Unknown Source)
	at java.util.stream.ForEachOps$ForEachOp$OfRef.evaluateSequential(Unknown Source)
	at java.util.stream.AbstractPipeline.evaluate(Unknown Source)
	at java.util.stream.ReferencePipeline.forEach(Unknown Source)
	at org.opendatakit.briefcase.util.FormCache.lambda$update$2(FormCache.java:117)
	at java.util.Optional.ifPresent(Unknown Source)
	at org.opendatakit.briefcase.util.FormCache.update(FormCache.java:113)
	at org.opendatakit.briefcase.util.FormCache.onPullSuccess(FormCache.java:150)
	at sun.reflect.GeneratedMethodAccessor11.invoke(Unknown Source)
	at sun.reflect.DelegatingMethodAccessorImpl.invoke(Unknown Source)
	at java.lang.reflect.Method.invoke(Unknown Source)
	at org.bushe.swing.event.annotation.BaseProxySubscriber.onEvent(BaseProxySubscriber.java:69)
	at org.bushe.swing.event.ThreadSafeEventService.publish(ThreadSafeEventService.java:971)
	at org.bushe.swing.event.SwingEventService.access$001(SwingEventService.java:31)
	at org.bushe.swing.event.SwingEventService$1.run(SwingEventService.java:88)
	at java.awt.event.InvocationEvent.dispatch(Unknown Source)
	at java.awt.EventQueue.dispatchEventImpl(Unknown Source)
	at java.awt.EventQueue.access$500(Unknown Source)
	at java.awt.EventQueue$3.run(Unknown Source)
	at java.awt.EventQueue$3.run(Unknown Source)
	at java.security.AccessController.doPrivileged(Native Method)
	at java.security.ProtectionDomain$JavaSecurityAccessImpl.doIntersectionPrivilege(Unknown Source)
	at java.awt.EventQueue.dispatchEvent(Unknown Source)
	at java.awt.EventDispatchThread.pumpOneEventForFilters(Unknown Source)
	at java.awt.EventDispatchThread.pumpEventsForFilter(Unknown Source)
	at java.awt.EventDispatchThread.pumpEventsForHierarchy(Unknown Source)
	at java.awt.EventDispatchThread.pumpEvents(Unknown Source)
	at java.awt.EventDispatchThread.pumpEvents(Unknown Source)
	at java.awt.EventDispatchThread.run(Unknown Source)
Caused by: org.opendatakit.aggregate.exception.ODKIncompleteSubmissionData: org.javarosa.xform.parse.XFormParseException: XML Syntax Error at Line: 1, Column: 10832!
	at org.opendatakit.aggregate.parser.BaseFormParserForJavaRosa.parseFormDefinition(BaseFormParserForJavaRosa.java:210)
	at org.opendatakit.aggregate.parser.BaseFormParserForJavaRosa.<init>(BaseFormParserForJavaRosa.java:359)
	at org.opendatakit.briefcase.util.JavaRosaParserWrapper.<init>(JavaRosaParserWrapper.java:15)
	at org.opendatakit.briefcase.model.BriefcaseFormDefinition.<init>(BriefcaseFormDefinition.java:294)
	... 36 common frames omitted
Caused by: org.javarosa.xform.parse.XFormParseException: XML Syntax Error at Line: 1, Column: 10832!
	at org.javarosa.xform.parse.XFormParser.getXMLDocument(XFormParser.java:448)
	at org.javarosa.xform.parse.XFormParser.getXMLDocument(XFormParser.java:414)
	at org.opendatakit.aggregate.parser.BaseFormParserForJavaRosa.parseFormDefinition(BaseFormParserForJavaRosa.java:207)
	... 39 common frames omitted
2026-02-25 09:00:57,352 [AWT-EventQueue-0] ERROR XFormParser - XML Syntax Error at Line: 1, Column: 10832!
org.xmlpull.v1.XmlPullParserException: element stack empty (position:END_TAG </input>@1:10832 in java.io.StringReader@18a75ea) 
	at org.kxml2.io.KXmlParser.exception(Unknown Source)
	at org.kxml2.io.KXmlParser.error(Unknown Source)
	at org.kxml2.io.KXmlParser.parseEndTag(Unknown Source)
	at org.kxml2.io.KXmlParser.nextImpl(Unknown Source)
	at org.kxml2.io.KXmlParser.nextToken(Unknown Source)
	at org.kxml2.kdom.Element.parse(Unknown Source)
	at org.kxml2.kdom.Node.parse(Unknown Source)
	at org.kxml2.kdom.Document.parse(Unknown Source)
	at org.javarosa.xform.parse.XFormParser.getXMLDocument(XFormParser.java:444)
	at org.javarosa.xform.parse.XFormParser.getXMLDocument(XFormParser.java:414)
	at org.opendatakit.aggregate.parser.BaseFormParserForJavaRosa.parseFormDefinition(BaseFormParserForJavaRosa.java:207)
	at org.opendatakit.aggregate.parser.BaseFormParserForJavaRosa.<init>(BaseFormParserForJavaRosa.java:359)
	at org.opendatakit.briefcase.util.JavaRosaParserWrapper.<init>(JavaRosaParserWrapper.java:15)
	at org.opendatakit.briefcase.model.BriefcaseFormDefinition.<init>(BriefcaseFormDefinition.java:294)
	at org.opendatakit.briefcase.util.FormCache.lambda$update$1(FormCache.java:123)
	at java.util.stream.ForEachOps$ForEachOp$OfRef.accept(Unknown Source)
	at java.util.stream.ReferencePipeline$2$1.accept(Unknown Source)
	at java.util.Iterator.forEachRemaining(Unknown Source)
	at java.util.Spliterators$IteratorSpliterator.forEachRemaining(Unknown Source)
	at java.util.stream.AbstractPipeline.copyInto(Unknown Source)
	at java.util.stream.AbstractPipeline.wrapAndCopyInto(Unknown Source)
	at java.util.stream.ForEachOps$ForEachOp.evaluateSequential(Unknown Source)
	at java.util.stream.ForEachOps$ForEachOp$OfRef.evaluateSequential(Unknown Source)
	at java.util.stream.AbstractPipeline.evaluate(Unknown Source)
	at java.util.stream.ReferencePipeline.forEach(Unknown Source)
	at org.opendatakit.briefcase.util.FormCache.lambda$update$2(FormCache.java:117)
	at java.util.Optional.ifPresent(Unknown Source)
	at org.opendatakit.briefcase.util.FormCache.update(FormCache.java:113)
	at org.opendatakit.briefcase.util.FormCache.onPullSuccess(FormCache.java:150)
	at sun.reflect.GeneratedMethodAccessor11.invoke(Unknown Source)
	at sun.reflect.DelegatingMethodAccessorImpl.invoke(Unknown Source)
	at java.lang.reflect.Method.invoke(Unknown Source)
	at org.bushe.swing.event.annotation.BaseProxySubscriber.onEvent(BaseProxySubscriber.java:69)
	at org.bushe.swing.event.ThreadSafeEventService.publish(ThreadSafeEventService.java:971)
	at org.bushe.swing.event.SwingEventService.access$001(SwingEventService.java:31)
	at org.bushe.swing.event.SwingEventService$1.run(SwingEventService.java:88)
	at java.awt.event.InvocationEvent.dispatch(Unknown Source)
	at java.awt.EventQueue.dispatchEventImpl(Unknown Source)
	at java.awt.EventQueue.access$500(Unknown Source)
	at java.awt.EventQueue$3.run(Unknown Source)
	at java.awt.EventQueue$3.run(Unknown Source)
	at java.security.AccessController.doPrivileged(Native Method)
	at java.security.ProtectionDomain$JavaSecurityAccessImpl.doIntersectionPrivilege(Unknown Source)
	at java.awt.EventQueue.dispatchEvent(Unknown Source)
	at java.awt.EventDispatchThread.pumpOneEventForFilters(Unknown Source)
	at java.awt.EventDispatchThread.pumpEventsForFilter(Unknown Source)
	at java.awt.EventDispatchThread.pumpEventsForHierarchy(Unknown Source)
	at java.awt.EventDispatchThread.pumpEvents(Unknown Source)
	at java.awt.EventDispatchThread.pumpEvents(Unknown Source)
	at java.awt.EventDispatchThread.run(Unknown Source)
2026-02-25 09:00:57,352 [AWT-EventQueue-0] WARN  o.o.briefcase.util.FormCache - Can't parse form file
org.opendatakit.briefcase.util.BadFormDefinition: org.opendatakit.aggregate.exception.ODKIncompleteSubmissionData: org.javarosa.xform.parse.XFormParseException: XML Syntax Error at Line: 1, Column: 10832!
	at org.opendatakit.briefcase.model.BriefcaseFormDefinition.<init>(BriefcaseFormDefinition.java:297)
	at org.opendatakit.briefcase.util.FormCache.lambda$update$1(FormCache.java:123)
	at java.util.stream.ForEachOps$ForEachOp$OfRef.accept(Unknown Source)
	at java.util.stream.ReferencePipeline$2$1.accept(Unknown Source)
	at java.util.Iterator.forEachRemaining(Unknown Source)
	at java.util.Spliterators$IteratorSpliterator.forEachRemaining(Unknown Source)
	at java.util.stream.AbstractPipeline.copyInto(Unknown Source)
	at java.util.stream.AbstractPipeline.wrapAndCopyInto(Unknown Source)
	at java.util.stream.ForEachOps$ForEachOp.evaluateSequential(Unknown Source)
	at java.util.stream.ForEachOps$ForEachOp$OfRef.evaluateSequential(Unknown Source)
	at java.util.stream.AbstractPipeline.evaluate(Unknown Source)
	at java.util.stream.ReferencePipeline.forEach(Unknown Source)
	at org.opendatakit.briefcase.util.FormCache.lambda$update$2(FormCache.java:117)
	at java.util.Optional.ifPresent(Unknown Source)
	at org.opendatakit.briefcase.util.FormCache.update(FormCache.java:113)
	at org.opendatakit.briefcase.util.FormCache.onPullSuccess(FormCache.java:150)
	at sun.reflect.GeneratedMethodAccessor11.invoke(Unknown Source)
	at sun.reflect.DelegatingMethodAccessorImpl.invoke(Unknown Source)
	at java.lang.reflect.Method.invoke(Unknown Source)
	at org.bushe.swing.event.annotation.BaseProxySubscriber.onEvent(BaseProxySubscriber.java:69)
	at org.bushe.swing.event.ThreadSafeEventService.publish(ThreadSafeEventService.java:971)
	at org.bushe.swing.event.SwingEventService.access$001(SwingEventService.java:31)
	at org.bushe.swing.event.SwingEventService$1.run(SwingEventService.java:88)
	at java.awt.event.InvocationEvent.dispatch(Unknown Source)
	at java.awt.EventQueue.dispatchEventImpl(Unknown Source)
	at java.awt.EventQueue.access$500(Unknown Source)
	at java.awt.EventQueue$3.run(Unknown Source)
	at java.awt.EventQueue$3.run(Unknown Source)
	at java.security.AccessController.doPrivileged(Native Method)
	at java.security.ProtectionDomain$JavaSecurityAccessImpl.doIntersectionPrivilege(Unknown Source)
	at java.awt.EventQueue.dispatchEvent(Unknown Source)
	at java.awt.EventDispatchThread.pumpOneEventForFilters(Unknown Source)
	at java.awt.EventDispatchThread.pumpEventsForFilter(Unknown Source)
	at java.awt.EventDispatchThread.pumpEventsForHierarchy(Unknown Source)
	at java.awt.EventDispatchThread.pumpEvents(Unknown Source)
	at java.awt.EventDispatchThread.pumpEvents(Unknown Source)
	at java.awt.EventDispatchThread.run(Unknown Source)
Caused by: org.opendatakit.aggregate.exception.ODKIncompleteSubmissionData: org.javarosa.xform.parse.XFormParseException: XML Syntax Error at Line: 1, Column: 10832!
	at org.opendatakit.aggregate.parser.BaseFormParserForJavaRosa.parseFormDefinition(BaseFormParserForJavaRosa.java:210)
	at org.opendatakit.aggregate.parser.BaseFormParserForJavaRosa.<init>(BaseFormParserForJavaRosa.java:359)
	at org.opendatakit.briefcase.util.JavaRosaParserWrapper.<init>(JavaRosaParserWrapper.java:15)
	at org.opendatakit.briefcase.model.BriefcaseFormDefinition.<init>(BriefcaseFormDefinition.java:294)
	... 36 common frames omitted
Caused by: org.javarosa.xform.parse.XFormParseException: XML Syntax Error at Line: 1, Column: 10832!
	at org.javarosa.xform.parse.XFormParser.getXMLDocument(XFormParser.java:448)
	at org.javarosa.xform.parse.XFormParser.getXMLDocument(XFormParser.java:414)
	at org.opendatakit.aggregate.parser.BaseFormParserForJavaRosa.parseFormDefinition(BaseFormParserForJavaRosa.java:207)
	... 39 common frames omitted
2026-02-25 09:00:57,405 [AWT-EventQueue-0] ERROR XFormParser - XML Syntax Error at Line: 1, Column: 10832!
org.xmlpull.v1.XmlPullParserException: element stack empty (position:END_TAG </input>@1:10832 in java.io.StringReader@6ab15e) 
	at org.kxml2.io.KXmlParser.exception(Unknown Source)
	at org.kxml2.io.KXmlParser.error(Unknown Source)
	at org.kxml2.io.KXmlParser.parseEndTag(Unknown Source)
	at org.kxml2.io.KXmlParser.nextImpl(Unknown Source)
	at org.kxml2.io.KXmlParser.nextToken(Unknown Source)
	at org.kxml2.kdom.Element.parse(Unknown Source)
	at org.kxml2.kdom.Node.parse(Unknown Source)
	at org.kxml2.kdom.Document.parse(Unknown Source)
	at org.javarosa.xform.parse.XFormParser.getXMLDocument(XFormParser.java:444)
	at org.javarosa.xform.parse.XFormParser.getXMLDocument(XFormParser.java:414)
	at org.opendatakit.aggregate.parser.BaseFormParserForJavaRosa.parseFormDefinition(BaseFormParserForJavaRosa.java:207)
	at org.opendatakit.aggregate.parser.BaseFormParserForJavaRosa.<init>(BaseFormParserForJavaRosa.java:359)
	at org.opendatakit.briefcase.util.JavaRosaParserWrapper.<init>(JavaRosaParserWrapper.java:15)
	at org.opendatakit.briefcase.model.BriefcaseFormDefinition.<init>(BriefcaseFormDefinition.java:294)
	at org.opendatakit.briefcase.util.FormCache.lambda$update$1(FormCache.java:123)
	at java.util.stream.ForEachOps$ForEachOp$OfRef.accept(Unknown Source)
	at java.util.stream.ReferencePipeline$2$1.accept(Unknown Source)
	at java.util.Iterator.forEachRemaining(Unknown Source)
	at java.util.Spliterators$IteratorSpliterator.forEachRemaining(Unknown Source)
	at java.util.stream.AbstractPipeline.copyInto(Unknown Source)
	at java.util.stream.AbstractPipeline.wrapAndCopyInto(Unknown Source)
	at java.util.stream.ForEachOps$ForEachOp.evaluateSequential(Unknown Source)
	at java.util.stream.ForEachOps$ForEachOp$OfRef.evaluateSequential(Unknown Source)
	at java.util.stream.AbstractPipeline.evaluate(Unknown Source)
	at java.util.stream.ReferencePipeline.forEach(Unknown Source)
	at org.opendatakit.briefcase.util.FormCache.lambda$update$2(FormCache.java:117)
	at java.util.Optional.ifPresent(Unknown Source)
	at org.opendatakit.briefcase.util.FormCache.update(FormCache.java:113)
	at org.opendatakit.briefcase.util.FormCache.onPullSuccess(FormCache.java:150)
	at sun.reflect.GeneratedMethodAccessor11.invoke(Unknown Source)
	at sun.reflect.DelegatingMethodAccessorImpl.invoke(Unknown Source)
	at java.lang.reflect.Method.invoke(Unknown Source)
	at org.bushe.swing.event.annotation.BaseProxySubscriber.onEvent(BaseProxySubscriber.java:69)
	at org.bushe.swing.event.ThreadSafeEventService.publish(ThreadSafeEventService.java:971)
	at org.bushe.swing.event.SwingEventService.access$001(SwingEventService.java:31)
	at org.bushe.swing.event.SwingEventService$1.run(SwingEventService.java:88)
	at java.awt.event.InvocationEvent.dispatch(Unknown Source)
	at java.awt.EventQueue.dispatchEventImpl(Unknown Source)
	at java.awt.EventQueue.access$500(Unknown Source)
	at java.awt.EventQueue$3.run(Unknown Source)
	at java.awt.EventQueue$3.run(Unknown Source)
	at java.security.AccessController.doPrivileged(Native Method)
	at java.security.ProtectionDomain$JavaSecurityAccessImpl.doIntersectionPrivilege(Unknown Source)
	at java.awt.EventQueue.dispatchEvent(Unknown Source)
	at java.awt.EventDispatchThread.pumpOneEventForFilters(Unknown Source)
	at java.awt.EventDispatchThread.pumpEventsForFilter(Unknown Source)
	at java.awt.EventDispatchThread.pumpEventsForHierarchy(Unknown Source)
	at java.awt.EventDispatchThread.pumpEvents(Unknown Source)
	at java.awt.EventDispatchThread.pumpEvents(Unknown Source)
	at java.awt.EventDispatchThread.run(Unknown Source)
2026-02-25 09:00:57,405 [AWT-EventQueue-0] WARN  o.o.briefcase.util.FormCache - Can't parse form file
org.opendatakit.briefcase.util.BadFormDefinition: org.opendatakit.aggregate.exception.ODKIncompleteSubmissionData: org.javarosa.xform.parse.XFormParseException: XML Syntax Error at Line: 1, Column: 10832!
	at org.opendatakit.briefcase.model.BriefcaseFormDefinition.<init>(BriefcaseFormDefinition.java:297)
	at org.opendatakit.briefcase.util.FormCache.lambda$update$1(FormCache.java:123)
	at java.util.stream.ForEachOps$ForEachOp$OfRef.accept(Unknown Source)
	at java.util.stream.ReferencePipeline$2$1.accept(Unknown Source)
	at java.util.Iterator.forEachRemaining(Unknown Source)
	at java.util.Spliterators$IteratorSpliterator.forEachRemaining(Unknown Source)
	at java.util.stream.AbstractPipeline.copyInto(Unknown Source)
	at java.util.stream.AbstractPipeline.wrapAndCopyInto(Unknown Source)
	at java.util.stream.ForEachOps$ForEachOp.evaluateSequential(Unknown Source)
	at java.util.stream.ForEachOps$ForEachOp$OfRef.evaluateSequential(Unknown Source)
	at java.util.stream.AbstractPipeline.evaluate(Unknown Source)
	at java.util.stream.ReferencePipeline.forEach(Unknown Source)
	at org.opendatakit.briefcase.util.FormCache.lambda$update$2(FormCache.java:117)
	at java.util.Optional.ifPresent(Unknown Source)
	at org.opendatakit.briefcase.util.FormCache.update(FormCache.java:113)
	at org.opendatakit.briefcase.util.FormCache.onPullSuccess(FormCache.java:150)
	at sun.reflect.GeneratedMethodAccessor11.invoke(Unknown Source)
	at sun.reflect.DelegatingMethodAccessorImpl.invoke(Unknown Source)
	at java.lang.reflect.Method.invoke(Unknown Source)
	at org.bushe.swing.event.annotation.BaseProxySubscriber.onEvent(BaseProxySubscriber.java:69)
	at org.bushe.swing.event.ThreadSafeEventService.publish(ThreadSafeEventService.java:971)
	at org.bushe.swing.event.SwingEventService.access$001(SwingEventService.java:31)
	at org.bushe.swing.event.SwingEventService$1.run(SwingEventService.java:88)
	at java.awt.event.InvocationEvent.dispatch(Unknown Source)
	at java.awt.EventQueue.dispatchEventImpl(Unknown Source)
	at java.awt.EventQueue.access$500(Unknown Source)
	at java.awt.EventQueue$3.run(Unknown Source)
	at java.awt.EventQueue$3.run(Unknown Source)
	at java.security.AccessController.doPrivileged(Native Method)
	at java.security.ProtectionDomain$JavaSecurityAccessImpl.doIntersectionPrivilege(Unknown Source)
	at java.awt.EventQueue.dispatchEvent(Unknown Source)
	at java.awt.EventDispatchThread.pumpOneEventForFilters(Unknown Source)
	at java.awt.EventDispatchThread.pumpEventsForFilter(Unknown Source)
	at java.awt.EventDispatchThread.pumpEventsForHierarchy(Unknown Source)
	at java.awt.EventDispatchThread.pumpEvents(Unknown Source)
	at java.awt.EventDispatchThread.pumpEvents(Unknown Source)
	at java.awt.EventDispatchThread.run(Unknown Source)
Caused by: org.opendatakit.aggregate.exception.ODKIncompleteSubmissionData: org.javarosa.xform.parse.XFormParseException: XML Syntax Error at Line: 1, Column: 10832!
	at org.opendatakit.aggregate.parser.BaseFormParserForJavaRosa.parseFormDefinition(BaseFormParserForJavaRosa.java:210)
	at org.opendatakit.aggregate.parser.BaseFormParserForJavaRosa.<init>(BaseFormParserForJavaRosa.java:359)
	at org.opendatakit.briefcase.util.JavaRosaParserWrapper.<init>(JavaRosaParserWrapper.java:15)
	at org.opendatakit.briefcase.model.BriefcaseFormDefinition.<init>(BriefcaseFormDefinition.java:294)
	... 36 common frames omitted
Caused by: org.javarosa.xform.parse.XFormParseException: XML Syntax Error at Line: 1, Column: 10832!
	at org.javarosa.xform.parse.XFormParser.getXMLDocument(XFormParser.java:448)
	at org.javarosa.xform.parse.XFormParser.getXMLDocument(XFormParser.java:414)
	at org.opendatakit.aggregate.parser.BaseFormParserForJavaRosa.parseFormDefinition(BaseFormParserForJavaRosa.java:207)
	... 39 common frames omitted
2026-02-25 09:00:57,415 [ForkJoinPool-11-worker-6] INFO  o.o.b.p.a.PullFromAggregateTracker - Pull Formulário da Vigilancia Hospitalar - Got all the submission IDs
2026-02-25 09:00:57,452 [AWT-EventQueue-0] ERROR XFormParser - XML Syntax Error at Line: 1, Column: 10832!
org.xmlpull.v1.XmlPullParserException: element stack empty (position:END_TAG </input>@1:10832 in java.io.StringReader@f606db) 
	at org.kxml2.io.KXmlParser.exception(Unknown Source)
	at org.kxml2.io.KXmlParser.error(Unknown Source)
	at org.kxml2.io.KXmlParser.parseEndTag(Unknown Source)
	at org.kxml2.io.KXmlParser.nextImpl(Unknown Source)
	at org.kxml2.io.KXmlParser.nextToken(Unknown Source)
	at org.kxml2.kdom.Element.parse(Unknown Source)
	at org.kxml2.kdom.Node.parse(Unknown Source)
	at org.kxml2.kdom.Document.parse(Unknown Source)
	at org.javarosa.xform.parse.XFormParser.getXMLDocument(XFormParser.java:444)
	at org.javarosa.xform.parse.XFormParser.getXMLDocument(XFormParser.java:414)
	at org.opendatakit.aggregate.parser.BaseFormParserForJavaRosa.parseFormDefinition(BaseFormParserForJavaRosa.java:207)
	at org.opendatakit.aggregate.parser.BaseFormParserForJavaRosa.<init>(BaseFormParserForJavaRosa.java:359)
	at org.opendatakit.briefcase.util.JavaRosaParserWrapper.<init>(JavaRosaParserWrapper.java:15)
	at org.opendatakit.briefcase.model.BriefcaseFormDefinition.<init>(BriefcaseFormDefinition.java:294)
	at org.opendatakit.briefcase.util.FormCache.lambda$update$1(FormCache.java:123)
	at java.util.stream.ForEachOps$ForEachOp$OfRef.accept(Unknown Source)
	at java.util.stream.ReferencePipeline$2$1.accept(Unknown Source)
	at java.util.Iterator.forEachRemaining(Unknown Source)
	at java.util.Spliterators$IteratorSpliterator.forEachRemaining(Unknown Source)
	at java.util.stream.AbstractPipeline.copyInto(Unknown Source)
	at java.util.stream.AbstractPipeline.wrapAndCopyInto(Unknown Source)
	at java.util.stream.ForEachOps$ForEachOp.evaluateSequential(Unknown Source)
	at java.util.stream.ForEachOps$ForEachOp$OfRef.evaluateSequential(Unknown Source)
	at java.util.stream.AbstractPipeline.evaluate(Unknown Source)
	at java.util.stream.ReferencePipeline.forEach(Unknown Source)
	at org.opendatakit.briefcase.util.FormCache.lambda$update$2(FormCache.java:117)
	at java.util.Optional.ifPresent(Unknown Source)
	at org.opendatakit.briefcase.util.FormCache.update(FormCache.java:113)
	at org.opendatakit.briefcase.util.FormCache.onPullSuccess(FormCache.java:150)
	at sun.reflect.GeneratedMethodAccessor11.invoke(Unknown Source)
	at sun.reflect.DelegatingMethodAccessorImpl.invoke(Unknown Source)
	at java.lang.reflect.Method.invoke(Unknown Source)
	at org.bushe.swing.event.annotation.BaseProxySubscriber.onEvent(BaseProxySubscriber.java:69)
	at org.bushe.swing.event.ThreadSafeEventService.publish(ThreadSafeEventService.java:971)
	at org.bushe.swing.event.SwingEventService.access$001(SwingEventService.java:31)
	at org.bushe.swing.event.SwingEventService$1.run(SwingEventService.java:88)
	at java.awt.event.InvocationEvent.dispatch(Unknown Source)
	at java.awt.EventQueue.dispatchEventImpl(Unknown Source)
	at java.awt.EventQueue.access$500(Unknown Source)
	at java.awt.EventQueue$3.run(Unknown Source)
	at java.awt.EventQueue$3.run(Unknown Source)
	at java.security.AccessController.doPrivileged(Native Method)
	at java.security.ProtectionDomain$JavaSecurityAccessImpl.doIntersectionPrivilege(Unknown Source)
	at java.awt.EventQueue.dispatchEvent(Unknown Source)
	at java.awt.EventDispatchThread.pumpOneEventForFilters(Unknown Source)
	at java.awt.EventDispatchThread.pumpEventsForFilter(Unknown Source)
	at java.awt.EventDispatchThread.pumpEventsForHierarchy(Unknown Source)
	at java.awt.EventDispatchThread.pumpEvents(Unknown Source)
	at java.awt.EventDispatchThread.pumpEvents(Unknown Source)
	at java.awt.EventDispatchThread.run(Unknown Source)
2026-02-25 09:00:57,452 [AWT-EventQueue-0] WARN  o.o.briefcase.util.FormCache - Can't parse form file
org.opendatakit.briefcase.util.BadFormDefinition: org.opendatakit.aggregate.exception.ODKIncompleteSubmissionData: org.javarosa.xform.parse.XFormParseException: XML Syntax Error at Line: 1, Column: 10832!
	at org.opendatakit.briefcase.model.BriefcaseFormDefinition.<init>(BriefcaseFormDefinition.java:297)
	at org.opendatakit.briefcase.util.FormCache.lambda$update$1(FormCache.java:123)
	at java.util.stream.ForEachOps$ForEachOp$OfRef.accept(Unknown Source)
	at java.util.stream.ReferencePipeline$2$1.accept(Unknown Source)
	at java.util.Iterator.forEachRemaining(Unknown Source)
	at java.util.Spliterators$IteratorSpliterator.forEachRemaining(Unknown Source)
	at java.util.stream.AbstractPipeline.copyInto(Unknown Source)
	at java.util.stream.AbstractPipeline.wrapAndCopyInto(Unknown Source)
	at java.util.stream.ForEachOps$ForEachOp.evaluateSequential(Unknown Source)
	at java.util.stream.ForEachOps$ForEachOp$OfRef.evaluateSequential(Unknown Source)
	at java.util.stream.AbstractPipeline.evaluate(Unknown Source)
	at java.util.stream.ReferencePipeline.forEach(Unknown Source)
	at org.opendatakit.briefcase.util.FormCache.lambda$update$2(FormCache.java:117)
	at java.util.Optional.ifPresent(Unknown Source)
	at org.opendatakit.briefcase.util.FormCache.update(FormCache.java:113)
	at org.opendatakit.briefcase.util.FormCache.onPullSuccess(FormCache.java:150)
	at sun.reflect.GeneratedMethodAccessor11.invoke(Unknown Source)
	at sun.reflect.DelegatingMethodAccessorImpl.invoke(Unknown Source)
	at java.lang.reflect.Method.invoke(Unknown Source)
	at org.bushe.swing.event.annotation.BaseProxySubscriber.onEvent(BaseProxySubscriber.java:69)
	at org.bushe.swing.event.ThreadSafeEventService.publish(ThreadSafeEventService.java:971)
	at org.bushe.swing.event.SwingEventService.access$001(SwingEventService.java:31)
	at org.bushe.swing.event.SwingEventService$1.run(SwingEventService.java:88)
	at java.awt.event.InvocationEvent.dispatch(Unknown Source)
	at java.awt.EventQueue.dispatchEventImpl(Unknown Source)
	at java.awt.EventQueue.access$500(Unknown Source)
	at java.awt.EventQueue$3.run(Unknown Source)
	at java.awt.EventQueue$3.run(Unknown Source)
	at java.security.AccessController.doPrivileged(Native Method)
	at java.security.ProtectionDomain$JavaSecurityAccessImpl.doIntersectionPrivilege(Unknown Source)
	at java.awt.EventQueue.dispatchEvent(Unknown Source)
	at java.awt.EventDispatchThread.pumpOneEventForFilters(Unknown Source)
	at java.awt.EventDispatchThread.pumpEventsForFilter(Unknown Source)
	at java.awt.EventDispatchThread.pumpEventsForHierarchy(Unknown Source)
	at java.awt.EventDispatchThread.pumpEvents(Unknown Source)
	at java.awt.EventDispatchThread.pumpEvents(Unknown Source)
	at java.awt.EventDispatchThread.run(Unknown Source)
Caused by: org.opendatakit.aggregate.exception.ODKIncompleteSubmissionData: org.javarosa.xform.parse.XFormParseException: XML Syntax Error at Line: 1, Column: 10832!
	at org.opendatakit.aggregate.parser.BaseFormParserForJavaRosa.parseFormDefinition(BaseFormParserForJavaRosa.java:210)
	at org.opendatakit.aggregate.parser.BaseFormParserForJavaRosa.<init>(BaseFormParserForJavaRosa.java:359)
	at org.opendatakit.briefcase.util.JavaRosaParserWrapper.<init>(JavaRosaParserWrapper.java:15)
	at org.opendatakit.briefcase.model.BriefcaseFormDefinition.<init>(BriefcaseFormDefinition.java:294)
	... 36 common frames omitted
Caused by: org.javarosa.xform.parse.XFormParseException: XML Syntax Error at Line: 1, Column: 10832!
	at org.javarosa.xform.parse.XFormParser.getXMLDocument(XFormParser.java:448)
	at org.javarosa.xform.parse.XFormParser.getXMLDocument(XFormParser.java:414)
	at org.opendatakit.aggregate.parser.BaseFormParserForJavaRosa.parseFormDefinition(BaseFormParserForJavaRosa.java:207)
	... 39 common frames omitted
2026-02-25 09:00:57,502 [ForkJoinPool-11-worker-6] INFO  o.o.b.p.a.PullFromAggregateTracker - Push Formulário da Vigilancia Hospitalar - There are no submissions to download
2026-02-25 09:00:57,505 [ForkJoinPool-11-worker-6] INFO  o.o.b.p.a.PullFromAggregateTracker - Pull Formulário da Vigilancia Hospitalar - Success
2026-02-25 09:00:57,564 [AWT-EventQueue-0] ERROR XFormParser - XML Syntax Error at Line: 1, Column: 10832!
org.xmlpull.v1.XmlPullParserException: element stack empty (position:END_TAG </input>@1:10832 in java.io.StringReader@d61eb0) 
	at org.kxml2.io.KXmlParser.exception(Unknown Source)
	at org.kxml2.io.KXmlParser.error(Unknown Source)
	at org.kxml2.io.KXmlParser.parseEndTag(Unknown Source)
	at org.kxml2.io.KXmlParser.nextImpl(Unknown Source)
	at org.kxml2.io.KXmlParser.nextToken(Unknown Source)
	at org.kxml2.kdom.Element.parse(Unknown Source)
	at org.kxml2.kdom.Node.parse(Unknown Source)
	at org.kxml2.kdom.Document.parse(Unknown Source)
	at org.javarosa.xform.parse.XFormParser.getXMLDocument(XFormParser.java:444)
	at org.javarosa.xform.parse.XFormParser.getXMLDocument(XFormParser.java:414)
	at org.opendatakit.aggregate.parser.BaseFormParserForJavaRosa.parseFormDefinition(BaseFormParserForJavaRosa.java:207)
	at org.opendatakit.aggregate.parser.BaseFormParserForJavaRosa.<init>(BaseFormParserForJavaRosa.java:359)
	at org.opendatakit.briefcase.util.JavaRosaParserWrapper.<init>(JavaRosaParserWrapper.java:15)
	at org.opendatakit.briefcase.model.BriefcaseFormDefinition.<init>(BriefcaseFormDefinition.java:294)
	at org.opendatakit.briefcase.util.FormCache.lambda$update$1(FormCache.java:123)
	at java.util.stream.ForEachOps$ForEachOp$OfRef.accept(Unknown Source)
	at java.util.stream.ReferencePipeline$2$1.accept(Unknown Source)
	at java.util.Iterator.forEachRemaining(Unknown Source)
	at java.util.Spliterators$IteratorSpliterator.forEachRemaining(Unknown Source)
	at java.util.stream.AbstractPipeline.copyInto(Unknown Source)
	at java.util.stream.AbstractPipeline.wrapAndCopyInto(Unknown Source)
	at java.util.stream.ForEachOps$ForEachOp.evaluateSequential(Unknown Source)
	at java.util.stream.ForEachOps$ForEachOp$OfRef.evaluateSequential(Unknown Source)
	at java.util.stream.AbstractPipeline.evaluate(Unknown Source)
	at java.util.stream.ReferencePipeline.forEach(Unknown Source)
	at org.opendatakit.briefcase.util.FormCache.lambda$update$2(FormCache.java:117)
	at java.util.Optional.ifPresent(Unknown Source)
	at org.opendatakit.briefcase.util.FormCache.update(FormCache.java:113)
	at org.opendatakit.briefcase.util.FormCache.onPullSuccess(FormCache.java:150)
	at sun.reflect.GeneratedMethodAccessor11.invoke(Unknown Source)
	at sun.reflect.DelegatingMethodAccessorImpl.invoke(Unknown Source)
	at java.lang.reflect.Method.invoke(Unknown Source)
	at org.bushe.swing.event.annotation.BaseProxySubscriber.onEvent(BaseProxySubscriber.java:69)
	at org.bushe.swing.event.ThreadSafeEventService.publish(ThreadSafeEventService.java:971)
	at org.bushe.swing.event.SwingEventService.access$001(SwingEventService.java:31)
	at org.bushe.swing.event.SwingEventService$1.run(SwingEventService.java:88)
	at java.awt.event.InvocationEvent.dispatch(Unknown Source)
	at java.awt.EventQueue.dispatchEventImpl(Unknown Source)
	at java.awt.EventQueue.access$500(Unknown Source)
	at java.awt.EventQueue$3.run(Unknown Source)
	at java.awt.EventQueue$3.run(Unknown Source)
	at java.security.AccessController.doPrivileged(Native Method)
	at java.security.ProtectionDomain$JavaSecurityAccessImpl.doIntersectionPrivilege(Unknown Source)
	at java.awt.EventQueue.dispatchEvent(Unknown Source)
	at java.awt.EventDispatchThread.pumpOneEventForFilters(Unknown Source)
	at java.awt.EventDispatchThread.pumpEventsForFilter(Unknown Source)
	at java.awt.EventDispatchThread.pumpEventsForHierarchy(Unknown Source)
	at java.awt.EventDispatchThread.pumpEvents(Unknown Source)
	at java.awt.EventDispatchThread.pumpEvents(Unknown Source)
	at java.awt.EventDispatchThread.run(Unknown Source)
2026-02-25 09:00:57,564 [AWT-EventQueue-0] WARN  o.o.briefcase.util.FormCache - Can't parse form file
org.opendatakit.briefcase.util.BadFormDefinition: org.opendatakit.aggregate.exception.ODKIncompleteSubmissionData: org.javarosa.xform.parse.XFormParseException: XML Syntax Error at Line: 1, Column: 10832!
	at org.opendatakit.briefcase.model.BriefcaseFormDefinition.<init>(BriefcaseFormDefinition.java:297)
	at org.opendatakit.briefcase.util.FormCache.lambda$update$1(FormCache.java:123)
	at java.util.stream.ForEachOps$ForEachOp$OfRef.accept(Unknown Source)
	at java.util.stream.ReferencePipeline$2$1.accept(Unknown Source)
	at java.util.Iterator.forEachRemaining(Unknown Source)
	at java.util.Spliterators$IteratorSpliterator.forEachRemaining(Unknown Source)
	at java.util.stream.AbstractPipeline.copyInto(Unknown Source)
	at java.util.stream.AbstractPipeline.wrapAndCopyInto(Unknown Source)
	at java.util.stream.ForEachOps$ForEachOp.evaluateSequential(Unknown Source)
	at java.util.stream.ForEachOps$ForEachOp$OfRef.evaluateSequential(Unknown Source)
	at java.util.stream.AbstractPipeline.evaluate(Unknown Source)
	at java.util.stream.ReferencePipeline.forEach(Unknown Source)
	at org.opendatakit.briefcase.util.FormCache.lambda$update$2(FormCache.java:117)
	at java.util.Optional.ifPresent(Unknown Source)
	at org.opendatakit.briefcase.util.FormCache.update(FormCache.java:113)
	at org.opendatakit.briefcase.util.FormCache.onPullSuccess(FormCache.java:150)
	at sun.reflect.GeneratedMethodAccessor11.invoke(Unknown Source)
	at sun.reflect.DelegatingMethodAccessorImpl.invoke(Unknown Source)
	at java.lang.reflect.Method.invoke(Unknown Source)
	at org.bushe.swing.event.annotation.BaseProxySubscriber.onEvent(BaseProxySubscriber.java:69)
	at org.bushe.swing.event.ThreadSafeEventService.publish(ThreadSafeEventService.java:971)
	at org.bushe.swing.event.SwingEventService.access$001(SwingEventService.java:31)
	at org.bushe.swing.event.SwingEventService$1.run(SwingEventService.java:88)
	at java.awt.event.InvocationEvent.dispatch(Unknown Source)
	at java.awt.EventQueue.dispatchEventImpl(Unknown Source)
	at java.awt.EventQueue.access$500(Unknown Source)
	at java.awt.EventQueue$3.run(Unknown Source)
	at java.awt.EventQueue$3.run(Unknown Source)
	at java.security.AccessController.doPrivileged(Native Method)
	at java.security.ProtectionDomain$JavaSecurityAccessImpl.doIntersectionPrivilege(Unknown Source)
	at java.awt.EventQueue.dispatchEvent(Unknown Source)
	at java.awt.EventDispatchThread.pumpOneEventForFilters(Unknown Source)
	at java.awt.EventDispatchThread.pumpEventsForFilter(Unknown Source)
	at java.awt.EventDispatchThread.pumpEventsForHierarchy(Unknown Source)
	at java.awt.EventDispatchThread.pumpEvents(Unknown Source)
	at java.awt.EventDispatchThread.pumpEvents(Unknown Source)
	at java.awt.EventDispatchThread.run(Unknown Source)
Caused by: org.opendatakit.aggregate.exception.ODKIncompleteSubmissionData: org.javarosa.xform.parse.XFormParseException: XML Syntax Error at Line: 1, Column: 10832!
	at org.opendatakit.aggregate.parser.BaseFormParserForJavaRosa.parseFormDefinition(BaseFormParserForJavaRosa.java:210)
	at org.opendatakit.aggregate.parser.BaseFormParserForJavaRosa.<init>(BaseFormParserForJavaRosa.java:359)
	at org.opendatakit.briefcase.util.JavaRosaParserWrapper.<init>(JavaRosaParserWrapper.java:15)
	at org.opendatakit.briefcase.model.BriefcaseFormDefinition.<init>(BriefcaseFormDefinition.java:294)
	... 36 common frames omitted
Caused by: org.javarosa.xform.parse.XFormParseException: XML Syntax Error at Line: 1, Column: 10832!
	at org.javarosa.xform.parse.XFormParser.getXMLDocument(XFormParser.java:448)
	at org.javarosa.xform.parse.XFormParser.getXMLDocument(XFormParser.java:414)
	at org.opendatakit.aggregate.parser.BaseFormParserForJavaRosa.parseFormDefinition(BaseFormParserForJavaRosa.java:207)
	... 39 common frames omitted
2026-02-25 09:00:57,779 [ForkJoinPool-11-worker-13] INFO  o.o.b.p.a.PullFromAggregateTracker - Pull Formulário da Vigilancia Hospitalar - Form downloaded
2026-02-25 09:00:57,779 [ForkJoinPool-11-worker-13] INFO  o.o.b.p.a.PullFromAggregateTracker - Pull Formulário da Vigilancia Hospitalar - Start getting submission IDs
2026-02-25 09:00:58,023 [ForkJoinPool-11-worker-13] INFO  o.o.b.p.a.PullFromAggregateTracker - Pull Formulário da Vigilancia Hospitalar - Got all the submission IDs
2026-02-25 09:00:58,096 [ForkJoinPool-11-worker-13] INFO  o.o.b.p.a.PullFromAggregateTracker - Push Formulário da Vigilancia Hospitalar - There are no submissions to download
2026-02-25 09:00:58,101 [ForkJoinPool-11-worker-13] INFO  o.o.b.p.a.PullFromAggregateTracker - Pull Formulário da Vigilancia Hospitalar - Success
2026-02-25 09:00:58,170 [ForkJoinPool-11-worker-10] INFO  o.o.b.p.a.PullFromAggregateTracker - Pull Formulário da Vigilancia Comunitaria - Form downloaded
2026-02-25 09:00:58,171 [ForkJoinPool-11-worker-10] INFO  o.o.b.p.a.PullFromAggregateTracker - Pull Formulário da Vigilancia Comunitaria - Start getting submission IDs
2026-02-25 09:00:58,184 [AWT-EventQueue-0] INFO  XFormParser - Reading XML and parsing with kXML2 finished in 17.296 ms
2026-02-25 09:00:58,190 [AWT-EventQueue-0] INFO  XFormParser - Consolidating text finished in 6.296 ms
2026-02-25 09:00:58,190 [AWT-EventQueue-0] INFO  XFormParser - Parsing form...
2026-02-25 09:00:58,190 [AWT-EventQueue-0] INFO  XFormParser - Title: "Formulário da Vigilancia Hospitalar"
2026-02-25 09:00:58,190 [AWT-EventQueue-0] WARN  XFormParser - XForm Parse Warning: Warning: 1 Unrecognized attributes found in Element [model] and will be ignored: [xforms-version] 
    Problem found at nodeset: /html/head/model
    With element <model xforms-version="1.0.0"><instance><data id="hospitalar_v4" version="1" prefix="hospitalar_v4" delimiter="$">...

2026-02-25 09:00:58,224 [AWT-EventQueue-0] INFO  XFormParser - Creating FormDef from parsed XML finished in 33.522 ms
2026-02-25 09:00:58,227 [AWT-EventQueue-0] ERROR XFormParser - XML Syntax Error at Line: 1, Column: 10832!
org.xmlpull.v1.XmlPullParserException: element stack empty (position:END_TAG </input>@1:10832 in java.io.StringReader@16ec0cf) 
	at org.kxml2.io.KXmlParser.exception(Unknown Source)
	at org.kxml2.io.KXmlParser.error(Unknown Source)
	at org.kxml2.io.KXmlParser.parseEndTag(Unknown Source)
	at org.kxml2.io.KXmlParser.nextImpl(Unknown Source)
	at org.kxml2.io.KXmlParser.nextToken(Unknown Source)
	at org.kxml2.kdom.Element.parse(Unknown Source)
	at org.kxml2.kdom.Node.parse(Unknown Source)
	at org.kxml2.kdom.Document.parse(Unknown Source)
	at org.javarosa.xform.parse.XFormParser.getXMLDocument(XFormParser.java:444)
	at org.javarosa.xform.parse.XFormParser.getXMLDocument(XFormParser.java:414)
	at org.opendatakit.aggregate.parser.BaseFormParserForJavaRosa.parseFormDefinition(BaseFormParserForJavaRosa.java:207)
	at org.opendatakit.aggregate.parser.BaseFormParserForJavaRosa.<init>(BaseFormParserForJavaRosa.java:359)
	at org.opendatakit.briefcase.util.JavaRosaParserWrapper.<init>(JavaRosaParserWrapper.java:15)
	at org.opendatakit.briefcase.model.BriefcaseFormDefinition.<init>(BriefcaseFormDefinition.java:294)
	at org.opendatakit.briefcase.util.FormCache.lambda$update$1(FormCache.java:123)
	at java.util.stream.ForEachOps$ForEachOp$OfRef.accept(Unknown Source)
	at java.util.stream.ReferencePipeline$2$1.accept(Unknown Source)
	at java.util.Iterator.forEachRemaining(Unknown Source)
	at java.util.Spliterators$IteratorSpliterator.forEachRemaining(Unknown Source)
	at java.util.stream.AbstractPipeline.copyInto(Unknown Source)
	at java.util.stream.AbstractPipeline.wrapAndCopyInto(Unknown Source)
	at java.util.stream.ForEachOps$ForEachOp.evaluateSequential(Unknown Source)
	at java.util.stream.ForEachOps$ForEachOp$OfRef.evaluateSequential(Unknown Source)
	at java.util.stream.AbstractPipeline.evaluate(Unknown Source)
	at java.util.stream.ReferencePipeline.forEach(Unknown Source)
	at org.opendatakit.briefcase.util.FormCache.lambda$update$2(FormCache.java:117)
	at java.util.Optional.ifPresent(Unknown Source)
	at org.opendatakit.briefcase.util.FormCache.update(FormCache.java:113)
	at org.opendatakit.briefcase.util.FormCache.onPullSuccess(FormCache.java:150)
	at sun.reflect.GeneratedMethodAccessor11.invoke(Unknown Source)
	at sun.reflect.DelegatingMethodAccessorImpl.invoke(Unknown Source)
	at java.lang.reflect.Method.invoke(Unknown Source)
	at org.bushe.swing.event.annotation.BaseProxySubscriber.onEvent(BaseProxySubscriber.java:69)
	at org.bushe.swing.event.ThreadSafeEventService.publish(ThreadSafeEventService.java:971)
	at org.bushe.swing.event.SwingEventService.access$001(SwingEventService.java:31)
	at org.bushe.swing.event.SwingEventService$1.run(SwingEventService.java:88)
	at java.awt.event.InvocationEvent.dispatch(Unknown Source)
	at java.awt.EventQueue.dispatchEventImpl(Unknown Source)
	at java.awt.EventQueue.access$500(Unknown Source)
	at java.awt.EventQueue$3.run(Unknown Source)
	at java.awt.EventQueue$3.run(Unknown Source)
	at java.security.AccessController.doPrivileged(Native Method)
	at java.security.ProtectionDomain$JavaSecurityAccessImpl.doIntersectionPrivilege(Unknown Source)
	at java.awt.EventQueue.dispatchEvent(Unknown Source)
	at java.awt.EventDispatchThread.pumpOneEventForFilters(Unknown Source)
	at java.awt.EventDispatchThread.pumpEventsForFilter(Unknown Source)
	at java.awt.EventDispatchThread.pumpEventsForHierarchy(Unknown Source)
	at java.awt.EventDispatchThread.pumpEvents(Unknown Source)
	at java.awt.EventDispatchThread.pumpEvents(Unknown Source)
	at java.awt.EventDispatchThread.run(Unknown Source)
2026-02-25 09:00:58,227 [AWT-EventQueue-0] WARN  o.o.briefcase.util.FormCache - Can't parse form file
org.opendatakit.briefcase.util.BadFormDefinition: org.opendatakit.aggregate.exception.ODKIncompleteSubmissionData: org.javarosa.xform.parse.XFormParseException: XML Syntax Error at Line: 1, Column: 10832!
	at org.opendatakit.briefcase.model.BriefcaseFormDefinition.<init>(BriefcaseFormDefinition.java:297)
	at org.opendatakit.briefcase.util.FormCache.lambda$update$1(FormCache.java:123)
	at java.util.stream.ForEachOps$ForEachOp$OfRef.accept(Unknown Source)
	at java.util.stream.ReferencePipeline$2$1.accept(Unknown Source)
	at java.util.Iterator.forEachRemaining(Unknown Source)
	at java.util.Spliterators$IteratorSpliterator.forEachRemaining(Unknown Source)
	at java.util.stream.AbstractPipeline.copyInto(Unknown Source)
	at java.util.stream.AbstractPipeline.wrapAndCopyInto(Unknown Source)
	at java.util.stream.ForEachOps$ForEachOp.evaluateSequential(Unknown Source)
	at java.util.stream.ForEachOps$ForEachOp$OfRef.evaluateSequential(Unknown Source)
	at java.util.stream.AbstractPipeline.evaluate(Unknown Source)
	at java.util.stream.ReferencePipeline.forEach(Unknown Source)
	at org.opendatakit.briefcase.util.FormCache.lambda$update$2(FormCache.java:117)
	at java.util.Optional.ifPresent(Unknown Source)
	at org.opendatakit.briefcase.util.FormCache.update(FormCache.java:113)
	at org.opendatakit.briefcase.util.FormCache.onPullSuccess(FormCache.java:150)
	at sun.reflect.GeneratedMethodAccessor11.invoke(Unknown Source)
	at sun.reflect.DelegatingMethodAccessorImpl.invoke(Unknown Source)
	at java.lang.reflect.Method.invoke(Unknown Source)
	at org.bushe.swing.event.annotation.BaseProxySubscriber.onEvent(BaseProxySubscriber.java:69)
	at org.bushe.swing.event.ThreadSafeEventService.publish(ThreadSafeEventService.java:971)
	at org.bushe.swing.event.SwingEventService.access$001(SwingEventService.java:31)
	at org.bushe.swing.event.SwingEventService$1.run(SwingEventService.java:88)
	at java.awt.event.InvocationEvent.dispatch(Unknown Source)
	at java.awt.EventQueue.dispatchEventImpl(Unknown Source)
	at java.awt.EventQueue.access$500(Unknown Source)
	at java.awt.EventQueue$3.run(Unknown Source)
	at java.awt.EventQueue$3.run(Unknown Source)
	at java.security.AccessController.doPrivileged(Native Method)
	at java.security.ProtectionDomain$JavaSecurityAccessImpl.doIntersectionPrivilege(Unknown Source)
	at java.awt.EventQueue.dispatchEvent(Unknown Source)
	at java.awt.EventDispatchThread.pumpOneEventForFilters(Unknown Source)
	at java.awt.EventDispatchThread.pumpEventsForFilter(Unknown Source)
	at java.awt.EventDispatchThread.pumpEventsForHierarchy(Unknown Source)
	at java.awt.EventDispatchThread.pumpEvents(Unknown Source)
	at java.awt.EventDispatchThread.pumpEvents(Unknown Source)
	at java.awt.EventDispatchThread.run(Unknown Source)
Caused by: org.opendatakit.aggregate.exception.ODKIncompleteSubmissionData: org.javarosa.xform.parse.XFormParseException: XML Syntax Error at Line: 1, Column: 10832!
	at org.opendatakit.aggregate.parser.BaseFormParserForJavaRosa.parseFormDefinition(BaseFormParserForJavaRosa.java:210)
	at org.opendatakit.aggregate.parser.BaseFormParserForJavaRosa.<init>(BaseFormParserForJavaRosa.java:359)
	at org.opendatakit.briefcase.util.JavaRosaParserWrapper.<init>(JavaRosaParserWrapper.java:15)
	at org.opendatakit.briefcase.model.BriefcaseFormDefinition.<init>(BriefcaseFormDefinition.java:294)
	... 36 common frames omitted
Caused by: org.javarosa.xform.parse.XFormParseException: XML Syntax Error at Line: 1, Column: 10832!
	at org.javarosa.xform.parse.XFormParser.getXMLDocument(XFormParser.java:448)
	at org.javarosa.xform.parse.XFormParser.getXMLDocument(XFormParser.java:414)
	at org.opendatakit.aggregate.parser.BaseFormParserForJavaRosa.parseFormDefinition(BaseFormParserForJavaRosa.java:207)
	... 39 common frames omitted
2026-02-25 09:00:58,459 [ForkJoinPool-11-worker-10] INFO  o.o.b.p.a.PullFromAggregateTracker - Pull Formulário da Vigilancia Comunitaria - Got all the submission IDs
2026-02-25 09:00:58,526 [ForkJoinPool-11-worker-10] INFO  o.o.b.p.a.PullFromAggregateTracker - Push Formulário da Vigilancia Comunitaria - There are no submissions to download
2026-02-25 09:00:58,530 [ForkJoinPool-11-worker-10] INFO  o.o.b.p.a.PullFromAggregateTracker - Pull Formulário da Vigilancia Comunitaria - Success
2026-02-25 09:00:58,598 [AWT-EventQueue-0] INFO  XFormParser - Reading XML and parsing with kXML2 finished in 15.846 ms
2026-02-25 09:00:58,604 [AWT-EventQueue-0] INFO  XFormParser - Consolidating text finished in 6.425 ms
2026-02-25 09:00:58,604 [AWT-EventQueue-0] INFO  XFormParser - Parsing form...
2026-02-25 09:00:58,605 [AWT-EventQueue-0] INFO  XFormParser - Title: "Formulário da Vigilancia Comunitaria"
2026-02-25 09:00:58,605 [AWT-EventQueue-0] WARN  XFormParser - XForm Parse Warning: Warning: 1 Unrecognized attributes found in Element [model] and will be ignored: [xforms-version] 
    Problem found at nodeset: /html/head/model
    With element <model xforms-version="1.0.0"><instance><data id="Comunidade_v4" version="1" prefix="Comunidade_v4" delimiter="$">...

2026-02-25 09:00:58,637 [AWT-EventQueue-0] INFO  XFormParser - Creating FormDef from parsed XML finished in 33.469 ms
2026-02-25 09:00:58,648 [AWT-EventQueue-0] ERROR XFormParser - XML Syntax Error at Line: 1, Column: 10832!
org.xmlpull.v1.XmlPullParserException: element stack empty (position:END_TAG </input>@1:10832 in java.io.StringReader@1738dc3) 
	at org.kxml2.io.KXmlParser.exception(Unknown Source)
	at org.kxml2.io.KXmlParser.error(Unknown Source)
	at org.kxml2.io.KXmlParser.parseEndTag(Unknown Source)
	at org.kxml2.io.KXmlParser.nextImpl(Unknown Source)
	at org.kxml2.io.KXmlParser.nextToken(Unknown Source)
	at org.kxml2.kdom.Element.parse(Unknown Source)
	at org.kxml2.kdom.Node.parse(Unknown Source)
	at org.kxml2.kdom.Document.parse(Unknown Source)
	at org.javarosa.xform.parse.XFormParser.getXMLDocument(XFormParser.java:444)
	at org.javarosa.xform.parse.XFormParser.getXMLDocument(XFormParser.java:414)
	at org.opendatakit.aggregate.parser.BaseFormParserForJavaRosa.parseFormDefinition(BaseFormParserForJavaRosa.java:207)
	at org.opendatakit.aggregate.parser.BaseFormParserForJavaRosa.<init>(BaseFormParserForJavaRosa.java:359)
	at org.opendatakit.briefcase.util.JavaRosaParserWrapper.<init>(JavaRosaParserWrapper.java:15)
	at org.opendatakit.briefcase.model.BriefcaseFormDefinition.<init>(BriefcaseFormDefinition.java:294)
	at org.opendatakit.briefcase.util.FormCache.lambda$update$1(FormCache.java:123)
	at java.util.stream.ForEachOps$ForEachOp$OfRef.accept(Unknown Source)
	at java.util.stream.ReferencePipeline$2$1.accept(Unknown Source)
	at java.util.Iterator.forEachRemaining(Unknown Source)
	at java.util.Spliterators$IteratorSpliterator.forEachRemaining(Unknown Source)
	at java.util.stream.AbstractPipeline.copyInto(Unknown Source)
	at java.util.stream.AbstractPipeline.wrapAndCopyInto(Unknown Source)
	at java.util.stream.ForEachOps$ForEachOp.evaluateSequential(Unknown Source)
	at java.util.stream.ForEachOps$ForEachOp$OfRef.evaluateSequential(Unknown Source)
	at java.util.stream.AbstractPipeline.evaluate(Unknown Source)
	at java.util.stream.ReferencePipeline.forEach(Unknown Source)
	at org.opendatakit.briefcase.util.FormCache.lambda$update$2(FormCache.java:117)
	at java.util.Optional.ifPresent(Unknown Source)
	at org.opendatakit.briefcase.util.FormCache.update(FormCache.java:113)
	at org.opendatakit.briefcase.util.FormCache.onPullSuccess(FormCache.java:150)
	at sun.reflect.GeneratedMethodAccessor11.invoke(Unknown Source)
	at sun.reflect.DelegatingMethodAccessorImpl.invoke(Unknown Source)
	at java.lang.reflect.Method.invoke(Unknown Source)
	at org.bushe.swing.event.annotation.BaseProxySubscriber.onEvent(BaseProxySubscriber.java:69)
	at org.bushe.swing.event.ThreadSafeEventService.publish(ThreadSafeEventService.java:971)
	at org.bushe.swing.event.SwingEventService.access$001(SwingEventService.java:31)
	at org.bushe.swing.event.SwingEventService$1.run(SwingEventService.java:88)
	at java.awt.event.InvocationEvent.dispatch(Unknown Source)
	at java.awt.EventQueue.dispatchEventImpl(Unknown Source)
	at java.awt.EventQueue.access$500(Unknown Source)
	at java.awt.EventQueue$3.run(Unknown Source)
	at java.awt.EventQueue$3.run(Unknown Source)
	at java.security.AccessController.doPrivileged(Native Method)
	at java.security.ProtectionDomain$JavaSecurityAccessImpl.doIntersectionPrivilege(Unknown Source)
	at java.awt.EventQueue.dispatchEvent(Unknown Source)
	at java.awt.EventDispatchThread.pumpOneEventForFilters(Unknown Source)
	at java.awt.EventDispatchThread.pumpEventsForFilter(Unknown Source)
	at java.awt.EventDispatchThread.pumpEventsForHierarchy(Unknown Source)
	at java.awt.EventDispatchThread.pumpEvents(Unknown Source)
	at java.awt.EventDispatchThread.pumpEvents(Unknown Source)
	at java.awt.EventDispatchThread.run(Unknown Source)
2026-02-25 09:00:58,648 [AWT-EventQueue-0] WARN  o.o.briefcase.util.FormCache - Can't parse form file
org.opendatakit.briefcase.util.BadFormDefinition: org.opendatakit.aggregate.exception.ODKIncompleteSubmissionData: org.javarosa.xform.parse.XFormParseException: XML Syntax Error at Line: 1, Column: 10832!
	at org.opendatakit.briefcase.model.BriefcaseFormDefinition.<init>(BriefcaseFormDefinition.java:297)
	at org.opendatakit.briefcase.util.FormCache.lambda$update$1(FormCache.java:123)
	at java.util.stream.ForEachOps$ForEachOp$OfRef.accept(Unknown Source)
	at java.util.stream.ReferencePipeline$2$1.accept(Unknown Source)
	at java.util.Iterator.forEachRemaining(Unknown Source)
	at java.util.Spliterators$IteratorSpliterator.forEachRemaining(Unknown Source)
	at java.util.stream.AbstractPipeline.copyInto(Unknown Source)
	at java.util.stream.AbstractPipeline.wrapAndCopyInto(Unknown Source)
	at java.util.stream.ForEachOps$ForEachOp.evaluateSequential(Unknown Source)
	at java.util.stream.ForEachOps$ForEachOp$OfRef.evaluateSequential(Unknown Source)
	at java.util.stream.AbstractPipeline.evaluate(Unknown Source)
	at java.util.stream.ReferencePipeline.forEach(Unknown Source)
	at org.opendatakit.briefcase.util.FormCache.lambda$update$2(FormCache.java:117)
	at java.util.Optional.ifPresent(Unknown Source)
	at org.opendatakit.briefcase.util.FormCache.update(FormCache.java:113)
	at org.opendatakit.briefcase.util.FormCache.onPullSuccess(FormCache.java:150)
	at sun.reflect.GeneratedMethodAccessor11.invoke(Unknown Source)
	at sun.reflect.DelegatingMethodAccessorImpl.invoke(Unknown Source)
	at java.lang.reflect.Method.invoke(Unknown Source)
	at org.bushe.swing.event.annotation.BaseProxySubscriber.onEvent(BaseProxySubscriber.java:69)
	at org.bushe.swing.event.ThreadSafeEventService.publish(ThreadSafeEventService.java:971)
	at org.bushe.swing.event.SwingEventService.access$001(SwingEventService.java:31)
	at org.bushe.swing.event.SwingEventService$1.run(SwingEventService.java:88)
	at java.awt.event.InvocationEvent.dispatch(Unknown Source)
	at java.awt.EventQueue.dispatchEventImpl(Unknown Source)
	at java.awt.EventQueue.access$500(Unknown Source)
	at java.awt.EventQueue$3.run(Unknown Source)
	at java.awt.EventQueue$3.run(Unknown Source)
	at java.security.AccessController.doPrivileged(Native Method)
	at java.security.ProtectionDomain$JavaSecurityAccessImpl.doIntersectionPrivilege(Unknown Source)
	at java.awt.EventQueue.dispatchEvent(Unknown Source)
	at java.awt.EventDispatchThread.pumpOneEventForFilters(Unknown Source)
	at java.awt.EventDispatchThread.pumpEventsForFilter(Unknown Source)
	at java.awt.EventDispatchThread.pumpEventsForHierarchy(Unknown Source)
	at java.awt.EventDispatchThread.pumpEvents(Unknown Source)
	at java.awt.EventDispatchThread.pumpEvents(Unknown Source)
	at java.awt.EventDispatchThread.run(Unknown Source)
Caused by: org.opendatakit.aggregate.exception.ODKIncompleteSubmissionData: org.javarosa.xform.parse.XFormParseException: XML Syntax Error at Line: 1, Column: 10832!
	at org.opendatakit.aggregate.parser.BaseFormParserForJavaRosa.parseFormDefinition(BaseFormParserForJavaRosa.java:210)
	at org.opendatakit.aggregate.parser.BaseFormParserForJavaRosa.<init>(BaseFormParserForJavaRosa.java:359)
	at org.opendatakit.briefcase.util.JavaRosaParserWrapper.<init>(JavaRosaParserWrapper.java:15)
	at org.opendatakit.briefcase.model.BriefcaseFormDefinition.<init>(BriefcaseFormDefinition.java:294)
	... 36 common frames omitted
Caused by: org.javarosa.xform.parse.XFormParseException: XML Syntax Error at Line: 1, Column: 10832!
	at org.javarosa.xform.parse.XFormParser.getXMLDocument(XFormParser.java:448)
	at org.javarosa.xform.parse.XFormParser.getXMLDocument(XFormParser.java:414)
	at org.opendatakit.aggregate.parser.BaseFormParserForJavaRosa.parseFormDefinition(BaseFormParserForJavaRosa.java:207)
	... 39 common frames omitted
2026-02-25 09:01:14,213 [Thread-15] INFO  org.javarosa.core.model.FormDef - Dynamic select question has no choices! [instance(dis)/root/item]. If this occurs while filling out a form (and not while saving an incomplete form), the filter condition may have eliminated all the choices. Is that what you intended?
2026-02-25 09:01:14,220 [Thread-15] INFO  org.javarosa.core.model.FormDef - Dynamic select question has no choices! [instance(bairro)/root/item]. If this occurs while filling out a form (and not while saving an incomplete form), the filter condition may have eliminated all the choices. Is that what you intended?
2026-02-25 09:01:14,291 [Thread-15] INFO  org.javarosa.core.model.FormDef - Dynamic select question has no choices! [instance(tipo_amostra_options)/root/item]. If this occurs while filling out a form (and not while saving an incomplete form), the filter condition may have eliminated all the choices. Is that what you intended?
2026-02-25 09:01:14,363 [Thread-15] INFO  org.javarosa.core.model.FormDef - Dynamic select question has no choices! [instance(Distrito_option_type)/root/item]. If this occurs while filling out a form (and not while saving an incomplete form), the filter condition may have eliminated all the choices. Is that what you intended?
2026-02-25 09:01:14,594 [Thread-15] INFO  org.javarosa.core.model.FormDef - Dynamic select question has no choices! [instance(dis)/root/item]. If this occurs while filling out a form (and not while saving an incomplete form), the filter condition may have eliminated all the choices. Is that what you intended?
2026-02-25 09:01:14,624 [Thread-15] INFO  org.javarosa.core.model.FormDef - Dynamic select question has no choices! [instance(bairro)/root/item]. If this occurs while filling out a form (and not while saving an incomplete form), the filter condition may have eliminated all the choices. Is that what you intended?
2026-02-25 09:01:14,900 [ForkJoinPool-12-worker-2] INFO  o.o.b.export.ExportProcessTracker - Exported in 00:00:00.6378376
2026-02-25 09:01:14,939 [ForkJoinPool-12-worker-4] INFO  o.o.b.export.ExportProcessTracker - Exported in 00:00:00.5921342
2026-02-25 09:01:16,799 [ForkJoinPool-12-worker-13] INFO  o.o.b.export.ExportProcessTracker - Exported in 00:00:02.4189506
2026-02-25 09:01:24,281 [ForkJoinPool-12-worker-15] INFO  o.o.b.export.ExportProcessTracker - Exported in 00:00:09.5476249
2026-02-25 09:01:32,889 [ForkJoinPool-12-worker-9] INFO  o.o.b.export.ExportProcessTracker - Exported in 00:00:18.6436462
2026-02-25 09:01:36,943 [ForkJoinPool-12-worker-6] INFO  o.o.b.export.ExportProcessTracker - Exported in 00:00:22.551176
2026-02-25 09:01:37,126 [ForkJoinPool-12-worker-11] INFO  o.o.b.export.ExportProcessTracker - Exported in 00:00:22.787942
2026-02-25 11:37:29,964 [ForkJoinPool-13-worker-10] INFO  o.o.b.p.a.PullFromAggregateTracker - Pull Formulário da Vigilancia Comunitaria - Start pulling form and submissions
2026-02-25 11:37:29,961 [ForkJoinPool-13-worker-11] INFO  o.o.b.p.a.PullFromAggregateTracker - Pull Formulário da Vigilancia Hospitalar - Start pulling form and submissions
2026-02-25 11:37:29,963 [ForkJoinPool-13-worker-1] INFO  o.o.b.p.a.PullFromAggregateTracker - Pull Formulario da  Componente  Genomica (IDS) - Start pulling form and submissions
2026-02-25 11:37:29,962 [ForkJoinPool-13-worker-15] INFO  o.o.b.p.a.PullFromAggregateTracker - Pull Formulário da Recepção da Amostra - Start pulling form and submissions
2026-02-25 11:37:29,962 [ForkJoinPool-13-worker-6] INFO  o.o.b.p.a.PullFromAggregateTracker - Pull Resultados de testagem das vigilâncias - Start pulling form and submissions
2026-02-25 11:37:29,961 [ForkJoinPool-13-worker-13] INFO  o.o.b.p.a.PullFromAggregateTracker - Pull VIGILÂNCIA  AMBIENTAL - Start pulling form and submissions
2026-02-25 11:37:29,961 [ForkJoinPool-13-worker-4] INFO  o.o.b.p.a.PullFromAggregateTracker - Pull Formulário da Vigilancia Comunitaria - Start pulling form and submissions
2026-02-25 11:37:29,961 [ForkJoinPool-13-worker-9] INFO  o.o.b.p.a.PullFromAggregateTracker - Pull Formulário da Vigilancia Hospitalar - Laboratório - Start pulling form and submissions
2026-02-25 11:37:29,963 [ForkJoinPool-13-worker-8] INFO  o.o.b.p.a.PullFromAggregateTracker - Pull Formulário da Vigilancia Hospitalar - Start pulling form and submissions
2026-02-25 11:37:29,960 [ForkJoinPool-13-worker-2] INFO  o.o.b.p.a.PullFromAggregateTracker - Pull Formulário da Vigilancia Hospitalar - Start pulling form and submissions
2026-02-25 11:37:29,964 [ForkJoinPool-13-worker-3] INFO  o.o.b.p.a.PullFromAggregateTracker - Pull Formulário da Vigilancia Hospitalar - Laboratório - Start pulling form and submissions
2026-02-25 11:37:29,966 [ForkJoinPool-13-worker-10] INFO  o.o.b.p.a.PullFromAggregateTracker - Pull Formulário da Vigilancia Comunitaria - Start downloading form
2026-02-25 11:37:29,966 [ForkJoinPool-13-worker-8] INFO  o.o.b.p.a.PullFromAggregateTracker - Pull Formulário da Vigilancia Hospitalar - Start downloading form
2026-02-25 11:37:29,966 [ForkJoinPool-13-worker-2] INFO  o.o.b.p.a.PullFromAggregateTracker - Pull Formulário da Vigilancia Hospitalar - Start downloading form
2026-02-25 11:37:29,966 [ForkJoinPool-13-worker-4] INFO  o.o.b.p.a.PullFromAggregateTracker - Pull Formulário da Vigilancia Comunitaria - Start downloading form
2026-02-25 11:37:29,966 [ForkJoinPool-13-worker-6] INFO  o.o.b.p.a.PullFromAggregateTracker - Pull Resultados de testagem das vigilâncias - Start downloading form
2026-02-25 11:37:29,966 [ForkJoinPool-13-worker-15] INFO  o.o.b.p.a.PullFromAggregateTracker - Pull Formulário da Recepção da Amostra - Start downloading form
2026-02-25 11:37:29,966 [ForkJoinPool-13-worker-1] INFO  o.o.b.p.a.PullFromAggregateTracker - Pull Formulario da  Componente  Genomica (IDS) - Start downloading form
2026-02-25 11:37:29,966 [ForkJoinPool-13-worker-11] INFO  o.o.b.p.a.PullFromAggregateTracker - Pull Formulário da Vigilancia Hospitalar - Start downloading form
2026-02-25 11:37:29,966 [ForkJoinPool-13-worker-13] INFO  o.o.b.p.a.PullFromAggregateTracker - Pull VIGILÂNCIA  AMBIENTAL - Start downloading form
2026-02-25 11:37:29,966 [ForkJoinPool-13-worker-9] INFO  o.o.b.p.a.PullFromAggregateTracker - Pull Formulário da Vigilancia Hospitalar - Laboratório - Start downloading form
2026-02-25 11:37:29,966 [ForkJoinPool-13-worker-3] INFO  o.o.b.p.a.PullFromAggregateTracker - Pull Formulário da Vigilancia Hospitalar - Laboratório - Start downloading form
2026-02-25 11:37:31,387 [ForkJoinPool-13-worker-9] INFO  o.o.b.p.a.PullFromAggregateTracker - Pull Formulário da Vigilancia Hospitalar - Laboratório - Form downloaded
2026-02-25 11:37:31,387 [ForkJoinPool-13-worker-15] INFO  o.o.b.p.a.PullFromAggregateTracker - Pull Formulário da Recepção da Amostra - Form downloaded
2026-02-25 11:37:31,387 [ForkJoinPool-13-worker-3] INFO  o.o.b.p.a.PullFromAggregateTracker - Pull Formulário da Vigilancia Hospitalar - Laboratório - Form downloaded
2026-02-25 11:37:31,390 [ForkJoinPool-13-worker-9] INFO  o.o.b.p.a.PullFromAggregateTracker - Pull Formulário da Vigilancia Hospitalar - Laboratório - Start getting form manifest
2026-02-25 11:37:31,390 [ForkJoinPool-13-worker-15] INFO  o.o.b.p.a.PullFromAggregateTracker - Pull Formulário da Recepção da Amostra - Start getting form manifest
2026-02-25 11:37:31,390 [ForkJoinPool-13-worker-3] INFO  o.o.b.p.a.PullFromAggregateTracker - Pull Formulário da Vigilancia Hospitalar - Laboratório - Start getting submission IDs
2026-02-25 11:37:31,577 [ForkJoinPool-13-worker-13] INFO  o.o.b.p.a.PullFromAggregateTracker - Pull VIGILÂNCIA  AMBIENTAL - Form downloaded
2026-02-25 11:37:31,577 [ForkJoinPool-13-worker-13] INFO  o.o.b.p.a.PullFromAggregateTracker - Pull VIGILÂNCIA  AMBIENTAL - Start getting form manifest
2026-02-25 11:37:31,590 [ForkJoinPool-13-worker-1] INFO  o.o.b.p.a.PullFromAggregateTracker - Pull Formulario da  Componente  Genomica (IDS) - Form downloaded
2026-02-25 11:37:31,590 [ForkJoinPool-13-worker-1] INFO  o.o.b.p.a.PullFromAggregateTracker - Pull Formulario da  Componente  Genomica (IDS) - Start getting submission IDs
2026-02-25 11:37:31,836 [ForkJoinPool-13-worker-9] INFO  o.o.b.p.a.PullFromAggregateTracker - Pull Formulário da Vigilancia Hospitalar - Laboratório - Got the form manifest
2026-02-25 11:37:31,836 [ForkJoinPool-13-worker-9] INFO  o.o.b.p.a.PullFromAggregateTracker - Pull Formulário da Vigilancia Hospitalar - Laboratório - Skipping 1 form attachments that have been already downloaded
2026-02-25 11:37:31,836 [ForkJoinPool-13-worker-9] INFO  o.o.b.p.a.PullFromAggregateTracker - Pull Formulário da Vigilancia Hospitalar - Laboratório - Start getting submission IDs
2026-02-25 11:37:31,845 [ForkJoinPool-13-worker-3] INFO  o.o.b.p.a.PullFromAggregateTracker - Pull Formulário da Vigilancia Hospitalar - Laboratório - Got all the submission IDs
2026-02-25 11:37:31,854 [ForkJoinPool-13-worker-3] INFO  o.o.b.p.a.PullFromAggregateTracker - Push Formulário da Vigilancia Hospitalar - Laboratório - There are no submissions to download
2026-02-25 11:37:31,893 [ForkJoinPool-13-worker-3] INFO  o.o.b.p.a.PullFromAggregateTracker - Pull Formulário da Vigilancia Hospitalar - Laboratório - Success
2026-02-25 11:37:31,904 [ForkJoinPool-13-worker-3] INFO  o.o.b.p.a.PullFromAggregateTracker - Pull Formulário da Vigilancia Hospitalar - Start pulling form and submissions
2026-02-25 11:37:31,904 [ForkJoinPool-13-worker-3] INFO  o.o.b.p.a.PullFromAggregateTracker - Pull Formulário da Vigilancia Hospitalar - Start downloading form
2026-02-25 11:37:31,955 [AWT-EventQueue-0] ERROR XFormParser - XML Syntax Error at Line: 1, Column: 8387!
org.xmlpull.v1.XmlPullParserException: expected: /input read: select (position:END_TAG </select>@1:8387 in java.io.StringReader@120ee21) 
	at org.kxml2.io.KXmlParser.exception(Unknown Source)
	at org.kxml2.io.KXmlParser.error(Unknown Source)
	at org.kxml2.io.KXmlParser.parseEndTag(Unknown Source)
	at org.kxml2.io.KXmlParser.nextImpl(Unknown Source)
	at org.kxml2.io.KXmlParser.nextToken(Unknown Source)
	at org.kxml2.kdom.Element.parse(Unknown Source)
	at org.kxml2.kdom.Node.parse(Unknown Source)
	at org.kxml2.kdom.Element.parse(Unknown Source)
	at org.kxml2.kdom.Node.parse(Unknown Source)
	at org.kxml2.kdom.Element.parse(Unknown Source)
	at org.kxml2.kdom.Node.parse(Unknown Source)
	at org.kxml2.kdom.Element.parse(Unknown Source)
	at org.kxml2.kdom.Node.parse(Unknown Source)
	at org.kxml2.kdom.Element.parse(Unknown Source)
	at org.kxml2.kdom.Node.parse(Unknown Source)
	at org.kxml2.kdom.Document.parse(Unknown Source)
	at org.javarosa.xform.parse.XFormParser.getXMLDocument(XFormParser.java:444)
	at org.javarosa.xform.parse.XFormParser.getXMLDocument(XFormParser.java:414)
	at org.opendatakit.aggregate.parser.BaseFormParserForJavaRosa.parseFormDefinition(BaseFormParserForJavaRosa.java:207)
	at org.opendatakit.aggregate.parser.BaseFormParserForJavaRosa.<init>(BaseFormParserForJavaRosa.java:359)
	at org.opendatakit.briefcase.util.JavaRosaParserWrapper.<init>(JavaRosaParserWrapper.java:15)
	at org.opendatakit.briefcase.model.BriefcaseFormDefinition.<init>(BriefcaseFormDefinition.java:294)
	at org.opendatakit.briefcase.util.FormCache.lambda$update$1(FormCache.java:123)
	at java.util.stream.ForEachOps$ForEachOp$OfRef.accept(Unknown Source)
	at java.util.stream.ReferencePipeline$2$1.accept(Unknown Source)
	at java.util.Iterator.forEachRemaining(Unknown Source)
	at java.util.Spliterators$IteratorSpliterator.forEachRemaining(Unknown Source)
	at java.util.stream.AbstractPipeline.copyInto(Unknown Source)
	at java.util.stream.AbstractPipeline.wrapAndCopyInto(Unknown Source)
	at java.util.stream.ForEachOps$ForEachOp.evaluateSequential(Unknown Source)
	at java.util.stream.ForEachOps$ForEachOp$OfRef.evaluateSequential(Unknown Source)
	at java.util.stream.AbstractPipeline.evaluate(Unknown Source)
	at java.util.stream.ReferencePipeline.forEach(Unknown Source)
	at org.opendatakit.briefcase.util.FormCache.lambda$update$2(FormCache.java:117)
	at java.util.Optional.ifPresent(Unknown Source)
	at org.opendatakit.briefcase.util.FormCache.update(FormCache.java:113)
	at org.opendatakit.briefcase.util.FormCache.onPullSuccess(FormCache.java:150)
	at sun.reflect.GeneratedMethodAccessor11.invoke(Unknown Source)
	at sun.reflect.DelegatingMethodAccessorImpl.invoke(Unknown Source)
	at java.lang.reflect.Method.invoke(Unknown Source)
	at org.bushe.swing.event.annotation.BaseProxySubscriber.onEvent(BaseProxySubscriber.java:69)
	at org.bushe.swing.event.ThreadSafeEventService.publish(ThreadSafeEventService.java:971)
	at org.bushe.swing.event.SwingEventService.access$001(SwingEventService.java:31)
	at org.bushe.swing.event.SwingEventService$1.run(SwingEventService.java:88)
	at java.awt.event.InvocationEvent.dispatch(Unknown Source)
	at java.awt.EventQueue.dispatchEventImpl(Unknown Source)
	at java.awt.EventQueue.access$500(Unknown Source)
	at java.awt.EventQueue$3.run(Unknown Source)
	at java.awt.EventQueue$3.run(Unknown Source)
	at java.security.AccessController.doPrivileged(Native Method)
	at java.security.ProtectionDomain$JavaSecurityAccessImpl.doIntersectionPrivilege(Unknown Source)
	at java.awt.EventQueue.dispatchEvent(Unknown Source)
	at java.awt.EventDispatchThread.pumpOneEventForFilters(Unknown Source)
	at java.awt.EventDispatchThread.pumpEventsForFilter(Unknown Source)
	at java.awt.EventDispatchThread.pumpEventsForHierarchy(Unknown Source)
	at java.awt.EventDispatchThread.pumpEvents(Unknown Source)
	at java.awt.EventDispatchThread.pumpEvents(Unknown Source)
	at java.awt.EventDispatchThread.run(Unknown Source)
2026-02-25 11:37:31,955 [AWT-EventQueue-0] WARN  o.o.briefcase.util.FormCache - Can't parse form file
org.opendatakit.briefcase.util.BadFormDefinition: org.opendatakit.aggregate.exception.ODKIncompleteSubmissionData: org.javarosa.xform.parse.XFormParseException: XML Syntax Error at Line: 1, Column: 8387!
	at org.opendatakit.briefcase.model.BriefcaseFormDefinition.<init>(BriefcaseFormDefinition.java:297)
	at org.opendatakit.briefcase.util.FormCache.lambda$update$1(FormCache.java:123)
	at java.util.stream.ForEachOps$ForEachOp$OfRef.accept(Unknown Source)
	at java.util.stream.ReferencePipeline$2$1.accept(Unknown Source)
	at java.util.Iterator.forEachRemaining(Unknown Source)
	at java.util.Spliterators$IteratorSpliterator.forEachRemaining(Unknown Source)
	at java.util.stream.AbstractPipeline.copyInto(Unknown Source)
	at java.util.stream.AbstractPipeline.wrapAndCopyInto(Unknown Source)
	at java.util.stream.ForEachOps$ForEachOp.evaluateSequential(Unknown Source)
	at java.util.stream.ForEachOps$ForEachOp$OfRef.evaluateSequential(Unknown Source)
	at java.util.stream.AbstractPipeline.evaluate(Unknown Source)
	at java.util.stream.ReferencePipeline.forEach(Unknown Source)
	at org.opendatakit.briefcase.util.FormCache.lambda$update$2(FormCache.java:117)
	at java.util.Optional.ifPresent(Unknown Source)
	at org.opendatakit.briefcase.util.FormCache.update(FormCache.java:113)
	at org.opendatakit.briefcase.util.FormCache.onPullSuccess(FormCache.java:150)
	at sun.reflect.GeneratedMethodAccessor11.invoke(Unknown Source)
	at sun.reflect.DelegatingMethodAccessorImpl.invoke(Unknown Source)
	at java.lang.reflect.Method.invoke(Unknown Source)
	at org.bushe.swing.event.annotation.BaseProxySubscriber.onEvent(BaseProxySubscriber.java:69)
	at org.bushe.swing.event.ThreadSafeEventService.publish(ThreadSafeEventService.java:971)
	at org.bushe.swing.event.SwingEventService.access$001(SwingEventService.java:31)
	at org.bushe.swing.event.SwingEventService$1.run(SwingEventService.java:88)
	at java.awt.event.InvocationEvent.dispatch(Unknown Source)
	at java.awt.EventQueue.dispatchEventImpl(Unknown Source)
	at java.awt.EventQueue.access$500(Unknown Source)
	at java.awt.EventQueue$3.run(Unknown Source)
	at java.awt.EventQueue$3.run(Unknown Source)
	at java.security.AccessController.doPrivileged(Native Method)
	at java.security.ProtectionDomain$JavaSecurityAccessImpl.doIntersectionPrivilege(Unknown Source)
	at java.awt.EventQueue.dispatchEvent(Unknown Source)
	at java.awt.EventDispatchThread.pumpOneEventForFilters(Unknown Source)
	at java.awt.EventDispatchThread.pumpEventsForFilter(Unknown Source)
	at java.awt.EventDispatchThread.pumpEventsForHierarchy(Unknown Source)
	at java.awt.EventDispatchThread.pumpEvents(Unknown Source)
	at java.awt.EventDispatchThread.pumpEvents(Unknown Source)
	at java.awt.EventDispatchThread.run(Unknown Source)
Caused by: org.opendatakit.aggregate.exception.ODKIncompleteSubmissionData: org.javarosa.xform.parse.XFormParseException: XML Syntax Error at Line: 1, Column: 8387!
	at org.opendatakit.aggregate.parser.BaseFormParserForJavaRosa.parseFormDefinition(BaseFormParserForJavaRosa.java:210)
	at org.opendatakit.aggregate.parser.BaseFormParserForJavaRosa.<init>(BaseFormParserForJavaRosa.java:359)
	at org.opendatakit.briefcase.util.JavaRosaParserWrapper.<init>(JavaRosaParserWrapper.java:15)
	at org.opendatakit.briefcase.model.BriefcaseFormDefinition.<init>(BriefcaseFormDefinition.java:294)
	... 36 common frames omitted
Caused by: org.javarosa.xform.parse.XFormParseException: XML Syntax Error at Line: 1, Column: 8387!
	at org.javarosa.xform.parse.XFormParser.getXMLDocument(XFormParser.java:448)
	at org.javarosa.xform.parse.XFormParser.getXMLDocument(XFormParser.java:414)
	at org.opendatakit.aggregate.parser.BaseFormParserForJavaRosa.parseFormDefinition(BaseFormParserForJavaRosa.java:207)
	... 39 common frames omitted
2026-02-25 11:37:31,972 [AWT-EventQueue-0] INFO  XFormParser - Reading XML and parsing with kXML2 finished in 2.849 ms
2026-02-25 11:37:31,982 [AWT-EventQueue-0] INFO  XFormParser - Consolidating text finished in 9.249 ms
2026-02-25 11:37:31,982 [AWT-EventQueue-0] INFO  XFormParser - Parsing form...
2026-02-25 11:37:31,984 [AWT-EventQueue-0] INFO  XFormParser - Title: "VIGILÂNCIA  AMBIENTAL"
2026-02-25 11:37:31,985 [AWT-EventQueue-0] WARN  XFormParser - XForm Parse Warning: Warning: 1 Unrecognized attributes found in Element [model] and will be ignored: [xforms-version] 
    Problem found at nodeset: /html/head/model
    With element <model xforms-version="1.0.0"><instance><data id="VIGILÂNCIA  AMBIENTAL" version="1" prefix="VIGILÂNCIA  AMBIENTAL" delimiter="$">...

2026-02-25 11:37:32,046 [AWT-EventQueue-0] INFO  XFormParser - Creating FormDef from parsed XML finished in 62.879 ms
2026-02-25 11:37:32,068 [ForkJoinPool-13-worker-15] INFO  o.o.b.p.a.PullFromAggregateTracker - Pull Formulário da Recepção da Amostra - Got the form manifest
2026-02-25 11:37:32,068 [ForkJoinPool-13-worker-15] INFO  o.o.b.p.a.PullFromAggregateTracker - Pull Formulário da Recepção da Amostra - Skipping 1 form attachments that have been already downloaded
2026-02-25 11:37:32,068 [ForkJoinPool-13-worker-15] INFO  o.o.b.p.a.PullFromAggregateTracker - Pull Formulário da Recepção da Amostra - Start getting submission IDs
2026-02-25 11:37:32,072 [ForkJoinPool-13-worker-13] INFO  o.o.b.p.a.PullFromAggregateTracker - Pull VIGILÂNCIA  AMBIENTAL - Got the form manifest
2026-02-25 11:37:32,074 [ForkJoinPool-13-worker-13] INFO  o.o.b.p.a.PullFromAggregateTracker - Pull VIGILÂNCIA  AMBIENTAL - Skipping 1 form attachments that have been already downloaded
2026-02-25 11:37:32,074 [ForkJoinPool-13-worker-13] INFO  o.o.b.p.a.PullFromAggregateTracker - Pull VIGILÂNCIA  AMBIENTAL - Start getting submission IDs
2026-02-25 11:37:32,292 [ForkJoinPool-13-worker-6] INFO  o.o.b.p.a.PullFromAggregateTracker - Pull Resultados de testagem das vigilâncias - Form downloaded
2026-02-25 11:37:32,292 [ForkJoinPool-13-worker-6] INFO  o.o.b.p.a.PullFromAggregateTracker - Pull Resultados de testagem das vigilâncias - Start getting form manifest
2026-02-25 11:37:32,382 [ForkJoinPool-13-worker-1] INFO  o.o.b.p.a.PullFromAggregateTracker - Pull Formulario da  Componente  Genomica (IDS) - Got all the submission IDs
2026-02-25 11:37:32,413 [ForkJoinPool-13-worker-1] INFO  o.o.b.p.a.PullFromAggregateTracker - Push Formulario da  Componente  Genomica (IDS) - There are no submissions to download
2026-02-25 11:37:32,414 [ForkJoinPool-13-worker-11] INFO  o.o.b.p.a.PullFromAggregateTracker - Pull Formulário da Vigilancia Hospitalar - Form downloaded
2026-02-25 11:37:32,414 [ForkJoinPool-13-worker-11] INFO  o.o.b.p.a.PullFromAggregateTracker - Pull Formulário da Vigilancia Hospitalar - Start getting form manifest
2026-02-25 11:37:32,428 [ForkJoinPool-13-worker-1] INFO  o.o.b.p.a.PullFromAggregateTracker - Pull Formulario da  Componente  Genomica (IDS) - Success
2026-02-25 11:37:32,433 [ForkJoinPool-13-worker-1] INFO  o.o.b.p.a.PullFromAggregateTracker - Pull VIGILÂNCIA  AMBIENTAL - Start pulling form and submissions
2026-02-25 11:37:32,433 [ForkJoinPool-13-worker-1] INFO  o.o.b.p.a.PullFromAggregateTracker - Pull VIGILÂNCIA  AMBIENTAL - Start downloading form
2026-02-25 11:37:32,571 [AWT-EventQueue-0] INFO  XFormParser - Reading XML and parsing with kXML2 finished in 87.953 ms
2026-02-25 11:37:32,582 [ForkJoinPool-13-worker-4] INFO  o.o.b.p.a.PullFromAggregateTracker - Pull Formulário da Vigilancia Comunitaria - Form downloaded
2026-02-25 11:37:32,582 [ForkJoinPool-13-worker-4] INFO  o.o.b.p.a.PullFromAggregateTracker - Pull Formulário da Vigilancia Comunitaria - Start getting form manifest
2026-02-25 11:37:32,587 [ForkJoinPool-13-worker-10] INFO  o.o.b.p.a.PullFromAggregateTracker - Pull Formulário da Vigilancia Comunitaria - Form downloaded
2026-02-25 11:37:32,587 [ForkJoinPool-13-worker-10] INFO  o.o.b.p.a.PullFromAggregateTracker - Pull Formulário da Vigilancia Comunitaria - Start getting submission IDs
2026-02-25 11:37:32,589 [ForkJoinPool-13-worker-8] INFO  o.o.b.p.a.PullFromAggregateTracker - Pull Formulário da Vigilancia Hospitalar - Form downloaded
2026-02-25 11:37:32,591 [ForkJoinPool-13-worker-8] INFO  o.o.b.p.a.PullFromAggregateTracker - Pull Formulário da Vigilancia Hospitalar - Start getting form manifest
2026-02-25 11:37:32,594 [ForkJoinPool-13-worker-2] INFO  o.o.b.p.a.PullFromAggregateTracker - Pull Formulário da Vigilancia Hospitalar - Form downloaded
2026-02-25 11:37:32,596 [ForkJoinPool-13-worker-2] INFO  o.o.b.p.a.PullFromAggregateTracker - Pull Formulário da Vigilancia Hospitalar - Start getting form manifest
2026-02-25 11:37:32,596 [AWT-EventQueue-0] INFO  XFormParser - Consolidating text finished in 23.819 ms
2026-02-25 11:37:32,596 [AWT-EventQueue-0] INFO  XFormParser - Parsing form...
2026-02-25 11:37:32,596 [AWT-EventQueue-0] INFO  XFormParser - Title: "Formulário da Vigilancia Hospitalar"
2026-02-25 11:37:32,596 [AWT-EventQueue-0] WARN  XFormParser - XForm Parse Warning: Warning: 1 Unrecognized attributes found in Element [model] and will be ignored: [xforms-version] 
    Problem found at nodeset: /html/head/model
    With element <model xforms-version="1.0.0"><instance><data id="hospitalar_v1" version="1" prefix="Hospitalar" delimiter="$">...

2026-02-25 11:37:32,631 [ForkJoinPool-13-worker-15] INFO  o.o.b.p.a.PullFromAggregateTracker - Pull Formulário da Recepção da Amostra - Got all the submission IDs
2026-02-25 11:37:32,631 [ForkJoinPool-13-worker-13] INFO  o.o.b.p.a.PullFromAggregateTracker - Pull VIGILÂNCIA  AMBIENTAL - Got all the submission IDs
2026-02-25 11:37:32,631 [ForkJoinPool-13-worker-15] INFO  o.o.b.p.a.PullFromAggregateTracker - Push Formulário da Recepção da Amostra - There are no submissions to download
2026-02-25 11:37:32,647 [ForkJoinPool-13-worker-13] INFO  o.o.b.p.a.PullFromAggregateTracker - Push VIGILÂNCIA  AMBIENTAL - There are no submissions to download
2026-02-25 11:37:32,664 [ForkJoinPool-13-worker-15] INFO  o.o.b.p.a.PullFromAggregateTracker - Pull Formulário da Recepção da Amostra - Success
2026-02-25 11:37:32,665 [ForkJoinPool-13-worker-13] INFO  o.o.b.p.a.PullFromAggregateTracker - Pull VIGILÂNCIA  AMBIENTAL - Success
2026-02-25 11:37:32,667 [ForkJoinPool-13-worker-15] INFO  o.o.b.p.a.PullFromAggregateTracker - Pull VIGILÂNCIA  AMBIENTAL - Start pulling form and submissions
2026-02-25 11:37:32,667 [ForkJoinPool-13-worker-15] INFO  o.o.b.p.a.PullFromAggregateTracker - Pull VIGILÂNCIA  AMBIENTAL - Start downloading form
2026-02-25 11:37:32,671 [ForkJoinPool-13-worker-13] INFO  o.o.b.p.a.PullFromAggregateTracker - Pull Formulário da Vigilancia Comunitaria - Start pulling form and submissions
2026-02-25 11:37:32,672 [ForkJoinPool-13-worker-13] INFO  o.o.b.p.a.PullFromAggregateTracker - Pull Formulário da Vigilancia Comunitaria - Start downloading form
2026-02-25 11:37:32,717 [AWT-EventQueue-0] INFO  XFormParser - Creating FormDef from parsed XML finished in 117.962 ms
2026-02-25 11:37:32,722 [AWT-EventQueue-0] ERROR XFormParser - XML Syntax Error at Line: 1, Column: 8387!
org.xmlpull.v1.XmlPullParserException: expected: /input read: select (position:END_TAG </select>@1:8387 in java.io.StringReader@94747b) 
	at org.kxml2.io.KXmlParser.exception(Unknown Source)
	at org.kxml2.io.KXmlParser.error(Unknown Source)
	at org.kxml2.io.KXmlParser.parseEndTag(Unknown Source)
	at org.kxml2.io.KXmlParser.nextImpl(Unknown Source)
	at org.kxml2.io.KXmlParser.nextToken(Unknown Source)
	at org.kxml2.kdom.Element.parse(Unknown Source)
	at org.kxml2.kdom.Node.parse(Unknown Source)
	at org.kxml2.kdom.Element.parse(Unknown Source)
	at org.kxml2.kdom.Node.parse(Unknown Source)
	at org.kxml2.kdom.Element.parse(Unknown Source)
	at org.kxml2.kdom.Node.parse(Unknown Source)
	at org.kxml2.kdom.Element.parse(Unknown Source)
	at org.kxml2.kdom.Node.parse(Unknown Source)
	at org.kxml2.kdom.Element.parse(Unknown Source)
	at org.kxml2.kdom.Node.parse(Unknown Source)
	at org.kxml2.kdom.Document.parse(Unknown Source)
	at org.javarosa.xform.parse.XFormParser.getXMLDocument(XFormParser.java:444)
	at org.javarosa.xform.parse.XFormParser.getXMLDocument(XFormParser.java:414)
	at org.opendatakit.aggregate.parser.BaseFormParserForJavaRosa.parseFormDefinition(BaseFormParserForJavaRosa.java:207)
	at org.opendatakit.aggregate.parser.BaseFormParserForJavaRosa.<init>(BaseFormParserForJavaRosa.java:359)
	at org.opendatakit.briefcase.util.JavaRosaParserWrapper.<init>(JavaRosaParserWrapper.java:15)
	at org.opendatakit.briefcase.model.BriefcaseFormDefinition.<init>(BriefcaseFormDefinition.java:294)
	at org.opendatakit.briefcase.util.FormCache.lambda$update$1(FormCache.java:123)
	at java.util.stream.ForEachOps$ForEachOp$OfRef.accept(Unknown Source)
	at java.util.stream.ReferencePipeline$2$1.accept(Unknown Source)
	at java.util.Iterator.forEachRemaining(Unknown Source)
	at java.util.Spliterators$IteratorSpliterator.forEachRemaining(Unknown Source)
	at java.util.stream.AbstractPipeline.copyInto(Unknown Source)
	at java.util.stream.AbstractPipeline.wrapAndCopyInto(Unknown Source)
	at java.util.stream.ForEachOps$ForEachOp.evaluateSequential(Unknown Source)
	at java.util.stream.ForEachOps$ForEachOp$OfRef.evaluateSequential(Unknown Source)
	at java.util.stream.AbstractPipeline.evaluate(Unknown Source)
	at java.util.stream.ReferencePipeline.forEach(Unknown Source)
	at org.opendatakit.briefcase.util.FormCache.lambda$update$2(FormCache.java:117)
	at java.util.Optional.ifPresent(Unknown Source)
	at org.opendatakit.briefcase.util.FormCache.update(FormCache.java:113)
	at org.opendatakit.briefcase.util.FormCache.onPullSuccess(FormCache.java:150)
	at sun.reflect.GeneratedMethodAccessor11.invoke(Unknown Source)
	at sun.reflect.DelegatingMethodAccessorImpl.invoke(Unknown Source)
	at java.lang.reflect.Method.invoke(Unknown Source)
	at org.bushe.swing.event.annotation.BaseProxySubscriber.onEvent(BaseProxySubscriber.java:69)
	at org.bushe.swing.event.ThreadSafeEventService.publish(ThreadSafeEventService.java:971)
	at org.bushe.swing.event.SwingEventService.access$001(SwingEventService.java:31)
	at org.bushe.swing.event.SwingEventService$1.run(SwingEventService.java:88)
	at java.awt.event.InvocationEvent.dispatch(Unknown Source)
	at java.awt.EventQueue.dispatchEventImpl(Unknown Source)
	at java.awt.EventQueue.access$500(Unknown Source)
	at java.awt.EventQueue$3.run(Unknown Source)
	at java.awt.EventQueue$3.run(Unknown Source)
	at java.security.AccessController.doPrivileged(Native Method)
	at java.security.ProtectionDomain$JavaSecurityAccessImpl.doIntersectionPrivilege(Unknown Source)
	at java.awt.EventQueue.dispatchEvent(Unknown Source)
	at java.awt.EventDispatchThread.pumpOneEventForFilters(Unknown Source)
	at java.awt.EventDispatchThread.pumpEventsForFilter(Unknown Source)
	at java.awt.EventDispatchThread.pumpEventsForHierarchy(Unknown Source)
	at java.awt.EventDispatchThread.pumpEvents(Unknown Source)
	at java.awt.EventDispatchThread.pumpEvents(Unknown Source)
	at java.awt.EventDispatchThread.run(Unknown Source)
2026-02-25 11:37:32,722 [AWT-EventQueue-0] WARN  o.o.briefcase.util.FormCache - Can't parse form file
org.opendatakit.briefcase.util.BadFormDefinition: org.opendatakit.aggregate.exception.ODKIncompleteSubmissionData: org.javarosa.xform.parse.XFormParseException: XML Syntax Error at Line: 1, Column: 8387!
	at org.opendatakit.briefcase.model.BriefcaseFormDefinition.<init>(BriefcaseFormDefinition.java:297)
	at org.opendatakit.briefcase.util.FormCache.lambda$update$1(FormCache.java:123)
	at java.util.stream.ForEachOps$ForEachOp$OfRef.accept(Unknown Source)
	at java.util.stream.ReferencePipeline$2$1.accept(Unknown Source)
	at java.util.Iterator.forEachRemaining(Unknown Source)
	at java.util.Spliterators$IteratorSpliterator.forEachRemaining(Unknown Source)
	at java.util.stream.AbstractPipeline.copyInto(Unknown Source)
	at java.util.stream.AbstractPipeline.wrapAndCopyInto(Unknown Source)
	at java.util.stream.ForEachOps$ForEachOp.evaluateSequential(Unknown Source)
	at java.util.stream.ForEachOps$ForEachOp$OfRef.evaluateSequential(Unknown Source)
	at java.util.stream.AbstractPipeline.evaluate(Unknown Source)
	at java.util.stream.ReferencePipeline.forEach(Unknown Source)
	at org.opendatakit.briefcase.util.FormCache.lambda$update$2(FormCache.java:117)
	at java.util.Optional.ifPresent(Unknown Source)
	at org.opendatakit.briefcase.util.FormCache.update(FormCache.java:113)
	at org.opendatakit.briefcase.util.FormCache.onPullSuccess(FormCache.java:150)
	at sun.reflect.GeneratedMethodAccessor11.invoke(Unknown Source)
	at sun.reflect.DelegatingMethodAccessorImpl.invoke(Unknown Source)
	at java.lang.reflect.Method.invoke(Unknown Source)
	at org.bushe.swing.event.annotation.BaseProxySubscriber.onEvent(BaseProxySubscriber.java:69)
	at org.bushe.swing.event.ThreadSafeEventService.publish(ThreadSafeEventService.java:971)
	at org.bushe.swing.event.SwingEventService.access$001(SwingEventService.java:31)
	at org.bushe.swing.event.SwingEventService$1.run(SwingEventService.java:88)
	at java.awt.event.InvocationEvent.dispatch(Unknown Source)
	at java.awt.EventQueue.dispatchEventImpl(Unknown Source)
	at java.awt.EventQueue.access$500(Unknown Source)
	at java.awt.EventQueue$3.run(Unknown Source)
	at java.awt.EventQueue$3.run(Unknown Source)
	at java.security.AccessController.doPrivileged(Native Method)
	at java.security.ProtectionDomain$JavaSecurityAccessImpl.doIntersectionPrivilege(Unknown Source)
	at java.awt.EventQueue.dispatchEvent(Unknown Source)
	at java.awt.EventDispatchThread.pumpOneEventForFilters(Unknown Source)
	at java.awt.EventDispatchThread.pumpEventsForFilter(Unknown Source)
	at java.awt.EventDispatchThread.pumpEventsForHierarchy(Unknown Source)
	at java.awt.EventDispatchThread.pumpEvents(Unknown Source)
	at java.awt.EventDispatchThread.pumpEvents(Unknown Source)
	at java.awt.EventDispatchThread.run(Unknown Source)
Caused by: org.opendatakit.aggregate.exception.ODKIncompleteSubmissionData: org.javarosa.xform.parse.XFormParseException: XML Syntax Error at Line: 1, Column: 8387!
	at org.opendatakit.aggregate.parser.BaseFormParserForJavaRosa.parseFormDefinition(BaseFormParserForJavaRosa.java:210)
	at org.opendatakit.aggregate.parser.BaseFormParserForJavaRosa.<init>(BaseFormParserForJavaRosa.java:359)
	at org.opendatakit.briefcase.util.JavaRosaParserWrapper.<init>(JavaRosaParserWrapper.java:15)
	at org.opendatakit.briefcase.model.BriefcaseFormDefinition.<init>(BriefcaseFormDefinition.java:294)
	... 36 common frames omitted
Caused by: org.javarosa.xform.parse.XFormParseException: XML Syntax Error at Line: 1, Column: 8387!
	at org.javarosa.xform.parse.XFormParser.getXMLDocument(XFormParser.java:448)
	at org.javarosa.xform.parse.XFormParser.getXMLDocument(XFormParser.java:414)
	at org.opendatakit.aggregate.parser.BaseFormParserForJavaRosa.parseFormDefinition(BaseFormParserForJavaRosa.java:207)
	... 39 common frames omitted
2026-02-25 11:37:32,803 [AWT-EventQueue-0] INFO  XFormParser - Reading XML and parsing with kXML2 finished in 32.650 ms
2026-02-25 11:37:32,812 [AWT-EventQueue-0] INFO  XFormParser - Consolidating text finished in 8.212 ms
2026-02-25 11:37:32,812 [AWT-EventQueue-0] INFO  XFormParser - Parsing form...
2026-02-25 11:37:32,812 [AWT-EventQueue-0] INFO  XFormParser - Title: "Resultados de testagem das vigilâncias"
2026-02-25 11:37:32,812 [AWT-EventQueue-0] WARN  XFormParser - XForm Parse Warning: Warning: 1 Unrecognized attributes found in Element [model] and will be ignored: [xforms-version] 
    Problem found at nodeset: /html/head/model
    With element <model xforms-version="1.0.0"><instance><data id="hospitalar_LB" version="13" prefix="Hospitalar LB" delimiter="$">...

2026-02-25 11:37:32,847 [ForkJoinPool-13-worker-9] INFO  o.o.b.p.a.PullFromAggregateTracker - Pull Formulário da Vigilancia Hospitalar - Laboratório - Got all the submission IDs
2026-02-25 11:37:32,853 [ForkJoinPool-13-worker-4] INFO  o.o.b.p.a.PullFromAggregateTracker - Pull Formulário da Vigilancia Comunitaria - Got the form manifest
2026-02-25 11:37:32,853 [ForkJoinPool-13-worker-6] INFO  o.o.b.p.a.PullFromAggregateTracker - Pull Resultados de testagem das vigilâncias - Got the form manifest
2026-02-25 11:37:32,854 [ForkJoinPool-13-worker-4] INFO  o.o.b.p.a.PullFromAggregateTracker - Pull Formulário da Vigilancia Comunitaria - Skipping 1 form attachments that have been already downloaded
2026-02-25 11:37:32,854 [ForkJoinPool-13-worker-6] INFO  o.o.b.p.a.PullFromAggregateTracker - Pull Resultados de testagem das vigilâncias - Skipping 1 form attachments that have been already downloaded
2026-02-25 11:37:32,855 [ForkJoinPool-13-worker-6] INFO  o.o.b.p.a.PullFromAggregateTracker - Pull Resultados de testagem das vigilâncias - Start getting submission IDs
2026-02-25 11:37:32,855 [ForkJoinPool-13-worker-4] INFO  o.o.b.p.a.PullFromAggregateTracker - Pull Formulário da Vigilancia Comunitaria - Start getting submission IDs
2026-02-25 11:37:32,863 [ForkJoinPool-13-worker-8] INFO  o.o.b.p.a.PullFromAggregateTracker - Pull Formulário da Vigilancia Hospitalar - Got the form manifest
2026-02-25 11:37:32,863 [ForkJoinPool-13-worker-11] INFO  o.o.b.p.a.PullFromAggregateTracker - Pull Formulário da Vigilancia Hospitalar - Got the form manifest
2026-02-25 11:37:32,863 [ForkJoinPool-13-worker-11] INFO  o.o.b.p.a.PullFromAggregateTracker - Pull Formulário da Vigilancia Hospitalar - Skipping 1 form attachments that have been already downloaded
2026-02-25 11:37:32,863 [ForkJoinPool-13-worker-8] INFO  o.o.b.p.a.PullFromAggregateTracker - Pull Formulário da Vigilancia Hospitalar - Skipping 1 form attachments that have been already downloaded
2026-02-25 11:37:32,865 [ForkJoinPool-13-worker-8] INFO  o.o.b.p.a.PullFromAggregateTracker - Pull Formulário da Vigilancia Hospitalar - Start getting submission IDs
2026-02-25 11:37:32,865 [ForkJoinPool-13-worker-11] INFO  o.o.b.p.a.PullFromAggregateTracker - Pull Formulário da Vigilancia Hospitalar - Start getting submission IDs
2026-02-25 11:37:32,865 [ForkJoinPool-13-worker-1] INFO  o.o.b.p.a.PullFromAggregateTracker - Pull VIGILÂNCIA  AMBIENTAL - Form downloaded
2026-02-25 11:37:32,867 [ForkJoinPool-13-worker-1] INFO  o.o.b.p.a.PullFromAggregateTracker - Pull VIGILÂNCIA  AMBIENTAL - Start getting submission IDs
2026-02-25 11:37:32,919 [ForkJoinPool-13-worker-9] INFO  o.o.b.p.a.PullFromAggregateTracker - Pull Formulário da Vigilancia Hospitalar - Laboratório - Start downloading submission 1 of 5
2026-02-25 11:37:32,951 [AWT-EventQueue-0] INFO  XFormParser - Creating FormDef from parsed XML finished in 139.196 ms
2026-02-25 11:37:32,955 [AWT-EventQueue-0] INFO  XFormParser - Reading XML and parsing with kXML2 finished in 1.243 ms
2026-02-25 11:37:32,955 [AWT-EventQueue-0] INFO  XFormParser - Consolidating text finished in 0.444 ms
2026-02-25 11:37:32,955 [AWT-EventQueue-0] INFO  XFormParser - Parsing form...
2026-02-25 11:37:32,955 [AWT-EventQueue-0] INFO  XFormParser - Title: "VIGILÂNCIA  AMBIENTAL"
2026-02-25 11:37:32,955 [AWT-EventQueue-0] WARN  XFormParser - XForm Parse Warning: Warning: 1 Unrecognized attributes found in Element [model] and will be ignored: [xforms-version] 
    Problem found at nodeset: /html/head/model
    With element <model xforms-version="1.0.0"><instance><data id="VIGILÂNCIA  AMBIENTAL_v2" version="2" prefix="VIGILÂNCIA  AMBIENTAL_v2" delimiter="$">...

2026-02-25 11:37:32,966 [AWT-EventQueue-0] INFO  XFormParser - Creating FormDef from parsed XML finished in 9.078 ms
2026-02-25 11:37:33,084 [ForkJoinPool-13-worker-15] INFO  o.o.b.p.a.PullFromAggregateTracker - Pull VIGILÂNCIA  AMBIENTAL - Form downloaded
2026-02-25 11:37:33,084 [ForkJoinPool-13-worker-15] INFO  o.o.b.p.a.PullFromAggregateTracker - Pull VIGILÂNCIA  AMBIENTAL - Start getting submission IDs
2026-02-25 11:37:33,088 [ForkJoinPool-13-worker-2] INFO  o.o.b.p.a.PullFromAggregateTracker - Pull Formulário da Vigilancia Hospitalar - Got the form manifest
2026-02-25 11:37:33,090 [ForkJoinPool-13-worker-2] INFO  o.o.b.p.a.PullFromAggregateTracker - Pull Formulário da Vigilancia Hospitalar - Skipping 1 form attachments that have been already downloaded
2026-02-25 11:37:33,090 [ForkJoinPool-13-worker-2] INFO  o.o.b.p.a.PullFromAggregateTracker - Pull Formulário da Vigilancia Hospitalar - Start getting submission IDs
2026-02-25 11:37:33,107 [ForkJoinPool-13-worker-6] INFO  o.o.b.p.a.PullFromAggregateTracker - Pull Resultados de testagem das vigilâncias - Got all the submission IDs
2026-02-25 11:37:33,117 [ForkJoinPool-13-worker-3] INFO  o.o.b.p.a.PullFromAggregateTracker - Pull Formulário da Vigilancia Hospitalar - Form downloaded
2026-02-25 11:37:33,119 [ForkJoinPool-13-worker-3] INFO  o.o.b.p.a.PullFromAggregateTracker - Pull Formulário da Vigilancia Hospitalar - Start getting submission IDs
2026-02-25 11:37:33,134 [ForkJoinPool-13-worker-8] INFO  o.o.b.p.a.PullFromAggregateTracker - Pull Formulário da Vigilancia Hospitalar - Got all the submission IDs
2026-02-25 11:37:33,134 [ForkJoinPool-13-worker-11] INFO  o.o.b.p.a.PullFromAggregateTracker - Pull Formulário da Vigilancia Hospitalar - Got all the submission IDs
2026-02-25 11:37:33,347 [ForkJoinPool-13-worker-1] INFO  o.o.b.p.a.PullFromAggregateTracker - Pull VIGILÂNCIA  AMBIENTAL - Got all the submission IDs
2026-02-25 11:37:33,347 [ForkJoinPool-13-worker-6] INFO  o.o.b.p.a.PullFromAggregateTracker - Push Resultados de testagem das vigilâncias - There are no submissions to download
2026-02-25 11:37:33,350 [ForkJoinPool-13-worker-10] INFO  o.o.b.p.a.PullFromAggregateTracker - Pull Formulário da Vigilancia Comunitaria - Got all the submission IDs
2026-02-25 11:37:33,375 [ForkJoinPool-13-worker-1] INFO  o.o.b.p.a.PullFromAggregateTracker - Push VIGILÂNCIA  AMBIENTAL - There are no submissions to download
2026-02-25 11:37:33,380 [ForkJoinPool-13-worker-4] INFO  o.o.b.p.a.PullFromAggregateTracker - Pull Formulário da Vigilancia Comunitaria - Got all the submission IDs
2026-02-25 11:37:33,381 [ForkJoinPool-13-worker-15] INFO  o.o.b.p.a.PullFromAggregateTracker - Pull VIGILÂNCIA  AMBIENTAL - Got all the submission IDs
2026-02-25 11:37:33,384 [ForkJoinPool-13-worker-6] INFO  o.o.b.p.a.PullFromAggregateTracker - Pull Resultados de testagem das vigilâncias - Success
2026-02-25 11:37:33,386 [ForkJoinPool-13-worker-3] INFO  o.o.b.p.a.PullFromAggregateTracker - Pull Formulário da Vigilancia Hospitalar - Got all the submission IDs
2026-02-25 11:37:33,386 [ForkJoinPool-13-worker-2] INFO  o.o.b.p.a.PullFromAggregateTracker - Pull Formulário da Vigilancia Hospitalar - Got all the submission IDs
2026-02-25 11:37:33,387 [ForkJoinPool-13-worker-1] INFO  o.o.b.p.a.PullFromAggregateTracker - Pull VIGILÂNCIA  AMBIENTAL - Success
2026-02-25 11:37:33,388 [ForkJoinPool-13-worker-15] INFO  o.o.b.p.a.PullFromAggregateTracker - Push VIGILÂNCIA  AMBIENTAL - There are no submissions to download
2026-02-25 11:37:33,389 [ForkJoinPool-13-worker-13] INFO  o.o.b.p.a.PullFromAggregateTracker - Pull Formulário da Vigilancia Comunitaria - Form downloaded
2026-02-25 11:37:33,389 [ForkJoinPool-13-worker-13] INFO  o.o.b.p.a.PullFromAggregateTracker - Pull Formulário da Vigilancia Comunitaria - Start getting submission IDs
2026-02-25 11:37:33,578 [ForkJoinPool-13-worker-15] INFO  o.o.b.p.a.PullFromAggregateTracker - Pull VIGILÂNCIA  AMBIENTAL - Success
2026-02-25 11:37:33,592 [ForkJoinPool-13-worker-6] INFO  o.o.b.p.a.PullFromAggregateTracker - Pull Formulário da Vigilancia Hospitalar - Start pulling form and submissions
2026-02-25 11:37:33,592 [ForkJoinPool-13-worker-9] INFO  o.o.b.p.a.PullFromAggregateTracker - Pull Formulário da Vigilancia Hospitalar - Laboratório - Submission 1 of 5 downloaded
2026-02-25 11:37:33,597 [ForkJoinPool-13-worker-6] INFO  o.o.b.p.a.PullFromAggregateTracker - Pull Formulário da Vigilancia Hospitalar - Start downloading form
2026-02-25 11:37:33,601 [ForkJoinPool-13-worker-15] INFO  o.o.b.p.a.PullFromAggregateTracker - Pull Formulário da Vigilancia Hospitalar - Laboratório - Start downloading submission 3 of 5
2026-02-25 11:37:33,601 [ForkJoinPool-13-worker-1] INFO  o.o.b.p.a.PullFromAggregateTracker - Pull Formulário da Vigilancia Hospitalar - Laboratório - Start downloading submission 2 of 5
2026-02-25 11:37:33,611 [ForkJoinPool-13-worker-9] INFO  o.o.b.p.a.PullFromAggregateTracker - Pull Formulário da Vigilancia Hospitalar - Laboratório - Start downloading submission 4 of 5
2026-02-25 11:37:34,178 [ForkJoinPool-13-worker-13] INFO  o.o.b.p.a.PullFromAggregateTracker - Pull Formulário da Vigilancia Comunitaria - Got all the submission IDs
2026-02-25 11:37:34,184 [ForkJoinPool-13-worker-1] INFO  o.o.b.p.a.PullFromAggregateTracker - Pull Formulário da Vigilancia Hospitalar - Laboratório - Submission 2 of 5 downloaded
2026-02-25 11:37:34,184 [ForkJoinPool-13-worker-15] INFO  o.o.b.p.a.PullFromAggregateTracker - Pull Formulário da Vigilancia Hospitalar - Laboratório - Submission 3 of 5 downloaded
2026-02-25 11:37:34,184 [ForkJoinPool-13-worker-9] INFO  o.o.b.p.a.PullFromAggregateTracker - Pull Formulário da Vigilancia Hospitalar - Laboratório - Submission 4 of 5 downloaded
2026-02-25 11:37:34,197 [ForkJoinPool-13-worker-15] INFO  o.o.b.p.a.PullFromAggregateTracker - Pull VIGILÂNCIA  AMBIENTAL - Start pulling form and submissions
2026-02-25 11:37:34,197 [ForkJoinPool-13-worker-1] INFO  o.o.b.p.a.PullFromAggregateTracker - Pull Formulário da Vigilancia Comunitaria - Start pulling form and submissions
2026-02-25 11:37:34,201 [ForkJoinPool-13-worker-9] INFO  o.o.b.p.a.PullFromAggregateTracker - Pull Formulário da Vigilancia Hospitalar - Laboratório - Start downloading submission 5 of 5
2026-02-25 11:37:34,201 [ForkJoinPool-13-worker-15] INFO  o.o.b.p.a.PullFromAggregateTracker - Pull VIGILÂNCIA  AMBIENTAL - Start downloading form
2026-02-25 11:37:34,206 [ForkJoinPool-13-worker-1] INFO  o.o.b.p.a.PullFromAggregateTracker - Pull Formulário da Vigilancia Comunitaria - Start downloading form
2026-02-25 11:37:34,215 [ForkJoinPool-13-worker-11] INFO  o.o.b.p.a.PullFromAggregateTracker - Push Formulário da Vigilancia Hospitalar - There are no submissions to download
2026-02-25 11:37:34,222 [ForkJoinPool-13-worker-8] INFO  o.o.b.p.a.PullFromAggregateTracker - Push Formulário da Vigilancia Hospitalar - There are no submissions to download
2026-02-25 11:37:34,226 [ForkJoinPool-13-worker-11] INFO  o.o.b.p.a.PullFromAggregateTracker - Pull Formulário da Vigilancia Hospitalar - Success
2026-02-25 11:37:34,228 [ForkJoinPool-13-worker-8] INFO  o.o.b.p.a.PullFromAggregateTracker - Pull Formulário da Vigilancia Hospitalar - Success
2026-02-25 11:37:34,239 [ForkJoinPool-13-worker-11] INFO  o.o.b.p.a.PullFromAggregateTracker - Pull Formulário da Vigilancia Hospitalar - Start pulling form and submissions
2026-02-25 11:37:34,239 [ForkJoinPool-13-worker-11] INFO  o.o.b.p.a.PullFromAggregateTracker - Pull Formulário da Vigilancia Hospitalar - Start downloading form
2026-02-25 11:37:34,245 [ForkJoinPool-13-worker-8] INFO  o.o.b.p.a.PullFromAggregateTracker - Pull Resultados de testagem das vigilâncias - Start pulling form and submissions
2026-02-25 11:37:34,248 [ForkJoinPool-13-worker-8] INFO  o.o.b.p.a.PullFromAggregateTracker - Pull Resultados de testagem das vigilâncias - Start downloading form
2026-02-25 11:37:34,267 [ForkJoinPool-13-worker-10] INFO  o.o.b.p.a.PullFromAggregateTracker - Pull Formulário da Vigilancia Comunitaria - Start downloading submission 1 of 5
2026-02-25 11:37:34,275 [ForkJoinPool-13-worker-6] INFO  o.o.b.p.a.PullFromAggregateTracker - Pull Formulário da Vigilancia Hospitalar - Form downloaded
2026-02-25 11:37:34,275 [ForkJoinPool-13-worker-6] INFO  o.o.b.p.a.PullFromAggregateTracker - Pull Formulário da Vigilancia Hospitalar - Start getting submission IDs
2026-02-25 11:37:34,276 [ForkJoinPool-13-worker-3] INFO  o.o.b.p.a.PullFromAggregateTracker - Push Formulário da Vigilancia Hospitalar - There are no submissions to download
2026-02-25 11:37:34,276 [ForkJoinPool-13-worker-2] INFO  o.o.b.p.a.PullFromAggregateTracker - Push Formulário da Vigilancia Hospitalar - There are no submissions to download
2026-02-25 11:37:34,278 [ForkJoinPool-13-worker-3] INFO  o.o.b.p.a.PullFromAggregateTracker - Pull Formulário da Vigilancia Hospitalar - Success
2026-02-25 11:37:34,280 [ForkJoinPool-13-worker-2] INFO  o.o.b.p.a.PullFromAggregateTracker - Pull Formulário da Vigilancia Hospitalar - Success
2026-02-25 11:37:34,282 [ForkJoinPool-13-worker-4] INFO  o.o.b.p.a.PullFromAggregateTracker - Pull Formulário da Vigilancia Comunitaria - Start downloading submission 1 of 5
2026-02-25 11:37:34,300 [ForkJoinPool-13-worker-3] INFO  o.o.b.p.a.PullFromAggregateTracker - Pull Formulário da Vigilancia Comunitaria - Start downloading submission 2 of 5
2026-02-25 11:37:34,300 [ForkJoinPool-13-worker-2] INFO  o.o.b.p.a.PullFromAggregateTracker - Pull Formulário da Vigilancia Comunitaria - Start downloading submission 2 of 5
2026-02-25 11:37:34,338 [ForkJoinPool-13-worker-13] INFO  o.o.b.p.a.PullFromAggregateTracker - Push Formulário da Vigilancia Comunitaria - There are no submissions to download
2026-02-25 11:37:34,339 [ForkJoinPool-13-worker-13] INFO  o.o.b.p.a.PullFromAggregateTracker - Pull Formulário da Vigilancia Comunitaria - Success
2026-02-25 11:37:34,342 [ForkJoinPool-13-worker-13] INFO  o.o.b.p.a.PullFromAggregateTracker - Pull Formulário da Vigilancia Hospitalar - Start pulling form and submissions
2026-02-25 11:37:34,343 [ForkJoinPool-13-worker-13] INFO  o.o.b.p.a.PullFromAggregateTracker - Pull Formulário da Vigilancia Hospitalar - Start downloading form
2026-02-25 11:37:34,367 [AWT-EventQueue-0] INFO  XFormParser - Reading XML and parsing with kXML2 finished in 17.939 ms
2026-02-25 11:37:34,376 [AWT-EventQueue-0] INFO  XFormParser - Consolidating text finished in 8.845 ms
2026-02-25 11:37:34,377 [AWT-EventQueue-0] INFO  XFormParser - Parsing form...
2026-02-25 11:37:34,377 [AWT-EventQueue-0] INFO  XFormParser - Title: "Formulário da Vigilancia Comunitaria"
2026-02-25 11:37:34,377 [AWT-EventQueue-0] WARN  XFormParser - XForm Parse Warning: Warning: 1 Unrecognized attributes found in Element [model] and will be ignored: [xforms-version] 
    Problem found at nodeset: /html/head/model
    With element <model xforms-version="1.0.0"><instance><data id="Comunidade_v3" version="1" prefix="Comunidade_v3" delimiter="$">...

2026-02-25 11:37:34,437 [AWT-EventQueue-0] INFO  XFormParser - Creating FormDef from parsed XML finished in 60.238 ms
2026-02-25 11:37:34,473 [ForkJoinPool-13-worker-9] INFO  o.o.b.p.a.PullFromAggregateTracker - Pull Formulário da Vigilancia Hospitalar - Laboratório - Submission 5 of 5 downloaded
2026-02-25 11:37:34,474 [ForkJoinPool-13-worker-15] INFO  o.o.b.p.a.PullFromAggregateTracker - Pull VIGILÂNCIA  AMBIENTAL - Form downloaded
2026-02-25 11:37:34,474 [ForkJoinPool-13-worker-15] INFO  o.o.b.p.a.PullFromAggregateTracker - Pull VIGILÂNCIA  AMBIENTAL - Start getting submission IDs
2026-02-25 11:37:34,488 [AWT-EventQueue-0] INFO  XFormParser - Reading XML and parsing with kXML2 finished in 29.351 ms
2026-02-25 11:37:34,493 [ForkJoinPool-13-worker-9] INFO  o.o.b.p.a.PullFromAggregateTracker - Pull Formulário da Vigilancia Hospitalar - Laboratório - Success
2026-02-25 11:37:34,494 [ForkJoinPool-13-worker-9] INFO  o.o.b.p.a.PullFromAggregateTracker - Pull Formulário da Vigilancia Hospitalar - Laboratório - Start pulling form and submissions
2026-02-25 11:37:34,494 [ForkJoinPool-13-worker-9] INFO  o.o.b.p.a.PullFromAggregateTracker - Pull Formulário da Vigilancia Hospitalar - Laboratório - Start downloading form
2026-02-25 11:37:34,495 [AWT-EventQueue-0] INFO  XFormParser - Consolidating text finished in 7.427 ms
2026-02-25 11:37:34,495 [AWT-EventQueue-0] INFO  XFormParser - Parsing form...
2026-02-25 11:37:34,495 [AWT-EventQueue-0] INFO  XFormParser - Title: "Formulário da Vigilancia Hospitalar"
2026-02-25 11:37:34,496 [AWT-EventQueue-0] WARN  XFormParser - XForm Parse Warning: Warning: 1 Unrecognized attributes found in Element [model] and will be ignored: [xforms-version] 
    Problem found at nodeset: /html/head/model
    With element <model xforms-version="1.0.0"><instance><data id="hospitalar_v4" version="1" prefix="hospitalar_v4" delimiter="$">...

2026-02-25 11:37:34,522 [ForkJoinPool-13-worker-6] INFO  o.o.b.p.a.PullFromAggregateTracker - Pull Formulário da Vigilancia Hospitalar - Got all the submission IDs
2026-02-25 11:37:34,531 [ForkJoinPool-13-worker-4] INFO  o.o.b.p.a.PullFromAggregateTracker - Pull Formulário da Vigilancia Comunitaria - Submission 1 of 5 downloaded
2026-02-25 11:37:34,531 [ForkJoinPool-13-worker-4] INFO  o.o.b.p.a.PullFromAggregateTracker - Pull Formulário da Vigilancia Comunitaria - Start downloading submission 3 of 5
2026-02-25 11:37:34,535 [ForkJoinPool-13-worker-10] INFO  o.o.b.p.a.PullFromAggregateTracker - Pull Formulário da Vigilancia Comunitaria - Submission 1 of 5 downloaded
2026-02-25 11:37:34,537 [ForkJoinPool-13-worker-10] INFO  o.o.b.p.a.PullFromAggregateTracker - Pull Formulário da Vigilancia Comunitaria - Start downloading submission 3 of 5
2026-02-25 11:37:34,545 [AWT-EventQueue-0] INFO  XFormParser - Creating FormDef from parsed XML finished in 49.144 ms
2026-02-25 11:37:34,548 [AWT-EventQueue-0] ERROR XFormParser - XML Syntax Error at Line: 1, Column: 8387!
org.xmlpull.v1.XmlPullParserException: expected: /input read: select (position:END_TAG </select>@1:8387 in java.io.StringReader@188d72d) 
	at org.kxml2.io.KXmlParser.exception(Unknown Source)
	at org.kxml2.io.KXmlParser.error(Unknown Source)
	at org.kxml2.io.KXmlParser.parseEndTag(Unknown Source)
	at org.kxml2.io.KXmlParser.nextImpl(Unknown Source)
	at org.kxml2.io.KXmlParser.nextToken(Unknown Source)
	at org.kxml2.kdom.Element.parse(Unknown Source)
	at org.kxml2.kdom.Node.parse(Unknown Source)
	at org.kxml2.kdom.Element.parse(Unknown Source)
	at org.kxml2.kdom.Node.parse(Unknown Source)
	at org.kxml2.kdom.Element.parse(Unknown Source)
	at org.kxml2.kdom.Node.parse(Unknown Source)
	at org.kxml2.kdom.Element.parse(Unknown Source)
	at org.kxml2.kdom.Node.parse(Unknown Source)
	at org.kxml2.kdom.Element.parse(Unknown Source)
	at org.kxml2.kdom.Node.parse(Unknown Source)
	at org.kxml2.kdom.Document.parse(Unknown Source)
	at org.javarosa.xform.parse.XFormParser.getXMLDocument(XFormParser.java:444)
	at org.javarosa.xform.parse.XFormParser.getXMLDocument(XFormParser.java:414)
	at org.opendatakit.aggregate.parser.BaseFormParserForJavaRosa.parseFormDefinition(BaseFormParserForJavaRosa.java:207)
	at org.opendatakit.aggregate.parser.BaseFormParserForJavaRosa.<init>(BaseFormParserForJavaRosa.java:359)
	at org.opendatakit.briefcase.util.JavaRosaParserWrapper.<init>(JavaRosaParserWrapper.java:15)
	at org.opendatakit.briefcase.model.BriefcaseFormDefinition.<init>(BriefcaseFormDefinition.java:294)
	at org.opendatakit.briefcase.util.FormCache.lambda$update$1(FormCache.java:123)
	at java.util.stream.ForEachOps$ForEachOp$OfRef.accept(Unknown Source)
	at java.util.stream.ReferencePipeline$2$1.accept(Unknown Source)
	at java.util.Iterator.forEachRemaining(Unknown Source)
	at java.util.Spliterators$IteratorSpliterator.forEachRemaining(Unknown Source)
	at java.util.stream.AbstractPipeline.copyInto(Unknown Source)
	at java.util.stream.AbstractPipeline.wrapAndCopyInto(Unknown Source)
	at java.util.stream.ForEachOps$ForEachOp.evaluateSequential(Unknown Source)
	at java.util.stream.ForEachOps$ForEachOp$OfRef.evaluateSequential(Unknown Source)
	at java.util.stream.AbstractPipeline.evaluate(Unknown Source)
	at java.util.stream.ReferencePipeline.forEach(Unknown Source)
	at org.opendatakit.briefcase.util.FormCache.lambda$update$2(FormCache.java:117)
	at java.util.Optional.ifPresent(Unknown Source)
	at org.opendatakit.briefcase.util.FormCache.update(FormCache.java:113)
	at org.opendatakit.briefcase.util.FormCache.onPullSuccess(FormCache.java:150)
	at sun.reflect.GeneratedMethodAccessor11.invoke(Unknown Source)
	at sun.reflect.DelegatingMethodAccessorImpl.invoke(Unknown Source)
	at java.lang.reflect.Method.invoke(Unknown Source)
	at org.bushe.swing.event.annotation.BaseProxySubscriber.onEvent(BaseProxySubscriber.java:69)
	at org.bushe.swing.event.ThreadSafeEventService.publish(ThreadSafeEventService.java:971)
	at org.bushe.swing.event.SwingEventService.access$001(SwingEventService.java:31)
	at org.bushe.swing.event.SwingEventService$1.run(SwingEventService.java:88)
	at java.awt.event.InvocationEvent.dispatch(Unknown Source)
	at java.awt.EventQueue.dispatchEventImpl(Unknown Source)
	at java.awt.EventQueue.access$500(Unknown Source)
	at java.awt.EventQueue$3.run(Unknown Source)
	at java.awt.EventQueue$3.run(Unknown Source)
	at java.security.AccessController.doPrivileged(Native Method)
	at java.security.ProtectionDomain$JavaSecurityAccessImpl.doIntersectionPrivilege(Unknown Source)
	at java.awt.EventQueue.dispatchEvent(Unknown Source)
	at java.awt.EventDispatchThread.pumpOneEventForFilters(Unknown Source)
	at java.awt.EventDispatchThread.pumpEventsForFilter(Unknown Source)
	at java.awt.EventDispatchThread.pumpEventsForHierarchy(Unknown Source)
	at java.awt.EventDispatchThread.pumpEvents(Unknown Source)
	at java.awt.EventDispatchThread.pumpEvents(Unknown Source)
	at java.awt.EventDispatchThread.run(Unknown Source)
2026-02-25 11:37:34,552 [AWT-EventQueue-0] WARN  o.o.briefcase.util.FormCache - Can't parse form file
org.opendatakit.briefcase.util.BadFormDefinition: org.opendatakit.aggregate.exception.ODKIncompleteSubmissionData: org.javarosa.xform.parse.XFormParseException: XML Syntax Error at Line: 1, Column: 8387!
	at org.opendatakit.briefcase.model.BriefcaseFormDefinition.<init>(BriefcaseFormDefinition.java:297)
	at org.opendatakit.briefcase.util.FormCache.lambda$update$1(FormCache.java:123)
	at java.util.stream.ForEachOps$ForEachOp$OfRef.accept(Unknown Source)
	at java.util.stream.ReferencePipeline$2$1.accept(Unknown Source)
	at java.util.Iterator.forEachRemaining(Unknown Source)
	at java.util.Spliterators$IteratorSpliterator.forEachRemaining(Unknown Source)
	at java.util.stream.AbstractPipeline.copyInto(Unknown Source)
	at java.util.stream.AbstractPipeline.wrapAndCopyInto(Unknown Source)
	at java.util.stream.ForEachOps$ForEachOp.evaluateSequential(Unknown Source)
	at java.util.stream.ForEachOps$ForEachOp$OfRef.evaluateSequential(Unknown Source)
	at java.util.stream.AbstractPipeline.evaluate(Unknown Source)
	at java.util.stream.ReferencePipeline.forEach(Unknown Source)
	at org.opendatakit.briefcase.util.FormCache.lambda$update$2(FormCache.java:117)
	at java.util.Optional.ifPresent(Unknown Source)
	at org.opendatakit.briefcase.util.FormCache.update(FormCache.java:113)
	at org.opendatakit.briefcase.util.FormCache.onPullSuccess(FormCache.java:150)
	at sun.reflect.GeneratedMethodAccessor11.invoke(Unknown Source)
	at sun.reflect.DelegatingMethodAccessorImpl.invoke(Unknown Source)
	at java.lang.reflect.Method.invoke(Unknown Source)
	at org.bushe.swing.event.annotation.BaseProxySubscriber.onEvent(BaseProxySubscriber.java:69)
	at org.bushe.swing.event.ThreadSafeEventService.publish(ThreadSafeEventService.java:971)
	at org.bushe.swing.event.SwingEventService.access$001(SwingEventService.java:31)
	at org.bushe.swing.event.SwingEventService$1.run(SwingEventService.java:88)
	at java.awt.event.InvocationEvent.dispatch(Unknown Source)
	at java.awt.EventQueue.dispatchEventImpl(Unknown Source)
	at java.awt.EventQueue.access$500(Unknown Source)
	at java.awt.EventQueue$3.run(Unknown Source)
	at java.awt.EventQueue$3.run(Unknown Source)
	at java.security.AccessController.doPrivileged(Native Method)
	at java.security.ProtectionDomain$JavaSecurityAccessImpl.doIntersectionPrivilege(Unknown Source)
	at java.awt.EventQueue.dispatchEvent(Unknown Source)
	at java.awt.EventDispatchThread.pumpOneEventForFilters(Unknown Source)
	at java.awt.EventDispatchThread.pumpEventsForFilter(Unknown Source)
	at java.awt.EventDispatchThread.pumpEventsForHierarchy(Unknown Source)
	at java.awt.EventDispatchThread.pumpEvents(Unknown Source)
	at java.awt.EventDispatchThread.pumpEvents(Unknown Source)
	at java.awt.EventDispatchThread.run(Unknown Source)
Caused by: org.opendatakit.aggregate.exception.ODKIncompleteSubmissionData: org.javarosa.xform.parse.XFormParseException: XML Syntax Error at Line: 1, Column: 8387!
	at org.opendatakit.aggregate.parser.BaseFormParserForJavaRosa.parseFormDefinition(BaseFormParserForJavaRosa.java:210)
	at org.opendatakit.aggregate.parser.BaseFormParserForJavaRosa.<init>(BaseFormParserForJavaRosa.java:359)
	at org.opendatakit.briefcase.util.JavaRosaParserWrapper.<init>(JavaRosaParserWrapper.java:15)
	at org.opendatakit.briefcase.model.BriefcaseFormDefinition.<init>(BriefcaseFormDefinition.java:294)
	... 36 common frames omitted
Caused by: org.javarosa.xform.parse.XFormParseException: XML Syntax Error at Line: 1, Column: 8387!
	at org.javarosa.xform.parse.XFormParser.getXMLDocument(XFormParser.java:448)
	at org.javarosa.xform.parse.XFormParser.getXMLDocument(XFormParser.java:414)
	at org.opendatakit.aggregate.parser.BaseFormParserForJavaRosa.parseFormDefinition(BaseFormParserForJavaRosa.java:207)
	... 39 common frames omitted
2026-02-25 11:37:34,583 [AWT-EventQueue-0] INFO  XFormParser - Reading XML and parsing with kXML2 finished in 1.888 ms
2026-02-25 11:37:34,583 [AWT-EventQueue-0] INFO  XFormParser - Consolidating text finished in 0.342 ms
2026-02-25 11:37:34,583 [AWT-EventQueue-0] INFO  XFormParser - Parsing form...
2026-02-25 11:37:34,583 [AWT-EventQueue-0] INFO  XFormParser - Title: "VIGILÂNCIA  AMBIENTAL"
2026-02-25 11:37:34,584 [AWT-EventQueue-0] WARN  XFormParser - XForm Parse Warning: Warning: 1 Unrecognized attributes found in Element [model] and will be ignored: [xforms-version] 
    Problem found at nodeset: /html/head/model
    With element <model xforms-version="1.0.0"><instance><data id="VIGILÂNCIA AMBIENTAL_v4" version="4" prefix="VIGILÂNCIA AMBIENTAL_v4" delimiter="$">...

2026-02-25 11:37:34,590 [AWT-EventQueue-0] INFO  XFormParser - Creating FormDef from parsed XML finished in 6.392 ms
2026-02-25 11:37:34,609 [ForkJoinPool-13-worker-6] INFO  o.o.b.p.a.PullFromAggregateTracker - Push Formulário da Vigilancia Hospitalar - There are no submissions to download
2026-02-25 11:37:34,615 [ForkJoinPool-13-worker-6] INFO  o.o.b.p.a.PullFromAggregateTracker - Pull Formulário da Vigilancia Hospitalar - Success
2026-02-25 11:37:34,618 [ForkJoinPool-13-worker-6] INFO  o.o.b.p.a.PullFromAggregateTracker - Pull Formulário da Vigilancia Comunitaria - Start downloading submission 4 of 5
2026-02-25 11:37:34,657 [AWT-EventQueue-0] ERROR XFormParser - XML Syntax Error at Line: 1, Column: 8387!
org.xmlpull.v1.XmlPullParserException: expected: /input read: select (position:END_TAG </select>@1:8387 in java.io.StringReader@1561a9c) 
	at org.kxml2.io.KXmlParser.exception(Unknown Source)
	at org.kxml2.io.KXmlParser.error(Unknown Source)
	at org.kxml2.io.KXmlParser.parseEndTag(Unknown Source)
	at org.kxml2.io.KXmlParser.nextImpl(Unknown Source)
	at org.kxml2.io.KXmlParser.nextToken(Unknown Source)
	at org.kxml2.kdom.Element.parse(Unknown Source)
	at org.kxml2.kdom.Node.parse(Unknown Source)
	at org.kxml2.kdom.Element.parse(Unknown Source)
	at org.kxml2.kdom.Node.parse(Unknown Source)
	at org.kxml2.kdom.Element.parse(Unknown Source)
	at org.kxml2.kdom.Node.parse(Unknown Source)
	at org.kxml2.kdom.Element.parse(Unknown Source)
	at org.kxml2.kdom.Node.parse(Unknown Source)
	at org.kxml2.kdom.Element.parse(Unknown Source)
	at org.kxml2.kdom.Node.parse(Unknown Source)
	at org.kxml2.kdom.Document.parse(Unknown Source)
	at org.javarosa.xform.parse.XFormParser.getXMLDocument(XFormParser.java:444)
	at org.javarosa.xform.parse.XFormParser.getXMLDocument(XFormParser.java:414)
	at org.opendatakit.aggregate.parser.BaseFormParserForJavaRosa.parseFormDefinition(BaseFormParserForJavaRosa.java:207)
	at org.opendatakit.aggregate.parser.BaseFormParserForJavaRosa.<init>(BaseFormParserForJavaRosa.java:359)
	at org.opendatakit.briefcase.util.JavaRosaParserWrapper.<init>(JavaRosaParserWrapper.java:15)
	at org.opendatakit.briefcase.model.BriefcaseFormDefinition.<init>(BriefcaseFormDefinition.java:294)
	at org.opendatakit.briefcase.util.FormCache.lambda$update$1(FormCache.java:123)
	at java.util.stream.ForEachOps$ForEachOp$OfRef.accept(Unknown Source)
	at java.util.stream.ReferencePipeline$2$1.accept(Unknown Source)
	at java.util.Iterator.forEachRemaining(Unknown Source)
	at java.util.Spliterators$IteratorSpliterator.forEachRemaining(Unknown Source)
	at java.util.stream.AbstractPipeline.copyInto(Unknown Source)
	at java.util.stream.AbstractPipeline.wrapAndCopyInto(Unknown Source)
	at java.util.stream.ForEachOps$ForEachOp.evaluateSequential(Unknown Source)
	at java.util.stream.ForEachOps$ForEachOp$OfRef.evaluateSequential(Unknown Source)
	at java.util.stream.AbstractPipeline.evaluate(Unknown Source)
	at java.util.stream.ReferencePipeline.forEach(Unknown Source)
	at org.opendatakit.briefcase.util.FormCache.lambda$update$2(FormCache.java:117)
	at java.util.Optional.ifPresent(Unknown Source)
	at org.opendatakit.briefcase.util.FormCache.update(FormCache.java:113)
	at org.opendatakit.briefcase.util.FormCache.onPullSuccess(FormCache.java:150)
	at sun.reflect.GeneratedMethodAccessor11.invoke(Unknown Source)
	at sun.reflect.DelegatingMethodAccessorImpl.invoke(Unknown Source)
	at java.lang.reflect.Method.invoke(Unknown Source)
	at org.bushe.swing.event.annotation.BaseProxySubscriber.onEvent(BaseProxySubscriber.java:69)
	at org.bushe.swing.event.ThreadSafeEventService.publish(ThreadSafeEventService.java:971)
	at org.bushe.swing.event.SwingEventService.access$001(SwingEventService.java:31)
	at org.bushe.swing.event.SwingEventService$1.run(SwingEventService.java:88)
	at java.awt.event.InvocationEvent.dispatch(Unknown Source)
	at java.awt.EventQueue.dispatchEventImpl(Unknown Source)
	at java.awt.EventQueue.access$500(Unknown Source)
	at java.awt.EventQueue$3.run(Unknown Source)
	at java.awt.EventQueue$3.run(Unknown Source)
	at java.security.AccessController.doPrivileged(Native Method)
	at java.security.ProtectionDomain$JavaSecurityAccessImpl.doIntersectionPrivilege(Unknown Source)
	at java.awt.EventQueue.dispatchEvent(Unknown Source)
	at java.awt.EventDispatchThread.pumpOneEventForFilters(Unknown Source)
	at java.awt.EventDispatchThread.pumpEventsForFilter(Unknown Source)
	at java.awt.EventDispatchThread.pumpEventsForHierarchy(Unknown Source)
	at java.awt.EventDispatchThread.pumpEvents(Unknown Source)
	at java.awt.EventDispatchThread.pumpEvents(Unknown Source)
	at java.awt.EventDispatchThread.run(Unknown Source)
2026-02-25 11:37:34,657 [AWT-EventQueue-0] WARN  o.o.briefcase.util.FormCache - Can't parse form file
org.opendatakit.briefcase.util.BadFormDefinition: org.opendatakit.aggregate.exception.ODKIncompleteSubmissionData: org.javarosa.xform.parse.XFormParseException: XML Syntax Error at Line: 1, Column: 8387!
	at org.opendatakit.briefcase.model.BriefcaseFormDefinition.<init>(BriefcaseFormDefinition.java:297)
	at org.opendatakit.briefcase.util.FormCache.lambda$update$1(FormCache.java:123)
	at java.util.stream.ForEachOps$ForEachOp$OfRef.accept(Unknown Source)
	at java.util.stream.ReferencePipeline$2$1.accept(Unknown Source)
	at java.util.Iterator.forEachRemaining(Unknown Source)
	at java.util.Spliterators$IteratorSpliterator.forEachRemaining(Unknown Source)
	at java.util.stream.AbstractPipeline.copyInto(Unknown Source)
	at java.util.stream.AbstractPipeline.wrapAndCopyInto(Unknown Source)
	at java.util.stream.ForEachOps$ForEachOp.evaluateSequential(Unknown Source)
	at java.util.stream.ForEachOps$ForEachOp$OfRef.evaluateSequential(Unknown Source)
	at java.util.stream.AbstractPipeline.evaluate(Unknown Source)
	at java.util.stream.ReferencePipeline.forEach(Unknown Source)
	at org.opendatakit.briefcase.util.FormCache.lambda$update$2(FormCache.java:117)
	at java.util.Optional.ifPresent(Unknown Source)
	at org.opendatakit.briefcase.util.FormCache.update(FormCache.java:113)
	at org.opendatakit.briefcase.util.FormCache.onPullSuccess(FormCache.java:150)
	at sun.reflect.GeneratedMethodAccessor11.invoke(Unknown Source)
	at sun.reflect.DelegatingMethodAccessorImpl.invoke(Unknown Source)
	at java.lang.reflect.Method.invoke(Unknown Source)
	at org.bushe.swing.event.annotation.BaseProxySubscriber.onEvent(BaseProxySubscriber.java:69)
	at org.bushe.swing.event.ThreadSafeEventService.publish(ThreadSafeEventService.java:971)
	at org.bushe.swing.event.SwingEventService.access$001(SwingEventService.java:31)
	at org.bushe.swing.event.SwingEventService$1.run(SwingEventService.java:88)
	at java.awt.event.InvocationEvent.dispatch(Unknown Source)
	at java.awt.EventQueue.dispatchEventImpl(Unknown Source)
	at java.awt.EventQueue.access$500(Unknown Source)
	at java.awt.EventQueue$3.run(Unknown Source)
	at java.awt.EventQueue$3.run(Unknown Source)
	at java.security.AccessController.doPrivileged(Native Method)
	at java.security.ProtectionDomain$JavaSecurityAccessImpl.doIntersectionPrivilege(Unknown Source)
	at java.awt.EventQueue.dispatchEvent(Unknown Source)
	at java.awt.EventDispatchThread.pumpOneEventForFilters(Unknown Source)
	at java.awt.EventDispatchThread.pumpEventsForFilter(Unknown Source)
	at java.awt.EventDispatchThread.pumpEventsForHierarchy(Unknown Source)
	at java.awt.EventDispatchThread.pumpEvents(Unknown Source)
	at java.awt.EventDispatchThread.pumpEvents(Unknown Source)
	at java.awt.EventDispatchThread.run(Unknown Source)
Caused by: org.opendatakit.aggregate.exception.ODKIncompleteSubmissionData: org.javarosa.xform.parse.XFormParseException: XML Syntax Error at Line: 1, Column: 8387!
	at org.opendatakit.aggregate.parser.BaseFormParserForJavaRosa.parseFormDefinition(BaseFormParserForJavaRosa.java:210)
	at org.opendatakit.aggregate.parser.BaseFormParserForJavaRosa.<init>(BaseFormParserForJavaRosa.java:359)
	at org.opendatakit.briefcase.util.JavaRosaParserWrapper.<init>(JavaRosaParserWrapper.java:15)
	at org.opendatakit.briefcase.model.BriefcaseFormDefinition.<init>(BriefcaseFormDefinition.java:294)
	... 36 common frames omitted
Caused by: org.javarosa.xform.parse.XFormParseException: XML Syntax Error at Line: 1, Column: 8387!
	at org.javarosa.xform.parse.XFormParser.getXMLDocument(XFormParser.java:448)
	at org.javarosa.xform.parse.XFormParser.getXMLDocument(XFormParser.java:414)
	at org.opendatakit.aggregate.parser.BaseFormParserForJavaRosa.parseFormDefinition(BaseFormParserForJavaRosa.java:207)
	... 39 common frames omitted
2026-02-25 11:37:34,713 [ForkJoinPool-13-worker-3] INFO  o.o.b.p.a.PullFromAggregateTracker - Pull Formulário da Vigilancia Comunitaria - Submission 2 of 5 downloaded
2026-02-25 11:37:34,713 [ForkJoinPool-13-worker-3] INFO  o.o.b.p.a.PullFromAggregateTracker - Pull Formulário da Vigilancia Comunitaria - Start downloading submission 5 of 5
2026-02-25 11:37:34,720 [ForkJoinPool-13-worker-2] INFO  o.o.b.p.a.PullFromAggregateTracker - Pull Formulário da Vigilancia Comunitaria - Submission 2 of 5 downloaded
2026-02-25 11:37:34,722 [ForkJoinPool-13-worker-2] INFO  o.o.b.p.a.PullFromAggregateTracker - Pull Formulário da Vigilancia Comunitaria - Start downloading submission 4 of 5
2026-02-25 11:37:34,754 [ForkJoinPool-13-worker-15] INFO  o.o.b.p.a.PullFromAggregateTracker - Pull VIGILÂNCIA  AMBIENTAL - Got all the submission IDs
2026-02-25 11:37:34,758 [ForkJoinPool-13-worker-9] INFO  o.o.b.p.a.PullFromAggregateTracker - Pull Formulário da Vigilancia Hospitalar - Laboratório - Form downloaded
2026-02-25 11:37:34,758 [ForkJoinPool-13-worker-15] INFO  o.o.b.p.a.PullFromAggregateTracker - Push VIGILÂNCIA  AMBIENTAL - There are no submissions to download
2026-02-25 11:37:34,760 [ForkJoinPool-13-worker-9] INFO  o.o.b.p.a.PullFromAggregateTracker - Pull Formulário da Vigilancia Hospitalar - Laboratório - Start getting submission IDs
2026-02-25 11:37:34,760 [ForkJoinPool-13-worker-15] INFO  o.o.b.p.a.PullFromAggregateTracker - Pull VIGILÂNCIA  AMBIENTAL - Success
2026-02-25 11:37:34,762 [ForkJoinPool-13-worker-15] INFO  o.o.b.p.a.PullFromAggregateTracker - Pull Formulário da Vigilancia Comunitaria - Start downloading submission 5 of 5
2026-02-25 11:37:34,771 [ForkJoinPool-13-worker-11] INFO  o.o.b.p.a.PullFromAggregateTracker - Pull Formulário da Vigilancia Hospitalar - Form downloaded
2026-02-25 11:37:34,773 [ForkJoinPool-13-worker-11] INFO  o.o.b.p.a.PullFromAggregateTracker - Pull Formulário da Vigilancia Hospitalar - Start getting submission IDs
2026-02-25 11:37:34,812 [AWT-EventQueue-0] INFO  XFormParser - Reading XML and parsing with kXML2 finished in 29.624 ms
2026-02-25 11:37:34,821 [AWT-EventQueue-0] INFO  XFormParser - Consolidating text finished in 7.356 ms
2026-02-25 11:37:34,821 [AWT-EventQueue-0] INFO  XFormParser - Parsing form...
2026-02-25 11:37:34,821 [AWT-EventQueue-0] INFO  XFormParser - Title: "Formulário da Vigilancia Hospitalar"
2026-02-25 11:37:34,823 [AWT-EventQueue-0] WARN  XFormParser - XForm Parse Warning: Warning: 1 Unrecognized attributes found in Element [model] and will be ignored: [xforms-version] 
    Problem found at nodeset: /html/head/model
    With element <model xforms-version="1.0.0"><instance><data id="hospitalar_v5" version="1" prefix="hospitalar_v5" delimiter="$">...

2026-02-25 11:37:34,874 [AWT-EventQueue-0] INFO  XFormParser - Creating FormDef from parsed XML finished in 51.970 ms
2026-02-25 11:37:34,879 [AWT-EventQueue-0] INFO  XFormParser - Reading XML and parsing with kXML2 finished in 2.367 ms
2026-02-25 11:37:34,879 [AWT-EventQueue-0] INFO  XFormParser - Consolidating text finished in 0.183 ms
2026-02-25 11:37:34,879 [AWT-EventQueue-0] INFO  XFormParser - Parsing form...
2026-02-25 11:37:34,879 [AWT-EventQueue-0] INFO  XFormParser - Title: "Formulário da Vigilancia Hospitalar - Laboratório"
2026-02-25 11:37:34,879 [AWT-EventQueue-0] WARN  XFormParser - XForm Parse Warning: Warning: 1 Unrecognized attributes found in Element [model] and will be ignored: [xforms-version] 
    Problem found at nodeset: /html/head/model
    With element <model xforms-version="1.0.0"><instance><data id="hospitalar_ib_v2" version="1" prefix="hospitalar_ib_v2" delimiter="$">...

2026-02-25 11:37:34,884 [AWT-EventQueue-0] INFO  XFormParser - Creating FormDef from parsed XML finished in 3.704 ms
2026-02-25 11:37:34,946 [ForkJoinPool-13-worker-1] INFO  o.o.b.p.a.PullFromAggregateTracker - Pull Formulário da Vigilancia Comunitaria - Form downloaded
2026-02-25 11:37:34,946 [ForkJoinPool-13-worker-1] INFO  o.o.b.p.a.PullFromAggregateTracker - Pull Formulário da Vigilancia Comunitaria - Start getting submission IDs
2026-02-25 11:37:34,962 [AWT-EventQueue-0] INFO  XFormParser - Reading XML and parsing with kXML2 finished in 17.040 ms
2026-02-25 11:37:34,965 [ForkJoinPool-13-worker-4] INFO  o.o.b.p.a.PullFromAggregateTracker - Pull Formulário da Vigilancia Comunitaria - Submission 3 of 5 downloaded
2026-02-25 11:37:34,965 [ForkJoinPool-13-worker-10] INFO  o.o.b.p.a.PullFromAggregateTracker - Pull Formulário da Vigilancia Comunitaria - Submission 3 of 5 downloaded
2026-02-25 11:37:34,967 [ForkJoinPool-13-worker-8] INFO  o.o.b.p.a.PullFromAggregateTracker - Pull Resultados de testagem das vigilâncias - Form downloaded
2026-02-25 11:37:34,968 [ForkJoinPool-13-worker-8] INFO  o.o.b.p.a.PullFromAggregateTracker - Pull Resultados de testagem das vigilâncias - Start getting submission IDs
2026-02-25 11:37:34,971 [AWT-EventQueue-0] INFO  XFormParser - Consolidating text finished in 8.296 ms
2026-02-25 11:37:34,971 [AWT-EventQueue-0] INFO  XFormParser - Parsing form...
2026-02-25 11:37:34,971 [AWT-EventQueue-0] INFO  XFormParser - Title: "Formulário da Vigilancia Hospitalar"
2026-02-25 11:37:34,971 [AWT-EventQueue-0] WARN  XFormParser - XForm Parse Warning: Warning: 1 Unrecognized attributes found in Element [model] and will be ignored: [xforms-version] 
    Problem found at nodeset: /html/head/model
    With element <model xforms-version="1.0.0"><instance><data id="hospitalar_v5" version="1" prefix="hospitalar_v5" delimiter="$">...

2026-02-25 11:37:34,985 [ForkJoinPool-13-worker-6] INFO  o.o.b.p.a.PullFromAggregateTracker - Pull Formulário da Vigilancia Comunitaria - Submission 4 of 5 downloaded
2026-02-25 11:37:34,987 [ForkJoinPool-13-worker-6] INFO  o.o.b.p.a.PullFromAggregateTracker - Pull Formulário da Vigilancia Hospitalar - Laboratório - Start pulling form and submissions
2026-02-25 11:37:34,987 [ForkJoinPool-13-worker-6] INFO  o.o.b.p.a.PullFromAggregateTracker - Pull Formulário da Vigilancia Hospitalar - Laboratório - Start downloading form
2026-02-25 11:37:35,020 [ForkJoinPool-13-worker-2] INFO  o.o.b.p.a.PullFromAggregateTracker - Pull Formulário da Vigilancia Comunitaria - Submission 4 of 5 downloaded
2026-02-25 11:37:35,023 [ForkJoinPool-13-worker-3] INFO  o.o.b.p.a.PullFromAggregateTracker - Pull Formulário da Vigilancia Comunitaria - Submission 5 of 5 downloaded
2026-02-25 11:37:35,024 [ForkJoinPool-13-worker-4] INFO  o.o.b.p.a.PullFromAggregateTracker - Pull Formulário da Vigilancia Comunitaria - Success
2026-02-25 11:37:35,032 [AWT-EventQueue-0] INFO  XFormParser - Creating FormDef from parsed XML finished in 62.001 ms
2026-02-25 11:37:35,048 [AWT-EventQueue-0] INFO  XFormParser - Reading XML and parsing with kXML2 finished in 5.428 ms
2026-02-25 11:37:35,050 [AWT-EventQueue-0] INFO  XFormParser - Consolidating text finished in 1.641 ms
2026-02-25 11:37:35,050 [AWT-EventQueue-0] INFO  XFormParser - Parsing form...
2026-02-25 11:37:35,050 [AWT-EventQueue-0] INFO  XFormParser - Title: "Resultados de testagem das vigilâncias"
2026-02-25 11:37:35,050 [AWT-EventQueue-0] WARN  XFormParser - XForm Parse Warning: Warning: 1 Unrecognized attributes found in Element [model] and will be ignored: [xforms-version] 
    Problem found at nodeset: /html/head/model
    With element <model xforms-version="1.0.0"><instance><data id="hospitalar_LB_v2" version="2" prefix="Hospitalar LB_v2" delimiter="$">...

2026-02-25 11:37:35,087 [AWT-EventQueue-0] INFO  XFormParser - Creating FormDef from parsed XML finished in 37.897 ms
2026-02-25 11:37:35,142 [AWT-EventQueue-0] INFO  XFormParser - Reading XML and parsing with kXML2 finished in 16.228 ms
2026-02-25 11:37:35,149 [AWT-EventQueue-0] INFO  XFormParser - Consolidating text finished in 6.202 ms
2026-02-25 11:37:35,149 [AWT-EventQueue-0] INFO  XFormParser - Parsing form...
2026-02-25 11:37:35,150 [AWT-EventQueue-0] INFO  XFormParser - Title: "Formulário da Vigilancia Comunitaria"
2026-02-25 11:37:35,150 [AWT-EventQueue-0] WARN  XFormParser - XForm Parse Warning: Warning: 1 Unrecognized attributes found in Element [model] and will be ignored: [xforms-version] 
    Problem found at nodeset: /html/head/model
    With element <model xforms-version="1.0.0"><instance><data id="Comunidade_v4" version="1" prefix="Comunidade_v4" delimiter="$">...

2026-02-25 11:37:35,162 [ForkJoinPool-13-worker-9] INFO  o.o.b.p.a.PullFromAggregateTracker - Pull Formulário da Vigilancia Hospitalar - Laboratório - Got all the submission IDs
2026-02-25 11:37:35,167 [ForkJoinPool-13-worker-9] INFO  o.o.b.p.a.PullFromAggregateTracker - Push Formulário da Vigilancia Hospitalar - Laboratório - There are no submissions to download
2026-02-25 11:37:35,181 [ForkJoinPool-13-worker-9] INFO  o.o.b.p.a.PullFromAggregateTracker - Pull Formulário da Vigilancia Hospitalar - Laboratório - Success
2026-02-25 11:37:35,191 [AWT-EventQueue-0] INFO  XFormParser - Creating FormDef from parsed XML finished in 41.183 ms
2026-02-25 11:37:35,214 [ForkJoinPool-13-worker-1] INFO  o.o.b.p.a.PullFromAggregateTracker - Pull Formulário da Vigilancia Comunitaria - Got all the submission IDs
2026-02-25 11:37:35,217 [ForkJoinPool-13-worker-11] INFO  o.o.b.p.a.PullFromAggregateTracker - Pull Formulário da Vigilancia Hospitalar - Got all the submission IDs
2026-02-25 11:37:35,237 [ForkJoinPool-13-worker-8] INFO  o.o.b.p.a.PullFromAggregateTracker - Pull Resultados de testagem das vigilâncias - Got all the submission IDs
2026-02-25 11:37:35,238 [ForkJoinPool-13-worker-15] INFO  o.o.b.p.a.PullFromAggregateTracker - Pull Formulário da Vigilancia Comunitaria - Submission 5 of 5 downloaded
2026-02-25 11:37:35,245 [ForkJoinPool-13-worker-10] INFO  o.o.b.p.a.PullFromAggregateTracker - Pull Formulário da Vigilancia Comunitaria - Success
2026-02-25 11:37:35,249 [ForkJoinPool-13-worker-6] INFO  o.o.b.p.a.PullFromAggregateTracker - Pull Formulário da Vigilancia Hospitalar - Laboratório - Form downloaded
2026-02-25 11:37:35,253 [ForkJoinPool-13-worker-6] INFO  o.o.b.p.a.PullFromAggregateTracker - Pull Formulário da Vigilancia Hospitalar - Laboratório - Start getting submission IDs
2026-02-25 11:37:35,268 [ForkJoinPool-13-worker-8] INFO  o.o.b.p.a.PullFromAggregateTracker - Push Resultados de testagem das vigilâncias - There are no submissions to download
2026-02-25 11:37:35,271 [ForkJoinPool-13-worker-8] INFO  o.o.b.p.a.PullFromAggregateTracker - Pull Resultados de testagem das vigilâncias - Success
2026-02-25 11:37:35,333 [ForkJoinPool-13-worker-1] INFO  o.o.b.p.a.PullFromAggregateTracker - Push Formulário da Vigilancia Comunitaria - There are no submissions to download
2026-02-25 11:37:35,336 [AWT-EventQueue-0] INFO  XFormParser - Reading XML and parsing with kXML2 finished in 1.449 ms
2026-02-25 11:37:35,336 [ForkJoinPool-13-worker-1] INFO  o.o.b.p.a.PullFromAggregateTracker - Pull Formulário da Vigilancia Comunitaria - Success
2026-02-25 11:37:35,336 [AWT-EventQueue-0] INFO  XFormParser - Consolidating text finished in 0.546 ms
2026-02-25 11:37:35,336 [AWT-EventQueue-0] INFO  XFormParser - Parsing form...
2026-02-25 11:37:35,336 [AWT-EventQueue-0] INFO  XFormParser - Title: "Formulário da Vigilancia Hospitalar - Laboratório"
2026-02-25 11:37:35,337 [AWT-EventQueue-0] WARN  XFormParser - XForm Parse Warning: Warning: 1 Unrecognized attributes found in Element [model] and will be ignored: [xforms-version] 
    Problem found at nodeset: /html/head/model
    With element <model xforms-version="1.0.0"><instance><data id="hospitalar_ib_v3" version="3" prefix="hospitalar_ib_v3" delimiter="$">...

2026-02-25 11:37:35,345 [ForkJoinPool-13-worker-11] INFO  o.o.b.p.a.PullFromAggregateTracker - Push Formulário da Vigilancia Hospitalar - There are no submissions to download
2026-02-25 11:37:35,350 [ForkJoinPool-13-worker-11] INFO  o.o.b.p.a.PullFromAggregateTracker - Pull Formulário da Vigilancia Hospitalar - Success
2026-02-25 11:37:35,350 [AWT-EventQueue-0] INFO  XFormParser - Creating FormDef from parsed XML finished in 14.157 ms
2026-02-25 11:37:35,438 [ForkJoinPool-13-worker-13] INFO  o.o.b.p.a.PullFromAggregateTracker - Pull Formulário da Vigilancia Hospitalar - Form downloaded
2026-02-25 11:37:35,439 [ForkJoinPool-13-worker-13] INFO  o.o.b.p.a.PullFromAggregateTracker - Pull Formulário da Vigilancia Hospitalar - Start getting submission IDs
2026-02-25 11:37:35,505 [ForkJoinPool-13-worker-6] INFO  o.o.b.p.a.PullFromAggregateTracker - Pull Formulário da Vigilancia Hospitalar - Laboratório - Got all the submission IDs
2026-02-25 11:37:35,507 [ForkJoinPool-13-worker-6] INFO  o.o.b.p.a.PullFromAggregateTracker - Push Formulário da Vigilancia Hospitalar - Laboratório - There are no submissions to download
2026-02-25 11:37:35,512 [ForkJoinPool-13-worker-6] INFO  o.o.b.p.a.PullFromAggregateTracker - Pull Formulário da Vigilancia Hospitalar - Laboratório - Success
2026-02-25 11:37:35,527 [AWT-EventQueue-0] INFO  XFormParser - Reading XML and parsing with kXML2 finished in 16.084 ms
2026-02-25 11:37:35,557 [AWT-EventQueue-0] INFO  XFormParser - Consolidating text finished in 29.830 ms
2026-02-25 11:37:35,557 [AWT-EventQueue-0] INFO  XFormParser - Parsing form...
2026-02-25 11:37:35,557 [AWT-EventQueue-0] INFO  XFormParser - Title: "Formulário da Vigilancia Hospitalar"
2026-02-25 11:37:35,557 [AWT-EventQueue-0] WARN  XFormParser - XForm Parse Warning: Warning: 1 Unrecognized attributes found in Element [model] and will be ignored: [xforms-version] 
    Problem found at nodeset: /html/head/model
    With element <model xforms-version="1.0.0"><instance><data id="hospitalar_v6" version="6" prefix="hospitalar_v6" delimiter="$">...

2026-02-25 11:37:35,652 [AWT-EventQueue-0] INFO  XFormParser - Creating FormDef from parsed XML finished in 93.509 ms
2026-02-25 11:37:35,702 [ForkJoinPool-13-worker-13] INFO  o.o.b.p.a.PullFromAggregateTracker - Pull Formulário da Vigilancia Hospitalar - Got all the submission IDs
2026-02-25 11:37:35,799 [ForkJoinPool-13-worker-13] INFO  o.o.b.p.a.PullFromAggregateTracker - Push Formulário da Vigilancia Hospitalar - There are no submissions to download
2026-02-25 11:37:35,805 [ForkJoinPool-13-worker-13] INFO  o.o.b.p.a.PullFromAggregateTracker - Pull Formulário da Vigilancia Hospitalar - Success
