2025-12-30 01:47:43,798 [ForkJoinPool-3-worker-10] INFO  o.o.b.p.a.PullFromAggregateTracker - Pull Formulário da Vigilancia Hospitalar - Laboratório - Start pulling form and submissions
2025-12-30 01:47:43,798 [ForkJoinPool-3-worker-6] INFO  o.o.b.p.a.PullFromAggregateTracker - Pull Resultados de testagem das vigilâncias - Start pulling form and submissions
2025-12-30 01:47:43,798 [ForkJoinPool-3-worker-15] INFO  o.o.b.p.a.PullFromAggregateTracker - Pull Formulário da Vigilancia Hospitalar - Start pulling form and submissions
2025-12-30 01:47:43,798 [ForkJoinPool-3-worker-9] INFO  o.o.b.p.a.PullFromAggregateTracker - Pull Formulário da Vigilancia Hospitalar - Start pulling form and submissions
2025-12-30 01:47:43,798 [ForkJoinPool-3-worker-8] INFO  o.o.b.p.a.PullFromAggregateTracker - Pull Formulario da  Componente  Genomica (IDS) - Start pulling form and submissions
2025-12-30 01:47:43,798 [ForkJoinPool-3-worker-3] INFO  o.o.b.p.a.PullFromAggregateTracker - Pull Formulário da Vigilancia Hospitalar - Start pulling form and submissions
2025-12-30 01:47:43,798 [ForkJoinPool-3-worker-1] INFO  o.o.b.p.a.PullFromAggregateTracker - Pull Formulário da Vigilancia Comunitaria - Start pulling form and submissions
2025-12-30 01:47:43,798 [ForkJoinPool-3-worker-4] INFO  o.o.b.p.a.PullFromAggregateTracker - Pull VIGILÂNCIA  AMBIENTAL - Start pulling form and submissions
2025-12-30 01:47:43,805 [ForkJoinPool-3-worker-2] INFO  o.o.b.p.a.PullFromAggregateTracker - Pull Formulário da Vigilancia Hospitalar - Laboratório - Start pulling form and submissions
2025-12-30 01:47:43,805 [ForkJoinPool-3-worker-13] INFO  o.o.b.p.a.PullFromAggregateTracker - Pull Formulário da Vigilancia Comunitaria - Start pulling form and submissions
2025-12-30 01:47:43,805 [ForkJoinPool-3-worker-11] INFO  o.o.b.p.a.PullFromAggregateTracker - Pull Formulário da Vigilancia Hospitalar - Start pulling form and submissions
2025-12-30 01:47:43,936 [ForkJoinPool-3-worker-9] INFO  o.o.b.p.a.PullFromAggregateTracker - Pull Formulário da Vigilancia Hospitalar - Start downloading form
2025-12-30 01:47:43,936 [ForkJoinPool-3-worker-11] INFO  o.o.b.p.a.PullFromAggregateTracker - Pull Formulário da Vigilancia Hospitalar - Start downloading form
2025-12-30 01:47:43,936 [ForkJoinPool-3-worker-2] INFO  o.o.b.p.a.PullFromAggregateTracker - Pull Formulário da Vigilancia Hospitalar - Laboratório - Start downloading form
2025-12-30 01:47:43,936 [ForkJoinPool-3-worker-3] INFO  o.o.b.p.a.PullFromAggregateTracker - Pull Formulário da Vigilancia Hospitalar - Start downloading form
2025-12-30 01:47:43,936 [ForkJoinPool-3-worker-6] INFO  o.o.b.p.a.PullFromAggregateTracker - Pull Resultados de testagem das vigilâncias - Start downloading form
2025-12-30 01:47:43,936 [ForkJoinPool-3-worker-1] INFO  o.o.b.p.a.PullFromAggregateTracker - Pull Formulário da Vigilancia Comunitaria - Start downloading form
2025-12-30 01:47:43,936 [ForkJoinPool-3-worker-4] INFO  o.o.b.p.a.PullFromAggregateTracker - Pull VIGILÂNCIA  AMBIENTAL - Start downloading form
2025-12-30 01:47:43,936 [ForkJoinPool-3-worker-13] INFO  o.o.b.p.a.PullFromAggregateTracker - Pull Formulário da Vigilancia Comunitaria - Start downloading form
2025-12-30 01:47:43,936 [ForkJoinPool-3-worker-10] INFO  o.o.b.p.a.PullFromAggregateTracker - Pull Formulário da Vigilancia Hospitalar - Laboratório - Start downloading form
2025-12-30 01:47:43,938 [ForkJoinPool-3-worker-8] INFO  o.o.b.p.a.PullFromAggregateTracker - Pull Formulario da  Componente  Genomica (IDS) - Start downloading form
2025-12-30 01:47:43,939 [ForkJoinPool-3-worker-15] INFO  o.o.b.p.a.PullFromAggregateTracker - Pull Formulário da Vigilancia Hospitalar - Start downloading form
2025-12-30 01:47:45,764 [ForkJoinPool-3-worker-10] INFO  o.o.b.p.a.PullFromAggregateTracker - Pull Formulário da Vigilancia Hospitalar - Laboratório - Form downloaded
2025-12-30 01:47:45,765 [ForkJoinPool-3-worker-2] INFO  o.o.b.p.a.PullFromAggregateTracker - Pull Formulário da Vigilancia Hospitalar - Laboratório - Form downloaded
2025-12-30 01:47:45,774 [ForkJoinPool-3-worker-2] INFO  o.o.b.p.a.PullFromAggregateTracker - Pull Formulário da Vigilancia Hospitalar - Laboratório - Start getting form manifest
2025-12-30 01:47:45,807 [ForkJoinPool-3-worker-10] INFO  o.o.b.p.a.PullFromAggregateTracker - Pull Formulário da Vigilancia Hospitalar - Laboratório - Start getting submission IDs
2025-12-30 01:47:46,278 [ForkJoinPool-3-worker-4] INFO  o.o.b.p.a.PullFromAggregateTracker - Pull VIGILÂNCIA  AMBIENTAL - Form downloaded
2025-12-30 01:47:46,284 [ForkJoinPool-3-worker-4] INFO  o.o.b.p.a.PullFromAggregateTracker - Pull VIGILÂNCIA  AMBIENTAL - Start getting form manifest
2025-12-30 01:47:47,295 [ForkJoinPool-3-worker-8] INFO  o.o.b.p.a.PullFromAggregateTracker - Pull Formulario da  Componente  Genomica (IDS) - Form downloaded
2025-12-30 01:47:47,295 [ForkJoinPool-3-worker-8] INFO  o.o.b.p.a.PullFromAggregateTracker - Pull Formulario da  Componente  Genomica (IDS) - Start getting submission IDs
2025-12-30 01:47:47,596 [ForkJoinPool-3-worker-2] INFO  o.o.b.p.a.PullFromAggregateTracker - Pull Formulário da Vigilancia Hospitalar - Laboratório - Got the form manifest
2025-12-30 01:47:47,597 [ForkJoinPool-3-worker-2] INFO  o.o.b.p.a.PullFromAggregateTracker - Pull Formulário da Vigilancia Hospitalar - Laboratório - Skipping 1 form attachments that have been already downloaded
2025-12-30 01:47:47,599 [ForkJoinPool-3-worker-2] INFO  o.o.b.p.a.PullFromAggregateTracker - Pull Formulário da Vigilancia Hospitalar - Laboratório - Start getting submission IDs
2025-12-30 01:47:47,621 [ForkJoinPool-3-worker-6] INFO  o.o.b.p.a.PullFromAggregateTracker - Pull Resultados de testagem das vigilâncias - Form downloaded
2025-12-30 01:47:47,623 [ForkJoinPool-3-worker-6] INFO  o.o.b.p.a.PullFromAggregateTracker - Pull Resultados de testagem das vigilâncias - Start getting form manifest
2025-12-30 01:47:47,880 [ForkJoinPool-3-worker-4] INFO  o.o.b.p.a.PullFromAggregateTracker - Pull VIGILÂNCIA  AMBIENTAL - Got the form manifest
2025-12-30 01:47:47,885 [ForkJoinPool-3-worker-4] INFO  o.o.b.p.a.PullFromAggregateTracker - Pull VIGILÂNCIA  AMBIENTAL - Skipping 1 form attachments that have been already downloaded
2025-12-30 01:47:47,885 [ForkJoinPool-3-worker-4] INFO  o.o.b.p.a.PullFromAggregateTracker - Pull VIGILÂNCIA  AMBIENTAL - Start getting submission IDs
2025-12-30 01:47:48,068 [ForkJoinPool-3-worker-9] INFO  o.o.b.p.a.PullFromAggregateTracker - Pull Formulário da Vigilancia Hospitalar - Form downloaded
2025-12-30 01:47:48,075 [ForkJoinPool-3-worker-9] INFO  o.o.b.p.a.PullFromAggregateTracker - Pull Formulário da Vigilancia Hospitalar - Start getting form manifest
2025-12-30 01:47:48,103 [ForkJoinPool-3-worker-8] INFO  o.o.b.p.a.PullFromAggregateTracker - Pull Formulario da  Componente  Genomica (IDS) - Got all the submission IDs
2025-12-30 01:47:48,431 [ForkJoinPool-3-worker-6] INFO  o.o.b.p.a.PullFromAggregateTracker - Pull Resultados de testagem das vigilâncias - Got the form manifest
2025-12-30 01:47:48,431 [ForkJoinPool-3-worker-2] INFO  o.o.b.p.a.PullFromAggregateTracker - Pull Formulário da Vigilancia Hospitalar - Laboratório - Got all the submission IDs
2025-12-30 01:47:48,436 [ForkJoinPool-3-worker-6] INFO  o.o.b.p.a.PullFromAggregateTracker - Pull Resultados de testagem das vigilâncias - Skipping 1 form attachments that have been already downloaded
2025-12-30 01:47:48,438 [ForkJoinPool-3-worker-6] INFO  o.o.b.p.a.PullFromAggregateTracker - Pull Resultados de testagem das vigilâncias - Start getting submission IDs
2025-12-30 01:47:48,467 [ForkJoinPool-3-worker-9] INFO  o.o.b.p.a.PullFromAggregateTracker - Pull Formulário da Vigilancia Hospitalar - Got the form manifest
2025-12-30 01:47:48,469 [ForkJoinPool-3-worker-9] INFO  o.o.b.p.a.PullFromAggregateTracker - Pull Formulário da Vigilancia Hospitalar - Skipping 1 form attachments that have been already downloaded
2025-12-30 01:47:48,475 [ForkJoinPool-3-worker-9] INFO  o.o.b.p.a.PullFromAggregateTracker - Pull Formulário da Vigilancia Hospitalar - Start getting submission IDs
2025-12-30 01:47:48,548 [ForkJoinPool-3-worker-3] INFO  o.o.b.p.a.PullFromAggregateTracker - Pull Formulário da Vigilancia Hospitalar - Form downloaded
2025-12-30 01:47:48,561 [ForkJoinPool-3-worker-15] INFO  o.o.b.p.a.PullFromAggregateTracker - Pull Formulário da Vigilancia Hospitalar - Form downloaded
2025-12-30 01:47:48,561 [ForkJoinPool-3-worker-15] INFO  o.o.b.p.a.PullFromAggregateTracker - Pull Formulário da Vigilancia Hospitalar - Start getting form manifest
2025-12-30 01:47:48,548 [ForkJoinPool-3-worker-1] INFO  o.o.b.p.a.PullFromAggregateTracker - Pull Formulário da Vigilancia Comunitaria - Form downloaded
2025-12-30 01:47:48,571 [ForkJoinPool-3-worker-3] INFO  o.o.b.p.a.PullFromAggregateTracker - Pull Formulário da Vigilancia Hospitalar - Start getting submission IDs
2025-12-30 01:47:48,576 [ForkJoinPool-3-worker-1] INFO  o.o.b.p.a.PullFromAggregateTracker - Pull Formulário da Vigilancia Comunitaria - Start getting submission IDs
2025-12-30 01:47:48,648 [ForkJoinPool-3-worker-11] INFO  o.o.b.p.a.PullFromAggregateTracker - Pull Formulário da Vigilancia Hospitalar - Form downloaded
2025-12-30 01:47:48,654 [ForkJoinPool-3-worker-11] INFO  o.o.b.p.a.PullFromAggregateTracker - Pull Formulário da Vigilancia Hospitalar - Start getting form manifest
2025-12-30 01:47:48,684 [ForkJoinPool-3-worker-8] INFO  o.o.b.p.a.PullFromAggregateTracker - Push Formulario da  Componente  Genomica (IDS) - There are no submissions to download
2025-12-30 01:47:48,803 [ForkJoinPool-3-worker-15] INFO  o.o.b.p.a.PullFromAggregateTracker - Pull Formulário da Vigilancia Hospitalar - Got the form manifest
2025-12-30 01:47:48,805 [ForkJoinPool-3-worker-15] INFO  o.o.b.p.a.PullFromAggregateTracker - Pull Formulário da Vigilancia Hospitalar - Skipping 1 form attachments that have been already downloaded
2025-12-30 01:47:48,805 [ForkJoinPool-3-worker-15] INFO  o.o.b.p.a.PullFromAggregateTracker - Pull Formulário da Vigilancia Hospitalar - Start getting submission IDs
2025-12-30 01:47:48,958 [ForkJoinPool-3-worker-11] INFO  o.o.b.p.a.PullFromAggregateTracker - Pull Formulário da Vigilancia Hospitalar - Got the form manifest
2025-12-30 01:47:48,960 [ForkJoinPool-3-worker-11] INFO  o.o.b.p.a.PullFromAggregateTracker - Pull Formulário da Vigilancia Hospitalar - Skipping 1 form attachments that have been already downloaded
2025-12-30 01:47:48,961 [ForkJoinPool-3-worker-11] INFO  o.o.b.p.a.PullFromAggregateTracker - Pull Formulário da Vigilancia Hospitalar - Start getting submission IDs
2025-12-30 01:47:48,974 [ForkJoinPool-3-worker-9] INFO  o.o.b.p.a.PullFromAggregateTracker - Pull Formulário da Vigilancia Hospitalar - Got all the submission IDs
2025-12-30 01:47:48,995 [ForkJoinPool-3-worker-6] INFO  o.o.b.p.a.PullFromAggregateTracker - Pull Resultados de testagem das vigilâncias - Got all the submission IDs
2025-12-30 01:47:49,290 [ForkJoinPool-3-worker-4] INFO  o.o.b.p.a.PullFromAggregateTracker - Pull VIGILÂNCIA  AMBIENTAL - Got all the submission IDs
2025-12-30 01:47:49,515 [ForkJoinPool-3-worker-13] INFO  o.o.b.p.a.PullFromAggregateTracker - Pull Formulário da Vigilancia Comunitaria - Form downloaded
2025-12-30 01:47:49,519 [ForkJoinPool-3-worker-13] INFO  o.o.b.p.a.PullFromAggregateTracker - Pull Formulário da Vigilancia Comunitaria - Start getting form manifest
2025-12-30 01:47:49,770 [ForkJoinPool-3-worker-3] INFO  o.o.b.p.a.PullFromAggregateTracker - Pull Formulário da Vigilancia Hospitalar - Got all the submission IDs
2025-12-30 01:47:49,813 [ForkJoinPool-3-worker-13] INFO  o.o.b.p.a.PullFromAggregateTracker - Pull Formulário da Vigilancia Comunitaria - Got the form manifest
2025-12-30 01:47:49,820 [ForkJoinPool-3-worker-13] INFO  o.o.b.p.a.PullFromAggregateTracker - Pull Formulário da Vigilancia Comunitaria - Skipping 1 form attachments that have been already downloaded
2025-12-30 01:47:49,822 [ForkJoinPool-3-worker-13] INFO  o.o.b.p.a.PullFromAggregateTracker - Pull Formulário da Vigilancia Comunitaria - Start getting submission IDs
2025-12-30 01:47:50,097 [ForkJoinPool-3-worker-1] INFO  o.o.b.p.a.PullFromAggregateTracker - Pull Formulário da Vigilancia Comunitaria - Got all the submission IDs
2025-12-30 01:47:50,458 [ForkJoinPool-3-worker-10] INFO  o.o.b.p.a.PullFromAggregateTracker - Pull Formulário da Vigilancia Hospitalar - Laboratório - Got all the submission IDs
2025-12-30 01:47:51,506 [ForkJoinPool-3-worker-11] INFO  o.o.b.p.a.PullFromAggregateTracker - Pull Formulário da Vigilancia Hospitalar - Got all the submission IDs
2025-12-30 01:47:53,207 [ForkJoinPool-3-worker-15] INFO  o.o.b.p.a.PullFromAggregateTracker - Pull Formulário da Vigilancia Hospitalar - Got all the submission IDs
2025-12-30 01:47:55,254 [ForkJoinPool-3-worker-13] INFO  o.o.b.p.a.PullFromAggregateTracker - Pull Formulário da Vigilancia Comunitaria - Got all the submission IDs
2025-12-30 01:48:02,679 [ForkJoinPool-3-worker-8] INFO  o.o.b.p.a.PullFromAggregateTracker - Pull Formulario da  Componente  Genomica (IDS) - Success
2025-12-30 01:48:02,813 [ForkJoinPool-3-worker-9] INFO  o.o.b.p.a.PullFromAggregateTracker - Pull Formulário da Vigilancia Hospitalar - Skipping submission 1 of 8: already downloaded
2025-12-30 01:48:02,813 [ForkJoinPool-3-worker-11] INFO  o.o.b.p.a.PullFromAggregateTracker - Pull Formulário da Vigilancia Hospitalar - Skipping submission 1 of 601: already downloaded
2025-12-30 01:48:02,812 [ForkJoinPool-3-worker-13] INFO  o.o.b.p.a.PullFromAggregateTracker - Pull Formulário da Vigilancia Comunitaria - Skipping submission 1 of 1299: already downloaded
2025-12-30 01:48:02,813 [ForkJoinPool-3-worker-6] INFO  o.o.b.p.a.PullFromAggregateTracker - Pull Resultados de testagem das vigilâncias - Start downloading submission 1 of 15
2025-12-30 01:48:02,825 [ForkJoinPool-3-worker-1] INFO  o.o.b.p.a.PullFromAggregateTracker - Pull Formulário da Vigilancia Comunitaria - Skipping submission 1 of 258: already downloaded
2025-12-30 01:48:02,825 [ForkJoinPool-3-worker-2] INFO  o.o.b.p.a.PullFromAggregateTracker - Pull Formulário da Vigilancia Hospitalar - Laboratório - Start downloading submission 1 of 74
2025-12-30 01:48:02,818 [ForkJoinPool-3-worker-15] INFO  o.o.b.p.a.PullFromAggregateTracker - Pull Formulário da Vigilancia Hospitalar - Skipping submission 1 of 1156: already downloaded
2025-12-30 01:48:02,826 [ForkJoinPool-3-worker-3] INFO  o.o.b.p.a.PullFromAggregateTracker - Pull Formulário da Vigilancia Hospitalar - Skipping submission 1 of 250: already downloaded
2025-12-30 01:48:02,813 [ForkJoinPool-3-worker-4] INFO  o.o.b.p.a.PullFromAggregateTracker - Pull VIGILÂNCIA  AMBIENTAL - Skipping submission 1 of 218: already downloaded
2025-12-30 01:48:02,828 [ForkJoinPool-3-worker-10] INFO  o.o.b.p.a.PullFromAggregateTracker - Pull Formulário da Vigilancia Hospitalar - Laboratório - Skipping submission 1 of 642: already downloaded
2025-12-30 01:48:02,833 [ForkJoinPool-3-worker-1] INFO  o.o.b.p.a.PullFromAggregateTracker - Pull Formulário da Vigilancia Comunitaria - Skipping submission 2 of 258: already downloaded
2025-12-30 01:48:02,855 [ForkJoinPool-3-worker-1] INFO  o.o.b.p.a.PullFromAggregateTracker - Pull Formulário da Vigilancia Comunitaria - Skipping submission 3 of 258: already downloaded
2025-12-30 01:48:02,860 [ForkJoinPool-3-worker-8] INFO  o.o.b.p.a.PullFromAggregateTracker - Pull VIGILÂNCIA  AMBIENTAL - Skipping submission 2 of 218: already downloaded
2025-12-30 01:48:02,869 [ForkJoinPool-3-worker-15] INFO  o.o.b.p.a.PullFromAggregateTracker - Pull Formulário da Vigilancia Hospitalar - Skipping submission 2 of 1156: already downloaded
2025-12-30 01:48:02,852 [ForkJoinPool-3-worker-9] INFO  o.o.b.p.a.PullFromAggregateTracker - Pull Formulário da Vigilancia Hospitalar - Skipping submission 2 of 8: already downloaded
2025-12-30 01:48:02,852 [ForkJoinPool-3-worker-3] INFO  o.o.b.p.a.PullFromAggregateTracker - Pull Formulário da Vigilancia Hospitalar - Skipping submission 2 of 250: already downloaded
2025-12-30 01:48:02,878 [ForkJoinPool-3-worker-4] INFO  o.o.b.p.a.PullFromAggregateTracker - Pull VIGILÂNCIA  AMBIENTAL - Skipping submission 3 of 218: already downloaded
2025-12-30 01:48:02,855 [ForkJoinPool-3-worker-13] INFO  o.o.b.p.a.PullFromAggregateTracker - Pull Formulário da Vigilancia Comunitaria - Skipping submission 2 of 1299: already downloaded
2025-12-30 01:48:02,852 [ForkJoinPool-3-worker-11] INFO  o.o.b.p.a.PullFromAggregateTracker - Pull Formulário da Vigilancia Hospitalar - Skipping submission 2 of 601: already downloaded
2025-12-30 01:48:02,880 [ForkJoinPool-3-worker-10] INFO  o.o.b.p.a.PullFromAggregateTracker - Pull Formulário da Vigilancia Hospitalar - Laboratório - Skipping submission 2 of 642: already downloaded
2025-12-30 01:48:02,872 [ForkJoinPool-3-worker-1] INFO  o.o.b.p.a.PullFromAggregateTracker - Pull Formulário da Vigilancia Comunitaria - Skipping submission 4 of 258: already downloaded
2025-12-30 01:48:02,889 [ForkJoinPool-3-worker-15] INFO  o.o.b.p.a.PullFromAggregateTracker - Pull Formulário da Vigilancia Hospitalar - Skipping submission 3 of 1156: already downloaded
2025-12-30 01:48:02,891 [ForkJoinPool-3-worker-9] INFO  o.o.b.p.a.PullFromAggregateTracker - Pull Formulário da Vigilancia Hospitalar - Skipping submission 3 of 8: already downloaded
2025-12-30 01:48:02,903 [ForkJoinPool-3-worker-1] INFO  o.o.b.p.a.PullFromAggregateTracker - Pull Formulário da Vigilancia Comunitaria - Skipping submission 5 of 258: already downloaded
2025-12-30 01:48:02,902 [ForkJoinPool-3-worker-3] INFO  o.o.b.p.a.PullFromAggregateTracker - Pull Formulário da Vigilancia Hospitalar - Skipping submission 3 of 250: already downloaded
2025-12-30 01:48:02,902 [ForkJoinPool-3-worker-10] INFO  o.o.b.p.a.PullFromAggregateTracker - Pull Formulário da Vigilancia Hospitalar - Laboratório - Skipping submission 3 of 642: already downloaded
2025-12-30 01:48:02,893 [ForkJoinPool-3-worker-8] INFO  o.o.b.p.a.PullFromAggregateTracker - Pull VIGILÂNCIA  AMBIENTAL - Skipping submission 4 of 218: already downloaded
2025-12-30 01:48:02,907 [ForkJoinPool-3-worker-11] INFO  o.o.b.p.a.PullFromAggregateTracker - Pull Formulário da Vigilancia Hospitalar - Skipping submission 3 of 601: already downloaded
2025-12-30 01:48:02,912 [ForkJoinPool-3-worker-3] INFO  o.o.b.p.a.PullFromAggregateTracker - Pull Formulário da Vigilancia Hospitalar - Skipping submission 4 of 250: already downloaded
2025-12-30 01:48:02,914 [ForkJoinPool-3-worker-10] INFO  o.o.b.p.a.PullFromAggregateTracker - Pull Formulário da Vigilancia Hospitalar - Laboratório - Skipping submission 4 of 642: already downloaded
2025-12-30 01:48:02,907 [ForkJoinPool-3-worker-15] INFO  o.o.b.p.a.PullFromAggregateTracker - Pull Formulário da Vigilancia Hospitalar - Skipping submission 4 of 1156: already downloaded
2025-12-30 01:48:02,914 [ForkJoinPool-3-worker-1] INFO  o.o.b.p.a.PullFromAggregateTracker - Pull Formulário da Vigilancia Comunitaria - Skipping submission 6 of 258: already downloaded
2025-12-30 01:48:02,916 [ForkJoinPool-3-worker-10] INFO  o.o.b.p.a.PullFromAggregateTracker - Pull Formulário da Vigilancia Hospitalar - Laboratório - Skipping submission 5 of 642: already downloaded
2025-12-30 01:48:02,916 [ForkJoinPool-3-worker-4] INFO  o.o.b.p.a.PullFromAggregateTracker - Pull VIGILÂNCIA  AMBIENTAL - Skipping submission 5 of 218: already downloaded
2025-12-30 01:48:02,918 [ForkJoinPool-3-worker-13] INFO  o.o.b.p.a.PullFromAggregateTracker - Pull Formulário da Vigilancia Comunitaria - Skipping submission 3 of 1299: already downloaded
2025-12-30 01:48:02,919 [ForkJoinPool-3-worker-9] INFO  o.o.b.p.a.PullFromAggregateTracker - Pull Formulário da Vigilancia Hospitalar - Skipping submission 4 of 8: already downloaded
2025-12-30 01:48:02,928 [ForkJoinPool-3-worker-11] INFO  o.o.b.p.a.PullFromAggregateTracker - Pull Formulário da Vigilancia Hospitalar - Skipping submission 4 of 601: already downloaded
2025-12-30 01:48:02,928 [ForkJoinPool-3-worker-4] INFO  o.o.b.p.a.PullFromAggregateTracker - Pull VIGILÂNCIA  AMBIENTAL - Skipping submission 7 of 218: already downloaded
2025-12-30 01:48:02,931 [ForkJoinPool-3-worker-8] INFO  o.o.b.p.a.PullFromAggregateTracker - Pull VIGILÂNCIA  AMBIENTAL - Skipping submission 6 of 218: already downloaded
2025-12-30 01:48:02,931 [ForkJoinPool-3-worker-15] INFO  o.o.b.p.a.PullFromAggregateTracker - Pull Formulário da Vigilancia Hospitalar - Skipping submission 5 of 1156: already downloaded
2025-12-30 01:48:02,931 [ForkJoinPool-3-worker-3] INFO  o.o.b.p.a.PullFromAggregateTracker - Pull Formulário da Vigilancia Hospitalar - Skipping submission 5 of 250: already downloaded
2025-12-30 01:48:02,928 [ForkJoinPool-3-worker-10] INFO  o.o.b.p.a.PullFromAggregateTracker - Pull Formulário da Vigilancia Hospitalar - Laboratório - Skipping submission 6 of 642: already downloaded
2025-12-30 01:48:02,932 [ForkJoinPool-3-worker-13] INFO  o.o.b.p.a.PullFromAggregateTracker - Pull Formulário da Vigilancia Comunitaria - Skipping submission 4 of 1299: already downloaded
2025-12-30 01:48:02,934 [ForkJoinPool-3-worker-1] INFO  o.o.b.p.a.PullFromAggregateTracker - Pull Formulário da Vigilancia Comunitaria - Skipping submission 7 of 258: already downloaded
2025-12-30 01:48:02,937 [ForkJoinPool-3-worker-9] INFO  o.o.b.p.a.PullFromAggregateTracker - Pull Formulário da Vigilancia Hospitalar - Skipping submission 5 of 8: already downloaded
2025-12-30 01:48:02,937 [ForkJoinPool-3-worker-15] INFO  o.o.b.p.a.PullFromAggregateTracker - Pull Formulário da Vigilancia Hospitalar - Skipping submission 6 of 1156: already downloaded
2025-12-30 01:48:02,937 [ForkJoinPool-3-worker-10] INFO  o.o.b.p.a.PullFromAggregateTracker - Pull Formulário da Vigilancia Hospitalar - Laboratório - Skipping submission 7 of 642: already downloaded
2025-12-30 01:48:02,940 [ForkJoinPool-3-worker-8] INFO  o.o.b.p.a.PullFromAggregateTracker - Pull VIGILÂNCIA  AMBIENTAL - Skipping submission 8 of 218: already downloaded
2025-12-30 01:48:02,940 [ForkJoinPool-3-worker-3] INFO  o.o.b.p.a.PullFromAggregateTracker - Pull Formulário da Vigilancia Hospitalar - Skipping submission 6 of 250: already downloaded
2025-12-30 01:48:02,944 [ForkJoinPool-3-worker-13] INFO  o.o.b.p.a.PullFromAggregateTracker - Pull Formulário da Vigilancia Comunitaria - Skipping submission 5 of 1299: already downloaded
2025-12-30 01:48:02,946 [ForkJoinPool-3-worker-3] INFO  o.o.b.p.a.PullFromAggregateTracker - Pull Formulário da Vigilancia Hospitalar - Skipping submission 7 of 250: already downloaded
2025-12-30 01:48:02,946 [ForkJoinPool-3-worker-11] INFO  o.o.b.p.a.PullFromAggregateTracker - Pull Formulário da Vigilancia Hospitalar - Skipping submission 5 of 601: already downloaded
2025-12-30 01:48:02,947 [ForkJoinPool-3-worker-9] INFO  o.o.b.p.a.PullFromAggregateTracker - Pull Formulário da Vigilancia Hospitalar - Skipping submission 6 of 8: already downloaded
2025-12-30 01:48:02,949 [ForkJoinPool-3-worker-8] INFO  o.o.b.p.a.PullFromAggregateTracker - Pull VIGILÂNCIA  AMBIENTAL - Skipping submission 10 of 218: already downloaded
2025-12-30 01:48:02,949 [ForkJoinPool-3-worker-10] INFO  o.o.b.p.a.PullFromAggregateTracker - Pull Formulário da Vigilancia Hospitalar - Laboratório - Skipping submission 8 of 642: already downloaded
2025-12-30 01:48:02,951 [ForkJoinPool-3-worker-1] INFO  o.o.b.p.a.PullFromAggregateTracker - Pull Formulário da Vigilancia Comunitaria - Skipping submission 8 of 258: already downloaded
2025-12-30 01:48:02,951 [ForkJoinPool-3-worker-15] INFO  o.o.b.p.a.PullFromAggregateTracker - Pull Formulário da Vigilancia Hospitalar - Skipping submission 7 of 1156: already downloaded
2025-12-30 01:48:02,953 [ForkJoinPool-3-worker-13] INFO  o.o.b.p.a.PullFromAggregateTracker - Pull Formulário da Vigilancia Comunitaria - Skipping submission 6 of 1299: already downloaded
2025-12-30 01:48:02,953 [ForkJoinPool-3-worker-15] INFO  o.o.b.p.a.PullFromAggregateTracker - Pull Formulário da Vigilancia Hospitalar - Skipping submission 8 of 1156: already downloaded
2025-12-30 01:48:02,955 [ForkJoinPool-3-worker-9] INFO  o.o.b.p.a.PullFromAggregateTracker - Pull Formulário da Vigilancia Hospitalar - Skipping submission 7 of 8: already downloaded
2025-12-30 01:48:02,953 [ForkJoinPool-3-worker-11] INFO  o.o.b.p.a.PullFromAggregateTracker - Pull Formulário da Vigilancia Hospitalar - Skipping submission 6 of 601: already downloaded
2025-12-30 01:48:03,363 [ForkJoinPool-3-worker-4] INFO  o.o.b.p.a.PullFromAggregateTracker - Pull VIGILÂNCIA  AMBIENTAL - Skipping submission 9 of 218: already downloaded
2025-12-30 01:48:03,366 [ForkJoinPool-3-worker-1] INFO  o.o.b.p.a.PullFromAggregateTracker - Pull Formulário da Vigilancia Comunitaria - Skipping submission 9 of 258: already downloaded
2025-12-30 01:48:03,372 [ForkJoinPool-3-worker-10] INFO  o.o.b.p.a.PullFromAggregateTracker - Pull Formulário da Vigilancia Hospitalar - Laboratório - Skipping submission 9 of 642: already downloaded
2025-12-30 01:48:03,370 [ForkJoinPool-3-worker-3] INFO  o.o.b.p.a.PullFromAggregateTracker - Pull Formulário da Vigilancia Hospitalar - Skipping submission 8 of 250: already downloaded
2025-12-30 01:48:03,362 [ForkJoinPool-3-worker-13] INFO  o.o.b.p.a.PullFromAggregateTracker - Pull Formulário da Vigilancia Comunitaria - Skipping submission 7 of 1299: already downloaded
2025-12-30 01:48:03,468 [ForkJoinPool-3-worker-15] INFO  o.o.b.p.a.PullFromAggregateTracker - Pull Formulário da Vigilancia Hospitalar - Skipping submission 9 of 1156: already downloaded
2025-12-30 01:48:03,470 [ForkJoinPool-3-worker-8] INFO  o.o.b.p.a.PullFromAggregateTracker - Pull VIGILÂNCIA  AMBIENTAL - Skipping submission 11 of 218: already downloaded
2025-12-30 01:48:03,470 [ForkJoinPool-3-worker-9] INFO  o.o.b.p.a.PullFromAggregateTracker - Pull Formulário da Vigilancia Hospitalar - Skipping submission 8 of 8: already downloaded
2025-12-30 01:48:03,493 [ForkJoinPool-3-worker-11] INFO  o.o.b.p.a.PullFromAggregateTracker - Pull Formulário da Vigilancia Hospitalar - Skipping submission 7 of 601: already downloaded
2025-12-30 01:48:03,494 [ForkJoinPool-3-worker-4] INFO  o.o.b.p.a.PullFromAggregateTracker - Pull VIGILÂNCIA  AMBIENTAL - Skipping submission 12 of 218: already downloaded
2025-12-30 01:48:03,531 [ForkJoinPool-3-worker-8] INFO  o.o.b.p.a.PullFromAggregateTracker - Pull VIGILÂNCIA  AMBIENTAL - Skipping submission 13 of 218: already downloaded
2025-12-30 01:48:03,558 [ForkJoinPool-3-worker-10] INFO  o.o.b.p.a.PullFromAggregateTracker - Pull Formulário da Vigilancia Hospitalar - Laboratório - Skipping submission 10 of 642: already downloaded
2025-12-30 01:48:03,556 [ForkJoinPool-3-worker-3] INFO  o.o.b.p.a.PullFromAggregateTracker - Pull Formulário da Vigilancia Hospitalar - Skipping submission 9 of 250: already downloaded
2025-12-30 01:48:03,534 [ForkJoinPool-3-worker-1] INFO  o.o.b.p.a.PullFromAggregateTracker - Pull Formulário da Vigilancia Comunitaria - Skipping submission 10 of 258: already downloaded
2025-12-30 01:48:03,533 [ForkJoinPool-3-worker-4] INFO  o.o.b.p.a.PullFromAggregateTracker - Pull VIGILÂNCIA  AMBIENTAL - Skipping submission 14 of 218: already downloaded
2025-12-30 01:48:03,551 [ForkJoinPool-3-worker-13] INFO  o.o.b.p.a.PullFromAggregateTracker - Pull Formulário da Vigilancia Comunitaria - Skipping submission 8 of 1299: already downloaded
2025-12-30 01:48:03,566 [ForkJoinPool-3-worker-11] INFO  o.o.b.p.a.PullFromAggregateTracker - Pull Formulário da Vigilancia Hospitalar - Skipping submission 8 of 601: already downloaded
2025-12-30 01:48:03,597 [ForkJoinPool-3-worker-15] INFO  o.o.b.p.a.PullFromAggregateTracker - Pull Formulário da Vigilancia Hospitalar - Skipping submission 10 of 1156: already downloaded
2025-12-30 01:48:03,619 [ForkJoinPool-3-worker-1] INFO  o.o.b.p.a.PullFromAggregateTracker - Pull Formulário da Vigilancia Comunitaria - Skipping submission 11 of 258: already downloaded
2025-12-30 01:48:03,619 [ForkJoinPool-3-worker-13] INFO  o.o.b.p.a.PullFromAggregateTracker - Pull Formulário da Vigilancia Comunitaria - Skipping submission 9 of 1299: already downloaded
2025-12-30 01:48:03,722 [ForkJoinPool-3-worker-8] INFO  o.o.b.p.a.PullFromAggregateTracker - Pull VIGILÂNCIA  AMBIENTAL - Skipping submission 15 of 218: already downloaded
2025-12-30 01:48:03,619 [ForkJoinPool-3-worker-11] INFO  o.o.b.p.a.PullFromAggregateTracker - Pull Formulário da Vigilancia Hospitalar - Skipping submission 9 of 601: already downloaded
2025-12-30 01:48:03,722 [ForkJoinPool-3-worker-3] INFO  o.o.b.p.a.PullFromAggregateTracker - Pull Formulário da Vigilancia Hospitalar - Skipping submission 10 of 250: already downloaded
2025-12-30 01:48:03,736 [ForkJoinPool-3-worker-11] INFO  o.o.b.p.a.PullFromAggregateTracker - Pull Formulário da Vigilancia Hospitalar - Skipping submission 10 of 601: already downloaded
2025-12-30 01:48:03,831 [ForkJoinPool-3-worker-4] INFO  o.o.b.p.a.PullFromAggregateTracker - Pull VIGILÂNCIA  AMBIENTAL - Skipping submission 16 of 218: already downloaded
2025-12-30 01:48:03,833 [ForkJoinPool-3-worker-15] INFO  o.o.b.p.a.PullFromAggregateTracker - Pull Formulário da Vigilancia Hospitalar - Skipping submission 11 of 1156: already downloaded
2025-12-30 01:48:03,864 [ForkJoinPool-3-worker-8] INFO  o.o.b.p.a.PullFromAggregateTracker - Pull VIGILÂNCIA  AMBIENTAL - Skipping submission 17 of 218: already downloaded
2025-12-30 01:48:03,864 [ForkJoinPool-3-worker-15] INFO  o.o.b.p.a.PullFromAggregateTracker - Pull Formulário da Vigilancia Hospitalar - Skipping submission 12 of 1156: already downloaded
2025-12-30 01:48:03,864 [ForkJoinPool-3-worker-13] INFO  o.o.b.p.a.PullFromAggregateTracker - Pull Formulário da Vigilancia Comunitaria - Skipping submission 10 of 1299: already downloaded
2025-12-30 01:48:03,872 [ForkJoinPool-3-worker-13] INFO  o.o.b.p.a.PullFromAggregateTracker - Pull Formulário da Vigilancia Comunitaria - Skipping submission 11 of 1299: already downloaded
2025-12-30 01:48:03,872 [ForkJoinPool-3-worker-4] INFO  o.o.b.p.a.PullFromAggregateTracker - Pull VIGILÂNCIA  AMBIENTAL - Skipping submission 18 of 218: already downloaded
2025-12-30 01:48:03,872 [ForkJoinPool-3-worker-1] INFO  o.o.b.p.a.PullFromAggregateTracker - Pull Formulário da Vigilancia Comunitaria - Skipping submission 12 of 258: already downloaded
2025-12-30 01:48:03,876 [ForkJoinPool-3-worker-10] INFO  o.o.b.p.a.PullFromAggregateTracker - Pull Formulário da Vigilancia Hospitalar - Laboratório - Skipping submission 11 of 642: already downloaded
2025-12-30 01:48:03,874 [ForkJoinPool-3-worker-11] INFO  o.o.b.p.a.PullFromAggregateTracker - Pull Formulário da Vigilancia Hospitalar - Skipping submission 11 of 601: already downloaded
2025-12-30 01:48:03,874 [ForkJoinPool-3-worker-9] INFO  o.o.b.p.a.PullFromAggregateTracker - Pull Formulário da Vigilancia Hospitalar - Success
2025-12-30 01:48:03,882 [ForkJoinPool-3-worker-3] INFO  o.o.b.p.a.PullFromAggregateTracker - Pull Formulário da Vigilancia Hospitalar - Skipping submission 11 of 250: already downloaded
2025-12-30 01:48:03,872 [ForkJoinPool-3-worker-15] INFO  o.o.b.p.a.PullFromAggregateTracker - Pull Formulário da Vigilancia Hospitalar - Skipping submission 13 of 1156: already downloaded
2025-12-30 01:48:03,886 [ForkJoinPool-3-worker-8] INFO  o.o.b.p.a.PullFromAggregateTracker - Pull VIGILÂNCIA  AMBIENTAL - Skipping submission 19 of 218: already downloaded
2025-12-30 01:48:03,887 [ForkJoinPool-3-worker-4] INFO  o.o.b.p.a.PullFromAggregateTracker - Pull VIGILÂNCIA  AMBIENTAL - Skipping submission 20 of 218: already downloaded
2025-12-30 01:48:03,878 [ForkJoinPool-3-worker-1] INFO  o.o.b.p.a.PullFromAggregateTracker - Pull Formulário da Vigilancia Comunitaria - Skipping submission 13 of 258: already downloaded
2025-12-30 01:48:03,888 [ForkJoinPool-3-worker-11] INFO  o.o.b.p.a.PullFromAggregateTracker - Pull Formulário da Vigilancia Hospitalar - Skipping submission 12 of 601: already downloaded
2025-12-30 01:48:03,888 [ForkJoinPool-3-worker-8] INFO  o.o.b.p.a.PullFromAggregateTracker - Pull VIGILÂNCIA  AMBIENTAL - Skipping submission 21 of 218: already downloaded
2025-12-30 01:48:03,901 [ForkJoinPool-3-worker-1] INFO  o.o.b.p.a.PullFromAggregateTracker - Pull Formulário da Vigilancia Comunitaria - Skipping submission 14 of 258: already downloaded
2025-12-30 01:48:03,901 [ForkJoinPool-3-worker-4] INFO  o.o.b.p.a.PullFromAggregateTracker - Pull VIGILÂNCIA  AMBIENTAL - Skipping submission 22 of 218: already downloaded
2025-12-30 01:48:03,900 [ForkJoinPool-3-worker-15] INFO  o.o.b.p.a.PullFromAggregateTracker - Pull Formulário da Vigilancia Hospitalar - Skipping submission 14 of 1156: already downloaded
2025-12-30 01:48:03,898 [ForkJoinPool-3-worker-3] INFO  o.o.b.p.a.PullFromAggregateTracker - Pull Formulário da Vigilancia Hospitalar - Skipping submission 12 of 250: already downloaded
2025-12-30 01:48:03,893 [ForkJoinPool-3-worker-13] INFO  o.o.b.p.a.PullFromAggregateTracker - Pull Formulário da Vigilancia Comunitaria - Skipping submission 12 of 1299: already downloaded
2025-12-30 01:48:03,890 [ForkJoinPool-3-worker-10] INFO  o.o.b.p.a.PullFromAggregateTracker - Pull Formulário da Vigilancia Hospitalar - Laboratório - Skipping submission 12 of 642: already downloaded
2025-12-30 01:48:03,916 [ForkJoinPool-3-worker-4] INFO  o.o.b.p.a.PullFromAggregateTracker - Pull VIGILÂNCIA  AMBIENTAL - Skipping submission 23 of 218: already downloaded
2025-12-30 01:48:03,955 [ForkJoinPool-3-worker-1] INFO  o.o.b.p.a.PullFromAggregateTracker - Pull Formulário da Vigilancia Comunitaria - Skipping submission 15 of 258: already downloaded
2025-12-30 01:48:03,923 [ForkJoinPool-3-worker-11] INFO  o.o.b.p.a.PullFromAggregateTracker - Pull Formulário da Vigilancia Hospitalar - Skipping submission 13 of 601: already downloaded
2025-12-30 01:48:03,956 [ForkJoinPool-3-worker-10] INFO  o.o.b.p.a.PullFromAggregateTracker - Pull Formulário da Vigilancia Hospitalar - Laboratório - Skipping submission 13 of 642: already downloaded
2025-12-30 01:48:03,919 [ForkJoinPool-3-worker-8] INFO  o.o.b.p.a.PullFromAggregateTracker - Pull VIGILÂNCIA  AMBIENTAL - Skipping submission 24 of 218: already downloaded
2025-12-30 01:48:03,960 [ForkJoinPool-3-worker-15] INFO  o.o.b.p.a.PullFromAggregateTracker - Pull Formulário da Vigilancia Hospitalar - Skipping submission 15 of 1156: already downloaded
2025-12-30 01:48:03,956 [ForkJoinPool-3-worker-4] INFO  o.o.b.p.a.PullFromAggregateTracker - Pull VIGILÂNCIA  AMBIENTAL - Skipping submission 25 of 218: already downloaded
2025-12-30 01:48:03,956 [ForkJoinPool-3-worker-13] INFO  o.o.b.p.a.PullFromAggregateTracker - Pull Formulário da Vigilancia Comunitaria - Skipping submission 13 of 1299: already downloaded
2025-12-30 01:48:04,013 [ForkJoinPool-3-worker-13] INFO  o.o.b.p.a.PullFromAggregateTracker - Pull Formulário da Vigilancia Comunitaria - Skipping submission 14 of 1299: already downloaded
2025-12-30 01:48:04,026 [ForkJoinPool-3-worker-10] INFO  o.o.b.p.a.PullFromAggregateTracker - Pull Formulário da Vigilancia Hospitalar - Laboratório - Skipping submission 14 of 642: already downloaded
2025-12-30 01:48:04,028 [ForkJoinPool-3-worker-11] INFO  o.o.b.p.a.PullFromAggregateTracker - Pull Formulário da Vigilancia Hospitalar - Skipping submission 14 of 601: already downloaded
2025-12-30 01:48:04,030 [ForkJoinPool-3-worker-15] INFO  o.o.b.p.a.PullFromAggregateTracker - Pull Formulário da Vigilancia Hospitalar - Skipping submission 16 of 1156: already downloaded
2025-12-30 01:48:04,028 [ForkJoinPool-3-worker-1] INFO  o.o.b.p.a.PullFromAggregateTracker - Pull Formulário da Vigilancia Comunitaria - Skipping submission 16 of 258: already downloaded
2025-12-30 01:48:04,037 [ForkJoinPool-3-worker-10] INFO  o.o.b.p.a.PullFromAggregateTracker - Pull Formulário da Vigilancia Hospitalar - Laboratório - Skipping submission 15 of 642: already downloaded
2025-12-30 01:48:04,030 [ForkJoinPool-3-worker-3] INFO  o.o.b.p.a.PullFromAggregateTracker - Pull Formulário da Vigilancia Hospitalar - Skipping submission 13 of 250: already downloaded
2025-12-30 01:48:04,034 [ForkJoinPool-3-worker-8] INFO  o.o.b.p.a.PullFromAggregateTracker - Pull VIGILÂNCIA  AMBIENTAL - Skipping submission 26 of 218: already downloaded
2025-12-30 01:48:04,052 [ForkJoinPool-3-worker-13] INFO  o.o.b.p.a.PullFromAggregateTracker - Pull Formulário da Vigilancia Comunitaria - Skipping submission 15 of 1299: already downloaded
2025-12-30 01:48:04,054 [ForkJoinPool-3-worker-11] INFO  o.o.b.p.a.PullFromAggregateTracker - Pull Formulário da Vigilancia Hospitalar - Skipping submission 15 of 601: already downloaded
2025-12-30 01:48:04,054 [ForkJoinPool-3-worker-10] INFO  o.o.b.p.a.PullFromAggregateTracker - Pull Formulário da Vigilancia Hospitalar - Laboratório - Skipping submission 16 of 642: already downloaded
2025-12-30 01:48:04,077 [ForkJoinPool-3-worker-8] INFO  o.o.b.p.a.PullFromAggregateTracker - Pull VIGILÂNCIA  AMBIENTAL - Skipping submission 28 of 218: already downloaded
2025-12-30 01:48:04,079 [ForkJoinPool-3-worker-3] INFO  o.o.b.p.a.PullFromAggregateTracker - Pull Formulário da Vigilancia Hospitalar - Skipping submission 14 of 250: already downloaded
2025-12-30 01:48:04,081 [ForkJoinPool-3-worker-1] INFO  o.o.b.p.a.PullFromAggregateTracker - Pull Formulário da Vigilancia Comunitaria - Skipping submission 17 of 258: already downloaded
2025-12-30 01:48:04,070 [ForkJoinPool-3-worker-15] INFO  o.o.b.p.a.PullFromAggregateTracker - Pull Formulário da Vigilancia Hospitalar - Skipping submission 17 of 1156: already downloaded
2025-12-30 01:48:04,068 [ForkJoinPool-3-worker-4] INFO  o.o.b.p.a.PullFromAggregateTracker - Pull VIGILÂNCIA  AMBIENTAL - Skipping submission 27 of 218: already downloaded
2025-12-30 01:48:04,090 [ForkJoinPool-3-worker-13] INFO  o.o.b.p.a.PullFromAggregateTracker - Pull Formulário da Vigilancia Comunitaria - Skipping submission 16 of 1299: already downloaded
2025-12-30 01:48:04,092 [ForkJoinPool-3-worker-11] INFO  o.o.b.p.a.PullFromAggregateTracker - Pull Formulário da Vigilancia Hospitalar - Skipping submission 16 of 601: already downloaded
2025-12-30 01:48:04,094 [ForkJoinPool-3-worker-4] INFO  o.o.b.p.a.PullFromAggregateTracker - Pull VIGILÂNCIA  AMBIENTAL - Skipping submission 29 of 218: already downloaded
2025-12-30 01:48:04,094 [ForkJoinPool-3-worker-15] INFO  o.o.b.p.a.PullFromAggregateTracker - Pull Formulário da Vigilancia Hospitalar - Skipping submission 18 of 1156: already downloaded
2025-12-30 01:48:04,119 [ForkJoinPool-3-worker-11] INFO  o.o.b.p.a.PullFromAggregateTracker - Pull Formulário da Vigilancia Hospitalar - Skipping submission 17 of 601: already downloaded
2025-12-30 01:48:04,119 [ForkJoinPool-3-worker-4] INFO  o.o.b.p.a.PullFromAggregateTracker - Pull VIGILÂNCIA  AMBIENTAL - Skipping submission 30 of 218: already downloaded
2025-12-30 01:48:04,125 [ForkJoinPool-3-worker-1] INFO  o.o.b.p.a.PullFromAggregateTracker - Pull Formulário da Vigilancia Comunitaria - Skipping submission 18 of 258: already downloaded
2025-12-30 01:48:04,127 [ForkJoinPool-3-worker-15] INFO  o.o.b.p.a.PullFromAggregateTracker - Pull Formulário da Vigilancia Hospitalar - Skipping submission 19 of 1156: already downloaded
2025-12-30 01:48:04,128 [ForkJoinPool-3-worker-8] INFO  o.o.b.p.a.PullFromAggregateTracker - Pull VIGILÂNCIA  AMBIENTAL - Skipping submission 31 of 218: already downloaded
2025-12-30 01:48:04,130 [ForkJoinPool-3-worker-13] INFO  o.o.b.p.a.PullFromAggregateTracker - Pull Formulário da Vigilancia Comunitaria - Skipping submission 17 of 1299: already downloaded
2025-12-30 01:48:04,245 [ForkJoinPool-3-worker-10] INFO  o.o.b.p.a.PullFromAggregateTracker - Pull Formulário da Vigilancia Hospitalar - Laboratório - Skipping submission 17 of 642: already downloaded
2025-12-30 01:48:04,248 [ForkJoinPool-3-worker-9] INFO  o.o.b.p.a.PullFromAggregateTracker - Pull Formulário da Vigilancia Comunitaria - Skipping submission 18 of 1299: already downloaded
2025-12-30 01:48:04,140 [ForkJoinPool-3-worker-3] INFO  o.o.b.p.a.PullFromAggregateTracker - Pull Formulário da Vigilancia Hospitalar - Skipping submission 15 of 250: already downloaded
2025-12-30 01:48:04,220 [ForkJoinPool-3-worker-4] INFO  o.o.b.p.a.PullFromAggregateTracker - Pull VIGILÂNCIA  AMBIENTAL - Skipping submission 33 of 218: already downloaded
2025-12-30 01:48:04,218 [ForkJoinPool-3-worker-8] INFO  o.o.b.p.a.PullFromAggregateTracker - Pull VIGILÂNCIA  AMBIENTAL - Skipping submission 32 of 218: already downloaded
2025-12-30 01:48:04,219 [ForkJoinPool-3-worker-15] INFO  o.o.b.p.a.PullFromAggregateTracker - Pull Formulário da Vigilancia Hospitalar - Skipping submission 20 of 1156: already downloaded
2025-12-30 01:48:04,220 [ForkJoinPool-3-worker-1] INFO  o.o.b.p.a.PullFromAggregateTracker - Pull Formulário da Vigilancia Comunitaria - Skipping submission 19 of 258: already downloaded
2025-12-30 01:48:04,254 [ForkJoinPool-3-worker-13] INFO  o.o.b.p.a.PullFromAggregateTracker - Pull Formulário da Vigilancia Comunitaria - Skipping submission 19 of 1299: already downloaded
2025-12-30 01:48:04,256 [ForkJoinPool-3-worker-15] INFO  o.o.b.p.a.PullFromAggregateTracker - Pull Formulário da Vigilancia Hospitalar - Skipping submission 21 of 1156: already downloaded
2025-12-30 01:48:04,258 [ForkJoinPool-3-worker-1] INFO  o.o.b.p.a.PullFromAggregateTracker - Pull Formulário da Vigilancia Comunitaria - Skipping submission 20 of 258: already downloaded
2025-12-30 01:48:04,219 [ForkJoinPool-3-worker-11] INFO  o.o.b.p.a.PullFromAggregateTracker - Pull Formulário da Vigilancia Hospitalar - Skipping submission 18 of 601: already downloaded
2025-12-30 01:48:04,266 [ForkJoinPool-3-worker-3] INFO  o.o.b.p.a.PullFromAggregateTracker - Pull Formulário da Vigilancia Hospitalar - Skipping submission 16 of 250: already downloaded
2025-12-30 01:48:04,282 [ForkJoinPool-3-worker-8] INFO  o.o.b.p.a.PullFromAggregateTracker - Pull VIGILÂNCIA  AMBIENTAL - Skipping submission 34 of 218: already downloaded
2025-12-30 01:48:04,286 [ForkJoinPool-3-worker-4] INFO  o.o.b.p.a.PullFromAggregateTracker - Pull VIGILÂNCIA  AMBIENTAL - Skipping submission 35 of 218: already downloaded
2025-12-30 01:48:04,288 [ForkJoinPool-3-worker-3] INFO  o.o.b.p.a.PullFromAggregateTracker - Pull Formulário da Vigilancia Hospitalar - Skipping submission 17 of 250: already downloaded
2025-12-30 01:48:04,296 [ForkJoinPool-3-worker-10] INFO  o.o.b.p.a.PullFromAggregateTracker - Pull Formulário da Vigilancia Hospitalar - Laboratório - Skipping submission 18 of 642: already downloaded
2025-12-30 01:48:04,309 [ForkJoinPool-3-worker-15] INFO  o.o.b.p.a.PullFromAggregateTracker - Pull Formulário da Vigilancia Hospitalar - Skipping submission 22 of 1156: already downloaded
2025-12-30 01:48:04,314 [ForkJoinPool-3-worker-13] INFO  o.o.b.p.a.PullFromAggregateTracker - Pull Formulário da Vigilancia Comunitaria - Skipping submission 20 of 1299: already downloaded
2025-12-30 01:48:04,327 [ForkJoinPool-3-worker-1] INFO  o.o.b.p.a.PullFromAggregateTracker - Pull Formulário da Vigilancia Comunitaria - Skipping submission 21 of 258: already downloaded
2025-12-30 01:48:04,344 [ForkJoinPool-3-worker-9] INFO  o.o.b.p.a.PullFromAggregateTracker - Pull Formulário da Vigilancia Comunitaria - Skipping submission 21 of 1299: already downloaded
2025-12-30 01:48:04,338 [ForkJoinPool-3-worker-8] INFO  o.o.b.p.a.PullFromAggregateTracker - Pull VIGILÂNCIA  AMBIENTAL - Skipping submission 36 of 218: already downloaded
2025-12-30 01:48:04,334 [ForkJoinPool-3-worker-11] INFO  o.o.b.p.a.PullFromAggregateTracker - Pull Formulário da Vigilancia Hospitalar - Skipping submission 19 of 601: already downloaded
2025-12-30 01:48:04,332 [ForkJoinPool-3-worker-10] INFO  o.o.b.p.a.PullFromAggregateTracker - Pull Formulário da Vigilancia Hospitalar - Laboratório - Skipping submission 19 of 642: already downloaded
2025-12-30 01:48:04,328 [ForkJoinPool-3-worker-3] INFO  o.o.b.p.a.PullFromAggregateTracker - Pull Formulário da Vigilancia Hospitalar - Skipping submission 18 of 250: already downloaded
2025-12-30 01:48:04,338 [ForkJoinPool-3-worker-15] INFO  o.o.b.p.a.PullFromAggregateTracker - Pull Formulário da Vigilancia Hospitalar - Skipping submission 23 of 1156: already downloaded
2025-12-30 01:48:04,358 [ForkJoinPool-3-worker-1] INFO  o.o.b.p.a.PullFromAggregateTracker - Pull Formulário da Vigilancia Comunitaria - Skipping submission 22 of 258: already downloaded
2025-12-30 01:48:04,365 [ForkJoinPool-3-worker-10] INFO  o.o.b.p.a.PullFromAggregateTracker - Pull Formulário da Vigilancia Hospitalar - Laboratório - Skipping submission 20 of 642: already downloaded
2025-12-30 01:48:04,358 [ForkJoinPool-3-worker-13] INFO  o.o.b.p.a.PullFromAggregateTracker - Pull Formulário da Vigilancia Comunitaria - Skipping submission 22 of 1299: already downloaded
2025-12-30 01:48:04,357 [ForkJoinPool-3-worker-11] INFO  o.o.b.p.a.PullFromAggregateTracker - Pull Formulário da Vigilancia Hospitalar - Skipping submission 20 of 601: already downloaded
2025-12-30 01:48:04,365 [ForkJoinPool-3-worker-9] INFO  o.o.b.p.a.PullFromAggregateTracker - Pull Formulário da Vigilancia Comunitaria - Skipping submission 23 of 1299: already downloaded
2025-12-30 01:48:04,368 [ForkJoinPool-3-worker-3] INFO  o.o.b.p.a.PullFromAggregateTracker - Pull Formulário da Vigilancia Hospitalar - Skipping submission 19 of 250: already downloaded
2025-12-30 01:48:04,370 [ForkJoinPool-3-worker-8] INFO  o.o.b.p.a.PullFromAggregateTracker - Pull VIGILÂNCIA  AMBIENTAL - Skipping submission 38 of 218: already downloaded
2025-12-30 01:48:04,370 [ForkJoinPool-3-worker-4] INFO  o.o.b.p.a.PullFromAggregateTracker - Pull VIGILÂNCIA  AMBIENTAL - Skipping submission 37 of 218: already downloaded
2025-12-30 01:48:04,376 [ForkJoinPool-3-worker-13] INFO  o.o.b.p.a.PullFromAggregateTracker - Pull Formulário da Vigilancia Comunitaria - Skipping submission 24 of 1299: already downloaded
2025-12-30 01:48:04,378 [ForkJoinPool-3-worker-10] INFO  o.o.b.p.a.PullFromAggregateTracker - Pull Formulário da Vigilancia Hospitalar - Laboratório - Skipping submission 21 of 642: already downloaded
2025-12-30 01:48:04,379 [ForkJoinPool-3-worker-15] INFO  o.o.b.p.a.PullFromAggregateTracker - Pull Formulário da Vigilancia Hospitalar - Skipping submission 24 of 1156: already downloaded
2025-12-30 01:48:04,380 [ForkJoinPool-3-worker-9] INFO  o.o.b.p.a.PullFromAggregateTracker - Pull Formulário da Vigilancia Comunitaria - Skipping submission 25 of 1299: already downloaded
2025-12-30 01:48:04,380 [ForkJoinPool-3-worker-3] INFO  o.o.b.p.a.PullFromAggregateTracker - Pull Formulário da Vigilancia Hospitalar - Skipping submission 20 of 250: already downloaded
2025-12-30 01:48:04,380 [ForkJoinPool-3-worker-15] INFO  o.o.b.p.a.PullFromAggregateTracker - Pull Formulário da Vigilancia Hospitalar - Skipping submission 25 of 1156: already downloaded
2025-12-30 01:48:04,382 [ForkJoinPool-3-worker-11] INFO  o.o.b.p.a.PullFromAggregateTracker - Pull Formulário da Vigilancia Hospitalar - Skipping submission 21 of 601: already downloaded
2025-12-30 01:48:04,389 [ForkJoinPool-3-worker-8] INFO  o.o.b.p.a.PullFromAggregateTracker - Pull VIGILÂNCIA  AMBIENTAL - Skipping submission 39 of 218: already downloaded
2025-12-30 01:48:04,390 [ForkJoinPool-3-worker-1] INFO  o.o.b.p.a.PullFromAggregateTracker - Pull Formulário da Vigilancia Comunitaria - Skipping submission 23 of 258: already downloaded
2025-12-30 01:48:04,390 [ForkJoinPool-3-worker-4] INFO  o.o.b.p.a.PullFromAggregateTracker - Pull VIGILÂNCIA  AMBIENTAL - Skipping submission 40 of 218: already downloaded
2025-12-30 01:48:04,392 [ForkJoinPool-3-worker-1] INFO  o.o.b.p.a.PullFromAggregateTracker - Pull Formulário da Vigilancia Comunitaria - Skipping submission 24 of 258: already downloaded
2025-12-30 01:48:04,392 [ForkJoinPool-3-worker-8] INFO  o.o.b.p.a.PullFromAggregateTracker - Pull VIGILÂNCIA  AMBIENTAL - Skipping submission 41 of 218: already downloaded
2025-12-30 01:48:04,384 [ForkJoinPool-3-worker-11] INFO  o.o.b.p.a.PullFromAggregateTracker - Pull Formulário da Vigilancia Hospitalar - Skipping submission 22 of 601: already downloaded
2025-12-30 01:48:04,405 [ForkJoinPool-3-worker-4] INFO  o.o.b.p.a.PullFromAggregateTracker - Pull VIGILÂNCIA  AMBIENTAL - Skipping submission 42 of 218: already downloaded
2025-12-30 01:48:04,413 [ForkJoinPool-3-worker-9] INFO  o.o.b.p.a.PullFromAggregateTracker - Pull Formulário da Vigilancia Comunitaria - Skipping submission 27 of 1299: already downloaded
2025-12-30 01:48:04,413 [ForkJoinPool-3-worker-15] INFO  o.o.b.p.a.PullFromAggregateTracker - Pull Formulário da Vigilancia Hospitalar - Skipping submission 26 of 1156: already downloaded
2025-12-30 01:48:04,413 [ForkJoinPool-3-worker-13] INFO  o.o.b.p.a.PullFromAggregateTracker - Pull Formulário da Vigilancia Comunitaria - Skipping submission 26 of 1299: already downloaded
2025-12-30 01:48:04,415 [ForkJoinPool-3-worker-15] INFO  o.o.b.p.a.PullFromAggregateTracker - Pull Formulário da Vigilancia Hospitalar - Skipping submission 27 of 1156: already downloaded
2025-12-30 01:48:04,415 [ForkJoinPool-3-worker-3] INFO  o.o.b.p.a.PullFromAggregateTracker - Pull Formulário da Vigilancia Hospitalar - Skipping submission 21 of 250: already downloaded
2025-12-30 01:48:04,417 [ForkJoinPool-3-worker-3] INFO  o.o.b.p.a.PullFromAggregateTracker - Pull Formulário da Vigilancia Hospitalar - Skipping submission 22 of 250: already downloaded
2025-12-30 01:48:04,421 [ForkJoinPool-3-worker-6] INFO  o.o.b.p.a.PullFromAggregateTracker - Pull Resultados de testagem das vigilâncias - Submission 1 of 15 downloaded
2025-12-30 01:48:04,438 [ForkJoinPool-3-worker-11] INFO  o.o.b.p.a.PullFromAggregateTracker - Pull Formulário da Vigilancia Hospitalar - Skipping submission 23 of 601: already downloaded
2025-12-30 01:48:04,438 [ForkJoinPool-3-worker-1] INFO  o.o.b.p.a.PullFromAggregateTracker - Pull Formulário da Vigilancia Comunitaria - Skipping submission 25 of 258: already downloaded
2025-12-30 01:48:04,442 [ForkJoinPool-3-worker-4] INFO  o.o.b.p.a.PullFromAggregateTracker - Pull VIGILÂNCIA  AMBIENTAL - Skipping submission 44 of 218: already downloaded
2025-12-30 01:48:04,443 [ForkJoinPool-3-worker-8] INFO  o.o.b.p.a.PullFromAggregateTracker - Pull VIGILÂNCIA  AMBIENTAL - Skipping submission 43 of 218: already downloaded
2025-12-30 01:48:04,459 [ForkJoinPool-3-worker-10] INFO  o.o.b.p.a.PullFromAggregateTracker - Pull Formulário da Vigilancia Hospitalar - Laboratório - Skipping submission 22 of 642: already downloaded
2025-12-30 01:48:04,464 [ForkJoinPool-3-worker-10] INFO  o.o.b.p.a.PullFromAggregateTracker - Pull Formulário da Vigilancia Hospitalar - Laboratório - Skipping submission 23 of 642: already downloaded
2025-12-30 01:48:04,470 [ForkJoinPool-3-worker-9] INFO  o.o.b.p.a.PullFromAggregateTracker - Pull Formulário da Vigilancia Comunitaria - Skipping submission 28 of 1299: already downloaded
2025-12-30 01:48:04,471 [ForkJoinPool-3-worker-13] INFO  o.o.b.p.a.PullFromAggregateTracker - Pull Formulário da Vigilancia Comunitaria - Skipping submission 29 of 1299: already downloaded
2025-12-30 01:48:04,482 [ForkJoinPool-3-worker-3] INFO  o.o.b.p.a.PullFromAggregateTracker - Pull Formulário da Vigilancia Hospitalar - Skipping submission 23 of 250: already downloaded
2025-12-30 01:48:04,483 [ForkJoinPool-3-worker-8] INFO  o.o.b.p.a.PullFromAggregateTracker - Pull VIGILÂNCIA  AMBIENTAL - Skipping submission 45 of 218: already downloaded
2025-12-30 01:48:04,486 [ForkJoinPool-3-worker-1] INFO  o.o.b.p.a.PullFromAggregateTracker - Pull Formulário da Vigilancia Comunitaria - Skipping submission 26 of 258: already downloaded
2025-12-30 01:48:04,471 [ForkJoinPool-3-worker-2] INFO  o.o.b.p.a.PullFromAggregateTracker - Pull Formulário da Vigilancia Hospitalar - Laboratório - Submission 1 of 74 downloaded
2025-12-30 01:48:04,494 [ForkJoinPool-3-worker-4] INFO  o.o.b.p.a.PullFromAggregateTracker - Pull VIGILÂNCIA  AMBIENTAL - Skipping submission 46 of 218: already downloaded
2025-12-30 01:48:04,513 [ForkJoinPool-3-worker-11] INFO  o.o.b.p.a.PullFromAggregateTracker - Pull Formulário da Vigilancia Hospitalar - Skipping submission 24 of 601: already downloaded
2025-12-30 01:48:04,504 [ForkJoinPool-3-worker-15] INFO  o.o.b.p.a.PullFromAggregateTracker - Pull Formulário da Vigilancia Hospitalar - Skipping submission 28 of 1156: already downloaded
2025-12-30 01:48:04,504 [ForkJoinPool-3-worker-9] INFO  o.o.b.p.a.PullFromAggregateTracker - Pull Formulário da Vigilancia Comunitaria - Skipping submission 30 of 1299: already downloaded
2025-12-30 01:48:04,501 [ForkJoinPool-3-worker-13] INFO  o.o.b.p.a.PullFromAggregateTracker - Pull Formulário da Vigilancia Comunitaria - Skipping submission 31 of 1299: already downloaded
2025-12-30 01:48:04,528 [ForkJoinPool-3-worker-10] INFO  o.o.b.p.a.PullFromAggregateTracker - Pull Formulário da Vigilancia Hospitalar - Laboratório - Skipping submission 24 of 642: already downloaded
2025-12-30 01:48:04,537 [ForkJoinPool-3-worker-1] INFO  o.o.b.p.a.PullFromAggregateTracker - Pull Formulário da Vigilancia Comunitaria - Skipping submission 27 of 258: already downloaded
2025-12-30 01:48:04,537 [ForkJoinPool-3-worker-3] INFO  o.o.b.p.a.PullFromAggregateTracker - Pull Formulário da Vigilancia Hospitalar - Skipping submission 24 of 250: already downloaded
2025-12-30 01:48:04,537 [ForkJoinPool-3-worker-8] INFO  o.o.b.p.a.PullFromAggregateTracker - Pull VIGILÂNCIA  AMBIENTAL - Skipping submission 47 of 218: already downloaded
2025-12-30 01:48:04,539 [ForkJoinPool-3-worker-9] INFO  o.o.b.p.a.PullFromAggregateTracker - Pull Formulário da Vigilancia Comunitaria - Skipping submission 32 of 1299: already downloaded
2025-12-30 01:48:04,539 [ForkJoinPool-3-worker-11] INFO  o.o.b.p.a.PullFromAggregateTracker - Pull Formulário da Vigilancia Hospitalar - Skipping submission 25 of 601: already downloaded
2025-12-30 01:48:04,588 [ForkJoinPool-3-worker-3] INFO  o.o.b.p.a.PullFromAggregateTracker - Pull Formulário da Vigilancia Hospitalar - Skipping submission 25 of 250: already downloaded
2025-12-30 01:48:04,539 [ForkJoinPool-3-worker-4] INFO  o.o.b.p.a.PullFromAggregateTracker - Pull VIGILÂNCIA  AMBIENTAL - Skipping submission 48 of 218: already downloaded
2025-12-30 01:48:04,590 [ForkJoinPool-3-worker-8] INFO  o.o.b.p.a.PullFromAggregateTracker - Pull VIGILÂNCIA  AMBIENTAL - Skipping submission 49 of 218: already downloaded
2025-12-30 01:48:04,539 [ForkJoinPool-3-worker-15] INFO  o.o.b.p.a.PullFromAggregateTracker - Pull Formulário da Vigilancia Hospitalar - Skipping submission 29 of 1156: already downloaded
2025-12-30 01:48:04,539 [ForkJoinPool-3-worker-10] INFO  o.o.b.p.a.PullFromAggregateTracker - Pull Formulário da Vigilancia Hospitalar - Laboratório - Skipping submission 25 of 642: already downloaded
2025-12-30 01:48:04,594 [ForkJoinPool-3-worker-4] INFO  o.o.b.p.a.PullFromAggregateTracker - Pull VIGILÂNCIA  AMBIENTAL - Skipping submission 50 of 218: already downloaded
2025-12-30 01:48:04,594 [ForkJoinPool-3-worker-15] INFO  o.o.b.p.a.PullFromAggregateTracker - Pull Formulário da Vigilancia Hospitalar - Skipping submission 30 of 1156: already downloaded
2025-12-30 01:48:04,594 [ForkJoinPool-3-worker-11] INFO  o.o.b.p.a.PullFromAggregateTracker - Pull Formulário da Vigilancia Hospitalar - Skipping submission 26 of 601: already downloaded
2025-12-30 01:48:04,640 [ForkJoinPool-3-worker-10] INFO  o.o.b.p.a.PullFromAggregateTracker - Pull Formulário da Vigilancia Hospitalar - Laboratório - Skipping submission 26 of 642: already downloaded
2025-12-30 01:48:04,644 [ForkJoinPool-3-worker-4] INFO  o.o.b.p.a.PullFromAggregateTracker - Pull VIGILÂNCIA  AMBIENTAL - Skipping submission 51 of 218: already downloaded
2025-12-30 01:48:04,646 [ForkJoinPool-3-worker-13] INFO  o.o.b.p.a.PullFromAggregateTracker - Pull Formulário da Vigilancia Comunitaria - Skipping submission 33 of 1299: already downloaded
2025-12-30 01:48:04,647 [ForkJoinPool-3-worker-3] INFO  o.o.b.p.a.PullFromAggregateTracker - Pull Formulário da Vigilancia Hospitalar - Skipping submission 26 of 250: already downloaded
2025-12-30 01:48:04,647 [ForkJoinPool-3-worker-9] INFO  o.o.b.p.a.PullFromAggregateTracker - Pull Formulário da Vigilancia Comunitaria - Skipping submission 34 of 1299: already downloaded
2025-12-30 01:48:04,647 [ForkJoinPool-3-worker-8] INFO  o.o.b.p.a.PullFromAggregateTracker - Pull VIGILÂNCIA  AMBIENTAL - Skipping submission 52 of 218: already downloaded
2025-12-30 01:48:04,650 [ForkJoinPool-3-worker-11] INFO  o.o.b.p.a.PullFromAggregateTracker - Pull Formulário da Vigilancia Hospitalar - Skipping submission 27 of 601: already downloaded
2025-12-30 01:48:04,656 [ForkJoinPool-3-worker-15] INFO  o.o.b.p.a.PullFromAggregateTracker - Pull Formulário da Vigilancia Hospitalar - Skipping submission 31 of 1156: already downloaded
2025-12-30 01:48:04,663 [ForkJoinPool-3-worker-1] INFO  o.o.b.p.a.PullFromAggregateTracker - Pull Formulário da Vigilancia Comunitaria - Skipping submission 28 of 258: already downloaded
2025-12-30 01:48:04,732 [ForkJoinPool-3-worker-10] INFO  o.o.b.p.a.PullFromAggregateTracker - Pull Formulário da Vigilancia Hospitalar - Laboratório - Skipping submission 27 of 642: already downloaded
2025-12-30 01:48:04,739 [ForkJoinPool-3-worker-3] INFO  o.o.b.p.a.PullFromAggregateTracker - Pull Formulário da Vigilancia Hospitalar - Skipping submission 27 of 250: already downloaded
2025-12-30 01:48:04,741 [ForkJoinPool-3-worker-4] INFO  o.o.b.p.a.PullFromAggregateTracker - Pull VIGILÂNCIA  AMBIENTAL - Skipping submission 53 of 218: already downloaded
2025-12-30 01:48:04,743 [ForkJoinPool-3-worker-1] INFO  o.o.b.p.a.PullFromAggregateTracker - Pull Formulário da Vigilancia Comunitaria - Skipping submission 29 of 258: already downloaded
2025-12-30 01:48:05,378 [ForkJoinPool-3-worker-10] INFO  o.o.b.p.a.PullFromAggregateTracker - Pull Formulário da Vigilancia Hospitalar - Laboratório - Skipping submission 28 of 642: already downloaded
2025-12-30 01:48:05,387 [ForkJoinPool-3-worker-1] INFO  o.o.b.p.a.PullFromAggregateTracker - Pull Formulário da Vigilancia Comunitaria - Skipping submission 30 of 258: already downloaded
2025-12-30 01:48:05,390 [ForkJoinPool-3-worker-3] INFO  o.o.b.p.a.PullFromAggregateTracker - Pull Formulário da Vigilancia Hospitalar - Skipping submission 28 of 250: already downloaded
2025-12-30 01:48:05,408 [ForkJoinPool-3-worker-9] INFO  o.o.b.p.a.PullFromAggregateTracker - Pull Formulário da Vigilancia Comunitaria - Skipping submission 35 of 1299: already downloaded
2025-12-30 01:48:05,410 [ForkJoinPool-3-worker-11] INFO  o.o.b.p.a.PullFromAggregateTracker - Pull Formulário da Vigilancia Hospitalar - Skipping submission 28 of 601: already downloaded
2025-12-30 01:48:05,446 [ForkJoinPool-3-worker-13] INFO  o.o.b.p.a.PullFromAggregateTracker - Pull Formulário da Vigilancia Comunitaria - Skipping submission 36 of 1299: already downloaded
2025-12-30 01:48:05,446 [ForkJoinPool-3-worker-1] INFO  o.o.b.p.a.PullFromAggregateTracker - Pull Formulário da Vigilancia Comunitaria - Skipping submission 31 of 258: already downloaded
2025-12-30 01:48:05,446 [ForkJoinPool-3-worker-10] INFO  o.o.b.p.a.PullFromAggregateTracker - Pull Formulário da Vigilancia Hospitalar - Laboratório - Skipping submission 29 of 642: already downloaded
2025-12-30 01:48:05,455 [ForkJoinPool-3-worker-8] INFO  o.o.b.p.a.PullFromAggregateTracker - Pull VIGILÂNCIA  AMBIENTAL - Skipping submission 54 of 218: already downloaded
2025-12-30 01:48:05,460 [ForkJoinPool-3-worker-9] INFO  o.o.b.p.a.PullFromAggregateTracker - Pull Formulário da Vigilancia Comunitaria - Skipping submission 37 of 1299: already downloaded
2025-12-30 01:48:05,460 [ForkJoinPool-3-worker-1] INFO  o.o.b.p.a.PullFromAggregateTracker - Pull Formulário da Vigilancia Comunitaria - Skipping submission 32 of 258: already downloaded
2025-12-30 01:48:05,461 [ForkJoinPool-3-worker-13] INFO  o.o.b.p.a.PullFromAggregateTracker - Pull Formulário da Vigilancia Comunitaria - Skipping submission 38 of 1299: already downloaded
2025-12-30 01:48:05,475 [ForkJoinPool-3-worker-15] INFO  o.o.b.p.a.PullFromAggregateTracker - Pull Formulário da Vigilancia Hospitalar - Skipping submission 32 of 1156: already downloaded
2025-12-30 01:48:05,477 [ForkJoinPool-3-worker-9] INFO  o.o.b.p.a.PullFromAggregateTracker - Pull Formulário da Vigilancia Comunitaria - Skipping submission 39 of 1299: already downloaded
2025-12-30 01:48:05,463 [ForkJoinPool-3-worker-1] INFO  o.o.b.p.a.PullFromAggregateTracker - Pull Formulário da Vigilancia Comunitaria - Skipping submission 33 of 258: already downloaded
2025-12-30 01:48:05,457 [ForkJoinPool-3-worker-4] INFO  o.o.b.p.a.PullFromAggregateTracker - Pull VIGILÂNCIA  AMBIENTAL - Skipping submission 55 of 218: already downloaded
2025-12-30 01:48:05,533 [ForkJoinPool-3-worker-3] INFO  o.o.b.p.a.PullFromAggregateTracker - Pull Formulário da Vigilancia Hospitalar - Skipping submission 29 of 250: already downloaded
2025-12-30 01:48:05,537 [ForkJoinPool-3-worker-11] INFO  o.o.b.p.a.PullFromAggregateTracker - Pull Formulário da Vigilancia Hospitalar - Skipping submission 29 of 601: already downloaded
2025-12-30 01:48:05,557 [ForkJoinPool-3-worker-8] INFO  o.o.b.p.a.PullFromAggregateTracker - Pull VIGILÂNCIA  AMBIENTAL - Skipping submission 56 of 218: already downloaded
2025-12-30 01:48:05,513 [ForkJoinPool-3-worker-1] INFO  o.o.b.p.a.PullFromAggregateTracker - Pull Formulário da Vigilancia Comunitaria - Skipping submission 34 of 258: already downloaded
2025-12-30 01:48:05,561 [ForkJoinPool-3-worker-3] INFO  o.o.b.p.a.PullFromAggregateTracker - Pull Formulário da Vigilancia Hospitalar - Skipping submission 30 of 250: already downloaded
2025-12-30 01:48:05,613 [ForkJoinPool-3-worker-1] INFO  o.o.b.p.a.PullFromAggregateTracker - Pull Formulário da Vigilancia Comunitaria - Skipping submission 35 of 258: already downloaded
2025-12-30 01:48:05,627 [ForkJoinPool-3-worker-13] INFO  o.o.b.p.a.PullFromAggregateTracker - Pull Formulário da Vigilancia Comunitaria - Skipping submission 40 of 1299: already downloaded
2025-12-30 01:48:05,597 [ForkJoinPool-3-worker-10] INFO  o.o.b.p.a.PullFromAggregateTracker - Pull Formulário da Vigilancia Hospitalar - Laboratório - Skipping submission 30 of 642: already downloaded
2025-12-30 01:48:05,629 [ForkJoinPool-3-worker-9] INFO  o.o.b.p.a.PullFromAggregateTracker - Pull Formulário da Vigilancia Comunitaria - Skipping submission 41 of 1299: already downloaded
2025-12-30 01:48:05,631 [ForkJoinPool-3-worker-15] INFO  o.o.b.p.a.PullFromAggregateTracker - Pull Formulário da Vigilancia Hospitalar - Skipping submission 33 of 1156: already downloaded
2025-12-30 01:48:05,639 [ForkJoinPool-3-worker-2] INFO  o.o.b.p.a.PullFromAggregateTracker - Pull Formulário da Vigilancia Hospitalar - Laboratório - Start downloading submission 2 of 74
2025-12-30 01:48:05,639 [ForkJoinPool-3-worker-6] INFO  o.o.b.p.a.PullFromAggregateTracker - Pull Resultados de testagem das vigilâncias - Start downloading submission 2 of 15
2025-12-30 01:48:05,639 [ForkJoinPool-3-worker-1] INFO  o.o.b.p.a.PullFromAggregateTracker - Pull Formulário da Vigilancia Comunitaria - Skipping submission 36 of 258: already downloaded
2025-12-30 01:48:05,697 [ForkJoinPool-3-worker-1] INFO  o.o.b.p.a.PullFromAggregateTracker - Pull Formulário da Vigilancia Comunitaria - Skipping submission 37 of 258: already downloaded
2025-12-30 01:48:05,697 [ForkJoinPool-3-worker-4] INFO  o.o.b.p.a.PullFromAggregateTracker - Pull VIGILÂNCIA  AMBIENTAL - Skipping submission 57 of 218: already downloaded
2025-12-30 01:48:05,700 [ForkJoinPool-3-worker-8] INFO  o.o.b.p.a.PullFromAggregateTracker - Pull VIGILÂNCIA  AMBIENTAL - Skipping submission 58 of 218: already downloaded
2025-12-30 01:48:05,706 [ForkJoinPool-3-worker-11] INFO  o.o.b.p.a.PullFromAggregateTracker - Pull Formulário da Vigilancia Hospitalar - Skipping submission 30 of 601: already downloaded
2025-12-30 01:48:05,722 [ForkJoinPool-3-worker-11] INFO  o.o.b.p.a.PullFromAggregateTracker - Pull Formulário da Vigilancia Hospitalar - Skipping submission 31 of 601: already downloaded
2025-12-30 01:48:05,724 [ForkJoinPool-3-worker-8] INFO  o.o.b.p.a.PullFromAggregateTracker - Pull VIGILÂNCIA  AMBIENTAL - Skipping submission 59 of 218: already downloaded
2025-12-30 01:48:05,724 [ForkJoinPool-3-worker-10] INFO  o.o.b.p.a.PullFromAggregateTracker - Pull Formulário da Vigilancia Hospitalar - Laboratório - Skipping submission 31 of 642: already downloaded
2025-12-30 01:48:05,726 [ForkJoinPool-3-worker-1] INFO  o.o.b.p.a.PullFromAggregateTracker - Pull Formulário da Vigilancia Comunitaria - Skipping submission 38 of 258: already downloaded
2025-12-30 01:48:05,726 [ForkJoinPool-3-worker-4] INFO  o.o.b.p.a.PullFromAggregateTracker - Pull VIGILÂNCIA  AMBIENTAL - Skipping submission 60 of 218: already downloaded
2025-12-30 01:48:05,730 [ForkJoinPool-3-worker-8] INFO  o.o.b.p.a.PullFromAggregateTracker - Pull VIGILÂNCIA  AMBIENTAL - Skipping submission 61 of 218: already downloaded
2025-12-30 01:48:05,732 [ForkJoinPool-3-worker-13] INFO  o.o.b.p.a.PullFromAggregateTracker - Pull Formulário da Vigilancia Comunitaria - Skipping submission 42 of 1299: already downloaded
2025-12-30 01:48:05,735 [ForkJoinPool-3-worker-9] INFO  o.o.b.p.a.PullFromAggregateTracker - Pull Formulário da Vigilancia Comunitaria - Skipping submission 43 of 1299: already downloaded
2025-12-30 01:48:05,743 [ForkJoinPool-3-worker-8] INFO  o.o.b.p.a.PullFromAggregateTracker - Pull VIGILÂNCIA  AMBIENTAL - Skipping submission 63 of 218: already downloaded
2025-12-30 01:48:05,730 [ForkJoinPool-3-worker-4] INFO  o.o.b.p.a.PullFromAggregateTracker - Pull VIGILÂNCIA  AMBIENTAL - Skipping submission 62 of 218: already downloaded
2025-12-30 01:48:05,741 [ForkJoinPool-3-worker-15] INFO  o.o.b.p.a.PullFromAggregateTracker - Pull Formulário da Vigilancia Hospitalar - Skipping submission 34 of 1156: already downloaded
2025-12-30 01:48:05,743 [ForkJoinPool-3-worker-3] INFO  o.o.b.p.a.PullFromAggregateTracker - Pull Formulário da Vigilancia Hospitalar - Skipping submission 31 of 250: already downloaded
2025-12-30 01:48:05,745 [ForkJoinPool-3-worker-13] INFO  o.o.b.p.a.PullFromAggregateTracker - Pull Formulário da Vigilancia Comunitaria - Skipping submission 44 of 1299: already downloaded
2025-12-30 01:48:05,747 [ForkJoinPool-3-worker-13] INFO  o.o.b.p.a.PullFromAggregateTracker - Pull Formulário da Vigilancia Comunitaria - Skipping submission 45 of 1299: already downloaded
2025-12-30 01:48:05,751 [ForkJoinPool-3-worker-3] INFO  o.o.b.p.a.PullFromAggregateTracker - Pull Formulário da Vigilancia Hospitalar - Skipping submission 32 of 250: already downloaded
2025-12-30 01:48:05,753 [ForkJoinPool-3-worker-15] INFO  o.o.b.p.a.PullFromAggregateTracker - Pull Formulário da Vigilancia Hospitalar - Skipping submission 35 of 1156: already downloaded
2025-12-30 01:48:05,761 [ForkJoinPool-3-worker-11] INFO  o.o.b.p.a.PullFromAggregateTracker - Pull Formulário da Vigilancia Hospitalar - Skipping submission 32 of 601: already downloaded
2025-12-30 01:48:05,775 [ForkJoinPool-3-worker-1] INFO  o.o.b.p.a.PullFromAggregateTracker - Pull Formulário da Vigilancia Comunitaria - Skipping submission 39 of 258: already downloaded
2025-12-30 01:48:05,777 [ForkJoinPool-3-worker-10] INFO  o.o.b.p.a.PullFromAggregateTracker - Pull Formulário da Vigilancia Hospitalar - Laboratório - Skipping submission 32 of 642: already downloaded
2025-12-30 01:48:05,812 [ForkJoinPool-3-worker-3] INFO  o.o.b.p.a.PullFromAggregateTracker - Pull Formulário da Vigilancia Hospitalar - Skipping submission 33 of 250: already downloaded
2025-12-30 01:48:05,823 [ForkJoinPool-3-worker-15] INFO  o.o.b.p.a.PullFromAggregateTracker - Pull Formulário da Vigilancia Hospitalar - Skipping submission 36 of 1156: already downloaded
2025-12-30 01:48:05,825 [ForkJoinPool-3-worker-4] INFO  o.o.b.p.a.PullFromAggregateTracker - Pull VIGILÂNCIA  AMBIENTAL - Skipping submission 64 of 218: already downloaded
2025-12-30 01:48:05,825 [ForkJoinPool-3-worker-8] INFO  o.o.b.p.a.PullFromAggregateTracker - Pull VIGILÂNCIA  AMBIENTAL - Skipping submission 65 of 218: already downloaded
2025-12-30 01:48:05,828 [ForkJoinPool-3-worker-13] INFO  o.o.b.p.a.PullFromAggregateTracker - Pull Formulário da Vigilancia Comunitaria - Skipping submission 46 of 1299: already downloaded
2025-12-30 01:48:05,830 [ForkJoinPool-3-worker-9] INFO  o.o.b.p.a.PullFromAggregateTracker - Pull Formulário da Vigilancia Comunitaria - Skipping submission 47 of 1299: already downloaded
2025-12-30 01:48:05,830 [ForkJoinPool-3-worker-4] INFO  o.o.b.p.a.PullFromAggregateTracker - Pull VIGILÂNCIA  AMBIENTAL - Skipping submission 66 of 218: already downloaded
2025-12-30 01:48:05,832 [ForkJoinPool-3-worker-13] INFO  o.o.b.p.a.PullFromAggregateTracker - Pull Formulário da Vigilancia Comunitaria - Skipping submission 48 of 1299: already downloaded
2025-12-30 01:48:05,846 [ForkJoinPool-3-worker-11] INFO  o.o.b.p.a.PullFromAggregateTracker - Pull Formulário da Vigilancia Hospitalar - Skipping submission 33 of 601: already downloaded
2025-12-30 01:48:05,848 [ForkJoinPool-3-worker-13] INFO  o.o.b.p.a.PullFromAggregateTracker - Pull Formulário da Vigilancia Comunitaria - Skipping submission 50 of 1299: already downloaded
2025-12-30 01:48:05,849 [ForkJoinPool-3-worker-9] INFO  o.o.b.p.a.PullFromAggregateTracker - Pull Formulário da Vigilancia Comunitaria - Skipping submission 49 of 1299: already downloaded
2025-12-30 01:48:05,862 [ForkJoinPool-3-worker-1] INFO  o.o.b.p.a.PullFromAggregateTracker - Pull Formulário da Vigilancia Comunitaria - Skipping submission 40 of 258: already downloaded
2025-12-30 01:48:05,864 [ForkJoinPool-3-worker-4] INFO  o.o.b.p.a.PullFromAggregateTracker - Pull VIGILÂNCIA  AMBIENTAL - Skipping submission 68 of 218: already downloaded
2025-12-30 01:48:05,862 [ForkJoinPool-3-worker-8] INFO  o.o.b.p.a.PullFromAggregateTracker - Pull VIGILÂNCIA  AMBIENTAL - Skipping submission 67 of 218: already downloaded
2025-12-30 01:48:05,864 [ForkJoinPool-3-worker-11] INFO  o.o.b.p.a.PullFromAggregateTracker - Pull Formulário da Vigilancia Hospitalar - Skipping submission 34 of 601: already downloaded
2025-12-30 01:48:05,867 [ForkJoinPool-3-worker-10] INFO  o.o.b.p.a.PullFromAggregateTracker - Pull Formulário da Vigilancia Hospitalar - Laboratório - Skipping submission 33 of 642: already downloaded
2025-12-30 01:48:05,875 [ForkJoinPool-3-worker-13] INFO  o.o.b.p.a.PullFromAggregateTracker - Pull Formulário da Vigilancia Comunitaria - Skipping submission 51 of 1299: already downloaded
2025-12-30 01:48:05,876 [ForkJoinPool-3-worker-3] INFO  o.o.b.p.a.PullFromAggregateTracker - Pull Formulário da Vigilancia Hospitalar - Skipping submission 34 of 250: already downloaded
2025-12-30 01:48:05,881 [ForkJoinPool-3-worker-10] INFO  o.o.b.p.a.PullFromAggregateTracker - Pull Formulário da Vigilancia Hospitalar - Laboratório - Skipping submission 34 of 642: already downloaded
2025-12-30 01:48:05,880 [ForkJoinPool-3-worker-11] INFO  o.o.b.p.a.PullFromAggregateTracker - Pull Formulário da Vigilancia Hospitalar - Skipping submission 35 of 601: already downloaded
2025-12-30 01:48:05,882 [ForkJoinPool-3-worker-11] INFO  o.o.b.p.a.PullFromAggregateTracker - Pull Formulário da Vigilancia Hospitalar - Skipping submission 36 of 601: already downloaded
2025-12-30 01:48:05,882 [ForkJoinPool-3-worker-10] INFO  o.o.b.p.a.PullFromAggregateTracker - Pull Formulário da Vigilancia Hospitalar - Laboratório - Skipping submission 35 of 642: already downloaded
2025-12-30 01:48:05,905 [ForkJoinPool-3-worker-15] INFO  o.o.b.p.a.PullFromAggregateTracker - Pull Formulário da Vigilancia Hospitalar - Skipping submission 37 of 1156: already downloaded
2025-12-30 01:48:05,895 [ForkJoinPool-3-worker-13] INFO  o.o.b.p.a.PullFromAggregateTracker - Pull Formulário da Vigilancia Comunitaria - Skipping submission 53 of 1299: already downloaded
2025-12-30 01:48:05,895 [ForkJoinPool-3-worker-3] INFO  o.o.b.p.a.PullFromAggregateTracker - Pull Formulário da Vigilancia Hospitalar - Skipping submission 35 of 250: already downloaded
2025-12-30 01:48:05,912 [ForkJoinPool-3-worker-10] INFO  o.o.b.p.a.PullFromAggregateTracker - Pull Formulário da Vigilancia Hospitalar - Laboratório - Skipping submission 36 of 642: already downloaded
2025-12-30 01:48:05,943 [ForkJoinPool-3-worker-15] INFO  o.o.b.p.a.PullFromAggregateTracker - Pull Formulário da Vigilancia Hospitalar - Skipping submission 38 of 1156: already downloaded
2025-12-30 01:48:05,907 [ForkJoinPool-3-worker-9] INFO  o.o.b.p.a.PullFromAggregateTracker - Pull Formulário da Vigilancia Comunitaria - Skipping submission 52 of 1299: already downloaded
2025-12-30 01:48:05,961 [ForkJoinPool-3-worker-3] INFO  o.o.b.p.a.PullFromAggregateTracker - Pull Formulário da Vigilancia Hospitalar - Skipping submission 36 of 250: already downloaded
2025-12-30 01:48:05,977 [ForkJoinPool-3-worker-10] INFO  o.o.b.p.a.PullFromAggregateTracker - Pull Formulário da Vigilancia Hospitalar - Laboratório - Skipping submission 37 of 642: already downloaded
2025-12-30 01:48:05,981 [ForkJoinPool-3-worker-9] INFO  o.o.b.p.a.PullFromAggregateTracker - Pull Formulário da Vigilancia Comunitaria - Skipping submission 55 of 1299: already downloaded
2025-12-30 01:48:05,961 [ForkJoinPool-3-worker-13] INFO  o.o.b.p.a.PullFromAggregateTracker - Pull Formulário da Vigilancia Comunitaria - Skipping submission 54 of 1299: already downloaded
2025-12-30 01:48:05,983 [ForkJoinPool-3-worker-1] INFO  o.o.b.p.a.PullFromAggregateTracker - Pull Formulário da Vigilancia Comunitaria - Skipping submission 41 of 258: already downloaded
2025-12-30 01:48:05,996 [ForkJoinPool-3-worker-10] INFO  o.o.b.p.a.PullFromAggregateTracker - Pull Formulário da Vigilancia Hospitalar - Laboratório - Skipping submission 38 of 642: already downloaded
2025-12-30 01:48:06,005 [ForkJoinPool-3-worker-9] INFO  o.o.b.p.a.PullFromAggregateTracker - Pull Formulário da Vigilancia Comunitaria - Skipping submission 56 of 1299: already downloaded
2025-12-30 01:48:06,008 [ForkJoinPool-3-worker-1] INFO  o.o.b.p.a.PullFromAggregateTracker - Pull Formulário da Vigilancia Comunitaria - Skipping submission 42 of 258: already downloaded
2025-12-30 01:48:06,013 [ForkJoinPool-3-worker-4] INFO  o.o.b.p.a.PullFromAggregateTracker - Pull VIGILÂNCIA  AMBIENTAL - Skipping submission 70 of 218: already downloaded
2025-12-30 01:48:06,013 [ForkJoinPool-3-worker-10] INFO  o.o.b.p.a.PullFromAggregateTracker - Pull Formulário da Vigilancia Hospitalar - Laboratório - Skipping submission 39 of 642: already downloaded
2025-12-30 01:48:06,011 [ForkJoinPool-3-worker-8] INFO  o.o.b.p.a.PullFromAggregateTracker - Pull VIGILÂNCIA  AMBIENTAL - Skipping submission 69 of 218: already downloaded
2025-12-30 01:48:06,027 [ForkJoinPool-3-worker-1] INFO  o.o.b.p.a.PullFromAggregateTracker - Pull Formulário da Vigilancia Comunitaria - Skipping submission 43 of 258: already downloaded
2025-12-30 01:48:06,014 [ForkJoinPool-3-worker-13] INFO  o.o.b.p.a.PullFromAggregateTracker - Pull Formulário da Vigilancia Comunitaria - Skipping submission 57 of 1299: already downloaded
2025-12-30 01:48:06,031 [ForkJoinPool-3-worker-9] INFO  o.o.b.p.a.PullFromAggregateTracker - Pull Formulário da Vigilancia Comunitaria - Skipping submission 58 of 1299: already downloaded
2025-12-30 01:48:06,045 [ForkJoinPool-3-worker-1] INFO  o.o.b.p.a.PullFromAggregateTracker - Pull Formulário da Vigilancia Comunitaria - Skipping submission 44 of 258: already downloaded
2025-12-30 01:48:06,047 [ForkJoinPool-3-worker-11] INFO  o.o.b.p.a.PullFromAggregateTracker - Pull Formulário da Vigilancia Hospitalar - Skipping submission 37 of 601: already downloaded
2025-12-30 01:48:06,049 [ForkJoinPool-3-worker-9] INFO  o.o.b.p.a.PullFromAggregateTracker - Pull Formulário da Vigilancia Comunitaria - Skipping submission 59 of 1299: already downloaded
2025-12-30 01:48:06,065 [ForkJoinPool-3-worker-1] INFO  o.o.b.p.a.PullFromAggregateTracker - Pull Formulário da Vigilancia Comunitaria - Skipping submission 45 of 258: already downloaded
2025-12-30 01:48:06,058 [ForkJoinPool-3-worker-13] INFO  o.o.b.p.a.PullFromAggregateTracker - Pull Formulário da Vigilancia Comunitaria - Skipping submission 60 of 1299: already downloaded
2025-12-30 01:48:06,061 [ForkJoinPool-3-worker-11] INFO  o.o.b.p.a.PullFromAggregateTracker - Pull Formulário da Vigilancia Hospitalar - Skipping submission 38 of 601: already downloaded
2025-12-30 01:48:06,075 [ForkJoinPool-3-worker-1] INFO  o.o.b.p.a.PullFromAggregateTracker - Pull Formulário da Vigilancia Comunitaria - Skipping submission 46 of 258: already downloaded
2025-12-30 01:48:06,076 [ForkJoinPool-3-worker-15] INFO  o.o.b.p.a.PullFromAggregateTracker - Pull Formulário da Vigilancia Hospitalar - Skipping submission 39 of 1156: already downloaded
2025-12-30 01:48:06,080 [ForkJoinPool-3-worker-3] INFO  o.o.b.p.a.PullFromAggregateTracker - Pull Formulário da Vigilancia Hospitalar - Skipping submission 37 of 250: already downloaded
2025-12-30 01:48:06,083 [ForkJoinPool-3-worker-1] INFO  o.o.b.p.a.PullFromAggregateTracker - Pull Formulário da Vigilancia Comunitaria - Skipping submission 47 of 258: already downloaded
2025-12-30 01:48:06,078 [ForkJoinPool-3-worker-11] INFO  o.o.b.p.a.PullFromAggregateTracker - Pull Formulário da Vigilancia Hospitalar - Skipping submission 39 of 601: already downloaded
2025-12-30 01:48:06,092 [ForkJoinPool-3-worker-4] INFO  o.o.b.p.a.PullFromAggregateTracker - Pull VIGILÂNCIA  AMBIENTAL - Skipping submission 71 of 218: already downloaded
2025-12-30 01:48:06,090 [ForkJoinPool-3-worker-10] INFO  o.o.b.p.a.PullFromAggregateTracker - Pull Formulário da Vigilancia Hospitalar - Laboratório - Skipping submission 40 of 642: already downloaded
2025-12-30 01:48:06,096 [ForkJoinPool-3-worker-1] INFO  o.o.b.p.a.PullFromAggregateTracker - Pull Formulário da Vigilancia Comunitaria - Skipping submission 48 of 258: already downloaded
2025-12-30 01:48:06,096 [ForkJoinPool-3-worker-3] INFO  o.o.b.p.a.PullFromAggregateTracker - Pull Formulário da Vigilancia Hospitalar - Skipping submission 38 of 250: already downloaded
2025-12-30 01:48:06,094 [ForkJoinPool-3-worker-8] INFO  o.o.b.p.a.PullFromAggregateTracker - Pull VIGILÂNCIA  AMBIENTAL - Skipping submission 72 of 218: already downloaded
2025-12-30 01:48:06,099 [ForkJoinPool-3-worker-2] INFO  o.o.b.p.a.PullFromAggregateTracker - Pull Formulário da Vigilancia Hospitalar - Laboratório - Submission 2 of 74 downloaded
2025-12-30 01:48:06,099 [ForkJoinPool-3-worker-10] INFO  o.o.b.p.a.PullFromAggregateTracker - Pull Formulário da Vigilancia Hospitalar - Laboratório - Skipping submission 41 of 642: already downloaded
2025-12-30 01:48:06,100 [ForkJoinPool-3-worker-1] INFO  o.o.b.p.a.PullFromAggregateTracker - Pull Formulário da Vigilancia Comunitaria - Skipping submission 49 of 258: already downloaded
2025-12-30 01:48:06,106 [ForkJoinPool-3-worker-3] INFO  o.o.b.p.a.PullFromAggregateTracker - Pull Formulário da Vigilancia Hospitalar - Skipping submission 39 of 250: already downloaded
2025-12-30 01:48:06,109 [ForkJoinPool-3-worker-9] INFO  o.o.b.p.a.PullFromAggregateTracker - Pull Formulário da Vigilancia Comunitaria - Skipping submission 61 of 1299: already downloaded
2025-12-30 01:48:06,110 [ForkJoinPool-3-worker-1] INFO  o.o.b.p.a.PullFromAggregateTracker - Pull Formulário da Vigilancia Comunitaria - Skipping submission 50 of 258: already downloaded
2025-12-30 01:48:06,110 [ForkJoinPool-3-worker-13] INFO  o.o.b.p.a.PullFromAggregateTracker - Pull Formulário da Vigilancia Comunitaria - Skipping submission 62 of 1299: already downloaded
2025-12-30 01:48:06,112 [ForkJoinPool-3-worker-3] INFO  o.o.b.p.a.PullFromAggregateTracker - Pull Formulário da Vigilancia Hospitalar - Skipping submission 40 of 250: already downloaded
2025-12-30 01:48:06,122 [ForkJoinPool-3-worker-1] INFO  o.o.b.p.a.PullFromAggregateTracker - Pull Formulário da Vigilancia Comunitaria - Skipping submission 51 of 258: already downloaded
2025-12-30 01:48:06,116 [ForkJoinPool-3-worker-3] INFO  o.o.b.p.a.PullFromAggregateTracker - Pull Formulário da Vigilancia Hospitalar - Skipping submission 41 of 250: already downloaded
2025-12-30 01:48:06,123 [ForkJoinPool-3-worker-11] INFO  o.o.b.p.a.PullFromAggregateTracker - Pull Formulário da Vigilancia Hospitalar - Skipping submission 40 of 601: already downloaded
2025-12-30 01:48:06,123 [ForkJoinPool-3-worker-2] INFO  o.o.b.p.a.PullFromAggregateTracker - Pull Formulário da Vigilancia Hospitalar - Laboratório - Start downloading submission 3 of 74
2025-12-30 01:48:06,128 [ForkJoinPool-3-worker-11] INFO  o.o.b.p.a.PullFromAggregateTracker - Pull Formulário da Vigilancia Hospitalar - Skipping submission 41 of 601: already downloaded
2025-12-30 01:48:06,134 [ForkJoinPool-3-worker-15] INFO  o.o.b.p.a.PullFromAggregateTracker - Pull Formulário da Vigilancia Hospitalar - Skipping submission 40 of 1156: already downloaded
2025-12-30 01:48:06,150 [ForkJoinPool-3-worker-4] INFO  o.o.b.p.a.PullFromAggregateTracker - Pull VIGILÂNCIA  AMBIENTAL - Skipping submission 73 of 218: already downloaded
2025-12-30 01:48:06,159 [ForkJoinPool-3-worker-11] INFO  o.o.b.p.a.PullFromAggregateTracker - Pull Formulário da Vigilancia Hospitalar - Skipping submission 42 of 601: already downloaded
2025-12-30 01:48:06,159 [ForkJoinPool-3-worker-15] INFO  o.o.b.p.a.PullFromAggregateTracker - Pull Formulário da Vigilancia Hospitalar - Skipping submission 41 of 1156: already downloaded
2025-12-30 01:48:06,156 [ForkJoinPool-3-worker-8] INFO  o.o.b.p.a.PullFromAggregateTracker - Pull VIGILÂNCIA  AMBIENTAL - Skipping submission 74 of 218: already downloaded
2025-12-30 01:48:06,212 [ForkJoinPool-3-worker-4] INFO  o.o.b.p.a.PullFromAggregateTracker - Pull VIGILÂNCIA  AMBIENTAL - Skipping submission 75 of 218: already downloaded
2025-12-30 01:48:06,214 [ForkJoinPool-3-worker-9] INFO  o.o.b.p.a.PullFromAggregateTracker - Pull Formulário da Vigilancia Comunitaria - Skipping submission 63 of 1299: already downloaded
2025-12-30 01:48:06,219 [ForkJoinPool-3-worker-15] INFO  o.o.b.p.a.PullFromAggregateTracker - Pull Formulário da Vigilancia Hospitalar - Skipping submission 42 of 1156: already downloaded
2025-12-30 01:48:06,211 [ForkJoinPool-3-worker-10] INFO  o.o.b.p.a.PullFromAggregateTracker - Pull Formulário da Vigilancia Hospitalar - Laboratório - Skipping submission 42 of 642: already downloaded
2025-12-30 01:48:06,225 [ForkJoinPool-3-worker-11] INFO  o.o.b.p.a.PullFromAggregateTracker - Pull Formulário da Vigilancia Hospitalar - Skipping submission 43 of 601: already downloaded
2025-12-30 01:48:06,225 [ForkJoinPool-3-worker-13] INFO  o.o.b.p.a.PullFromAggregateTracker - Pull Formulário da Vigilancia Comunitaria - Skipping submission 64 of 1299: already downloaded
2025-12-30 01:48:06,227 [ForkJoinPool-3-worker-1] INFO  o.o.b.p.a.PullFromAggregateTracker - Pull Formulário da Vigilancia Comunitaria - Skipping submission 52 of 258: already downloaded
2025-12-30 01:48:06,230 [ForkJoinPool-3-worker-1] INFO  o.o.b.p.a.PullFromAggregateTracker - Pull Formulário da Vigilancia Comunitaria - Skipping submission 53 of 258: already downloaded
2025-12-30 01:48:06,248 [ForkJoinPool-3-worker-3] INFO  o.o.b.p.a.PullFromAggregateTracker - Pull Formulário da Vigilancia Hospitalar - Skipping submission 42 of 250: already downloaded
2025-12-30 01:48:06,255 [ForkJoinPool-3-worker-11] INFO  o.o.b.p.a.PullFromAggregateTracker - Pull Formulário da Vigilancia Hospitalar - Skipping submission 44 of 601: already downloaded
2025-12-30 01:48:06,260 [ForkJoinPool-3-worker-8] INFO  o.o.b.p.a.PullFromAggregateTracker - Pull VIGILÂNCIA  AMBIENTAL - Skipping submission 77 of 218: already downloaded
2025-12-30 01:48:06,258 [ForkJoinPool-3-worker-4] INFO  o.o.b.p.a.PullFromAggregateTracker - Pull VIGILÂNCIA  AMBIENTAL - Skipping submission 76 of 218: already downloaded
2025-12-30 01:48:06,261 [ForkJoinPool-3-worker-15] INFO  o.o.b.p.a.PullFromAggregateTracker - Pull Formulário da Vigilancia Hospitalar - Skipping submission 43 of 1156: already downloaded
2025-12-30 01:48:06,263 [ForkJoinPool-3-worker-3] INFO  o.o.b.p.a.PullFromAggregateTracker - Pull Formulário da Vigilancia Hospitalar - Skipping submission 43 of 250: already downloaded
2025-12-30 01:48:06,257 [ForkJoinPool-3-worker-10] INFO  o.o.b.p.a.PullFromAggregateTracker - Pull Formulário da Vigilancia Hospitalar - Laboratório - Skipping submission 43 of 642: already downloaded
2025-12-30 01:48:06,289 [ForkJoinPool-3-worker-8] INFO  o.o.b.p.a.PullFromAggregateTracker - Pull VIGILÂNCIA  AMBIENTAL - Skipping submission 79 of 218: already downloaded
2025-12-30 01:48:06,289 [ForkJoinPool-3-worker-4] INFO  o.o.b.p.a.PullFromAggregateTracker - Pull VIGILÂNCIA  AMBIENTAL - Skipping submission 78 of 218: already downloaded
2025-12-30 01:48:06,277 [ForkJoinPool-3-worker-15] INFO  o.o.b.p.a.PullFromAggregateTracker - Pull Formulário da Vigilancia Hospitalar - Skipping submission 44 of 1156: already downloaded
2025-12-30 01:48:06,311 [ForkJoinPool-3-worker-9] INFO  o.o.b.p.a.PullFromAggregateTracker - Pull Formulário da Vigilancia Comunitaria - Skipping submission 65 of 1299: already downloaded
2025-12-30 01:48:06,313 [ForkJoinPool-3-worker-13] INFO  o.o.b.p.a.PullFromAggregateTracker - Pull Formulário da Vigilancia Comunitaria - Skipping submission 66 of 1299: already downloaded
2025-12-30 01:48:06,323 [ForkJoinPool-3-worker-6] INFO  o.o.b.p.a.PullFromAggregateTracker - Pull Resultados de testagem das vigilâncias - Submission 2 of 15 downloaded
2025-12-30 01:48:06,325 [ForkJoinPool-3-worker-4] INFO  o.o.b.p.a.PullFromAggregateTracker - Pull VIGILÂNCIA  AMBIENTAL - Skipping submission 81 of 218: already downloaded
2025-12-30 01:48:06,325 [ForkJoinPool-3-worker-8] INFO  o.o.b.p.a.PullFromAggregateTracker - Pull VIGILÂNCIA  AMBIENTAL - Skipping submission 80 of 218: already downloaded
2025-12-30 01:48:06,325 [ForkJoinPool-3-worker-10] INFO  o.o.b.p.a.PullFromAggregateTracker - Pull Formulário da Vigilancia Hospitalar - Laboratório - Skipping submission 44 of 642: already downloaded
2025-12-30 01:48:06,327 [ForkJoinPool-3-worker-8] INFO  o.o.b.p.a.PullFromAggregateTracker - Pull VIGILÂNCIA  AMBIENTAL - Skipping submission 83 of 218: already downloaded
2025-12-30 01:48:06,329 [ForkJoinPool-3-worker-9] INFO  o.o.b.p.a.PullFromAggregateTracker - Pull Formulário da Vigilancia Comunitaria - Skipping submission 67 of 1299: already downloaded
2025-12-30 01:48:06,329 [ForkJoinPool-3-worker-13] INFO  o.o.b.p.a.PullFromAggregateTracker - Pull Formulário da Vigilancia Comunitaria - Skipping submission 68 of 1299: already downloaded
2025-12-30 01:48:06,333 [ForkJoinPool-3-worker-1] INFO  o.o.b.p.a.PullFromAggregateTracker - Pull Formulário da Vigilancia Comunitaria - Skipping submission 54 of 258: already downloaded
2025-12-30 01:48:06,325 [ForkJoinPool-3-worker-4] INFO  o.o.b.p.a.PullFromAggregateTracker - Pull VIGILÂNCIA  AMBIENTAL - Skipping submission 82 of 218: already downloaded
2025-12-30 01:48:06,341 [ForkJoinPool-3-worker-6] INFO  o.o.b.p.a.PullFromAggregateTracker - Pull Resultados de testagem das vigilâncias - Start downloading submission 3 of 15
2025-12-30 01:48:06,341 [ForkJoinPool-3-worker-13] INFO  o.o.b.p.a.PullFromAggregateTracker - Pull Formulário da Vigilancia Comunitaria - Skipping submission 69 of 1299: already downloaded
2025-12-30 01:48:06,343 [ForkJoinPool-3-worker-9] INFO  o.o.b.p.a.PullFromAggregateTracker - Pull Formulário da Vigilancia Comunitaria - Skipping submission 70 of 1299: already downloaded
2025-12-30 01:48:06,345 [ForkJoinPool-3-worker-1] INFO  o.o.b.p.a.PullFromAggregateTracker - Pull Formulário da Vigilancia Comunitaria - Skipping submission 55 of 258: already downloaded
2025-12-30 01:48:06,352 [ForkJoinPool-3-worker-3] INFO  o.o.b.p.a.PullFromAggregateTracker - Pull Formulário da Vigilancia Hospitalar - Skipping submission 44 of 250: already downloaded
2025-12-30 01:48:06,357 [ForkJoinPool-3-worker-13] INFO  o.o.b.p.a.PullFromAggregateTracker - Pull Formulário da Vigilancia Comunitaria - Skipping submission 71 of 1299: already downloaded
2025-12-30 01:48:06,359 [ForkJoinPool-3-worker-3] INFO  o.o.b.p.a.PullFromAggregateTracker - Pull Formulário da Vigilancia Hospitalar - Skipping submission 45 of 250: already downloaded
2025-12-30 01:48:06,360 [ForkJoinPool-3-worker-3] INFO  o.o.b.p.a.PullFromAggregateTracker - Pull Formulário da Vigilancia Hospitalar - Skipping submission 46 of 250: already downloaded
2025-12-30 01:48:06,375 [ForkJoinPool-3-worker-1] INFO  o.o.b.p.a.PullFromAggregateTracker - Pull Formulário da Vigilancia Comunitaria - Skipping submission 56 of 258: already downloaded
2025-12-30 01:48:06,375 [ForkJoinPool-3-worker-3] INFO  o.o.b.p.a.PullFromAggregateTracker - Pull Formulário da Vigilancia Hospitalar - Skipping submission 47 of 250: already downloaded
2025-12-30 01:48:06,376 [ForkJoinPool-3-worker-3] INFO  o.o.b.p.a.PullFromAggregateTracker - Pull Formulário da Vigilancia Hospitalar - Skipping submission 48 of 250: already downloaded
2025-12-30 01:48:06,378 [ForkJoinPool-3-worker-11] INFO  o.o.b.p.a.PullFromAggregateTracker - Pull Formulário da Vigilancia Hospitalar - Skipping submission 45 of 601: already downloaded
2025-12-30 01:48:06,380 [ForkJoinPool-3-worker-3] INFO  o.o.b.p.a.PullFromAggregateTracker - Pull Formulário da Vigilancia Hospitalar - Skipping submission 49 of 250: already downloaded
2025-12-30 01:48:06,385 [ForkJoinPool-3-worker-15] INFO  o.o.b.p.a.PullFromAggregateTracker - Pull Formulário da Vigilancia Hospitalar - Skipping submission 45 of 1156: already downloaded
2025-12-30 01:48:06,390 [ForkJoinPool-3-worker-10] INFO  o.o.b.p.a.PullFromAggregateTracker - Pull Formulário da Vigilancia Hospitalar - Laboratório - Skipping submission 45 of 642: already downloaded
2025-12-30 01:48:06,380 [ForkJoinPool-3-worker-1] INFO  o.o.b.p.a.PullFromAggregateTracker - Pull Formulário da Vigilancia Comunitaria - Skipping submission 57 of 258: already downloaded
2025-12-30 01:48:06,382 [ForkJoinPool-3-worker-11] INFO  o.o.b.p.a.PullFromAggregateTracker - Pull Formulário da Vigilancia Hospitalar - Skipping submission 46 of 601: already downloaded
2025-12-30 01:48:06,411 [ForkJoinPool-3-worker-1] INFO  o.o.b.p.a.PullFromAggregateTracker - Pull Formulário da Vigilancia Comunitaria - Skipping submission 58 of 258: already downloaded
2025-12-30 01:48:06,413 [ForkJoinPool-3-worker-8] INFO  o.o.b.p.a.PullFromAggregateTracker - Pull VIGILÂNCIA  AMBIENTAL - Skipping submission 84 of 218: already downloaded
2025-12-30 01:48:06,413 [ForkJoinPool-3-worker-4] INFO  o.o.b.p.a.PullFromAggregateTracker - Pull VIGILÂNCIA  AMBIENTAL - Skipping submission 85 of 218: already downloaded
2025-12-30 01:48:06,429 [ForkJoinPool-3-worker-8] INFO  o.o.b.p.a.PullFromAggregateTracker - Pull VIGILÂNCIA  AMBIENTAL - Skipping submission 86 of 218: already downloaded
2025-12-30 01:48:06,444 [ForkJoinPool-3-worker-9] INFO  o.o.b.p.a.PullFromAggregateTracker - Pull Formulário da Vigilancia Comunitaria - Skipping submission 72 of 1299: already downloaded
2025-12-30 01:48:06,444 [ForkJoinPool-3-worker-4] INFO  o.o.b.p.a.PullFromAggregateTracker - Pull VIGILÂNCIA  AMBIENTAL - Skipping submission 87 of 218: already downloaded
2025-12-30 01:48:06,448 [ForkJoinPool-3-worker-13] INFO  o.o.b.p.a.PullFromAggregateTracker - Pull Formulário da Vigilancia Comunitaria - Skipping submission 73 of 1299: already downloaded
2025-12-30 01:48:06,475 [ForkJoinPool-3-worker-4] INFO  o.o.b.p.a.PullFromAggregateTracker - Pull VIGILÂNCIA  AMBIENTAL - Skipping submission 89 of 218: already downloaded
2025-12-30 01:48:06,475 [ForkJoinPool-3-worker-8] INFO  o.o.b.p.a.PullFromAggregateTracker - Pull VIGILÂNCIA  AMBIENTAL - Skipping submission 88 of 218: already downloaded
2025-12-30 01:48:06,494 [ForkJoinPool-3-worker-4] INFO  o.o.b.p.a.PullFromAggregateTracker - Pull VIGILÂNCIA  AMBIENTAL - Skipping submission 90 of 218: already downloaded
2025-12-30 01:48:06,494 [ForkJoinPool-3-worker-3] INFO  o.o.b.p.a.PullFromAggregateTracker - Pull Formulário da Vigilancia Hospitalar - Skipping submission 50 of 250: already downloaded
2025-12-30 01:48:06,505 [ForkJoinPool-3-worker-3] INFO  o.o.b.p.a.PullFromAggregateTracker - Pull Formulário da Vigilancia Hospitalar - Skipping submission 51 of 250: already downloaded
2025-12-30 01:48:06,506 [ForkJoinPool-3-worker-3] INFO  o.o.b.p.a.PullFromAggregateTracker - Pull Formulário da Vigilancia Hospitalar - Skipping submission 52 of 250: already downloaded
2025-12-30 01:48:06,510 [ForkJoinPool-3-worker-11] INFO  o.o.b.p.a.PullFromAggregateTracker - Pull Formulário da Vigilancia Hospitalar - Skipping submission 47 of 601: already downloaded
2025-12-30 01:48:06,511 [ForkJoinPool-3-worker-15] INFO  o.o.b.p.a.PullFromAggregateTracker - Pull Formulário da Vigilancia Hospitalar - Skipping submission 46 of 1156: already downloaded
2025-12-30 01:48:06,513 [ForkJoinPool-3-worker-10] INFO  o.o.b.p.a.PullFromAggregateTracker - Pull Formulário da Vigilancia Hospitalar - Laboratório - Skipping submission 46 of 642: already downloaded
2025-12-30 01:48:06,516 [ForkJoinPool-3-worker-1] INFO  o.o.b.p.a.PullFromAggregateTracker - Pull Formulário da Vigilancia Comunitaria - Skipping submission 59 of 258: already downloaded
2025-12-30 01:48:06,516 [ForkJoinPool-3-worker-15] INFO  o.o.b.p.a.PullFromAggregateTracker - Pull Formulário da Vigilancia Hospitalar - Skipping submission 47 of 1156: already downloaded
2025-12-30 01:48:06,524 [ForkJoinPool-3-worker-2] INFO  o.o.b.p.a.PullFromAggregateTracker - Pull Formulário da Vigilancia Hospitalar - Laboratório - Submission 3 of 74 downloaded
2025-12-30 01:48:06,524 [ForkJoinPool-3-worker-15] INFO  o.o.b.p.a.PullFromAggregateTracker - Pull Formulário da Vigilancia Hospitalar - Skipping submission 48 of 1156: already downloaded
2025-12-30 01:48:06,530 [ForkJoinPool-3-worker-15] INFO  o.o.b.p.a.PullFromAggregateTracker - Pull Formulário da Vigilancia Hospitalar - Skipping submission 49 of 1156: already downloaded
2025-12-30 01:48:06,532 [ForkJoinPool-3-worker-9] INFO  o.o.b.p.a.PullFromAggregateTracker - Pull Formulário da Vigilancia Comunitaria - Skipping submission 74 of 1299: already downloaded
2025-12-30 01:48:06,535 [ForkJoinPool-3-worker-13] INFO  o.o.b.p.a.PullFromAggregateTracker - Pull Formulário da Vigilancia Comunitaria - Skipping submission 75 of 1299: already downloaded
2025-12-30 01:48:06,536 [ForkJoinPool-3-worker-2] INFO  o.o.b.p.a.PullFromAggregateTracker - Pull Formulário da Vigilancia Hospitalar - Laboratório - Start downloading submission 4 of 74
2025-12-30 01:48:06,546 [ForkJoinPool-3-worker-8] INFO  o.o.b.p.a.PullFromAggregateTracker - Pull VIGILÂNCIA  AMBIENTAL - Skipping submission 91 of 218: already downloaded
2025-12-30 01:48:06,548 [ForkJoinPool-3-worker-4] INFO  o.o.b.p.a.PullFromAggregateTracker - Pull VIGILÂNCIA  AMBIENTAL - Skipping submission 92 of 218: already downloaded
2025-12-30 01:48:06,551 [ForkJoinPool-3-worker-3] INFO  o.o.b.p.a.PullFromAggregateTracker - Pull Formulário da Vigilancia Hospitalar - Skipping submission 53 of 250: already downloaded
2025-12-30 01:48:06,557 [ForkJoinPool-3-worker-11] INFO  o.o.b.p.a.PullFromAggregateTracker - Pull Formulário da Vigilancia Hospitalar - Skipping submission 48 of 601: already downloaded
2025-12-30 01:48:06,559 [ForkJoinPool-3-worker-10] INFO  o.o.b.p.a.PullFromAggregateTracker - Pull Formulário da Vigilancia Hospitalar - Laboratório - Skipping submission 47 of 642: already downloaded
2025-12-30 01:48:06,554 [ForkJoinPool-3-worker-3] INFO  o.o.b.p.a.PullFromAggregateTracker - Pull Formulário da Vigilancia Hospitalar - Skipping submission 54 of 250: already downloaded
2025-12-30 01:48:06,560 [ForkJoinPool-3-worker-10] INFO  o.o.b.p.a.PullFromAggregateTracker - Pull Formulário da Vigilancia Hospitalar - Laboratório - Skipping submission 48 of 642: already downloaded
2025-12-30 01:48:06,562 [ForkJoinPool-3-worker-11] INFO  o.o.b.p.a.PullFromAggregateTracker - Pull Formulário da Vigilancia Hospitalar - Skipping submission 49 of 601: already downloaded
2025-12-30 01:48:06,573 [ForkJoinPool-3-worker-1] INFO  o.o.b.p.a.PullFromAggregateTracker - Pull Formulário da Vigilancia Comunitaria - Skipping submission 60 of 258: already downloaded
2025-12-30 01:48:06,577 [ForkJoinPool-3-worker-13] INFO  o.o.b.p.a.PullFromAggregateTracker - Pull Formulário da Vigilancia Comunitaria - Skipping submission 77 of 1299: already downloaded
2025-12-30 01:48:06,578 [ForkJoinPool-3-worker-9] INFO  o.o.b.p.a.PullFromAggregateTracker - Pull Formulário da Vigilancia Comunitaria - Skipping submission 76 of 1299: already downloaded
2025-12-30 01:48:06,579 [ForkJoinPool-3-worker-13] INFO  o.o.b.p.a.PullFromAggregateTracker - Pull Formulário da Vigilancia Comunitaria - Skipping submission 78 of 1299: already downloaded
2025-12-30 01:48:06,581 [ForkJoinPool-3-worker-15] INFO  o.o.b.p.a.PullFromAggregateTracker - Pull Formulário da Vigilancia Hospitalar - Skipping submission 50 of 1156: already downloaded
2025-12-30 01:48:06,581 [ForkJoinPool-3-worker-1] INFO  o.o.b.p.a.PullFromAggregateTracker - Pull Formulário da Vigilancia Comunitaria - Skipping submission 61 of 258: already downloaded
2025-12-30 01:48:06,583 [ForkJoinPool-3-worker-15] INFO  o.o.b.p.a.PullFromAggregateTracker - Pull Formulário da Vigilancia Hospitalar - Skipping submission 51 of 1156: already downloaded
2025-12-30 01:48:06,588 [ForkJoinPool-3-worker-9] INFO  o.o.b.p.a.PullFromAggregateTracker - Pull Formulário da Vigilancia Comunitaria - Skipping submission 79 of 1299: already downloaded
2025-12-30 01:48:06,629 [ForkJoinPool-3-worker-8] INFO  o.o.b.p.a.PullFromAggregateTracker - Pull VIGILÂNCIA  AMBIENTAL - Skipping submission 93 of 218: already downloaded
2025-12-30 01:48:06,633 [ForkJoinPool-3-worker-4] INFO  o.o.b.p.a.PullFromAggregateTracker - Pull VIGILÂNCIA  AMBIENTAL - Skipping submission 94 of 218: already downloaded
2025-12-30 01:48:06,633 [ForkJoinPool-3-worker-3] INFO  o.o.b.p.a.PullFromAggregateTracker - Pull Formulário da Vigilancia Hospitalar - Skipping submission 55 of 250: already downloaded
2025-12-30 01:48:06,631 [ForkJoinPool-3-worker-8] INFO  o.o.b.p.a.PullFromAggregateTracker - Pull VIGILÂNCIA  AMBIENTAL - Skipping submission 95 of 218: already downloaded
2025-12-30 01:48:06,649 [ForkJoinPool-3-worker-11] INFO  o.o.b.p.a.PullFromAggregateTracker - Pull Formulário da Vigilancia Hospitalar - Skipping submission 50 of 601: already downloaded
2025-12-30 01:48:06,649 [ForkJoinPool-3-worker-8] INFO  o.o.b.p.a.PullFromAggregateTracker - Pull VIGILÂNCIA  AMBIENTAL - Skipping submission 96 of 218: already downloaded
2025-12-30 01:48:06,658 [ForkJoinPool-3-worker-10] INFO  o.o.b.p.a.PullFromAggregateTracker - Pull Formulário da Vigilancia Hospitalar - Laboratório - Skipping submission 49 of 642: already downloaded
2025-12-30 01:48:06,660 [ForkJoinPool-3-worker-10] INFO  o.o.b.p.a.PullFromAggregateTracker - Pull Formulário da Vigilancia Hospitalar - Laboratório - Skipping submission 50 of 642: already downloaded
2025-12-30 01:48:06,662 [ForkJoinPool-3-worker-3] INFO  o.o.b.p.a.PullFromAggregateTracker - Pull Formulário da Vigilancia Hospitalar - Skipping submission 56 of 250: already downloaded
2025-12-30 01:48:06,662 [ForkJoinPool-3-worker-11] INFO  o.o.b.p.a.PullFromAggregateTracker - Pull Formulário da Vigilancia Hospitalar - Skipping submission 51 of 601: already downloaded
2025-12-30 01:48:06,677 [ForkJoinPool-3-worker-1] INFO  o.o.b.p.a.PullFromAggregateTracker - Pull Formulário da Vigilancia Comunitaria - Skipping submission 62 of 258: already downloaded
2025-12-30 01:48:06,680 [ForkJoinPool-3-worker-11] INFO  o.o.b.p.a.PullFromAggregateTracker - Pull Formulário da Vigilancia Hospitalar - Skipping submission 52 of 601: already downloaded
2025-12-30 01:48:06,680 [ForkJoinPool-3-worker-10] INFO  o.o.b.p.a.PullFromAggregateTracker - Pull Formulário da Vigilancia Hospitalar - Laboratório - Skipping submission 51 of 642: already downloaded
2025-12-30 01:48:06,681 [ForkJoinPool-3-worker-15] INFO  o.o.b.p.a.PullFromAggregateTracker - Pull Formulário da Vigilancia Hospitalar - Skipping submission 52 of 1156: already downloaded
2025-12-30 01:48:06,683 [ForkJoinPool-3-worker-15] INFO  o.o.b.p.a.PullFromAggregateTracker - Pull Formulário da Vigilancia Hospitalar - Skipping submission 53 of 1156: already downloaded
2025-12-30 01:48:06,698 [ForkJoinPool-3-worker-11] INFO  o.o.b.p.a.PullFromAggregateTracker - Pull Formulário da Vigilancia Hospitalar - Skipping submission 53 of 601: already downloaded
2025-12-30 01:48:06,700 [ForkJoinPool-3-worker-10] INFO  o.o.b.p.a.PullFromAggregateTracker - Pull Formulário da Vigilancia Hospitalar - Laboratório - Skipping submission 52 of 642: already downloaded
2025-12-30 01:48:06,707 [ForkJoinPool-3-worker-13] INFO  o.o.b.p.a.PullFromAggregateTracker - Pull Formulário da Vigilancia Comunitaria - Skipping submission 80 of 1299: already downloaded
2025-12-30 01:48:06,705 [ForkJoinPool-3-worker-9] INFO  o.o.b.p.a.PullFromAggregateTracker - Pull Formulário da Vigilancia Comunitaria - Skipping submission 81 of 1299: already downloaded
2025-12-30 01:48:06,704 [ForkJoinPool-3-worker-15] INFO  o.o.b.p.a.PullFromAggregateTracker - Pull Formulário da Vigilancia Hospitalar - Skipping submission 54 of 1156: already downloaded
2025-12-30 01:48:06,728 [ForkJoinPool-3-worker-8] INFO  o.o.b.p.a.PullFromAggregateTracker - Pull VIGILÂNCIA  AMBIENTAL - Skipping submission 97 of 218: already downloaded
2025-12-30 01:48:06,730 [ForkJoinPool-3-worker-4] INFO  o.o.b.p.a.PullFromAggregateTracker - Pull VIGILÂNCIA  AMBIENTAL - Skipping submission 98 of 218: already downloaded
2025-12-30 01:48:06,761 [ForkJoinPool-3-worker-8] INFO  o.o.b.p.a.PullFromAggregateTracker - Pull VIGILÂNCIA  AMBIENTAL - Skipping submission 99 of 218: already downloaded
2025-12-30 01:48:06,783 [ForkJoinPool-3-worker-11] INFO  o.o.b.p.a.PullFromAggregateTracker - Pull Formulário da Vigilancia Hospitalar - Skipping submission 54 of 601: already downloaded
2025-12-30 01:48:06,785 [ForkJoinPool-3-worker-3] INFO  o.o.b.p.a.PullFromAggregateTracker - Pull Formulário da Vigilancia Hospitalar - Skipping submission 57 of 250: already downloaded
2025-12-30 01:48:06,804 [ForkJoinPool-3-worker-10] INFO  o.o.b.p.a.PullFromAggregateTracker - Pull Formulário da Vigilancia Hospitalar - Laboratório - Skipping submission 53 of 642: already downloaded
2025-12-30 01:48:06,807 [ForkJoinPool-3-worker-1] INFO  o.o.b.p.a.PullFromAggregateTracker - Pull Formulário da Vigilancia Comunitaria - Skipping submission 63 of 258: already downloaded
2025-12-30 01:48:06,807 [ForkJoinPool-3-worker-15] INFO  o.o.b.p.a.PullFromAggregateTracker - Pull Formulário da Vigilancia Hospitalar - Skipping submission 55 of 1156: already downloaded
2025-12-30 01:48:06,811 [ForkJoinPool-3-worker-15] INFO  o.o.b.p.a.PullFromAggregateTracker - Pull Formulário da Vigilancia Hospitalar - Skipping submission 56 of 1156: already downloaded
2025-12-30 01:48:06,812 [ForkJoinPool-3-worker-13] INFO  o.o.b.p.a.PullFromAggregateTracker - Pull Formulário da Vigilancia Comunitaria - Skipping submission 82 of 1299: already downloaded
2025-12-30 01:48:06,809 [ForkJoinPool-3-worker-1] INFO  o.o.b.p.a.PullFromAggregateTracker - Pull Formulário da Vigilancia Comunitaria - Skipping submission 64 of 258: already downloaded
2025-12-30 01:48:06,812 [ForkJoinPool-3-worker-9] INFO  o.o.b.p.a.PullFromAggregateTracker - Pull Formulário da Vigilancia Comunitaria - Skipping submission 83 of 1299: already downloaded
2025-12-30 01:48:06,814 [ForkJoinPool-3-worker-13] INFO  o.o.b.p.a.PullFromAggregateTracker - Pull Formulário da Vigilancia Comunitaria - Skipping submission 84 of 1299: already downloaded
2025-12-30 01:48:06,821 [ForkJoinPool-3-worker-15] INFO  o.o.b.p.a.PullFromAggregateTracker - Pull Formulário da Vigilancia Hospitalar - Skipping submission 57 of 1156: already downloaded
2025-12-30 01:48:06,831 [ForkJoinPool-3-worker-13] INFO  o.o.b.p.a.PullFromAggregateTracker - Pull Formulário da Vigilancia Comunitaria - Skipping submission 86 of 1299: already downloaded
2025-12-30 01:48:06,844 [ForkJoinPool-3-worker-11] INFO  o.o.b.p.a.PullFromAggregateTracker - Pull Formulário da Vigilancia Hospitalar - Skipping submission 55 of 601: already downloaded
2025-12-30 01:48:06,844 [ForkJoinPool-3-worker-8] INFO  o.o.b.p.a.PullFromAggregateTracker - Pull VIGILÂNCIA  AMBIENTAL - Skipping submission 101 of 218: already downloaded
2025-12-30 01:48:06,857 [ForkJoinPool-3-worker-6] INFO  o.o.b.p.a.PullFromAggregateTracker - Pull Resultados de testagem das vigilâncias - Submission 3 of 15 downloaded
2025-12-30 01:48:06,850 [ForkJoinPool-3-worker-3] INFO  o.o.b.p.a.PullFromAggregateTracker - Pull Formulário da Vigilancia Hospitalar - Skipping submission 58 of 250: already downloaded
2025-12-30 01:48:06,857 [ForkJoinPool-3-worker-4] INFO  o.o.b.p.a.PullFromAggregateTracker - Pull VIGILÂNCIA  AMBIENTAL - Skipping submission 100 of 218: already downloaded
2025-12-30 01:48:06,850 [ForkJoinPool-3-worker-10] INFO  o.o.b.p.a.PullFromAggregateTracker - Pull Formulário da Vigilancia Hospitalar - Laboratório - Skipping submission 54 of 642: already downloaded
2025-12-30 01:48:06,863 [ForkJoinPool-3-worker-1] INFO  o.o.b.p.a.PullFromAggregateTracker - Pull Formulário da Vigilancia Comunitaria - Skipping submission 65 of 258: already downloaded
2025-12-30 01:48:06,869 [ForkJoinPool-3-worker-11] INFO  o.o.b.p.a.PullFromAggregateTracker - Pull Formulário da Vigilancia Hospitalar - Skipping submission 56 of 601: already downloaded
2025-12-30 01:48:06,983 [ForkJoinPool-3-worker-10] INFO  o.o.b.p.a.PullFromAggregateTracker - Pull Formulário da Vigilancia Hospitalar - Laboratório - Skipping submission 55 of 642: already downloaded
2025-12-30 01:48:06,989 [ForkJoinPool-3-worker-3] INFO  o.o.b.p.a.PullFromAggregateTracker - Pull Formulário da Vigilancia Hospitalar - Skipping submission 59 of 250: already downloaded
2025-12-30 01:48:06,992 [ForkJoinPool-3-worker-1] INFO  o.o.b.p.a.PullFromAggregateTracker - Pull Formulário da Vigilancia Comunitaria - Skipping submission 66 of 258: already downloaded
2025-12-30 01:48:07,029 [ForkJoinPool-3-worker-15] INFO  o.o.b.p.a.PullFromAggregateTracker - Pull Formulário da Vigilancia Hospitalar - Skipping submission 58 of 1156: already downloaded
2025-12-30 01:48:07,047 [ForkJoinPool-3-worker-1] INFO  o.o.b.p.a.PullFromAggregateTracker - Pull Formulário da Vigilancia Comunitaria - Skipping submission 67 of 258: already downloaded
2025-12-30 01:48:07,048 [ForkJoinPool-3-worker-10] INFO  o.o.b.p.a.PullFromAggregateTracker - Pull Formulário da Vigilancia Hospitalar - Laboratório - Skipping submission 56 of 642: already downloaded
2025-12-30 01:48:07,049 [ForkJoinPool-3-worker-3] INFO  o.o.b.p.a.PullFromAggregateTracker - Pull Formulário da Vigilancia Hospitalar - Skipping submission 60 of 250: already downloaded
2025-12-30 01:48:07,063 [ForkJoinPool-3-worker-9] INFO  o.o.b.p.a.PullFromAggregateTracker - Pull Formulário da Vigilancia Comunitaria - Skipping submission 85 of 1299: already downloaded
2025-12-30 01:48:07,083 [ForkJoinPool-3-worker-13] INFO  o.o.b.p.a.PullFromAggregateTracker - Pull Formulário da Vigilancia Comunitaria - Skipping submission 87 of 1299: already downloaded
2025-12-30 01:48:07,079 [ForkJoinPool-3-worker-8] INFO  o.o.b.p.a.PullFromAggregateTracker - Pull VIGILÂNCIA  AMBIENTAL - Skipping submission 102 of 218: already downloaded
2025-12-30 01:48:07,071 [ForkJoinPool-3-worker-6] INFO  o.o.b.p.a.PullFromAggregateTracker - Pull Resultados de testagem das vigilâncias - Start downloading submission 4 of 15
2025-12-30 01:48:07,078 [ForkJoinPool-3-worker-15] INFO  o.o.b.p.a.PullFromAggregateTracker - Pull Formulário da Vigilancia Hospitalar - Skipping submission 59 of 1156: already downloaded
2025-12-30 01:48:07,076 [ForkJoinPool-3-worker-1] INFO  o.o.b.p.a.PullFromAggregateTracker - Pull Formulário da Vigilancia Comunitaria - Skipping submission 68 of 258: already downloaded
2025-12-30 01:48:07,094 [ForkJoinPool-3-worker-11] INFO  o.o.b.p.a.PullFromAggregateTracker - Pull Formulário da Vigilancia Hospitalar - Skipping submission 57 of 601: already downloaded
2025-12-30 01:48:07,089 [ForkJoinPool-3-worker-10] INFO  o.o.b.p.a.PullFromAggregateTracker - Pull Formulário da Vigilancia Hospitalar - Laboratório - Skipping submission 57 of 642: already downloaded
2025-12-30 01:48:07,099 [ForkJoinPool-3-worker-9] INFO  o.o.b.p.a.PullFromAggregateTracker - Pull Formulário da Vigilancia Comunitaria - Skipping submission 88 of 1299: already downloaded
2025-12-30 01:48:07,089 [ForkJoinPool-3-worker-4] INFO  o.o.b.p.a.PullFromAggregateTracker - Pull VIGILÂNCIA  AMBIENTAL - Skipping submission 103 of 218: already downloaded
2025-12-30 01:48:07,123 [ForkJoinPool-3-worker-4] INFO  o.o.b.p.a.PullFromAggregateTracker - Pull VIGILÂNCIA  AMBIENTAL - Skipping submission 105 of 218: already downloaded
2025-12-30 01:48:07,120 [ForkJoinPool-3-worker-3] INFO  o.o.b.p.a.PullFromAggregateTracker - Pull Formulário da Vigilancia Hospitalar - Skipping submission 61 of 250: already downloaded
2025-12-30 01:48:07,118 [ForkJoinPool-3-worker-8] INFO  o.o.b.p.a.PullFromAggregateTracker - Pull VIGILÂNCIA  AMBIENTAL - Skipping submission 104 of 218: already downloaded
2025-12-30 01:48:07,166 [ForkJoinPool-3-worker-1] INFO  o.o.b.p.a.PullFromAggregateTracker - Pull Formulário da Vigilancia Comunitaria - Skipping submission 69 of 258: already downloaded
2025-12-30 01:48:07,174 [ForkJoinPool-3-worker-15] INFO  o.o.b.p.a.PullFromAggregateTracker - Pull Formulário da Vigilancia Hospitalar - Skipping submission 60 of 1156: already downloaded
2025-12-30 01:48:07,182 [ForkJoinPool-3-worker-11] INFO  o.o.b.p.a.PullFromAggregateTracker - Pull Formulário da Vigilancia Hospitalar - Skipping submission 58 of 601: already downloaded
2025-12-30 01:48:07,189 [ForkJoinPool-3-worker-15] INFO  o.o.b.p.a.PullFromAggregateTracker - Pull Formulário da Vigilancia Hospitalar - Skipping submission 61 of 1156: already downloaded
2025-12-30 01:48:07,196 [ForkJoinPool-3-worker-2] INFO  o.o.b.p.a.PullFromAggregateTracker - Pull Formulário da Vigilancia Hospitalar - Laboratório - Submission 4 of 74 downloaded
2025-12-30 01:48:07,196 [ForkJoinPool-3-worker-13] INFO  o.o.b.p.a.PullFromAggregateTracker - Pull Formulário da Vigilancia Comunitaria - Skipping submission 89 of 1299: already downloaded
2025-12-30 01:48:07,198 [ForkJoinPool-3-worker-15] INFO  o.o.b.p.a.PullFromAggregateTracker - Pull Formulário da Vigilancia Hospitalar - Skipping submission 62 of 1156: already downloaded
2025-12-30 01:48:07,204 [ForkJoinPool-3-worker-15] INFO  o.o.b.p.a.PullFromAggregateTracker - Pull Formulário da Vigilancia Hospitalar - Skipping submission 63 of 1156: already downloaded
2025-12-30 01:48:07,198 [ForkJoinPool-3-worker-9] INFO  o.o.b.p.a.PullFromAggregateTracker - Pull Formulário da Vigilancia Comunitaria - Skipping submission 90 of 1299: already downloaded
2025-12-30 01:48:07,206 [ForkJoinPool-3-worker-13] INFO  o.o.b.p.a.PullFromAggregateTracker - Pull Formulário da Vigilancia Comunitaria - Skipping submission 91 of 1299: already downloaded
2025-12-30 01:48:07,212 [ForkJoinPool-3-worker-4] INFO  o.o.b.p.a.PullFromAggregateTracker - Pull VIGILÂNCIA  AMBIENTAL - Skipping submission 106 of 218: already downloaded
2025-12-30 01:48:07,213 [ForkJoinPool-3-worker-2] INFO  o.o.b.p.a.PullFromAggregateTracker - Pull Formulário da Vigilancia Hospitalar - Laboratório - Start downloading submission 5 of 74
2025-12-30 01:48:07,213 [ForkJoinPool-3-worker-3] INFO  o.o.b.p.a.PullFromAggregateTracker - Pull Formulário da Vigilancia Hospitalar - Skipping submission 62 of 250: already downloaded
2025-12-30 01:48:07,215 [ForkJoinPool-3-worker-3] INFO  o.o.b.p.a.PullFromAggregateTracker - Pull Formulário da Vigilancia Hospitalar - Start downloading submission 63 of 250
2025-12-30 01:48:07,220 [ForkJoinPool-3-worker-4] INFO  o.o.b.p.a.PullFromAggregateTracker - Pull VIGILÂNCIA  AMBIENTAL - Skipping submission 108 of 218: already downloaded
2025-12-30 01:48:07,228 [ForkJoinPool-3-worker-1] INFO  o.o.b.p.a.PullFromAggregateTracker - Pull Formulário da Vigilancia Comunitaria - Skipping submission 70 of 258: already downloaded
2025-12-30 01:48:07,230 [ForkJoinPool-3-worker-8] INFO  o.o.b.p.a.PullFromAggregateTracker - Pull VIGILÂNCIA  AMBIENTAL - Skipping submission 107 of 218: already downloaded
2025-12-30 01:48:07,237 [ForkJoinPool-3-worker-11] INFO  o.o.b.p.a.PullFromAggregateTracker - Pull Formulário da Vigilancia Hospitalar - Skipping submission 59 of 601: already downloaded
2025-12-30 01:48:07,241 [ForkJoinPool-3-worker-10] INFO  o.o.b.p.a.PullFromAggregateTracker - Pull Formulário da Vigilancia Hospitalar - Laboratório - Skipping submission 58 of 642: already downloaded
2025-12-30 01:48:07,244 [ForkJoinPool-3-worker-1] INFO  o.o.b.p.a.PullFromAggregateTracker - Pull Formulário da Vigilancia Comunitaria - Skipping submission 71 of 258: already downloaded
2025-12-30 01:48:07,248 [ForkJoinPool-3-worker-4] INFO  o.o.b.p.a.PullFromAggregateTracker - Pull VIGILÂNCIA  AMBIENTAL - Skipping submission 109 of 218: already downloaded
2025-12-30 01:48:07,250 [ForkJoinPool-3-worker-13] INFO  o.o.b.p.a.PullFromAggregateTracker - Pull Formulário da Vigilancia Comunitaria - Skipping submission 93 of 1299: already downloaded
2025-12-30 01:48:07,252 [ForkJoinPool-3-worker-4] INFO  o.o.b.p.a.PullFromAggregateTracker - Pull VIGILÂNCIA  AMBIENTAL - Skipping submission 111 of 218: already downloaded
2025-12-30 01:48:07,252 [ForkJoinPool-3-worker-9] INFO  o.o.b.p.a.PullFromAggregateTracker - Pull Formulário da Vigilancia Comunitaria - Skipping submission 92 of 1299: already downloaded
2025-12-30 01:48:07,252 [ForkJoinPool-3-worker-13] INFO  o.o.b.p.a.PullFromAggregateTracker - Pull Formulário da Vigilancia Comunitaria - Skipping submission 94 of 1299: already downloaded
2025-12-30 01:48:07,253 [ForkJoinPool-3-worker-15] INFO  o.o.b.p.a.PullFromAggregateTracker - Pull Formulário da Vigilancia Hospitalar - Skipping submission 64 of 1156: already downloaded
2025-12-30 01:48:07,254 [ForkJoinPool-3-worker-15] INFO  o.o.b.p.a.PullFromAggregateTracker - Pull Formulário da Vigilancia Hospitalar - Skipping submission 65 of 1156: already downloaded
2025-12-30 01:48:07,254 [ForkJoinPool-3-worker-10] INFO  o.o.b.p.a.PullFromAggregateTracker - Pull Formulário da Vigilancia Hospitalar - Laboratório - Skipping submission 59 of 642: already downloaded
2025-12-30 01:48:07,256 [ForkJoinPool-3-worker-10] INFO  o.o.b.p.a.PullFromAggregateTracker - Pull Formulário da Vigilancia Hospitalar - Laboratório - Skipping submission 60 of 642: already downloaded
2025-12-30 01:48:07,261 [ForkJoinPool-3-worker-8] INFO  o.o.b.p.a.PullFromAggregateTracker - Pull VIGILÂNCIA  AMBIENTAL - Skipping submission 110 of 218: already downloaded
2025-12-30 01:48:07,261 [ForkJoinPool-3-worker-4] INFO  o.o.b.p.a.PullFromAggregateTracker - Pull VIGILÂNCIA  AMBIENTAL - Skipping submission 112 of 218: already downloaded
2025-12-30 01:48:07,264 [ForkJoinPool-3-worker-13] INFO  o.o.b.p.a.PullFromAggregateTracker - Pull Formulário da Vigilancia Comunitaria - Skipping submission 96 of 1299: already downloaded
2025-12-30 01:48:07,264 [ForkJoinPool-3-worker-15] INFO  o.o.b.p.a.PullFromAggregateTracker - Pull Formulário da Vigilancia Hospitalar - Skipping submission 66 of 1156: already downloaded
2025-12-30 01:48:07,274 [ForkJoinPool-3-worker-10] INFO  o.o.b.p.a.PullFromAggregateTracker - Pull Formulário da Vigilancia Hospitalar - Laboratório - Skipping submission 61 of 642: already downloaded
2025-12-30 01:48:07,367 [ForkJoinPool-3-worker-1] INFO  o.o.b.p.a.PullFromAggregateTracker - Pull Formulário da Vigilancia Comunitaria - Skipping submission 72 of 258: already downloaded
2025-12-30 01:48:07,377 [ForkJoinPool-3-worker-11] INFO  o.o.b.p.a.PullFromAggregateTracker - Pull Formulário da Vigilancia Hospitalar - Skipping submission 60 of 601: already downloaded
2025-12-30 01:48:07,447 [ForkJoinPool-3-worker-15] INFO  o.o.b.p.a.PullFromAggregateTracker - Pull Formulário da Vigilancia Hospitalar - Skipping submission 67 of 1156: already downloaded
2025-12-30 01:48:07,462 [ForkJoinPool-3-worker-8] INFO  o.o.b.p.a.PullFromAggregateTracker - Pull VIGILÂNCIA  AMBIENTAL - Skipping submission 113 of 218: already downloaded
2025-12-30 01:48:07,464 [ForkJoinPool-3-worker-4] INFO  o.o.b.p.a.PullFromAggregateTracker - Pull VIGILÂNCIA  AMBIENTAL - Skipping submission 114 of 218: already downloaded
2025-12-30 01:48:07,498 [ForkJoinPool-3-worker-9] INFO  o.o.b.p.a.PullFromAggregateTracker - Pull Formulário da Vigilancia Comunitaria - Skipping submission 95 of 1299: already downloaded
2025-12-30 01:48:07,507 [ForkJoinPool-3-worker-13] INFO  o.o.b.p.a.PullFromAggregateTracker - Pull Formulário da Vigilancia Comunitaria - Skipping submission 97 of 1299: already downloaded
2025-12-30 01:48:07,521 [ForkJoinPool-3-worker-11] INFO  o.o.b.p.a.PullFromAggregateTracker - Pull Formulário da Vigilancia Hospitalar - Skipping submission 61 of 601: already downloaded
2025-12-30 01:48:07,544 [ForkJoinPool-3-worker-10] INFO  o.o.b.p.a.PullFromAggregateTracker - Pull Formulário da Vigilancia Hospitalar - Laboratório - Skipping submission 62 of 642: already downloaded
2025-12-30 01:48:07,544 [ForkJoinPool-3-worker-4] INFO  o.o.b.p.a.PullFromAggregateTracker - Pull VIGILÂNCIA  AMBIENTAL - Skipping submission 116 of 218: already downloaded
2025-12-30 01:48:07,546 [ForkJoinPool-3-worker-9] INFO  o.o.b.p.a.PullFromAggregateTracker - Pull Formulário da Vigilancia Comunitaria - Skipping submission 98 of 1299: already downloaded
2025-12-30 01:48:07,523 [ForkJoinPool-3-worker-8] INFO  o.o.b.p.a.PullFromAggregateTracker - Pull VIGILÂNCIA  AMBIENTAL - Skipping submission 115 of 218: already downloaded
2025-12-30 01:48:07,547 [ForkJoinPool-3-worker-11] INFO  o.o.b.p.a.PullFromAggregateTracker - Pull Formulário da Vigilancia Hospitalar - Skipping submission 62 of 601: already downloaded
2025-12-30 01:48:07,554 [ForkJoinPool-3-worker-1] INFO  o.o.b.p.a.PullFromAggregateTracker - Pull Formulário da Vigilancia Comunitaria - Skipping submission 73 of 258: already downloaded
2025-12-30 01:48:07,562 [ForkJoinPool-3-worker-4] INFO  o.o.b.p.a.PullFromAggregateTracker - Pull VIGILÂNCIA  AMBIENTAL - Skipping submission 117 of 218: already downloaded
2025-12-30 01:48:07,562 [ForkJoinPool-3-worker-9] INFO  o.o.b.p.a.PullFromAggregateTracker - Pull Formulário da Vigilancia Comunitaria - Skipping submission 100 of 1299: already downloaded
2025-12-30 01:48:07,562 [ForkJoinPool-3-worker-13] INFO  o.o.b.p.a.PullFromAggregateTracker - Pull Formulário da Vigilancia Comunitaria - Skipping submission 99 of 1299: already downloaded
2025-12-30 01:48:07,562 [ForkJoinPool-3-worker-8] INFO  o.o.b.p.a.PullFromAggregateTracker - Pull VIGILÂNCIA  AMBIENTAL - Skipping submission 118 of 218: already downloaded
2025-12-30 01:48:07,590 [ForkJoinPool-3-worker-11] INFO  o.o.b.p.a.PullFromAggregateTracker - Pull Formulário da Vigilancia Hospitalar - Skipping submission 63 of 601: already downloaded
2025-12-30 01:48:07,611 [ForkJoinPool-3-worker-15] INFO  o.o.b.p.a.PullFromAggregateTracker - Pull Formulário da Vigilancia Hospitalar - Skipping submission 68 of 1156: already downloaded
2025-12-30 01:48:07,591 [ForkJoinPool-3-worker-8] INFO  o.o.b.p.a.PullFromAggregateTracker - Pull VIGILÂNCIA  AMBIENTAL - Skipping submission 119 of 218: already downloaded
2025-12-30 01:48:07,596 [ForkJoinPool-3-worker-4] INFO  o.o.b.p.a.PullFromAggregateTracker - Pull VIGILÂNCIA  AMBIENTAL - Skipping submission 120 of 218: already downloaded
2025-12-30 01:48:07,629 [ForkJoinPool-3-worker-8] INFO  o.o.b.p.a.PullFromAggregateTracker - Pull VIGILÂNCIA  AMBIENTAL - Skipping submission 121 of 218: already downloaded
2025-12-30 01:48:07,638 [ForkJoinPool-3-worker-4] INFO  o.o.b.p.a.PullFromAggregateTracker - Pull VIGILÂNCIA  AMBIENTAL - Skipping submission 122 of 218: already downloaded
2025-12-30 01:48:07,638 [ForkJoinPool-3-worker-10] INFO  o.o.b.p.a.PullFromAggregateTracker - Pull Formulário da Vigilancia Hospitalar - Laboratório - Skipping submission 63 of 642: already downloaded
2025-12-30 01:48:07,643 [ForkJoinPool-3-worker-10] INFO  o.o.b.p.a.PullFromAggregateTracker - Pull Formulário da Vigilancia Hospitalar - Laboratório - Skipping submission 64 of 642: already downloaded
2025-12-30 01:48:07,638 [ForkJoinPool-3-worker-8] INFO  o.o.b.p.a.PullFromAggregateTracker - Pull VIGILÂNCIA  AMBIENTAL - Skipping submission 123 of 218: already downloaded
2025-12-30 01:48:07,645 [ForkJoinPool-3-worker-13] INFO  o.o.b.p.a.PullFromAggregateTracker - Pull Formulário da Vigilancia Comunitaria - Skipping submission 101 of 1299: already downloaded
2025-12-30 01:48:07,647 [ForkJoinPool-3-worker-9] INFO  o.o.b.p.a.PullFromAggregateTracker - Pull Formulário da Vigilancia Comunitaria - Skipping submission 102 of 1299: already downloaded
2025-12-30 01:48:07,647 [ForkJoinPool-3-worker-1] INFO  o.o.b.p.a.PullFromAggregateTracker - Pull Formulário da Vigilancia Comunitaria - Skipping submission 74 of 258: already downloaded
2025-12-30 01:48:07,656 [ForkJoinPool-3-worker-13] INFO  o.o.b.p.a.PullFromAggregateTracker - Pull Formulário da Vigilancia Comunitaria - Skipping submission 103 of 1299: already downloaded
2025-12-30 01:48:07,654 [ForkJoinPool-3-worker-2] INFO  o.o.b.p.a.PullFromAggregateTracker - Pull Formulário da Vigilancia Hospitalar - Laboratório - Submission 5 of 74 downloaded
2025-12-30 01:48:07,654 [ForkJoinPool-3-worker-1] INFO  o.o.b.p.a.PullFromAggregateTracker - Pull Formulário da Vigilancia Comunitaria - Skipping submission 75 of 258: already downloaded
2025-12-30 01:48:07,668 [ForkJoinPool-3-worker-11] INFO  o.o.b.p.a.PullFromAggregateTracker - Pull Formulário da Vigilancia Hospitalar - Skipping submission 64 of 601: already downloaded
2025-12-30 01:48:07,668 [ForkJoinPool-3-worker-15] INFO  o.o.b.p.a.PullFromAggregateTracker - Pull Formulário da Vigilancia Hospitalar - Skipping submission 69 of 1156: already downloaded
2025-12-30 01:48:07,674 [ForkJoinPool-3-worker-4] INFO  o.o.b.p.a.PullFromAggregateTracker - Pull VIGILÂNCIA  AMBIENTAL - Skipping submission 124 of 218: already downloaded
2025-12-30 01:48:07,676 [ForkJoinPool-3-worker-8] INFO  o.o.b.p.a.PullFromAggregateTracker - Pull VIGILÂNCIA  AMBIENTAL - Skipping submission 125 of 218: already downloaded
2025-12-30 01:48:07,681 [ForkJoinPool-3-worker-4] INFO  o.o.b.p.a.PullFromAggregateTracker - Pull VIGILÂNCIA  AMBIENTAL - Skipping submission 126 of 218: already downloaded
2025-12-30 01:48:07,679 [ForkJoinPool-3-worker-2] INFO  o.o.b.p.a.PullFromAggregateTracker - Pull Formulário da Vigilancia Hospitalar - Laboratório - Start downloading submission 6 of 74
2025-12-30 01:48:07,683 [ForkJoinPool-3-worker-8] INFO  o.o.b.p.a.PullFromAggregateTracker - Pull VIGILÂNCIA  AMBIENTAL - Skipping submission 127 of 218: already downloaded
2025-12-30 01:48:07,681 [ForkJoinPool-3-worker-10] INFO  o.o.b.p.a.PullFromAggregateTracker - Pull Formulário da Vigilancia Hospitalar - Laboratório - Skipping submission 65 of 642: already downloaded
2025-12-30 01:48:07,686 [ForkJoinPool-3-worker-1] INFO  o.o.b.p.a.PullFromAggregateTracker - Pull Formulário da Vigilancia Comunitaria - Skipping submission 76 of 258: already downloaded
2025-12-30 01:48:07,683 [ForkJoinPool-3-worker-6] INFO  o.o.b.p.a.PullFromAggregateTracker - Pull Resultados de testagem das vigilâncias - Submission 4 of 15 downloaded
2025-12-30 01:48:07,727 [ForkJoinPool-3-worker-9] INFO  o.o.b.p.a.PullFromAggregateTracker - Pull Formulário da Vigilancia Comunitaria - Skipping submission 104 of 1299: already downloaded
2025-12-30 01:48:07,750 [ForkJoinPool-3-worker-9] INFO  o.o.b.p.a.PullFromAggregateTracker - Pull Formulário da Vigilancia Comunitaria - Skipping submission 106 of 1299: already downloaded
2025-12-30 01:48:07,724 [ForkJoinPool-3-worker-1] INFO  o.o.b.p.a.PullFromAggregateTracker - Pull Formulário da Vigilancia Comunitaria - Skipping submission 77 of 258: already downloaded
2025-12-30 01:48:07,752 [ForkJoinPool-3-worker-13] INFO  o.o.b.p.a.PullFromAggregateTracker - Pull Formulário da Vigilancia Comunitaria - Skipping submission 105 of 1299: already downloaded
2025-12-30 01:48:07,752 [ForkJoinPool-3-worker-10] INFO  o.o.b.p.a.PullFromAggregateTracker - Pull Formulário da Vigilancia Hospitalar - Laboratório - Skipping submission 66 of 642: already downloaded
2025-12-30 01:48:07,754 [ForkJoinPool-3-worker-1] INFO  o.o.b.p.a.PullFromAggregateTracker - Pull Formulário da Vigilancia Comunitaria - Skipping submission 78 of 258: already downloaded
2025-12-30 01:48:07,759 [ForkJoinPool-3-worker-4] INFO  o.o.b.p.a.PullFromAggregateTracker - Pull VIGILÂNCIA  AMBIENTAL - Skipping submission 128 of 218: already downloaded
2025-12-30 01:48:07,759 [ForkJoinPool-3-worker-11] INFO  o.o.b.p.a.PullFromAggregateTracker - Pull Formulário da Vigilancia Hospitalar - Skipping submission 65 of 601: already downloaded
2025-12-30 01:48:07,754 [ForkJoinPool-3-worker-6] INFO  o.o.b.p.a.PullFromAggregateTracker - Pull Resultados de testagem das vigilâncias - Start downloading submission 5 of 15
2025-12-30 01:48:07,768 [ForkJoinPool-3-worker-3] INFO  o.o.b.p.a.PullFromAggregateTracker - Pull Formulário da Vigilancia Hospitalar - Submission 63 of 250 downloaded
2025-12-30 01:48:07,771 [ForkJoinPool-3-worker-11] INFO  o.o.b.p.a.PullFromAggregateTracker - Pull Formulário da Vigilancia Hospitalar - Skipping submission 66 of 601: already downloaded
2025-12-30 01:48:07,781 [ForkJoinPool-3-worker-15] INFO  o.o.b.p.a.PullFromAggregateTracker - Pull Formulário da Vigilancia Hospitalar - Skipping submission 70 of 1156: already downloaded
2025-12-30 01:48:07,802 [ForkJoinPool-3-worker-1] INFO  o.o.b.p.a.PullFromAggregateTracker - Pull Formulário da Vigilancia Comunitaria - Skipping submission 79 of 258: already downloaded
2025-12-30 01:48:07,804 [ForkJoinPool-3-worker-8] INFO  o.o.b.p.a.PullFromAggregateTracker - Pull VIGILÂNCIA  AMBIENTAL - Skipping submission 129 of 218: already downloaded
2025-12-30 01:48:07,804 [ForkJoinPool-3-worker-3] INFO  o.o.b.p.a.PullFromAggregateTracker - Pull Formulário da Vigilancia Hospitalar - Start downloading submission 64 of 250
2025-12-30 01:48:07,806 [ForkJoinPool-3-worker-8] INFO  o.o.b.p.a.PullFromAggregateTracker - Pull VIGILÂNCIA  AMBIENTAL - Skipping submission 131 of 218: already downloaded
2025-12-30 01:48:07,806 [ForkJoinPool-3-worker-9] INFO  o.o.b.p.a.PullFromAggregateTracker - Pull Formulário da Vigilancia Comunitaria - Skipping submission 107 of 1299: already downloaded
2025-12-30 01:48:07,808 [ForkJoinPool-3-worker-13] INFO  o.o.b.p.a.PullFromAggregateTracker - Pull Formulário da Vigilancia Comunitaria - Skipping submission 108 of 1299: already downloaded
2025-12-30 01:48:07,808 [ForkJoinPool-3-worker-10] INFO  o.o.b.p.a.PullFromAggregateTracker - Pull Formulário da Vigilancia Hospitalar - Laboratório - Skipping submission 67 of 642: already downloaded
2025-12-30 01:48:07,817 [ForkJoinPool-3-worker-11] INFO  o.o.b.p.a.PullFromAggregateTracker - Pull Formulário da Vigilancia Hospitalar - Skipping submission 67 of 601: already downloaded
2025-12-30 01:48:07,817 [ForkJoinPool-3-worker-15] INFO  o.o.b.p.a.PullFromAggregateTracker - Pull Formulário da Vigilancia Hospitalar - Skipping submission 71 of 1156: already downloaded
2025-12-30 01:48:07,819 [ForkJoinPool-3-worker-4] INFO  o.o.b.p.a.PullFromAggregateTracker - Pull VIGILÂNCIA  AMBIENTAL - Skipping submission 130 of 218: already downloaded
2025-12-30 01:48:07,819 [ForkJoinPool-3-worker-1] INFO  o.o.b.p.a.PullFromAggregateTracker - Pull Formulário da Vigilancia Comunitaria - Skipping submission 80 of 258: already downloaded
2025-12-30 01:48:07,827 [ForkJoinPool-3-worker-9] INFO  o.o.b.p.a.PullFromAggregateTracker - Pull Formulário da Vigilancia Comunitaria - Skipping submission 109 of 1299: already downloaded
2025-12-30 01:48:07,830 [ForkJoinPool-3-worker-11] INFO  o.o.b.p.a.PullFromAggregateTracker - Pull Formulário da Vigilancia Hospitalar - Skipping submission 68 of 601: already downloaded
2025-12-30 01:48:07,829 [ForkJoinPool-3-worker-10] INFO  o.o.b.p.a.PullFromAggregateTracker - Pull Formulário da Vigilancia Hospitalar - Laboratório - Skipping submission 68 of 642: already downloaded
2025-12-30 01:48:07,839 [ForkJoinPool-3-worker-4] INFO  o.o.b.p.a.PullFromAggregateTracker - Pull VIGILÂNCIA  AMBIENTAL - Skipping submission 133 of 218: already downloaded
2025-12-30 01:48:07,837 [ForkJoinPool-3-worker-15] INFO  o.o.b.p.a.PullFromAggregateTracker - Pull Formulário da Vigilancia Hospitalar - Skipping submission 72 of 1156: already downloaded
2025-12-30 01:48:07,837 [ForkJoinPool-3-worker-8] INFO  o.o.b.p.a.PullFromAggregateTracker - Pull VIGILÂNCIA  AMBIENTAL - Skipping submission 132 of 218: already downloaded
2025-12-30 01:48:07,830 [ForkJoinPool-3-worker-1] INFO  o.o.b.p.a.PullFromAggregateTracker - Pull Formulário da Vigilancia Comunitaria - Start downloading submission 81 of 258
2025-12-30 01:48:07,852 [ForkJoinPool-3-worker-9] INFO  o.o.b.p.a.PullFromAggregateTracker - Pull Formulário da Vigilancia Comunitaria - Skipping submission 111 of 1299: already downloaded
2025-12-30 01:48:07,830 [ForkJoinPool-3-worker-13] INFO  o.o.b.p.a.PullFromAggregateTracker - Pull Formulário da Vigilancia Comunitaria - Skipping submission 110 of 1299: already downloaded
2025-12-30 01:48:07,852 [ForkJoinPool-3-worker-4] INFO  o.o.b.p.a.PullFromAggregateTracker - Pull VIGILÂNCIA  AMBIENTAL - Skipping submission 134 of 218: already downloaded
2025-12-30 01:48:07,864 [ForkJoinPool-3-worker-15] INFO  o.o.b.p.a.PullFromAggregateTracker - Pull Formulário da Vigilancia Hospitalar - Skipping submission 73 of 1156: already downloaded
2025-12-30 01:48:07,882 [ForkJoinPool-3-worker-11] INFO  o.o.b.p.a.PullFromAggregateTracker - Pull Formulário da Vigilancia Hospitalar - Skipping submission 69 of 601: already downloaded
2025-12-30 01:48:07,865 [ForkJoinPool-3-worker-8] INFO  o.o.b.p.a.PullFromAggregateTracker - Pull VIGILÂNCIA  AMBIENTAL - Skipping submission 135 of 218: already downloaded
2025-12-30 01:48:07,886 [ForkJoinPool-3-worker-10] INFO  o.o.b.p.a.PullFromAggregateTracker - Pull Formulário da Vigilancia Hospitalar - Laboratório - Skipping submission 69 of 642: already downloaded
2025-12-30 01:48:07,903 [ForkJoinPool-3-worker-10] INFO  o.o.b.p.a.PullFromAggregateTracker - Pull Formulário da Vigilancia Hospitalar - Laboratório - Skipping submission 70 of 642: already downloaded
2025-12-30 01:48:07,906 [ForkJoinPool-3-worker-9] INFO  o.o.b.p.a.PullFromAggregateTracker - Pull Formulário da Vigilancia Comunitaria - Skipping submission 112 of 1299: already downloaded
2025-12-30 01:48:07,908 [ForkJoinPool-3-worker-13] INFO  o.o.b.p.a.PullFromAggregateTracker - Pull Formulário da Vigilancia Comunitaria - Skipping submission 113 of 1299: already downloaded
2025-12-30 01:48:07,911 [ForkJoinPool-3-worker-4] INFO  o.o.b.p.a.PullFromAggregateTracker - Pull VIGILÂNCIA  AMBIENTAL - Skipping submission 137 of 218: already downloaded
2025-12-30 01:48:07,911 [ForkJoinPool-3-worker-8] INFO  o.o.b.p.a.PullFromAggregateTracker - Pull VIGILÂNCIA  AMBIENTAL - Skipping submission 136 of 218: already downloaded
2025-12-30 01:48:07,921 [ForkJoinPool-3-worker-9] INFO  o.o.b.p.a.PullFromAggregateTracker - Pull Formulário da Vigilancia Comunitaria - Skipping submission 114 of 1299: already downloaded
2025-12-30 01:48:07,922 [ForkJoinPool-3-worker-13] INFO  o.o.b.p.a.PullFromAggregateTracker - Pull Formulário da Vigilancia Comunitaria - Skipping submission 115 of 1299: already downloaded
2025-12-30 01:48:07,930 [ForkJoinPool-3-worker-8] INFO  o.o.b.p.a.PullFromAggregateTracker - Pull VIGILÂNCIA  AMBIENTAL - Skipping submission 139 of 218: already downloaded
2025-12-30 01:48:07,933 [ForkJoinPool-3-worker-15] INFO  o.o.b.p.a.PullFromAggregateTracker - Pull Formulário da Vigilancia Hospitalar - Skipping submission 74 of 1156: already downloaded
2025-12-30 01:48:07,937 [ForkJoinPool-3-worker-15] INFO  o.o.b.p.a.PullFromAggregateTracker - Pull Formulário da Vigilancia Hospitalar - Skipping submission 75 of 1156: already downloaded
2025-12-30 01:48:07,922 [ForkJoinPool-3-worker-4] INFO  o.o.b.p.a.PullFromAggregateTracker - Pull VIGILÂNCIA  AMBIENTAL - Skipping submission 138 of 218: already downloaded
2025-12-30 01:48:07,937 [ForkJoinPool-3-worker-9] INFO  o.o.b.p.a.PullFromAggregateTracker - Pull Formulário da Vigilancia Comunitaria - Skipping submission 116 of 1299: already downloaded
2025-12-30 01:48:07,945 [ForkJoinPool-3-worker-8] INFO  o.o.b.p.a.PullFromAggregateTracker - Pull VIGILÂNCIA  AMBIENTAL - Skipping submission 140 of 218: already downloaded
2025-12-30 01:48:07,935 [ForkJoinPool-3-worker-13] INFO  o.o.b.p.a.PullFromAggregateTracker - Pull Formulário da Vigilancia Comunitaria - Skipping submission 117 of 1299: already downloaded
2025-12-30 01:48:07,952 [ForkJoinPool-3-worker-15] INFO  o.o.b.p.a.PullFromAggregateTracker - Pull Formulário da Vigilancia Hospitalar - Skipping submission 76 of 1156: already downloaded
2025-12-30 01:48:07,952 [ForkJoinPool-3-worker-4] INFO  o.o.b.p.a.PullFromAggregateTracker - Pull VIGILÂNCIA  AMBIENTAL - Skipping submission 142 of 218: already downloaded
2025-12-30 01:48:07,949 [ForkJoinPool-3-worker-8] INFO  o.o.b.p.a.PullFromAggregateTracker - Pull VIGILÂNCIA  AMBIENTAL - Skipping submission 141 of 218: already downloaded
2025-12-30 01:48:07,964 [ForkJoinPool-3-worker-11] INFO  o.o.b.p.a.PullFromAggregateTracker - Pull Formulário da Vigilancia Hospitalar - Skipping submission 70 of 601: already downloaded
2025-12-30 01:48:07,964 [ForkJoinPool-3-worker-15] INFO  o.o.b.p.a.PullFromAggregateTracker - Pull Formulário da Vigilancia Hospitalar - Skipping submission 77 of 1156: already downloaded
2025-12-30 01:48:07,966 [ForkJoinPool-3-worker-10] INFO  o.o.b.p.a.PullFromAggregateTracker - Pull Formulário da Vigilancia Hospitalar - Laboratório - Skipping submission 71 of 642: already downloaded
2025-12-30 01:48:07,969 [ForkJoinPool-3-worker-10] INFO  o.o.b.p.a.PullFromAggregateTracker - Pull Formulário da Vigilancia Hospitalar - Laboratório - Skipping submission 72 of 642: already downloaded
2025-12-30 01:48:07,975 [ForkJoinPool-3-worker-15] INFO  o.o.b.p.a.PullFromAggregateTracker - Pull Formulário da Vigilancia Hospitalar - Skipping submission 78 of 1156: already downloaded
2025-12-30 01:48:07,977 [ForkJoinPool-3-worker-11] INFO  o.o.b.p.a.PullFromAggregateTracker - Pull Formulário da Vigilancia Hospitalar - Skipping submission 71 of 601: already downloaded
2025-12-30 01:48:07,990 [ForkJoinPool-3-worker-11] INFO  o.o.b.p.a.PullFromAggregateTracker - Pull Formulário da Vigilancia Hospitalar - Skipping submission 72 of 601: already downloaded
2025-12-30 01:48:07,990 [ForkJoinPool-3-worker-15] INFO  o.o.b.p.a.PullFromAggregateTracker - Pull Formulário da Vigilancia Hospitalar - Skipping submission 79 of 1156: already downloaded
2025-12-30 01:48:07,996 [ForkJoinPool-3-worker-9] INFO  o.o.b.p.a.PullFromAggregateTracker - Pull Formulário da Vigilancia Comunitaria - Skipping submission 118 of 1299: already downloaded
2025-12-30 01:48:07,997 [ForkJoinPool-3-worker-13] INFO  o.o.b.p.a.PullFromAggregateTracker - Pull Formulário da Vigilancia Comunitaria - Skipping submission 119 of 1299: already downloaded
2025-12-30 01:48:07,999 [ForkJoinPool-3-worker-4] INFO  o.o.b.p.a.PullFromAggregateTracker - Pull VIGILÂNCIA  AMBIENTAL - Skipping submission 143 of 218: already downloaded
2025-12-30 01:48:08,000 [ForkJoinPool-3-worker-4] INFO  o.o.b.p.a.PullFromAggregateTracker - Pull VIGILÂNCIA  AMBIENTAL - Skipping submission 145 of 218: already downloaded
2025-12-30 01:48:08,133 [ForkJoinPool-3-worker-10] INFO  o.o.b.p.a.PullFromAggregateTracker - Pull Formulário da Vigilancia Hospitalar - Laboratório - Skipping submission 73 of 642: already downloaded
2025-12-30 01:48:08,137 [ForkJoinPool-3-worker-15] INFO  o.o.b.p.a.PullFromAggregateTracker - Pull Formulário da Vigilancia Hospitalar - Skipping submission 80 of 1156: already downloaded
2025-12-30 01:48:08,137 [ForkJoinPool-3-worker-9] INFO  o.o.b.p.a.PullFromAggregateTracker - Pull Formulário da Vigilancia Comunitaria - Skipping submission 120 of 1299: already downloaded
2025-12-30 01:48:08,140 [ForkJoinPool-3-worker-8] INFO  o.o.b.p.a.PullFromAggregateTracker - Pull VIGILÂNCIA  AMBIENTAL - Skipping submission 144 of 218: already downloaded
2025-12-30 01:48:08,197 [ForkJoinPool-3-worker-13] INFO  o.o.b.p.a.PullFromAggregateTracker - Pull Formulário da Vigilancia Comunitaria - Skipping submission 121 of 1299: already downloaded
2025-12-30 01:48:08,197 [ForkJoinPool-3-worker-9] INFO  o.o.b.p.a.PullFromAggregateTracker - Pull Formulário da Vigilancia Comunitaria - Skipping submission 122 of 1299: already downloaded
2025-12-30 01:48:08,197 [ForkJoinPool-3-worker-11] INFO  o.o.b.p.a.PullFromAggregateTracker - Pull Formulário da Vigilancia Hospitalar - Skipping submission 73 of 601: already downloaded
2025-12-30 01:48:08,143 [ForkJoinPool-3-worker-4] INFO  o.o.b.p.a.PullFromAggregateTracker - Pull VIGILÂNCIA  AMBIENTAL - Skipping submission 146 of 218: already downloaded
2025-12-30 01:48:08,348 [ForkJoinPool-3-worker-8] INFO  o.o.b.p.a.PullFromAggregateTracker - Pull VIGILÂNCIA  AMBIENTAL - Skipping submission 147 of 218: already downloaded
2025-12-30 01:48:08,439 [ForkJoinPool-3-worker-10] INFO  o.o.b.p.a.PullFromAggregateTracker - Pull Formulário da Vigilancia Hospitalar - Laboratório - Skipping submission 74 of 642: already downloaded
2025-12-30 01:48:08,451 [ForkJoinPool-3-worker-4] INFO  o.o.b.p.a.PullFromAggregateTracker - Pull VIGILÂNCIA  AMBIENTAL - Skipping submission 148 of 218: already downloaded
2025-12-30 01:48:08,439 [ForkJoinPool-3-worker-11] INFO  o.o.b.p.a.PullFromAggregateTracker - Pull Formulário da Vigilancia Hospitalar - Skipping submission 74 of 601: already downloaded
2025-12-30 01:48:08,607 [ForkJoinPool-3-worker-13] INFO  o.o.b.p.a.PullFromAggregateTracker - Pull Formulário da Vigilancia Comunitaria - Skipping submission 123 of 1299: already downloaded
2025-12-30 01:48:08,611 [ForkJoinPool-3-worker-9] INFO  o.o.b.p.a.PullFromAggregateTracker - Pull Formulário da Vigilancia Comunitaria - Skipping submission 124 of 1299: already downloaded
2025-12-30 01:48:08,348 [ForkJoinPool-3-worker-15] INFO  o.o.b.p.a.PullFromAggregateTracker - Pull Formulário da Vigilancia Hospitalar - Skipping submission 81 of 1156: already downloaded
2025-12-30 01:48:08,669 [ForkJoinPool-3-worker-10] INFO  o.o.b.p.a.PullFromAggregateTracker - Pull Formulário da Vigilancia Hospitalar - Laboratório - Skipping submission 75 of 642: already downloaded
2025-12-30 01:48:08,677 [ForkJoinPool-3-worker-11] INFO  o.o.b.p.a.PullFromAggregateTracker - Pull Formulário da Vigilancia Hospitalar - Skipping submission 75 of 601: already downloaded
2025-12-30 01:48:08,736 [ForkJoinPool-3-worker-15] INFO  o.o.b.p.a.PullFromAggregateTracker - Pull Formulário da Vigilancia Hospitalar - Skipping submission 82 of 1156: already downloaded
2025-12-30 01:48:08,737 [ForkJoinPool-3-worker-10] INFO  o.o.b.p.a.PullFromAggregateTracker - Pull Formulário da Vigilancia Hospitalar - Laboratório - Skipping submission 76 of 642: already downloaded
2025-12-30 01:48:08,873 [ForkJoinPool-3-worker-11] INFO  o.o.b.p.a.PullFromAggregateTracker - Pull Formulário da Vigilancia Hospitalar - Skipping submission 76 of 601: already downloaded
2025-12-30 01:48:08,873 [ForkJoinPool-3-worker-2] INFO  o.o.b.p.a.PullFromAggregateTracker - Pull Formulário da Vigilancia Hospitalar - Laboratório - Submission 6 of 74 downloaded
2025-12-30 01:48:08,874 [ForkJoinPool-3-worker-15] INFO  o.o.b.p.a.PullFromAggregateTracker - Pull Formulário da Vigilancia Hospitalar - Skipping submission 83 of 1156: already downloaded
2025-12-30 01:48:08,883 [ForkJoinPool-3-worker-4] INFO  o.o.b.p.a.PullFromAggregateTracker - Pull VIGILÂNCIA  AMBIENTAL - Skipping submission 149 of 218: already downloaded
2025-12-30 01:48:08,885 [ForkJoinPool-3-worker-8] INFO  o.o.b.p.a.PullFromAggregateTracker - Pull VIGILÂNCIA  AMBIENTAL - Skipping submission 150 of 218: already downloaded
2025-12-30 01:48:08,899 [ForkJoinPool-3-worker-13] INFO  o.o.b.p.a.PullFromAggregateTracker - Pull Formulário da Vigilancia Comunitaria - Skipping submission 125 of 1299: already downloaded
2025-12-30 01:48:08,931 [ForkJoinPool-3-worker-9] INFO  o.o.b.p.a.PullFromAggregateTracker - Pull Formulário da Vigilancia Comunitaria - Skipping submission 126 of 1299: already downloaded
2025-12-30 01:48:08,919 [ForkJoinPool-3-worker-4] INFO  o.o.b.p.a.PullFromAggregateTracker - Pull VIGILÂNCIA  AMBIENTAL - Skipping submission 151 of 218: already downloaded
2025-12-30 01:48:08,922 [ForkJoinPool-3-worker-10] INFO  o.o.b.p.a.PullFromAggregateTracker - Pull Formulário da Vigilancia Hospitalar - Laboratório - Skipping submission 77 of 642: already downloaded
2025-12-30 01:48:08,926 [ForkJoinPool-3-worker-8] INFO  o.o.b.p.a.PullFromAggregateTracker - Pull VIGILÂNCIA  AMBIENTAL - Skipping submission 152 of 218: already downloaded
2025-12-30 01:48:09,015 [ForkJoinPool-3-worker-13] INFO  o.o.b.p.a.PullFromAggregateTracker - Pull Formulário da Vigilancia Comunitaria - Skipping submission 127 of 1299: already downloaded
2025-12-30 01:48:08,980 [ForkJoinPool-3-worker-2] INFO  o.o.b.p.a.PullFromAggregateTracker - Pull Formulário da Vigilancia Hospitalar - Laboratório - Start downloading submission 7 of 74
2025-12-30 01:48:09,036 [ForkJoinPool-3-worker-10] INFO  o.o.b.p.a.PullFromAggregateTracker - Pull Formulário da Vigilancia Hospitalar - Laboratório - Skipping submission 78 of 642: already downloaded
2025-12-30 01:48:09,052 [ForkJoinPool-3-worker-9] INFO  o.o.b.p.a.PullFromAggregateTracker - Pull Formulário da Vigilancia Comunitaria - Skipping submission 128 of 1299: already downloaded
2025-12-30 01:48:09,062 [ForkJoinPool-3-worker-8] INFO  o.o.b.p.a.PullFromAggregateTracker - Pull VIGILÂNCIA  AMBIENTAL - Skipping submission 153 of 218: already downloaded
2025-12-30 01:48:09,139 [ForkJoinPool-3-worker-13] INFO  o.o.b.p.a.PullFromAggregateTracker - Pull Formulário da Vigilancia Comunitaria - Skipping submission 129 of 1299: already downloaded
2025-12-30 01:48:09,165 [ForkJoinPool-3-worker-1] INFO  o.o.b.p.a.PullFromAggregateTracker - Pull Formulário da Vigilancia Comunitaria - Submission 81 of 258 downloaded
2025-12-30 01:48:09,155 [ForkJoinPool-3-worker-11] INFO  o.o.b.p.a.PullFromAggregateTracker - Pull Formulário da Vigilancia Hospitalar - Skipping submission 77 of 601: already downloaded
2025-12-30 01:48:09,155 [ForkJoinPool-3-worker-15] INFO  o.o.b.p.a.PullFromAggregateTracker - Pull Formulário da Vigilancia Hospitalar - Skipping submission 84 of 1156: already downloaded
2025-12-30 01:48:09,139 [ForkJoinPool-3-worker-9] INFO  o.o.b.p.a.PullFromAggregateTracker - Pull Formulário da Vigilancia Comunitaria - Skipping submission 130 of 1299: already downloaded
2025-12-30 01:48:09,178 [ForkJoinPool-3-worker-4] INFO  o.o.b.p.a.PullFromAggregateTracker - Pull VIGILÂNCIA  AMBIENTAL - Skipping submission 154 of 218: already downloaded
2025-12-30 01:48:09,183 [ForkJoinPool-3-worker-6] INFO  o.o.b.p.a.PullFromAggregateTracker - Pull Resultados de testagem das vigilâncias - Submission 5 of 15 downloaded
2025-12-30 01:48:09,180 [ForkJoinPool-3-worker-8] INFO  o.o.b.p.a.PullFromAggregateTracker - Pull VIGILÂNCIA  AMBIENTAL - Skipping submission 155 of 218: already downloaded
2025-12-30 01:48:09,180 [ForkJoinPool-3-worker-10] INFO  o.o.b.p.a.PullFromAggregateTracker - Pull Formulário da Vigilancia Hospitalar - Laboratório - Skipping submission 79 of 642: already downloaded
2025-12-30 01:48:09,211 [ForkJoinPool-3-worker-8] INFO  o.o.b.p.a.PullFromAggregateTracker - Pull VIGILÂNCIA  AMBIENTAL - Skipping submission 156 of 218: already downloaded
2025-12-30 01:48:09,215 [ForkJoinPool-3-worker-4] INFO  o.o.b.p.a.PullFromAggregateTracker - Pull VIGILÂNCIA  AMBIENTAL - Skipping submission 157 of 218: already downloaded
2025-12-30 01:48:09,215 [ForkJoinPool-3-worker-10] INFO  o.o.b.p.a.PullFromAggregateTracker - Pull Formulário da Vigilancia Hospitalar - Laboratório - Skipping submission 80 of 642: already downloaded
2025-12-30 01:48:09,237 [ForkJoinPool-3-worker-11] INFO  o.o.b.p.a.PullFromAggregateTracker - Pull Formulário da Vigilancia Hospitalar - Skipping submission 78 of 601: already downloaded
2025-12-30 01:48:09,247 [ForkJoinPool-3-worker-9] INFO  o.o.b.p.a.PullFromAggregateTracker - Pull Formulário da Vigilancia Comunitaria - Skipping submission 132 of 1299: already downloaded
2025-12-30 01:48:09,246 [ForkJoinPool-3-worker-13] INFO  o.o.b.p.a.PullFromAggregateTracker - Pull Formulário da Vigilancia Comunitaria - Skipping submission 131 of 1299: already downloaded
2025-12-30 01:48:09,241 [ForkJoinPool-3-worker-6] INFO  o.o.b.p.a.PullFromAggregateTracker - Pull Resultados de testagem das vigilâncias - Start downloading submission 6 of 15
2025-12-30 01:48:09,239 [ForkJoinPool-3-worker-15] INFO  o.o.b.p.a.PullFromAggregateTracker - Pull Formulário da Vigilancia Hospitalar - Skipping submission 85 of 1156: already downloaded
2025-12-30 01:48:09,235 [ForkJoinPool-3-worker-3] INFO  o.o.b.p.a.PullFromAggregateTracker - Pull Formulário da Vigilancia Hospitalar - Submission 64 of 250 downloaded
2025-12-30 01:48:09,280 [ForkJoinPool-3-worker-11] INFO  o.o.b.p.a.PullFromAggregateTracker - Pull Formulário da Vigilancia Hospitalar - Skipping submission 79 of 601: already downloaded
2025-12-30 01:48:09,294 [ForkJoinPool-3-worker-10] INFO  o.o.b.p.a.PullFromAggregateTracker - Pull Formulário da Vigilancia Hospitalar - Laboratório - Skipping submission 81 of 642: already downloaded
2025-12-30 01:48:09,312 [ForkJoinPool-3-worker-15] INFO  o.o.b.p.a.PullFromAggregateTracker - Pull Formulário da Vigilancia Hospitalar - Skipping submission 86 of 1156: already downloaded
2025-12-30 01:48:09,319 [ForkJoinPool-3-worker-4] INFO  o.o.b.p.a.PullFromAggregateTracker - Pull VIGILÂNCIA  AMBIENTAL - Skipping submission 159 of 218: already downloaded
2025-12-30 01:48:09,271 [ForkJoinPool-3-worker-8] INFO  o.o.b.p.a.PullFromAggregateTracker - Pull VIGILÂNCIA  AMBIENTAL - Skipping submission 158 of 218: already downloaded
2025-12-30 01:48:09,340 [ForkJoinPool-3-worker-9] INFO  o.o.b.p.a.PullFromAggregateTracker - Pull Formulário da Vigilancia Comunitaria - Skipping submission 133 of 1299: already downloaded
2025-12-30 01:48:09,387 [ForkJoinPool-3-worker-8] INFO  o.o.b.p.a.PullFromAggregateTracker - Pull VIGILÂNCIA  AMBIENTAL - Skipping submission 161 of 218: already downloaded
2025-12-30 01:48:09,380 [ForkJoinPool-3-worker-15] INFO  o.o.b.p.a.PullFromAggregateTracker - Pull Formulário da Vigilancia Hospitalar - Skipping submission 87 of 1156: already downloaded
2025-12-30 01:48:09,386 [ForkJoinPool-3-worker-4] INFO  o.o.b.p.a.PullFromAggregateTracker - Pull VIGILÂNCIA  AMBIENTAL - Skipping submission 160 of 218: already downloaded
2025-12-30 01:48:09,385 [ForkJoinPool-3-worker-10] INFO  o.o.b.p.a.PullFromAggregateTracker - Pull Formulário da Vigilancia Hospitalar - Laboratório - Skipping submission 82 of 642: already downloaded
2025-12-30 01:48:09,414 [ForkJoinPool-3-worker-15] INFO  o.o.b.p.a.PullFromAggregateTracker - Pull Formulário da Vigilancia Hospitalar - Skipping submission 88 of 1156: already downloaded
2025-12-30 01:48:09,383 [ForkJoinPool-3-worker-3] INFO  o.o.b.p.a.PullFromAggregateTracker - Pull Formulário da Vigilancia Hospitalar - Start downloading submission 65 of 250
2025-12-30 01:48:09,405 [ForkJoinPool-3-worker-9] INFO  o.o.b.p.a.PullFromAggregateTracker - Pull Formulário da Vigilancia Comunitaria - Skipping submission 135 of 1299: already downloaded
2025-12-30 01:48:09,399 [ForkJoinPool-3-worker-13] INFO  o.o.b.p.a.PullFromAggregateTracker - Pull Formulário da Vigilancia Comunitaria - Skipping submission 134 of 1299: already downloaded
2025-12-30 01:48:09,429 [ForkJoinPool-3-worker-1] INFO  o.o.b.p.a.PullFromAggregateTracker - Pull Formulário da Vigilancia Comunitaria - Start downloading submission 82 of 258
2025-12-30 01:48:09,416 [ForkJoinPool-3-worker-11] INFO  o.o.b.p.a.PullFromAggregateTracker - Pull Formulário da Vigilancia Hospitalar - Skipping submission 80 of 601: already downloaded
2025-12-30 01:48:09,461 [ForkJoinPool-3-worker-8] INFO  o.o.b.p.a.PullFromAggregateTracker - Pull VIGILÂNCIA  AMBIENTAL - Skipping submission 162 of 218: already downloaded
2025-12-30 01:48:09,446 [ForkJoinPool-3-worker-9] INFO  o.o.b.p.a.PullFromAggregateTracker - Pull Formulário da Vigilancia Comunitaria - Skipping submission 136 of 1299: already downloaded
2025-12-30 01:48:09,521 [ForkJoinPool-3-worker-13] INFO  o.o.b.p.a.PullFromAggregateTracker - Pull Formulário da Vigilancia Comunitaria - Skipping submission 137 of 1299: already downloaded
2025-12-30 01:48:09,446 [ForkJoinPool-3-worker-10] INFO  o.o.b.p.a.PullFromAggregateTracker - Pull Formulário da Vigilancia Hospitalar - Laboratório - Skipping submission 83 of 642: already downloaded
2025-12-30 01:48:09,512 [ForkJoinPool-3-worker-15] INFO  o.o.b.p.a.PullFromAggregateTracker - Pull Formulário da Vigilancia Hospitalar - Skipping submission 89 of 1156: already downloaded
2025-12-30 01:48:09,480 [ForkJoinPool-3-worker-4] INFO  o.o.b.p.a.PullFromAggregateTracker - Pull VIGILÂNCIA  AMBIENTAL - Skipping submission 163 of 218: already downloaded
2025-12-30 01:48:09,526 [ForkJoinPool-3-worker-11] INFO  o.o.b.p.a.PullFromAggregateTracker - Pull Formulário da Vigilancia Hospitalar - Skipping submission 81 of 601: already downloaded
2025-12-30 01:48:09,530 [ForkJoinPool-3-worker-8] INFO  o.o.b.p.a.PullFromAggregateTracker - Pull VIGILÂNCIA  AMBIENTAL - Skipping submission 164 of 218: already downloaded
2025-12-30 01:48:09,543 [ForkJoinPool-3-worker-9] INFO  o.o.b.p.a.PullFromAggregateTracker - Pull Formulário da Vigilancia Comunitaria - Skipping submission 138 of 1299: already downloaded
2025-12-30 01:48:09,557 [ForkJoinPool-3-worker-10] INFO  o.o.b.p.a.PullFromAggregateTracker - Pull Formulário da Vigilancia Hospitalar - Laboratório - Skipping submission 84 of 642: already downloaded
2025-12-30 01:48:09,560 [ForkJoinPool-3-worker-11] INFO  o.o.b.p.a.PullFromAggregateTracker - Pull Formulário da Vigilancia Hospitalar - Skipping submission 82 of 601: already downloaded
2025-12-30 01:48:09,562 [ForkJoinPool-3-worker-4] INFO  o.o.b.p.a.PullFromAggregateTracker - Pull VIGILÂNCIA  AMBIENTAL - Skipping submission 165 of 218: already downloaded
2025-12-30 01:48:09,564 [ForkJoinPool-3-worker-15] INFO  o.o.b.p.a.PullFromAggregateTracker - Pull Formulário da Vigilancia Hospitalar - Skipping submission 90 of 1156: already downloaded
2025-12-30 01:48:09,566 [ForkJoinPool-3-worker-13] INFO  o.o.b.p.a.PullFromAggregateTracker - Pull Formulário da Vigilancia Comunitaria - Skipping submission 139 of 1299: already downloaded
2025-12-30 01:48:09,574 [ForkJoinPool-3-worker-4] INFO  o.o.b.p.a.PullFromAggregateTracker - Pull VIGILÂNCIA  AMBIENTAL - Skipping submission 167 of 218: already downloaded
2025-12-30 01:48:09,579 [ForkJoinPool-3-worker-8] INFO  o.o.b.p.a.PullFromAggregateTracker - Pull VIGILÂNCIA  AMBIENTAL - Skipping submission 166 of 218: already downloaded
2025-12-30 01:48:09,579 [ForkJoinPool-3-worker-8] INFO  o.o.b.p.a.PullFromAggregateTracker - Pull VIGILÂNCIA  AMBIENTAL - Skipping submission 169 of 218: already downloaded
2025-12-30 01:48:09,581 [ForkJoinPool-3-worker-11] INFO  o.o.b.p.a.PullFromAggregateTracker - Pull Formulário da Vigilancia Hospitalar - Skipping submission 83 of 601: already downloaded
2025-12-30 01:48:09,581 [ForkJoinPool-3-worker-10] INFO  o.o.b.p.a.PullFromAggregateTracker - Pull Formulário da Vigilancia Hospitalar - Laboratório - Skipping submission 85 of 642: already downloaded
2025-12-30 01:48:09,568 [ForkJoinPool-3-worker-9] INFO  o.o.b.p.a.PullFromAggregateTracker - Pull Formulário da Vigilancia Comunitaria - Skipping submission 140 of 1299: already downloaded
2025-12-30 01:48:09,592 [ForkJoinPool-3-worker-15] INFO  o.o.b.p.a.PullFromAggregateTracker - Pull Formulário da Vigilancia Hospitalar - Skipping submission 91 of 1156: already downloaded
2025-12-30 01:48:09,593 [ForkJoinPool-3-worker-4] INFO  o.o.b.p.a.PullFromAggregateTracker - Pull VIGILÂNCIA  AMBIENTAL - Skipping submission 168 of 218: already downloaded
2025-12-30 01:48:09,593 [ForkJoinPool-3-worker-11] INFO  o.o.b.p.a.PullFromAggregateTracker - Pull Formulário da Vigilancia Hospitalar - Skipping submission 84 of 601: already downloaded
2025-12-30 01:48:09,596 [ForkJoinPool-3-worker-13] INFO  o.o.b.p.a.PullFromAggregateTracker - Pull Formulário da Vigilancia Comunitaria - Skipping submission 141 of 1299: already downloaded
2025-12-30 01:48:09,600 [ForkJoinPool-3-worker-8] INFO  o.o.b.p.a.PullFromAggregateTracker - Pull VIGILÂNCIA  AMBIENTAL - Skipping submission 170 of 218: already downloaded
2025-12-30 01:48:09,607 [ForkJoinPool-3-worker-9] INFO  o.o.b.p.a.PullFromAggregateTracker - Pull Formulário da Vigilancia Comunitaria - Skipping submission 142 of 1299: already downloaded
2025-12-30 01:48:09,611 [ForkJoinPool-3-worker-4] INFO  o.o.b.p.a.PullFromAggregateTracker - Pull VIGILÂNCIA  AMBIENTAL - Skipping submission 171 of 218: already downloaded
2025-12-30 01:48:09,619 [ForkJoinPool-3-worker-8] INFO  o.o.b.p.a.PullFromAggregateTracker - Pull VIGILÂNCIA  AMBIENTAL - Skipping submission 172 of 218: already downloaded
2025-12-30 01:48:09,619 [ForkJoinPool-3-worker-11] INFO  o.o.b.p.a.PullFromAggregateTracker - Pull Formulário da Vigilancia Hospitalar - Skipping submission 85 of 601: already downloaded
2025-12-30 01:48:09,620 [ForkJoinPool-3-worker-4] INFO  o.o.b.p.a.PullFromAggregateTracker - Pull VIGILÂNCIA  AMBIENTAL - Skipping submission 173 of 218: already downloaded
2025-12-30 01:48:09,609 [ForkJoinPool-3-worker-15] INFO  o.o.b.p.a.PullFromAggregateTracker - Pull Formulário da Vigilancia Hospitalar - Skipping submission 92 of 1156: already downloaded
2025-12-30 01:48:09,624 [ForkJoinPool-3-worker-2] INFO  o.o.b.p.a.PullFromAggregateTracker - Pull Formulário da Vigilancia Hospitalar - Laboratório - Submission 7 of 74 downloaded
2025-12-30 01:48:09,627 [ForkJoinPool-3-worker-11] INFO  o.o.b.p.a.PullFromAggregateTracker - Pull Formulário da Vigilancia Hospitalar - Skipping submission 86 of 601: already downloaded
2025-12-30 01:48:09,631 [ForkJoinPool-3-worker-10] INFO  o.o.b.p.a.PullFromAggregateTracker - Pull Formulário da Vigilancia Hospitalar - Laboratório - Skipping submission 86 of 642: already downloaded
2025-12-30 01:48:09,632 [ForkJoinPool-3-worker-13] INFO  o.o.b.p.a.PullFromAggregateTracker - Pull Formulário da Vigilancia Comunitaria - Skipping submission 143 of 1299: already downloaded
2025-12-30 01:48:09,637 [ForkJoinPool-3-worker-4] INFO  o.o.b.p.a.PullFromAggregateTracker - Pull VIGILÂNCIA  AMBIENTAL - Skipping submission 174 of 218: already downloaded
2025-12-30 01:48:09,638 [ForkJoinPool-3-worker-9] INFO  o.o.b.p.a.PullFromAggregateTracker - Pull Formulário da Vigilancia Comunitaria - Skipping submission 144 of 1299: already downloaded
2025-12-30 01:48:09,666 [ForkJoinPool-3-worker-8] INFO  o.o.b.p.a.PullFromAggregateTracker - Pull VIGILÂNCIA  AMBIENTAL - Skipping submission 175 of 218: already downloaded
2025-12-30 01:48:09,666 [ForkJoinPool-3-worker-11] INFO  o.o.b.p.a.PullFromAggregateTracker - Pull Formulário da Vigilancia Hospitalar - Skipping submission 87 of 601: already downloaded
2025-12-30 01:48:09,670 [ForkJoinPool-3-worker-15] INFO  o.o.b.p.a.PullFromAggregateTracker - Pull Formulário da Vigilancia Hospitalar - Skipping submission 93 of 1156: already downloaded
2025-12-30 01:48:09,665 [ForkJoinPool-3-worker-13] INFO  o.o.b.p.a.PullFromAggregateTracker - Pull Formulário da Vigilancia Comunitaria - Skipping submission 145 of 1299: already downloaded
2025-12-30 01:48:09,672 [ForkJoinPool-3-worker-2] INFO  o.o.b.p.a.PullFromAggregateTracker - Pull Formulário da Vigilancia Hospitalar - Laboratório - Start downloading submission 8 of 74
2025-12-30 01:48:09,681 [ForkJoinPool-3-worker-15] INFO  o.o.b.p.a.PullFromAggregateTracker - Pull Formulário da Vigilancia Hospitalar - Skipping submission 94 of 1156: already downloaded
2025-12-30 01:48:09,685 [ForkJoinPool-3-worker-11] INFO  o.o.b.p.a.PullFromAggregateTracker - Pull Formulário da Vigilancia Hospitalar - Skipping submission 88 of 601: already downloaded
2025-12-30 01:48:09,686 [ForkJoinPool-3-worker-10] INFO  o.o.b.p.a.PullFromAggregateTracker - Pull Formulário da Vigilancia Hospitalar - Laboratório - Skipping submission 87 of 642: already downloaded
2025-12-30 01:48:09,712 [ForkJoinPool-3-worker-4] INFO  o.o.b.p.a.PullFromAggregateTracker - Pull VIGILÂNCIA  AMBIENTAL - Skipping submission 176 of 218: already downloaded
2025-12-30 01:48:09,726 [ForkJoinPool-3-worker-8] INFO  o.o.b.p.a.PullFromAggregateTracker - Pull VIGILÂNCIA  AMBIENTAL - Skipping submission 177 of 218: already downloaded
2025-12-30 01:48:09,727 [ForkJoinPool-3-worker-9] INFO  o.o.b.p.a.PullFromAggregateTracker - Pull Formulário da Vigilancia Comunitaria - Skipping submission 146 of 1299: already downloaded
2025-12-30 01:48:09,727 [ForkJoinPool-3-worker-13] INFO  o.o.b.p.a.PullFromAggregateTracker - Pull Formulário da Vigilancia Comunitaria - Skipping submission 147 of 1299: already downloaded
2025-12-30 01:48:09,734 [ForkJoinPool-3-worker-15] INFO  o.o.b.p.a.PullFromAggregateTracker - Pull Formulário da Vigilancia Hospitalar - Skipping submission 95 of 1156: already downloaded
2025-12-30 01:48:09,738 [ForkJoinPool-3-worker-4] INFO  o.o.b.p.a.PullFromAggregateTracker - Pull VIGILÂNCIA  AMBIENTAL - Skipping submission 178 of 218: already downloaded
2025-12-30 01:48:09,744 [ForkJoinPool-3-worker-4] INFO  o.o.b.p.a.PullFromAggregateTracker - Pull VIGILÂNCIA  AMBIENTAL - Skipping submission 180 of 218: already downloaded
2025-12-30 01:48:09,780 [ForkJoinPool-3-worker-8] INFO  o.o.b.p.a.PullFromAggregateTracker - Pull VIGILÂNCIA  AMBIENTAL - Skipping submission 179 of 218: already downloaded
2025-12-30 01:48:09,776 [ForkJoinPool-3-worker-10] INFO  o.o.b.p.a.PullFromAggregateTracker - Pull Formulário da Vigilancia Hospitalar - Laboratório - Skipping submission 88 of 642: already downloaded
2025-12-30 01:48:09,738 [ForkJoinPool-3-worker-15] INFO  o.o.b.p.a.PullFromAggregateTracker - Pull Formulário da Vigilancia Hospitalar - Skipping submission 96 of 1156: already downloaded
2025-12-30 01:48:09,773 [ForkJoinPool-3-worker-11] INFO  o.o.b.p.a.PullFromAggregateTracker - Pull Formulário da Vigilancia Hospitalar - Skipping submission 89 of 601: already downloaded
2025-12-30 01:48:09,818 [ForkJoinPool-3-worker-13] INFO  o.o.b.p.a.PullFromAggregateTracker - Pull Formulário da Vigilancia Comunitaria - Skipping submission 149 of 1299: already downloaded
2025-12-30 01:48:09,818 [ForkJoinPool-3-worker-11] INFO  o.o.b.p.a.PullFromAggregateTracker - Pull Formulário da Vigilancia Hospitalar - Skipping submission 90 of 601: already downloaded
2025-12-30 01:48:09,771 [ForkJoinPool-3-worker-9] INFO  o.o.b.p.a.PullFromAggregateTracker - Pull Formulário da Vigilancia Comunitaria - Skipping submission 148 of 1299: already downloaded
2025-12-30 01:48:09,821 [ForkJoinPool-3-worker-8] INFO  o.o.b.p.a.PullFromAggregateTracker - Pull VIGILÂNCIA  AMBIENTAL - Skipping submission 181 of 218: already downloaded
2025-12-30 01:48:09,862 [ForkJoinPool-3-worker-10] INFO  o.o.b.p.a.PullFromAggregateTracker - Pull Formulário da Vigilancia Hospitalar - Laboratório - Skipping submission 89 of 642: already downloaded
2025-12-30 01:48:09,818 [ForkJoinPool-3-worker-15] INFO  o.o.b.p.a.PullFromAggregateTracker - Pull Formulário da Vigilancia Hospitalar - Skipping submission 97 of 1156: already downloaded
2025-12-30 01:48:09,866 [ForkJoinPool-3-worker-15] INFO  o.o.b.p.a.PullFromAggregateTracker - Pull Formulário da Vigilancia Hospitalar - Skipping submission 98 of 1156: already downloaded
2025-12-30 01:48:09,877 [ForkJoinPool-3-worker-11] INFO  o.o.b.p.a.PullFromAggregateTracker - Pull Formulário da Vigilancia Hospitalar - Skipping submission 91 of 601: already downloaded
2025-12-30 01:48:09,897 [ForkJoinPool-3-worker-9] INFO  o.o.b.p.a.PullFromAggregateTracker - Pull Formulário da Vigilancia Comunitaria - Skipping submission 151 of 1299: already downloaded
2025-12-30 01:48:09,877 [ForkJoinPool-3-worker-13] INFO  o.o.b.p.a.PullFromAggregateTracker - Pull Formulário da Vigilancia Comunitaria - Skipping submission 150 of 1299: already downloaded
2025-12-30 01:48:09,901 [ForkJoinPool-3-worker-10] INFO  o.o.b.p.a.PullFromAggregateTracker - Pull Formulário da Vigilancia Hospitalar - Laboratório - Skipping submission 90 of 642: already downloaded
2025-12-30 01:48:09,903 [ForkJoinPool-3-worker-15] INFO  o.o.b.p.a.PullFromAggregateTracker - Pull Formulário da Vigilancia Hospitalar - Skipping submission 99 of 1156: already downloaded
2025-12-30 01:48:09,877 [ForkJoinPool-3-worker-8] INFO  o.o.b.p.a.PullFromAggregateTracker - Pull VIGILÂNCIA  AMBIENTAL - Skipping submission 183 of 218: already downloaded
2025-12-30 01:48:09,875 [ForkJoinPool-3-worker-4] INFO  o.o.b.p.a.PullFromAggregateTracker - Pull VIGILÂNCIA  AMBIENTAL - Skipping submission 182 of 218: already downloaded
2025-12-30 01:48:09,906 [ForkJoinPool-3-worker-8] INFO  o.o.b.p.a.PullFromAggregateTracker - Pull VIGILÂNCIA  AMBIENTAL - Skipping submission 184 of 218: already downloaded
2025-12-30 01:48:09,906 [ForkJoinPool-3-worker-11] INFO  o.o.b.p.a.PullFromAggregateTracker - Pull Formulário da Vigilancia Hospitalar - Skipping submission 92 of 601: already downloaded
2025-12-30 01:48:09,916 [ForkJoinPool-3-worker-4] INFO  o.o.b.p.a.PullFromAggregateTracker - Pull VIGILÂNCIA  AMBIENTAL - Skipping submission 185 of 218: already downloaded
2025-12-30 01:48:09,913 [ForkJoinPool-3-worker-6] INFO  o.o.b.p.a.PullFromAggregateTracker - Pull Resultados de testagem das vigilâncias - Submission 6 of 15 downloaded
2025-12-30 01:48:09,914 [ForkJoinPool-3-worker-9] INFO  o.o.b.p.a.PullFromAggregateTracker - Pull Formulário da Vigilancia Comunitaria - Skipping submission 152 of 1299: already downloaded
2025-12-30 01:48:09,908 [ForkJoinPool-3-worker-3] INFO  o.o.b.p.a.PullFromAggregateTracker - Pull Formulário da Vigilancia Hospitalar - Submission 65 of 250 downloaded
2025-12-30 01:48:09,919 [ForkJoinPool-3-worker-4] INFO  o.o.b.p.a.PullFromAggregateTracker - Pull VIGILÂNCIA  AMBIENTAL - Skipping submission 187 of 218: already downloaded
2025-12-30 01:48:09,923 [ForkJoinPool-3-worker-13] INFO  o.o.b.p.a.PullFromAggregateTracker - Pull Formulário da Vigilancia Comunitaria - Skipping submission 153 of 1299: already downloaded
2025-12-30 01:48:09,928 [ForkJoinPool-3-worker-8] INFO  o.o.b.p.a.PullFromAggregateTracker - Pull VIGILÂNCIA  AMBIENTAL - Skipping submission 186 of 218: already downloaded
2025-12-30 01:48:09,928 [ForkJoinPool-3-worker-10] INFO  o.o.b.p.a.PullFromAggregateTracker - Pull Formulário da Vigilancia Hospitalar - Laboratório - Skipping submission 91 of 642: already downloaded
2025-12-30 01:48:09,908 [ForkJoinPool-3-worker-11] INFO  o.o.b.p.a.PullFromAggregateTracker - Pull Formulário da Vigilancia Hospitalar - Skipping submission 93 of 601: already downloaded
2025-12-30 01:48:09,908 [ForkJoinPool-3-worker-15] INFO  o.o.b.p.a.PullFromAggregateTracker - Pull Formulário da Vigilancia Hospitalar - Skipping submission 100 of 1156: already downloaded
2025-12-30 01:48:09,932 [ForkJoinPool-3-worker-3] INFO  o.o.b.p.a.PullFromAggregateTracker - Pull Formulário da Vigilancia Hospitalar - Start downloading submission 66 of 250
2025-12-30 01:48:09,932 [ForkJoinPool-3-worker-11] INFO  o.o.b.p.a.PullFromAggregateTracker - Pull Formulário da Vigilancia Hospitalar - Skipping submission 94 of 601: already downloaded
2025-12-30 01:48:09,935 [ForkJoinPool-3-worker-6] INFO  o.o.b.p.a.PullFromAggregateTracker - Pull Resultados de testagem das vigilâncias - Start downloading submission 7 of 15
2025-12-30 01:48:09,940 [ForkJoinPool-3-worker-15] INFO  o.o.b.p.a.PullFromAggregateTracker - Pull Formulário da Vigilancia Hospitalar - Skipping submission 101 of 1156: already downloaded
2025-12-30 01:48:09,938 [ForkJoinPool-3-worker-4] INFO  o.o.b.p.a.PullFromAggregateTracker - Pull VIGILÂNCIA  AMBIENTAL - Skipping submission 188 of 218: already downloaded
2025-12-30 01:48:09,930 [ForkJoinPool-3-worker-10] INFO  o.o.b.p.a.PullFromAggregateTracker - Pull Formulário da Vigilancia Hospitalar - Laboratório - Skipping submission 92 of 642: already downloaded
2025-12-30 01:48:09,938 [ForkJoinPool-3-worker-1] INFO  o.o.b.p.a.PullFromAggregateTracker - Pull Formulário da Vigilancia Comunitaria - Submission 82 of 258 downloaded
2025-12-30 01:48:09,938 [ForkJoinPool-3-worker-9] INFO  o.o.b.p.a.PullFromAggregateTracker - Pull Formulário da Vigilancia Comunitaria - Skipping submission 154 of 1299: already downloaded
2025-12-30 01:48:09,952 [ForkJoinPool-3-worker-13] INFO  o.o.b.p.a.PullFromAggregateTracker - Pull Formulário da Vigilancia Comunitaria - Skipping submission 155 of 1299: already downloaded
2025-12-30 01:48:09,954 [ForkJoinPool-3-worker-9] INFO  o.o.b.p.a.PullFromAggregateTracker - Pull Formulário da Vigilancia Comunitaria - Skipping submission 156 of 1299: already downloaded
2025-12-30 01:48:09,954 [ForkJoinPool-3-worker-13] INFO  o.o.b.p.a.PullFromAggregateTracker - Pull Formulário da Vigilancia Comunitaria - Skipping submission 157 of 1299: already downloaded
2025-12-30 01:48:09,954 [ForkJoinPool-3-worker-10] INFO  o.o.b.p.a.PullFromAggregateTracker - Pull Formulário da Vigilancia Hospitalar - Laboratório - Skipping submission 93 of 642: already downloaded
2025-12-30 01:48:09,956 [ForkJoinPool-3-worker-11] INFO  o.o.b.p.a.PullFromAggregateTracker - Pull Formulário da Vigilancia Hospitalar - Skipping submission 95 of 601: already downloaded
2025-12-30 01:48:09,958 [ForkJoinPool-3-worker-8] INFO  o.o.b.p.a.PullFromAggregateTracker - Pull VIGILÂNCIA  AMBIENTAL - Skipping submission 189 of 218: already downloaded
2025-12-30 01:48:09,960 [ForkJoinPool-3-worker-8] INFO  o.o.b.p.a.PullFromAggregateTracker - Pull VIGILÂNCIA  AMBIENTAL - Skipping submission 191 of 218: already downloaded
2025-12-30 01:48:09,988 [ForkJoinPool-3-worker-1] INFO  o.o.b.p.a.PullFromAggregateTracker - Pull Formulário da Vigilancia Comunitaria - Start downloading submission 83 of 258
2025-12-30 01:48:09,990 [ForkJoinPool-3-worker-11] INFO  o.o.b.p.a.PullFromAggregateTracker - Pull Formulário da Vigilancia Hospitalar - Skipping submission 96 of 601: already downloaded
2025-12-30 01:48:09,994 [ForkJoinPool-3-worker-9] INFO  o.o.b.p.a.PullFromAggregateTracker - Pull Formulário da Vigilancia Comunitaria - Skipping submission 158 of 1299: already downloaded
2025-12-30 01:48:09,996 [ForkJoinPool-3-worker-13] INFO  o.o.b.p.a.PullFromAggregateTracker - Pull Formulário da Vigilancia Comunitaria - Skipping submission 159 of 1299: already downloaded
2025-12-30 01:48:09,960 [ForkJoinPool-3-worker-4] INFO  o.o.b.p.a.PullFromAggregateTracker - Pull VIGILÂNCIA  AMBIENTAL - Skipping submission 190 of 218: already downloaded
2025-12-30 01:48:09,998 [ForkJoinPool-3-worker-8] INFO  o.o.b.p.a.PullFromAggregateTracker - Pull VIGILÂNCIA  AMBIENTAL - Skipping submission 192 of 218: already downloaded
2025-12-30 01:48:09,999 [ForkJoinPool-3-worker-4] INFO  o.o.b.p.a.PullFromAggregateTracker - Pull VIGILÂNCIA  AMBIENTAL - Skipping submission 193 of 218: already downloaded
2025-12-30 01:48:09,999 [ForkJoinPool-3-worker-15] INFO  o.o.b.p.a.PullFromAggregateTracker - Pull Formulário da Vigilancia Hospitalar - Skipping submission 102 of 1156: already downloaded
2025-12-30 01:48:10,002 [ForkJoinPool-3-worker-15] INFO  o.o.b.p.a.PullFromAggregateTracker - Pull Formulário da Vigilancia Hospitalar - Skipping submission 103 of 1156: already downloaded
2025-12-30 01:48:10,004 [ForkJoinPool-3-worker-11] INFO  o.o.b.p.a.PullFromAggregateTracker - Pull Formulário da Vigilancia Hospitalar - Skipping submission 97 of 601: already downloaded
2025-12-30 01:48:09,996 [ForkJoinPool-3-worker-13] INFO  o.o.b.p.a.PullFromAggregateTracker - Pull Formulário da Vigilancia Comunitaria - Skipping submission 161 of 1299: already downloaded
2025-12-30 01:48:10,004 [ForkJoinPool-3-worker-9] INFO  o.o.b.p.a.PullFromAggregateTracker - Pull Formulário da Vigilancia Comunitaria - Skipping submission 160 of 1299: already downloaded
2025-12-30 01:48:10,010 [ForkJoinPool-3-worker-4] INFO  o.o.b.p.a.PullFromAggregateTracker - Pull VIGILÂNCIA  AMBIENTAL - Skipping submission 195 of 218: already downloaded
2025-12-30 01:48:10,010 [ForkJoinPool-3-worker-10] INFO  o.o.b.p.a.PullFromAggregateTracker - Pull Formulário da Vigilancia Hospitalar - Laboratório - Skipping submission 94 of 642: already downloaded
2025-12-30 01:48:10,015 [ForkJoinPool-3-worker-13] INFO  o.o.b.p.a.PullFromAggregateTracker - Pull Formulário da Vigilancia Comunitaria - Skipping submission 162 of 1299: already downloaded
2025-12-30 01:48:10,017 [ForkJoinPool-3-worker-8] INFO  o.o.b.p.a.PullFromAggregateTracker - Pull VIGILÂNCIA  AMBIENTAL - Skipping submission 194 of 218: already downloaded
2025-12-30 01:48:10,023 [ForkJoinPool-3-worker-4] INFO  o.o.b.p.a.PullFromAggregateTracker - Pull VIGILÂNCIA  AMBIENTAL - Skipping submission 196 of 218: already downloaded
2025-12-30 01:48:10,021 [ForkJoinPool-3-worker-11] INFO  o.o.b.p.a.PullFromAggregateTracker - Pull Formulário da Vigilancia Hospitalar - Skipping submission 98 of 601: already downloaded
2025-12-30 01:48:10,023 [ForkJoinPool-3-worker-4] INFO  o.o.b.p.a.PullFromAggregateTracker - Pull VIGILÂNCIA  AMBIENTAL - Skipping submission 198 of 218: already downloaded
2025-12-30 01:48:10,021 [ForkJoinPool-3-worker-15] INFO  o.o.b.p.a.PullFromAggregateTracker - Pull Formulário da Vigilancia Hospitalar - Skipping submission 104 of 1156: already downloaded
2025-12-30 01:48:10,025 [ForkJoinPool-3-worker-13] INFO  o.o.b.p.a.PullFromAggregateTracker - Pull Formulário da Vigilancia Comunitaria - Skipping submission 164 of 1299: already downloaded
2025-12-30 01:48:10,025 [ForkJoinPool-3-worker-11] INFO  o.o.b.p.a.PullFromAggregateTracker - Pull Formulário da Vigilancia Hospitalar - Skipping submission 99 of 601: already downloaded
2025-12-30 01:48:10,025 [ForkJoinPool-3-worker-13] INFO  o.o.b.p.a.PullFromAggregateTracker - Pull Formulário da Vigilancia Comunitaria - Skipping submission 165 of 1299: already downloaded
2025-12-30 01:48:10,028 [ForkJoinPool-3-worker-15] INFO  o.o.b.p.a.PullFromAggregateTracker - Pull Formulário da Vigilancia Hospitalar - Skipping submission 105 of 1156: already downloaded
2025-12-30 01:48:10,021 [ForkJoinPool-3-worker-8] INFO  o.o.b.p.a.PullFromAggregateTracker - Pull VIGILÂNCIA  AMBIENTAL - Skipping submission 197 of 218: already downloaded
2025-12-30 01:48:10,031 [ForkJoinPool-3-worker-10] INFO  o.o.b.p.a.PullFromAggregateTracker - Pull Formulário da Vigilancia Hospitalar - Laboratório - Skipping submission 95 of 642: already downloaded
2025-12-30 01:48:10,036 [ForkJoinPool-3-worker-10] INFO  o.o.b.p.a.PullFromAggregateTracker - Pull Formulário da Vigilancia Hospitalar - Laboratório - Skipping submission 96 of 642: already downloaded
2025-12-30 01:48:10,038 [ForkJoinPool-3-worker-9] INFO  o.o.b.p.a.PullFromAggregateTracker - Pull Formulário da Vigilancia Comunitaria - Skipping submission 163 of 1299: already downloaded
2025-12-30 01:48:10,038 [ForkJoinPool-3-worker-15] INFO  o.o.b.p.a.PullFromAggregateTracker - Pull Formulário da Vigilancia Hospitalar - Skipping submission 106 of 1156: already downloaded
2025-12-30 01:48:10,038 [ForkJoinPool-3-worker-8] INFO  o.o.b.p.a.PullFromAggregateTracker - Pull VIGILÂNCIA  AMBIENTAL - Skipping submission 200 of 218: already downloaded
2025-12-30 01:48:10,036 [ForkJoinPool-3-worker-4] INFO  o.o.b.p.a.PullFromAggregateTracker - Pull VIGILÂNCIA  AMBIENTAL - Skipping submission 199 of 218: already downloaded
2025-12-30 01:48:10,039 [ForkJoinPool-3-worker-15] INFO  o.o.b.p.a.PullFromAggregateTracker - Pull Formulário da Vigilancia Hospitalar - Skipping submission 107 of 1156: already downloaded
2025-12-30 01:48:10,041 [ForkJoinPool-3-worker-11] INFO  o.o.b.p.a.PullFromAggregateTracker - Pull Formulário da Vigilancia Hospitalar - Skipping submission 100 of 601: already downloaded
2025-12-30 01:48:10,043 [ForkJoinPool-3-worker-11] INFO  o.o.b.p.a.PullFromAggregateTracker - Pull Formulário da Vigilancia Hospitalar - Skipping submission 101 of 601: already downloaded
2025-12-30 01:48:10,045 [ForkJoinPool-3-worker-13] INFO  o.o.b.p.a.PullFromAggregateTracker - Pull Formulário da Vigilancia Comunitaria - Skipping submission 166 of 1299: already downloaded
2025-12-30 01:48:10,045 [ForkJoinPool-3-worker-15] INFO  o.o.b.p.a.PullFromAggregateTracker - Pull Formulário da Vigilancia Hospitalar - Skipping submission 108 of 1156: already downloaded
2025-12-30 01:48:10,045 [ForkJoinPool-3-worker-4] INFO  o.o.b.p.a.PullFromAggregateTracker - Pull VIGILÂNCIA  AMBIENTAL - Skipping submission 202 of 218: already downloaded
2025-12-30 01:48:10,047 [ForkJoinPool-3-worker-9] INFO  o.o.b.p.a.PullFromAggregateTracker - Pull Formulário da Vigilancia Comunitaria - Skipping submission 167 of 1299: already downloaded
2025-12-30 01:48:10,047 [ForkJoinPool-3-worker-13] INFO  o.o.b.p.a.PullFromAggregateTracker - Pull Formulário da Vigilancia Comunitaria - Skipping submission 168 of 1299: already downloaded
2025-12-30 01:48:10,047 [ForkJoinPool-3-worker-8] INFO  o.o.b.p.a.PullFromAggregateTracker - Pull VIGILÂNCIA  AMBIENTAL - Skipping submission 201 of 218: already downloaded
2025-12-30 01:48:10,049 [ForkJoinPool-3-worker-15] INFO  o.o.b.p.a.PullFromAggregateTracker - Pull Formulário da Vigilancia Hospitalar - Skipping submission 109 of 1156: already downloaded
2025-12-30 01:48:10,052 [ForkJoinPool-3-worker-10] INFO  o.o.b.p.a.PullFromAggregateTracker - Pull Formulário da Vigilancia Hospitalar - Laboratório - Skipping submission 97 of 642: already downloaded
2025-12-30 01:48:10,052 [ForkJoinPool-3-worker-13] INFO  o.o.b.p.a.PullFromAggregateTracker - Pull Formulário da Vigilancia Comunitaria - Skipping submission 170 of 1299: already downloaded
2025-12-30 01:48:10,054 [ForkJoinPool-3-worker-15] INFO  o.o.b.p.a.PullFromAggregateTracker - Pull Formulário da Vigilancia Hospitalar - Skipping submission 110 of 1156: already downloaded
2025-12-30 01:48:10,054 [ForkJoinPool-3-worker-11] INFO  o.o.b.p.a.PullFromAggregateTracker - Pull Formulário da Vigilancia Hospitalar - Skipping submission 102 of 601: already downloaded
2025-12-30 01:48:10,054 [ForkJoinPool-3-worker-11] INFO  o.o.b.p.a.PullFromAggregateTracker - Pull Formulário da Vigilancia Hospitalar - Skipping submission 103 of 601: already downloaded
2025-12-30 01:48:10,058 [ForkJoinPool-3-worker-15] INFO  o.o.b.p.a.PullFromAggregateTracker - Pull Formulário da Vigilancia Hospitalar - Skipping submission 111 of 1156: already downloaded
2025-12-30 01:48:10,060 [ForkJoinPool-3-worker-13] INFO  o.o.b.p.a.PullFromAggregateTracker - Pull Formulário da Vigilancia Comunitaria - Skipping submission 171 of 1299: already downloaded
2025-12-30 01:48:10,060 [ForkJoinPool-3-worker-15] INFO  o.o.b.p.a.PullFromAggregateTracker - Pull Formulário da Vigilancia Hospitalar - Skipping submission 112 of 1156: already downloaded
2025-12-30 01:48:10,060 [ForkJoinPool-3-worker-9] INFO  o.o.b.p.a.PullFromAggregateTracker - Pull Formulário da Vigilancia Comunitaria - Skipping submission 169 of 1299: already downloaded
2025-12-30 01:48:10,062 [ForkJoinPool-3-worker-11] INFO  o.o.b.p.a.PullFromAggregateTracker - Pull Formulário da Vigilancia Hospitalar - Skipping submission 104 of 601: already downloaded
2025-12-30 01:48:10,062 [ForkJoinPool-3-worker-4] INFO  o.o.b.p.a.PullFromAggregateTracker - Pull VIGILÂNCIA  AMBIENTAL - Skipping submission 203 of 218: already downloaded
2025-12-30 01:48:10,064 [ForkJoinPool-3-worker-10] INFO  o.o.b.p.a.PullFromAggregateTracker - Pull Formulário da Vigilancia Hospitalar - Laboratório - Skipping submission 98 of 642: already downloaded
2025-12-30 01:48:10,066 [ForkJoinPool-3-worker-4] INFO  o.o.b.p.a.PullFromAggregateTracker - Pull VIGILÂNCIA  AMBIENTAL - Skipping submission 205 of 218: already downloaded
2025-12-30 01:48:10,068 [ForkJoinPool-3-worker-11] INFO  o.o.b.p.a.PullFromAggregateTracker - Pull Formulário da Vigilancia Hospitalar - Skipping submission 105 of 601: already downloaded
2025-12-30 01:48:10,074 [ForkJoinPool-3-worker-10] INFO  o.o.b.p.a.PullFromAggregateTracker - Pull Formulário da Vigilancia Hospitalar - Laboratório - Skipping submission 99 of 642: already downloaded
2025-12-30 01:48:10,074 [ForkJoinPool-3-worker-13] INFO  o.o.b.p.a.PullFromAggregateTracker - Pull Formulário da Vigilancia Comunitaria - Skipping submission 172 of 1299: already downloaded
2025-12-30 01:48:10,078 [ForkJoinPool-3-worker-9] INFO  o.o.b.p.a.PullFromAggregateTracker - Pull Formulário da Vigilancia Comunitaria - Skipping submission 173 of 1299: already downloaded
2025-12-30 01:48:10,079 [ForkJoinPool-3-worker-4] INFO  o.o.b.p.a.PullFromAggregateTracker - Pull VIGILÂNCIA  AMBIENTAL - Skipping submission 206 of 218: already downloaded
2025-12-30 01:48:10,081 [ForkJoinPool-3-worker-4] INFO  o.o.b.p.a.PullFromAggregateTracker - Pull VIGILÂNCIA  AMBIENTAL - Skipping submission 207 of 218: already downloaded
2025-12-30 01:48:10,083 [ForkJoinPool-3-worker-4] INFO  o.o.b.p.a.PullFromAggregateTracker - Pull VIGILÂNCIA  AMBIENTAL - Skipping submission 208 of 218: already downloaded
2025-12-30 01:48:10,083 [ForkJoinPool-3-worker-4] INFO  o.o.b.p.a.PullFromAggregateTracker - Pull VIGILÂNCIA  AMBIENTAL - Skipping submission 209 of 218: already downloaded
2025-12-30 01:48:10,085 [ForkJoinPool-3-worker-9] INFO  o.o.b.p.a.PullFromAggregateTracker - Pull Formulário da Vigilancia Comunitaria - Skipping submission 174 of 1299: already downloaded
2025-12-30 01:48:10,086 [ForkJoinPool-3-worker-13] INFO  o.o.b.p.a.PullFromAggregateTracker - Pull Formulário da Vigilancia Comunitaria - Skipping submission 175 of 1299: already downloaded
2025-12-30 01:48:10,086 [ForkJoinPool-3-worker-4] INFO  o.o.b.p.a.PullFromAggregateTracker - Pull VIGILÂNCIA  AMBIENTAL - Skipping submission 210 of 218: already downloaded
2025-12-30 01:48:10,086 [ForkJoinPool-3-worker-8] INFO  o.o.b.p.a.PullFromAggregateTracker - Pull VIGILÂNCIA  AMBIENTAL - Skipping submission 204 of 218: already downloaded
2025-12-30 01:48:10,088 [ForkJoinPool-3-worker-13] INFO  o.o.b.p.a.PullFromAggregateTracker - Pull Formulário da Vigilancia Comunitaria - Skipping submission 176 of 1299: already downloaded
2025-12-30 01:48:10,088 [ForkJoinPool-3-worker-4] INFO  o.o.b.p.a.PullFromAggregateTracker - Pull VIGILÂNCIA  AMBIENTAL - Skipping submission 211 of 218: already downloaded
2025-12-30 01:48:10,089 [ForkJoinPool-3-worker-4] INFO  o.o.b.p.a.PullFromAggregateTracker - Pull VIGILÂNCIA  AMBIENTAL - Skipping submission 213 of 218: already downloaded
2025-12-30 01:48:10,091 [ForkJoinPool-3-worker-11] INFO  o.o.b.p.a.PullFromAggregateTracker - Pull Formulário da Vigilancia Hospitalar - Skipping submission 106 of 601: already downloaded
2025-12-30 01:48:10,092 [ForkJoinPool-3-worker-15] INFO  o.o.b.p.a.PullFromAggregateTracker - Pull Formulário da Vigilancia Hospitalar - Skipping submission 113 of 1156: already downloaded
2025-12-30 01:48:10,092 [ForkJoinPool-3-worker-10] INFO  o.o.b.p.a.PullFromAggregateTracker - Pull Formulário da Vigilancia Hospitalar - Laboratório - Skipping submission 100 of 642: already downloaded
2025-12-30 01:48:10,092 [ForkJoinPool-3-worker-11] INFO  o.o.b.p.a.PullFromAggregateTracker - Pull Formulário da Vigilancia Hospitalar - Skipping submission 107 of 601: already downloaded
2025-12-30 01:48:10,092 [ForkJoinPool-3-worker-10] INFO  o.o.b.p.a.PullFromAggregateTracker - Pull Formulário da Vigilancia Hospitalar - Laboratório - Skipping submission 101 of 642: already downloaded
2025-12-30 01:48:10,097 [ForkJoinPool-3-worker-15] INFO  o.o.b.p.a.PullFromAggregateTracker - Pull Formulário da Vigilancia Hospitalar - Skipping submission 114 of 1156: already downloaded
2025-12-30 01:48:10,099 [ForkJoinPool-3-worker-11] INFO  o.o.b.p.a.PullFromAggregateTracker - Pull Formulário da Vigilancia Hospitalar - Skipping submission 108 of 601: already downloaded
2025-12-30 01:48:10,099 [ForkJoinPool-3-worker-4] INFO  o.o.b.p.a.PullFromAggregateTracker - Pull VIGILÂNCIA  AMBIENTAL - Skipping submission 214 of 218: already downloaded
2025-12-30 01:48:10,101 [ForkJoinPool-3-worker-13] INFO  o.o.b.p.a.PullFromAggregateTracker - Pull Formulário da Vigilancia Comunitaria - Skipping submission 177 of 1299: already downloaded
2025-12-30 01:48:10,103 [ForkJoinPool-3-worker-4] INFO  o.o.b.p.a.PullFromAggregateTracker - Pull VIGILÂNCIA  AMBIENTAL - Skipping submission 215 of 218: already downloaded
2025-12-30 01:48:10,103 [ForkJoinPool-3-worker-8] INFO  o.o.b.p.a.PullFromAggregateTracker - Pull VIGILÂNCIA  AMBIENTAL - Skipping submission 212 of 218: already downloaded
2025-12-30 01:48:10,103 [ForkJoinPool-3-worker-8] INFO  o.o.b.p.a.PullFromAggregateTracker - Pull VIGILÂNCIA  AMBIENTAL - Skipping submission 217 of 218: already downloaded
2025-12-30 01:48:10,105 [ForkJoinPool-3-worker-10] INFO  o.o.b.p.a.PullFromAggregateTracker - Pull Formulário da Vigilancia Hospitalar - Laboratório - Skipping submission 102 of 642: already downloaded
2025-12-30 01:48:10,105 [ForkJoinPool-3-worker-9] INFO  o.o.b.p.a.PullFromAggregateTracker - Pull Formulário da Vigilancia Comunitaria - Skipping submission 178 of 1299: already downloaded
2025-12-30 01:48:10,126 [ForkJoinPool-3-worker-15] INFO  o.o.b.p.a.PullFromAggregateTracker - Pull Formulário da Vigilancia Hospitalar - Skipping submission 115 of 1156: already downloaded
2025-12-30 01:48:10,130 [ForkJoinPool-3-worker-4] INFO  o.o.b.p.a.PullFromAggregateTracker - Pull VIGILÂNCIA  AMBIENTAL - Skipping submission 216 of 218: already downloaded
2025-12-30 01:48:10,130 [ForkJoinPool-3-worker-2] INFO  o.o.b.p.a.PullFromAggregateTracker - Pull Formulário da Vigilancia Hospitalar - Laboratório - Submission 8 of 74 downloaded
2025-12-30 01:48:10,131 [ForkJoinPool-3-worker-8] INFO  o.o.b.p.a.PullFromAggregateTracker - Pull Formulário da Vigilancia Comunitaria - Skipping submission 180 of 1299: already downloaded
2025-12-30 01:48:10,132 [ForkJoinPool-3-worker-10] INFO  o.o.b.p.a.PullFromAggregateTracker - Pull Formulário da Vigilancia Hospitalar - Laboratório - Skipping submission 103 of 642: already downloaded
2025-12-30 01:48:10,132 [ForkJoinPool-3-worker-11] INFO  o.o.b.p.a.PullFromAggregateTracker - Pull Formulário da Vigilancia Hospitalar - Skipping submission 109 of 601: already downloaded
2025-12-30 01:48:10,133 [ForkJoinPool-3-worker-11] INFO  o.o.b.p.a.PullFromAggregateTracker - Pull Formulário da Vigilancia Hospitalar - Skipping submission 110 of 601: already downloaded
2025-12-30 01:48:10,136 [ForkJoinPool-3-worker-13] INFO  o.o.b.p.a.PullFromAggregateTracker - Pull Formulário da Vigilancia Comunitaria - Skipping submission 179 of 1299: already downloaded
2025-12-30 01:48:10,137 [ForkJoinPool-3-worker-4] INFO  o.o.b.p.a.PullFromAggregateTracker - Pull VIGILÂNCIA  AMBIENTAL - Skipping submission 218 of 218: already downloaded
2025-12-30 01:48:10,157 [ForkJoinPool-3-worker-11] INFO  o.o.b.p.a.PullFromAggregateTracker - Pull Formulário da Vigilancia Hospitalar - Skipping submission 111 of 601: already downloaded
2025-12-30 01:48:10,157 [ForkJoinPool-3-worker-15] INFO  o.o.b.p.a.PullFromAggregateTracker - Pull Formulário da Vigilancia Hospitalar - Skipping submission 116 of 1156: already downloaded
2025-12-30 01:48:10,171 [ForkJoinPool-3-worker-2] INFO  o.o.b.p.a.PullFromAggregateTracker - Pull Formulário da Vigilancia Hospitalar - Laboratório - Start downloading submission 9 of 74
2025-12-30 01:48:10,174 [ForkJoinPool-3-worker-13] INFO  o.o.b.p.a.PullFromAggregateTracker - Pull Formulário da Vigilancia Comunitaria - Skipping submission 183 of 1299: already downloaded
2025-12-30 01:48:10,170 [ForkJoinPool-3-worker-15] INFO  o.o.b.p.a.PullFromAggregateTracker - Pull Formulário da Vigilancia Hospitalar - Skipping submission 117 of 1156: already downloaded
2025-12-30 01:48:10,176 [ForkJoinPool-3-worker-8] INFO  o.o.b.p.a.PullFromAggregateTracker - Pull Formulário da Vigilancia Comunitaria - Skipping submission 182 of 1299: already downloaded
2025-12-30 01:48:10,178 [ForkJoinPool-3-worker-9] INFO  o.o.b.p.a.PullFromAggregateTracker - Pull Formulário da Vigilancia Comunitaria - Skipping submission 181 of 1299: already downloaded
2025-12-30 01:48:10,179 [ForkJoinPool-3-worker-11] INFO  o.o.b.p.a.PullFromAggregateTracker - Pull Formulário da Vigilancia Hospitalar - Skipping submission 112 of 601: already downloaded
2025-12-30 01:48:10,179 [ForkJoinPool-3-worker-10] INFO  o.o.b.p.a.PullFromAggregateTracker - Pull Formulário da Vigilancia Hospitalar - Laboratório - Skipping submission 104 of 642: already downloaded
2025-12-30 01:48:10,181 [ForkJoinPool-3-worker-11] INFO  o.o.b.p.a.PullFromAggregateTracker - Pull Formulário da Vigilancia Hospitalar - Skipping submission 113 of 601: already downloaded
2025-12-30 01:48:10,181 [ForkJoinPool-3-worker-10] INFO  o.o.b.p.a.PullFromAggregateTracker - Pull Formulário da Vigilancia Hospitalar - Laboratório - Skipping submission 105 of 642: already downloaded
2025-12-30 01:48:10,182 [ForkJoinPool-3-worker-15] INFO  o.o.b.p.a.PullFromAggregateTracker - Pull Formulário da Vigilancia Hospitalar - Skipping submission 118 of 1156: already downloaded
2025-12-30 01:48:10,183 [ForkJoinPool-3-worker-15] INFO  o.o.b.p.a.PullFromAggregateTracker - Pull Formulário da Vigilancia Hospitalar - Skipping submission 119 of 1156: already downloaded
2025-12-30 01:48:10,185 [ForkJoinPool-3-worker-13] INFO  o.o.b.p.a.PullFromAggregateTracker - Pull Formulário da Vigilancia Comunitaria - Skipping submission 184 of 1299: already downloaded
2025-12-30 01:48:10,185 [ForkJoinPool-3-worker-11] INFO  o.o.b.p.a.PullFromAggregateTracker - Pull Formulário da Vigilancia Hospitalar - Skipping submission 114 of 601: already downloaded
2025-12-30 01:48:10,186 [ForkJoinPool-3-worker-9] INFO  o.o.b.p.a.PullFromAggregateTracker - Pull Formulário da Vigilancia Comunitaria - Skipping submission 186 of 1299: already downloaded
2025-12-30 01:48:10,188 [ForkJoinPool-3-worker-9] INFO  o.o.b.p.a.PullFromAggregateTracker - Pull Formulário da Vigilancia Comunitaria - Skipping submission 188 of 1299: already downloaded
2025-12-30 01:48:10,190 [ForkJoinPool-3-worker-11] INFO  o.o.b.p.a.PullFromAggregateTracker - Pull Formulário da Vigilancia Hospitalar - Skipping submission 115 of 601: already downloaded
2025-12-30 01:48:10,190 [ForkJoinPool-3-worker-15] INFO  o.o.b.p.a.PullFromAggregateTracker - Pull Formulário da Vigilancia Hospitalar - Skipping submission 120 of 1156: already downloaded
2025-12-30 01:48:10,191 [ForkJoinPool-3-worker-10] INFO  o.o.b.p.a.PullFromAggregateTracker - Pull Formulário da Vigilancia Hospitalar - Laboratório - Skipping submission 106 of 642: already downloaded
2025-12-30 01:48:10,194 [ForkJoinPool-3-worker-4] INFO  o.o.b.p.a.PullFromAggregateTracker - Pull VIGILÂNCIA  AMBIENTAL - Success
2025-12-30 01:48:10,194 [ForkJoinPool-3-worker-9] INFO  o.o.b.p.a.PullFromAggregateTracker - Pull Formulário da Vigilancia Comunitaria - Skipping submission 189 of 1299: already downloaded
2025-12-30 01:48:10,196 [ForkJoinPool-3-worker-8] INFO  o.o.b.p.a.PullFromAggregateTracker - Pull Formulário da Vigilancia Comunitaria - Skipping submission 185 of 1299: already downloaded
2025-12-30 01:48:10,199 [ForkJoinPool-3-worker-13] INFO  o.o.b.p.a.PullFromAggregateTracker - Pull Formulário da Vigilancia Comunitaria - Skipping submission 187 of 1299: already downloaded
2025-12-30 01:48:10,201 [ForkJoinPool-3-worker-8] INFO  o.o.b.p.a.PullFromAggregateTracker - Pull Formulário da Vigilancia Comunitaria - Skipping submission 191 of 1299: already downloaded
2025-12-30 01:48:10,201 [ForkJoinPool-3-worker-10] INFO  o.o.b.p.a.PullFromAggregateTracker - Pull Formulário da Vigilancia Hospitalar - Laboratório - Skipping submission 107 of 642: already downloaded
2025-12-30 01:48:10,202 [ForkJoinPool-3-worker-15] INFO  o.o.b.p.a.PullFromAggregateTracker - Pull Formulário da Vigilancia Hospitalar - Skipping submission 121 of 1156: already downloaded
2025-12-30 01:48:10,202 [ForkJoinPool-3-worker-9] INFO  o.o.b.p.a.PullFromAggregateTracker - Pull Formulário da Vigilancia Comunitaria - Skipping submission 190 of 1299: already downloaded
2025-12-30 01:48:10,204 [ForkJoinPool-3-worker-13] INFO  o.o.b.p.a.PullFromAggregateTracker - Pull Formulário da Vigilancia Comunitaria - Skipping submission 192 of 1299: already downloaded
2025-12-30 01:48:10,204 [ForkJoinPool-3-worker-11] INFO  o.o.b.p.a.PullFromAggregateTracker - Pull Formulário da Vigilancia Hospitalar - Skipping submission 116 of 601: already downloaded
2025-12-30 01:48:10,204 [ForkJoinPool-3-worker-15] INFO  o.o.b.p.a.PullFromAggregateTracker - Pull Formulário da Vigilancia Hospitalar - Skipping submission 122 of 1156: already downloaded
2025-12-30 01:48:10,206 [ForkJoinPool-3-worker-13] INFO  o.o.b.p.a.PullFromAggregateTracker - Pull Formulário da Vigilancia Comunitaria - Skipping submission 193 of 1299: already downloaded
2025-12-30 01:48:10,206 [ForkJoinPool-3-worker-10] INFO  o.o.b.p.a.PullFromAggregateTracker - Pull Formulário da Vigilancia Hospitalar - Laboratório - Skipping submission 108 of 642: already downloaded
2025-12-30 01:48:10,221 [ForkJoinPool-3-worker-15] INFO  o.o.b.p.a.PullFromAggregateTracker - Pull Formulário da Vigilancia Hospitalar - Skipping submission 123 of 1156: already downloaded
2025-12-30 01:48:10,218 [ForkJoinPool-3-worker-11] INFO  o.o.b.p.a.PullFromAggregateTracker - Pull Formulário da Vigilancia Hospitalar - Skipping submission 117 of 601: already downloaded
2025-12-30 01:48:10,246 [ForkJoinPool-3-worker-15] INFO  o.o.b.p.a.PullFromAggregateTracker - Pull Formulário da Vigilancia Hospitalar - Skipping submission 124 of 1156: already downloaded
2025-12-30 01:48:10,224 [ForkJoinPool-3-worker-9] INFO  o.o.b.p.a.PullFromAggregateTracker - Pull Formulário da Vigilancia Comunitaria - Skipping submission 195 of 1299: already downloaded
2025-12-30 01:48:10,239 [ForkJoinPool-3-worker-4] INFO  o.o.b.p.a.PullFromAggregateTracker - Pull Formulário da Vigilancia Hospitalar - Laboratório - Start downloading submission 10 of 74
2025-12-30 01:48:10,247 [ForkJoinPool-3-worker-13] INFO  o.o.b.p.a.PullFromAggregateTracker - Pull Formulário da Vigilancia Comunitaria - Skipping submission 196 of 1299: already downloaded
2025-12-30 01:48:10,244 [ForkJoinPool-3-worker-8] INFO  o.o.b.p.a.PullFromAggregateTracker - Pull Formulário da Vigilancia Comunitaria - Skipping submission 194 of 1299: already downloaded
2025-12-30 01:48:10,257 [ForkJoinPool-3-worker-9] INFO  o.o.b.p.a.PullFromAggregateTracker - Pull Formulário da Vigilancia Comunitaria - Skipping submission 197 of 1299: already downloaded
2025-12-30 01:48:10,253 [ForkJoinPool-3-worker-15] INFO  o.o.b.p.a.PullFromAggregateTracker - Pull Formulário da Vigilancia Hospitalar - Skipping submission 125 of 1156: already downloaded
2025-12-30 01:48:10,246 [ForkJoinPool-3-worker-11] INFO  o.o.b.p.a.PullFromAggregateTracker - Pull Formulário da Vigilancia Hospitalar - Skipping submission 118 of 601: already downloaded
2025-12-30 01:48:10,273 [ForkJoinPool-3-worker-8] INFO  o.o.b.p.a.PullFromAggregateTracker - Pull Formulário da Vigilancia Comunitaria - Skipping submission 198 of 1299: already downloaded
2025-12-30 01:48:10,230 [ForkJoinPool-3-worker-10] INFO  o.o.b.p.a.PullFromAggregateTracker - Pull Formulário da Vigilancia Hospitalar - Laboratório - Skipping submission 109 of 642: already downloaded
2025-12-30 01:48:10,281 [ForkJoinPool-3-worker-9] INFO  o.o.b.p.a.PullFromAggregateTracker - Pull Formulário da Vigilancia Comunitaria - Skipping submission 200 of 1299: already downloaded
2025-12-30 01:48:10,282 [ForkJoinPool-3-worker-13] INFO  o.o.b.p.a.PullFromAggregateTracker - Pull Formulário da Vigilancia Comunitaria - Skipping submission 199 of 1299: already downloaded
2025-12-30 01:48:10,285 [ForkJoinPool-3-worker-15] INFO  o.o.b.p.a.PullFromAggregateTracker - Pull Formulário da Vigilancia Hospitalar - Skipping submission 126 of 1156: already downloaded
2025-12-30 01:48:10,287 [ForkJoinPool-3-worker-10] INFO  o.o.b.p.a.PullFromAggregateTracker - Pull Formulário da Vigilancia Hospitalar - Laboratório - Skipping submission 110 of 642: already downloaded
2025-12-30 01:48:10,309 [ForkJoinPool-3-worker-9] INFO  o.o.b.p.a.PullFromAggregateTracker - Pull Formulário da Vigilancia Comunitaria - Skipping submission 202 of 1299: already downloaded
2025-12-30 01:48:10,320 [ForkJoinPool-3-worker-8] INFO  o.o.b.p.a.PullFromAggregateTracker - Pull Formulário da Vigilancia Comunitaria - Skipping submission 201 of 1299: already downloaded
2025-12-30 01:48:10,323 [ForkJoinPool-3-worker-15] INFO  o.o.b.p.a.PullFromAggregateTracker - Pull Formulário da Vigilancia Hospitalar - Skipping submission 127 of 1156: already downloaded
2025-12-30 01:48:10,313 [ForkJoinPool-3-worker-11] INFO  o.o.b.p.a.PullFromAggregateTracker - Pull Formulário da Vigilancia Hospitalar - Skipping submission 119 of 601: already downloaded
2025-12-30 01:48:10,327 [ForkJoinPool-3-worker-9] INFO  o.o.b.p.a.PullFromAggregateTracker - Pull Formulário da Vigilancia Comunitaria - Skipping submission 204 of 1299: already downloaded
2025-12-30 01:48:10,329 [ForkJoinPool-3-worker-13] INFO  o.o.b.p.a.PullFromAggregateTracker - Pull Formulário da Vigilancia Comunitaria - Skipping submission 203 of 1299: already downloaded
2025-12-30 01:48:10,331 [ForkJoinPool-3-worker-8] INFO  o.o.b.p.a.PullFromAggregateTracker - Pull Formulário da Vigilancia Comunitaria - Skipping submission 205 of 1299: already downloaded
2025-12-30 01:48:10,337 [ForkJoinPool-3-worker-9] INFO  o.o.b.p.a.PullFromAggregateTracker - Pull Formulário da Vigilancia Comunitaria - Skipping submission 206 of 1299: already downloaded
2025-12-30 01:48:10,345 [ForkJoinPool-3-worker-8] INFO  o.o.b.p.a.PullFromAggregateTracker - Pull Formulário da Vigilancia Comunitaria - Skipping submission 208 of 1299: already downloaded
2025-12-30 01:48:10,331 [ForkJoinPool-3-worker-11] INFO  o.o.b.p.a.PullFromAggregateTracker - Pull Formulário da Vigilancia Hospitalar - Skipping submission 120 of 601: already downloaded
2025-12-30 01:48:10,327 [ForkJoinPool-3-worker-10] INFO  o.o.b.p.a.PullFromAggregateTracker - Pull Formulário da Vigilancia Hospitalar - Laboratório - Skipping submission 111 of 642: already downloaded
2025-12-30 01:48:10,352 [ForkJoinPool-3-worker-1] INFO  o.o.b.p.a.PullFromAggregateTracker - Pull Formulário da Vigilancia Comunitaria - Submission 83 of 258 downloaded
2025-12-30 01:48:10,340 [ForkJoinPool-3-worker-15] INFO  o.o.b.p.a.PullFromAggregateTracker - Pull Formulário da Vigilancia Hospitalar - Skipping submission 128 of 1156: already downloaded
2025-12-30 01:48:10,355 [ForkJoinPool-3-worker-10] INFO  o.o.b.p.a.PullFromAggregateTracker - Pull Formulário da Vigilancia Hospitalar - Laboratório - Skipping submission 112 of 642: already downloaded
2025-12-30 01:48:10,348 [ForkJoinPool-3-worker-3] INFO  o.o.b.p.a.PullFromAggregateTracker - Pull Formulário da Vigilancia Hospitalar - Submission 66 of 250 downloaded
2025-12-30 01:48:10,357 [ForkJoinPool-3-worker-3] INFO  o.o.b.p.a.PullFromAggregateTracker - Pull Formulário da Vigilancia Hospitalar - Start downloading submission 67 of 250
2025-12-30 01:48:10,340 [ForkJoinPool-3-worker-13] INFO  o.o.b.p.a.PullFromAggregateTracker - Pull Formulário da Vigilancia Comunitaria - Skipping submission 207 of 1299: already downloaded
2025-12-30 01:48:10,360 [ForkJoinPool-3-worker-1] INFO  o.o.b.p.a.PullFromAggregateTracker - Pull Formulário da Vigilancia Comunitaria - Start downloading submission 84 of 258
2025-12-30 01:48:10,362 [ForkJoinPool-3-worker-15] INFO  o.o.b.p.a.PullFromAggregateTracker - Pull Formulário da Vigilancia Hospitalar - Skipping submission 129 of 1156: already downloaded
2025-12-30 01:48:10,355 [ForkJoinPool-3-worker-11] INFO  o.o.b.p.a.PullFromAggregateTracker - Pull Formulário da Vigilancia Hospitalar - Skipping submission 121 of 601: already downloaded
2025-12-30 01:48:10,368 [ForkJoinPool-3-worker-8] INFO  o.o.b.p.a.PullFromAggregateTracker - Pull Formulário da Vigilancia Comunitaria - Skipping submission 210 of 1299: already downloaded
2025-12-30 01:48:10,368 [ForkJoinPool-3-worker-6] INFO  o.o.b.p.a.PullFromAggregateTracker - Pull Resultados de testagem das vigilâncias - Submission 7 of 15 downloaded
2025-12-30 01:48:10,372 [ForkJoinPool-3-worker-11] INFO  o.o.b.p.a.PullFromAggregateTracker - Pull Formulário da Vigilancia Hospitalar - Skipping submission 122 of 601: already downloaded
2025-12-30 01:48:10,372 [ForkJoinPool-3-worker-10] INFO  o.o.b.p.a.PullFromAggregateTracker - Pull Formulário da Vigilancia Hospitalar - Laboratório - Skipping submission 113 of 642: already downloaded
2025-12-30 01:48:10,373 [ForkJoinPool-3-worker-10] INFO  o.o.b.p.a.PullFromAggregateTracker - Pull Formulário da Vigilancia Hospitalar - Laboratório - Skipping submission 114 of 642: already downloaded
2025-12-30 01:48:10,376 [ForkJoinPool-3-worker-15] INFO  o.o.b.p.a.PullFromAggregateTracker - Pull Formulário da Vigilancia Hospitalar - Skipping submission 130 of 1156: already downloaded
2025-12-30 01:48:10,369 [ForkJoinPool-3-worker-9] INFO  o.o.b.p.a.PullFromAggregateTracker - Pull Formulário da Vigilancia Comunitaria - Skipping submission 209 of 1299: already downloaded
2025-12-30 01:48:10,378 [ForkJoinPool-3-worker-6] INFO  o.o.b.p.a.PullFromAggregateTracker - Pull Resultados de testagem das vigilâncias - Start downloading submission 8 of 15
2025-12-30 01:48:10,379 [ForkJoinPool-3-worker-13] INFO  o.o.b.p.a.PullFromAggregateTracker - Pull Formulário da Vigilancia Comunitaria - Skipping submission 211 of 1299: already downloaded
2025-12-30 01:48:10,388 [ForkJoinPool-3-worker-15] INFO  o.o.b.p.a.PullFromAggregateTracker - Pull Formulário da Vigilancia Hospitalar - Skipping submission 131 of 1156: already downloaded
2025-12-30 01:48:10,386 [ForkJoinPool-3-worker-10] INFO  o.o.b.p.a.PullFromAggregateTracker - Pull Formulário da Vigilancia Hospitalar - Laboratório - Skipping submission 115 of 642: already downloaded
2025-12-30 01:48:10,385 [ForkJoinPool-3-worker-11] INFO  o.o.b.p.a.PullFromAggregateTracker - Pull Formulário da Vigilancia Hospitalar - Skipping submission 123 of 601: already downloaded
2025-12-30 01:48:10,381 [ForkJoinPool-3-worker-8] INFO  o.o.b.p.a.PullFromAggregateTracker - Pull Formulário da Vigilancia Comunitaria - Skipping submission 212 of 1299: already downloaded
2025-12-30 01:48:10,427 [ForkJoinPool-3-worker-15] INFO  o.o.b.p.a.PullFromAggregateTracker - Pull Formulário da Vigilancia Hospitalar - Skipping submission 132 of 1156: already downloaded
2025-12-30 01:48:10,437 [ForkJoinPool-3-worker-13] INFO  o.o.b.p.a.PullFromAggregateTracker - Pull Formulário da Vigilancia Comunitaria - Skipping submission 214 of 1299: already downloaded
2025-12-30 01:48:10,383 [ForkJoinPool-3-worker-9] INFO  o.o.b.p.a.PullFromAggregateTracker - Pull Formulário da Vigilancia Comunitaria - Skipping submission 213 of 1299: already downloaded
2025-12-30 01:48:10,472 [ForkJoinPool-3-worker-10] INFO  o.o.b.p.a.PullFromAggregateTracker - Pull Formulário da Vigilancia Hospitalar - Laboratório - Skipping submission 116 of 642: already downloaded
2025-12-30 01:48:10,462 [ForkJoinPool-3-worker-11] INFO  o.o.b.p.a.PullFromAggregateTracker - Pull Formulário da Vigilancia Hospitalar - Skipping submission 124 of 601: already downloaded
2025-12-30 01:48:10,475 [ForkJoinPool-3-worker-11] INFO  o.o.b.p.a.PullFromAggregateTracker - Pull Formulário da Vigilancia Hospitalar - Skipping submission 125 of 601: already downloaded
2025-12-30 01:48:10,477 [ForkJoinPool-3-worker-15] INFO  o.o.b.p.a.PullFromAggregateTracker - Pull Formulário da Vigilancia Hospitalar - Skipping submission 133 of 1156: already downloaded
2025-12-30 01:48:10,479 [ForkJoinPool-3-worker-8] INFO  o.o.b.p.a.PullFromAggregateTracker - Pull Formulário da Vigilancia Comunitaria - Skipping submission 215 of 1299: already downloaded
2025-12-30 01:48:10,479 [ForkJoinPool-3-worker-9] INFO  o.o.b.p.a.PullFromAggregateTracker - Pull Formulário da Vigilancia Comunitaria - Skipping submission 217 of 1299: already downloaded
2025-12-30 01:48:10,481 [ForkJoinPool-3-worker-10] INFO  o.o.b.p.a.PullFromAggregateTracker - Pull Formulário da Vigilancia Hospitalar - Laboratório - Skipping submission 117 of 642: already downloaded
2025-12-30 01:48:10,482 [ForkJoinPool-3-worker-13] INFO  o.o.b.p.a.PullFromAggregateTracker - Pull Formulário da Vigilancia Comunitaria - Skipping submission 216 of 1299: already downloaded
2025-12-30 01:48:10,485 [ForkJoinPool-3-worker-10] INFO  o.o.b.p.a.PullFromAggregateTracker - Pull Formulário da Vigilancia Hospitalar - Laboratório - Skipping submission 118 of 642: already downloaded
2025-12-30 01:48:10,487 [ForkJoinPool-3-worker-11] INFO  o.o.b.p.a.PullFromAggregateTracker - Pull Formulário da Vigilancia Hospitalar - Skipping submission 126 of 601: already downloaded
2025-12-30 01:48:10,487 [ForkJoinPool-3-worker-15] INFO  o.o.b.p.a.PullFromAggregateTracker - Pull Formulário da Vigilancia Hospitalar - Skipping submission 134 of 1156: already downloaded
2025-12-30 01:48:10,485 [ForkJoinPool-3-worker-9] INFO  o.o.b.p.a.PullFromAggregateTracker - Pull Formulário da Vigilancia Comunitaria - Skipping submission 219 of 1299: already downloaded
2025-12-30 01:48:10,490 [ForkJoinPool-3-worker-10] INFO  o.o.b.p.a.PullFromAggregateTracker - Pull Formulário da Vigilancia Hospitalar - Laboratório - Skipping submission 119 of 642: already downloaded
2025-12-30 01:48:10,490 [ForkJoinPool-3-worker-15] INFO  o.o.b.p.a.PullFromAggregateTracker - Pull Formulário da Vigilancia Hospitalar - Skipping submission 135 of 1156: already downloaded
2025-12-30 01:48:10,492 [ForkJoinPool-3-worker-8] INFO  o.o.b.p.a.PullFromAggregateTracker - Pull Formulário da Vigilancia Comunitaria - Skipping submission 218 of 1299: already downloaded
2025-12-30 01:48:10,493 [ForkJoinPool-3-worker-11] INFO  o.o.b.p.a.PullFromAggregateTracker - Pull Formulário da Vigilancia Hospitalar - Skipping submission 127 of 601: already downloaded
2025-12-30 01:48:10,493 [ForkJoinPool-3-worker-10] INFO  o.o.b.p.a.PullFromAggregateTracker - Pull Formulário da Vigilancia Hospitalar - Laboratório - Skipping submission 120 of 642: already downloaded
2025-12-30 01:48:10,495 [ForkJoinPool-3-worker-11] INFO  o.o.b.p.a.PullFromAggregateTracker - Pull Formulário da Vigilancia Hospitalar - Skipping submission 128 of 601: already downloaded
2025-12-30 01:48:10,495 [ForkJoinPool-3-worker-9] INFO  o.o.b.p.a.PullFromAggregateTracker - Pull Formulário da Vigilancia Comunitaria - Skipping submission 221 of 1299: already downloaded
2025-12-30 01:48:10,497 [ForkJoinPool-3-worker-9] INFO  o.o.b.p.a.PullFromAggregateTracker - Pull Formulário da Vigilancia Comunitaria - Skipping submission 223 of 1299: already downloaded
2025-12-30 01:48:10,499 [ForkJoinPool-3-worker-10] INFO  o.o.b.p.a.PullFromAggregateTracker - Pull Formulário da Vigilancia Hospitalar - Laboratório - Skipping submission 121 of 642: already downloaded
2025-12-30 01:48:10,503 [ForkJoinPool-3-worker-2] INFO  o.o.b.p.a.PullFromAggregateTracker - Pull Formulário da Vigilancia Hospitalar - Laboratório - Submission 9 of 74 downloaded
2025-12-30 01:48:10,505 [ForkJoinPool-3-worker-15] INFO  o.o.b.p.a.PullFromAggregateTracker - Pull Formulário da Vigilancia Hospitalar - Skipping submission 136 of 1156: already downloaded
2025-12-30 01:48:10,505 [ForkJoinPool-3-worker-10] INFO  o.o.b.p.a.PullFromAggregateTracker - Pull Formulário da Vigilancia Hospitalar - Laboratório - Skipping submission 122 of 642: already downloaded
2025-12-30 01:48:10,505 [ForkJoinPool-3-worker-11] INFO  o.o.b.p.a.PullFromAggregateTracker - Pull Formulário da Vigilancia Hospitalar - Skipping submission 129 of 601: already downloaded
2025-12-30 01:48:10,507 [ForkJoinPool-3-worker-11] INFO  o.o.b.p.a.PullFromAggregateTracker - Pull Formulário da Vigilancia Hospitalar - Skipping submission 130 of 601: already downloaded
2025-12-30 01:48:10,508 [ForkJoinPool-3-worker-9] INFO  o.o.b.p.a.PullFromAggregateTracker - Pull Formulário da Vigilancia Comunitaria - Skipping submission 224 of 1299: already downloaded
2025-12-30 01:48:10,511 [ForkJoinPool-3-worker-13] INFO  o.o.b.p.a.PullFromAggregateTracker - Pull Formulário da Vigilancia Comunitaria - Skipping submission 220 of 1299: already downloaded
2025-12-30 01:48:10,512 [ForkJoinPool-3-worker-9] INFO  o.o.b.p.a.PullFromAggregateTracker - Pull Formulário da Vigilancia Comunitaria - Skipping submission 225 of 1299: already downloaded
2025-12-30 01:48:10,514 [ForkJoinPool-3-worker-9] INFO  o.o.b.p.a.PullFromAggregateTracker - Pull Formulário da Vigilancia Comunitaria - Skipping submission 227 of 1299: already downloaded
2025-12-30 01:48:10,513 [ForkJoinPool-3-worker-15] INFO  o.o.b.p.a.PullFromAggregateTracker - Pull Formulário da Vigilancia Hospitalar - Skipping submission 137 of 1156: already downloaded
2025-12-30 01:48:10,521 [ForkJoinPool-3-worker-15] INFO  o.o.b.p.a.PullFromAggregateTracker - Pull Formulário da Vigilancia Hospitalar - Skipping submission 138 of 1156: already downloaded
2025-12-30 01:48:10,523 [ForkJoinPool-3-worker-10] INFO  o.o.b.p.a.PullFromAggregateTracker - Pull Formulário da Vigilancia Hospitalar - Laboratório - Skipping submission 123 of 642: already downloaded
2025-12-30 01:48:10,525 [ForkJoinPool-3-worker-8] INFO  o.o.b.p.a.PullFromAggregateTracker - Pull Formulário da Vigilancia Comunitaria - Skipping submission 222 of 1299: already downloaded
2025-12-30 01:48:10,521 [ForkJoinPool-3-worker-11] INFO  o.o.b.p.a.PullFromAggregateTracker - Pull Formulário da Vigilancia Hospitalar - Skipping submission 131 of 601: already downloaded
2025-12-30 01:48:10,521 [ForkJoinPool-3-worker-2] INFO  o.o.b.p.a.PullFromAggregateTracker - Pull Formulário da Vigilancia Hospitalar - Laboratório - Start downloading submission 11 of 74
2025-12-30 01:48:10,538 [ForkJoinPool-3-worker-15] INFO  o.o.b.p.a.PullFromAggregateTracker - Pull Formulário da Vigilancia Hospitalar - Skipping submission 139 of 1156: already downloaded
2025-12-30 01:48:10,540 [ForkJoinPool-3-worker-11] INFO  o.o.b.p.a.PullFromAggregateTracker - Pull Formulário da Vigilancia Hospitalar - Skipping submission 132 of 601: already downloaded
2025-12-30 01:48:10,540 [ForkJoinPool-3-worker-9] INFO  o.o.b.p.a.PullFromAggregateTracker - Pull Formulário da Vigilancia Comunitaria - Skipping submission 228 of 1299: already downloaded
2025-12-30 01:48:10,540 [ForkJoinPool-3-worker-15] INFO  o.o.b.p.a.PullFromAggregateTracker - Pull Formulário da Vigilancia Hospitalar - Skipping submission 140 of 1156: already downloaded
2025-12-30 01:48:10,540 [ForkJoinPool-3-worker-13] INFO  o.o.b.p.a.PullFromAggregateTracker - Pull Formulário da Vigilancia Comunitaria - Skipping submission 226 of 1299: already downloaded
2025-12-30 01:48:10,542 [ForkJoinPool-3-worker-9] INFO  o.o.b.p.a.PullFromAggregateTracker - Pull Formulário da Vigilancia Comunitaria - Skipping submission 230 of 1299: already downloaded
2025-12-30 01:48:10,546 [ForkJoinPool-3-worker-10] INFO  o.o.b.p.a.PullFromAggregateTracker - Pull Formulário da Vigilancia Hospitalar - Laboratório - Skipping submission 124 of 642: already downloaded
2025-12-30 01:48:10,546 [ForkJoinPool-3-worker-15] INFO  o.o.b.p.a.PullFromAggregateTracker - Pull Formulário da Vigilancia Hospitalar - Skipping submission 141 of 1156: already downloaded
2025-12-30 01:48:10,548 [ForkJoinPool-3-worker-8] INFO  o.o.b.p.a.PullFromAggregateTracker - Pull Formulário da Vigilancia Comunitaria - Skipping submission 229 of 1299: already downloaded
2025-12-30 01:48:10,548 [ForkJoinPool-3-worker-15] INFO  o.o.b.p.a.PullFromAggregateTracker - Pull Formulário da Vigilancia Hospitalar - Skipping submission 142 of 1156: already downloaded
2025-12-30 01:48:10,550 [ForkJoinPool-3-worker-11] INFO  o.o.b.p.a.PullFromAggregateTracker - Pull Formulário da Vigilancia Hospitalar - Skipping submission 133 of 601: already downloaded
2025-12-30 01:48:10,552 [ForkJoinPool-3-worker-4] INFO  o.o.b.p.a.PullFromAggregateTracker - Pull Formulário da Vigilancia Hospitalar - Laboratório - Submission 10 of 74 downloaded
2025-12-30 01:48:10,554 [ForkJoinPool-3-worker-10] INFO  o.o.b.p.a.PullFromAggregateTracker - Pull Formulário da Vigilancia Hospitalar - Laboratório - Skipping submission 125 of 642: already downloaded
2025-12-30 01:48:10,554 [ForkJoinPool-3-worker-8] INFO  o.o.b.p.a.PullFromAggregateTracker - Pull Formulário da Vigilancia Comunitaria - Skipping submission 233 of 1299: already downloaded
2025-12-30 01:48:10,556 [ForkJoinPool-3-worker-11] INFO  o.o.b.p.a.PullFromAggregateTracker - Pull Formulário da Vigilancia Hospitalar - Skipping submission 134 of 601: already downloaded
2025-12-30 01:48:10,557 [ForkJoinPool-3-worker-10] INFO  o.o.b.p.a.PullFromAggregateTracker - Pull Formulário da Vigilancia Hospitalar - Laboratório - Skipping submission 126 of 642: already downloaded
2025-12-30 01:48:10,556 [ForkJoinPool-3-worker-15] INFO  o.o.b.p.a.PullFromAggregateTracker - Pull Formulário da Vigilancia Hospitalar - Skipping submission 143 of 1156: already downloaded
2025-12-30 01:48:10,557 [ForkJoinPool-3-worker-11] INFO  o.o.b.p.a.PullFromAggregateTracker - Pull Formulário da Vigilancia Hospitalar - Skipping submission 135 of 601: already downloaded
2025-12-30 01:48:10,560 [ForkJoinPool-3-worker-4] INFO  o.o.b.p.a.PullFromAggregateTracker - Pull Formulário da Vigilancia Hospitalar - Laboratório - Start downloading submission 12 of 74
2025-12-30 01:48:10,560 [ForkJoinPool-3-worker-15] INFO  o.o.b.p.a.PullFromAggregateTracker - Pull Formulário da Vigilancia Hospitalar - Skipping submission 144 of 1156: already downloaded
2025-12-30 01:48:10,560 [ForkJoinPool-3-worker-8] INFO  o.o.b.p.a.PullFromAggregateTracker - Pull Formulário da Vigilancia Comunitaria - Skipping submission 234 of 1299: already downloaded
2025-12-30 01:48:10,562 [ForkJoinPool-3-worker-9] INFO  o.o.b.p.a.PullFromAggregateTracker - Pull Formulário da Vigilancia Comunitaria - Skipping submission 232 of 1299: already downloaded
2025-12-30 01:48:10,563 [ForkJoinPool-3-worker-13] INFO  o.o.b.p.a.PullFromAggregateTracker - Pull Formulário da Vigilancia Comunitaria - Skipping submission 231 of 1299: already downloaded
2025-12-30 01:48:10,570 [ForkJoinPool-3-worker-9] INFO  o.o.b.p.a.PullFromAggregateTracker - Pull Formulário da Vigilancia Comunitaria - Skipping submission 236 of 1299: already downloaded
2025-12-30 01:48:10,577 [ForkJoinPool-3-worker-15] INFO  o.o.b.p.a.PullFromAggregateTracker - Pull Formulário da Vigilancia Hospitalar - Skipping submission 145 of 1156: already downloaded
2025-12-30 01:48:10,577 [ForkJoinPool-3-worker-11] INFO  o.o.b.p.a.PullFromAggregateTracker - Pull Formulário da Vigilancia Hospitalar - Skipping submission 136 of 601: already downloaded
2025-12-30 01:48:10,582 [ForkJoinPool-3-worker-10] INFO  o.o.b.p.a.PullFromAggregateTracker - Pull Formulário da Vigilancia Hospitalar - Laboratório - Skipping submission 127 of 642: already downloaded
2025-12-30 01:48:10,583 [ForkJoinPool-3-worker-8] INFO  o.o.b.p.a.PullFromAggregateTracker - Pull Formulário da Vigilancia Comunitaria - Skipping submission 235 of 1299: already downloaded
2025-12-30 01:48:10,588 [ForkJoinPool-3-worker-11] INFO  o.o.b.p.a.PullFromAggregateTracker - Pull Formulário da Vigilancia Hospitalar - Skipping submission 137 of 601: already downloaded
2025-12-30 01:48:10,589 [ForkJoinPool-3-worker-15] INFO  o.o.b.p.a.PullFromAggregateTracker - Pull Formulário da Vigilancia Hospitalar - Skipping submission 146 of 1156: already downloaded
2025-12-30 01:48:10,592 [ForkJoinPool-3-worker-11] INFO  o.o.b.p.a.PullFromAggregateTracker - Pull Formulário da Vigilancia Hospitalar - Skipping submission 138 of 601: already downloaded
2025-12-30 01:48:10,592 [ForkJoinPool-3-worker-9] INFO  o.o.b.p.a.PullFromAggregateTracker - Pull Formulário da Vigilancia Comunitaria - Skipping submission 238 of 1299: already downloaded
2025-12-30 01:48:10,593 [ForkJoinPool-3-worker-10] INFO  o.o.b.p.a.PullFromAggregateTracker - Pull Formulário da Vigilancia Hospitalar - Laboratório - Skipping submission 128 of 642: already downloaded
2025-12-30 01:48:10,593 [ForkJoinPool-3-worker-9] INFO  o.o.b.p.a.PullFromAggregateTracker - Pull Formulário da Vigilancia Comunitaria - Skipping submission 240 of 1299: already downloaded
2025-12-30 01:48:10,595 [ForkJoinPool-3-worker-10] INFO  o.o.b.p.a.PullFromAggregateTracker - Pull Formulário da Vigilancia Hospitalar - Laboratório - Skipping submission 129 of 642: already downloaded
2025-12-30 01:48:10,595 [ForkJoinPool-3-worker-13] INFO  o.o.b.p.a.PullFromAggregateTracker - Pull Formulário da Vigilancia Comunitaria - Skipping submission 237 of 1299: already downloaded
2025-12-30 01:48:10,593 [ForkJoinPool-3-worker-11] INFO  o.o.b.p.a.PullFromAggregateTracker - Pull Formulário da Vigilancia Hospitalar - Skipping submission 139 of 601: already downloaded
2025-12-30 01:48:10,596 [ForkJoinPool-3-worker-13] INFO  o.o.b.p.a.PullFromAggregateTracker - Pull Formulário da Vigilancia Comunitaria - Skipping submission 242 of 1299: already downloaded
2025-12-30 01:48:10,596 [ForkJoinPool-3-worker-15] INFO  o.o.b.p.a.PullFromAggregateTracker - Pull Formulário da Vigilancia Hospitalar - Skipping submission 147 of 1156: already downloaded
2025-12-30 01:48:10,596 [ForkJoinPool-3-worker-11] INFO  o.o.b.p.a.PullFromAggregateTracker - Pull Formulário da Vigilancia Hospitalar - Skipping submission 140 of 601: already downloaded
2025-12-30 01:48:10,597 [ForkJoinPool-3-worker-10] INFO  o.o.b.p.a.PullFromAggregateTracker - Pull Formulário da Vigilancia Hospitalar - Laboratório - Skipping submission 130 of 642: already downloaded
2025-12-30 01:48:10,597 [ForkJoinPool-3-worker-15] INFO  o.o.b.p.a.PullFromAggregateTracker - Pull Formulário da Vigilancia Hospitalar - Skipping submission 148 of 1156: already downloaded
2025-12-30 01:48:10,597 [ForkJoinPool-3-worker-13] INFO  o.o.b.p.a.PullFromAggregateTracker - Pull Formulário da Vigilancia Comunitaria - Skipping submission 243 of 1299: already downloaded
2025-12-30 01:48:10,597 [ForkJoinPool-3-worker-10] INFO  o.o.b.p.a.PullFromAggregateTracker - Pull Formulário da Vigilancia Hospitalar - Laboratório - Skipping submission 131 of 642: already downloaded
2025-12-30 01:48:10,597 [ForkJoinPool-3-worker-11] INFO  o.o.b.p.a.PullFromAggregateTracker - Pull Formulário da Vigilancia Hospitalar - Skipping submission 141 of 601: already downloaded
2025-12-30 01:48:10,600 [ForkJoinPool-3-worker-9] INFO  o.o.b.p.a.PullFromAggregateTracker - Pull Formulário da Vigilancia Comunitaria - Skipping submission 241 of 1299: already downloaded
2025-12-30 01:48:10,602 [ForkJoinPool-3-worker-8] INFO  o.o.b.p.a.PullFromAggregateTracker - Pull Formulário da Vigilancia Comunitaria - Skipping submission 239 of 1299: already downloaded
2025-12-30 01:48:10,602 [ForkJoinPool-3-worker-15] INFO  o.o.b.p.a.PullFromAggregateTracker - Pull Formulário da Vigilancia Hospitalar - Skipping submission 149 of 1156: already downloaded
2025-12-30 01:48:10,602 [ForkJoinPool-3-worker-9] INFO  o.o.b.p.a.PullFromAggregateTracker - Pull Formulário da Vigilancia Comunitaria - Skipping submission 245 of 1299: already downloaded
2025-12-30 01:48:10,604 [ForkJoinPool-3-worker-13] INFO  o.o.b.p.a.PullFromAggregateTracker - Pull Formulário da Vigilancia Comunitaria - Skipping submission 244 of 1299: already downloaded
2025-12-30 01:48:10,604 [ForkJoinPool-3-worker-10] INFO  o.o.b.p.a.PullFromAggregateTracker - Pull Formulário da Vigilancia Hospitalar - Laboratório - Skipping submission 132 of 642: already downloaded
2025-12-30 01:48:10,608 [ForkJoinPool-3-worker-8] INFO  o.o.b.p.a.PullFromAggregateTracker - Pull Formulário da Vigilancia Comunitaria - Skipping submission 246 of 1299: already downloaded
2025-12-30 01:48:10,615 [ForkJoinPool-3-worker-15] INFO  o.o.b.p.a.PullFromAggregateTracker - Pull Formulário da Vigilancia Hospitalar - Skipping submission 150 of 1156: already downloaded
2025-12-30 01:48:10,606 [ForkJoinPool-3-worker-9] INFO  o.o.b.p.a.PullFromAggregateTracker - Pull Formulário da Vigilancia Comunitaria - Skipping submission 247 of 1299: already downloaded
2025-12-30 01:48:10,621 [ForkJoinPool-3-worker-13] INFO  o.o.b.p.a.PullFromAggregateTracker - Pull Formulário da Vigilancia Comunitaria - Skipping submission 248 of 1299: already downloaded
2025-12-30 01:48:10,606 [ForkJoinPool-3-worker-11] INFO  o.o.b.p.a.PullFromAggregateTracker - Pull Formulário da Vigilancia Hospitalar - Skipping submission 142 of 601: already downloaded
2025-12-30 01:48:10,623 [ForkJoinPool-3-worker-8] INFO  o.o.b.p.a.PullFromAggregateTracker - Pull Formulário da Vigilancia Comunitaria - Skipping submission 249 of 1299: already downloaded
2025-12-30 01:48:10,625 [ForkJoinPool-3-worker-10] INFO  o.o.b.p.a.PullFromAggregateTracker - Pull Formulário da Vigilancia Hospitalar - Laboratório - Skipping submission 133 of 642: already downloaded
2025-12-30 01:48:10,629 [ForkJoinPool-3-worker-15] INFO  o.o.b.p.a.PullFromAggregateTracker - Pull Formulário da Vigilancia Hospitalar - Skipping submission 151 of 1156: already downloaded
2025-12-30 01:48:10,630 [ForkJoinPool-3-worker-11] INFO  o.o.b.p.a.PullFromAggregateTracker - Pull Formulário da Vigilancia Hospitalar - Skipping submission 143 of 601: already downloaded
2025-12-30 01:48:10,632 [ForkJoinPool-3-worker-8] INFO  o.o.b.p.a.PullFromAggregateTracker - Pull Formulário da Vigilancia Comunitaria - Skipping submission 250 of 1299: already downloaded
2025-12-30 01:48:10,638 [ForkJoinPool-3-worker-10] INFO  o.o.b.p.a.PullFromAggregateTracker - Pull Formulário da Vigilancia Hospitalar - Laboratório - Skipping submission 134 of 642: already downloaded
2025-12-30 01:48:10,632 [ForkJoinPool-3-worker-15] INFO  o.o.b.p.a.PullFromAggregateTracker - Pull Formulário da Vigilancia Hospitalar - Skipping submission 152 of 1156: already downloaded
2025-12-30 01:48:10,639 [ForkJoinPool-3-worker-13] INFO  o.o.b.p.a.PullFromAggregateTracker - Pull Formulário da Vigilancia Comunitaria - Skipping submission 252 of 1299: already downloaded
2025-12-30 01:48:10,636 [ForkJoinPool-3-worker-8] INFO  o.o.b.p.a.PullFromAggregateTracker - Pull Formulário da Vigilancia Comunitaria - Skipping submission 253 of 1299: already downloaded
2025-12-30 01:48:10,641 [ForkJoinPool-3-worker-11] INFO  o.o.b.p.a.PullFromAggregateTracker - Pull Formulário da Vigilancia Hospitalar - Skipping submission 144 of 601: already downloaded
2025-12-30 01:48:10,643 [ForkJoinPool-3-worker-10] INFO  o.o.b.p.a.PullFromAggregateTracker - Pull Formulário da Vigilancia Hospitalar - Laboratório - Skipping submission 135 of 642: already downloaded
2025-12-30 01:48:10,643 [ForkJoinPool-3-worker-10] INFO  o.o.b.p.a.PullFromAggregateTracker - Pull Formulário da Vigilancia Hospitalar - Laboratório - Skipping submission 136 of 642: already downloaded
2025-12-30 01:48:10,643 [ForkJoinPool-3-worker-9] INFO  o.o.b.p.a.PullFromAggregateTracker - Pull Formulário da Vigilancia Comunitaria - Skipping submission 251 of 1299: already downloaded
2025-12-30 01:48:10,645 [ForkJoinPool-3-worker-8] INFO  o.o.b.p.a.PullFromAggregateTracker - Pull Formulário da Vigilancia Comunitaria - Skipping submission 255 of 1299: already downloaded
2025-12-30 01:48:10,645 [ForkJoinPool-3-worker-15] INFO  o.o.b.p.a.PullFromAggregateTracker - Pull Formulário da Vigilancia Hospitalar - Skipping submission 153 of 1156: already downloaded
2025-12-30 01:48:10,647 [ForkJoinPool-3-worker-11] INFO  o.o.b.p.a.PullFromAggregateTracker - Pull Formulário da Vigilancia Hospitalar - Skipping submission 145 of 601: already downloaded
2025-12-30 01:48:10,655 [ForkJoinPool-3-worker-13] INFO  o.o.b.p.a.PullFromAggregateTracker - Pull Formulário da Vigilancia Comunitaria - Skipping submission 254 of 1299: already downloaded
2025-12-30 01:48:10,657 [ForkJoinPool-3-worker-10] INFO  o.o.b.p.a.PullFromAggregateTracker - Pull Formulário da Vigilancia Hospitalar - Laboratório - Skipping submission 137 of 642: already downloaded
2025-12-30 01:48:10,658 [ForkJoinPool-3-worker-13] INFO  o.o.b.p.a.PullFromAggregateTracker - Pull Formulário da Vigilancia Comunitaria - Skipping submission 257 of 1299: already downloaded
2025-12-30 01:48:10,658 [ForkJoinPool-3-worker-15] INFO  o.o.b.p.a.PullFromAggregateTracker - Pull Formulário da Vigilancia Hospitalar - Skipping submission 154 of 1156: already downloaded
2025-12-30 01:48:10,658 [ForkJoinPool-3-worker-9] INFO  o.o.b.p.a.PullFromAggregateTracker - Pull Formulário da Vigilancia Comunitaria - Skipping submission 256 of 1299: already downloaded
2025-12-30 01:48:10,660 [ForkJoinPool-3-worker-8] INFO  o.o.b.p.a.PullFromAggregateTracker - Pull Formulário da Vigilancia Comunitaria - Skipping submission 258 of 1299: already downloaded
2025-12-30 01:48:10,660 [ForkJoinPool-3-worker-15] INFO  o.o.b.p.a.PullFromAggregateTracker - Pull Formulário da Vigilancia Hospitalar - Skipping submission 155 of 1156: already downloaded
2025-12-30 01:48:10,660 [ForkJoinPool-3-worker-9] INFO  o.o.b.p.a.PullFromAggregateTracker - Pull Formulário da Vigilancia Comunitaria - Skipping submission 260 of 1299: already downloaded
2025-12-30 01:48:10,661 [ForkJoinPool-3-worker-13] INFO  o.o.b.p.a.PullFromAggregateTracker - Pull Formulário da Vigilancia Comunitaria - Skipping submission 259 of 1299: already downloaded
2025-12-30 01:48:10,661 [ForkJoinPool-3-worker-15] INFO  o.o.b.p.a.PullFromAggregateTracker - Pull Formulário da Vigilancia Hospitalar - Skipping submission 156 of 1156: already downloaded
2025-12-30 01:48:10,660 [ForkJoinPool-3-worker-11] INFO  o.o.b.p.a.PullFromAggregateTracker - Pull Formulário da Vigilancia Hospitalar - Skipping submission 146 of 601: already downloaded
2025-12-30 01:48:10,661 [ForkJoinPool-3-worker-9] INFO  o.o.b.p.a.PullFromAggregateTracker - Pull Formulário da Vigilancia Comunitaria - Skipping submission 262 of 1299: already downloaded
2025-12-30 01:48:10,663 [ForkJoinPool-3-worker-11] INFO  o.o.b.p.a.PullFromAggregateTracker - Pull Formulário da Vigilancia Hospitalar - Skipping submission 147 of 601: already downloaded
2025-12-30 01:48:10,664 [ForkJoinPool-3-worker-15] INFO  o.o.b.p.a.PullFromAggregateTracker - Pull Formulário da Vigilancia Hospitalar - Skipping submission 157 of 1156: already downloaded
2025-12-30 01:48:10,664 [ForkJoinPool-3-worker-8] INFO  o.o.b.p.a.PullFromAggregateTracker - Pull Formulário da Vigilancia Comunitaria - Skipping submission 261 of 1299: already downloaded
2025-12-30 01:48:10,666 [ForkJoinPool-3-worker-11] INFO  o.o.b.p.a.PullFromAggregateTracker - Pull Formulário da Vigilancia Hospitalar - Skipping submission 148 of 601: already downloaded
2025-12-30 01:48:10,669 [ForkJoinPool-3-worker-9] INFO  o.o.b.p.a.PullFromAggregateTracker - Pull Formulário da Vigilancia Comunitaria - Skipping submission 264 of 1299: already downloaded
2025-12-30 01:48:10,671 [ForkJoinPool-3-worker-10] INFO  o.o.b.p.a.PullFromAggregateTracker - Pull Formulário da Vigilancia Hospitalar - Laboratório - Skipping submission 138 of 642: already downloaded
2025-12-30 01:48:10,672 [ForkJoinPool-3-worker-11] INFO  o.o.b.p.a.PullFromAggregateTracker - Pull Formulário da Vigilancia Hospitalar - Skipping submission 149 of 601: already downloaded
2025-12-30 01:48:10,673 [ForkJoinPool-3-worker-15] INFO  o.o.b.p.a.PullFromAggregateTracker - Pull Formulário da Vigilancia Hospitalar - Skipping submission 158 of 1156: already downloaded
2025-12-30 01:48:10,675 [ForkJoinPool-3-worker-10] INFO  o.o.b.p.a.PullFromAggregateTracker - Pull Formulário da Vigilancia Hospitalar - Laboratório - Skipping submission 139 of 642: already downloaded
2025-12-30 01:48:10,675 [ForkJoinPool-3-worker-9] INFO  o.o.b.p.a.PullFromAggregateTracker - Pull Formulário da Vigilancia Comunitaria - Skipping submission 266 of 1299: already downloaded
2025-12-30 01:48:10,677 [ForkJoinPool-3-worker-11] INFO  o.o.b.p.a.PullFromAggregateTracker - Pull Formulário da Vigilancia Hospitalar - Skipping submission 150 of 601: already downloaded
2025-12-30 01:48:10,677 [ForkJoinPool-3-worker-13] INFO  o.o.b.p.a.PullFromAggregateTracker - Pull Formulário da Vigilancia Comunitaria - Skipping submission 263 of 1299: already downloaded
2025-12-30 01:48:10,677 [ForkJoinPool-3-worker-9] INFO  o.o.b.p.a.PullFromAggregateTracker - Pull Formulário da Vigilancia Comunitaria - Skipping submission 267 of 1299: already downloaded
2025-12-30 01:48:10,677 [ForkJoinPool-3-worker-15] INFO  o.o.b.p.a.PullFromAggregateTracker - Pull Formulário da Vigilancia Hospitalar - Skipping submission 159 of 1156: already downloaded
2025-12-30 01:48:10,679 [ForkJoinPool-3-worker-8] INFO  o.o.b.p.a.PullFromAggregateTracker - Pull Formulário da Vigilancia Comunitaria - Skipping submission 265 of 1299: already downloaded
2025-12-30 01:48:10,679 [ForkJoinPool-3-worker-10] INFO  o.o.b.p.a.PullFromAggregateTracker - Pull Formulário da Vigilancia Hospitalar - Laboratório - Skipping submission 140 of 642: already downloaded
2025-12-30 01:48:10,679 [ForkJoinPool-3-worker-15] INFO  o.o.b.p.a.PullFromAggregateTracker - Pull Formulário da Vigilancia Hospitalar - Skipping submission 160 of 1156: already downloaded
2025-12-30 01:48:10,687 [ForkJoinPool-3-worker-8] INFO  o.o.b.p.a.PullFromAggregateTracker - Pull Formulário da Vigilancia Comunitaria - Skipping submission 270 of 1299: already downloaded
2025-12-30 01:48:10,687 [ForkJoinPool-3-worker-11] INFO  o.o.b.p.a.PullFromAggregateTracker - Pull Formulário da Vigilancia Hospitalar - Skipping submission 151 of 601: already downloaded
2025-12-30 01:48:10,681 [ForkJoinPool-3-worker-10] INFO  o.o.b.p.a.PullFromAggregateTracker - Pull Formulário da Vigilancia Hospitalar - Laboratório - Skipping submission 141 of 642: already downloaded
2025-12-30 01:48:10,689 [ForkJoinPool-3-worker-9] INFO  o.o.b.p.a.PullFromAggregateTracker - Pull Formulário da Vigilancia Comunitaria - Skipping submission 269 of 1299: already downloaded
2025-12-30 01:48:10,691 [ForkJoinPool-3-worker-15] INFO  o.o.b.p.a.PullFromAggregateTracker - Pull Formulário da Vigilancia Hospitalar - Skipping submission 161 of 1156: already downloaded
2025-12-30 01:48:10,691 [ForkJoinPool-3-worker-13] INFO  o.o.b.p.a.PullFromAggregateTracker - Pull Formulário da Vigilancia Comunitaria - Skipping submission 268 of 1299: already downloaded
2025-12-30 01:48:10,692 [ForkJoinPool-3-worker-10] INFO  o.o.b.p.a.PullFromAggregateTracker - Pull Formulário da Vigilancia Hospitalar - Laboratório - Skipping submission 142 of 642: already downloaded
2025-12-30 01:48:10,692 [ForkJoinPool-3-worker-15] INFO  o.o.b.p.a.PullFromAggregateTracker - Pull Formulário da Vigilancia Hospitalar - Skipping submission 162 of 1156: already downloaded
2025-12-30 01:48:10,695 [ForkJoinPool-3-worker-11] INFO  o.o.b.p.a.PullFromAggregateTracker - Pull Formulário da Vigilancia Hospitalar - Skipping submission 152 of 601: already downloaded
2025-12-30 01:48:10,695 [ForkJoinPool-3-worker-13] INFO  o.o.b.p.a.PullFromAggregateTracker - Pull Formulário da Vigilancia Comunitaria - Skipping submission 273 of 1299: already downloaded
2025-12-30 01:48:10,695 [ForkJoinPool-3-worker-15] INFO  o.o.b.p.a.PullFromAggregateTracker - Pull Formulário da Vigilancia Hospitalar - Skipping submission 163 of 1156: already downloaded
2025-12-30 01:48:10,695 [ForkJoinPool-3-worker-11] INFO  o.o.b.p.a.PullFromAggregateTracker - Pull Formulário da Vigilancia Hospitalar - Skipping submission 153 of 601: already downloaded
2025-12-30 01:48:10,697 [ForkJoinPool-3-worker-13] INFO  o.o.b.p.a.PullFromAggregateTracker - Pull Formulário da Vigilancia Comunitaria - Skipping submission 274 of 1299: already downloaded
2025-12-30 01:48:10,697 [ForkJoinPool-3-worker-15] INFO  o.o.b.p.a.PullFromAggregateTracker - Pull Formulário da Vigilancia Hospitalar - Skipping submission 164 of 1156: already downloaded
2025-12-30 01:48:10,699 [ForkJoinPool-3-worker-10] INFO  o.o.b.p.a.PullFromAggregateTracker - Pull Formulário da Vigilancia Hospitalar - Laboratório - Skipping submission 143 of 642: already downloaded
2025-12-30 01:48:10,714 [ForkJoinPool-3-worker-11] INFO  o.o.b.p.a.PullFromAggregateTracker - Pull Formulário da Vigilancia Hospitalar - Skipping submission 154 of 601: already downloaded
2025-12-30 01:48:10,715 [ForkJoinPool-3-worker-11] INFO  o.o.b.p.a.PullFromAggregateTracker - Pull Formulário da Vigilancia Hospitalar - Skipping submission 155 of 601: already downloaded
2025-12-30 01:48:10,719 [ForkJoinPool-3-worker-9] INFO  o.o.b.p.a.PullFromAggregateTracker - Pull Formulário da Vigilancia Comunitaria - Skipping submission 272 of 1299: already downloaded
2025-12-30 01:48:10,728 [ForkJoinPool-3-worker-10] INFO  o.o.b.p.a.PullFromAggregateTracker - Pull Formulário da Vigilancia Hospitalar - Laboratório - Skipping submission 144 of 642: already downloaded
2025-12-30 01:48:10,730 [ForkJoinPool-3-worker-8] INFO  o.o.b.p.a.PullFromAggregateTracker - Pull Formulário da Vigilancia Comunitaria - Skipping submission 271 of 1299: already downloaded
2025-12-30 01:48:10,736 [ForkJoinPool-3-worker-15] INFO  o.o.b.p.a.PullFromAggregateTracker - Pull Formulário da Vigilancia Hospitalar - Skipping submission 165 of 1156: already downloaded
2025-12-30 01:48:10,747 [ForkJoinPool-3-worker-11] INFO  o.o.b.p.a.PullFromAggregateTracker - Pull Formulário da Vigilancia Hospitalar - Skipping submission 156 of 601: already downloaded
2025-12-30 01:48:10,748 [ForkJoinPool-3-worker-8] INFO  o.o.b.p.a.PullFromAggregateTracker - Pull Formulário da Vigilancia Comunitaria - Skipping submission 277 of 1299: already downloaded
2025-12-30 01:48:10,755 [ForkJoinPool-3-worker-9] INFO  o.o.b.p.a.PullFromAggregateTracker - Pull Formulário da Vigilancia Comunitaria - Skipping submission 276 of 1299: already downloaded
2025-12-30 01:48:10,757 [ForkJoinPool-3-worker-10] INFO  o.o.b.p.a.PullFromAggregateTracker - Pull Formulário da Vigilancia Hospitalar - Laboratório - Skipping submission 145 of 642: already downloaded
2025-12-30 01:48:10,757 [ForkJoinPool-3-worker-13] INFO  o.o.b.p.a.PullFromAggregateTracker - Pull Formulário da Vigilancia Comunitaria - Skipping submission 275 of 1299: already downloaded
2025-12-30 01:48:10,773 [ForkJoinPool-3-worker-15] INFO  o.o.b.p.a.PullFromAggregateTracker - Pull Formulário da Vigilancia Hospitalar - Skipping submission 166 of 1156: already downloaded
2025-12-30 01:48:10,779 [ForkJoinPool-3-worker-13] INFO  o.o.b.p.a.PullFromAggregateTracker - Pull Formulário da Vigilancia Comunitaria - Skipping submission 279 of 1299: already downloaded
2025-12-30 01:48:10,779 [ForkJoinPool-3-worker-11] INFO  o.o.b.p.a.PullFromAggregateTracker - Pull Formulário da Vigilancia Hospitalar - Skipping submission 157 of 601: already downloaded
2025-12-30 01:48:10,778 [ForkJoinPool-3-worker-8] INFO  o.o.b.p.a.PullFromAggregateTracker - Pull Formulário da Vigilancia Comunitaria - Skipping submission 278 of 1299: already downloaded
2025-12-30 01:48:10,826 [ForkJoinPool-3-worker-13] INFO  o.o.b.p.a.PullFromAggregateTracker - Pull Formulário da Vigilancia Comunitaria - Skipping submission 280 of 1299: already downloaded
2025-12-30 01:48:10,827 [ForkJoinPool-3-worker-15] INFO  o.o.b.p.a.PullFromAggregateTracker - Pull Formulário da Vigilancia Hospitalar - Skipping submission 167 of 1156: already downloaded
2025-12-30 01:48:10,827 [ForkJoinPool-3-worker-11] INFO  o.o.b.p.a.PullFromAggregateTracker - Pull Formulário da Vigilancia Hospitalar - Skipping submission 158 of 601: already downloaded
2025-12-30 01:48:10,827 [ForkJoinPool-3-worker-8] INFO  o.o.b.p.a.PullFromAggregateTracker - Pull Formulário da Vigilancia Comunitaria - Skipping submission 282 of 1299: already downloaded
2025-12-30 01:48:10,827 [ForkJoinPool-3-worker-10] INFO  o.o.b.p.a.PullFromAggregateTracker - Pull Formulário da Vigilancia Hospitalar - Laboratório - Skipping submission 146 of 642: already downloaded
2025-12-30 01:48:10,830 [ForkJoinPool-3-worker-9] INFO  o.o.b.p.a.PullFromAggregateTracker - Pull Formulário da Vigilancia Comunitaria - Skipping submission 281 of 1299: already downloaded
2025-12-30 01:48:10,844 [ForkJoinPool-3-worker-15] INFO  o.o.b.p.a.PullFromAggregateTracker - Pull Formulário da Vigilancia Hospitalar - Skipping submission 168 of 1156: already downloaded
2025-12-30 01:48:10,847 [ForkJoinPool-3-worker-15] INFO  o.o.b.p.a.PullFromAggregateTracker - Pull Formulário da Vigilancia Hospitalar - Skipping submission 169 of 1156: already downloaded
2025-12-30 01:48:10,853 [ForkJoinPool-3-worker-10] INFO  o.o.b.p.a.PullFromAggregateTracker - Pull Formulário da Vigilancia Hospitalar - Laboratório - Skipping submission 147 of 642: already downloaded
2025-12-30 01:48:10,865 [ForkJoinPool-3-worker-15] INFO  o.o.b.p.a.PullFromAggregateTracker - Pull Formulário da Vigilancia Hospitalar - Skipping submission 170 of 1156: already downloaded
2025-12-30 01:48:10,869 [ForkJoinPool-3-worker-2] INFO  o.o.b.p.a.PullFromAggregateTracker - Pull Formulário da Vigilancia Hospitalar - Laboratório - Submission 11 of 74 downloaded
2025-12-30 01:48:10,864 [ForkJoinPool-3-worker-3] INFO  o.o.b.p.a.PullFromAggregateTracker - Pull Formulário da Vigilancia Hospitalar - Submission 67 of 250 downloaded
2025-12-30 01:48:10,848 [ForkJoinPool-3-worker-11] INFO  o.o.b.p.a.PullFromAggregateTracker - Pull Formulário da Vigilancia Hospitalar - Skipping submission 159 of 601: already downloaded
2025-12-30 01:48:10,874 [ForkJoinPool-3-worker-6] INFO  o.o.b.p.a.PullFromAggregateTracker - Pull Resultados de testagem das vigilâncias - Submission 8 of 15 downloaded
2025-12-30 01:48:10,876 [ForkJoinPool-3-worker-1] INFO  o.o.b.p.a.PullFromAggregateTracker - Pull Formulário da Vigilancia Comunitaria - Submission 84 of 258 downloaded
2025-12-30 01:48:10,886 [ForkJoinPool-3-worker-4] INFO  o.o.b.p.a.PullFromAggregateTracker - Pull Formulário da Vigilancia Hospitalar - Laboratório - Submission 12 of 74 downloaded
2025-12-30 01:48:10,893 [ForkJoinPool-3-worker-8] INFO  o.o.b.p.a.PullFromAggregateTracker - Pull Formulário da Vigilancia Comunitaria - Skipping submission 283 of 1299: already downloaded
2025-12-30 01:48:10,898 [ForkJoinPool-3-worker-9] INFO  o.o.b.p.a.PullFromAggregateTracker - Pull Formulário da Vigilancia Comunitaria - Skipping submission 285 of 1299: already downloaded
2025-12-30 01:48:10,904 [ForkJoinPool-3-worker-6] INFO  o.o.b.p.a.PullFromAggregateTracker - Pull Resultados de testagem das vigilâncias - Start downloading submission 9 of 15
2025-12-30 01:48:10,924 [ForkJoinPool-3-worker-10] INFO  o.o.b.p.a.PullFromAggregateTracker - Pull Formulário da Vigilancia Hospitalar - Laboratório - Skipping submission 148 of 642: already downloaded
2025-12-30 01:48:10,909 [ForkJoinPool-3-worker-11] INFO  o.o.b.p.a.PullFromAggregateTracker - Pull Formulário da Vigilancia Hospitalar - Skipping submission 160 of 601: already downloaded
2025-12-30 01:48:10,930 [ForkJoinPool-3-worker-1] INFO  o.o.b.p.a.PullFromAggregateTracker - Pull Formulário da Vigilancia Comunitaria - Start downloading submission 85 of 258
2025-12-30 01:48:10,931 [ForkJoinPool-3-worker-3] INFO  o.o.b.p.a.PullFromAggregateTracker - Pull Formulário da Vigilancia Hospitalar - Start downloading submission 68 of 250
2025-12-30 01:48:10,942 [ForkJoinPool-3-worker-13] INFO  o.o.b.p.a.PullFromAggregateTracker - Pull Formulário da Vigilancia Comunitaria - Skipping submission 284 of 1299: already downloaded
2025-12-30 01:48:10,943 [ForkJoinPool-3-worker-15] INFO  o.o.b.p.a.PullFromAggregateTracker - Pull Formulário da Vigilancia Hospitalar - Skipping submission 171 of 1156: already downloaded
2025-12-30 01:48:10,945 [ForkJoinPool-3-worker-9] INFO  o.o.b.p.a.PullFromAggregateTracker - Pull Formulário da Vigilancia Comunitaria - Skipping submission 287 of 1299: already downloaded
2025-12-30 01:48:10,942 [ForkJoinPool-3-worker-10] INFO  o.o.b.p.a.PullFromAggregateTracker - Pull Formulário da Vigilancia Hospitalar - Laboratório - Skipping submission 149 of 642: already downloaded
2025-12-30 01:48:10,948 [ForkJoinPool-3-worker-4] INFO  o.o.b.p.a.PullFromAggregateTracker - Pull Formulário da Vigilancia Hospitalar - Laboratório - Start downloading submission 13 of 74
2025-12-30 01:48:10,954 [ForkJoinPool-3-worker-10] INFO  o.o.b.p.a.PullFromAggregateTracker - Pull Formulário da Vigilancia Hospitalar - Laboratório - Skipping submission 150 of 642: already downloaded
2025-12-30 01:48:10,956 [ForkJoinPool-3-worker-15] INFO  o.o.b.p.a.PullFromAggregateTracker - Pull Formulário da Vigilancia Hospitalar - Skipping submission 172 of 1156: already downloaded
2025-12-30 01:48:10,958 [ForkJoinPool-3-worker-8] INFO  o.o.b.p.a.PullFromAggregateTracker - Pull Formulário da Vigilancia Comunitaria - Skipping submission 286 of 1299: already downloaded
2025-12-30 01:48:10,958 [ForkJoinPool-3-worker-8] INFO  o.o.b.p.a.PullFromAggregateTracker - Pull Formulário da Vigilancia Comunitaria - Skipping submission 290 of 1299: already downloaded
2025-12-30 01:48:10,958 [ForkJoinPool-3-worker-11] INFO  o.o.b.p.a.PullFromAggregateTracker - Pull Formulário da Vigilancia Hospitalar - Skipping submission 161 of 601: already downloaded
2025-12-30 01:48:10,961 [ForkJoinPool-3-worker-11] INFO  o.o.b.p.a.PullFromAggregateTracker - Pull Formulário da Vigilancia Hospitalar - Skipping submission 162 of 601: already downloaded
2025-12-30 01:48:10,951 [ForkJoinPool-3-worker-2] INFO  o.o.b.p.a.PullFromAggregateTracker - Pull Formulário da Vigilancia Hospitalar - Laboratório - Start downloading submission 14 of 74
2025-12-30 01:48:11,022 [ForkJoinPool-3-worker-8] INFO  o.o.b.p.a.PullFromAggregateTracker - Pull Formulário da Vigilancia Comunitaria - Skipping submission 291 of 1299: already downloaded
2025-12-30 01:48:11,023 [ForkJoinPool-3-worker-11] INFO  o.o.b.p.a.PullFromAggregateTracker - Pull Formulário da Vigilancia Hospitalar - Skipping submission 163 of 601: already downloaded
2025-12-30 01:48:11,027 [ForkJoinPool-3-worker-9] INFO  o.o.b.p.a.PullFromAggregateTracker - Pull Formulário da Vigilancia Comunitaria - Skipping submission 289 of 1299: already downloaded
2025-12-30 01:48:11,035 [ForkJoinPool-3-worker-15] INFO  o.o.b.p.a.PullFromAggregateTracker - Pull Formulário da Vigilancia Hospitalar - Skipping submission 173 of 1156: already downloaded
2025-12-30 01:48:11,030 [ForkJoinPool-3-worker-13] INFO  o.o.b.p.a.PullFromAggregateTracker - Pull Formulário da Vigilancia Comunitaria - Skipping submission 288 of 1299: already downloaded
2025-12-30 01:48:11,030 [ForkJoinPool-3-worker-10] INFO  o.o.b.p.a.PullFromAggregateTracker - Pull Formulário da Vigilancia Hospitalar - Laboratório - Skipping submission 151 of 642: already downloaded
2025-12-30 01:48:11,029 [ForkJoinPool-3-worker-11] INFO  o.o.b.p.a.PullFromAggregateTracker - Pull Formulário da Vigilancia Hospitalar - Skipping submission 164 of 601: already downloaded
2025-12-30 01:48:11,041 [ForkJoinPool-3-worker-8] INFO  o.o.b.p.a.PullFromAggregateTracker - Pull Formulário da Vigilancia Comunitaria - Skipping submission 292 of 1299: already downloaded
2025-12-30 01:48:11,046 [ForkJoinPool-3-worker-11] INFO  o.o.b.p.a.PullFromAggregateTracker - Pull Formulário da Vigilancia Hospitalar - Skipping submission 165 of 601: already downloaded
2025-12-30 01:48:11,048 [ForkJoinPool-3-worker-10] INFO  o.o.b.p.a.PullFromAggregateTracker - Pull Formulário da Vigilancia Hospitalar - Laboratório - Skipping submission 152 of 642: already downloaded
2025-12-30 01:48:11,051 [ForkJoinPool-3-worker-9] INFO  o.o.b.p.a.PullFromAggregateTracker - Pull Formulário da Vigilancia Comunitaria - Skipping submission 293 of 1299: already downloaded
2025-12-30 01:48:11,053 [ForkJoinPool-3-worker-13] INFO  o.o.b.p.a.PullFromAggregateTracker - Pull Formulário da Vigilancia Comunitaria - Skipping submission 295 of 1299: already downloaded
2025-12-30 01:48:11,064 [ForkJoinPool-3-worker-10] INFO  o.o.b.p.a.PullFromAggregateTracker - Pull Formulário da Vigilancia Hospitalar - Laboratório - Skipping submission 153 of 642: already downloaded
2025-12-30 01:48:11,054 [ForkJoinPool-3-worker-8] INFO  o.o.b.p.a.PullFromAggregateTracker - Pull Formulário da Vigilancia Comunitaria - Skipping submission 294 of 1299: already downloaded
2025-12-30 01:48:11,065 [ForkJoinPool-3-worker-15] INFO  o.o.b.p.a.PullFromAggregateTracker - Pull Formulário da Vigilancia Hospitalar - Skipping submission 174 of 1156: already downloaded
2025-12-30 01:48:11,054 [ForkJoinPool-3-worker-11] INFO  o.o.b.p.a.PullFromAggregateTracker - Pull Formulário da Vigilancia Hospitalar - Skipping submission 166 of 601: already downloaded
2025-12-30 01:48:11,065 [ForkJoinPool-3-worker-10] INFO  o.o.b.p.a.PullFromAggregateTracker - Pull Formulário da Vigilancia Hospitalar - Laboratório - Skipping submission 154 of 642: already downloaded
2025-12-30 01:48:11,070 [ForkJoinPool-3-worker-11] INFO  o.o.b.p.a.PullFromAggregateTracker - Pull Formulário da Vigilancia Hospitalar - Skipping submission 167 of 601: already downloaded
2025-12-30 01:48:11,082 [ForkJoinPool-3-worker-8] INFO  o.o.b.p.a.PullFromAggregateTracker - Pull Formulário da Vigilancia Comunitaria - Skipping submission 297 of 1299: already downloaded
2025-12-30 01:48:11,085 [ForkJoinPool-3-worker-15] INFO  o.o.b.p.a.PullFromAggregateTracker - Pull Formulário da Vigilancia Hospitalar - Skipping submission 175 of 1156: already downloaded
2025-12-30 01:48:11,086 [ForkJoinPool-3-worker-15] INFO  o.o.b.p.a.PullFromAggregateTracker - Pull Formulário da Vigilancia Hospitalar - Skipping submission 176 of 1156: already downloaded
2025-12-30 01:48:11,075 [ForkJoinPool-3-worker-10] INFO  o.o.b.p.a.PullFromAggregateTracker - Pull Formulário da Vigilancia Hospitalar - Laboratório - Skipping submission 155 of 642: already downloaded
2025-12-30 01:48:11,075 [ForkJoinPool-3-worker-13] INFO  o.o.b.p.a.PullFromAggregateTracker - Pull Formulário da Vigilancia Comunitaria - Skipping submission 298 of 1299: already downloaded
2025-12-30 01:48:11,095 [ForkJoinPool-3-worker-10] INFO  o.o.b.p.a.PullFromAggregateTracker - Pull Formulário da Vigilancia Hospitalar - Laboratório - Skipping submission 156 of 642: already downloaded
2025-12-30 01:48:11,092 [ForkJoinPool-3-worker-13] INFO  o.o.b.p.a.PullFromAggregateTracker - Pull Formulário da Vigilancia Comunitaria - Skipping submission 300 of 1299: already downloaded
2025-12-30 01:48:11,092 [ForkJoinPool-3-worker-8] INFO  o.o.b.p.a.PullFromAggregateTracker - Pull Formulário da Vigilancia Comunitaria - Skipping submission 299 of 1299: already downloaded
2025-12-30 01:48:11,127 [ForkJoinPool-3-worker-15] INFO  o.o.b.p.a.PullFromAggregateTracker - Pull Formulário da Vigilancia Hospitalar - Skipping submission 177 of 1156: already downloaded
2025-12-30 01:48:11,128 [ForkJoinPool-3-worker-11] INFO  o.o.b.p.a.PullFromAggregateTracker - Pull Formulário da Vigilancia Hospitalar - Skipping submission 168 of 601: already downloaded
2025-12-30 01:48:11,129 [ForkJoinPool-3-worker-11] INFO  o.o.b.p.a.PullFromAggregateTracker - Pull Formulário da Vigilancia Hospitalar - Skipping submission 169 of 601: already downloaded
2025-12-30 01:48:11,073 [ForkJoinPool-3-worker-9] INFO  o.o.b.p.a.PullFromAggregateTracker - Pull Formulário da Vigilancia Comunitaria - Skipping submission 296 of 1299: already downloaded
2025-12-30 01:48:11,097 [ForkJoinPool-3-worker-13] INFO  o.o.b.p.a.PullFromAggregateTracker - Pull Formulário da Vigilancia Comunitaria - Skipping submission 301 of 1299: already downloaded
2025-12-30 01:48:11,131 [ForkJoinPool-3-worker-10] INFO  o.o.b.p.a.PullFromAggregateTracker - Pull Formulário da Vigilancia Hospitalar - Laboratório - Skipping submission 157 of 642: already downloaded
2025-12-30 01:48:11,133 [ForkJoinPool-3-worker-15] INFO  o.o.b.p.a.PullFromAggregateTracker - Pull Formulário da Vigilancia Hospitalar - Skipping submission 178 of 1156: already downloaded
2025-12-30 01:48:11,142 [ForkJoinPool-3-worker-15] INFO  o.o.b.p.a.PullFromAggregateTracker - Pull Formulário da Vigilancia Hospitalar - Skipping submission 179 of 1156: already downloaded
2025-12-30 01:48:11,145 [ForkJoinPool-3-worker-11] INFO  o.o.b.p.a.PullFromAggregateTracker - Pull Formulário da Vigilancia Hospitalar - Skipping submission 170 of 601: already downloaded
2025-12-30 01:48:11,145 [ForkJoinPool-3-worker-13] INFO  o.o.b.p.a.PullFromAggregateTracker - Pull Formulário da Vigilancia Comunitaria - Skipping submission 302 of 1299: already downloaded
2025-12-30 01:48:11,154 [ForkJoinPool-3-worker-8] INFO  o.o.b.p.a.PullFromAggregateTracker - Pull Formulário da Vigilancia Comunitaria - Skipping submission 304 of 1299: already downloaded
2025-12-30 01:48:11,155 [ForkJoinPool-3-worker-15] INFO  o.o.b.p.a.PullFromAggregateTracker - Pull Formulário da Vigilancia Hospitalar - Skipping submission 180 of 1156: already downloaded
2025-12-30 01:48:11,155 [ForkJoinPool-3-worker-10] INFO  o.o.b.p.a.PullFromAggregateTracker - Pull Formulário da Vigilancia Hospitalar - Laboratório - Skipping submission 158 of 642: already downloaded
2025-12-30 01:48:11,159 [ForkJoinPool-3-worker-9] INFO  o.o.b.p.a.PullFromAggregateTracker - Pull Formulário da Vigilancia Comunitaria - Skipping submission 303 of 1299: already downloaded
2025-12-30 01:48:11,163 [ForkJoinPool-3-worker-10] INFO  o.o.b.p.a.PullFromAggregateTracker - Pull Formulário da Vigilancia Hospitalar - Laboratório - Skipping submission 159 of 642: already downloaded
2025-12-30 01:48:11,163 [ForkJoinPool-3-worker-11] INFO  o.o.b.p.a.PullFromAggregateTracker - Pull Formulário da Vigilancia Hospitalar - Skipping submission 171 of 601: already downloaded
2025-12-30 01:48:11,163 [ForkJoinPool-3-worker-15] INFO  o.o.b.p.a.PullFromAggregateTracker - Pull Formulário da Vigilancia Hospitalar - Skipping submission 181 of 1156: already downloaded
2025-12-30 01:48:11,164 [ForkJoinPool-3-worker-11] INFO  o.o.b.p.a.PullFromAggregateTracker - Pull Formulário da Vigilancia Hospitalar - Skipping submission 172 of 601: already downloaded
2025-12-30 01:48:11,168 [ForkJoinPool-3-worker-13] INFO  o.o.b.p.a.PullFromAggregateTracker - Pull Formulário da Vigilancia Comunitaria - Skipping submission 305 of 1299: already downloaded
2025-12-30 01:48:11,172 [ForkJoinPool-3-worker-10] INFO  o.o.b.p.a.PullFromAggregateTracker - Pull Formulário da Vigilancia Hospitalar - Laboratório - Skipping submission 160 of 642: already downloaded
2025-12-30 01:48:11,178 [ForkJoinPool-3-worker-13] INFO  o.o.b.p.a.PullFromAggregateTracker - Pull Formulário da Vigilancia Comunitaria - Skipping submission 308 of 1299: already downloaded
2025-12-30 01:48:11,187 [ForkJoinPool-3-worker-15] INFO  o.o.b.p.a.PullFromAggregateTracker - Pull Formulário da Vigilancia Hospitalar - Skipping submission 182 of 1156: already downloaded
2025-12-30 01:48:11,247 [ForkJoinPool-3-worker-10] INFO  o.o.b.p.a.PullFromAggregateTracker - Pull Formulário da Vigilancia Hospitalar - Laboratório - Skipping submission 161 of 642: already downloaded
2025-12-30 01:48:11,251 [ForkJoinPool-3-worker-15] INFO  o.o.b.p.a.PullFromAggregateTracker - Pull Formulário da Vigilancia Hospitalar - Skipping submission 183 of 1156: already downloaded
2025-12-30 01:48:11,254 [ForkJoinPool-3-worker-11] INFO  o.o.b.p.a.PullFromAggregateTracker - Pull Formulário da Vigilancia Hospitalar - Skipping submission 173 of 601: already downloaded
2025-12-30 01:48:11,255 [ForkJoinPool-3-worker-11] INFO  o.o.b.p.a.PullFromAggregateTracker - Pull Formulário da Vigilancia Hospitalar - Skipping submission 174 of 601: already downloaded
2025-12-30 01:48:11,262 [ForkJoinPool-3-worker-10] INFO  o.o.b.p.a.PullFromAggregateTracker - Pull Formulário da Vigilancia Hospitalar - Laboratório - Skipping submission 162 of 642: already downloaded
2025-12-30 01:48:11,264 [ForkJoinPool-3-worker-15] INFO  o.o.b.p.a.PullFromAggregateTracker - Pull Formulário da Vigilancia Hospitalar - Skipping submission 184 of 1156: already downloaded
2025-12-30 01:48:11,266 [ForkJoinPool-3-worker-10] INFO  o.o.b.p.a.PullFromAggregateTracker - Pull Formulário da Vigilancia Hospitalar - Laboratório - Skipping submission 163 of 642: already downloaded
2025-12-30 01:48:11,273 [ForkJoinPool-3-worker-13] INFO  o.o.b.p.a.PullFromAggregateTracker - Pull Formulário da Vigilancia Comunitaria - Skipping submission 309 of 1299: already downloaded
2025-12-30 01:48:11,273 [ForkJoinPool-3-worker-9] INFO  o.o.b.p.a.PullFromAggregateTracker - Pull Formulário da Vigilancia Comunitaria - Skipping submission 307 of 1299: already downloaded
2025-12-30 01:48:11,275 [ForkJoinPool-3-worker-8] INFO  o.o.b.p.a.PullFromAggregateTracker - Pull Formulário da Vigilancia Comunitaria - Skipping submission 306 of 1299: already downloaded
2025-12-30 01:48:11,318 [ForkJoinPool-3-worker-4] INFO  o.o.b.p.a.PullFromAggregateTracker - Pull Formulário da Vigilancia Hospitalar - Laboratório - Submission 13 of 74 downloaded
2025-12-30 01:48:11,320 [ForkJoinPool-3-worker-2] INFO  o.o.b.p.a.PullFromAggregateTracker - Pull Formulário da Vigilancia Hospitalar - Laboratório - Submission 14 of 74 downloaded
2025-12-30 01:48:11,347 [ForkJoinPool-3-worker-15] INFO  o.o.b.p.a.PullFromAggregateTracker - Pull Formulário da Vigilancia Hospitalar - Skipping submission 185 of 1156: already downloaded
2025-12-30 01:48:11,348 [ForkJoinPool-3-worker-10] INFO  o.o.b.p.a.PullFromAggregateTracker - Pull Formulário da Vigilancia Hospitalar - Laboratório - Skipping submission 164 of 642: already downloaded
2025-12-30 01:48:11,362 [ForkJoinPool-3-worker-13] INFO  o.o.b.p.a.PullFromAggregateTracker - Pull Formulário da Vigilancia Comunitaria - Skipping submission 310 of 1299: already downloaded
2025-12-30 01:48:11,363 [ForkJoinPool-3-worker-10] INFO  o.o.b.p.a.PullFromAggregateTracker - Pull Formulário da Vigilancia Hospitalar - Laboratório - Skipping submission 165 of 642: already downloaded
2025-12-30 01:48:11,364 [ForkJoinPool-3-worker-2] INFO  o.o.b.p.a.PullFromAggregateTracker - Pull Formulário da Vigilancia Hospitalar - Laboratório - Start downloading submission 15 of 74
2025-12-30 01:48:11,378 [ForkJoinPool-3-worker-1] INFO  o.o.b.p.a.PullFromAggregateTracker - Pull Formulário da Vigilancia Comunitaria - Submission 85 of 258 downloaded
2025-12-30 01:48:11,444 [ForkJoinPool-3-worker-11] INFO  o.o.b.p.a.PullFromAggregateTracker - Pull Formulário da Vigilancia Hospitalar - Skipping submission 175 of 601: already downloaded
2025-12-30 01:48:11,438 [ForkJoinPool-3-worker-4] INFO  o.o.b.p.a.PullFromAggregateTracker - Pull Formulário da Vigilancia Hospitalar - Laboratório - Start downloading submission 16 of 74
2025-12-30 01:48:11,446 [ForkJoinPool-3-worker-1] INFO  o.o.b.p.a.PullFromAggregateTracker - Pull Formulário da Vigilancia Comunitaria - Start downloading submission 86 of 258
2025-12-30 01:48:11,455 [ForkJoinPool-3-worker-3] INFO  o.o.b.p.a.PullFromAggregateTracker - Pull Formulário da Vigilancia Hospitalar - Submission 68 of 250 downloaded
2025-12-30 01:48:11,449 [ForkJoinPool-3-worker-6] INFO  o.o.b.p.a.PullFromAggregateTracker - Pull Resultados de testagem das vigilâncias - Submission 9 of 15 downloaded
2025-12-30 01:48:11,448 [ForkJoinPool-3-worker-8] INFO  o.o.b.p.a.PullFromAggregateTracker - Pull Formulário da Vigilancia Comunitaria - Skipping submission 312 of 1299: already downloaded
2025-12-30 01:48:11,446 [ForkJoinPool-3-worker-13] INFO  o.o.b.p.a.PullFromAggregateTracker - Pull Formulário da Vigilancia Comunitaria - Skipping submission 313 of 1299: already downloaded
2025-12-30 01:48:11,446 [ForkJoinPool-3-worker-10] INFO  o.o.b.p.a.PullFromAggregateTracker - Pull Formulário da Vigilancia Hospitalar - Laboratório - Skipping submission 166 of 642: already downloaded
2025-12-30 01:48:11,463 [ForkJoinPool-3-worker-6] INFO  o.o.b.p.a.PullFromAggregateTracker - Pull Resultados de testagem das vigilâncias - Start downloading submission 10 of 15
2025-12-30 01:48:11,465 [ForkJoinPool-3-worker-10] INFO  o.o.b.p.a.PullFromAggregateTracker - Pull Formulário da Vigilancia Hospitalar - Laboratório - Skipping submission 167 of 642: already downloaded
2025-12-30 01:48:11,446 [ForkJoinPool-3-worker-15] INFO  o.o.b.p.a.PullFromAggregateTracker - Pull Formulário da Vigilancia Hospitalar - Skipping submission 186 of 1156: already downloaded
2025-12-30 01:48:11,472 [ForkJoinPool-3-worker-9] INFO  o.o.b.p.a.PullFromAggregateTracker - Pull Formulário da Vigilancia Comunitaria - Skipping submission 311 of 1299: already downloaded
2025-12-30 01:48:11,472 [ForkJoinPool-3-worker-8] INFO  o.o.b.p.a.PullFromAggregateTracker - Pull Formulário da Vigilancia Comunitaria - Skipping submission 315 of 1299: already downloaded
2025-12-30 01:48:11,474 [ForkJoinPool-3-worker-13] INFO  o.o.b.p.a.PullFromAggregateTracker - Pull Formulário da Vigilancia Comunitaria - Skipping submission 314 of 1299: already downloaded
2025-12-30 01:48:11,474 [ForkJoinPool-3-worker-9] INFO  o.o.b.p.a.PullFromAggregateTracker - Pull Formulário da Vigilancia Comunitaria - Skipping submission 316 of 1299: already downloaded
2025-12-30 01:48:11,478 [ForkJoinPool-3-worker-3] INFO  o.o.b.p.a.PullFromAggregateTracker - Pull Formulário da Vigilancia Hospitalar - Start downloading submission 69 of 250
2025-12-30 01:48:11,479 [ForkJoinPool-3-worker-10] INFO  o.o.b.p.a.PullFromAggregateTracker - Pull Formulário da Vigilancia Hospitalar - Laboratório - Skipping submission 168 of 642: already downloaded
2025-12-30 01:48:11,486 [ForkJoinPool-3-worker-11] INFO  o.o.b.p.a.PullFromAggregateTracker - Pull Formulário da Vigilancia Hospitalar - Skipping submission 176 of 601: already downloaded
2025-12-30 01:48:11,490 [ForkJoinPool-3-worker-8] INFO  o.o.b.p.a.PullFromAggregateTracker - Pull Formulário da Vigilancia Comunitaria - Skipping submission 317 of 1299: already downloaded
2025-12-30 01:48:11,493 [ForkJoinPool-3-worker-15] INFO  o.o.b.p.a.PullFromAggregateTracker - Pull Formulário da Vigilancia Hospitalar - Skipping submission 187 of 1156: already downloaded
2025-12-30 01:48:11,498 [ForkJoinPool-3-worker-8] INFO  o.o.b.p.a.PullFromAggregateTracker - Pull Formulário da Vigilancia Comunitaria - Skipping submission 318 of 1299: already downloaded
2025-12-30 01:48:11,498 [ForkJoinPool-3-worker-10] INFO  o.o.b.p.a.PullFromAggregateTracker - Pull Formulário da Vigilancia Hospitalar - Laboratório - Skipping submission 169 of 642: already downloaded
2025-12-30 01:48:11,503 [ForkJoinPool-3-worker-9] INFO  o.o.b.p.a.PullFromAggregateTracker - Pull Formulário da Vigilancia Comunitaria - Skipping submission 319 of 1299: already downloaded
2025-12-30 01:48:11,503 [ForkJoinPool-3-worker-11] INFO  o.o.b.p.a.PullFromAggregateTracker - Pull Formulário da Vigilancia Hospitalar - Skipping submission 177 of 601: already downloaded
2025-12-30 01:48:11,505 [ForkJoinPool-3-worker-8] INFO  o.o.b.p.a.PullFromAggregateTracker - Pull Formulário da Vigilancia Comunitaria - Skipping submission 321 of 1299: already downloaded
2025-12-30 01:48:11,505 [ForkJoinPool-3-worker-8] INFO  o.o.b.p.a.PullFromAggregateTracker - Pull Formulário da Vigilancia Comunitaria - Skipping submission 323 of 1299: already downloaded
2025-12-30 01:48:11,505 [ForkJoinPool-3-worker-11] INFO  o.o.b.p.a.PullFromAggregateTracker - Pull Formulário da Vigilancia Hospitalar - Skipping submission 178 of 601: already downloaded
2025-12-30 01:48:11,505 [ForkJoinPool-3-worker-13] INFO  o.o.b.p.a.PullFromAggregateTracker - Pull Formulário da Vigilancia Comunitaria - Skipping submission 320 of 1299: already downloaded
2025-12-30 01:48:11,507 [ForkJoinPool-3-worker-11] INFO  o.o.b.p.a.PullFromAggregateTracker - Pull Formulário da Vigilancia Hospitalar - Skipping submission 179 of 601: already downloaded
2025-12-30 01:48:11,508 [ForkJoinPool-3-worker-15] INFO  o.o.b.p.a.PullFromAggregateTracker - Pull Formulário da Vigilancia Hospitalar - Skipping submission 188 of 1156: already downloaded
2025-12-30 01:48:11,509 [ForkJoinPool-3-worker-13] INFO  o.o.b.p.a.PullFromAggregateTracker - Pull Formulário da Vigilancia Comunitaria - Skipping submission 325 of 1299: already downloaded
2025-12-30 01:48:11,510 [ForkJoinPool-3-worker-10] INFO  o.o.b.p.a.PullFromAggregateTracker - Pull Formulário da Vigilancia Hospitalar - Laboratório - Skipping submission 170 of 642: already downloaded
2025-12-30 01:48:11,510 [ForkJoinPool-3-worker-11] INFO  o.o.b.p.a.PullFromAggregateTracker - Pull Formulário da Vigilancia Hospitalar - Skipping submission 180 of 601: already downloaded
2025-12-30 01:48:11,510 [ForkJoinPool-3-worker-15] INFO  o.o.b.p.a.PullFromAggregateTracker - Pull Formulário da Vigilancia Hospitalar - Skipping submission 189 of 1156: already downloaded
2025-12-30 01:48:11,510 [ForkJoinPool-3-worker-11] INFO  o.o.b.p.a.PullFromAggregateTracker - Pull Formulário da Vigilancia Hospitalar - Skipping submission 181 of 601: already downloaded
2025-12-30 01:48:11,510 [ForkJoinPool-3-worker-8] INFO  o.o.b.p.a.PullFromAggregateTracker - Pull Formulário da Vigilancia Comunitaria - Skipping submission 324 of 1299: already downloaded
2025-12-30 01:48:11,512 [ForkJoinPool-3-worker-10] INFO  o.o.b.p.a.PullFromAggregateTracker - Pull Formulário da Vigilancia Hospitalar - Laboratório - Skipping submission 171 of 642: already downloaded
2025-12-30 01:48:11,512 [ForkJoinPool-3-worker-9] INFO  o.o.b.p.a.PullFromAggregateTracker - Pull Formulário da Vigilancia Comunitaria - Skipping submission 322 of 1299: already downloaded
2025-12-30 01:48:11,512 [ForkJoinPool-3-worker-13] INFO  o.o.b.p.a.PullFromAggregateTracker - Pull Formulário da Vigilancia Comunitaria - Skipping submission 326 of 1299: already downloaded
2025-12-30 01:48:11,518 [ForkJoinPool-3-worker-13] INFO  o.o.b.p.a.PullFromAggregateTracker - Pull Formulário da Vigilancia Comunitaria - Skipping submission 327 of 1299: already downloaded
2025-12-30 01:48:11,518 [ForkJoinPool-3-worker-15] INFO  o.o.b.p.a.PullFromAggregateTracker - Pull Formulário da Vigilancia Hospitalar - Skipping submission 190 of 1156: already downloaded
2025-12-30 01:48:11,518 [ForkJoinPool-3-worker-15] INFO  o.o.b.p.a.PullFromAggregateTracker - Pull Formulário da Vigilancia Hospitalar - Skipping submission 191 of 1156: already downloaded
2025-12-30 01:48:11,518 [ForkJoinPool-3-worker-11] INFO  o.o.b.p.a.PullFromAggregateTracker - Pull Formulário da Vigilancia Hospitalar - Skipping submission 182 of 601: already downloaded
2025-12-30 01:48:11,524 [ForkJoinPool-3-worker-15] INFO  o.o.b.p.a.PullFromAggregateTracker - Pull Formulário da Vigilancia Hospitalar - Skipping submission 192 of 1156: already downloaded
2025-12-30 01:48:11,524 [ForkJoinPool-3-worker-9] INFO  o.o.b.p.a.PullFromAggregateTracker - Pull Formulário da Vigilancia Comunitaria - Skipping submission 328 of 1299: already downloaded
2025-12-30 01:48:11,520 [ForkJoinPool-3-worker-8] INFO  o.o.b.p.a.PullFromAggregateTracker - Pull Formulário da Vigilancia Comunitaria - Skipping submission 329 of 1299: already downloaded
2025-12-30 01:48:11,520 [ForkJoinPool-3-worker-10] INFO  o.o.b.p.a.PullFromAggregateTracker - Pull Formulário da Vigilancia Hospitalar - Laboratório - Skipping submission 172 of 642: already downloaded
2025-12-30 01:48:11,520 [ForkJoinPool-3-worker-11] INFO  o.o.b.p.a.PullFromAggregateTracker - Pull Formulário da Vigilancia Hospitalar - Skipping submission 183 of 601: already downloaded
2025-12-30 01:48:11,525 [ForkJoinPool-3-worker-15] INFO  o.o.b.p.a.PullFromAggregateTracker - Pull Formulário da Vigilancia Hospitalar - Skipping submission 193 of 1156: already downloaded
2025-12-30 01:48:11,526 [ForkJoinPool-3-worker-10] INFO  o.o.b.p.a.PullFromAggregateTracker - Pull Formulário da Vigilancia Hospitalar - Laboratório - Skipping submission 173 of 642: already downloaded
2025-12-30 01:48:11,526 [ForkJoinPool-3-worker-11] INFO  o.o.b.p.a.PullFromAggregateTracker - Pull Formulário da Vigilancia Hospitalar - Skipping submission 184 of 601: already downloaded
2025-12-30 01:48:11,527 [ForkJoinPool-3-worker-13] INFO  o.o.b.p.a.PullFromAggregateTracker - Pull Formulário da Vigilancia Comunitaria - Skipping submission 330 of 1299: already downloaded
2025-12-30 01:48:11,527 [ForkJoinPool-3-worker-8] INFO  o.o.b.p.a.PullFromAggregateTracker - Pull Formulário da Vigilancia Comunitaria - Skipping submission 332 of 1299: already downloaded
2025-12-30 01:48:11,527 [ForkJoinPool-3-worker-15] INFO  o.o.b.p.a.PullFromAggregateTracker - Pull Formulário da Vigilancia Hospitalar - Skipping submission 194 of 1156: already downloaded
2025-12-30 01:48:11,527 [ForkJoinPool-3-worker-11] INFO  o.o.b.p.a.PullFromAggregateTracker - Pull Formulário da Vigilancia Hospitalar - Skipping submission 185 of 601: already downloaded
2025-12-30 01:48:11,527 [ForkJoinPool-3-worker-10] INFO  o.o.b.p.a.PullFromAggregateTracker - Pull Formulário da Vigilancia Hospitalar - Laboratório - Skipping submission 174 of 642: already downloaded
2025-12-30 01:48:11,529 [ForkJoinPool-3-worker-10] INFO  o.o.b.p.a.PullFromAggregateTracker - Pull Formulário da Vigilancia Hospitalar - Laboratório - Skipping submission 175 of 642: already downloaded
2025-12-30 01:48:11,529 [ForkJoinPool-3-worker-13] INFO  o.o.b.p.a.PullFromAggregateTracker - Pull Formulário da Vigilancia Comunitaria - Skipping submission 333 of 1299: already downloaded
2025-12-30 01:48:11,529 [ForkJoinPool-3-worker-9] INFO  o.o.b.p.a.PullFromAggregateTracker - Pull Formulário da Vigilancia Comunitaria - Skipping submission 331 of 1299: already downloaded
2025-12-30 01:48:11,530 [ForkJoinPool-3-worker-13] INFO  o.o.b.p.a.PullFromAggregateTracker - Pull Formulário da Vigilancia Comunitaria - Skipping submission 335 of 1299: already downloaded
2025-12-30 01:48:11,530 [ForkJoinPool-3-worker-8] INFO  o.o.b.p.a.PullFromAggregateTracker - Pull Formulário da Vigilancia Comunitaria - Skipping submission 334 of 1299: already downloaded
2025-12-30 01:48:11,530 [ForkJoinPool-3-worker-15] INFO  o.o.b.p.a.PullFromAggregateTracker - Pull Formulário da Vigilancia Hospitalar - Skipping submission 195 of 1156: already downloaded
2025-12-30 01:48:11,530 [ForkJoinPool-3-worker-11] INFO  o.o.b.p.a.PullFromAggregateTracker - Pull Formulário da Vigilancia Hospitalar - Skipping submission 186 of 601: already downloaded
2025-12-30 01:48:11,533 [ForkJoinPool-3-worker-13] INFO  o.o.b.p.a.PullFromAggregateTracker - Pull Formulário da Vigilancia Comunitaria - Skipping submission 337 of 1299: already downloaded
2025-12-30 01:48:11,533 [ForkJoinPool-3-worker-15] INFO  o.o.b.p.a.PullFromAggregateTracker - Pull Formulário da Vigilancia Hospitalar - Skipping submission 196 of 1156: already downloaded
2025-12-30 01:48:11,533 [ForkJoinPool-3-worker-11] INFO  o.o.b.p.a.PullFromAggregateTracker - Pull Formulário da Vigilancia Hospitalar - Skipping submission 187 of 601: already downloaded
2025-12-30 01:48:11,530 [ForkJoinPool-3-worker-10] INFO  o.o.b.p.a.PullFromAggregateTracker - Pull Formulário da Vigilancia Hospitalar - Laboratório - Skipping submission 176 of 642: already downloaded
2025-12-30 01:48:11,536 [ForkJoinPool-3-worker-10] INFO  o.o.b.p.a.PullFromAggregateTracker - Pull Formulário da Vigilancia Hospitalar - Laboratório - Skipping submission 177 of 642: already downloaded
2025-12-30 01:48:11,538 [ForkJoinPool-3-worker-13] INFO  o.o.b.p.a.PullFromAggregateTracker - Pull Formulário da Vigilancia Comunitaria - Skipping submission 339 of 1299: already downloaded
2025-12-30 01:48:11,538 [ForkJoinPool-3-worker-15] INFO  o.o.b.p.a.PullFromAggregateTracker - Pull Formulário da Vigilancia Hospitalar - Skipping submission 197 of 1156: already downloaded
2025-12-30 01:48:11,540 [ForkJoinPool-3-worker-10] INFO  o.o.b.p.a.PullFromAggregateTracker - Pull Formulário da Vigilancia Hospitalar - Laboratório - Skipping submission 178 of 642: already downloaded
2025-12-30 01:48:11,540 [ForkJoinPool-3-worker-13] INFO  o.o.b.p.a.PullFromAggregateTracker - Pull Formulário da Vigilancia Comunitaria - Skipping submission 340 of 1299: already downloaded
2025-12-30 01:48:11,542 [ForkJoinPool-3-worker-11] INFO  o.o.b.p.a.PullFromAggregateTracker - Pull Formulário da Vigilancia Hospitalar - Skipping submission 188 of 601: already downloaded
2025-12-30 01:48:11,542 [ForkJoinPool-3-worker-9] INFO  o.o.b.p.a.PullFromAggregateTracker - Pull Formulário da Vigilancia Comunitaria - Skipping submission 336 of 1299: already downloaded
2025-12-30 01:48:11,542 [ForkJoinPool-3-worker-11] INFO  o.o.b.p.a.PullFromAggregateTracker - Pull Formulário da Vigilancia Hospitalar - Skipping submission 189 of 601: already downloaded
2025-12-30 01:48:11,542 [ForkJoinPool-3-worker-9] INFO  o.o.b.p.a.PullFromAggregateTracker - Pull Formulário da Vigilancia Comunitaria - Skipping submission 342 of 1299: already downloaded
2025-12-30 01:48:11,542 [ForkJoinPool-3-worker-13] INFO  o.o.b.p.a.PullFromAggregateTracker - Pull Formulário da Vigilancia Comunitaria - Skipping submission 341 of 1299: already downloaded
2025-12-30 01:48:11,545 [ForkJoinPool-3-worker-15] INFO  o.o.b.p.a.PullFromAggregateTracker - Pull Formulário da Vigilancia Hospitalar - Skipping submission 198 of 1156: already downloaded
2025-12-30 01:48:11,545 [ForkJoinPool-3-worker-11] INFO  o.o.b.p.a.PullFromAggregateTracker - Pull Formulário da Vigilancia Hospitalar - Skipping submission 190 of 601: already downloaded
2025-12-30 01:48:11,546 [ForkJoinPool-3-worker-9] INFO  o.o.b.p.a.PullFromAggregateTracker - Pull Formulário da Vigilancia Comunitaria - Skipping submission 343 of 1299: already downloaded
2025-12-30 01:48:11,546 [ForkJoinPool-3-worker-11] INFO  o.o.b.p.a.PullFromAggregateTracker - Pull Formulário da Vigilancia Hospitalar - Skipping submission 191 of 601: already downloaded
2025-12-30 01:48:11,546 [ForkJoinPool-3-worker-15] INFO  o.o.b.p.a.PullFromAggregateTracker - Pull Formulário da Vigilancia Hospitalar - Skipping submission 199 of 1156: already downloaded
2025-12-30 01:48:11,546 [ForkJoinPool-3-worker-10] INFO  o.o.b.p.a.PullFromAggregateTracker - Pull Formulário da Vigilancia Hospitalar - Laboratório - Skipping submission 179 of 642: already downloaded
2025-12-30 01:48:11,548 [ForkJoinPool-3-worker-8] INFO  o.o.b.p.a.PullFromAggregateTracker - Pull Formulário da Vigilancia Comunitaria - Skipping submission 338 of 1299: already downloaded
2025-12-30 01:48:11,548 [ForkJoinPool-3-worker-11] INFO  o.o.b.p.a.PullFromAggregateTracker - Pull Formulário da Vigilancia Hospitalar - Skipping submission 192 of 601: already downloaded
2025-12-30 01:48:11,548 [ForkJoinPool-3-worker-10] INFO  o.o.b.p.a.PullFromAggregateTracker - Pull Formulário da Vigilancia Hospitalar - Laboratório - Skipping submission 180 of 642: already downloaded
2025-12-30 01:48:11,551 [ForkJoinPool-3-worker-10] INFO  o.o.b.p.a.PullFromAggregateTracker - Pull Formulário da Vigilancia Hospitalar - Laboratório - Skipping submission 181 of 642: already downloaded
2025-12-30 01:48:11,551 [ForkJoinPool-3-worker-11] INFO  o.o.b.p.a.PullFromAggregateTracker - Pull Formulário da Vigilancia Hospitalar - Skipping submission 193 of 601: already downloaded
2025-12-30 01:48:11,552 [ForkJoinPool-3-worker-8] INFO  o.o.b.p.a.PullFromAggregateTracker - Pull Formulário da Vigilancia Comunitaria - Skipping submission 346 of 1299: already downloaded
2025-12-30 01:48:11,552 [ForkJoinPool-3-worker-9] INFO  o.o.b.p.a.PullFromAggregateTracker - Pull Formulário da Vigilancia Comunitaria - Skipping submission 345 of 1299: already downloaded
2025-12-30 01:48:11,553 [ForkJoinPool-3-worker-15] INFO  o.o.b.p.a.PullFromAggregateTracker - Pull Formulário da Vigilancia Hospitalar - Skipping submission 200 of 1156: already downloaded
2025-12-30 01:48:11,553 [ForkJoinPool-3-worker-13] INFO  o.o.b.p.a.PullFromAggregateTracker - Pull Formulário da Vigilancia Comunitaria - Skipping submission 344 of 1299: already downloaded
2025-12-30 01:48:11,553 [ForkJoinPool-3-worker-11] INFO  o.o.b.p.a.PullFromAggregateTracker - Pull Formulário da Vigilancia Hospitalar - Skipping submission 194 of 601: already downloaded
2025-12-30 01:48:11,555 [ForkJoinPool-3-worker-15] INFO  o.o.b.p.a.PullFromAggregateTracker - Pull Formulário da Vigilancia Hospitalar - Skipping submission 201 of 1156: already downloaded
2025-12-30 01:48:11,553 [ForkJoinPool-3-worker-8] INFO  o.o.b.p.a.PullFromAggregateTracker - Pull Formulário da Vigilancia Comunitaria - Skipping submission 347 of 1299: already downloaded
2025-12-30 01:48:11,556 [ForkJoinPool-3-worker-9] INFO  o.o.b.p.a.PullFromAggregateTracker - Pull Formulário da Vigilancia Comunitaria - Skipping submission 348 of 1299: already downloaded
2025-12-30 01:48:11,555 [ForkJoinPool-3-worker-11] INFO  o.o.b.p.a.PullFromAggregateTracker - Pull Formulário da Vigilancia Hospitalar - Skipping submission 195 of 601: already downloaded
2025-12-30 01:48:11,555 [ForkJoinPool-3-worker-13] INFO  o.o.b.p.a.PullFromAggregateTracker - Pull Formulário da Vigilancia Comunitaria - Skipping submission 349 of 1299: already downloaded
2025-12-30 01:48:11,557 [ForkJoinPool-3-worker-11] INFO  o.o.b.p.a.PullFromAggregateTracker - Pull Formulário da Vigilancia Hospitalar - Skipping submission 196 of 601: already downloaded
2025-12-30 01:48:11,557 [ForkJoinPool-3-worker-8] INFO  o.o.b.p.a.PullFromAggregateTracker - Pull Formulário da Vigilancia Comunitaria - Skipping submission 350 of 1299: already downloaded
2025-12-30 01:48:11,559 [ForkJoinPool-3-worker-9] INFO  o.o.b.p.a.PullFromAggregateTracker - Pull Formulário da Vigilancia Comunitaria - Skipping submission 351 of 1299: already downloaded
2025-12-30 01:48:11,559 [ForkJoinPool-3-worker-11] INFO  o.o.b.p.a.PullFromAggregateTracker - Pull Formulário da Vigilancia Hospitalar - Skipping submission 197 of 601: already downloaded
2025-12-30 01:48:11,561 [ForkJoinPool-3-worker-9] INFO  o.o.b.p.a.PullFromAggregateTracker - Pull Formulário da Vigilancia Comunitaria - Skipping submission 354 of 1299: already downloaded
2025-12-30 01:48:11,561 [ForkJoinPool-3-worker-10] INFO  o.o.b.p.a.PullFromAggregateTracker - Pull Formulário da Vigilancia Hospitalar - Laboratório - Skipping submission 182 of 642: already downloaded
2025-12-30 01:48:11,561 [ForkJoinPool-3-worker-15] INFO  o.o.b.p.a.PullFromAggregateTracker - Pull Formulário da Vigilancia Hospitalar - Skipping submission 202 of 1156: already downloaded
2025-12-30 01:48:11,562 [ForkJoinPool-3-worker-8] INFO  o.o.b.p.a.PullFromAggregateTracker - Pull Formulário da Vigilancia Comunitaria - Skipping submission 353 of 1299: already downloaded
2025-12-30 01:48:11,562 [ForkJoinPool-3-worker-15] INFO  o.o.b.p.a.PullFromAggregateTracker - Pull Formulário da Vigilancia Hospitalar - Skipping submission 203 of 1156: already downloaded
2025-12-30 01:48:11,557 [ForkJoinPool-3-worker-13] INFO  o.o.b.p.a.PullFromAggregateTracker - Pull Formulário da Vigilancia Comunitaria - Skipping submission 352 of 1299: already downloaded
2025-12-30 01:48:11,563 [ForkJoinPool-3-worker-15] INFO  o.o.b.p.a.PullFromAggregateTracker - Pull Formulário da Vigilancia Hospitalar - Skipping submission 204 of 1156: already downloaded
2025-12-30 01:48:11,562 [ForkJoinPool-3-worker-8] INFO  o.o.b.p.a.PullFromAggregateTracker - Pull Formulário da Vigilancia Comunitaria - Skipping submission 356 of 1299: already downloaded
2025-12-30 01:48:11,562 [ForkJoinPool-3-worker-10] INFO  o.o.b.p.a.PullFromAggregateTracker - Pull Formulário da Vigilancia Hospitalar - Laboratório - Skipping submission 183 of 642: already downloaded
2025-12-30 01:48:11,563 [ForkJoinPool-3-worker-15] INFO  o.o.b.p.a.PullFromAggregateTracker - Pull Formulário da Vigilancia Hospitalar - Skipping submission 205 of 1156: already downloaded
2025-12-30 01:48:11,565 [ForkJoinPool-3-worker-15] INFO  o.o.b.p.a.PullFromAggregateTracker - Pull Formulário da Vigilancia Hospitalar - Skipping submission 206 of 1156: already downloaded
2025-12-30 01:48:11,565 [ForkJoinPool-3-worker-13] INFO  o.o.b.p.a.PullFromAggregateTracker - Pull Formulário da Vigilancia Comunitaria - Skipping submission 357 of 1299: already downloaded
2025-12-30 01:48:11,565 [ForkJoinPool-3-worker-11] INFO  o.o.b.p.a.PullFromAggregateTracker - Pull Formulário da Vigilancia Hospitalar - Skipping submission 198 of 601: already downloaded
2025-12-30 01:48:11,565 [ForkJoinPool-3-worker-15] INFO  o.o.b.p.a.PullFromAggregateTracker - Pull Formulário da Vigilancia Hospitalar - Skipping submission 207 of 1156: already downloaded
2025-12-30 01:48:11,565 [ForkJoinPool-3-worker-9] INFO  o.o.b.p.a.PullFromAggregateTracker - Pull Formulário da Vigilancia Comunitaria - Skipping submission 355 of 1299: already downloaded
2025-12-30 01:48:11,568 [ForkJoinPool-3-worker-10] INFO  o.o.b.p.a.PullFromAggregateTracker - Pull Formulário da Vigilancia Hospitalar - Laboratório - Skipping submission 184 of 642: already downloaded
2025-12-30 01:48:11,570 [ForkJoinPool-3-worker-13] INFO  o.o.b.p.a.PullFromAggregateTracker - Pull Formulário da Vigilancia Comunitaria - Skipping submission 359 of 1299: already downloaded
2025-12-30 01:48:11,568 [ForkJoinPool-3-worker-11] INFO  o.o.b.p.a.PullFromAggregateTracker - Pull Formulário da Vigilancia Hospitalar - Skipping submission 199 of 601: already downloaded
2025-12-30 01:48:11,588 [ForkJoinPool-3-worker-8] INFO  o.o.b.p.a.PullFromAggregateTracker - Pull Formulário da Vigilancia Comunitaria - Skipping submission 358 of 1299: already downloaded
2025-12-30 01:48:11,578 [ForkJoinPool-3-worker-15] INFO  o.o.b.p.a.PullFromAggregateTracker - Pull Formulário da Vigilancia Hospitalar - Skipping submission 208 of 1156: already downloaded
2025-12-30 01:48:11,595 [ForkJoinPool-3-worker-10] INFO  o.o.b.p.a.PullFromAggregateTracker - Pull Formulário da Vigilancia Hospitalar - Laboratório - Skipping submission 185 of 642: already downloaded
2025-12-30 01:48:11,597 [ForkJoinPool-3-worker-9] INFO  o.o.b.p.a.PullFromAggregateTracker - Pull Formulário da Vigilancia Comunitaria - Skipping submission 360 of 1299: already downloaded
2025-12-30 01:48:11,595 [ForkJoinPool-3-worker-13] INFO  o.o.b.p.a.PullFromAggregateTracker - Pull Formulário da Vigilancia Comunitaria - Skipping submission 361 of 1299: already downloaded
2025-12-30 01:48:11,601 [ForkJoinPool-3-worker-15] INFO  o.o.b.p.a.PullFromAggregateTracker - Pull Formulário da Vigilancia Hospitalar - Skipping submission 209 of 1156: already downloaded
2025-12-30 01:48:11,603 [ForkJoinPool-3-worker-15] INFO  o.o.b.p.a.PullFromAggregateTracker - Pull Formulário da Vigilancia Hospitalar - Skipping submission 210 of 1156: already downloaded
2025-12-30 01:48:11,603 [ForkJoinPool-3-worker-11] INFO  o.o.b.p.a.PullFromAggregateTracker - Pull Formulário da Vigilancia Hospitalar - Skipping submission 200 of 601: already downloaded
2025-12-30 01:48:11,604 [ForkJoinPool-3-worker-10] INFO  o.o.b.p.a.PullFromAggregateTracker - Pull Formulário da Vigilancia Hospitalar - Laboratório - Skipping submission 186 of 642: already downloaded
2025-12-30 01:48:11,604 [ForkJoinPool-3-worker-8] INFO  o.o.b.p.a.PullFromAggregateTracker - Pull Formulário da Vigilancia Comunitaria - Skipping submission 362 of 1299: already downloaded
2025-12-30 01:48:11,604 [ForkJoinPool-3-worker-13] INFO  o.o.b.p.a.PullFromAggregateTracker - Pull Formulário da Vigilancia Comunitaria - Skipping submission 364 of 1299: already downloaded
2025-12-30 01:48:11,604 [ForkJoinPool-3-worker-15] INFO  o.o.b.p.a.PullFromAggregateTracker - Pull Formulário da Vigilancia Hospitalar - Skipping submission 211 of 1156: already downloaded
2025-12-30 01:48:11,608 [ForkJoinPool-3-worker-10] INFO  o.o.b.p.a.PullFromAggregateTracker - Pull Formulário da Vigilancia Hospitalar - Laboratório - Skipping submission 187 of 642: already downloaded
2025-12-30 01:48:11,607 [ForkJoinPool-3-worker-11] INFO  o.o.b.p.a.PullFromAggregateTracker - Pull Formulário da Vigilancia Hospitalar - Skipping submission 201 of 601: already downloaded
2025-12-30 01:48:11,611 [ForkJoinPool-3-worker-15] INFO  o.o.b.p.a.PullFromAggregateTracker - Pull Formulário da Vigilancia Hospitalar - Skipping submission 212 of 1156: already downloaded
2025-12-30 01:48:11,614 [ForkJoinPool-3-worker-9] INFO  o.o.b.p.a.PullFromAggregateTracker - Pull Formulário da Vigilancia Comunitaria - Skipping submission 363 of 1299: already downloaded
2025-12-30 01:48:11,625 [ForkJoinPool-3-worker-13] INFO  o.o.b.p.a.PullFromAggregateTracker - Pull Formulário da Vigilancia Comunitaria - Skipping submission 366 of 1299: already downloaded
2025-12-30 01:48:11,627 [ForkJoinPool-3-worker-8] INFO  o.o.b.p.a.PullFromAggregateTracker - Pull Formulário da Vigilancia Comunitaria - Skipping submission 365 of 1299: already downloaded
2025-12-30 01:48:11,638 [ForkJoinPool-3-worker-10] INFO  o.o.b.p.a.PullFromAggregateTracker - Pull Formulário da Vigilancia Hospitalar - Laboratório - Skipping submission 188 of 642: already downloaded
2025-12-30 01:48:11,640 [ForkJoinPool-3-worker-11] INFO  o.o.b.p.a.PullFromAggregateTracker - Pull Formulário da Vigilancia Hospitalar - Skipping submission 202 of 601: already downloaded
2025-12-30 01:48:11,641 [ForkJoinPool-3-worker-15] INFO  o.o.b.p.a.PullFromAggregateTracker - Pull Formulário da Vigilancia Hospitalar - Skipping submission 213 of 1156: already downloaded
2025-12-30 01:48:11,641 [ForkJoinPool-3-worker-10] INFO  o.o.b.p.a.PullFromAggregateTracker - Pull Formulário da Vigilancia Hospitalar - Laboratório - Skipping submission 189 of 642: already downloaded
2025-12-30 01:48:11,638 [ForkJoinPool-3-worker-9] INFO  o.o.b.p.a.PullFromAggregateTracker - Pull Formulário da Vigilancia Comunitaria - Skipping submission 367 of 1299: already downloaded
2025-12-30 01:48:11,641 [ForkJoinPool-3-worker-11] INFO  o.o.b.p.a.PullFromAggregateTracker - Pull Formulário da Vigilancia Hospitalar - Skipping submission 203 of 601: already downloaded
2025-12-30 01:48:11,644 [ForkJoinPool-3-worker-15] INFO  o.o.b.p.a.PullFromAggregateTracker - Pull Formulário da Vigilancia Hospitalar - Skipping submission 214 of 1156: already downloaded
2025-12-30 01:48:11,647 [ForkJoinPool-3-worker-13] INFO  o.o.b.p.a.PullFromAggregateTracker - Pull Formulário da Vigilancia Comunitaria - Skipping submission 368 of 1299: already downloaded
2025-12-30 01:48:11,647 [ForkJoinPool-3-worker-10] INFO  o.o.b.p.a.PullFromAggregateTracker - Pull Formulário da Vigilancia Hospitalar - Laboratório - Skipping submission 190 of 642: already downloaded
2025-12-30 01:48:11,647 [ForkJoinPool-3-worker-11] INFO  o.o.b.p.a.PullFromAggregateTracker - Pull Formulário da Vigilancia Hospitalar - Skipping submission 204 of 601: already downloaded
2025-12-30 01:48:11,651 [ForkJoinPool-3-worker-8] INFO  o.o.b.p.a.PullFromAggregateTracker - Pull Formulário da Vigilancia Comunitaria - Skipping submission 369 of 1299: already downloaded
2025-12-30 01:48:11,649 [ForkJoinPool-3-worker-9] INFO  o.o.b.p.a.PullFromAggregateTracker - Pull Formulário da Vigilancia Comunitaria - Skipping submission 370 of 1299: already downloaded
2025-12-30 01:48:11,652 [ForkJoinPool-3-worker-15] INFO  o.o.b.p.a.PullFromAggregateTracker - Pull Formulário da Vigilancia Hospitalar - Skipping submission 215 of 1156: already downloaded
2025-12-30 01:48:11,650 [ForkJoinPool-3-worker-10] INFO  o.o.b.p.a.PullFromAggregateTracker - Pull Formulário da Vigilancia Hospitalar - Laboratório - Skipping submission 191 of 642: already downloaded
2025-12-30 01:48:11,656 [ForkJoinPool-3-worker-13] INFO  o.o.b.p.a.PullFromAggregateTracker - Pull Formulário da Vigilancia Comunitaria - Skipping submission 371 of 1299: already downloaded
2025-12-30 01:48:11,661 [ForkJoinPool-3-worker-11] INFO  o.o.b.p.a.PullFromAggregateTracker - Pull Formulário da Vigilancia Hospitalar - Skipping submission 205 of 601: already downloaded
2025-12-30 01:48:11,671 [ForkJoinPool-3-worker-15] INFO  o.o.b.p.a.PullFromAggregateTracker - Pull Formulário da Vigilancia Hospitalar - Skipping submission 216 of 1156: already downloaded
2025-12-30 01:48:11,676 [ForkJoinPool-3-worker-10] INFO  o.o.b.p.a.PullFromAggregateTracker - Pull Formulário da Vigilancia Hospitalar - Laboratório - Skipping submission 192 of 642: already downloaded
2025-12-30 01:48:11,676 [ForkJoinPool-3-worker-13] INFO  o.o.b.p.a.PullFromAggregateTracker - Pull Formulário da Vigilancia Comunitaria - Skipping submission 374 of 1299: already downloaded
2025-12-30 01:48:11,676 [ForkJoinPool-3-worker-11] INFO  o.o.b.p.a.PullFromAggregateTracker - Pull Formulário da Vigilancia Hospitalar - Skipping submission 206 of 601: already downloaded
2025-12-30 01:48:11,680 [ForkJoinPool-3-worker-11] INFO  o.o.b.p.a.PullFromAggregateTracker - Pull Formulário da Vigilancia Hospitalar - Skipping submission 207 of 601: already downloaded
2025-12-30 01:48:11,680 [ForkJoinPool-3-worker-10] INFO  o.o.b.p.a.PullFromAggregateTracker - Pull Formulário da Vigilancia Hospitalar - Laboratório - Skipping submission 193 of 642: already downloaded
2025-12-30 01:48:11,680 [ForkJoinPool-3-worker-11] INFO  o.o.b.p.a.PullFromAggregateTracker - Pull Formulário da Vigilancia Hospitalar - Skipping submission 208 of 601: already downloaded
2025-12-30 01:48:11,682 [ForkJoinPool-3-worker-13] INFO  o.o.b.p.a.PullFromAggregateTracker - Pull Formulário da Vigilancia Comunitaria - Skipping submission 375 of 1299: already downloaded
2025-12-30 01:48:11,682 [ForkJoinPool-3-worker-8] INFO  o.o.b.p.a.PullFromAggregateTracker - Pull Formulário da Vigilancia Comunitaria - Skipping submission 373 of 1299: already downloaded
2025-12-30 01:48:11,678 [ForkJoinPool-3-worker-15] INFO  o.o.b.p.a.PullFromAggregateTracker - Pull Formulário da Vigilancia Hospitalar - Skipping submission 217 of 1156: already downloaded
2025-12-30 01:48:11,673 [ForkJoinPool-3-worker-9] INFO  o.o.b.p.a.PullFromAggregateTracker - Pull Formulário da Vigilancia Comunitaria - Skipping submission 372 of 1299: already downloaded
2025-12-30 01:48:11,686 [ForkJoinPool-3-worker-10] INFO  o.o.b.p.a.PullFromAggregateTracker - Pull Formulário da Vigilancia Hospitalar - Laboratório - Skipping submission 194 of 642: already downloaded
2025-12-30 01:48:11,688 [ForkJoinPool-3-worker-13] INFO  o.o.b.p.a.PullFromAggregateTracker - Pull Formulário da Vigilancia Comunitaria - Skipping submission 376 of 1299: already downloaded
2025-12-30 01:48:11,688 [ForkJoinPool-3-worker-9] INFO  o.o.b.p.a.PullFromAggregateTracker - Pull Formulário da Vigilancia Comunitaria - Skipping submission 378 of 1299: already downloaded
2025-12-30 01:48:11,686 [ForkJoinPool-3-worker-15] INFO  o.o.b.p.a.PullFromAggregateTracker - Pull Formulário da Vigilancia Hospitalar - Skipping submission 218 of 1156: already downloaded
2025-12-30 01:48:11,686 [ForkJoinPool-3-worker-11] INFO  o.o.b.p.a.PullFromAggregateTracker - Pull Formulário da Vigilancia Hospitalar - Skipping submission 209 of 601: already downloaded
2025-12-30 01:48:11,688 [ForkJoinPool-3-worker-10] INFO  o.o.b.p.a.PullFromAggregateTracker - Pull Formulário da Vigilancia Hospitalar - Laboratório - Skipping submission 195 of 642: already downloaded
2025-12-30 01:48:11,690 [ForkJoinPool-3-worker-8] INFO  o.o.b.p.a.PullFromAggregateTracker - Pull Formulário da Vigilancia Comunitaria - Skipping submission 377 of 1299: already downloaded
2025-12-30 01:48:11,690 [ForkJoinPool-3-worker-15] INFO  o.o.b.p.a.PullFromAggregateTracker - Pull Formulário da Vigilancia Hospitalar - Skipping submission 219 of 1156: already downloaded
2025-12-30 01:48:11,692 [ForkJoinPool-3-worker-10] INFO  o.o.b.p.a.PullFromAggregateTracker - Pull Formulário da Vigilancia Hospitalar - Laboratório - Skipping submission 196 of 642: already downloaded
2025-12-30 01:48:11,692 [ForkJoinPool-3-worker-11] INFO  o.o.b.p.a.PullFromAggregateTracker - Pull Formulário da Vigilancia Hospitalar - Skipping submission 210 of 601: already downloaded
2025-12-30 01:48:11,692 [ForkJoinPool-3-worker-10] INFO  o.o.b.p.a.PullFromAggregateTracker - Pull Formulário da Vigilancia Hospitalar - Laboratório - Skipping submission 197 of 642: already downloaded
2025-12-30 01:48:11,696 [ForkJoinPool-3-worker-15] INFO  o.o.b.p.a.PullFromAggregateTracker - Pull Formulário da Vigilancia Hospitalar - Skipping submission 220 of 1156: already downloaded
2025-12-30 01:48:11,698 [ForkJoinPool-3-worker-8] INFO  o.o.b.p.a.PullFromAggregateTracker - Pull Formulário da Vigilancia Comunitaria - Skipping submission 381 of 1299: already downloaded
2025-12-30 01:48:11,698 [ForkJoinPool-3-worker-15] INFO  o.o.b.p.a.PullFromAggregateTracker - Pull Formulário da Vigilancia Hospitalar - Skipping submission 221 of 1156: already downloaded
2025-12-30 01:48:11,698 [ForkJoinPool-3-worker-11] INFO  o.o.b.p.a.PullFromAggregateTracker - Pull Formulário da Vigilancia Hospitalar - Skipping submission 211 of 601: already downloaded
2025-12-30 01:48:11,700 [ForkJoinPool-3-worker-9] INFO  o.o.b.p.a.PullFromAggregateTracker - Pull Formulário da Vigilancia Comunitaria - Skipping submission 380 of 1299: already downloaded
2025-12-30 01:48:11,700 [ForkJoinPool-3-worker-11] INFO  o.o.b.p.a.PullFromAggregateTracker - Pull Formulário da Vigilancia Hospitalar - Skipping submission 212 of 601: already downloaded
2025-12-30 01:48:11,701 [ForkJoinPool-3-worker-13] INFO  o.o.b.p.a.PullFromAggregateTracker - Pull Formulário da Vigilancia Comunitaria - Skipping submission 379 of 1299: already downloaded
2025-12-30 01:48:11,702 [ForkJoinPool-3-worker-10] INFO  o.o.b.p.a.PullFromAggregateTracker - Pull Formulário da Vigilancia Hospitalar - Laboratório - Skipping submission 198 of 642: already downloaded
2025-12-30 01:48:11,704 [ForkJoinPool-3-worker-10] INFO  o.o.b.p.a.PullFromAggregateTracker - Pull Formulário da Vigilancia Hospitalar - Laboratório - Skipping submission 199 of 642: already downloaded
2025-12-30 01:48:11,704 [ForkJoinPool-3-worker-15] INFO  o.o.b.p.a.PullFromAggregateTracker - Pull Formulário da Vigilancia Hospitalar - Skipping submission 222 of 1156: already downloaded
2025-12-30 01:48:11,704 [ForkJoinPool-3-worker-15] INFO  o.o.b.p.a.PullFromAggregateTracker - Pull Formulário da Vigilancia Hospitalar - Skipping submission 223 of 1156: already downloaded
2025-12-30 01:48:11,706 [ForkJoinPool-3-worker-9] INFO  o.o.b.p.a.PullFromAggregateTracker - Pull Formulário da Vigilancia Comunitaria - Skipping submission 383 of 1299: already downloaded
2025-12-30 01:48:11,710 [ForkJoinPool-3-worker-11] INFO  o.o.b.p.a.PullFromAggregateTracker - Pull Formulário da Vigilancia Hospitalar - Skipping submission 213 of 601: already downloaded
2025-12-30 01:48:11,712 [ForkJoinPool-3-worker-11] INFO  o.o.b.p.a.PullFromAggregateTracker - Pull Formulário da Vigilancia Hospitalar - Skipping submission 214 of 601: already downloaded
2025-12-30 01:48:11,715 [ForkJoinPool-3-worker-8] INFO  o.o.b.p.a.PullFromAggregateTracker - Pull Formulário da Vigilancia Comunitaria - Skipping submission 382 of 1299: already downloaded
2025-12-30 01:48:11,724 [ForkJoinPool-3-worker-11] INFO  o.o.b.p.a.PullFromAggregateTracker - Pull Formulário da Vigilancia Hospitalar - Skipping submission 215 of 601: already downloaded
2025-12-30 01:48:11,718 [ForkJoinPool-3-worker-10] INFO  o.o.b.p.a.PullFromAggregateTracker - Pull Formulário da Vigilancia Hospitalar - Laboratório - Skipping submission 200 of 642: already downloaded
2025-12-30 01:48:11,718 [ForkJoinPool-3-worker-13] INFO  o.o.b.p.a.PullFromAggregateTracker - Pull Formulário da Vigilancia Comunitaria - Skipping submission 384 of 1299: already downloaded
2025-12-30 01:48:11,719 [ForkJoinPool-3-worker-15] INFO  o.o.b.p.a.PullFromAggregateTracker - Pull Formulário da Vigilancia Hospitalar - Skipping submission 224 of 1156: already downloaded
2025-12-30 01:48:11,716 [ForkJoinPool-3-worker-9] INFO  o.o.b.p.a.PullFromAggregateTracker - Pull Formulário da Vigilancia Comunitaria - Skipping submission 385 of 1299: already downloaded
2025-12-30 01:48:11,719 [ForkJoinPool-3-worker-8] INFO  o.o.b.p.a.PullFromAggregateTracker - Pull Formulário da Vigilancia Comunitaria - Skipping submission 386 of 1299: already downloaded
2025-12-30 01:48:11,736 [ForkJoinPool-3-worker-13] INFO  o.o.b.p.a.PullFromAggregateTracker - Pull Formulário da Vigilancia Comunitaria - Skipping submission 387 of 1299: already downloaded
2025-12-30 01:48:11,736 [ForkJoinPool-3-worker-10] INFO  o.o.b.p.a.PullFromAggregateTracker - Pull Formulário da Vigilancia Hospitalar - Laboratório - Start downloading submission 201 of 642
2025-12-30 01:48:11,738 [ForkJoinPool-3-worker-8] INFO  o.o.b.p.a.PullFromAggregateTracker - Pull Formulário da Vigilancia Comunitaria - Skipping submission 389 of 1299: already downloaded
2025-12-30 01:48:11,740 [ForkJoinPool-3-worker-11] INFO  o.o.b.p.a.PullFromAggregateTracker - Pull Formulário da Vigilancia Hospitalar - Skipping submission 216 of 601: already downloaded
2025-12-30 01:48:11,742 [ForkJoinPool-3-worker-15] INFO  o.o.b.p.a.PullFromAggregateTracker - Pull Formulário da Vigilancia Hospitalar - Skipping submission 225 of 1156: already downloaded
2025-12-30 01:48:11,746 [ForkJoinPool-3-worker-11] INFO  o.o.b.p.a.PullFromAggregateTracker - Pull Formulário da Vigilancia Hospitalar - Skipping submission 217 of 601: already downloaded
2025-12-30 01:48:11,748 [ForkJoinPool-3-worker-15] INFO  o.o.b.p.a.PullFromAggregateTracker - Pull Formulário da Vigilancia Hospitalar - Skipping submission 226 of 1156: already downloaded
2025-12-30 01:48:11,750 [ForkJoinPool-3-worker-9] INFO  o.o.b.p.a.PullFromAggregateTracker - Pull Formulário da Vigilancia Comunitaria - Skipping submission 388 of 1299: already downloaded
2025-12-30 01:48:11,748 [ForkJoinPool-3-worker-11] INFO  o.o.b.p.a.PullFromAggregateTracker - Pull Formulário da Vigilancia Hospitalar - Skipping submission 218 of 601: already downloaded
2025-12-30 01:48:11,754 [ForkJoinPool-3-worker-13] INFO  o.o.b.p.a.PullFromAggregateTracker - Pull Formulário da Vigilancia Comunitaria - Skipping submission 390 of 1299: already downloaded
2025-12-30 01:48:11,748 [ForkJoinPool-3-worker-15] INFO  o.o.b.p.a.PullFromAggregateTracker - Pull Formulário da Vigilancia Hospitalar - Skipping submission 227 of 1156: already downloaded
2025-12-30 01:48:11,762 [ForkJoinPool-3-worker-15] INFO  o.o.b.p.a.PullFromAggregateTracker - Pull Formulário da Vigilancia Hospitalar - Skipping submission 228 of 1156: already downloaded
2025-12-30 01:48:11,761 [ForkJoinPool-3-worker-8] INFO  o.o.b.p.a.PullFromAggregateTracker - Pull Formulário da Vigilancia Comunitaria - Skipping submission 391 of 1299: already downloaded
2025-12-30 01:48:11,762 [ForkJoinPool-3-worker-11] INFO  o.o.b.p.a.PullFromAggregateTracker - Pull Formulário da Vigilancia Hospitalar - Skipping submission 219 of 601: already downloaded
2025-12-30 01:48:11,776 [ForkJoinPool-3-worker-15] INFO  o.o.b.p.a.PullFromAggregateTracker - Pull Formulário da Vigilancia Hospitalar - Skipping submission 229 of 1156: already downloaded
2025-12-30 01:48:11,764 [ForkJoinPool-3-worker-9] INFO  o.o.b.p.a.PullFromAggregateTracker - Pull Formulário da Vigilancia Comunitaria - Skipping submission 392 of 1299: already downloaded
2025-12-30 01:48:11,762 [ForkJoinPool-3-worker-13] INFO  o.o.b.p.a.PullFromAggregateTracker - Pull Formulário da Vigilancia Comunitaria - Skipping submission 393 of 1299: already downloaded
2025-12-30 01:48:11,794 [ForkJoinPool-3-worker-8] INFO  o.o.b.p.a.PullFromAggregateTracker - Pull Formulário da Vigilancia Comunitaria - Skipping submission 394 of 1299: already downloaded
2025-12-30 01:48:11,796 [ForkJoinPool-3-worker-13] INFO  o.o.b.p.a.PullFromAggregateTracker - Pull Formulário da Vigilancia Comunitaria - Skipping submission 396 of 1299: already downloaded
2025-12-30 01:48:11,797 [ForkJoinPool-3-worker-9] INFO  o.o.b.p.a.PullFromAggregateTracker - Pull Formulário da Vigilancia Comunitaria - Skipping submission 395 of 1299: already downloaded
2025-12-30 01:48:11,794 [ForkJoinPool-3-worker-3] INFO  o.o.b.p.a.PullFromAggregateTracker - Pull Formulário da Vigilancia Hospitalar - Submission 69 of 250 downloaded
2025-12-30 01:48:11,803 [ForkJoinPool-3-worker-15] INFO  o.o.b.p.a.PullFromAggregateTracker - Pull Formulário da Vigilancia Hospitalar - Skipping submission 230 of 1156: already downloaded
2025-12-30 01:48:11,805 [ForkJoinPool-3-worker-13] INFO  o.o.b.p.a.PullFromAggregateTracker - Pull Formulário da Vigilancia Comunitaria - Skipping submission 398 of 1299: already downloaded
2025-12-30 01:48:11,805 [ForkJoinPool-3-worker-11] INFO  o.o.b.p.a.PullFromAggregateTracker - Pull Formulário da Vigilancia Hospitalar - Skipping submission 220 of 601: already downloaded
2025-12-30 01:48:11,805 [ForkJoinPool-3-worker-9] INFO  o.o.b.p.a.PullFromAggregateTracker - Pull Formulário da Vigilancia Comunitaria - Skipping submission 399 of 1299: already downloaded
2025-12-30 01:48:11,805 [ForkJoinPool-3-worker-15] INFO  o.o.b.p.a.PullFromAggregateTracker - Pull Formulário da Vigilancia Hospitalar - Skipping submission 231 of 1156: already downloaded
2025-12-30 01:48:11,807 [ForkJoinPool-3-worker-8] INFO  o.o.b.p.a.PullFromAggregateTracker - Pull Formulário da Vigilancia Comunitaria - Skipping submission 397 of 1299: already downloaded
2025-12-30 01:48:11,807 [ForkJoinPool-3-worker-15] INFO  o.o.b.p.a.PullFromAggregateTracker - Pull Formulário da Vigilancia Hospitalar - Skipping submission 232 of 1156: already downloaded
2025-12-30 01:48:11,809 [ForkJoinPool-3-worker-11] INFO  o.o.b.p.a.PullFromAggregateTracker - Pull Formulário da Vigilancia Hospitalar - Skipping submission 221 of 601: already downloaded
2025-12-30 01:48:11,809 [ForkJoinPool-3-worker-9] INFO  o.o.b.p.a.PullFromAggregateTracker - Pull Formulário da Vigilancia Comunitaria - Skipping submission 401 of 1299: already downloaded
2025-12-30 01:48:11,811 [ForkJoinPool-3-worker-4] INFO  o.o.b.p.a.PullFromAggregateTracker - Pull Formulário da Vigilancia Hospitalar - Laboratório - Submission 16 of 74 downloaded
2025-12-30 01:48:11,818 [ForkJoinPool-3-worker-2] INFO  o.o.b.p.a.PullFromAggregateTracker - Pull Formulário da Vigilancia Hospitalar - Laboratório - Submission 15 of 74 downloaded
2025-12-30 01:48:11,825 [ForkJoinPool-3-worker-13] INFO  o.o.b.p.a.PullFromAggregateTracker - Pull Formulário da Vigilancia Comunitaria - Skipping submission 400 of 1299: already downloaded
2025-12-30 01:48:11,826 [ForkJoinPool-3-worker-6] INFO  o.o.b.p.a.PullFromAggregateTracker - Pull Resultados de testagem das vigilâncias - Submission 10 of 15 downloaded
2025-12-30 01:48:11,831 [ForkJoinPool-3-worker-1] INFO  o.o.b.p.a.PullFromAggregateTracker - Pull Formulário da Vigilancia Comunitaria - Submission 86 of 258 downloaded
2025-12-30 01:48:11,837 [ForkJoinPool-3-worker-3] INFO  o.o.b.p.a.PullFromAggregateTracker - Pull Formulário da Vigilancia Hospitalar - Start downloading submission 70 of 250
2025-12-30 01:48:11,837 [ForkJoinPool-3-worker-11] INFO  o.o.b.p.a.PullFromAggregateTracker - Pull Formulário da Vigilancia Hospitalar - Skipping submission 222 of 601: already downloaded
2025-12-30 01:48:11,842 [ForkJoinPool-3-worker-2] INFO  o.o.b.p.a.PullFromAggregateTracker - Pull Formulário da Vigilancia Hospitalar - Laboratório - Start downloading submission 18 of 74
2025-12-30 01:48:11,844 [ForkJoinPool-3-worker-15] INFO  o.o.b.p.a.PullFromAggregateTracker - Pull Formulário da Vigilancia Hospitalar - Skipping submission 233 of 1156: already downloaded
2025-12-30 01:48:11,845 [ForkJoinPool-3-worker-9] INFO  o.o.b.p.a.PullFromAggregateTracker - Pull Formulário da Vigilancia Comunitaria - Skipping submission 403 of 1299: already downloaded
2025-12-30 01:48:11,836 [ForkJoinPool-3-worker-4] INFO  o.o.b.p.a.PullFromAggregateTracker - Pull Formulário da Vigilancia Hospitalar - Laboratório - Start downloading submission 17 of 74
2025-12-30 01:48:11,846 [ForkJoinPool-3-worker-8] INFO  o.o.b.p.a.PullFromAggregateTracker - Pull Formulário da Vigilancia Comunitaria - Skipping submission 402 of 1299: already downloaded
2025-12-30 01:48:11,846 [ForkJoinPool-3-worker-1] INFO  o.o.b.p.a.PullFromAggregateTracker - Pull Formulário da Vigilancia Comunitaria - Start downloading submission 87 of 258
2025-12-30 01:48:11,846 [ForkJoinPool-3-worker-13] INFO  o.o.b.p.a.PullFromAggregateTracker - Pull Formulário da Vigilancia Comunitaria - Skipping submission 404 of 1299: already downloaded
2025-12-30 01:48:11,848 [ForkJoinPool-3-worker-13] INFO  o.o.b.p.a.PullFromAggregateTracker - Pull Formulário da Vigilancia Comunitaria - Skipping submission 405 of 1299: already downloaded
2025-12-30 01:48:11,848 [ForkJoinPool-3-worker-6] INFO  o.o.b.p.a.PullFromAggregateTracker - Pull Resultados de testagem das vigilâncias - Start downloading submission 11 of 15
2025-12-30 01:48:11,856 [ForkJoinPool-3-worker-13] INFO  o.o.b.p.a.PullFromAggregateTracker - Pull Formulário da Vigilancia Comunitaria - Skipping submission 408 of 1299: already downloaded
2025-12-30 01:48:11,856 [ForkJoinPool-3-worker-15] INFO  o.o.b.p.a.PullFromAggregateTracker - Pull Formulário da Vigilancia Hospitalar - Skipping submission 234 of 1156: already downloaded
2025-12-30 01:48:11,856 [ForkJoinPool-3-worker-11] INFO  o.o.b.p.a.PullFromAggregateTracker - Pull Formulário da Vigilancia Hospitalar - Skipping submission 223 of 601: already downloaded
2025-12-30 01:48:11,858 [ForkJoinPool-3-worker-9] INFO  o.o.b.p.a.PullFromAggregateTracker - Pull Formulário da Vigilancia Comunitaria - Skipping submission 407 of 1299: already downloaded
2025-12-30 01:48:11,859 [ForkJoinPool-3-worker-8] INFO  o.o.b.p.a.PullFromAggregateTracker - Pull Formulário da Vigilancia Comunitaria - Skipping submission 406 of 1299: already downloaded
2025-12-30 01:48:11,856 [ForkJoinPool-3-worker-13] INFO  o.o.b.p.a.PullFromAggregateTracker - Pull Formulário da Vigilancia Comunitaria - Skipping submission 409 of 1299: already downloaded
2025-12-30 01:48:11,873 [ForkJoinPool-3-worker-9] INFO  o.o.b.p.a.PullFromAggregateTracker - Pull Formulário da Vigilancia Comunitaria - Skipping submission 410 of 1299: already downloaded
2025-12-30 01:48:11,874 [ForkJoinPool-3-worker-8] INFO  o.o.b.p.a.PullFromAggregateTracker - Pull Formulário da Vigilancia Comunitaria - Skipping submission 411 of 1299: already downloaded
2025-12-30 01:48:11,874 [ForkJoinPool-3-worker-13] INFO  o.o.b.p.a.PullFromAggregateTracker - Pull Formulário da Vigilancia Comunitaria - Skipping submission 412 of 1299: already downloaded
2025-12-30 01:48:11,874 [ForkJoinPool-3-worker-9] INFO  o.o.b.p.a.PullFromAggregateTracker - Pull Formulário da Vigilancia Comunitaria - Skipping submission 413 of 1299: already downloaded
2025-12-30 01:48:11,883 [ForkJoinPool-3-worker-15] INFO  o.o.b.p.a.PullFromAggregateTracker - Pull Formulário da Vigilancia Hospitalar - Skipping submission 235 of 1156: already downloaded
2025-12-30 01:48:11,886 [ForkJoinPool-3-worker-8] INFO  o.o.b.p.a.PullFromAggregateTracker - Pull Formulário da Vigilancia Comunitaria - Skipping submission 414 of 1299: already downloaded
2025-12-30 01:48:11,886 [ForkJoinPool-3-worker-11] INFO  o.o.b.p.a.PullFromAggregateTracker - Pull Formulário da Vigilancia Hospitalar - Skipping submission 224 of 601: already downloaded
2025-12-30 01:48:11,890 [ForkJoinPool-3-worker-8] INFO  o.o.b.p.a.PullFromAggregateTracker - Pull Formulário da Vigilancia Comunitaria - Skipping submission 417 of 1299: already downloaded
2025-12-30 01:48:11,890 [ForkJoinPool-3-worker-8] INFO  o.o.b.p.a.PullFromAggregateTracker - Pull Formulário da Vigilancia Comunitaria - Skipping submission 418 of 1299: already downloaded
2025-12-30 01:48:11,892 [ForkJoinPool-3-worker-15] INFO  o.o.b.p.a.PullFromAggregateTracker - Pull Formulário da Vigilancia Hospitalar - Skipping submission 236 of 1156: already downloaded
2025-12-30 01:48:11,892 [ForkJoinPool-3-worker-11] INFO  o.o.b.p.a.PullFromAggregateTracker - Pull Formulário da Vigilancia Hospitalar - Skipping submission 225 of 601: already downloaded
2025-12-30 01:48:11,894 [ForkJoinPool-3-worker-11] INFO  o.o.b.p.a.PullFromAggregateTracker - Pull Formulário da Vigilancia Hospitalar - Skipping submission 226 of 601: already downloaded
2025-12-30 01:48:11,889 [ForkJoinPool-3-worker-9] INFO  o.o.b.p.a.PullFromAggregateTracker - Pull Formulário da Vigilancia Comunitaria - Skipping submission 416 of 1299: already downloaded
2025-12-30 01:48:11,898 [ForkJoinPool-3-worker-8] INFO  o.o.b.p.a.PullFromAggregateTracker - Pull Formulário da Vigilancia Comunitaria - Skipping submission 419 of 1299: already downloaded
2025-12-30 01:48:11,898 [ForkJoinPool-3-worker-15] INFO  o.o.b.p.a.PullFromAggregateTracker - Pull Formulário da Vigilancia Hospitalar - Skipping submission 237 of 1156: already downloaded
2025-12-30 01:48:11,901 [ForkJoinPool-3-worker-11] INFO  o.o.b.p.a.PullFromAggregateTracker - Pull Formulário da Vigilancia Hospitalar - Skipping submission 227 of 601: already downloaded
2025-12-30 01:48:11,901 [ForkJoinPool-3-worker-13] INFO  o.o.b.p.a.PullFromAggregateTracker - Pull Formulário da Vigilancia Comunitaria - Skipping submission 415 of 1299: already downloaded
2025-12-30 01:48:11,903 [ForkJoinPool-3-worker-8] INFO  o.o.b.p.a.PullFromAggregateTracker - Pull Formulário da Vigilancia Comunitaria - Skipping submission 421 of 1299: already downloaded
2025-12-30 01:48:11,903 [ForkJoinPool-3-worker-9] INFO  o.o.b.p.a.PullFromAggregateTracker - Pull Formulário da Vigilancia Comunitaria - Skipping submission 420 of 1299: already downloaded
2025-12-30 01:48:11,903 [ForkJoinPool-3-worker-13] INFO  o.o.b.p.a.PullFromAggregateTracker - Pull Formulário da Vigilancia Comunitaria - Skipping submission 422 of 1299: already downloaded
2025-12-30 01:48:11,901 [ForkJoinPool-3-worker-15] INFO  o.o.b.p.a.PullFromAggregateTracker - Pull Formulário da Vigilancia Hospitalar - Skipping submission 238 of 1156: already downloaded
2025-12-30 01:48:11,905 [ForkJoinPool-3-worker-9] INFO  o.o.b.p.a.PullFromAggregateTracker - Pull Formulário da Vigilancia Comunitaria - Skipping submission 424 of 1299: already downloaded
2025-12-30 01:48:11,903 [ForkJoinPool-3-worker-11] INFO  o.o.b.p.a.PullFromAggregateTracker - Pull Formulário da Vigilancia Hospitalar - Skipping submission 228 of 601: already downloaded
2025-12-30 01:48:11,907 [ForkJoinPool-3-worker-8] INFO  o.o.b.p.a.PullFromAggregateTracker - Pull Formulário da Vigilancia Comunitaria - Skipping submission 423 of 1299: already downloaded
2025-12-30 01:48:11,907 [ForkJoinPool-3-worker-13] INFO  o.o.b.p.a.PullFromAggregateTracker - Pull Formulário da Vigilancia Comunitaria - Skipping submission 425 of 1299: already downloaded
2025-12-30 01:48:11,907 [ForkJoinPool-3-worker-11] INFO  o.o.b.p.a.PullFromAggregateTracker - Pull Formulário da Vigilancia Hospitalar - Skipping submission 229 of 601: already downloaded
2025-12-30 01:48:11,909 [ForkJoinPool-3-worker-11] INFO  o.o.b.p.a.PullFromAggregateTracker - Pull Formulário da Vigilancia Hospitalar - Skipping submission 230 of 601: already downloaded
2025-12-30 01:48:11,911 [ForkJoinPool-3-worker-13] INFO  o.o.b.p.a.PullFromAggregateTracker - Pull Formulário da Vigilancia Comunitaria - Skipping submission 428 of 1299: already downloaded
2025-12-30 01:48:11,913 [ForkJoinPool-3-worker-11] INFO  o.o.b.p.a.PullFromAggregateTracker - Pull Formulário da Vigilancia Hospitalar - Skipping submission 231 of 601: already downloaded
2025-12-30 01:48:11,913 [ForkJoinPool-3-worker-15] INFO  o.o.b.p.a.PullFromAggregateTracker - Pull Formulário da Vigilancia Hospitalar - Skipping submission 239 of 1156: already downloaded
2025-12-30 01:48:11,913 [ForkJoinPool-3-worker-8] INFO  o.o.b.p.a.PullFromAggregateTracker - Pull Formulário da Vigilancia Comunitaria - Skipping submission 427 of 1299: already downloaded
2025-12-30 01:48:11,915 [ForkJoinPool-3-worker-11] INFO  o.o.b.p.a.PullFromAggregateTracker - Pull Formulário da Vigilancia Hospitalar - Skipping submission 232 of 601: already downloaded
2025-12-30 01:48:11,915 [ForkJoinPool-3-worker-9] INFO  o.o.b.p.a.PullFromAggregateTracker - Pull Formulário da Vigilancia Comunitaria - Skipping submission 426 of 1299: already downloaded
2025-12-30 01:48:11,916 [ForkJoinPool-3-worker-8] INFO  o.o.b.p.a.PullFromAggregateTracker - Pull Formulário da Vigilancia Comunitaria - Skipping submission 430 of 1299: already downloaded
2025-12-30 01:48:11,917 [ForkJoinPool-3-worker-13] INFO  o.o.b.p.a.PullFromAggregateTracker - Pull Formulário da Vigilancia Comunitaria - Skipping submission 429 of 1299: already downloaded
2025-12-30 01:48:11,918 [ForkJoinPool-3-worker-11] INFO  o.o.b.p.a.PullFromAggregateTracker - Pull Formulário da Vigilancia Hospitalar - Skipping submission 233 of 601: already downloaded
2025-12-30 01:48:11,919 [ForkJoinPool-3-worker-8] INFO  o.o.b.p.a.PullFromAggregateTracker - Pull Formulário da Vigilancia Comunitaria - Skipping submission 432 of 1299: already downloaded
2025-12-30 01:48:11,919 [ForkJoinPool-3-worker-11] INFO  o.o.b.p.a.PullFromAggregateTracker - Pull Formulário da Vigilancia Hospitalar - Skipping submission 234 of 601: already downloaded
2025-12-30 01:48:11,919 [ForkJoinPool-3-worker-8] INFO  o.o.b.p.a.PullFromAggregateTracker - Pull Formulário da Vigilancia Comunitaria - Skipping submission 434 of 1299: already downloaded
2025-12-30 01:48:11,921 [ForkJoinPool-3-worker-13] INFO  o.o.b.p.a.PullFromAggregateTracker - Pull Formulário da Vigilancia Comunitaria - Skipping submission 433 of 1299: already downloaded
2025-12-30 01:48:11,921 [ForkJoinPool-3-worker-8] INFO  o.o.b.p.a.PullFromAggregateTracker - Pull Formulário da Vigilancia Comunitaria - Skipping submission 435 of 1299: already downloaded
2025-12-30 01:48:11,922 [ForkJoinPool-3-worker-15] INFO  o.o.b.p.a.PullFromAggregateTracker - Pull Formulário da Vigilancia Hospitalar - Skipping submission 240 of 1156: already downloaded
2025-12-30 01:48:11,923 [ForkJoinPool-3-worker-9] INFO  o.o.b.p.a.PullFromAggregateTracker - Pull Formulário da Vigilancia Comunitaria - Skipping submission 431 of 1299: already downloaded
2025-12-30 01:48:11,924 [ForkJoinPool-3-worker-13] INFO  o.o.b.p.a.PullFromAggregateTracker - Pull Formulário da Vigilancia Comunitaria - Skipping submission 436 of 1299: already downloaded
2025-12-30 01:48:11,924 [ForkJoinPool-3-worker-13] INFO  o.o.b.p.a.PullFromAggregateTracker - Pull Formulário da Vigilancia Comunitaria - Skipping submission 437 of 1299: already downloaded
2025-12-30 01:48:11,926 [ForkJoinPool-3-worker-15] INFO  o.o.b.p.a.PullFromAggregateTracker - Pull Formulário da Vigilancia Hospitalar - Skipping submission 241 of 1156: already downloaded
2025-12-30 01:48:11,926 [ForkJoinPool-3-worker-8] INFO  o.o.b.p.a.PullFromAggregateTracker - Pull Formulário da Vigilancia Comunitaria - Skipping submission 439 of 1299: already downloaded
2025-12-30 01:48:11,927 [ForkJoinPool-3-worker-9] INFO  o.o.b.p.a.PullFromAggregateTracker - Pull Formulário da Vigilancia Comunitaria - Skipping submission 438 of 1299: already downloaded
2025-12-30 01:48:11,929 [ForkJoinPool-3-worker-9] INFO  o.o.b.p.a.PullFromAggregateTracker - Pull Formulário da Vigilancia Comunitaria - Skipping submission 442 of 1299: already downloaded
2025-12-30 01:48:11,930 [ForkJoinPool-3-worker-11] INFO  o.o.b.p.a.PullFromAggregateTracker - Pull Formulário da Vigilancia Hospitalar - Skipping submission 235 of 601: already downloaded
2025-12-30 01:48:11,930 [ForkJoinPool-3-worker-15] INFO  o.o.b.p.a.PullFromAggregateTracker - Pull Formulário da Vigilancia Hospitalar - Skipping submission 242 of 1156: already downloaded
2025-12-30 01:48:11,932 [ForkJoinPool-3-worker-11] INFO  o.o.b.p.a.PullFromAggregateTracker - Pull Formulário da Vigilancia Hospitalar - Skipping submission 236 of 601: already downloaded
2025-12-30 01:48:11,935 [ForkJoinPool-3-worker-9] INFO  o.o.b.p.a.PullFromAggregateTracker - Pull Formulário da Vigilancia Comunitaria - Skipping submission 443 of 1299: already downloaded
2025-12-30 01:48:11,937 [ForkJoinPool-3-worker-9] INFO  o.o.b.p.a.PullFromAggregateTracker - Pull Formulário da Vigilancia Comunitaria - Skipping submission 444 of 1299: already downloaded
2025-12-30 01:48:11,937 [ForkJoinPool-3-worker-11] INFO  o.o.b.p.a.PullFromAggregateTracker - Pull Formulário da Vigilancia Hospitalar - Skipping submission 237 of 601: already downloaded
2025-12-30 01:48:11,939 [ForkJoinPool-3-worker-8] INFO  o.o.b.p.a.PullFromAggregateTracker - Pull Formulário da Vigilancia Comunitaria - Skipping submission 441 of 1299: already downloaded
2025-12-30 01:48:11,940 [ForkJoinPool-3-worker-11] INFO  o.o.b.p.a.PullFromAggregateTracker - Pull Formulário da Vigilancia Hospitalar - Skipping submission 238 of 601: already downloaded
2025-12-30 01:48:11,943 [ForkJoinPool-3-worker-15] INFO  o.o.b.p.a.PullFromAggregateTracker - Pull Formulário da Vigilancia Hospitalar - Skipping submission 243 of 1156: already downloaded
2025-12-30 01:48:11,947 [ForkJoinPool-3-worker-8] INFO  o.o.b.p.a.PullFromAggregateTracker - Pull Formulário da Vigilancia Comunitaria - Skipping submission 446 of 1299: already downloaded
2025-12-30 01:48:11,952 [ForkJoinPool-3-worker-11] INFO  o.o.b.p.a.PullFromAggregateTracker - Pull Formulário da Vigilancia Hospitalar - Skipping submission 239 of 601: already downloaded
2025-12-30 01:48:11,952 [ForkJoinPool-3-worker-15] INFO  o.o.b.p.a.PullFromAggregateTracker - Pull Formulário da Vigilancia Hospitalar - Skipping submission 244 of 1156: already downloaded
2025-12-30 01:48:11,955 [ForkJoinPool-3-worker-15] INFO  o.o.b.p.a.PullFromAggregateTracker - Pull Formulário da Vigilancia Hospitalar - Skipping submission 245 of 1156: already downloaded
2025-12-30 01:48:11,955 [ForkJoinPool-3-worker-11] INFO  o.o.b.p.a.PullFromAggregateTracker - Pull Formulário da Vigilancia Hospitalar - Skipping submission 240 of 601: already downloaded
2025-12-30 01:48:11,955 [ForkJoinPool-3-worker-15] INFO  o.o.b.p.a.PullFromAggregateTracker - Pull Formulário da Vigilancia Hospitalar - Skipping submission 246 of 1156: already downloaded
2025-12-30 01:48:11,957 [ForkJoinPool-3-worker-13] INFO  o.o.b.p.a.PullFromAggregateTracker - Pull Formulário da Vigilancia Comunitaria - Skipping submission 440 of 1299: already downloaded
2025-12-30 01:48:11,957 [ForkJoinPool-3-worker-8] INFO  o.o.b.p.a.PullFromAggregateTracker - Pull Formulário da Vigilancia Comunitaria - Skipping submission 447 of 1299: already downloaded
2025-12-30 01:48:11,957 [ForkJoinPool-3-worker-9] INFO  o.o.b.p.a.PullFromAggregateTracker - Pull Formulário da Vigilancia Comunitaria - Skipping submission 445 of 1299: already downloaded
2025-12-30 01:48:11,959 [ForkJoinPool-3-worker-11] INFO  o.o.b.p.a.PullFromAggregateTracker - Pull Formulário da Vigilancia Hospitalar - Skipping submission 241 of 601: already downloaded
2025-12-30 01:48:11,961 [ForkJoinPool-3-worker-11] INFO  o.o.b.p.a.PullFromAggregateTracker - Pull Formulário da Vigilancia Hospitalar - Skipping submission 242 of 601: already downloaded
2025-12-30 01:48:11,961 [ForkJoinPool-3-worker-9] INFO  o.o.b.p.a.PullFromAggregateTracker - Pull Formulário da Vigilancia Comunitaria - Skipping submission 450 of 1299: already downloaded
2025-12-30 01:48:11,961 [ForkJoinPool-3-worker-9] INFO  o.o.b.p.a.PullFromAggregateTracker - Pull Formulário da Vigilancia Comunitaria - Skipping submission 451 of 1299: already downloaded
2025-12-30 01:48:11,962 [ForkJoinPool-3-worker-13] INFO  o.o.b.p.a.PullFromAggregateTracker - Pull Formulário da Vigilancia Comunitaria - Skipping submission 448 of 1299: already downloaded
2025-12-30 01:48:11,964 [ForkJoinPool-3-worker-13] INFO  o.o.b.p.a.PullFromAggregateTracker - Pull Formulário da Vigilancia Comunitaria - Skipping submission 453 of 1299: already downloaded
2025-12-30 01:48:11,964 [ForkJoinPool-3-worker-13] INFO  o.o.b.p.a.PullFromAggregateTracker - Pull Formulário da Vigilancia Comunitaria - Skipping submission 454 of 1299: already downloaded
2025-12-30 01:48:11,964 [ForkJoinPool-3-worker-8] INFO  o.o.b.p.a.PullFromAggregateTracker - Pull Formulário da Vigilancia Comunitaria - Skipping submission 449 of 1299: already downloaded
2025-12-30 01:48:11,964 [ForkJoinPool-3-worker-11] INFO  o.o.b.p.a.PullFromAggregateTracker - Pull Formulário da Vigilancia Hospitalar - Skipping submission 243 of 601: already downloaded
2025-12-30 01:48:11,966 [ForkJoinPool-3-worker-15] INFO  o.o.b.p.a.PullFromAggregateTracker - Pull Formulário da Vigilancia Hospitalar - Skipping submission 247 of 1156: already downloaded
2025-12-30 01:48:11,966 [ForkJoinPool-3-worker-13] INFO  o.o.b.p.a.PullFromAggregateTracker - Pull Formulário da Vigilancia Comunitaria - Skipping submission 455 of 1299: already downloaded
2025-12-30 01:48:11,968 [ForkJoinPool-3-worker-11] INFO  o.o.b.p.a.PullFromAggregateTracker - Pull Formulário da Vigilancia Hospitalar - Skipping submission 244 of 601: already downloaded
2025-12-30 01:48:11,968 [ForkJoinPool-3-worker-13] INFO  o.o.b.p.a.PullFromAggregateTracker - Pull Formulário da Vigilancia Comunitaria - Skipping submission 457 of 1299: already downloaded
2025-12-30 01:48:11,969 [ForkJoinPool-3-worker-11] INFO  o.o.b.p.a.PullFromAggregateTracker - Pull Formulário da Vigilancia Hospitalar - Skipping submission 245 of 601: already downloaded
2025-12-30 01:48:11,969 [ForkJoinPool-3-worker-9] INFO  o.o.b.p.a.PullFromAggregateTracker - Pull Formulário da Vigilancia Comunitaria - Skipping submission 452 of 1299: already downloaded
2025-12-30 01:48:11,970 [ForkJoinPool-3-worker-13] INFO  o.o.b.p.a.PullFromAggregateTracker - Pull Formulário da Vigilancia Comunitaria - Skipping submission 458 of 1299: already downloaded
2025-12-30 01:48:11,971 [ForkJoinPool-3-worker-8] INFO  o.o.b.p.a.PullFromAggregateTracker - Pull Formulário da Vigilancia Comunitaria - Skipping submission 456 of 1299: already downloaded
2025-12-30 01:48:11,972 [ForkJoinPool-3-worker-9] INFO  o.o.b.p.a.PullFromAggregateTracker - Pull Formulário da Vigilancia Comunitaria - Skipping submission 459 of 1299: already downloaded
2025-12-30 01:48:11,968 [ForkJoinPool-3-worker-15] INFO  o.o.b.p.a.PullFromAggregateTracker - Pull Formulário da Vigilancia Hospitalar - Skipping submission 248 of 1156: already downloaded
2025-12-30 01:48:11,972 [ForkJoinPool-3-worker-8] INFO  o.o.b.p.a.PullFromAggregateTracker - Pull Formulário da Vigilancia Comunitaria - Skipping submission 460 of 1299: already downloaded
2025-12-30 01:48:11,974 [ForkJoinPool-3-worker-11] INFO  o.o.b.p.a.PullFromAggregateTracker - Pull Formulário da Vigilancia Hospitalar - Skipping submission 246 of 601: already downloaded
2025-12-30 01:48:11,974 [ForkJoinPool-3-worker-15] INFO  o.o.b.p.a.PullFromAggregateTracker - Pull Formulário da Vigilancia Hospitalar - Skipping submission 249 of 1156: already downloaded
2025-12-30 01:48:11,974 [ForkJoinPool-3-worker-13] INFO  o.o.b.p.a.PullFromAggregateTracker - Pull Formulário da Vigilancia Comunitaria - Skipping submission 462 of 1299: already downloaded
2025-12-30 01:48:11,975 [ForkJoinPool-3-worker-15] INFO  o.o.b.p.a.PullFromAggregateTracker - Pull Formulário da Vigilancia Hospitalar - Skipping submission 250 of 1156: already downloaded
2025-12-30 01:48:11,975 [ForkJoinPool-3-worker-13] INFO  o.o.b.p.a.PullFromAggregateTracker - Pull Formulário da Vigilancia Comunitaria - Skipping submission 464 of 1299: already downloaded
2025-12-30 01:48:11,975 [ForkJoinPool-3-worker-11] INFO  o.o.b.p.a.PullFromAggregateTracker - Pull Formulário da Vigilancia Hospitalar - Skipping submission 247 of 601: already downloaded
2025-12-30 01:48:11,975 [ForkJoinPool-3-worker-15] INFO  o.o.b.p.a.PullFromAggregateTracker - Pull Formulário da Vigilancia Hospitalar - Skipping submission 251 of 1156: already downloaded
2025-12-30 01:48:11,976 [ForkJoinPool-3-worker-11] INFO  o.o.b.p.a.PullFromAggregateTracker - Pull Formulário da Vigilancia Hospitalar - Skipping submission 248 of 601: already downloaded
2025-12-30 01:48:11,977 [ForkJoinPool-3-worker-13] INFO  o.o.b.p.a.PullFromAggregateTracker - Pull Formulário da Vigilancia Comunitaria - Skipping submission 465 of 1299: already downloaded
2025-12-30 01:48:11,978 [ForkJoinPool-3-worker-8] INFO  o.o.b.p.a.PullFromAggregateTracker - Pull Formulário da Vigilancia Comunitaria - Skipping submission 463 of 1299: already downloaded
2025-12-30 01:48:11,978 [ForkJoinPool-3-worker-9] INFO  o.o.b.p.a.PullFromAggregateTracker - Pull Formulário da Vigilancia Comunitaria - Skipping submission 461 of 1299: already downloaded
2025-12-30 01:48:11,978 [ForkJoinPool-3-worker-9] INFO  o.o.b.p.a.PullFromAggregateTracker - Pull Formulário da Vigilancia Comunitaria - Skipping submission 466 of 1299: already downloaded
2025-12-30 01:48:11,981 [ForkJoinPool-3-worker-15] INFO  o.o.b.p.a.PullFromAggregateTracker - Pull Formulário da Vigilancia Hospitalar - Skipping submission 252 of 1156: already downloaded
2025-12-30 01:48:11,985 [ForkJoinPool-3-worker-15] INFO  o.o.b.p.a.PullFromAggregateTracker - Pull Formulário da Vigilancia Hospitalar - Skipping submission 253 of 1156: already downloaded
2025-12-30 01:48:11,986 [ForkJoinPool-3-worker-11] INFO  o.o.b.p.a.PullFromAggregateTracker - Pull Formulário da Vigilancia Hospitalar - Skipping submission 249 of 601: already downloaded
2025-12-30 01:48:11,988 [ForkJoinPool-3-worker-9] INFO  o.o.b.p.a.PullFromAggregateTracker - Pull Formulário da Vigilancia Comunitaria - Skipping submission 468 of 1299: already downloaded
2025-12-30 01:48:11,988 [ForkJoinPool-3-worker-9] INFO  o.o.b.p.a.PullFromAggregateTracker - Pull Formulário da Vigilancia Comunitaria - Skipping submission 470 of 1299: already downloaded
2025-12-30 01:48:11,988 [ForkJoinPool-3-worker-8] INFO  o.o.b.p.a.PullFromAggregateTracker - Pull Formulário da Vigilancia Comunitaria - Skipping submission 467 of 1299: already downloaded
2025-12-30 01:48:11,988 [ForkJoinPool-3-worker-11] INFO  o.o.b.p.a.PullFromAggregateTracker - Pull Formulário da Vigilancia Hospitalar - Skipping submission 250 of 601: already downloaded
2025-12-30 01:48:11,991 [ForkJoinPool-3-worker-13] INFO  o.o.b.p.a.PullFromAggregateTracker - Pull Formulário da Vigilancia Comunitaria - Skipping submission 469 of 1299: already downloaded
2025-12-30 01:48:11,993 [ForkJoinPool-3-worker-8] INFO  o.o.b.p.a.PullFromAggregateTracker - Pull Formulário da Vigilancia Comunitaria - Skipping submission 472 of 1299: already downloaded
2025-12-30 01:48:11,994 [ForkJoinPool-3-worker-8] INFO  o.o.b.p.a.PullFromAggregateTracker - Pull Formulário da Vigilancia Comunitaria - Skipping submission 473 of 1299: already downloaded
2025-12-30 01:48:11,994 [ForkJoinPool-3-worker-9] INFO  o.o.b.p.a.PullFromAggregateTracker - Pull Formulário da Vigilancia Comunitaria - Skipping submission 471 of 1299: already downloaded
2025-12-30 01:48:11,994 [ForkJoinPool-3-worker-15] INFO  o.o.b.p.a.PullFromAggregateTracker - Pull Formulário da Vigilancia Hospitalar - Skipping submission 254 of 1156: already downloaded
2025-12-30 01:48:11,995 [ForkJoinPool-3-worker-8] INFO  o.o.b.p.a.PullFromAggregateTracker - Pull Formulário da Vigilancia Comunitaria - Skipping submission 474 of 1299: already downloaded
2025-12-30 01:48:11,999 [ForkJoinPool-3-worker-15] INFO  o.o.b.p.a.PullFromAggregateTracker - Pull Formulário da Vigilancia Hospitalar - Skipping submission 255 of 1156: already downloaded
2025-12-30 01:48:11,999 [ForkJoinPool-3-worker-9] INFO  o.o.b.p.a.PullFromAggregateTracker - Pull Formulário da Vigilancia Comunitaria - Skipping submission 476 of 1299: already downloaded
2025-12-30 01:48:12,000 [ForkJoinPool-3-worker-13] INFO  o.o.b.p.a.PullFromAggregateTracker - Pull Formulário da Vigilancia Comunitaria - Skipping submission 475 of 1299: already downloaded
2025-12-30 01:48:12,002 [ForkJoinPool-3-worker-11] INFO  o.o.b.p.a.PullFromAggregateTracker - Pull Formulário da Vigilancia Hospitalar - Skipping submission 251 of 601: already downloaded
2025-12-30 01:48:12,002 [ForkJoinPool-3-worker-9] INFO  o.o.b.p.a.PullFromAggregateTracker - Pull Formulário da Vigilancia Comunitaria - Skipping submission 478 of 1299: already downloaded
2025-12-30 01:48:12,002 [ForkJoinPool-3-worker-8] INFO  o.o.b.p.a.PullFromAggregateTracker - Pull Formulário da Vigilancia Comunitaria - Skipping submission 477 of 1299: already downloaded
2025-12-30 01:48:12,004 [ForkJoinPool-3-worker-8] INFO  o.o.b.p.a.PullFromAggregateTracker - Pull Formulário da Vigilancia Comunitaria - Skipping submission 479 of 1299: already downloaded
2025-12-30 01:48:12,004 [ForkJoinPool-3-worker-11] INFO  o.o.b.p.a.PullFromAggregateTracker - Pull Formulário da Vigilancia Hospitalar - Skipping submission 252 of 601: already downloaded
2025-12-30 01:48:12,004 [ForkJoinPool-3-worker-15] INFO  o.o.b.p.a.PullFromAggregateTracker - Pull Formulário da Vigilancia Hospitalar - Skipping submission 256 of 1156: already downloaded
2025-12-30 01:48:12,004 [ForkJoinPool-3-worker-11] INFO  o.o.b.p.a.PullFromAggregateTracker - Pull Formulário da Vigilancia Hospitalar - Skipping submission 253 of 601: already downloaded
2025-12-30 01:48:12,004 [ForkJoinPool-3-worker-9] INFO  o.o.b.p.a.PullFromAggregateTracker - Pull Formulário da Vigilancia Comunitaria - Skipping submission 481 of 1299: already downloaded
2025-12-30 01:48:12,004 [ForkJoinPool-3-worker-15] INFO  o.o.b.p.a.PullFromAggregateTracker - Pull Formulário da Vigilancia Hospitalar - Skipping submission 257 of 1156: already downloaded
2025-12-30 01:48:12,006 [ForkJoinPool-3-worker-13] INFO  o.o.b.p.a.PullFromAggregateTracker - Pull Formulário da Vigilancia Comunitaria - Skipping submission 480 of 1299: already downloaded
2025-12-30 01:48:12,008 [ForkJoinPool-3-worker-13] INFO  o.o.b.p.a.PullFromAggregateTracker - Pull Formulário da Vigilancia Comunitaria - Skipping submission 483 of 1299: already downloaded
2025-12-30 01:48:12,010 [ForkJoinPool-3-worker-9] INFO  o.o.b.p.a.PullFromAggregateTracker - Pull Formulário da Vigilancia Comunitaria - Skipping submission 484 of 1299: already downloaded
2025-12-30 01:48:12,010 [ForkJoinPool-3-worker-8] INFO  o.o.b.p.a.PullFromAggregateTracker - Pull Formulário da Vigilancia Comunitaria - Skipping submission 482 of 1299: already downloaded
2025-12-30 01:48:12,010 [ForkJoinPool-3-worker-11] INFO  o.o.b.p.a.PullFromAggregateTracker - Pull Formulário da Vigilancia Hospitalar - Skipping submission 254 of 601: already downloaded
2025-12-30 01:48:12,010 [ForkJoinPool-3-worker-15] INFO  o.o.b.p.a.PullFromAggregateTracker - Pull Formulário da Vigilancia Hospitalar - Skipping submission 258 of 1156: already downloaded
2025-12-30 01:48:12,010 [ForkJoinPool-3-worker-15] INFO  o.o.b.p.a.PullFromAggregateTracker - Pull Formulário da Vigilancia Hospitalar - Skipping submission 259 of 1156: already downloaded
2025-12-30 01:48:12,012 [ForkJoinPool-3-worker-11] INFO  o.o.b.p.a.PullFromAggregateTracker - Pull Formulário da Vigilancia Hospitalar - Skipping submission 255 of 601: already downloaded
2025-12-30 01:48:12,012 [ForkJoinPool-3-worker-15] INFO  o.o.b.p.a.PullFromAggregateTracker - Pull Formulário da Vigilancia Hospitalar - Skipping submission 260 of 1156: already downloaded
2025-12-30 01:48:12,016 [ForkJoinPool-3-worker-8] INFO  o.o.b.p.a.PullFromAggregateTracker - Pull Formulário da Vigilancia Comunitaria - Skipping submission 485 of 1299: already downloaded
2025-12-30 01:48:12,012 [ForkJoinPool-3-worker-15] INFO  o.o.b.p.a.PullFromAggregateTracker - Pull Formulário da Vigilancia Hospitalar - Skipping submission 261 of 1156: already downloaded
2025-12-30 01:48:12,018 [ForkJoinPool-3-worker-13] INFO  o.o.b.p.a.PullFromAggregateTracker - Pull Formulário da Vigilancia Comunitaria - Skipping submission 486 of 1299: already downloaded
2025-12-30 01:48:12,019 [ForkJoinPool-3-worker-11] INFO  o.o.b.p.a.PullFromAggregateTracker - Pull Formulário da Vigilancia Hospitalar - Skipping submission 256 of 601: already downloaded
2025-12-30 01:48:12,019 [ForkJoinPool-3-worker-8] INFO  o.o.b.p.a.PullFromAggregateTracker - Pull Formulário da Vigilancia Comunitaria - Skipping submission 488 of 1299: already downloaded
2025-12-30 01:48:12,019 [ForkJoinPool-3-worker-15] INFO  o.o.b.p.a.PullFromAggregateTracker - Pull Formulário da Vigilancia Hospitalar - Skipping submission 262 of 1156: already downloaded
2025-12-30 01:48:12,015 [AWT-EventQueue-0] INFO  XFormParser - Reading XML and parsing with kXML2 finished in 254.116 ms
2025-12-30 01:48:12,022 [ForkJoinPool-3-worker-11] INFO  o.o.b.p.a.PullFromAggregateTracker - Pull Formulário da Vigilancia Hospitalar - Skipping submission 257 of 601: already downloaded
2025-12-30 01:48:12,019 [ForkJoinPool-3-worker-13] INFO  o.o.b.p.a.PullFromAggregateTracker - Pull Formulário da Vigilancia Comunitaria - Skipping submission 489 of 1299: already downloaded
2025-12-30 01:48:12,022 [ForkJoinPool-3-worker-8] INFO  o.o.b.p.a.PullFromAggregateTracker - Pull Formulário da Vigilancia Comunitaria - Skipping submission 490 of 1299: already downloaded
2025-12-30 01:48:12,022 [ForkJoinPool-3-worker-15] INFO  o.o.b.p.a.PullFromAggregateTracker - Pull Formulário da Vigilancia Hospitalar - Skipping submission 263 of 1156: already downloaded
2025-12-30 01:48:12,024 [ForkJoinPool-3-worker-9] INFO  o.o.b.p.a.PullFromAggregateTracker - Pull Formulário da Vigilancia Comunitaria - Skipping submission 487 of 1299: already downloaded
2025-12-30 01:48:12,024 [ForkJoinPool-3-worker-8] INFO  o.o.b.p.a.PullFromAggregateTracker - Pull Formulário da Vigilancia Comunitaria - Skipping submission 492 of 1299: already downloaded
2025-12-30 01:48:12,024 [ForkJoinPool-3-worker-8] INFO  o.o.b.p.a.PullFromAggregateTracker - Pull Formulário da Vigilancia Comunitaria - Skipping submission 494 of 1299: already downloaded
2025-12-30 01:48:12,024 [ForkJoinPool-3-worker-15] INFO  o.o.b.p.a.PullFromAggregateTracker - Pull Formulário da Vigilancia Hospitalar - Skipping submission 264 of 1156: already downloaded
2025-12-30 01:48:12,026 [ForkJoinPool-3-worker-15] INFO  o.o.b.p.a.PullFromAggregateTracker - Pull Formulário da Vigilancia Hospitalar - Skipping submission 265 of 1156: already downloaded
2025-12-30 01:48:12,026 [ForkJoinPool-3-worker-13] INFO  o.o.b.p.a.PullFromAggregateTracker - Pull Formulário da Vigilancia Comunitaria - Skipping submission 491 of 1299: already downloaded
2025-12-30 01:48:12,027 [ForkJoinPool-3-worker-11] INFO  o.o.b.p.a.PullFromAggregateTracker - Pull Formulário da Vigilancia Hospitalar - Skipping submission 258 of 601: already downloaded
2025-12-30 01:48:12,029 [ForkJoinPool-3-worker-11] INFO  o.o.b.p.a.PullFromAggregateTracker - Pull Formulário da Vigilancia Hospitalar - Skipping submission 259 of 601: already downloaded
2025-12-30 01:48:12,029 [ForkJoinPool-3-worker-11] INFO  o.o.b.p.a.PullFromAggregateTracker - Pull Formulário da Vigilancia Hospitalar - Skipping submission 260 of 601: already downloaded
2025-12-30 01:48:12,031 [ForkJoinPool-3-worker-15] INFO  o.o.b.p.a.PullFromAggregateTracker - Pull Formulário da Vigilancia Hospitalar - Skipping submission 266 of 1156: already downloaded
2025-12-30 01:48:12,032 [ForkJoinPool-3-worker-9] INFO  o.o.b.p.a.PullFromAggregateTracker - Pull Formulário da Vigilancia Comunitaria - Skipping submission 493 of 1299: already downloaded
2025-12-30 01:48:12,032 [ForkJoinPool-3-worker-15] INFO  o.o.b.p.a.PullFromAggregateTracker - Pull Formulário da Vigilancia Hospitalar - Skipping submission 267 of 1156: already downloaded
2025-12-30 01:48:12,032 [ForkJoinPool-3-worker-8] INFO  o.o.b.p.a.PullFromAggregateTracker - Pull Formulário da Vigilancia Comunitaria - Skipping submission 496 of 1299: already downloaded
2025-12-30 01:48:12,032 [ForkJoinPool-3-worker-11] INFO  o.o.b.p.a.PullFromAggregateTracker - Pull Formulário da Vigilancia Hospitalar - Skipping submission 261 of 601: already downloaded
2025-12-30 01:48:12,034 [ForkJoinPool-3-worker-8] INFO  o.o.b.p.a.PullFromAggregateTracker - Pull Formulário da Vigilancia Comunitaria - Skipping submission 498 of 1299: already downloaded
2025-12-30 01:48:12,034 [ForkJoinPool-3-worker-13] INFO  o.o.b.p.a.PullFromAggregateTracker - Pull Formulário da Vigilancia Comunitaria - Skipping submission 495 of 1299: already downloaded
2025-12-30 01:48:12,034 [ForkJoinPool-3-worker-8] INFO  o.o.b.p.a.PullFromAggregateTracker - Pull Formulário da Vigilancia Comunitaria - Skipping submission 499 of 1299: already downloaded
2025-12-30 01:48:12,034 [ForkJoinPool-3-worker-9] INFO  o.o.b.p.a.PullFromAggregateTracker - Pull Formulário da Vigilancia Comunitaria - Skipping submission 497 of 1299: already downloaded
2025-12-30 01:48:12,034 [ForkJoinPool-3-worker-9] INFO  o.o.b.p.a.PullFromAggregateTracker - Pull Formulário da Vigilancia Comunitaria - Skipping submission 502 of 1299: already downloaded
2025-12-30 01:48:12,036 [ForkJoinPool-3-worker-9] INFO  o.o.b.p.a.PullFromAggregateTracker - Pull Formulário da Vigilancia Comunitaria - Skipping submission 503 of 1299: already downloaded
2025-12-30 01:48:12,038 [ForkJoinPool-3-worker-8] INFO  o.o.b.p.a.PullFromAggregateTracker - Pull Formulário da Vigilancia Comunitaria - Skipping submission 501 of 1299: already downloaded
2025-12-30 01:48:12,036 [ForkJoinPool-3-worker-15] INFO  o.o.b.p.a.PullFromAggregateTracker - Pull Formulário da Vigilancia Hospitalar - Skipping submission 268 of 1156: already downloaded
2025-12-30 01:48:12,038 [ForkJoinPool-3-worker-11] INFO  o.o.b.p.a.PullFromAggregateTracker - Pull Formulário da Vigilancia Hospitalar - Skipping submission 262 of 601: already downloaded
2025-12-30 01:48:12,040 [ForkJoinPool-3-worker-11] INFO  o.o.b.p.a.PullFromAggregateTracker - Pull Formulário da Vigilancia Hospitalar - Skipping submission 263 of 601: already downloaded
2025-12-30 01:48:12,041 [ForkJoinPool-3-worker-9] INFO  o.o.b.p.a.PullFromAggregateTracker - Pull Formulário da Vigilancia Comunitaria - Skipping submission 504 of 1299: already downloaded
2025-12-30 01:48:12,042 [ForkJoinPool-3-worker-9] INFO  o.o.b.p.a.PullFromAggregateTracker - Pull Formulário da Vigilancia Comunitaria - Skipping submission 506 of 1299: already downloaded
2025-12-30 01:48:12,044 [ForkJoinPool-3-worker-13] INFO  o.o.b.p.a.PullFromAggregateTracker - Pull Formulário da Vigilancia Comunitaria - Skipping submission 500 of 1299: already downloaded
2025-12-30 01:48:12,041 [ForkJoinPool-3-worker-15] INFO  o.o.b.p.a.PullFromAggregateTracker - Pull Formulário da Vigilancia Hospitalar - Skipping submission 269 of 1156: already downloaded
2025-12-30 01:48:12,042 [ForkJoinPool-3-worker-11] INFO  o.o.b.p.a.PullFromAggregateTracker - Pull Formulário da Vigilancia Hospitalar - Skipping submission 264 of 601: already downloaded
2025-12-30 01:48:12,044 [ForkJoinPool-3-worker-13] INFO  o.o.b.p.a.PullFromAggregateTracker - Pull Formulário da Vigilancia Comunitaria - Skipping submission 508 of 1299: already downloaded
2025-12-30 01:48:12,044 [ForkJoinPool-3-worker-15] INFO  o.o.b.p.a.PullFromAggregateTracker - Pull Formulário da Vigilancia Hospitalar - Skipping submission 270 of 1156: already downloaded
2025-12-30 01:48:12,046 [ForkJoinPool-3-worker-11] INFO  o.o.b.p.a.PullFromAggregateTracker - Pull Formulário da Vigilancia Hospitalar - Skipping submission 265 of 601: already downloaded
2025-12-30 01:48:12,048 [ForkJoinPool-3-worker-11] INFO  o.o.b.p.a.PullFromAggregateTracker - Pull Formulário da Vigilancia Hospitalar - Skipping submission 266 of 601: already downloaded
2025-12-30 01:48:12,046 [ForkJoinPool-3-worker-13] INFO  o.o.b.p.a.PullFromAggregateTracker - Pull Formulário da Vigilancia Comunitaria - Skipping submission 509 of 1299: already downloaded
2025-12-30 01:48:12,048 [ForkJoinPool-3-worker-9] INFO  o.o.b.p.a.PullFromAggregateTracker - Pull Formulário da Vigilancia Comunitaria - Skipping submission 507 of 1299: already downloaded
2025-12-30 01:48:12,053 [ForkJoinPool-3-worker-15] INFO  o.o.b.p.a.PullFromAggregateTracker - Pull Formulário da Vigilancia Hospitalar - Skipping submission 271 of 1156: already downloaded
2025-12-30 01:48:12,053 [ForkJoinPool-3-worker-11] INFO  o.o.b.p.a.PullFromAggregateTracker - Pull Formulário da Vigilancia Hospitalar - Skipping submission 267 of 601: already downloaded
2025-12-30 01:48:12,055 [ForkJoinPool-3-worker-15] INFO  o.o.b.p.a.PullFromAggregateTracker - Pull Formulário da Vigilancia Hospitalar - Skipping submission 272 of 1156: already downloaded
2025-12-30 01:48:12,056 [ForkJoinPool-3-worker-8] INFO  o.o.b.p.a.PullFromAggregateTracker - Pull Formulário da Vigilancia Comunitaria - Skipping submission 505 of 1299: already downloaded
2025-12-30 01:48:12,056 [ForkJoinPool-3-worker-9] INFO  o.o.b.p.a.PullFromAggregateTracker - Pull Formulário da Vigilancia Comunitaria - Skipping submission 511 of 1299: already downloaded
2025-12-30 01:48:12,056 [ForkJoinPool-3-worker-13] INFO  o.o.b.p.a.PullFromAggregateTracker - Pull Formulário da Vigilancia Comunitaria - Skipping submission 510 of 1299: already downloaded
2025-12-30 01:48:12,055 [ForkJoinPool-3-worker-11] INFO  o.o.b.p.a.PullFromAggregateTracker - Pull Formulário da Vigilancia Hospitalar - Skipping submission 268 of 601: already downloaded
2025-12-30 01:48:12,059 [ForkJoinPool-3-worker-11] INFO  o.o.b.p.a.PullFromAggregateTracker - Pull Formulário da Vigilancia Hospitalar - Skipping submission 269 of 601: already downloaded
2025-12-30 01:48:12,060 [ForkJoinPool-3-worker-15] INFO  o.o.b.p.a.PullFromAggregateTracker - Pull Formulário da Vigilancia Hospitalar - Skipping submission 273 of 1156: already downloaded
2025-12-30 01:48:12,062 [ForkJoinPool-3-worker-9] INFO  o.o.b.p.a.PullFromAggregateTracker - Pull Formulário da Vigilancia Comunitaria - Skipping submission 513 of 1299: already downloaded
2025-12-30 01:48:12,062 [ForkJoinPool-3-worker-15] INFO  o.o.b.p.a.PullFromAggregateTracker - Pull Formulário da Vigilancia Hospitalar - Skipping submission 274 of 1156: already downloaded
2025-12-30 01:48:12,062 [ForkJoinPool-3-worker-11] INFO  o.o.b.p.a.PullFromAggregateTracker - Pull Formulário da Vigilancia Hospitalar - Skipping submission 270 of 601: already downloaded
2025-12-30 01:48:12,062 [ForkJoinPool-3-worker-15] INFO  o.o.b.p.a.PullFromAggregateTracker - Pull Formulário da Vigilancia Hospitalar - Skipping submission 275 of 1156: already downloaded
2025-12-30 01:48:12,064 [ForkJoinPool-3-worker-9] INFO  o.o.b.p.a.PullFromAggregateTracker - Pull Formulário da Vigilancia Comunitaria - Skipping submission 515 of 1299: already downloaded
2025-12-30 01:48:12,064 [ForkJoinPool-3-worker-11] INFO  o.o.b.p.a.PullFromAggregateTracker - Pull Formulário da Vigilancia Hospitalar - Skipping submission 271 of 601: already downloaded
2025-12-30 01:48:12,065 [ForkJoinPool-3-worker-9] INFO  o.o.b.p.a.PullFromAggregateTracker - Pull Formulário da Vigilancia Comunitaria - Skipping submission 516 of 1299: already downloaded
2025-12-30 01:48:12,066 [ForkJoinPool-3-worker-8] INFO  o.o.b.p.a.PullFromAggregateTracker - Pull Formulário da Vigilancia Comunitaria - Skipping submission 512 of 1299: already downloaded
2025-12-30 01:48:12,068 [ForkJoinPool-3-worker-8] INFO  o.o.b.p.a.PullFromAggregateTracker - Pull Formulário da Vigilancia Comunitaria - Skipping submission 518 of 1299: already downloaded
2025-12-30 01:48:12,069 [ForkJoinPool-3-worker-8] INFO  o.o.b.p.a.PullFromAggregateTracker - Pull Formulário da Vigilancia Comunitaria - Skipping submission 519 of 1299: already downloaded
2025-12-30 01:48:12,071 [ForkJoinPool-3-worker-15] INFO  o.o.b.p.a.PullFromAggregateTracker - Pull Formulário da Vigilancia Hospitalar - Skipping submission 276 of 1156: already downloaded
2025-12-30 01:48:12,073 [ForkJoinPool-3-worker-15] INFO  o.o.b.p.a.PullFromAggregateTracker - Pull Formulário da Vigilancia Hospitalar - Skipping submission 277 of 1156: already downloaded
2025-12-30 01:48:12,073 [ForkJoinPool-3-worker-11] INFO  o.o.b.p.a.PullFromAggregateTracker - Pull Formulário da Vigilancia Hospitalar - Skipping submission 272 of 601: already downloaded
2025-12-30 01:48:12,076 [ForkJoinPool-3-worker-8] INFO  o.o.b.p.a.PullFromAggregateTracker - Pull Formulário da Vigilancia Comunitaria - Skipping submission 520 of 1299: already downloaded
2025-12-30 01:48:12,075 [ForkJoinPool-3-worker-10] INFO  o.o.b.p.a.PullFromAggregateTracker - Pull Formulário da Vigilancia Hospitalar - Laboratório - Submission 201 of 642 downloaded
2025-12-30 01:48:12,076 [ForkJoinPool-3-worker-13] INFO  o.o.b.p.a.PullFromAggregateTracker - Pull Formulário da Vigilancia Comunitaria - Skipping submission 514 of 1299: already downloaded
2025-12-30 01:48:12,074 [ForkJoinPool-3-worker-15] INFO  o.o.b.p.a.PullFromAggregateTracker - Pull Formulário da Vigilancia Hospitalar - Skipping submission 278 of 1156: already downloaded
2025-12-30 01:48:12,082 [ForkJoinPool-3-worker-15] INFO  o.o.b.p.a.PullFromAggregateTracker - Pull Formulário da Vigilancia Hospitalar - Skipping submission 279 of 1156: already downloaded
2025-12-30 01:48:12,074 [ForkJoinPool-3-worker-11] INFO  o.o.b.p.a.PullFromAggregateTracker - Pull Formulário da Vigilancia Hospitalar - Skipping submission 273 of 601: already downloaded
2025-12-30 01:48:12,076 [ForkJoinPool-3-worker-9] INFO  o.o.b.p.a.PullFromAggregateTracker - Pull Formulário da Vigilancia Comunitaria - Skipping submission 517 of 1299: already downloaded
2025-12-30 01:48:12,085 [ForkJoinPool-3-worker-11] INFO  o.o.b.p.a.PullFromAggregateTracker - Pull Formulário da Vigilancia Hospitalar - Skipping submission 274 of 601: already downloaded
2025-12-30 01:48:12,085 [ForkJoinPool-3-worker-8] INFO  o.o.b.p.a.PullFromAggregateTracker - Pull Formulário da Vigilancia Comunitaria - Skipping submission 521 of 1299: already downloaded
2025-12-30 01:48:12,087 [ForkJoinPool-3-worker-13] INFO  o.o.b.p.a.PullFromAggregateTracker - Pull Formulário da Vigilancia Comunitaria - Skipping submission 522 of 1299: already downloaded
2025-12-30 01:48:12,087 [ForkJoinPool-3-worker-8] INFO  o.o.b.p.a.PullFromAggregateTracker - Pull Formulário da Vigilancia Comunitaria - Skipping submission 524 of 1299: already downloaded
2025-12-30 01:48:12,091 [ForkJoinPool-3-worker-8] INFO  o.o.b.p.a.PullFromAggregateTracker - Pull Formulário da Vigilancia Comunitaria - Skipping submission 526 of 1299: already downloaded
2025-12-30 01:48:12,093 [ForkJoinPool-3-worker-15] INFO  o.o.b.p.a.PullFromAggregateTracker - Pull Formulário da Vigilancia Hospitalar - Skipping submission 280 of 1156: already downloaded
2025-12-30 01:48:12,095 [ForkJoinPool-3-worker-11] INFO  o.o.b.p.a.PullFromAggregateTracker - Pull Formulário da Vigilancia Hospitalar - Skipping submission 275 of 601: already downloaded
2025-12-30 01:48:12,096 [ForkJoinPool-3-worker-11] INFO  o.o.b.p.a.PullFromAggregateTracker - Pull Formulário da Vigilancia Hospitalar - Skipping submission 276 of 601: already downloaded
2025-12-30 01:48:12,099 [ForkJoinPool-3-worker-15] INFO  o.o.b.p.a.PullFromAggregateTracker - Pull Formulário da Vigilancia Hospitalar - Skipping submission 281 of 1156: already downloaded
2025-12-30 01:48:12,104 [ForkJoinPool-3-worker-10] INFO  o.o.b.p.a.PullFromAggregateTracker - Pull Formulário da Vigilancia Hospitalar - Laboratório - Start downloading submission 202 of 642
2025-12-30 01:48:12,104 [ForkJoinPool-3-worker-11] INFO  o.o.b.p.a.PullFromAggregateTracker - Pull Formulário da Vigilancia Hospitalar - Skipping submission 277 of 601: already downloaded
2025-12-30 01:48:12,103 [ForkJoinPool-3-worker-15] INFO  o.o.b.p.a.PullFromAggregateTracker - Pull Formulário da Vigilancia Hospitalar - Skipping submission 282 of 1156: already downloaded
2025-12-30 01:48:12,108 [ForkJoinPool-3-worker-8] INFO  o.o.b.p.a.PullFromAggregateTracker - Pull Formulário da Vigilancia Comunitaria - Skipping submission 527 of 1299: already downloaded
2025-12-30 01:48:12,110 [ForkJoinPool-3-worker-11] INFO  o.o.b.p.a.PullFromAggregateTracker - Pull Formulário da Vigilancia Hospitalar - Skipping submission 278 of 601: already downloaded
2025-12-30 01:48:12,112 [ForkJoinPool-3-worker-9] INFO  o.o.b.p.a.PullFromAggregateTracker - Pull Formulário da Vigilancia Comunitaria - Skipping submission 523 of 1299: already downloaded
2025-12-30 01:48:12,112 [ForkJoinPool-3-worker-9] INFO  o.o.b.p.a.PullFromAggregateTracker - Pull Formulário da Vigilancia Comunitaria - Skipping submission 529 of 1299: already downloaded
2025-12-30 01:48:12,115 [ForkJoinPool-3-worker-8] INFO  o.o.b.p.a.PullFromAggregateTracker - Pull Formulário da Vigilancia Comunitaria - Skipping submission 528 of 1299: already downloaded
2025-12-30 01:48:12,116 [ForkJoinPool-3-worker-13] INFO  o.o.b.p.a.PullFromAggregateTracker - Pull Formulário da Vigilancia Comunitaria - Skipping submission 525 of 1299: already downloaded
2025-12-30 01:48:12,120 [ForkJoinPool-3-worker-15] INFO  o.o.b.p.a.PullFromAggregateTracker - Pull Formulário da Vigilancia Hospitalar - Skipping submission 283 of 1156: already downloaded
2025-12-30 01:48:12,120 [ForkJoinPool-3-worker-11] INFO  o.o.b.p.a.PullFromAggregateTracker - Pull Formulário da Vigilancia Hospitalar - Skipping submission 279 of 601: already downloaded
2025-12-30 01:48:12,123 [ForkJoinPool-3-worker-15] INFO  o.o.b.p.a.PullFromAggregateTracker - Pull Formulário da Vigilancia Hospitalar - Skipping submission 284 of 1156: already downloaded
2025-12-30 01:48:12,124 [ForkJoinPool-3-worker-11] INFO  o.o.b.p.a.PullFromAggregateTracker - Pull Formulário da Vigilancia Hospitalar - Skipping submission 280 of 601: already downloaded
2025-12-30 01:48:12,126 [ForkJoinPool-3-worker-11] INFO  o.o.b.p.a.PullFromAggregateTracker - Pull Formulário da Vigilancia Hospitalar - Skipping submission 281 of 601: already downloaded
2025-12-30 01:48:12,136 [ForkJoinPool-3-worker-8] INFO  o.o.b.p.a.PullFromAggregateTracker - Pull Formulário da Vigilancia Comunitaria - Skipping submission 530 of 1299: already downloaded
2025-12-30 01:48:12,136 [ForkJoinPool-3-worker-9] INFO  o.o.b.p.a.PullFromAggregateTracker - Pull Formulário da Vigilancia Comunitaria - Skipping submission 532 of 1299: already downloaded
2025-12-30 01:48:12,138 [ForkJoinPool-3-worker-13] INFO  o.o.b.p.a.PullFromAggregateTracker - Pull Formulário da Vigilancia Comunitaria - Skipping submission 531 of 1299: already downloaded
2025-12-30 01:48:12,140 [ForkJoinPool-3-worker-15] INFO  o.o.b.p.a.PullFromAggregateTracker - Pull Formulário da Vigilancia Hospitalar - Skipping submission 285 of 1156: already downloaded
2025-12-30 01:48:12,143 [ForkJoinPool-3-worker-8] INFO  o.o.b.p.a.PullFromAggregateTracker - Pull Formulário da Vigilancia Comunitaria - Skipping submission 533 of 1299: already downloaded
2025-12-30 01:48:12,145 [ForkJoinPool-3-worker-15] INFO  o.o.b.p.a.PullFromAggregateTracker - Pull Formulário da Vigilancia Hospitalar - Skipping submission 286 of 1156: already downloaded
2025-12-30 01:48:12,145 [ForkJoinPool-3-worker-13] INFO  o.o.b.p.a.PullFromAggregateTracker - Pull Formulário da Vigilancia Comunitaria - Skipping submission 535 of 1299: already downloaded
2025-12-30 01:48:12,144 [ForkJoinPool-3-worker-9] INFO  o.o.b.p.a.PullFromAggregateTracker - Pull Formulário da Vigilancia Comunitaria - Skipping submission 534 of 1299: already downloaded
2025-12-30 01:48:12,143 [ForkJoinPool-3-worker-11] INFO  o.o.b.p.a.PullFromAggregateTracker - Pull Formulário da Vigilancia Hospitalar - Skipping submission 282 of 601: already downloaded
2025-12-30 01:48:12,171 [ForkJoinPool-3-worker-9] INFO  o.o.b.p.a.PullFromAggregateTracker - Pull Formulário da Vigilancia Comunitaria - Skipping submission 538 of 1299: already downloaded
2025-12-30 01:48:12,171 [ForkJoinPool-3-worker-11] INFO  o.o.b.p.a.PullFromAggregateTracker - Pull Formulário da Vigilancia Hospitalar - Skipping submission 283 of 601: already downloaded
2025-12-30 01:48:12,173 [ForkJoinPool-3-worker-8] INFO  o.o.b.p.a.PullFromAggregateTracker - Pull Formulário da Vigilancia Comunitaria - Skipping submission 536 of 1299: already downloaded
2025-12-30 01:48:12,171 [ForkJoinPool-3-worker-13] INFO  o.o.b.p.a.PullFromAggregateTracker - Pull Formulário da Vigilancia Comunitaria - Skipping submission 537 of 1299: already downloaded
2025-12-30 01:48:12,178 [ForkJoinPool-3-worker-11] INFO  o.o.b.p.a.PullFromAggregateTracker - Pull Formulário da Vigilancia Hospitalar - Skipping submission 284 of 601: already downloaded
2025-12-30 01:48:12,176 [ForkJoinPool-3-worker-9] INFO  o.o.b.p.a.PullFromAggregateTracker - Pull Formulário da Vigilancia Comunitaria - Skipping submission 539 of 1299: already downloaded
2025-12-30 01:48:12,174 [ForkJoinPool-3-worker-15] INFO  o.o.b.p.a.PullFromAggregateTracker - Pull Formulário da Vigilancia Hospitalar - Skipping submission 287 of 1156: already downloaded
2025-12-30 01:48:12,182 [ForkJoinPool-3-worker-4] INFO  o.o.b.p.a.PullFromAggregateTracker - Pull Formulário da Vigilancia Hospitalar - Laboratório - Submission 17 of 74 downloaded
2025-12-30 01:48:12,184 [ForkJoinPool-3-worker-15] INFO  o.o.b.p.a.PullFromAggregateTracker - Pull Formulário da Vigilancia Hospitalar - Skipping submission 288 of 1156: already downloaded
2025-12-30 01:48:12,187 [ForkJoinPool-3-worker-3] INFO  o.o.b.p.a.PullFromAggregateTracker - Pull Formulário da Vigilancia Hospitalar - Submission 70 of 250 downloaded
2025-12-30 01:48:12,188 [ForkJoinPool-3-worker-15] INFO  o.o.b.p.a.PullFromAggregateTracker - Pull Formulário da Vigilancia Hospitalar - Skipping submission 289 of 1156: already downloaded
2025-12-30 01:48:12,188 [ForkJoinPool-3-worker-2] INFO  o.o.b.p.a.PullFromAggregateTracker - Pull Formulário da Vigilancia Hospitalar - Laboratório - Submission 18 of 74 downloaded
2025-12-30 01:48:12,184 [ForkJoinPool-3-worker-11] INFO  o.o.b.p.a.PullFromAggregateTracker - Pull Formulário da Vigilancia Hospitalar - Skipping submission 285 of 601: already downloaded
2025-12-30 01:48:12,190 [ForkJoinPool-3-worker-8] INFO  o.o.b.p.a.PullFromAggregateTracker - Pull Formulário da Vigilancia Comunitaria - Skipping submission 540 of 1299: already downloaded
2025-12-30 01:48:12,190 [ForkJoinPool-3-worker-9] INFO  o.o.b.p.a.PullFromAggregateTracker - Pull Formulário da Vigilancia Comunitaria - Skipping submission 542 of 1299: already downloaded
2025-12-30 01:48:12,190 [ForkJoinPool-3-worker-1] INFO  o.o.b.p.a.PullFromAggregateTracker - Pull Formulário da Vigilancia Comunitaria - Submission 87 of 258 downloaded
2025-12-30 01:48:12,192 [ForkJoinPool-3-worker-13] INFO  o.o.b.p.a.PullFromAggregateTracker - Pull Formulário da Vigilancia Comunitaria - Skipping submission 541 of 1299: already downloaded
2025-12-30 01:48:12,192 [ForkJoinPool-3-worker-6] INFO  o.o.b.p.a.PullFromAggregateTracker - Pull Resultados de testagem das vigilâncias - Submission 11 of 15 downloaded
2025-12-30 01:48:12,193 [ForkJoinPool-3-worker-4] INFO  o.o.b.p.a.PullFromAggregateTracker - Pull Formulário da Vigilancia Hospitalar - Laboratório - Start downloading submission 19 of 74
2025-12-30 01:48:12,194 [ForkJoinPool-3-worker-15] INFO  o.o.b.p.a.PullFromAggregateTracker - Pull Formulário da Vigilancia Hospitalar - Skipping submission 290 of 1156: already downloaded
2025-12-30 01:48:12,196 [ForkJoinPool-3-worker-3] INFO  o.o.b.p.a.PullFromAggregateTracker - Pull Formulário da Vigilancia Hospitalar - Start downloading submission 71 of 250
2025-12-30 01:48:12,196 [ForkJoinPool-3-worker-11] INFO  o.o.b.p.a.PullFromAggregateTracker - Pull Formulário da Vigilancia Hospitalar - Skipping submission 286 of 601: already downloaded
2025-12-30 01:48:12,199 [ForkJoinPool-3-worker-11] INFO  o.o.b.p.a.PullFromAggregateTracker - Pull Formulário da Vigilancia Hospitalar - Skipping submission 287 of 601: already downloaded
2025-12-30 01:48:12,202 [ForkJoinPool-3-worker-9] INFO  o.o.b.p.a.PullFromAggregateTracker - Pull Formulário da Vigilancia Comunitaria - Skipping submission 544 of 1299: already downloaded
2025-12-30 01:48:12,206 [ForkJoinPool-3-worker-6] INFO  o.o.b.p.a.PullFromAggregateTracker - Pull Resultados de testagem das vigilâncias - Start downloading submission 12 of 15
2025-12-30 01:48:12,206 [ForkJoinPool-3-worker-2] INFO  o.o.b.p.a.PullFromAggregateTracker - Pull Formulário da Vigilancia Hospitalar - Laboratório - Start downloading submission 20 of 74
2025-12-30 01:48:12,203 [ForkJoinPool-3-worker-1] INFO  o.o.b.p.a.PullFromAggregateTracker - Pull Formulário da Vigilancia Comunitaria - Start downloading submission 88 of 258
2025-12-30 01:48:12,218 [ForkJoinPool-3-worker-13] INFO  o.o.b.p.a.PullFromAggregateTracker - Pull Formulário da Vigilancia Comunitaria - Skipping submission 545 of 1299: already downloaded
2025-12-30 01:48:12,218 [ForkJoinPool-3-worker-9] INFO  o.o.b.p.a.PullFromAggregateTracker - Pull Formulário da Vigilancia Comunitaria - Skipping submission 546 of 1299: already downloaded
2025-12-30 01:48:12,215 [ForkJoinPool-3-worker-11] INFO  o.o.b.p.a.PullFromAggregateTracker - Pull Formulário da Vigilancia Hospitalar - Skipping submission 288 of 601: already downloaded
2025-12-30 01:48:12,215 [ForkJoinPool-3-worker-8] INFO  o.o.b.p.a.PullFromAggregateTracker - Pull Formulário da Vigilancia Comunitaria - Skipping submission 543 of 1299: already downloaded
2025-12-30 01:48:12,215 [ForkJoinPool-3-worker-15] INFO  o.o.b.p.a.PullFromAggregateTracker - Pull Formulário da Vigilancia Hospitalar - Skipping submission 291 of 1156: already downloaded
2025-12-30 01:48:12,229 [ForkJoinPool-3-worker-11] INFO  o.o.b.p.a.PullFromAggregateTracker - Pull Formulário da Vigilancia Hospitalar - Skipping submission 289 of 601: already downloaded
2025-12-30 01:48:12,229 [ForkJoinPool-3-worker-15] INFO  o.o.b.p.a.PullFromAggregateTracker - Pull Formulário da Vigilancia Hospitalar - Skipping submission 292 of 1156: already downloaded
2025-12-30 01:48:12,232 [ForkJoinPool-3-worker-11] INFO  o.o.b.p.a.PullFromAggregateTracker - Pull Formulário da Vigilancia Hospitalar - Skipping submission 290 of 601: already downloaded
2025-12-30 01:48:12,236 [ForkJoinPool-3-worker-15] INFO  o.o.b.p.a.PullFromAggregateTracker - Pull Formulário da Vigilancia Hospitalar - Skipping submission 293 of 1156: already downloaded
2025-12-30 01:48:12,236 [ForkJoinPool-3-worker-15] INFO  o.o.b.p.a.PullFromAggregateTracker - Pull Formulário da Vigilancia Hospitalar - Skipping submission 294 of 1156: already downloaded
2025-12-30 01:48:12,238 [ForkJoinPool-3-worker-13] INFO  o.o.b.p.a.PullFromAggregateTracker - Pull Formulário da Vigilancia Comunitaria - Skipping submission 547 of 1299: already downloaded
2025-12-30 01:48:12,240 [ForkJoinPool-3-worker-13] INFO  o.o.b.p.a.PullFromAggregateTracker - Pull Formulário da Vigilancia Comunitaria - Skipping submission 550 of 1299: already downloaded
2025-12-30 01:48:12,241 [ForkJoinPool-3-worker-13] INFO  o.o.b.p.a.PullFromAggregateTracker - Pull Formulário da Vigilancia Comunitaria - Skipping submission 551 of 1299: already downloaded
2025-12-30 01:48:12,244 [ForkJoinPool-3-worker-9] INFO  o.o.b.p.a.PullFromAggregateTracker - Pull Formulário da Vigilancia Comunitaria - Skipping submission 548 of 1299: already downloaded
2025-12-30 01:48:12,245 [ForkJoinPool-3-worker-9] INFO  o.o.b.p.a.PullFromAggregateTracker - Pull Formulário da Vigilancia Comunitaria - Skipping submission 552 of 1299: already downloaded
2025-12-30 01:48:12,244 [ForkJoinPool-3-worker-15] INFO  o.o.b.p.a.PullFromAggregateTracker - Pull Formulário da Vigilancia Hospitalar - Skipping submission 295 of 1156: already downloaded
2025-12-30 01:48:12,245 [ForkJoinPool-3-worker-11] INFO  o.o.b.p.a.PullFromAggregateTracker - Pull Formulário da Vigilancia Hospitalar - Skipping submission 291 of 601: already downloaded
2025-12-30 01:48:12,245 [ForkJoinPool-3-worker-13] INFO  o.o.b.p.a.PullFromAggregateTracker - Pull Formulário da Vigilancia Comunitaria - Skipping submission 553 of 1299: already downloaded
2025-12-30 01:48:12,241 [ForkJoinPool-3-worker-8] INFO  o.o.b.p.a.PullFromAggregateTracker - Pull Formulário da Vigilancia Comunitaria - Skipping submission 549 of 1299: already downloaded
2025-12-30 01:48:12,245 [ForkJoinPool-3-worker-11] INFO  o.o.b.p.a.PullFromAggregateTracker - Pull Formulário da Vigilancia Hospitalar - Skipping submission 292 of 601: already downloaded
2025-12-30 01:48:12,247 [ForkJoinPool-3-worker-15] INFO  o.o.b.p.a.PullFromAggregateTracker - Pull Formulário da Vigilancia Hospitalar - Skipping submission 296 of 1156: already downloaded
2025-12-30 01:48:12,247 [ForkJoinPool-3-worker-15] INFO  o.o.b.p.a.PullFromAggregateTracker - Pull Formulário da Vigilancia Hospitalar - Skipping submission 297 of 1156: already downloaded
2025-12-30 01:48:12,248 [ForkJoinPool-3-worker-9] INFO  o.o.b.p.a.PullFromAggregateTracker - Pull Formulário da Vigilancia Comunitaria - Skipping submission 554 of 1299: already downloaded
2025-12-30 01:48:12,248 [ForkJoinPool-3-worker-15] INFO  o.o.b.p.a.PullFromAggregateTracker - Pull Formulário da Vigilancia Hospitalar - Skipping submission 298 of 1156: already downloaded
2025-12-30 01:48:12,248 [ForkJoinPool-3-worker-11] INFO  o.o.b.p.a.PullFromAggregateTracker - Pull Formulário da Vigilancia Hospitalar - Skipping submission 293 of 601: already downloaded
2025-12-30 01:48:12,251 [ForkJoinPool-3-worker-9] INFO  o.o.b.p.a.PullFromAggregateTracker - Pull Formulário da Vigilancia Comunitaria - Skipping submission 557 of 1299: already downloaded
2025-12-30 01:48:12,251 [ForkJoinPool-3-worker-9] INFO  o.o.b.p.a.PullFromAggregateTracker - Pull Formulário da Vigilancia Comunitaria - Skipping submission 558 of 1299: already downloaded
2025-12-30 01:48:12,251 [ForkJoinPool-3-worker-8] INFO  o.o.b.p.a.PullFromAggregateTracker - Pull Formulário da Vigilancia Comunitaria - Skipping submission 556 of 1299: already downloaded
2025-12-30 01:48:12,251 [ForkJoinPool-3-worker-15] INFO  o.o.b.p.a.PullFromAggregateTracker - Pull Formulário da Vigilancia Hospitalar - Skipping submission 299 of 1156: already downloaded
2025-12-30 01:48:12,253 [ForkJoinPool-3-worker-11] INFO  o.o.b.p.a.PullFromAggregateTracker - Pull Formulário da Vigilancia Hospitalar - Skipping submission 294 of 601: already downloaded
2025-12-30 01:48:12,253 [ForkJoinPool-3-worker-15] INFO  o.o.b.p.a.PullFromAggregateTracker - Pull Formulário da Vigilancia Hospitalar - Skipping submission 300 of 1156: already downloaded
2025-12-30 01:48:12,253 [ForkJoinPool-3-worker-13] INFO  o.o.b.p.a.PullFromAggregateTracker - Pull Formulário da Vigilancia Comunitaria - Skipping submission 555 of 1299: already downloaded
2025-12-30 01:48:12,253 [ForkJoinPool-3-worker-11] INFO  o.o.b.p.a.PullFromAggregateTracker - Pull Formulário da Vigilancia Hospitalar - Skipping submission 295 of 601: already downloaded
2025-12-30 01:48:12,255 [ForkJoinPool-3-worker-15] INFO  o.o.b.p.a.PullFromAggregateTracker - Pull Formulário da Vigilancia Hospitalar - Skipping submission 301 of 1156: already downloaded
2025-12-30 01:48:12,255 [ForkJoinPool-3-worker-11] INFO  o.o.b.p.a.PullFromAggregateTracker - Pull Formulário da Vigilancia Hospitalar - Skipping submission 296 of 601: already downloaded
2025-12-30 01:48:12,257 [ForkJoinPool-3-worker-11] INFO  o.o.b.p.a.PullFromAggregateTracker - Pull Formulário da Vigilancia Hospitalar - Skipping submission 297 of 601: already downloaded
2025-12-30 01:48:12,260 [ForkJoinPool-3-worker-15] INFO  o.o.b.p.a.PullFromAggregateTracker - Pull Formulário da Vigilancia Hospitalar - Skipping submission 302 of 1156: already downloaded
2025-12-30 01:48:12,263 [ForkJoinPool-3-worker-15] INFO  o.o.b.p.a.PullFromAggregateTracker - Pull Formulário da Vigilancia Hospitalar - Skipping submission 303 of 1156: already downloaded
2025-12-30 01:48:12,257 [ForkJoinPool-3-worker-13] INFO  o.o.b.p.a.PullFromAggregateTracker - Pull Formulário da Vigilancia Comunitaria - Skipping submission 561 of 1299: already downloaded
2025-12-30 01:48:12,257 [ForkJoinPool-3-worker-8] INFO  o.o.b.p.a.PullFromAggregateTracker - Pull Formulário da Vigilancia Comunitaria - Skipping submission 560 of 1299: already downloaded
2025-12-30 01:48:12,263 [ForkJoinPool-3-worker-11] INFO  o.o.b.p.a.PullFromAggregateTracker - Pull Formulário da Vigilancia Hospitalar - Skipping submission 298 of 601: already downloaded
2025-12-30 01:48:12,263 [ForkJoinPool-3-worker-9] INFO  o.o.b.p.a.PullFromAggregateTracker - Pull Formulário da Vigilancia Comunitaria - Skipping submission 559 of 1299: already downloaded
2025-12-30 01:48:12,273 [ForkJoinPool-3-worker-11] INFO  o.o.b.p.a.PullFromAggregateTracker - Pull Formulário da Vigilancia Hospitalar - Skipping submission 299 of 601: already downloaded
2025-12-30 01:48:12,275 [ForkJoinPool-3-worker-11] INFO  o.o.b.p.a.PullFromAggregateTracker - Pull Formulário da Vigilancia Hospitalar - Skipping submission 300 of 601: already downloaded
2025-12-30 01:48:12,276 [ForkJoinPool-3-worker-15] INFO  o.o.b.p.a.PullFromAggregateTracker - Pull Formulário da Vigilancia Hospitalar - Skipping submission 304 of 1156: already downloaded
2025-12-30 01:48:12,277 [ForkJoinPool-3-worker-13] INFO  o.o.b.p.a.PullFromAggregateTracker - Pull Formulário da Vigilancia Comunitaria - Skipping submission 562 of 1299: already downloaded
2025-12-30 01:48:12,277 [ForkJoinPool-3-worker-15] INFO  o.o.b.p.a.PullFromAggregateTracker - Pull Formulário da Vigilancia Hospitalar - Skipping submission 305 of 1156: already downloaded
2025-12-30 01:48:12,277 [ForkJoinPool-3-worker-8] INFO  o.o.b.p.a.PullFromAggregateTracker - Pull Formulário da Vigilancia Comunitaria - Skipping submission 564 of 1299: already downloaded
2025-12-30 01:48:12,277 [ForkJoinPool-3-worker-11] INFO  o.o.b.p.a.PullFromAggregateTracker - Pull Formulário da Vigilancia Hospitalar - Skipping submission 301 of 601: already downloaded
2025-12-30 01:48:12,277 [ForkJoinPool-3-worker-8] INFO  o.o.b.p.a.PullFromAggregateTracker - Pull Formulário da Vigilancia Comunitaria - Skipping submission 566 of 1299: already downloaded
2025-12-30 01:48:12,277 [ForkJoinPool-3-worker-8] INFO  o.o.b.p.a.PullFromAggregateTracker - Pull Formulário da Vigilancia Comunitaria - Skipping submission 567 of 1299: already downloaded
2025-12-30 01:48:12,279 [ForkJoinPool-3-worker-15] INFO  o.o.b.p.a.PullFromAggregateTracker - Pull Formulário da Vigilancia Hospitalar - Skipping submission 306 of 1156: already downloaded
2025-12-30 01:48:12,279 [ForkJoinPool-3-worker-11] INFO  o.o.b.p.a.PullFromAggregateTracker - Pull Formulário da Vigilancia Hospitalar - Skipping submission 302 of 601: already downloaded
2025-12-30 01:48:12,279 [ForkJoinPool-3-worker-8] INFO  o.o.b.p.a.PullFromAggregateTracker - Pull Formulário da Vigilancia Comunitaria - Skipping submission 568 of 1299: already downloaded
2025-12-30 01:48:12,281 [ForkJoinPool-3-worker-15] INFO  o.o.b.p.a.PullFromAggregateTracker - Pull Formulário da Vigilancia Hospitalar - Skipping submission 307 of 1156: already downloaded
2025-12-30 01:48:12,281 [ForkJoinPool-3-worker-9] INFO  o.o.b.p.a.PullFromAggregateTracker - Pull Formulário da Vigilancia Comunitaria - Skipping submission 563 of 1299: already downloaded
2025-12-30 01:48:12,281 [ForkJoinPool-3-worker-8] INFO  o.o.b.p.a.PullFromAggregateTracker - Pull Formulário da Vigilancia Comunitaria - Skipping submission 569 of 1299: already downloaded
2025-12-30 01:48:12,283 [ForkJoinPool-3-worker-15] INFO  o.o.b.p.a.PullFromAggregateTracker - Pull Formulário da Vigilancia Hospitalar - Skipping submission 308 of 1156: already downloaded
2025-12-30 01:48:12,283 [ForkJoinPool-3-worker-13] INFO  o.o.b.p.a.PullFromAggregateTracker - Pull Formulário da Vigilancia Comunitaria - Skipping submission 565 of 1299: already downloaded
2025-12-30 01:48:12,283 [ForkJoinPool-3-worker-15] INFO  o.o.b.p.a.PullFromAggregateTracker - Pull Formulário da Vigilancia Hospitalar - Skipping submission 309 of 1156: already downloaded
2025-12-30 01:48:12,283 [ForkJoinPool-3-worker-13] INFO  o.o.b.p.a.PullFromAggregateTracker - Pull Formulário da Vigilancia Comunitaria - Skipping submission 572 of 1299: already downloaded
2025-12-30 01:48:12,284 [ForkJoinPool-3-worker-8] INFO  o.o.b.p.a.PullFromAggregateTracker - Pull Formulário da Vigilancia Comunitaria - Skipping submission 571 of 1299: already downloaded
2025-12-30 01:48:12,293 [ForkJoinPool-3-worker-11] INFO  o.o.b.p.a.PullFromAggregateTracker - Pull Formulário da Vigilancia Hospitalar - Skipping submission 303 of 601: already downloaded
2025-12-30 01:48:12,295 [ForkJoinPool-3-worker-15] INFO  o.o.b.p.a.PullFromAggregateTracker - Pull Formulário da Vigilancia Hospitalar - Skipping submission 310 of 1156: already downloaded
2025-12-30 01:48:12,299 [ForkJoinPool-3-worker-8] INFO  o.o.b.p.a.PullFromAggregateTracker - Pull Formulário da Vigilancia Comunitaria - Skipping submission 574 of 1299: already downloaded
2025-12-30 01:48:12,353 [ForkJoinPool-3-worker-15] INFO  o.o.b.p.a.PullFromAggregateTracker - Pull Formulário da Vigilancia Hospitalar - Skipping submission 311 of 1156: already downloaded
2025-12-30 01:48:12,355 [ForkJoinPool-3-worker-9] INFO  o.o.b.p.a.PullFromAggregateTracker - Pull Formulário da Vigilancia Comunitaria - Skipping submission 570 of 1299: already downloaded
2025-12-30 01:48:12,354 [ForkJoinPool-3-worker-11] INFO  o.o.b.p.a.PullFromAggregateTracker - Pull Formulário da Vigilancia Hospitalar - Skipping submission 304 of 601: already downloaded
2025-12-30 01:48:12,402 [ForkJoinPool-3-worker-13] INFO  o.o.b.p.a.PullFromAggregateTracker - Pull Formulário da Vigilancia Comunitaria - Skipping submission 573 of 1299: already downloaded
2025-12-30 01:48:12,406 [ForkJoinPool-3-worker-15] INFO  o.o.b.p.a.PullFromAggregateTracker - Pull Formulário da Vigilancia Hospitalar - Skipping submission 312 of 1156: already downloaded
2025-12-30 01:48:12,422 [ForkJoinPool-3-worker-11] INFO  o.o.b.p.a.PullFromAggregateTracker - Pull Formulário da Vigilancia Hospitalar - Skipping submission 305 of 601: already downloaded
2025-12-30 01:48:12,406 [ForkJoinPool-3-worker-8] INFO  o.o.b.p.a.PullFromAggregateTracker - Pull Formulário da Vigilancia Comunitaria - Skipping submission 575 of 1299: already downloaded
2025-12-30 01:48:12,445 [ForkJoinPool-3-worker-13] INFO  o.o.b.p.a.PullFromAggregateTracker - Pull Formulário da Vigilancia Comunitaria - Skipping submission 577 of 1299: already downloaded
2025-12-30 01:48:12,427 [ForkJoinPool-3-worker-9] INFO  o.o.b.p.a.PullFromAggregateTracker - Pull Formulário da Vigilancia Comunitaria - Skipping submission 576 of 1299: already downloaded
2025-12-30 01:48:12,452 [ForkJoinPool-3-worker-15] INFO  o.o.b.p.a.PullFromAggregateTracker - Pull Formulário da Vigilancia Hospitalar - Skipping submission 313 of 1156: already downloaded
2025-12-30 01:48:12,449 [ForkJoinPool-3-worker-11] INFO  o.o.b.p.a.PullFromAggregateTracker - Pull Formulário da Vigilancia Hospitalar - Skipping submission 306 of 601: already downloaded
2025-12-30 01:48:12,464 [ForkJoinPool-3-worker-8] INFO  o.o.b.p.a.PullFromAggregateTracker - Pull Formulário da Vigilancia Comunitaria - Skipping submission 578 of 1299: already downloaded
2025-12-30 01:48:12,472 [ForkJoinPool-3-worker-11] INFO  o.o.b.p.a.PullFromAggregateTracker - Pull Formulário da Vigilancia Hospitalar - Skipping submission 307 of 601: already downloaded
2025-12-30 01:48:12,472 [ForkJoinPool-3-worker-15] INFO  o.o.b.p.a.PullFromAggregateTracker - Pull Formulário da Vigilancia Hospitalar - Skipping submission 314 of 1156: already downloaded
2025-12-30 01:48:12,478 [ForkJoinPool-3-worker-13] INFO  o.o.b.p.a.PullFromAggregateTracker - Pull Formulário da Vigilancia Comunitaria - Skipping submission 580 of 1299: already downloaded
2025-12-30 01:48:12,470 [ForkJoinPool-3-worker-9] INFO  o.o.b.p.a.PullFromAggregateTracker - Pull Formulário da Vigilancia Comunitaria - Skipping submission 579 of 1299: already downloaded
2025-12-30 01:48:12,480 [ForkJoinPool-3-worker-11] INFO  o.o.b.p.a.PullFromAggregateTracker - Pull Formulário da Vigilancia Hospitalar - Skipping submission 308 of 601: already downloaded
2025-12-30 01:48:12,481 [ForkJoinPool-3-worker-15] INFO  o.o.b.p.a.PullFromAggregateTracker - Pull Formulário da Vigilancia Hospitalar - Skipping submission 315 of 1156: already downloaded
2025-12-30 01:48:12,486 [ForkJoinPool-3-worker-10] INFO  o.o.b.p.a.PullFromAggregateTracker - Pull Formulário da Vigilancia Hospitalar - Laboratório - Submission 202 of 642 downloaded
2025-12-30 01:48:12,482 [ForkJoinPool-3-worker-8] INFO  o.o.b.p.a.PullFromAggregateTracker - Pull Formulário da Vigilancia Comunitaria - Skipping submission 581 of 1299: already downloaded
2025-12-30 01:48:12,482 [ForkJoinPool-3-worker-13] INFO  o.o.b.p.a.PullFromAggregateTracker - Pull Formulário da Vigilancia Comunitaria - Skipping submission 582 of 1299: already downloaded
2025-12-30 01:48:12,484 [ForkJoinPool-3-worker-9] INFO  o.o.b.p.a.PullFromAggregateTracker - Pull Formulário da Vigilancia Comunitaria - Skipping submission 583 of 1299: already downloaded
2025-12-30 01:48:12,489 [ForkJoinPool-3-worker-13] INFO  o.o.b.p.a.PullFromAggregateTracker - Pull Formulário da Vigilancia Comunitaria - Skipping submission 584 of 1299: already downloaded
2025-12-30 01:48:12,494 [ForkJoinPool-3-worker-15] INFO  o.o.b.p.a.PullFromAggregateTracker - Pull Formulário da Vigilancia Hospitalar - Skipping submission 316 of 1156: already downloaded
2025-12-30 01:48:12,499 [ForkJoinPool-3-worker-11] INFO  o.o.b.p.a.PullFromAggregateTracker - Pull Formulário da Vigilancia Hospitalar - Skipping submission 309 of 601: already downloaded
2025-12-30 01:48:12,503 [ForkJoinPool-3-worker-10] INFO  o.o.b.p.a.PullFromAggregateTracker - Pull Formulário da Vigilancia Hospitalar - Laboratório - Start downloading submission 203 of 642
2025-12-30 01:48:12,504 [ForkJoinPool-3-worker-13] INFO  o.o.b.p.a.PullFromAggregateTracker - Pull Formulário da Vigilancia Comunitaria - Skipping submission 586 of 1299: already downloaded
2025-12-30 01:48:12,505 [ForkJoinPool-3-worker-13] INFO  o.o.b.p.a.PullFromAggregateTracker - Pull Formulário da Vigilancia Comunitaria - Skipping submission 588 of 1299: already downloaded
2025-12-30 01:48:12,507 [ForkJoinPool-3-worker-11] INFO  o.o.b.p.a.PullFromAggregateTracker - Pull Formulário da Vigilancia Hospitalar - Skipping submission 310 of 601: already downloaded
2025-12-30 01:48:12,510 [ForkJoinPool-3-worker-9] INFO  o.o.b.p.a.PullFromAggregateTracker - Pull Formulário da Vigilancia Comunitaria - Skipping submission 585 of 1299: already downloaded
2025-12-30 01:48:12,498 [ForkJoinPool-3-worker-15] INFO  o.o.b.p.a.PullFromAggregateTracker - Pull Formulário da Vigilancia Hospitalar - Skipping submission 317 of 1156: already downloaded
2025-12-30 01:48:12,531 [ForkJoinPool-3-worker-8] INFO  o.o.b.p.a.PullFromAggregateTracker - Pull Formulário da Vigilancia Comunitaria - Skipping submission 587 of 1299: already downloaded
2025-12-30 01:48:12,543 [ForkJoinPool-3-worker-11] INFO  o.o.b.p.a.PullFromAggregateTracker - Pull Formulário da Vigilancia Hospitalar - Skipping submission 311 of 601: already downloaded
2025-12-30 01:48:12,543 [ForkJoinPool-3-worker-9] INFO  o.o.b.p.a.PullFromAggregateTracker - Pull Formulário da Vigilancia Comunitaria - Skipping submission 590 of 1299: already downloaded
2025-12-30 01:48:12,544 [ForkJoinPool-3-worker-13] INFO  o.o.b.p.a.PullFromAggregateTracker - Pull Formulário da Vigilancia Comunitaria - Skipping submission 589 of 1299: already downloaded
2025-12-30 01:48:12,546 [ForkJoinPool-3-worker-8] INFO  o.o.b.p.a.PullFromAggregateTracker - Pull Formulário da Vigilancia Comunitaria - Skipping submission 591 of 1299: already downloaded
2025-12-30 01:48:12,560 [ForkJoinPool-3-worker-11] INFO  o.o.b.p.a.PullFromAggregateTracker - Pull Formulário da Vigilancia Hospitalar - Skipping submission 312 of 601: already downloaded
2025-12-30 01:48:12,546 [ForkJoinPool-3-worker-15] INFO  o.o.b.p.a.PullFromAggregateTracker - Pull Formulário da Vigilancia Hospitalar - Skipping submission 318 of 1156: already downloaded
2025-12-30 01:48:12,569 [ForkJoinPool-3-worker-13] INFO  o.o.b.p.a.PullFromAggregateTracker - Pull Formulário da Vigilancia Comunitaria - Skipping submission 593 of 1299: already downloaded
2025-12-30 01:48:12,563 [ForkJoinPool-3-worker-8] INFO  o.o.b.p.a.PullFromAggregateTracker - Pull Formulário da Vigilancia Comunitaria - Skipping submission 592 of 1299: already downloaded
2025-12-30 01:48:12,574 [ForkJoinPool-3-worker-9] INFO  o.o.b.p.a.PullFromAggregateTracker - Pull Formulário da Vigilancia Comunitaria - Skipping submission 594 of 1299: already downloaded
2025-12-30 01:48:12,562 [ForkJoinPool-3-worker-4] INFO  o.o.b.p.a.PullFromAggregateTracker - Pull Formulário da Vigilancia Hospitalar - Laboratório - Submission 19 of 74 downloaded
2025-12-30 01:48:12,581 [AWT-EventQueue-0] INFO  XFormParser - Consolidating text finished in 552.301 ms
2025-12-30 01:48:12,577 [ForkJoinPool-3-worker-2] INFO  o.o.b.p.a.PullFromAggregateTracker - Pull Formulário da Vigilancia Hospitalar - Laboratório - Submission 20 of 74 downloaded
2025-12-30 01:48:12,578 [ForkJoinPool-3-worker-11] INFO  o.o.b.p.a.PullFromAggregateTracker - Pull Formulário da Vigilancia Hospitalar - Skipping submission 313 of 601: already downloaded
2025-12-30 01:48:12,578 [ForkJoinPool-3-worker-15] INFO  o.o.b.p.a.PullFromAggregateTracker - Pull Formulário da Vigilancia Hospitalar - Skipping submission 319 of 1156: already downloaded
2025-12-30 01:48:12,583 [ForkJoinPool-3-worker-9] INFO  o.o.b.p.a.PullFromAggregateTracker - Pull Formulário da Vigilancia Comunitaria - Skipping submission 596 of 1299: already downloaded
2025-12-30 01:48:12,587 [ForkJoinPool-3-worker-13] INFO  o.o.b.p.a.PullFromAggregateTracker - Pull Formulário da Vigilancia Comunitaria - Skipping submission 597 of 1299: already downloaded
2025-12-30 01:48:12,575 [ForkJoinPool-3-worker-8] INFO  o.o.b.p.a.PullFromAggregateTracker - Pull Formulário da Vigilancia Comunitaria - Skipping submission 595 of 1299: already downloaded
2025-12-30 01:48:12,588 [ForkJoinPool-3-worker-11] INFO  o.o.b.p.a.PullFromAggregateTracker - Pull Formulário da Vigilancia Hospitalar - Skipping submission 314 of 601: already downloaded
2025-12-30 01:48:12,590 [AWT-EventQueue-0] INFO  XFormParser - Parsing form...
2025-12-30 01:48:12,590 [ForkJoinPool-3-worker-1] INFO  o.o.b.p.a.PullFromAggregateTracker - Pull Formulário da Vigilancia Comunitaria - Submission 88 of 258 downloaded
2025-12-30 01:48:12,590 [ForkJoinPool-3-worker-15] INFO  o.o.b.p.a.PullFromAggregateTracker - Pull Formulário da Vigilancia Hospitalar - Skipping submission 320 of 1156: already downloaded
2025-12-30 01:48:12,592 [ForkJoinPool-3-worker-2] INFO  o.o.b.p.a.PullFromAggregateTracker - Pull Formulário da Vigilancia Hospitalar - Laboratório - Start downloading submission 21 of 74
2025-12-30 01:48:12,594 [ForkJoinPool-3-worker-13] INFO  o.o.b.p.a.PullFromAggregateTracker - Pull Formulário da Vigilancia Comunitaria - Skipping submission 598 of 1299: already downloaded
2025-12-30 01:48:12,590 [ForkJoinPool-3-worker-3] INFO  o.o.b.p.a.PullFromAggregateTracker - Pull Formulário da Vigilancia Hospitalar - Submission 71 of 250 downloaded
2025-12-30 01:48:12,594 [AWT-EventQueue-0] INFO  XFormParser - Title: "Formulário da Vigilancia Comunitaria"
2025-12-30 01:48:12,601 [ForkJoinPool-3-worker-9] INFO  o.o.b.p.a.PullFromAggregateTracker - Pull Formulário da Vigilancia Comunitaria - Skipping submission 600 of 1299: already downloaded
2025-12-30 01:48:12,606 [ForkJoinPool-3-worker-3] INFO  o.o.b.p.a.PullFromAggregateTracker - Pull Formulário da Vigilancia Hospitalar - Start downloading submission 72 of 250
2025-12-30 01:48:12,605 [ForkJoinPool-3-worker-11] INFO  o.o.b.p.a.PullFromAggregateTracker - Pull Formulário da Vigilancia Hospitalar - Skipping submission 315 of 601: already downloaded
2025-12-30 01:48:12,606 [ForkJoinPool-3-worker-4] INFO  o.o.b.p.a.PullFromAggregateTracker - Pull Formulário da Vigilancia Hospitalar - Laboratório - Start downloading submission 22 of 74
2025-12-30 01:48:12,606 [ForkJoinPool-3-worker-15] INFO  o.o.b.p.a.PullFromAggregateTracker - Pull Formulário da Vigilancia Hospitalar - Skipping submission 321 of 1156: already downloaded
2025-12-30 01:48:12,608 [ForkJoinPool-3-worker-1] INFO  o.o.b.p.a.PullFromAggregateTracker - Pull Formulário da Vigilancia Comunitaria - Start downloading submission 89 of 258
2025-12-30 01:48:12,613 [ForkJoinPool-3-worker-11] INFO  o.o.b.p.a.PullFromAggregateTracker - Pull Formulário da Vigilancia Hospitalar - Skipping submission 316 of 601: already downloaded
2025-12-30 01:48:12,615 [ForkJoinPool-3-worker-13] INFO  o.o.b.p.a.PullFromAggregateTracker - Pull Formulário da Vigilancia Comunitaria - Skipping submission 601 of 1299: already downloaded
2025-12-30 01:48:12,609 [ForkJoinPool-3-worker-8] INFO  o.o.b.p.a.PullFromAggregateTracker - Pull Formulário da Vigilancia Comunitaria - Skipping submission 599 of 1299: already downloaded
2025-12-30 01:48:12,609 [ForkJoinPool-3-worker-9] INFO  o.o.b.p.a.PullFromAggregateTracker - Pull Formulário da Vigilancia Comunitaria - Skipping submission 602 of 1299: already downloaded
2025-12-30 01:48:12,609 [ForkJoinPool-3-worker-6] INFO  o.o.b.p.a.PullFromAggregateTracker - Pull Resultados de testagem das vigilâncias - Submission 12 of 15 downloaded
2025-12-30 01:48:12,619 [ForkJoinPool-3-worker-13] INFO  o.o.b.p.a.PullFromAggregateTracker - Pull Formulário da Vigilancia Comunitaria - Skipping submission 603 of 1299: already downloaded
2025-12-30 01:48:12,627 [ForkJoinPool-3-worker-11] INFO  o.o.b.p.a.PullFromAggregateTracker - Pull Formulário da Vigilancia Hospitalar - Skipping submission 317 of 601: already downloaded
2025-12-30 01:48:12,629 [ForkJoinPool-3-worker-9] INFO  o.o.b.p.a.PullFromAggregateTracker - Pull Formulário da Vigilancia Comunitaria - Skipping submission 605 of 1299: already downloaded
2025-12-30 01:48:12,629 [ForkJoinPool-3-worker-6] INFO  o.o.b.p.a.PullFromAggregateTracker - Pull Resultados de testagem das vigilâncias - Start downloading submission 13 of 15
2025-12-30 01:48:12,629 [ForkJoinPool-3-worker-15] INFO  o.o.b.p.a.PullFromAggregateTracker - Pull Formulário da Vigilancia Hospitalar - Skipping submission 322 of 1156: already downloaded
2025-12-30 01:48:12,631 [ForkJoinPool-3-worker-8] INFO  o.o.b.p.a.PullFromAggregateTracker - Pull Formulário da Vigilancia Comunitaria - Skipping submission 604 of 1299: already downloaded
2025-12-30 01:48:12,631 [ForkJoinPool-3-worker-8] INFO  o.o.b.p.a.PullFromAggregateTracker - Pull Formulário da Vigilancia Comunitaria - Skipping submission 608 of 1299: already downloaded
2025-12-30 01:48:12,633 [ForkJoinPool-3-worker-11] INFO  o.o.b.p.a.PullFromAggregateTracker - Pull Formulário da Vigilancia Hospitalar - Skipping submission 318 of 601: already downloaded
2025-12-30 01:48:12,635 [ForkJoinPool-3-worker-15] INFO  o.o.b.p.a.PullFromAggregateTracker - Pull Formulário da Vigilancia Hospitalar - Skipping submission 323 of 1156: already downloaded
2025-12-30 01:48:12,636 [ForkJoinPool-3-worker-8] INFO  o.o.b.p.a.PullFromAggregateTracker - Pull Formulário da Vigilancia Comunitaria - Skipping submission 609 of 1299: already downloaded
2025-12-30 01:48:12,639 [ForkJoinPool-3-worker-13] INFO  o.o.b.p.a.PullFromAggregateTracker - Pull Formulário da Vigilancia Comunitaria - Skipping submission 606 of 1299: already downloaded
2025-12-30 01:48:12,641 [ForkJoinPool-3-worker-15] INFO  o.o.b.p.a.PullFromAggregateTracker - Pull Formulário da Vigilancia Hospitalar - Skipping submission 324 of 1156: already downloaded
2025-12-30 01:48:12,641 [ForkJoinPool-3-worker-11] INFO  o.o.b.p.a.PullFromAggregateTracker - Pull Formulário da Vigilancia Hospitalar - Skipping submission 319 of 601: already downloaded
2025-12-30 01:48:12,638 [ForkJoinPool-3-worker-9] INFO  o.o.b.p.a.PullFromAggregateTracker - Pull Formulário da Vigilancia Comunitaria - Skipping submission 607 of 1299: already downloaded
2025-12-30 01:48:12,642 [ForkJoinPool-3-worker-13] INFO  o.o.b.p.a.PullFromAggregateTracker - Pull Formulário da Vigilancia Comunitaria - Skipping submission 610 of 1299: already downloaded
2025-12-30 01:48:12,643 [ForkJoinPool-3-worker-9] INFO  o.o.b.p.a.PullFromAggregateTracker - Pull Formulário da Vigilancia Comunitaria - Skipping submission 612 of 1299: already downloaded
2025-12-30 01:48:12,643 [AWT-EventQueue-0] WARN  XFormParser - XForm Parse Warning: Warning: 1 Unrecognized attributes found in Element [model] and will be ignored: [xforms-version] 
    Problem found at nodeset: /html/head/model
    With element <model xforms-version="1.0.0"><instance><data id="Comunidade" version="1" prefix="Comunidade" delimiter="$">...

2025-12-30 01:48:12,644 [ForkJoinPool-3-worker-11] INFO  o.o.b.p.a.PullFromAggregateTracker - Pull Formulário da Vigilancia Hospitalar - Skipping submission 320 of 601: already downloaded
2025-12-30 01:48:12,644 [ForkJoinPool-3-worker-8] INFO  o.o.b.p.a.PullFromAggregateTracker - Pull Formulário da Vigilancia Comunitaria - Skipping submission 611 of 1299: already downloaded
2025-12-30 01:48:12,644 [ForkJoinPool-3-worker-15] INFO  o.o.b.p.a.PullFromAggregateTracker - Pull Formulário da Vigilancia Hospitalar - Skipping submission 325 of 1156: already downloaded
2025-12-30 01:48:12,649 [ForkJoinPool-3-worker-15] INFO  o.o.b.p.a.PullFromAggregateTracker - Pull Formulário da Vigilancia Hospitalar - Skipping submission 326 of 1156: already downloaded
2025-12-30 01:48:12,650 [ForkJoinPool-3-worker-9] INFO  o.o.b.p.a.PullFromAggregateTracker - Pull Formulário da Vigilancia Comunitaria - Skipping submission 614 of 1299: already downloaded
2025-12-30 01:48:12,653 [ForkJoinPool-3-worker-13] INFO  o.o.b.p.a.PullFromAggregateTracker - Pull Formulário da Vigilancia Comunitaria - Skipping submission 613 of 1299: already downloaded
2025-12-30 01:48:12,653 [ForkJoinPool-3-worker-11] INFO  o.o.b.p.a.PullFromAggregateTracker - Pull Formulário da Vigilancia Hospitalar - Skipping submission 321 of 601: already downloaded
2025-12-30 01:48:12,654 [ForkJoinPool-3-worker-11] INFO  o.o.b.p.a.PullFromAggregateTracker - Pull Formulário da Vigilancia Hospitalar - Skipping submission 322 of 601: already downloaded
2025-12-30 01:48:12,654 [ForkJoinPool-3-worker-9] INFO  o.o.b.p.a.PullFromAggregateTracker - Pull Formulário da Vigilancia Comunitaria - Skipping submission 616 of 1299: already downloaded
2025-12-30 01:48:12,653 [ForkJoinPool-3-worker-8] INFO  o.o.b.p.a.PullFromAggregateTracker - Pull Formulário da Vigilancia Comunitaria - Skipping submission 615 of 1299: already downloaded
2025-12-30 01:48:12,654 [ForkJoinPool-3-worker-15] INFO  o.o.b.p.a.PullFromAggregateTracker - Pull Formulário da Vigilancia Hospitalar - Skipping submission 327 of 1156: already downloaded
2025-12-30 01:48:12,654 [ForkJoinPool-3-worker-13] INFO  o.o.b.p.a.PullFromAggregateTracker - Pull Formulário da Vigilancia Comunitaria - Skipping submission 617 of 1299: already downloaded
2025-12-30 01:48:12,656 [ForkJoinPool-3-worker-11] INFO  o.o.b.p.a.PullFromAggregateTracker - Pull Formulário da Vigilancia Hospitalar - Skipping submission 323 of 601: already downloaded
2025-12-30 01:48:12,656 [ForkJoinPool-3-worker-8] INFO  o.o.b.p.a.PullFromAggregateTracker - Pull Formulário da Vigilancia Comunitaria - Skipping submission 618 of 1299: already downloaded
2025-12-30 01:48:12,658 [ForkJoinPool-3-worker-11] INFO  o.o.b.p.a.PullFromAggregateTracker - Pull Formulário da Vigilancia Hospitalar - Skipping submission 324 of 601: already downloaded
2025-12-30 01:48:12,660 [ForkJoinPool-3-worker-13] INFO  o.o.b.p.a.PullFromAggregateTracker - Pull Formulário da Vigilancia Comunitaria - Skipping submission 619 of 1299: already downloaded
2025-12-30 01:48:12,661 [ForkJoinPool-3-worker-15] INFO  o.o.b.p.a.PullFromAggregateTracker - Pull Formulário da Vigilancia Hospitalar - Skipping submission 328 of 1156: already downloaded
2025-12-30 01:48:12,662 [ForkJoinPool-3-worker-8] INFO  o.o.b.p.a.PullFromAggregateTracker - Pull Formulário da Vigilancia Comunitaria - Skipping submission 620 of 1299: already downloaded
2025-12-30 01:48:12,662 [ForkJoinPool-3-worker-13] INFO  o.o.b.p.a.PullFromAggregateTracker - Pull Formulário da Vigilancia Comunitaria - Skipping submission 622 of 1299: already downloaded
2025-12-30 01:48:12,662 [ForkJoinPool-3-worker-15] INFO  o.o.b.p.a.PullFromAggregateTracker - Pull Formulário da Vigilancia Hospitalar - Skipping submission 329 of 1156: already downloaded
2025-12-30 01:48:12,663 [ForkJoinPool-3-worker-11] INFO  o.o.b.p.a.PullFromAggregateTracker - Pull Formulário da Vigilancia Hospitalar - Skipping submission 325 of 601: already downloaded
2025-12-30 01:48:12,665 [ForkJoinPool-3-worker-11] INFO  o.o.b.p.a.PullFromAggregateTracker - Pull Formulário da Vigilancia Hospitalar - Skipping submission 326 of 601: already downloaded
2025-12-30 01:48:12,663 [ForkJoinPool-3-worker-15] INFO  o.o.b.p.a.PullFromAggregateTracker - Pull Formulário da Vigilancia Hospitalar - Skipping submission 330 of 1156: already downloaded
2025-12-30 01:48:12,663 [ForkJoinPool-3-worker-13] INFO  o.o.b.p.a.PullFromAggregateTracker - Pull Formulário da Vigilancia Comunitaria - Skipping submission 624 of 1299: already downloaded
2025-12-30 01:48:12,666 [ForkJoinPool-3-worker-15] INFO  o.o.b.p.a.PullFromAggregateTracker - Pull Formulário da Vigilancia Hospitalar - Skipping submission 331 of 1156: already downloaded
2025-12-30 01:48:12,668 [ForkJoinPool-3-worker-11] INFO  o.o.b.p.a.PullFromAggregateTracker - Pull Formulário da Vigilancia Hospitalar - Skipping submission 327 of 601: already downloaded
2025-12-30 01:48:12,670 [ForkJoinPool-3-worker-9] INFO  o.o.b.p.a.PullFromAggregateTracker - Pull Formulário da Vigilancia Comunitaria - Skipping submission 621 of 1299: already downloaded
2025-12-30 01:48:12,670 [ForkJoinPool-3-worker-13] INFO  o.o.b.p.a.PullFromAggregateTracker - Pull Formulário da Vigilancia Comunitaria - Skipping submission 625 of 1299: already downloaded
2025-12-30 01:48:12,670 [ForkJoinPool-3-worker-15] INFO  o.o.b.p.a.PullFromAggregateTracker - Pull Formulário da Vigilancia Hospitalar - Skipping submission 332 of 1156: already downloaded
2025-12-30 01:48:12,672 [ForkJoinPool-3-worker-9] INFO  o.o.b.p.a.PullFromAggregateTracker - Pull Formulário da Vigilancia Comunitaria - Skipping submission 626 of 1299: already downloaded
2025-12-30 01:48:12,674 [ForkJoinPool-3-worker-15] INFO  o.o.b.p.a.PullFromAggregateTracker - Pull Formulário da Vigilancia Hospitalar - Skipping submission 333 of 1156: already downloaded
2025-12-30 01:48:12,671 [ForkJoinPool-3-worker-8] INFO  o.o.b.p.a.PullFromAggregateTracker - Pull Formulário da Vigilancia Comunitaria - Skipping submission 623 of 1299: already downloaded
2025-12-30 01:48:12,674 [ForkJoinPool-3-worker-11] INFO  o.o.b.p.a.PullFromAggregateTracker - Pull Formulário da Vigilancia Hospitalar - Skipping submission 328 of 601: already downloaded
2025-12-30 01:48:12,672 [ForkJoinPool-3-worker-13] INFO  o.o.b.p.a.PullFromAggregateTracker - Pull Formulário da Vigilancia Comunitaria - Skipping submission 627 of 1299: already downloaded
2025-12-30 01:48:12,676 [ForkJoinPool-3-worker-13] INFO  o.o.b.p.a.PullFromAggregateTracker - Pull Formulário da Vigilancia Comunitaria - Skipping submission 628 of 1299: already downloaded
2025-12-30 01:48:12,676 [ForkJoinPool-3-worker-11] INFO  o.o.b.p.a.PullFromAggregateTracker - Pull Formulário da Vigilancia Hospitalar - Skipping submission 329 of 601: already downloaded
2025-12-30 01:48:12,678 [ForkJoinPool-3-worker-13] INFO  o.o.b.p.a.PullFromAggregateTracker - Pull Formulário da Vigilancia Comunitaria - Skipping submission 631 of 1299: already downloaded
2025-12-30 01:48:12,678 [ForkJoinPool-3-worker-9] INFO  o.o.b.p.a.PullFromAggregateTracker - Pull Formulário da Vigilancia Comunitaria - Skipping submission 630 of 1299: already downloaded
2025-12-30 01:48:12,678 [ForkJoinPool-3-worker-15] INFO  o.o.b.p.a.PullFromAggregateTracker - Pull Formulário da Vigilancia Hospitalar - Skipping submission 334 of 1156: already downloaded
2025-12-30 01:48:12,680 [ForkJoinPool-3-worker-8] INFO  o.o.b.p.a.PullFromAggregateTracker - Pull Formulário da Vigilancia Comunitaria - Skipping submission 629 of 1299: already downloaded
2025-12-30 01:48:12,680 [ForkJoinPool-3-worker-8] INFO  o.o.b.p.a.PullFromAggregateTracker - Pull Formulário da Vigilancia Comunitaria - Skipping submission 634 of 1299: already downloaded
2025-12-30 01:48:12,680 [ForkJoinPool-3-worker-8] INFO  o.o.b.p.a.PullFromAggregateTracker - Pull Formulário da Vigilancia Comunitaria - Skipping submission 635 of 1299: already downloaded
2025-12-30 01:48:12,683 [ForkJoinPool-3-worker-9] INFO  o.o.b.p.a.PullFromAggregateTracker - Pull Formulário da Vigilancia Comunitaria - Skipping submission 633 of 1299: already downloaded
2025-12-30 01:48:12,684 [ForkJoinPool-3-worker-13] INFO  o.o.b.p.a.PullFromAggregateTracker - Pull Formulário da Vigilancia Comunitaria - Skipping submission 632 of 1299: already downloaded
2025-12-30 01:48:12,683 [ForkJoinPool-3-worker-11] INFO  o.o.b.p.a.PullFromAggregateTracker - Pull Formulário da Vigilancia Hospitalar - Skipping submission 330 of 601: already downloaded
2025-12-30 01:48:12,699 [ForkJoinPool-3-worker-11] INFO  o.o.b.p.a.PullFromAggregateTracker - Pull Formulário da Vigilancia Hospitalar - Skipping submission 331 of 601: already downloaded
2025-12-30 01:48:12,680 [ForkJoinPool-3-worker-15] INFO  o.o.b.p.a.PullFromAggregateTracker - Pull Formulário da Vigilancia Hospitalar - Skipping submission 335 of 1156: already downloaded
2025-12-30 01:48:12,702 [ForkJoinPool-3-worker-13] INFO  o.o.b.p.a.PullFromAggregateTracker - Pull Formulário da Vigilancia Comunitaria - Skipping submission 638 of 1299: already downloaded
2025-12-30 01:48:12,702 [ForkJoinPool-3-worker-9] INFO  o.o.b.p.a.PullFromAggregateTracker - Pull Formulário da Vigilancia Comunitaria - Skipping submission 637 of 1299: already downloaded
2025-12-30 01:48:12,704 [ForkJoinPool-3-worker-8] INFO  o.o.b.p.a.PullFromAggregateTracker - Pull Formulário da Vigilancia Comunitaria - Skipping submission 636 of 1299: already downloaded
2025-12-30 01:48:12,705 [ForkJoinPool-3-worker-8] INFO  o.o.b.p.a.PullFromAggregateTracker - Pull Formulário da Vigilancia Comunitaria - Skipping submission 641 of 1299: already downloaded
2025-12-30 01:48:12,706 [ForkJoinPool-3-worker-8] INFO  o.o.b.p.a.PullFromAggregateTracker - Pull Formulário da Vigilancia Comunitaria - Skipping submission 642 of 1299: already downloaded
2025-12-30 01:48:12,708 [ForkJoinPool-3-worker-11] INFO  o.o.b.p.a.PullFromAggregateTracker - Pull Formulário da Vigilancia Hospitalar - Skipping submission 332 of 601: already downloaded
2025-12-30 01:48:12,708 [ForkJoinPool-3-worker-11] INFO  o.o.b.p.a.PullFromAggregateTracker - Pull Formulário da Vigilancia Hospitalar - Skipping submission 333 of 601: already downloaded
2025-12-30 01:48:12,708 [ForkJoinPool-3-worker-11] INFO  o.o.b.p.a.PullFromAggregateTracker - Pull Formulário da Vigilancia Hospitalar - Skipping submission 334 of 601: already downloaded
2025-12-30 01:48:12,710 [ForkJoinPool-3-worker-11] INFO  o.o.b.p.a.PullFromAggregateTracker - Pull Formulário da Vigilancia Hospitalar - Skipping submission 335 of 601: already downloaded
2025-12-30 01:48:12,710 [ForkJoinPool-3-worker-11] INFO  o.o.b.p.a.PullFromAggregateTracker - Pull Formulário da Vigilancia Hospitalar - Skipping submission 336 of 601: already downloaded
2025-12-30 01:48:12,710 [ForkJoinPool-3-worker-11] INFO  o.o.b.p.a.PullFromAggregateTracker - Pull Formulário da Vigilancia Hospitalar - Skipping submission 337 of 601: already downloaded
2025-12-30 01:48:12,712 [ForkJoinPool-3-worker-15] INFO  o.o.b.p.a.PullFromAggregateTracker - Pull Formulário da Vigilancia Hospitalar - Skipping submission 336 of 1156: already downloaded
2025-12-30 01:48:12,716 [ForkJoinPool-3-worker-8] INFO  o.o.b.p.a.PullFromAggregateTracker - Pull Formulário da Vigilancia Comunitaria - Skipping submission 643 of 1299: already downloaded
2025-12-30 01:48:12,716 [ForkJoinPool-3-worker-11] INFO  o.o.b.p.a.PullFromAggregateTracker - Pull Formulário da Vigilancia Hospitalar - Skipping submission 338 of 601: already downloaded
2025-12-30 01:48:12,716 [ForkJoinPool-3-worker-9] INFO  o.o.b.p.a.PullFromAggregateTracker - Pull Formulário da Vigilancia Comunitaria - Skipping submission 640 of 1299: already downloaded
2025-12-30 01:48:12,718 [ForkJoinPool-3-worker-15] INFO  o.o.b.p.a.PullFromAggregateTracker - Pull Formulário da Vigilancia Hospitalar - Skipping submission 337 of 1156: already downloaded
2025-12-30 01:48:12,720 [ForkJoinPool-3-worker-9] INFO  o.o.b.p.a.PullFromAggregateTracker - Pull Formulário da Vigilancia Comunitaria - Skipping submission 645 of 1299: already downloaded
2025-12-30 01:48:12,720 [ForkJoinPool-3-worker-13] INFO  o.o.b.p.a.PullFromAggregateTracker - Pull Formulário da Vigilancia Comunitaria - Skipping submission 639 of 1299: already downloaded
2025-12-30 01:48:12,720 [ForkJoinPool-3-worker-11] INFO  o.o.b.p.a.PullFromAggregateTracker - Pull Formulário da Vigilancia Hospitalar - Skipping submission 339 of 601: already downloaded
2025-12-30 01:48:12,720 [ForkJoinPool-3-worker-9] INFO  o.o.b.p.a.PullFromAggregateTracker - Pull Formulário da Vigilancia Comunitaria - Skipping submission 646 of 1299: already downloaded
2025-12-30 01:48:12,722 [ForkJoinPool-3-worker-11] INFO  o.o.b.p.a.PullFromAggregateTracker - Pull Formulário da Vigilancia Hospitalar - Skipping submission 340 of 601: already downloaded
2025-12-30 01:48:12,722 [ForkJoinPool-3-worker-8] INFO  o.o.b.p.a.PullFromAggregateTracker - Pull Formulário da Vigilancia Comunitaria - Skipping submission 644 of 1299: already downloaded
2025-12-30 01:48:12,723 [ForkJoinPool-3-worker-8] INFO  o.o.b.p.a.PullFromAggregateTracker - Pull Formulário da Vigilancia Comunitaria - Skipping submission 649 of 1299: already downloaded
2025-12-30 01:48:12,723 [ForkJoinPool-3-worker-9] INFO  o.o.b.p.a.PullFromAggregateTracker - Pull Formulário da Vigilancia Comunitaria - Skipping submission 648 of 1299: already downloaded
2025-12-30 01:48:12,723 [ForkJoinPool-3-worker-11] INFO  o.o.b.p.a.PullFromAggregateTracker - Pull Formulário da Vigilancia Hospitalar - Skipping submission 341 of 601: already downloaded
2025-12-30 01:48:12,724 [ForkJoinPool-3-worker-15] INFO  o.o.b.p.a.PullFromAggregateTracker - Pull Formulário da Vigilancia Hospitalar - Skipping submission 338 of 1156: already downloaded
2025-12-30 01:48:12,724 [ForkJoinPool-3-worker-11] INFO  o.o.b.p.a.PullFromAggregateTracker - Pull Formulário da Vigilancia Hospitalar - Skipping submission 342 of 601: already downloaded
2025-12-30 01:48:12,724 [ForkJoinPool-3-worker-13] INFO  o.o.b.p.a.PullFromAggregateTracker - Pull Formulário da Vigilancia Comunitaria - Skipping submission 647 of 1299: already downloaded
2025-12-30 01:48:12,724 [ForkJoinPool-3-worker-15] INFO  o.o.b.p.a.PullFromAggregateTracker - Pull Formulário da Vigilancia Hospitalar - Skipping submission 339 of 1156: already downloaded
2025-12-30 01:48:12,726 [ForkJoinPool-3-worker-13] INFO  o.o.b.p.a.PullFromAggregateTracker - Pull Formulário da Vigilancia Comunitaria - Skipping submission 652 of 1299: already downloaded
2025-12-30 01:48:12,726 [ForkJoinPool-3-worker-15] INFO  o.o.b.p.a.PullFromAggregateTracker - Pull Formulário da Vigilancia Hospitalar - Skipping submission 340 of 1156: already downloaded
2025-12-30 01:48:12,726 [ForkJoinPool-3-worker-9] INFO  o.o.b.p.a.PullFromAggregateTracker - Pull Formulário da Vigilancia Comunitaria - Skipping submission 651 of 1299: already downloaded
2025-12-30 01:48:12,728 [ForkJoinPool-3-worker-15] INFO  o.o.b.p.a.PullFromAggregateTracker - Pull Formulário da Vigilancia Hospitalar - Skipping submission 341 of 1156: already downloaded
2025-12-30 01:48:12,728 [ForkJoinPool-3-worker-11] INFO  o.o.b.p.a.PullFromAggregateTracker - Pull Formulário da Vigilancia Hospitalar - Skipping submission 343 of 601: already downloaded
2025-12-30 01:48:12,729 [ForkJoinPool-3-worker-9] INFO  o.o.b.p.a.PullFromAggregateTracker - Pull Formulário da Vigilancia Comunitaria - Skipping submission 654 of 1299: already downloaded
2025-12-30 01:48:12,731 [ForkJoinPool-3-worker-15] INFO  o.o.b.p.a.PullFromAggregateTracker - Pull Formulário da Vigilancia Hospitalar - Skipping submission 342 of 1156: already downloaded
2025-12-30 01:48:12,731 [ForkJoinPool-3-worker-15] INFO  o.o.b.p.a.PullFromAggregateTracker - Pull Formulário da Vigilancia Hospitalar - Skipping submission 343 of 1156: already downloaded
2025-12-30 01:48:12,731 [ForkJoinPool-3-worker-9] INFO  o.o.b.p.a.PullFromAggregateTracker - Pull Formulário da Vigilancia Comunitaria - Skipping submission 655 of 1299: already downloaded
2025-12-30 01:48:12,733 [ForkJoinPool-3-worker-8] INFO  o.o.b.p.a.PullFromAggregateTracker - Pull Formulário da Vigilancia Comunitaria - Skipping submission 650 of 1299: already downloaded
2025-12-30 01:48:12,733 [ForkJoinPool-3-worker-9] INFO  o.o.b.p.a.PullFromAggregateTracker - Pull Formulário da Vigilancia Comunitaria - Skipping submission 656 of 1299: already downloaded
2025-12-30 01:48:12,733 [ForkJoinPool-3-worker-11] INFO  o.o.b.p.a.PullFromAggregateTracker - Pull Formulário da Vigilancia Hospitalar - Skipping submission 344 of 601: already downloaded
2025-12-30 01:48:12,734 [ForkJoinPool-3-worker-13] INFO  o.o.b.p.a.PullFromAggregateTracker - Pull Formulário da Vigilancia Comunitaria - Skipping submission 653 of 1299: already downloaded
2025-12-30 01:48:12,736 [ForkJoinPool-3-worker-11] INFO  o.o.b.p.a.PullFromAggregateTracker - Pull Formulário da Vigilancia Hospitalar - Skipping submission 345 of 601: already downloaded
2025-12-30 01:48:12,739 [ForkJoinPool-3-worker-11] INFO  o.o.b.p.a.PullFromAggregateTracker - Pull Formulário da Vigilancia Hospitalar - Skipping submission 346 of 601: already downloaded
2025-12-30 01:48:12,740 [ForkJoinPool-3-worker-15] INFO  o.o.b.p.a.PullFromAggregateTracker - Pull Formulário da Vigilancia Hospitalar - Skipping submission 344 of 1156: already downloaded
2025-12-30 01:48:12,740 [ForkJoinPool-3-worker-13] INFO  o.o.b.p.a.PullFromAggregateTracker - Pull Formulário da Vigilancia Comunitaria - Skipping submission 659 of 1299: already downloaded
2025-12-30 01:48:12,740 [ForkJoinPool-3-worker-11] INFO  o.o.b.p.a.PullFromAggregateTracker - Pull Formulário da Vigilancia Hospitalar - Skipping submission 347 of 601: already downloaded
2025-12-30 01:48:12,741 [ForkJoinPool-3-worker-9] INFO  o.o.b.p.a.PullFromAggregateTracker - Pull Formulário da Vigilancia Comunitaria - Skipping submission 658 of 1299: already downloaded
2025-12-30 01:48:12,741 [ForkJoinPool-3-worker-15] INFO  o.o.b.p.a.PullFromAggregateTracker - Pull Formulário da Vigilancia Hospitalar - Skipping submission 345 of 1156: already downloaded
2025-12-30 01:48:12,741 [ForkJoinPool-3-worker-11] INFO  o.o.b.p.a.PullFromAggregateTracker - Pull Formulário da Vigilancia Hospitalar - Skipping submission 348 of 601: already downloaded
2025-12-30 01:48:12,742 [ForkJoinPool-3-worker-13] INFO  o.o.b.p.a.PullFromAggregateTracker - Pull Formulário da Vigilancia Comunitaria - Skipping submission 660 of 1299: already downloaded
2025-12-30 01:48:12,742 [ForkJoinPool-3-worker-15] INFO  o.o.b.p.a.PullFromAggregateTracker - Pull Formulário da Vigilancia Hospitalar - Skipping submission 346 of 1156: already downloaded
2025-12-30 01:48:12,744 [ForkJoinPool-3-worker-11] INFO  o.o.b.p.a.PullFromAggregateTracker - Pull Formulário da Vigilancia Hospitalar - Skipping submission 349 of 601: already downloaded
2025-12-30 01:48:12,742 [ForkJoinPool-3-worker-8] INFO  o.o.b.p.a.PullFromAggregateTracker - Pull Formulário da Vigilancia Comunitaria - Skipping submission 657 of 1299: already downloaded
2025-12-30 01:48:12,744 [ForkJoinPool-3-worker-9] INFO  o.o.b.p.a.PullFromAggregateTracker - Pull Formulário da Vigilancia Comunitaria - Skipping submission 661 of 1299: already downloaded
2025-12-30 01:48:12,744 [ForkJoinPool-3-worker-13] INFO  o.o.b.p.a.PullFromAggregateTracker - Pull Formulário da Vigilancia Comunitaria - Skipping submission 662 of 1299: already downloaded
2025-12-30 01:48:12,744 [ForkJoinPool-3-worker-11] INFO  o.o.b.p.a.PullFromAggregateTracker - Pull Formulário da Vigilancia Hospitalar - Skipping submission 350 of 601: already downloaded
2025-12-30 01:48:12,745 [ForkJoinPool-3-worker-11] INFO  o.o.b.p.a.PullFromAggregateTracker - Pull Formulário da Vigilancia Hospitalar - Skipping submission 351 of 601: already downloaded
2025-12-30 01:48:12,745 [ForkJoinPool-3-worker-15] INFO  o.o.b.p.a.PullFromAggregateTracker - Pull Formulário da Vigilancia Hospitalar - Skipping submission 347 of 1156: already downloaded
2025-12-30 01:48:12,747 [ForkJoinPool-3-worker-11] INFO  o.o.b.p.a.PullFromAggregateTracker - Pull Formulário da Vigilancia Hospitalar - Skipping submission 352 of 601: already downloaded
2025-12-30 01:48:12,747 [ForkJoinPool-3-worker-8] INFO  o.o.b.p.a.PullFromAggregateTracker - Pull Formulário da Vigilancia Comunitaria - Skipping submission 663 of 1299: already downloaded
2025-12-30 01:48:12,747 [ForkJoinPool-3-worker-15] INFO  o.o.b.p.a.PullFromAggregateTracker - Pull Formulário da Vigilancia Hospitalar - Skipping submission 348 of 1156: already downloaded
2025-12-30 01:48:12,749 [ForkJoinPool-3-worker-11] INFO  o.o.b.p.a.PullFromAggregateTracker - Pull Formulário da Vigilancia Hospitalar - Skipping submission 353 of 601: already downloaded
2025-12-30 01:48:12,749 [ForkJoinPool-3-worker-13] INFO  o.o.b.p.a.PullFromAggregateTracker - Pull Formulário da Vigilancia Comunitaria - Skipping submission 665 of 1299: already downloaded
2025-12-30 01:48:12,749 [ForkJoinPool-3-worker-11] INFO  o.o.b.p.a.PullFromAggregateTracker - Pull Formulário da Vigilancia Hospitalar - Skipping submission 354 of 601: already downloaded
2025-12-30 01:48:12,749 [ForkJoinPool-3-worker-15] INFO  o.o.b.p.a.PullFromAggregateTracker - Pull Formulário da Vigilancia Hospitalar - Skipping submission 349 of 1156: already downloaded
2025-12-30 01:48:12,750 [ForkJoinPool-3-worker-9] INFO  o.o.b.p.a.PullFromAggregateTracker - Pull Formulário da Vigilancia Comunitaria - Skipping submission 664 of 1299: already downloaded
2025-12-30 01:48:12,751 [ForkJoinPool-3-worker-11] INFO  o.o.b.p.a.PullFromAggregateTracker - Pull Formulário da Vigilancia Hospitalar - Skipping submission 355 of 601: already downloaded
2025-12-30 01:48:12,751 [ForkJoinPool-3-worker-11] INFO  o.o.b.p.a.PullFromAggregateTracker - Pull Formulário da Vigilancia Hospitalar - Skipping submission 356 of 601: already downloaded
2025-12-30 01:48:12,751 [ForkJoinPool-3-worker-15] INFO  o.o.b.p.a.PullFromAggregateTracker - Pull Formulário da Vigilancia Hospitalar - Skipping submission 350 of 1156: already downloaded
2025-12-30 01:48:12,754 [ForkJoinPool-3-worker-11] INFO  o.o.b.p.a.PullFromAggregateTracker - Pull Formulário da Vigilancia Hospitalar - Skipping submission 357 of 601: already downloaded
2025-12-30 01:48:12,755 [ForkJoinPool-3-worker-9] INFO  o.o.b.p.a.PullFromAggregateTracker - Pull Formulário da Vigilancia Comunitaria - Skipping submission 668 of 1299: already downloaded
2025-12-30 01:48:12,754 [ForkJoinPool-3-worker-15] INFO  o.o.b.p.a.PullFromAggregateTracker - Pull Formulário da Vigilancia Hospitalar - Skipping submission 351 of 1156: already downloaded
2025-12-30 01:48:12,756 [ForkJoinPool-3-worker-11] INFO  o.o.b.p.a.PullFromAggregateTracker - Pull Formulário da Vigilancia Hospitalar - Skipping submission 358 of 601: already downloaded
2025-12-30 01:48:12,756 [ForkJoinPool-3-worker-13] INFO  o.o.b.p.a.PullFromAggregateTracker - Pull Formulário da Vigilancia Comunitaria - Skipping submission 667 of 1299: already downloaded
2025-12-30 01:48:12,756 [ForkJoinPool-3-worker-11] INFO  o.o.b.p.a.PullFromAggregateTracker - Pull Formulário da Vigilancia Hospitalar - Skipping submission 359 of 601: already downloaded
2025-12-30 01:48:12,756 [ForkJoinPool-3-worker-15] INFO  o.o.b.p.a.PullFromAggregateTracker - Pull Formulário da Vigilancia Hospitalar - Skipping submission 352 of 1156: already downloaded
2025-12-30 01:48:12,756 [ForkJoinPool-3-worker-11] INFO  o.o.b.p.a.PullFromAggregateTracker - Pull Formulário da Vigilancia Hospitalar - Skipping submission 360 of 601: already downloaded
2025-12-30 01:48:12,759 [ForkJoinPool-3-worker-11] INFO  o.o.b.p.a.PullFromAggregateTracker - Pull Formulário da Vigilancia Hospitalar - Skipping submission 361 of 601: already downloaded
2025-12-30 01:48:12,756 [ForkJoinPool-3-worker-13] INFO  o.o.b.p.a.PullFromAggregateTracker - Pull Formulário da Vigilancia Comunitaria - Skipping submission 670 of 1299: already downloaded
2025-12-30 01:48:12,760 [ForkJoinPool-3-worker-11] INFO  o.o.b.p.a.PullFromAggregateTracker - Pull Formulário da Vigilancia Hospitalar - Skipping submission 362 of 601: already downloaded
2025-12-30 01:48:12,760 [ForkJoinPool-3-worker-15] INFO  o.o.b.p.a.PullFromAggregateTracker - Pull Formulário da Vigilancia Hospitalar - Skipping submission 353 of 1156: already downloaded
2025-12-30 01:48:12,760 [ForkJoinPool-3-worker-15] INFO  o.o.b.p.a.PullFromAggregateTracker - Pull Formulário da Vigilancia Hospitalar - Skipping submission 354 of 1156: already downloaded
2025-12-30 01:48:12,762 [ForkJoinPool-3-worker-8] INFO  o.o.b.p.a.PullFromAggregateTracker - Pull Formulário da Vigilancia Comunitaria - Skipping submission 666 of 1299: already downloaded
2025-12-30 01:48:12,762 [ForkJoinPool-3-worker-13] INFO  o.o.b.p.a.PullFromAggregateTracker - Pull Formulário da Vigilancia Comunitaria - Skipping submission 671 of 1299: already downloaded
2025-12-30 01:48:12,760 [ForkJoinPool-3-worker-15] INFO  o.o.b.p.a.PullFromAggregateTracker - Pull Formulário da Vigilancia Hospitalar - Skipping submission 355 of 1156: already downloaded
2025-12-30 01:48:12,763 [ForkJoinPool-3-worker-9] INFO  o.o.b.p.a.PullFromAggregateTracker - Pull Formulário da Vigilancia Comunitaria - Skipping submission 669 of 1299: already downloaded
2025-12-30 01:48:12,763 [ForkJoinPool-3-worker-11] INFO  o.o.b.p.a.PullFromAggregateTracker - Pull Formulário da Vigilancia Hospitalar - Skipping submission 363 of 601: already downloaded
2025-12-30 01:48:12,763 [ForkJoinPool-3-worker-13] INFO  o.o.b.p.a.PullFromAggregateTracker - Pull Formulário da Vigilancia Comunitaria - Skipping submission 673 of 1299: already downloaded
2025-12-30 01:48:12,764 [ForkJoinPool-3-worker-11] INFO  o.o.b.p.a.PullFromAggregateTracker - Pull Formulário da Vigilancia Hospitalar - Skipping submission 364 of 601: already downloaded
2025-12-30 01:48:12,764 [ForkJoinPool-3-worker-11] INFO  o.o.b.p.a.PullFromAggregateTracker - Pull Formulário da Vigilancia Hospitalar - Skipping submission 365 of 601: already downloaded
2025-12-30 01:48:12,764 [ForkJoinPool-3-worker-13] INFO  o.o.b.p.a.PullFromAggregateTracker - Pull Formulário da Vigilancia Comunitaria - Skipping submission 675 of 1299: already downloaded
2025-12-30 01:48:12,764 [ForkJoinPool-3-worker-11] INFO  o.o.b.p.a.PullFromAggregateTracker - Pull Formulário da Vigilancia Hospitalar - Skipping submission 366 of 601: already downloaded
2025-12-30 01:48:12,764 [ForkJoinPool-3-worker-13] INFO  o.o.b.p.a.PullFromAggregateTracker - Pull Formulário da Vigilancia Comunitaria - Skipping submission 676 of 1299: already downloaded
2025-12-30 01:48:12,764 [ForkJoinPool-3-worker-15] INFO  o.o.b.p.a.PullFromAggregateTracker - Pull Formulário da Vigilancia Hospitalar - Skipping submission 356 of 1156: already downloaded
2025-12-30 01:48:12,766 [ForkJoinPool-3-worker-11] INFO  o.o.b.p.a.PullFromAggregateTracker - Pull Formulário da Vigilancia Hospitalar - Skipping submission 367 of 601: already downloaded
2025-12-30 01:48:12,766 [ForkJoinPool-3-worker-15] INFO  o.o.b.p.a.PullFromAggregateTracker - Pull Formulário da Vigilancia Hospitalar - Skipping submission 357 of 1156: already downloaded
2025-12-30 01:48:12,768 [ForkJoinPool-3-worker-15] INFO  o.o.b.p.a.PullFromAggregateTracker - Pull Formulário da Vigilancia Hospitalar - Skipping submission 358 of 1156: already downloaded
2025-12-30 01:48:12,768 [ForkJoinPool-3-worker-13] INFO  o.o.b.p.a.PullFromAggregateTracker - Pull Formulário da Vigilancia Comunitaria - Skipping submission 677 of 1299: already downloaded
2025-12-30 01:48:12,769 [ForkJoinPool-3-worker-15] INFO  o.o.b.p.a.PullFromAggregateTracker - Pull Formulário da Vigilancia Hospitalar - Skipping submission 359 of 1156: already downloaded
2025-12-30 01:48:12,770 [ForkJoinPool-3-worker-11] INFO  o.o.b.p.a.PullFromAggregateTracker - Pull Formulário da Vigilancia Hospitalar - Skipping submission 368 of 601: already downloaded
2025-12-30 01:48:12,770 [ForkJoinPool-3-worker-11] INFO  o.o.b.p.a.PullFromAggregateTracker - Pull Formulário da Vigilancia Hospitalar - Skipping submission 369 of 601: already downloaded
2025-12-30 01:48:12,770 [ForkJoinPool-3-worker-11] INFO  o.o.b.p.a.PullFromAggregateTracker - Pull Formulário da Vigilancia Hospitalar - Skipping submission 370 of 601: already downloaded
2025-12-30 01:48:12,770 [ForkJoinPool-3-worker-15] INFO  o.o.b.p.a.PullFromAggregateTracker - Pull Formulário da Vigilancia Hospitalar - Skipping submission 360 of 1156: already downloaded
2025-12-30 01:48:12,770 [ForkJoinPool-3-worker-13] INFO  o.o.b.p.a.PullFromAggregateTracker - Pull Formulário da Vigilancia Comunitaria - Skipping submission 678 of 1299: already downloaded
2025-12-30 01:48:12,772 [ForkJoinPool-3-worker-15] INFO  o.o.b.p.a.PullFromAggregateTracker - Pull Formulário da Vigilancia Hospitalar - Skipping submission 361 of 1156: already downloaded
2025-12-30 01:48:12,773 [ForkJoinPool-3-worker-8] INFO  o.o.b.p.a.PullFromAggregateTracker - Pull Formulário da Vigilancia Comunitaria - Skipping submission 672 of 1299: already downloaded
2025-12-30 01:48:12,773 [ForkJoinPool-3-worker-11] INFO  o.o.b.p.a.PullFromAggregateTracker - Pull Formulário da Vigilancia Hospitalar - Skipping submission 371 of 601: already downloaded
2025-12-30 01:48:12,773 [ForkJoinPool-3-worker-13] INFO  o.o.b.p.a.PullFromAggregateTracker - Pull Formulário da Vigilancia Comunitaria - Skipping submission 679 of 1299: already downloaded
2025-12-30 01:48:12,773 [ForkJoinPool-3-worker-15] INFO  o.o.b.p.a.PullFromAggregateTracker - Pull Formulário da Vigilancia Hospitalar - Start downloading submission 362 of 1156
2025-12-30 01:48:12,774 [ForkJoinPool-3-worker-9] INFO  o.o.b.p.a.PullFromAggregateTracker - Pull Formulário da Vigilancia Comunitaria - Skipping submission 674 of 1299: already downloaded
2025-12-30 01:48:12,775 [ForkJoinPool-3-worker-13] INFO  o.o.b.p.a.PullFromAggregateTracker - Pull Formulário da Vigilancia Comunitaria - Skipping submission 681 of 1299: already downloaded
2025-12-30 01:48:12,775 [ForkJoinPool-3-worker-8] INFO  o.o.b.p.a.PullFromAggregateTracker - Pull Formulário da Vigilancia Comunitaria - Skipping submission 680 of 1299: already downloaded
2025-12-30 01:48:12,778 [ForkJoinPool-3-worker-11] INFO  o.o.b.p.a.PullFromAggregateTracker - Pull Formulário da Vigilancia Hospitalar - Skipping submission 372 of 601: already downloaded
2025-12-30 01:48:12,780 [ForkJoinPool-3-worker-11] INFO  o.o.b.p.a.PullFromAggregateTracker - Pull Formulário da Vigilancia Hospitalar - Skipping submission 373 of 601: already downloaded
2025-12-30 01:48:12,782 [ForkJoinPool-3-worker-8] INFO  o.o.b.p.a.PullFromAggregateTracker - Pull Formulário da Vigilancia Comunitaria - Skipping submission 684 of 1299: already downloaded
2025-12-30 01:48:12,787 [ForkJoinPool-3-worker-11] INFO  o.o.b.p.a.PullFromAggregateTracker - Pull Formulário da Vigilancia Hospitalar - Skipping submission 374 of 601: already downloaded
2025-12-30 01:48:12,787 [ForkJoinPool-3-worker-13] INFO  o.o.b.p.a.PullFromAggregateTracker - Pull Formulário da Vigilancia Comunitaria - Skipping submission 683 of 1299: already downloaded
2025-12-30 01:48:12,787 [ForkJoinPool-3-worker-13] INFO  o.o.b.p.a.PullFromAggregateTracker - Pull Formulário da Vigilancia Comunitaria - Skipping submission 686 of 1299: already downloaded
2025-12-30 01:48:12,788 [ForkJoinPool-3-worker-11] INFO  o.o.b.p.a.PullFromAggregateTracker - Pull Formulário da Vigilancia Hospitalar - Skipping submission 375 of 601: already downloaded
2025-12-30 01:48:12,791 [ForkJoinPool-3-worker-11] INFO  o.o.b.p.a.PullFromAggregateTracker - Pull Formulário da Vigilancia Hospitalar - Skipping submission 376 of 601: already downloaded
2025-12-30 01:48:12,795 [ForkJoinPool-3-worker-13] INFO  o.o.b.p.a.PullFromAggregateTracker - Pull Formulário da Vigilancia Comunitaria - Skipping submission 687 of 1299: already downloaded
2025-12-30 01:48:12,795 [ForkJoinPool-3-worker-9] INFO  o.o.b.p.a.PullFromAggregateTracker - Pull Formulário da Vigilancia Comunitaria - Skipping submission 682 of 1299: already downloaded
2025-12-30 01:48:12,795 [ForkJoinPool-3-worker-11] INFO  o.o.b.p.a.PullFromAggregateTracker - Pull Formulário da Vigilancia Hospitalar - Skipping submission 377 of 601: already downloaded
2025-12-30 01:48:12,796 [ForkJoinPool-3-worker-11] INFO  o.o.b.p.a.PullFromAggregateTracker - Pull Formulário da Vigilancia Hospitalar - Skipping submission 378 of 601: already downloaded
2025-12-30 01:48:12,796 [ForkJoinPool-3-worker-9] INFO  o.o.b.p.a.PullFromAggregateTracker - Pull Formulário da Vigilancia Comunitaria - Skipping submission 689 of 1299: already downloaded
2025-12-30 01:48:12,796 [ForkJoinPool-3-worker-13] INFO  o.o.b.p.a.PullFromAggregateTracker - Pull Formulário da Vigilancia Comunitaria - Skipping submission 688 of 1299: already downloaded
2025-12-30 01:48:12,798 [ForkJoinPool-3-worker-8] INFO  o.o.b.p.a.PullFromAggregateTracker - Pull Formulário da Vigilancia Comunitaria - Skipping submission 685 of 1299: already downloaded
2025-12-30 01:48:12,798 [ForkJoinPool-3-worker-9] INFO  o.o.b.p.a.PullFromAggregateTracker - Pull Formulário da Vigilancia Comunitaria - Skipping submission 691 of 1299: already downloaded
2025-12-30 01:48:12,801 [ForkJoinPool-3-worker-11] INFO  o.o.b.p.a.PullFromAggregateTracker - Pull Formulário da Vigilancia Hospitalar - Skipping submission 379 of 601: already downloaded
2025-12-30 01:48:12,801 [ForkJoinPool-3-worker-8] INFO  o.o.b.p.a.PullFromAggregateTracker - Pull Formulário da Vigilancia Comunitaria - Skipping submission 692 of 1299: already downloaded
2025-12-30 01:48:12,798 [ForkJoinPool-3-worker-13] INFO  o.o.b.p.a.PullFromAggregateTracker - Pull Formulário da Vigilancia Comunitaria - Skipping submission 690 of 1299: already downloaded
2025-12-30 01:48:12,803 [ForkJoinPool-3-worker-11] INFO  o.o.b.p.a.PullFromAggregateTracker - Pull Formulário da Vigilancia Hospitalar - Skipping submission 380 of 601: already downloaded
2025-12-30 01:48:12,804 [ForkJoinPool-3-worker-9] INFO  o.o.b.p.a.PullFromAggregateTracker - Pull Formulário da Vigilancia Comunitaria - Skipping submission 693 of 1299: already downloaded
2025-12-30 01:48:12,805 [ForkJoinPool-3-worker-13] INFO  o.o.b.p.a.PullFromAggregateTracker - Pull Formulário da Vigilancia Comunitaria - Skipping submission 695 of 1299: already downloaded
2025-12-30 01:48:12,806 [ForkJoinPool-3-worker-8] INFO  o.o.b.p.a.PullFromAggregateTracker - Pull Formulário da Vigilancia Comunitaria - Skipping submission 694 of 1299: already downloaded
2025-12-30 01:48:12,806 [ForkJoinPool-3-worker-13] INFO  o.o.b.p.a.PullFromAggregateTracker - Pull Formulário da Vigilancia Comunitaria - Skipping submission 697 of 1299: already downloaded
2025-12-30 01:48:12,807 [ForkJoinPool-3-worker-10] INFO  o.o.b.p.a.PullFromAggregateTracker - Pull Formulário da Vigilancia Hospitalar - Laboratório - Submission 203 of 642 downloaded
2025-12-30 01:48:12,807 [ForkJoinPool-3-worker-11] INFO  o.o.b.p.a.PullFromAggregateTracker - Pull Formulário da Vigilancia Hospitalar - Skipping submission 381 of 601: already downloaded
2025-12-30 01:48:12,810 [ForkJoinPool-3-worker-11] INFO  o.o.b.p.a.PullFromAggregateTracker - Pull Formulário da Vigilancia Hospitalar - Skipping submission 382 of 601: already downloaded
2025-12-30 01:48:12,811 [ForkJoinPool-3-worker-13] INFO  o.o.b.p.a.PullFromAggregateTracker - Pull Formulário da Vigilancia Comunitaria - Skipping submission 699 of 1299: already downloaded
2025-12-30 01:48:12,814 [ForkJoinPool-3-worker-11] INFO  o.o.b.p.a.PullFromAggregateTracker - Pull Formulário da Vigilancia Hospitalar - Skipping submission 383 of 601: already downloaded
2025-12-30 01:48:12,813 [ForkJoinPool-3-worker-9] INFO  o.o.b.p.a.PullFromAggregateTracker - Pull Formulário da Vigilancia Comunitaria - Skipping submission 696 of 1299: already downloaded
2025-12-30 01:48:12,814 [ForkJoinPool-3-worker-13] INFO  o.o.b.p.a.PullFromAggregateTracker - Pull Formulário da Vigilancia Comunitaria - Skipping submission 700 of 1299: already downloaded
2025-12-30 01:48:12,816 [ForkJoinPool-3-worker-10] INFO  o.o.b.p.a.PullFromAggregateTracker - Pull Formulário da Vigilancia Hospitalar - Laboratório - Start downloading submission 204 of 642
2025-12-30 01:48:12,816 [ForkJoinPool-3-worker-8] INFO  o.o.b.p.a.PullFromAggregateTracker - Pull Formulário da Vigilancia Comunitaria - Skipping submission 698 of 1299: already downloaded
2025-12-30 01:48:12,818 [ForkJoinPool-3-worker-13] INFO  o.o.b.p.a.PullFromAggregateTracker - Pull Formulário da Vigilancia Comunitaria - Skipping submission 702 of 1299: already downloaded
2025-12-30 01:48:12,818 [ForkJoinPool-3-worker-11] INFO  o.o.b.p.a.PullFromAggregateTracker - Pull Formulário da Vigilancia Hospitalar - Skipping submission 384 of 601: already downloaded
2025-12-30 01:48:12,820 [ForkJoinPool-3-worker-11] INFO  o.o.b.p.a.PullFromAggregateTracker - Pull Formulário da Vigilancia Hospitalar - Skipping submission 385 of 601: already downloaded
2025-12-30 01:48:12,821 [ForkJoinPool-3-worker-13] INFO  o.o.b.p.a.PullFromAggregateTracker - Pull Formulário da Vigilancia Comunitaria - Skipping submission 704 of 1299: already downloaded
2025-12-30 01:48:12,821 [ForkJoinPool-3-worker-9] INFO  o.o.b.p.a.PullFromAggregateTracker - Pull Formulário da Vigilancia Comunitaria - Skipping submission 701 of 1299: already downloaded
2025-12-30 01:48:12,821 [ForkJoinPool-3-worker-13] INFO  o.o.b.p.a.PullFromAggregateTracker - Pull Formulário da Vigilancia Comunitaria - Skipping submission 705 of 1299: already downloaded
2025-12-30 01:48:12,821 [ForkJoinPool-3-worker-11] INFO  o.o.b.p.a.PullFromAggregateTracker - Pull Formulário da Vigilancia Hospitalar - Skipping submission 386 of 601: already downloaded
2025-12-30 01:48:12,823 [ForkJoinPool-3-worker-8] INFO  o.o.b.p.a.PullFromAggregateTracker - Pull Formulário da Vigilancia Comunitaria - Skipping submission 703 of 1299: already downloaded
2025-12-30 01:48:12,824 [ForkJoinPool-3-worker-13] INFO  o.o.b.p.a.PullFromAggregateTracker - Pull Formulário da Vigilancia Comunitaria - Skipping submission 707 of 1299: already downloaded
2025-12-30 01:48:12,824 [ForkJoinPool-3-worker-9] INFO  o.o.b.p.a.PullFromAggregateTracker - Pull Formulário da Vigilancia Comunitaria - Skipping submission 706 of 1299: already downloaded
2025-12-30 01:48:12,824 [ForkJoinPool-3-worker-11] INFO  o.o.b.p.a.PullFromAggregateTracker - Pull Formulário da Vigilancia Hospitalar - Skipping submission 387 of 601: already downloaded
2025-12-30 01:48:12,827 [ForkJoinPool-3-worker-11] INFO  o.o.b.p.a.PullFromAggregateTracker - Pull Formulário da Vigilancia Hospitalar - Skipping submission 388 of 601: already downloaded
2025-12-30 01:48:12,829 [ForkJoinPool-3-worker-11] INFO  o.o.b.p.a.PullFromAggregateTracker - Pull Formulário da Vigilancia Hospitalar - Skipping submission 389 of 601: already downloaded
2025-12-30 01:48:12,829 [ForkJoinPool-3-worker-8] INFO  o.o.b.p.a.PullFromAggregateTracker - Pull Formulário da Vigilancia Comunitaria - Skipping submission 708 of 1299: already downloaded
2025-12-30 01:48:12,829 [ForkJoinPool-3-worker-11] INFO  o.o.b.p.a.PullFromAggregateTracker - Pull Formulário da Vigilancia Hospitalar - Skipping submission 390 of 601: already downloaded
2025-12-30 01:48:12,830 [ForkJoinPool-3-worker-13] INFO  o.o.b.p.a.PullFromAggregateTracker - Pull Formulário da Vigilancia Comunitaria - Skipping submission 709 of 1299: already downloaded
2025-12-30 01:48:12,830 [ForkJoinPool-3-worker-9] INFO  o.o.b.p.a.PullFromAggregateTracker - Pull Formulário da Vigilancia Comunitaria - Skipping submission 710 of 1299: already downloaded
2025-12-30 01:48:12,832 [ForkJoinPool-3-worker-13] INFO  o.o.b.p.a.PullFromAggregateTracker - Pull Formulário da Vigilancia Comunitaria - Skipping submission 712 of 1299: already downloaded
2025-12-30 01:48:12,832 [ForkJoinPool-3-worker-11] INFO  o.o.b.p.a.PullFromAggregateTracker - Pull Formulário da Vigilancia Hospitalar - Skipping submission 391 of 601: already downloaded
2025-12-30 01:48:12,834 [ForkJoinPool-3-worker-8] INFO  o.o.b.p.a.PullFromAggregateTracker - Pull Formulário da Vigilancia Comunitaria - Skipping submission 711 of 1299: already downloaded
2025-12-30 01:48:12,836 [ForkJoinPool-3-worker-11] INFO  o.o.b.p.a.PullFromAggregateTracker - Pull Formulário da Vigilancia Hospitalar - Skipping submission 392 of 601: already downloaded
2025-12-30 01:48:12,836 [ForkJoinPool-3-worker-11] INFO  o.o.b.p.a.PullFromAggregateTracker - Pull Formulário da Vigilancia Hospitalar - Skipping submission 393 of 601: already downloaded
2025-12-30 01:48:12,837 [ForkJoinPool-3-worker-13] INFO  o.o.b.p.a.PullFromAggregateTracker - Pull Formulário da Vigilancia Comunitaria - Skipping submission 714 of 1299: already downloaded
2025-12-30 01:48:12,840 [ForkJoinPool-3-worker-11] INFO  o.o.b.p.a.PullFromAggregateTracker - Pull Formulário da Vigilancia Hospitalar - Skipping submission 394 of 601: already downloaded
2025-12-30 01:48:12,840 [ForkJoinPool-3-worker-2] INFO  o.o.b.p.a.PullFromAggregateTracker - Pull Formulário da Vigilancia Hospitalar - Laboratório - Submission 21 of 74 downloaded
2025-12-30 01:48:12,848 [ForkJoinPool-3-worker-13] INFO  o.o.b.p.a.PullFromAggregateTracker - Pull Formulário da Vigilancia Comunitaria - Skipping submission 716 of 1299: already downloaded
2025-12-30 01:48:12,855 [ForkJoinPool-3-worker-2] INFO  o.o.b.p.a.PullFromAggregateTracker - Pull Formulário da Vigilancia Hospitalar - Laboratório - Start downloading submission 23 of 74
2025-12-30 01:48:12,850 [ForkJoinPool-3-worker-13] INFO  o.o.b.p.a.PullFromAggregateTracker - Pull Formulário da Vigilancia Comunitaria - Skipping submission 717 of 1299: already downloaded
2025-12-30 01:48:12,860 [ForkJoinPool-3-worker-8] INFO  o.o.b.p.a.PullFromAggregateTracker - Pull Formulário da Vigilancia Comunitaria - Skipping submission 715 of 1299: already downloaded
2025-12-30 01:48:12,860 [ForkJoinPool-3-worker-13] INFO  o.o.b.p.a.PullFromAggregateTracker - Pull Formulário da Vigilancia Comunitaria - Skipping submission 718 of 1299: already downloaded
2025-12-30 01:48:12,861 [ForkJoinPool-3-worker-8] INFO  o.o.b.p.a.PullFromAggregateTracker - Pull Formulário da Vigilancia Comunitaria - Skipping submission 719 of 1299: already downloaded
2025-12-30 01:48:12,862 [ForkJoinPool-3-worker-13] INFO  o.o.b.p.a.PullFromAggregateTracker - Pull Formulário da Vigilancia Comunitaria - Skipping submission 720 of 1299: already downloaded
2025-12-30 01:48:12,862 [ForkJoinPool-3-worker-8] INFO  o.o.b.p.a.PullFromAggregateTracker - Pull Formulário da Vigilancia Comunitaria - Skipping submission 721 of 1299: already downloaded
2025-12-30 01:48:12,853 [ForkJoinPool-3-worker-9] INFO  o.o.b.p.a.PullFromAggregateTracker - Pull Formulário da Vigilancia Comunitaria - Skipping submission 713 of 1299: already downloaded
2025-12-30 01:48:12,855 [ForkJoinPool-3-worker-4] INFO  o.o.b.p.a.PullFromAggregateTracker - Pull Formulário da Vigilancia Hospitalar - Laboratório - Submission 22 of 74 downloaded
2025-12-30 01:48:12,853 [ForkJoinPool-3-worker-11] INFO  o.o.b.p.a.PullFromAggregateTracker - Pull Formulário da Vigilancia Hospitalar - Skipping submission 395 of 601: already downloaded
2025-12-30 01:48:12,864 [ForkJoinPool-3-worker-13] INFO  o.o.b.p.a.PullFromAggregateTracker - Pull Formulário da Vigilancia Comunitaria - Skipping submission 722 of 1299: already downloaded
2025-12-30 01:48:12,866 [ForkJoinPool-3-worker-13] INFO  o.o.b.p.a.PullFromAggregateTracker - Pull Formulário da Vigilancia Comunitaria - Skipping submission 723 of 1299: already downloaded
2025-12-30 01:48:12,867 [ForkJoinPool-3-worker-11] INFO  o.o.b.p.a.PullFromAggregateTracker - Pull Formulário da Vigilancia Hospitalar - Skipping submission 396 of 601: already downloaded
2025-12-30 01:48:12,869 [ForkJoinPool-3-worker-9] INFO  o.o.b.p.a.PullFromAggregateTracker - Pull Formulário da Vigilancia Comunitaria - Skipping submission 724 of 1299: already downloaded
2025-12-30 01:48:12,871 [ForkJoinPool-3-worker-9] INFO  o.o.b.p.a.PullFromAggregateTracker - Pull Formulário da Vigilancia Comunitaria - Skipping submission 727 of 1299: already downloaded
2025-12-30 01:48:12,864 [ForkJoinPool-3-worker-1] INFO  o.o.b.p.a.PullFromAggregateTracker - Pull Formulário da Vigilancia Comunitaria - Submission 89 of 258 downloaded
2025-12-30 01:48:12,871 [ForkJoinPool-3-worker-11] INFO  o.o.b.p.a.PullFromAggregateTracker - Pull Formulário da Vigilancia Hospitalar - Skipping submission 397 of 601: already downloaded
2025-12-30 01:48:12,871 [ForkJoinPool-3-worker-8] INFO  o.o.b.p.a.PullFromAggregateTracker - Pull Formulário da Vigilancia Comunitaria - Skipping submission 726 of 1299: already downloaded
2025-12-30 01:48:12,873 [ForkJoinPool-3-worker-8] INFO  o.o.b.p.a.PullFromAggregateTracker - Pull Formulário da Vigilancia Comunitaria - Skipping submission 729 of 1299: already downloaded
2025-12-30 01:48:12,873 [ForkJoinPool-3-worker-13] INFO  o.o.b.p.a.PullFromAggregateTracker - Pull Formulário da Vigilancia Comunitaria - Skipping submission 725 of 1299: already downloaded
2025-12-30 01:48:12,871 [ForkJoinPool-3-worker-9] INFO  o.o.b.p.a.PullFromAggregateTracker - Pull Formulário da Vigilancia Comunitaria - Skipping submission 728 of 1299: already downloaded
2025-12-30 01:48:12,873 [ForkJoinPool-3-worker-4] INFO  o.o.b.p.a.PullFromAggregateTracker - Pull Formulário da Vigilancia Hospitalar - Laboratório - Start downloading submission 24 of 74
2025-12-30 01:48:12,873 [ForkJoinPool-3-worker-3] INFO  o.o.b.p.a.PullFromAggregateTracker - Pull Formulário da Vigilancia Hospitalar - Submission 72 of 250 downloaded
2025-12-30 01:48:12,878 [ForkJoinPool-3-worker-11] INFO  o.o.b.p.a.PullFromAggregateTracker - Pull Formulário da Vigilancia Hospitalar - Skipping submission 398 of 601: already downloaded
2025-12-30 01:48:12,878 [ForkJoinPool-3-worker-8] INFO  o.o.b.p.a.PullFromAggregateTracker - Pull Formulário da Vigilancia Comunitaria - Skipping submission 730 of 1299: already downloaded
2025-12-30 01:48:12,879 [ForkJoinPool-3-worker-9] INFO  o.o.b.p.a.PullFromAggregateTracker - Pull Formulário da Vigilancia Comunitaria - Skipping submission 732 of 1299: already downloaded
2025-12-30 01:48:12,879 [ForkJoinPool-3-worker-11] INFO  o.o.b.p.a.PullFromAggregateTracker - Pull Formulário da Vigilancia Hospitalar - Skipping submission 399 of 601: already downloaded
2025-12-30 01:48:12,879 [ForkJoinPool-3-worker-3] INFO  o.o.b.p.a.PullFromAggregateTracker - Pull Formulário da Vigilancia Hospitalar - Start downloading submission 73 of 250
2025-12-30 01:48:12,881 [ForkJoinPool-3-worker-9] INFO  o.o.b.p.a.PullFromAggregateTracker - Pull Formulário da Vigilancia Comunitaria - Skipping submission 734 of 1299: already downloaded
2025-12-30 01:48:12,881 [ForkJoinPool-3-worker-1] INFO  o.o.b.p.a.PullFromAggregateTracker - Pull Formulário da Vigilancia Comunitaria - Skipping submission 90 of 258: already downloaded
2025-12-30 01:48:12,881 [ForkJoinPool-3-worker-13] INFO  o.o.b.p.a.PullFromAggregateTracker - Pull Formulário da Vigilancia Comunitaria - Skipping submission 731 of 1299: already downloaded
2025-12-30 01:48:12,881 [ForkJoinPool-3-worker-11] INFO  o.o.b.p.a.PullFromAggregateTracker - Pull Formulário da Vigilancia Hospitalar - Skipping submission 400 of 601: already downloaded
2025-12-30 01:48:12,888 [ForkJoinPool-3-worker-9] INFO  o.o.b.p.a.PullFromAggregateTracker - Pull Formulário da Vigilancia Comunitaria - Skipping submission 735 of 1299: already downloaded
2025-12-30 01:48:12,888 [ForkJoinPool-3-worker-11] INFO  o.o.b.p.a.PullFromAggregateTracker - Pull Formulário da Vigilancia Hospitalar - Skipping submission 401 of 601: already downloaded
2025-12-30 01:48:12,890 [ForkJoinPool-3-worker-8] INFO  o.o.b.p.a.PullFromAggregateTracker - Pull Formulário da Vigilancia Comunitaria - Skipping submission 733 of 1299: already downloaded
2025-12-30 01:48:12,890 [ForkJoinPool-3-worker-11] INFO  o.o.b.p.a.PullFromAggregateTracker - Pull Formulário da Vigilancia Hospitalar - Skipping submission 402 of 601: already downloaded
2025-12-30 01:48:12,890 [ForkJoinPool-3-worker-9] INFO  o.o.b.p.a.PullFromAggregateTracker - Pull Formulário da Vigilancia Comunitaria - Skipping submission 737 of 1299: already downloaded
2025-12-30 01:48:12,890 [ForkJoinPool-3-worker-1] INFO  o.o.b.p.a.PullFromAggregateTracker - Pull Formulário da Vigilancia Comunitaria - Skipping submission 91 of 258: already downloaded
2025-12-30 01:48:12,890 [ForkJoinPool-3-worker-13] INFO  o.o.b.p.a.PullFromAggregateTracker - Pull Formulário da Vigilancia Comunitaria - Skipping submission 736 of 1299: already downloaded
2025-12-30 01:48:12,892 [ForkJoinPool-3-worker-9] INFO  o.o.b.p.a.PullFromAggregateTracker - Pull Formulário da Vigilancia Comunitaria - Skipping submission 739 of 1299: already downloaded
2025-12-30 01:48:12,892 [ForkJoinPool-3-worker-9] INFO  o.o.b.p.a.PullFromAggregateTracker - Pull Formulário da Vigilancia Comunitaria - Skipping submission 741 of 1299: already downloaded
2025-12-30 01:48:12,892 [ForkJoinPool-3-worker-1] INFO  o.o.b.p.a.PullFromAggregateTracker - Pull Formulário da Vigilancia Comunitaria - Skipping submission 92 of 258: already downloaded
2025-12-30 01:48:12,892 [ForkJoinPool-3-worker-1] INFO  o.o.b.p.a.PullFromAggregateTracker - Pull Formulário da Vigilancia Comunitaria - Start downloading submission 93 of 258
2025-12-30 01:48:12,894 [ForkJoinPool-3-worker-8] INFO  o.o.b.p.a.PullFromAggregateTracker - Pull Formulário da Vigilancia Comunitaria - Skipping submission 738 of 1299: already downloaded
2025-12-30 01:48:12,894 [ForkJoinPool-3-worker-8] INFO  o.o.b.p.a.PullFromAggregateTracker - Pull Formulário da Vigilancia Comunitaria - Skipping submission 743 of 1299: already downloaded
2025-12-30 01:48:12,894 [ForkJoinPool-3-worker-11] INFO  o.o.b.p.a.PullFromAggregateTracker - Pull Formulário da Vigilancia Hospitalar - Skipping submission 403 of 601: already downloaded
2025-12-30 01:48:12,896 [ForkJoinPool-3-worker-11] INFO  o.o.b.p.a.PullFromAggregateTracker - Pull Formulário da Vigilancia Hospitalar - Skipping submission 404 of 601: already downloaded
2025-12-30 01:48:12,896 [ForkJoinPool-3-worker-11] INFO  o.o.b.p.a.PullFromAggregateTracker - Pull Formulário da Vigilancia Hospitalar - Skipping submission 405 of 601: already downloaded
2025-12-30 01:48:12,897 [ForkJoinPool-3-worker-8] INFO  o.o.b.p.a.PullFromAggregateTracker - Pull Formulário da Vigilancia Comunitaria - Skipping submission 744 of 1299: already downloaded
2025-12-30 01:48:12,897 [ForkJoinPool-3-worker-8] INFO  o.o.b.p.a.PullFromAggregateTracker - Pull Formulário da Vigilancia Comunitaria - Skipping submission 745 of 1299: already downloaded
2025-12-30 01:48:12,898 [ForkJoinPool-3-worker-9] INFO  o.o.b.p.a.PullFromAggregateTracker - Pull Formulário da Vigilancia Comunitaria - Skipping submission 742 of 1299: already downloaded
2025-12-30 01:48:12,901 [ForkJoinPool-3-worker-11] INFO  o.o.b.p.a.PullFromAggregateTracker - Pull Formulário da Vigilancia Hospitalar - Skipping submission 406 of 601: already downloaded
2025-12-30 01:48:12,901 [ForkJoinPool-3-worker-9] INFO  o.o.b.p.a.PullFromAggregateTracker - Pull Formulário da Vigilancia Comunitaria - Skipping submission 747 of 1299: already downloaded
2025-12-30 01:48:12,900 [ForkJoinPool-3-worker-13] INFO  o.o.b.p.a.PullFromAggregateTracker - Pull Formulário da Vigilancia Comunitaria - Skipping submission 740 of 1299: already downloaded
2025-12-30 01:48:12,902 [ForkJoinPool-3-worker-9] INFO  o.o.b.p.a.PullFromAggregateTracker - Pull Formulário da Vigilancia Comunitaria - Skipping submission 748 of 1299: already downloaded
2025-12-30 01:48:12,902 [ForkJoinPool-3-worker-9] INFO  o.o.b.p.a.PullFromAggregateTracker - Pull Formulário da Vigilancia Comunitaria - Skipping submission 750 of 1299: already downloaded
2025-12-30 01:48:12,902 [ForkJoinPool-3-worker-9] INFO  o.o.b.p.a.PullFromAggregateTracker - Pull Formulário da Vigilancia Comunitaria - Skipping submission 751 of 1299: already downloaded
2025-12-30 01:48:12,902 [ForkJoinPool-3-worker-11] INFO  o.o.b.p.a.PullFromAggregateTracker - Pull Formulário da Vigilancia Hospitalar - Skipping submission 407 of 601: already downloaded
2025-12-30 01:48:12,904 [ForkJoinPool-3-worker-11] INFO  o.o.b.p.a.PullFromAggregateTracker - Pull Formulário da Vigilancia Hospitalar - Skipping submission 408 of 601: already downloaded
2025-12-30 01:48:12,904 [ForkJoinPool-3-worker-11] INFO  o.o.b.p.a.PullFromAggregateTracker - Pull Formulário da Vigilancia Hospitalar - Skipping submission 409 of 601: already downloaded
2025-12-30 01:48:12,902 [ForkJoinPool-3-worker-6] INFO  o.o.b.p.a.PullFromAggregateTracker - Pull Resultados de testagem das vigilâncias - Submission 13 of 15 downloaded
2025-12-30 01:48:12,908 [ForkJoinPool-3-worker-9] INFO  o.o.b.p.a.PullFromAggregateTracker - Pull Formulário da Vigilancia Comunitaria - Skipping submission 752 of 1299: already downloaded
2025-12-30 01:48:12,908 [ForkJoinPool-3-worker-8] INFO  o.o.b.p.a.PullFromAggregateTracker - Pull Formulário da Vigilancia Comunitaria - Skipping submission 746 of 1299: already downloaded
2025-12-30 01:48:12,908 [ForkJoinPool-3-worker-11] INFO  o.o.b.p.a.PullFromAggregateTracker - Pull Formulário da Vigilancia Hospitalar - Skipping submission 410 of 601: already downloaded
2025-12-30 01:48:12,910 [ForkJoinPool-3-worker-11] INFO  o.o.b.p.a.PullFromAggregateTracker - Pull Formulário da Vigilancia Hospitalar - Skipping submission 411 of 601: already downloaded
2025-12-30 01:48:12,910 [ForkJoinPool-3-worker-9] INFO  o.o.b.p.a.PullFromAggregateTracker - Pull Formulário da Vigilancia Comunitaria - Skipping submission 753 of 1299: already downloaded
2025-12-30 01:48:12,912 [ForkJoinPool-3-worker-11] INFO  o.o.b.p.a.PullFromAggregateTracker - Pull Formulário da Vigilancia Hospitalar - Skipping submission 412 of 601: already downloaded
2025-12-30 01:48:12,912 [ForkJoinPool-3-worker-13] INFO  o.o.b.p.a.PullFromAggregateTracker - Pull Formulário da Vigilancia Comunitaria - Skipping submission 749 of 1299: already downloaded
2025-12-30 01:48:12,914 [ForkJoinPool-3-worker-13] INFO  o.o.b.p.a.PullFromAggregateTracker - Pull Formulário da Vigilancia Comunitaria - Skipping submission 756 of 1299: already downloaded
2025-12-30 01:48:12,914 [ForkJoinPool-3-worker-6] INFO  o.o.b.p.a.PullFromAggregateTracker - Pull Resultados de testagem das vigilâncias - Start downloading submission 14 of 15
2025-12-30 01:48:12,912 [ForkJoinPool-3-worker-9] INFO  o.o.b.p.a.PullFromAggregateTracker - Pull Formulário da Vigilancia Comunitaria - Skipping submission 755 of 1299: already downloaded
2025-12-30 01:48:12,914 [ForkJoinPool-3-worker-11] INFO  o.o.b.p.a.PullFromAggregateTracker - Pull Formulário da Vigilancia Hospitalar - Skipping submission 413 of 601: already downloaded
2025-12-30 01:48:12,914 [ForkJoinPool-3-worker-11] INFO  o.o.b.p.a.PullFromAggregateTracker - Pull Formulário da Vigilancia Hospitalar - Skipping submission 414 of 601: already downloaded
2025-12-30 01:48:12,916 [ForkJoinPool-3-worker-13] INFO  o.o.b.p.a.PullFromAggregateTracker - Pull Formulário da Vigilancia Comunitaria - Skipping submission 757 of 1299: already downloaded
2025-12-30 01:48:12,916 [ForkJoinPool-3-worker-11] INFO  o.o.b.p.a.PullFromAggregateTracker - Pull Formulário da Vigilancia Hospitalar - Skipping submission 415 of 601: already downloaded
2025-12-30 01:48:12,918 [ForkJoinPool-3-worker-11] INFO  o.o.b.p.a.PullFromAggregateTracker - Pull Formulário da Vigilancia Hospitalar - Skipping submission 416 of 601: already downloaded
2025-12-30 01:48:12,920 [ForkJoinPool-3-worker-8] INFO  o.o.b.p.a.PullFromAggregateTracker - Pull Formulário da Vigilancia Comunitaria - Skipping submission 754 of 1299: already downloaded
2025-12-30 01:48:12,920 [ForkJoinPool-3-worker-13] INFO  o.o.b.p.a.PullFromAggregateTracker - Pull Formulário da Vigilancia Comunitaria - Skipping submission 759 of 1299: already downloaded
2025-12-30 01:48:12,921 [ForkJoinPool-3-worker-13] INFO  o.o.b.p.a.PullFromAggregateTracker - Pull Formulário da Vigilancia Comunitaria - Skipping submission 761 of 1299: already downloaded
2025-12-30 01:48:12,921 [ForkJoinPool-3-worker-9] INFO  o.o.b.p.a.PullFromAggregateTracker - Pull Formulário da Vigilancia Comunitaria - Skipping submission 758 of 1299: already downloaded
2025-12-30 01:48:12,922 [ForkJoinPool-3-worker-9] INFO  o.o.b.p.a.PullFromAggregateTracker - Pull Formulário da Vigilancia Comunitaria - Skipping submission 763 of 1299: already downloaded
2025-12-30 01:48:12,922 [ForkJoinPool-3-worker-9] INFO  o.o.b.p.a.PullFromAggregateTracker - Pull Formulário da Vigilancia Comunitaria - Skipping submission 764 of 1299: already downloaded
2025-12-30 01:48:12,923 [ForkJoinPool-3-worker-9] INFO  o.o.b.p.a.PullFromAggregateTracker - Pull Formulário da Vigilancia Comunitaria - Skipping submission 765 of 1299: already downloaded
2025-12-30 01:48:12,918 [ForkJoinPool-3-worker-11] INFO  o.o.b.p.a.PullFromAggregateTracker - Pull Formulário da Vigilancia Hospitalar - Skipping submission 417 of 601: already downloaded
2025-12-30 01:48:12,923 [ForkJoinPool-3-worker-13] INFO  o.o.b.p.a.PullFromAggregateTracker - Pull Formulário da Vigilancia Comunitaria - Skipping submission 762 of 1299: already downloaded
2025-12-30 01:48:12,923 [ForkJoinPool-3-worker-11] INFO  o.o.b.p.a.PullFromAggregateTracker - Pull Formulário da Vigilancia Hospitalar - Skipping submission 418 of 601: already downloaded
2025-12-30 01:48:12,925 [ForkJoinPool-3-worker-8] INFO  o.o.b.p.a.PullFromAggregateTracker - Pull Formulário da Vigilancia Comunitaria - Skipping submission 760 of 1299: already downloaded
2025-12-30 01:48:12,925 [ForkJoinPool-3-worker-11] INFO  o.o.b.p.a.PullFromAggregateTracker - Pull Formulário da Vigilancia Hospitalar - Skipping submission 419 of 601: already downloaded
2025-12-30 01:48:12,925 [ForkJoinPool-3-worker-13] INFO  o.o.b.p.a.PullFromAggregateTracker - Pull Formulário da Vigilancia Comunitaria - Skipping submission 767 of 1299: already downloaded
2025-12-30 01:48:12,927 [ForkJoinPool-3-worker-11] INFO  o.o.b.p.a.PullFromAggregateTracker - Pull Formulário da Vigilancia Hospitalar - Skipping submission 420 of 601: already downloaded
2025-12-30 01:48:12,927 [ForkJoinPool-3-worker-13] INFO  o.o.b.p.a.PullFromAggregateTracker - Pull Formulário da Vigilancia Comunitaria - Skipping submission 769 of 1299: already downloaded
2025-12-30 01:48:12,927 [ForkJoinPool-3-worker-9] INFO  o.o.b.p.a.PullFromAggregateTracker - Pull Formulário da Vigilancia Comunitaria - Skipping submission 766 of 1299: already downloaded
2025-12-30 01:48:12,927 [ForkJoinPool-3-worker-11] INFO  o.o.b.p.a.PullFromAggregateTracker - Pull Formulário da Vigilancia Hospitalar - Skipping submission 421 of 601: already downloaded
2025-12-30 01:48:12,929 [ForkJoinPool-3-worker-13] INFO  o.o.b.p.a.PullFromAggregateTracker - Pull Formulário da Vigilancia Comunitaria - Skipping submission 770 of 1299: already downloaded
2025-12-30 01:48:12,930 [ForkJoinPool-3-worker-11] INFO  o.o.b.p.a.PullFromAggregateTracker - Pull Formulário da Vigilancia Hospitalar - Skipping submission 422 of 601: already downloaded
2025-12-30 01:48:12,930 [ForkJoinPool-3-worker-13] INFO  o.o.b.p.a.PullFromAggregateTracker - Pull Formulário da Vigilancia Comunitaria - Skipping submission 772 of 1299: already downloaded
2025-12-30 01:48:12,930 [ForkJoinPool-3-worker-11] INFO  o.o.b.p.a.PullFromAggregateTracker - Pull Formulário da Vigilancia Hospitalar - Skipping submission 423 of 601: already downloaded
2025-12-30 01:48:12,932 [ForkJoinPool-3-worker-11] INFO  o.o.b.p.a.PullFromAggregateTracker - Pull Formulário da Vigilancia Hospitalar - Skipping submission 424 of 601: already downloaded
2025-12-30 01:48:12,932 [ForkJoinPool-3-worker-8] INFO  o.o.b.p.a.PullFromAggregateTracker - Pull Formulário da Vigilancia Comunitaria - Skipping submission 768 of 1299: already downloaded
2025-12-30 01:48:12,932 [ForkJoinPool-3-worker-11] INFO  o.o.b.p.a.PullFromAggregateTracker - Pull Formulário da Vigilancia Hospitalar - Skipping submission 425 of 601: already downloaded
2025-12-30 01:48:12,932 [ForkJoinPool-3-worker-13] INFO  o.o.b.p.a.PullFromAggregateTracker - Pull Formulário da Vigilancia Comunitaria - Skipping submission 773 of 1299: already downloaded
2025-12-30 01:48:12,933 [ForkJoinPool-3-worker-11] INFO  o.o.b.p.a.PullFromAggregateTracker - Pull Formulário da Vigilancia Hospitalar - Skipping submission 426 of 601: already downloaded
2025-12-30 01:48:12,933 [ForkJoinPool-3-worker-9] INFO  o.o.b.p.a.PullFromAggregateTracker - Pull Formulário da Vigilancia Comunitaria - Skipping submission 771 of 1299: already downloaded
2025-12-30 01:48:12,935 [ForkJoinPool-3-worker-9] INFO  o.o.b.p.a.PullFromAggregateTracker - Pull Formulário da Vigilancia Comunitaria - Skipping submission 776 of 1299: already downloaded
2025-12-30 01:48:12,935 [ForkJoinPool-3-worker-9] INFO  o.o.b.p.a.PullFromAggregateTracker - Pull Formulário da Vigilancia Comunitaria - Skipping submission 777 of 1299: already downloaded
2025-12-30 01:48:12,936 [ForkJoinPool-3-worker-9] INFO  o.o.b.p.a.PullFromAggregateTracker - Pull Formulário da Vigilancia Comunitaria - Skipping submission 778 of 1299: already downloaded
2025-12-30 01:48:12,936 [ForkJoinPool-3-worker-11] INFO  o.o.b.p.a.PullFromAggregateTracker - Pull Formulário da Vigilancia Hospitalar - Skipping submission 427 of 601: already downloaded
2025-12-30 01:48:12,937 [ForkJoinPool-3-worker-11] INFO  o.o.b.p.a.PullFromAggregateTracker - Pull Formulário da Vigilancia Hospitalar - Skipping submission 428 of 601: already downloaded
2025-12-30 01:48:12,939 [ForkJoinPool-3-worker-11] INFO  o.o.b.p.a.PullFromAggregateTracker - Pull Formulário da Vigilancia Hospitalar - Skipping submission 429 of 601: already downloaded
2025-12-30 01:48:12,939 [ForkJoinPool-3-worker-13] INFO  o.o.b.p.a.PullFromAggregateTracker - Pull Formulário da Vigilancia Comunitaria - Skipping submission 775 of 1299: already downloaded
2025-12-30 01:48:12,939 [ForkJoinPool-3-worker-8] INFO  o.o.b.p.a.PullFromAggregateTracker - Pull Formulário da Vigilancia Comunitaria - Skipping submission 774 of 1299: already downloaded
2025-12-30 01:48:12,941 [ForkJoinPool-3-worker-13] INFO  o.o.b.p.a.PullFromAggregateTracker - Pull Formulário da Vigilancia Comunitaria - Skipping submission 780 of 1299: already downloaded
2025-12-30 01:48:12,941 [ForkJoinPool-3-worker-11] INFO  o.o.b.p.a.PullFromAggregateTracker - Pull Formulário da Vigilancia Hospitalar - Skipping submission 430 of 601: already downloaded
2025-12-30 01:48:12,941 [ForkJoinPool-3-worker-9] INFO  o.o.b.p.a.PullFromAggregateTracker - Pull Formulário da Vigilancia Comunitaria - Skipping submission 779 of 1299: already downloaded
2025-12-30 01:48:12,941 [ForkJoinPool-3-worker-11] INFO  o.o.b.p.a.PullFromAggregateTracker - Pull Formulário da Vigilancia Hospitalar - Skipping submission 431 of 601: already downloaded
2025-12-30 01:48:12,941 [ForkJoinPool-3-worker-13] INFO  o.o.b.p.a.PullFromAggregateTracker - Pull Formulário da Vigilancia Comunitaria - Skipping submission 782 of 1299: already downloaded
2025-12-30 01:48:12,941 [ForkJoinPool-3-worker-11] INFO  o.o.b.p.a.PullFromAggregateTracker - Pull Formulário da Vigilancia Hospitalar - Skipping submission 432 of 601: already downloaded
2025-12-30 01:48:12,943 [ForkJoinPool-3-worker-11] INFO  o.o.b.p.a.PullFromAggregateTracker - Pull Formulário da Vigilancia Hospitalar - Skipping submission 433 of 601: already downloaded
2025-12-30 01:48:12,943 [ForkJoinPool-3-worker-8] INFO  o.o.b.p.a.PullFromAggregateTracker - Pull Formulário da Vigilancia Comunitaria - Skipping submission 781 of 1299: already downloaded
2025-12-30 01:48:12,944 [ForkJoinPool-3-worker-9] INFO  o.o.b.p.a.PullFromAggregateTracker - Pull Formulário da Vigilancia Comunitaria - Skipping submission 783 of 1299: already downloaded
2025-12-30 01:48:12,946 [ForkJoinPool-3-worker-9] INFO  o.o.b.p.a.PullFromAggregateTracker - Pull Formulário da Vigilancia Comunitaria - Skipping submission 785 of 1299: already downloaded
2025-12-30 01:48:12,944 [ForkJoinPool-3-worker-13] INFO  o.o.b.p.a.PullFromAggregateTracker - Pull Formulário da Vigilancia Comunitaria - Skipping submission 784 of 1299: already downloaded
2025-12-30 01:48:12,946 [ForkJoinPool-3-worker-11] INFO  o.o.b.p.a.PullFromAggregateTracker - Pull Formulário da Vigilancia Hospitalar - Skipping submission 434 of 601: already downloaded
2025-12-30 01:48:12,947 [ForkJoinPool-3-worker-9] INFO  o.o.b.p.a.PullFromAggregateTracker - Pull Formulário da Vigilancia Comunitaria - Skipping submission 786 of 1299: already downloaded
2025-12-30 01:48:12,947 [ForkJoinPool-3-worker-8] INFO  o.o.b.p.a.PullFromAggregateTracker - Pull Formulário da Vigilancia Comunitaria - Skipping submission 788 of 1299: already downloaded
2025-12-30 01:48:12,947 [ForkJoinPool-3-worker-13] INFO  o.o.b.p.a.PullFromAggregateTracker - Pull Formulário da Vigilancia Comunitaria - Skipping submission 787 of 1299: already downloaded
2025-12-30 01:48:12,947 [ForkJoinPool-3-worker-8] INFO  o.o.b.p.a.PullFromAggregateTracker - Pull Formulário da Vigilancia Comunitaria - Skipping submission 790 of 1299: already downloaded
2025-12-30 01:48:12,949 [ForkJoinPool-3-worker-11] INFO  o.o.b.p.a.PullFromAggregateTracker - Pull Formulário da Vigilancia Hospitalar - Skipping submission 435 of 601: already downloaded
2025-12-30 01:48:12,949 [ForkJoinPool-3-worker-8] INFO  o.o.b.p.a.PullFromAggregateTracker - Pull Formulário da Vigilancia Comunitaria - Skipping submission 792 of 1299: already downloaded
2025-12-30 01:48:12,949 [ForkJoinPool-3-worker-8] INFO  o.o.b.p.a.PullFromAggregateTracker - Pull Formulário da Vigilancia Comunitaria - Skipping submission 793 of 1299: already downloaded
2025-12-30 01:48:12,949 [ForkJoinPool-3-worker-11] INFO  o.o.b.p.a.PullFromAggregateTracker - Pull Formulário da Vigilancia Hospitalar - Skipping submission 436 of 601: already downloaded
2025-12-30 01:48:12,951 [ForkJoinPool-3-worker-9] INFO  o.o.b.p.a.PullFromAggregateTracker - Pull Formulário da Vigilancia Comunitaria - Skipping submission 789 of 1299: already downloaded
2025-12-30 01:48:12,951 [ForkJoinPool-3-worker-11] INFO  o.o.b.p.a.PullFromAggregateTracker - Pull Formulário da Vigilancia Hospitalar - Skipping submission 437 of 601: already downloaded
2025-12-30 01:48:12,951 [ForkJoinPool-3-worker-9] INFO  o.o.b.p.a.PullFromAggregateTracker - Pull Formulário da Vigilancia Comunitaria - Skipping submission 795 of 1299: already downloaded
2025-12-30 01:48:12,953 [ForkJoinPool-3-worker-8] INFO  o.o.b.p.a.PullFromAggregateTracker - Pull Formulário da Vigilancia Comunitaria - Skipping submission 794 of 1299: already downloaded
2025-12-30 01:48:12,951 [ForkJoinPool-3-worker-11] INFO  o.o.b.p.a.PullFromAggregateTracker - Pull Formulário da Vigilancia Hospitalar - Skipping submission 438 of 601: already downloaded
2025-12-30 01:48:12,953 [ForkJoinPool-3-worker-13] INFO  o.o.b.p.a.PullFromAggregateTracker - Pull Formulário da Vigilancia Comunitaria - Skipping submission 791 of 1299: already downloaded
2025-12-30 01:48:12,951 [ForkJoinPool-3-worker-9] INFO  o.o.b.p.a.PullFromAggregateTracker - Pull Formulário da Vigilancia Comunitaria - Skipping submission 796 of 1299: already downloaded
2025-12-30 01:48:12,954 [ForkJoinPool-3-worker-8] INFO  o.o.b.p.a.PullFromAggregateTracker - Pull Formulário da Vigilancia Comunitaria - Skipping submission 797 of 1299: already downloaded
2025-12-30 01:48:12,956 [ForkJoinPool-3-worker-9] INFO  o.o.b.p.a.PullFromAggregateTracker - Pull Formulário da Vigilancia Comunitaria - Skipping submission 800 of 1299: already downloaded
2025-12-30 01:48:12,956 [ForkJoinPool-3-worker-13] INFO  o.o.b.p.a.PullFromAggregateTracker - Pull Formulário da Vigilancia Comunitaria - Skipping submission 798 of 1299: already downloaded
2025-12-30 01:48:12,956 [ForkJoinPool-3-worker-8] INFO  o.o.b.p.a.PullFromAggregateTracker - Pull Formulário da Vigilancia Comunitaria - Skipping submission 799 of 1299: already downloaded
2025-12-30 01:48:12,956 [ForkJoinPool-3-worker-11] INFO  o.o.b.p.a.PullFromAggregateTracker - Pull Formulário da Vigilancia Hospitalar - Skipping submission 439 of 601: already downloaded
2025-12-30 01:48:12,958 [ForkJoinPool-3-worker-11] INFO  o.o.b.p.a.PullFromAggregateTracker - Pull Formulário da Vigilancia Hospitalar - Skipping submission 440 of 601: already downloaded
2025-12-30 01:48:12,958 [ForkJoinPool-3-worker-11] INFO  o.o.b.p.a.PullFromAggregateTracker - Pull Formulário da Vigilancia Hospitalar - Skipping submission 441 of 601: already downloaded
2025-12-30 01:48:12,959 [ForkJoinPool-3-worker-11] INFO  o.o.b.p.a.PullFromAggregateTracker - Pull Formulário da Vigilancia Hospitalar - Skipping submission 442 of 601: already downloaded
2025-12-30 01:48:12,959 [ForkJoinPool-3-worker-13] INFO  o.o.b.p.a.PullFromAggregateTracker - Pull Formulário da Vigilancia Comunitaria - Skipping submission 802 of 1299: already downloaded
2025-12-30 01:48:12,961 [ForkJoinPool-3-worker-9] INFO  o.o.b.p.a.PullFromAggregateTracker - Pull Formulário da Vigilancia Comunitaria - Skipping submission 801 of 1299: already downloaded
2025-12-30 01:48:12,961 [ForkJoinPool-3-worker-8] INFO  o.o.b.p.a.PullFromAggregateTracker - Pull Formulário da Vigilancia Comunitaria - Skipping submission 803 of 1299: already downloaded
2025-12-30 01:48:12,962 [ForkJoinPool-3-worker-8] INFO  o.o.b.p.a.PullFromAggregateTracker - Pull Formulário da Vigilancia Comunitaria - Skipping submission 804 of 1299: already downloaded
2025-12-30 01:48:12,962 [ForkJoinPool-3-worker-9] INFO  o.o.b.p.a.PullFromAggregateTracker - Pull Formulário da Vigilancia Comunitaria - Skipping submission 805 of 1299: already downloaded
2025-12-30 01:48:12,962 [ForkJoinPool-3-worker-11] INFO  o.o.b.p.a.PullFromAggregateTracker - Pull Formulário da Vigilancia Hospitalar - Skipping submission 443 of 601: already downloaded
2025-12-30 01:48:12,962 [ForkJoinPool-3-worker-13] INFO  o.o.b.p.a.PullFromAggregateTracker - Pull Formulário da Vigilancia Comunitaria - Skipping submission 806 of 1299: already downloaded
2025-12-30 01:48:12,962 [ForkJoinPool-3-worker-9] INFO  o.o.b.p.a.PullFromAggregateTracker - Pull Formulário da Vigilancia Comunitaria - Skipping submission 808 of 1299: already downloaded
2025-12-30 01:48:12,964 [ForkJoinPool-3-worker-8] INFO  o.o.b.p.a.PullFromAggregateTracker - Pull Formulário da Vigilancia Comunitaria - Skipping submission 807 of 1299: already downloaded
2025-12-30 01:48:12,964 [ForkJoinPool-3-worker-9] INFO  o.o.b.p.a.PullFromAggregateTracker - Pull Formulário da Vigilancia Comunitaria - Skipping submission 810 of 1299: already downloaded
2025-12-30 01:48:12,964 [ForkJoinPool-3-worker-13] INFO  o.o.b.p.a.PullFromAggregateTracker - Pull Formulário da Vigilancia Comunitaria - Skipping submission 809 of 1299: already downloaded
2025-12-30 01:48:12,964 [ForkJoinPool-3-worker-11] INFO  o.o.b.p.a.PullFromAggregateTracker - Pull Formulário da Vigilancia Hospitalar - Skipping submission 444 of 601: already downloaded
2025-12-30 01:48:12,964 [ForkJoinPool-3-worker-13] INFO  o.o.b.p.a.PullFromAggregateTracker - Pull Formulário da Vigilancia Comunitaria - Skipping submission 813 of 1299: already downloaded
2025-12-30 01:48:12,964 [ForkJoinPool-3-worker-11] INFO  o.o.b.p.a.PullFromAggregateTracker - Pull Formulário da Vigilancia Hospitalar - Skipping submission 445 of 601: already downloaded
2025-12-30 01:48:12,966 [ForkJoinPool-3-worker-9] INFO  o.o.b.p.a.PullFromAggregateTracker - Pull Formulário da Vigilancia Comunitaria - Skipping submission 812 of 1299: already downloaded
2025-12-30 01:48:12,967 [ForkJoinPool-3-worker-11] INFO  o.o.b.p.a.PullFromAggregateTracker - Pull Formulário da Vigilancia Hospitalar - Skipping submission 446 of 601: already downloaded
2025-12-30 01:48:12,969 [ForkJoinPool-3-worker-11] INFO  o.o.b.p.a.PullFromAggregateTracker - Pull Formulário da Vigilancia Hospitalar - Skipping submission 447 of 601: already downloaded
2025-12-30 01:48:12,971 [ForkJoinPool-3-worker-8] INFO  o.o.b.p.a.PullFromAggregateTracker - Pull Formulário da Vigilancia Comunitaria - Skipping submission 811 of 1299: already downloaded
2025-12-30 01:48:12,971 [ForkJoinPool-3-worker-9] INFO  o.o.b.p.a.PullFromAggregateTracker - Pull Formulário da Vigilancia Comunitaria - Skipping submission 815 of 1299: already downloaded
2025-12-30 01:48:12,971 [ForkJoinPool-3-worker-13] INFO  o.o.b.p.a.PullFromAggregateTracker - Pull Formulário da Vigilancia Comunitaria - Skipping submission 814 of 1299: already downloaded
2025-12-30 01:48:12,971 [ForkJoinPool-3-worker-9] INFO  o.o.b.p.a.PullFromAggregateTracker - Pull Formulário da Vigilancia Comunitaria - Skipping submission 817 of 1299: already downloaded
2025-12-30 01:48:12,973 [ForkJoinPool-3-worker-9] INFO  o.o.b.p.a.PullFromAggregateTracker - Pull Formulário da Vigilancia Comunitaria - Skipping submission 819 of 1299: already downloaded
2025-12-30 01:48:12,974 [ForkJoinPool-3-worker-11] INFO  o.o.b.p.a.PullFromAggregateTracker - Pull Formulário da Vigilancia Hospitalar - Skipping submission 448 of 601: already downloaded
2025-12-30 01:48:12,974 [ForkJoinPool-3-worker-9] INFO  o.o.b.p.a.PullFromAggregateTracker - Pull Formulário da Vigilancia Comunitaria - Skipping submission 820 of 1299: already downloaded
2025-12-30 01:48:12,974 [ForkJoinPool-3-worker-11] INFO  o.o.b.p.a.PullFromAggregateTracker - Pull Formulário da Vigilancia Hospitalar - Skipping submission 449 of 601: already downloaded
2025-12-30 01:48:12,974 [ForkJoinPool-3-worker-9] INFO  o.o.b.p.a.PullFromAggregateTracker - Pull Formulário da Vigilancia Comunitaria - Skipping submission 821 of 1299: already downloaded
2025-12-30 01:48:12,975 [ForkJoinPool-3-worker-9] INFO  o.o.b.p.a.PullFromAggregateTracker - Pull Formulário da Vigilancia Comunitaria - Skipping submission 822 of 1299: already downloaded
2025-12-30 01:48:12,975 [ForkJoinPool-3-worker-11] INFO  o.o.b.p.a.PullFromAggregateTracker - Pull Formulário da Vigilancia Hospitalar - Skipping submission 450 of 601: already downloaded
2025-12-30 01:48:12,976 [ForkJoinPool-3-worker-11] INFO  o.o.b.p.a.PullFromAggregateTracker - Pull Formulário da Vigilancia Hospitalar - Skipping submission 451 of 601: already downloaded
2025-12-30 01:48:12,976 [ForkJoinPool-3-worker-8] INFO  o.o.b.p.a.PullFromAggregateTracker - Pull Formulário da Vigilancia Comunitaria - Skipping submission 816 of 1299: already downloaded
2025-12-30 01:48:12,977 [ForkJoinPool-3-worker-9] INFO  o.o.b.p.a.PullFromAggregateTracker - Pull Formulário da Vigilancia Comunitaria - Skipping submission 823 of 1299: already downloaded
2025-12-30 01:48:12,977 [ForkJoinPool-3-worker-9] INFO  o.o.b.p.a.PullFromAggregateTracker - Pull Formulário da Vigilancia Comunitaria - Skipping submission 825 of 1299: already downloaded
2025-12-30 01:48:12,977 [ForkJoinPool-3-worker-13] INFO  o.o.b.p.a.PullFromAggregateTracker - Pull Formulário da Vigilancia Comunitaria - Skipping submission 818 of 1299: already downloaded
2025-12-30 01:48:12,979 [ForkJoinPool-3-worker-11] INFO  o.o.b.p.a.PullFromAggregateTracker - Pull Formulário da Vigilancia Hospitalar - Skipping submission 452 of 601: already downloaded
2025-12-30 01:48:12,979 [ForkJoinPool-3-worker-11] INFO  o.o.b.p.a.PullFromAggregateTracker - Pull Formulário da Vigilancia Hospitalar - Skipping submission 453 of 601: already downloaded
2025-12-30 01:48:12,981 [ForkJoinPool-3-worker-13] INFO  o.o.b.p.a.PullFromAggregateTracker - Pull Formulário da Vigilancia Comunitaria - Skipping submission 827 of 1299: already downloaded
2025-12-30 01:48:12,981 [ForkJoinPool-3-worker-9] INFO  o.o.b.p.a.PullFromAggregateTracker - Pull Formulário da Vigilancia Comunitaria - Skipping submission 826 of 1299: already downloaded
2025-12-30 01:48:12,981 [ForkJoinPool-3-worker-11] INFO  o.o.b.p.a.PullFromAggregateTracker - Pull Formulário da Vigilancia Hospitalar - Skipping submission 454 of 601: already downloaded
2025-12-30 01:48:12,981 [ForkJoinPool-3-worker-13] INFO  o.o.b.p.a.PullFromAggregateTracker - Pull Formulário da Vigilancia Comunitaria - Skipping submission 828 of 1299: already downloaded
2025-12-30 01:48:12,981 [ForkJoinPool-3-worker-11] INFO  o.o.b.p.a.PullFromAggregateTracker - Pull Formulário da Vigilancia Hospitalar - Skipping submission 455 of 601: already downloaded
2025-12-30 01:48:12,981 [ForkJoinPool-3-worker-8] INFO  o.o.b.p.a.PullFromAggregateTracker - Pull Formulário da Vigilancia Comunitaria - Skipping submission 824 of 1299: already downloaded
2025-12-30 01:48:12,982 [ForkJoinPool-3-worker-13] INFO  o.o.b.p.a.PullFromAggregateTracker - Pull Formulário da Vigilancia Comunitaria - Skipping submission 830 of 1299: already downloaded
2025-12-30 01:48:12,982 [ForkJoinPool-3-worker-9] INFO  o.o.b.p.a.PullFromAggregateTracker - Pull Formulário da Vigilancia Comunitaria - Skipping submission 829 of 1299: already downloaded
2025-12-30 01:48:12,983 [ForkJoinPool-3-worker-11] INFO  o.o.b.p.a.PullFromAggregateTracker - Pull Formulário da Vigilancia Hospitalar - Skipping submission 456 of 601: already downloaded
2025-12-30 01:48:12,984 [ForkJoinPool-3-worker-11] INFO  o.o.b.p.a.PullFromAggregateTracker - Pull Formulário da Vigilancia Hospitalar - Skipping submission 457 of 601: already downloaded
2025-12-30 01:48:12,984 [ForkJoinPool-3-worker-11] INFO  o.o.b.p.a.PullFromAggregateTracker - Pull Formulário da Vigilancia Hospitalar - Skipping submission 458 of 601: already downloaded
2025-12-30 01:48:12,984 [ForkJoinPool-3-worker-11] INFO  o.o.b.p.a.PullFromAggregateTracker - Pull Formulário da Vigilancia Hospitalar - Skipping submission 459 of 601: already downloaded
2025-12-30 01:48:12,986 [ForkJoinPool-3-worker-13] INFO  o.o.b.p.a.PullFromAggregateTracker - Pull Formulário da Vigilancia Comunitaria - Skipping submission 832 of 1299: already downloaded
2025-12-30 01:48:12,987 [ForkJoinPool-3-worker-11] INFO  o.o.b.p.a.PullFromAggregateTracker - Pull Formulário da Vigilancia Hospitalar - Skipping submission 460 of 601: already downloaded
2025-12-30 01:48:12,987 [ForkJoinPool-3-worker-8] INFO  o.o.b.p.a.PullFromAggregateTracker - Pull Formulário da Vigilancia Comunitaria - Skipping submission 831 of 1299: already downloaded
2025-12-30 01:48:12,987 [ForkJoinPool-3-worker-13] INFO  o.o.b.p.a.PullFromAggregateTracker - Pull Formulário da Vigilancia Comunitaria - Skipping submission 834 of 1299: already downloaded
2025-12-30 01:48:12,987 [ForkJoinPool-3-worker-11] INFO  o.o.b.p.a.PullFromAggregateTracker - Pull Formulário da Vigilancia Hospitalar - Skipping submission 461 of 601: already downloaded
2025-12-30 01:48:12,988 [ForkJoinPool-3-worker-9] INFO  o.o.b.p.a.PullFromAggregateTracker - Pull Formulário da Vigilancia Comunitaria - Skipping submission 833 of 1299: already downloaded
2025-12-30 01:48:12,989 [ForkJoinPool-3-worker-11] INFO  o.o.b.p.a.PullFromAggregateTracker - Pull Formulário da Vigilancia Hospitalar - Skipping submission 462 of 601: already downloaded
2025-12-30 01:48:12,989 [ForkJoinPool-3-worker-13] INFO  o.o.b.p.a.PullFromAggregateTracker - Pull Formulário da Vigilancia Comunitaria - Skipping submission 836 of 1299: already downloaded
2025-12-30 01:48:12,989 [ForkJoinPool-3-worker-11] INFO  o.o.b.p.a.PullFromAggregateTracker - Pull Formulário da Vigilancia Hospitalar - Skipping submission 463 of 601: already downloaded
2025-12-30 01:48:12,995 [ForkJoinPool-3-worker-11] INFO  o.o.b.p.a.PullFromAggregateTracker - Pull Formulário da Vigilancia Hospitalar - Skipping submission 464 of 601: already downloaded
2025-12-30 01:48:12,995 [ForkJoinPool-3-worker-13] INFO  o.o.b.p.a.PullFromAggregateTracker - Pull Formulário da Vigilancia Comunitaria - Skipping submission 838 of 1299: already downloaded
2025-12-30 01:48:12,997 [ForkJoinPool-3-worker-8] INFO  o.o.b.p.a.PullFromAggregateTracker - Pull Formulário da Vigilancia Comunitaria - Skipping submission 835 of 1299: already downloaded
2025-12-30 01:48:12,997 [ForkJoinPool-3-worker-11] INFO  o.o.b.p.a.PullFromAggregateTracker - Pull Formulário da Vigilancia Hospitalar - Skipping submission 465 of 601: already downloaded
2025-12-30 01:48:12,997 [ForkJoinPool-3-worker-13] INFO  o.o.b.p.a.PullFromAggregateTracker - Pull Formulário da Vigilancia Comunitaria - Skipping submission 839 of 1299: already downloaded
2025-12-30 01:48:12,997 [ForkJoinPool-3-worker-11] INFO  o.o.b.p.a.PullFromAggregateTracker - Pull Formulário da Vigilancia Hospitalar - Skipping submission 466 of 601: already downloaded
2025-12-30 01:48:13,004 [ForkJoinPool-3-worker-11] INFO  o.o.b.p.a.PullFromAggregateTracker - Pull Formulário da Vigilancia Hospitalar - Skipping submission 467 of 601: already downloaded
2025-12-30 01:48:13,005 [ForkJoinPool-3-worker-13] INFO  o.o.b.p.a.PullFromAggregateTracker - Pull Formulário da Vigilancia Comunitaria - Skipping submission 841 of 1299: already downloaded
2025-12-30 01:48:13,005 [ForkJoinPool-3-worker-9] INFO  o.o.b.p.a.PullFromAggregateTracker - Pull Formulário da Vigilancia Comunitaria - Skipping submission 837 of 1299: already downloaded
2025-12-30 01:48:13,008 [ForkJoinPool-3-worker-8] INFO  o.o.b.p.a.PullFromAggregateTracker - Pull Formulário da Vigilancia Comunitaria - Skipping submission 840 of 1299: already downloaded
2025-12-30 01:48:13,008 [ForkJoinPool-3-worker-9] INFO  o.o.b.p.a.PullFromAggregateTracker - Pull Formulário da Vigilancia Comunitaria - Skipping submission 843 of 1299: already downloaded
2025-12-30 01:48:13,008 [ForkJoinPool-3-worker-11] INFO  o.o.b.p.a.PullFromAggregateTracker - Pull Formulário da Vigilancia Hospitalar - Skipping submission 468 of 601: already downloaded
2025-12-30 01:48:13,014 [ForkJoinPool-3-worker-13] INFO  o.o.b.p.a.PullFromAggregateTracker - Pull Formulário da Vigilancia Comunitaria - Skipping submission 842 of 1299: already downloaded
2025-12-30 01:48:13,014 [ForkJoinPool-3-worker-9] INFO  o.o.b.p.a.PullFromAggregateTracker - Pull Formulário da Vigilancia Comunitaria - Skipping submission 845 of 1299: already downloaded
2025-12-30 01:48:13,015 [ForkJoinPool-3-worker-11] INFO  o.o.b.p.a.PullFromAggregateTracker - Pull Formulário da Vigilancia Hospitalar - Skipping submission 469 of 601: already downloaded
2025-12-30 01:48:13,015 [ForkJoinPool-3-worker-8] INFO  o.o.b.p.a.PullFromAggregateTracker - Pull Formulário da Vigilancia Comunitaria - Skipping submission 844 of 1299: already downloaded
2025-12-30 01:48:13,016 [ForkJoinPool-3-worker-11] INFO  o.o.b.p.a.PullFromAggregateTracker - Pull Formulário da Vigilancia Hospitalar - Skipping submission 470 of 601: already downloaded
2025-12-30 01:48:13,019 [ForkJoinPool-3-worker-13] INFO  o.o.b.p.a.PullFromAggregateTracker - Pull Formulário da Vigilancia Comunitaria - Skipping submission 846 of 1299: already downloaded
2025-12-30 01:48:13,016 [ForkJoinPool-3-worker-9] INFO  o.o.b.p.a.PullFromAggregateTracker - Pull Formulário da Vigilancia Comunitaria - Skipping submission 847 of 1299: already downloaded
2025-12-30 01:48:13,021 [ForkJoinPool-3-worker-8] INFO  o.o.b.p.a.PullFromAggregateTracker - Pull Formulário da Vigilancia Comunitaria - Skipping submission 848 of 1299: already downloaded
2025-12-30 01:48:13,021 [ForkJoinPool-3-worker-11] INFO  o.o.b.p.a.PullFromAggregateTracker - Pull Formulário da Vigilancia Hospitalar - Skipping submission 471 of 601: already downloaded
2025-12-30 01:48:13,023 [ForkJoinPool-3-worker-9] INFO  o.o.b.p.a.PullFromAggregateTracker - Pull Formulário da Vigilancia Comunitaria - Skipping submission 850 of 1299: already downloaded
2025-12-30 01:48:13,024 [ForkJoinPool-3-worker-11] INFO  o.o.b.p.a.PullFromAggregateTracker - Pull Formulário da Vigilancia Hospitalar - Skipping submission 472 of 601: already downloaded
2025-12-30 01:48:13,025 [ForkJoinPool-3-worker-9] INFO  o.o.b.p.a.PullFromAggregateTracker - Pull Formulário da Vigilancia Comunitaria - Skipping submission 852 of 1299: already downloaded
2025-12-30 01:48:13,024 [ForkJoinPool-3-worker-8] INFO  o.o.b.p.a.PullFromAggregateTracker - Pull Formulário da Vigilancia Comunitaria - Skipping submission 851 of 1299: already downloaded
2025-12-30 01:48:13,023 [ForkJoinPool-3-worker-13] INFO  o.o.b.p.a.PullFromAggregateTracker - Pull Formulário da Vigilancia Comunitaria - Skipping submission 849 of 1299: already downloaded
2025-12-30 01:48:13,029 [ForkJoinPool-3-worker-11] INFO  o.o.b.p.a.PullFromAggregateTracker - Pull Formulário da Vigilancia Hospitalar - Skipping submission 473 of 601: already downloaded
2025-12-30 01:48:13,032 [ForkJoinPool-3-worker-9] INFO  o.o.b.p.a.PullFromAggregateTracker - Pull Formulário da Vigilancia Comunitaria - Skipping submission 853 of 1299: already downloaded
2025-12-30 01:48:13,033 [ForkJoinPool-3-worker-13] INFO  o.o.b.p.a.PullFromAggregateTracker - Pull Formulário da Vigilancia Comunitaria - Skipping submission 855 of 1299: already downloaded
2025-12-30 01:48:13,033 [ForkJoinPool-3-worker-8] INFO  o.o.b.p.a.PullFromAggregateTracker - Pull Formulário da Vigilancia Comunitaria - Skipping submission 854 of 1299: already downloaded
2025-12-30 01:48:13,035 [ForkJoinPool-3-worker-13] INFO  o.o.b.p.a.PullFromAggregateTracker - Pull Formulário da Vigilancia Comunitaria - Skipping submission 857 of 1299: already downloaded
2025-12-30 01:48:13,040 [ForkJoinPool-3-worker-13] INFO  o.o.b.p.a.PullFromAggregateTracker - Pull Formulário da Vigilancia Comunitaria - Skipping submission 859 of 1299: already downloaded
2025-12-30 01:48:13,046 [ForkJoinPool-3-worker-11] INFO  o.o.b.p.a.PullFromAggregateTracker - Pull Formulário da Vigilancia Hospitalar - Skipping submission 474 of 601: already downloaded
2025-12-30 01:48:13,046 [ForkJoinPool-3-worker-11] INFO  o.o.b.p.a.PullFromAggregateTracker - Pull Formulário da Vigilancia Hospitalar - Skipping submission 475 of 601: already downloaded
2025-12-30 01:48:13,048 [ForkJoinPool-3-worker-9] INFO  o.o.b.p.a.PullFromAggregateTracker - Pull Formulário da Vigilancia Comunitaria - Skipping submission 856 of 1299: already downloaded
2025-12-30 01:48:13,049 [ForkJoinPool-3-worker-11] INFO  o.o.b.p.a.PullFromAggregateTracker - Pull Formulário da Vigilancia Hospitalar - Skipping submission 476 of 601: already downloaded
2025-12-30 01:48:13,054 [ForkJoinPool-3-worker-13] INFO  o.o.b.p.a.PullFromAggregateTracker - Pull Formulário da Vigilancia Comunitaria - Skipping submission 860 of 1299: already downloaded
2025-12-30 01:48:13,055 [ForkJoinPool-3-worker-11] INFO  o.o.b.p.a.PullFromAggregateTracker - Pull Formulário da Vigilancia Hospitalar - Skipping submission 477 of 601: already downloaded
2025-12-30 01:48:13,061 [ForkJoinPool-3-worker-11] INFO  o.o.b.p.a.PullFromAggregateTracker - Pull Formulário da Vigilancia Hospitalar - Skipping submission 478 of 601: already downloaded
2025-12-30 01:48:13,062 [ForkJoinPool-3-worker-13] INFO  o.o.b.p.a.PullFromAggregateTracker - Pull Formulário da Vigilancia Comunitaria - Skipping submission 862 of 1299: already downloaded
2025-12-30 01:48:13,063 [ForkJoinPool-3-worker-11] INFO  o.o.b.p.a.PullFromAggregateTracker - Pull Formulário da Vigilancia Hospitalar - Skipping submission 479 of 601: already downloaded
2025-12-30 01:48:13,063 [ForkJoinPool-3-worker-8] INFO  o.o.b.p.a.PullFromAggregateTracker - Pull Formulário da Vigilancia Comunitaria - Skipping submission 858 of 1299: already downloaded
2025-12-30 01:48:13,063 [ForkJoinPool-3-worker-11] INFO  o.o.b.p.a.PullFromAggregateTracker - Pull Formulário da Vigilancia Hospitalar - Skipping submission 480 of 601: already downloaded
2025-12-30 01:48:13,064 [ForkJoinPool-3-worker-13] INFO  o.o.b.p.a.PullFromAggregateTracker - Pull Formulário da Vigilancia Comunitaria - Skipping submission 863 of 1299: already downloaded
2025-12-30 01:48:13,065 [ForkJoinPool-3-worker-9] INFO  o.o.b.p.a.PullFromAggregateTracker - Pull Formulário da Vigilancia Comunitaria - Skipping submission 861 of 1299: already downloaded
2025-12-30 01:48:13,070 [ForkJoinPool-3-worker-15] INFO  o.o.b.p.a.PullFromAggregateTracker - Pull Formulário da Vigilancia Hospitalar - Submission 362 of 1156 downloaded
2025-12-30 01:48:13,070 [ForkJoinPool-3-worker-11] INFO  o.o.b.p.a.PullFromAggregateTracker - Pull Formulário da Vigilancia Hospitalar - Skipping submission 481 of 601: already downloaded
2025-12-30 01:48:13,073 [ForkJoinPool-3-worker-11] INFO  o.o.b.p.a.PullFromAggregateTracker - Pull Formulário da Vigilancia Hospitalar - Skipping submission 482 of 601: already downloaded
2025-12-30 01:48:13,073 [ForkJoinPool-3-worker-11] INFO  o.o.b.p.a.PullFromAggregateTracker - Pull Formulário da Vigilancia Hospitalar - Skipping submission 483 of 601: already downloaded
2025-12-30 01:48:13,066 [ForkJoinPool-3-worker-13] INFO  o.o.b.p.a.PullFromAggregateTracker - Pull Formulário da Vigilancia Comunitaria - Skipping submission 865 of 1299: already downloaded
2025-12-30 01:48:13,068 [ForkJoinPool-3-worker-10] INFO  o.o.b.p.a.PullFromAggregateTracker - Pull Formulário da Vigilancia Hospitalar - Laboratório - Submission 204 of 642 downloaded
2025-12-30 01:48:13,072 [ForkJoinPool-3-worker-9] INFO  o.o.b.p.a.PullFromAggregateTracker - Pull Formulário da Vigilancia Comunitaria - Skipping submission 866 of 1299: already downloaded
2025-12-30 01:48:13,070 [ForkJoinPool-3-worker-8] INFO  o.o.b.p.a.PullFromAggregateTracker - Pull Formulário da Vigilancia Comunitaria - Skipping submission 864 of 1299: already downloaded
2025-12-30 01:48:13,079 [ForkJoinPool-3-worker-11] INFO  o.o.b.p.a.PullFromAggregateTracker - Pull Formulário da Vigilancia Hospitalar - Skipping submission 484 of 601: already downloaded
2025-12-30 01:48:13,081 [ForkJoinPool-3-worker-10] INFO  o.o.b.p.a.PullFromAggregateTracker - Pull Formulário da Vigilancia Hospitalar - Laboratório - Start downloading submission 205 of 642
2025-12-30 01:48:13,081 [ForkJoinPool-3-worker-11] INFO  o.o.b.p.a.PullFromAggregateTracker - Pull Formulário da Vigilancia Hospitalar - Skipping submission 485 of 601: already downloaded
2025-12-30 01:48:13,091 [ForkJoinPool-3-worker-13] INFO  o.o.b.p.a.PullFromAggregateTracker - Pull Formulário da Vigilancia Comunitaria - Skipping submission 867 of 1299: already downloaded
2025-12-30 01:48:13,091 [ForkJoinPool-3-worker-8] INFO  o.o.b.p.a.PullFromAggregateTracker - Pull Formulário da Vigilancia Comunitaria - Skipping submission 869 of 1299: already downloaded
2025-12-30 01:48:13,094 [ForkJoinPool-3-worker-9] INFO  o.o.b.p.a.PullFromAggregateTracker - Pull Formulário da Vigilancia Comunitaria - Skipping submission 868 of 1299: already downloaded
2025-12-30 01:48:13,096 [ForkJoinPool-3-worker-15] INFO  o.o.b.p.a.PullFromAggregateTracker - Pull Formulário da Vigilancia Hospitalar - Start downloading submission 363 of 1156
2025-12-30 01:48:13,097 [ForkJoinPool-3-worker-11] INFO  o.o.b.p.a.PullFromAggregateTracker - Pull Formulário da Vigilancia Hospitalar - Skipping submission 486 of 601: already downloaded
2025-12-30 01:48:13,104 [ForkJoinPool-3-worker-9] INFO  o.o.b.p.a.PullFromAggregateTracker - Pull Formulário da Vigilancia Comunitaria - Skipping submission 872 of 1299: already downloaded
2025-12-30 01:48:13,106 [ForkJoinPool-3-worker-11] INFO  o.o.b.p.a.PullFromAggregateTracker - Pull Formulário da Vigilancia Hospitalar - Skipping submission 487 of 601: already downloaded
2025-12-30 01:48:13,106 [ForkJoinPool-3-worker-8] INFO  o.o.b.p.a.PullFromAggregateTracker - Pull Formulário da Vigilancia Comunitaria - Skipping submission 871 of 1299: already downloaded
2025-12-30 01:48:13,108 [ForkJoinPool-3-worker-13] INFO  o.o.b.p.a.PullFromAggregateTracker - Pull Formulário da Vigilancia Comunitaria - Skipping submission 870 of 1299: already downloaded
2025-12-30 01:48:13,113 [ForkJoinPool-3-worker-9] INFO  o.o.b.p.a.PullFromAggregateTracker - Pull Formulário da Vigilancia Comunitaria - Skipping submission 873 of 1299: already downloaded
2025-12-30 01:48:13,113 [ForkJoinPool-3-worker-8] INFO  o.o.b.p.a.PullFromAggregateTracker - Pull Formulário da Vigilancia Comunitaria - Skipping submission 874 of 1299: already downloaded
2025-12-30 01:48:13,114 [ForkJoinPool-3-worker-2] INFO  o.o.b.p.a.PullFromAggregateTracker - Pull Formulário da Vigilancia Hospitalar - Laboratório - Submission 23 of 74 downloaded
2025-12-30 01:48:13,120 [ForkJoinPool-3-worker-8] INFO  o.o.b.p.a.PullFromAggregateTracker - Pull Formulário da Vigilancia Comunitaria - Skipping submission 877 of 1299: already downloaded
2025-12-30 01:48:13,119 [ForkJoinPool-3-worker-9] INFO  o.o.b.p.a.PullFromAggregateTracker - Pull Formulário da Vigilancia Comunitaria - Skipping submission 875 of 1299: already downloaded
2025-12-30 01:48:13,116 [ForkJoinPool-3-worker-11] INFO  o.o.b.p.a.PullFromAggregateTracker - Pull Formulário da Vigilancia Hospitalar - Skipping submission 488 of 601: already downloaded
2025-12-30 01:48:13,114 [ForkJoinPool-3-worker-13] INFO  o.o.b.p.a.PullFromAggregateTracker - Pull Formulário da Vigilancia Comunitaria - Skipping submission 876 of 1299: already downloaded
2025-12-30 01:48:13,122 [ForkJoinPool-3-worker-11] INFO  o.o.b.p.a.PullFromAggregateTracker - Pull Formulário da Vigilancia Hospitalar - Skipping submission 489 of 601: already downloaded
2025-12-30 01:48:13,122 [ForkJoinPool-3-worker-2] INFO  o.o.b.p.a.PullFromAggregateTracker - Pull Formulário da Vigilancia Hospitalar - Laboratório - Start downloading submission 25 of 74
2025-12-30 01:48:13,133 [ForkJoinPool-3-worker-11] INFO  o.o.b.p.a.PullFromAggregateTracker - Pull Formulário da Vigilancia Hospitalar - Skipping submission 490 of 601: already downloaded
2025-12-30 01:48:13,138 [ForkJoinPool-3-worker-8] INFO  o.o.b.p.a.PullFromAggregateTracker - Pull Formulário da Vigilancia Comunitaria - Skipping submission 878 of 1299: already downloaded
2025-12-30 01:48:13,145 [ForkJoinPool-3-worker-4] INFO  o.o.b.p.a.PullFromAggregateTracker - Pull Formulário da Vigilancia Hospitalar - Laboratório - Submission 24 of 74 downloaded
2025-12-30 01:48:13,149 [ForkJoinPool-3-worker-13] INFO  o.o.b.p.a.PullFromAggregateTracker - Pull Formulário da Vigilancia Comunitaria - Skipping submission 880 of 1299: already downloaded
2025-12-30 01:48:13,149 [ForkJoinPool-3-worker-1] INFO  o.o.b.p.a.PullFromAggregateTracker - Pull Formulário da Vigilancia Comunitaria - Submission 93 of 258 downloaded
2025-12-30 01:48:13,149 [ForkJoinPool-3-worker-9] INFO  o.o.b.p.a.PullFromAggregateTracker - Pull Formulário da Vigilancia Comunitaria - Skipping submission 879 of 1299: already downloaded
2025-12-30 01:48:13,152 [ForkJoinPool-3-worker-13] INFO  o.o.b.p.a.PullFromAggregateTracker - Pull Formulário da Vigilancia Comunitaria - Skipping submission 882 of 1299: already downloaded
2025-12-30 01:48:13,157 [ForkJoinPool-3-worker-3] INFO  o.o.b.p.a.PullFromAggregateTracker - Pull Formulário da Vigilancia Hospitalar - Submission 73 of 250 downloaded
2025-12-30 01:48:13,155 [ForkJoinPool-3-worker-4] INFO  o.o.b.p.a.PullFromAggregateTracker - Pull Formulário da Vigilancia Hospitalar - Laboratório - Start downloading submission 26 of 74
2025-12-30 01:48:13,152 [ForkJoinPool-3-worker-8] INFO  o.o.b.p.a.PullFromAggregateTracker - Pull Formulário da Vigilancia Comunitaria - Skipping submission 881 of 1299: already downloaded
2025-12-30 01:48:13,160 [ForkJoinPool-3-worker-9] INFO  o.o.b.p.a.PullFromAggregateTracker - Pull Formulário da Vigilancia Comunitaria - Skipping submission 883 of 1299: already downloaded
2025-12-30 01:48:13,160 [ForkJoinPool-3-worker-8] INFO  o.o.b.p.a.PullFromAggregateTracker - Pull Formulário da Vigilancia Comunitaria - Skipping submission 884 of 1299: already downloaded
2025-12-30 01:48:13,160 [ForkJoinPool-3-worker-9] INFO  o.o.b.p.a.PullFromAggregateTracker - Pull Formulário da Vigilancia Comunitaria - Skipping submission 885 of 1299: already downloaded
2025-12-30 01:48:13,162 [ForkJoinPool-3-worker-9] INFO  o.o.b.p.a.PullFromAggregateTracker - Pull Formulário da Vigilancia Comunitaria - Skipping submission 886 of 1299: already downloaded
2025-12-30 01:48:13,162 [ForkJoinPool-3-worker-3] INFO  o.o.b.p.a.PullFromAggregateTracker - Pull Formulário da Vigilancia Hospitalar - Start downloading submission 74 of 250
2025-12-30 01:48:13,162 [ForkJoinPool-3-worker-11] INFO  o.o.b.p.a.PullFromAggregateTracker - Pull Formulário da Vigilancia Hospitalar - Skipping submission 491 of 601: already downloaded
2025-12-30 01:48:13,166 [ForkJoinPool-3-worker-1] INFO  o.o.b.p.a.PullFromAggregateTracker - Pull Formulário da Vigilancia Comunitaria - Skipping submission 94 of 258: already downloaded
2025-12-30 01:48:13,166 [ForkJoinPool-3-worker-9] INFO  o.o.b.p.a.PullFromAggregateTracker - Pull Formulário da Vigilancia Comunitaria - Skipping submission 887 of 1299: already downloaded
2025-12-30 01:48:13,172 [ForkJoinPool-3-worker-11] INFO  o.o.b.p.a.PullFromAggregateTracker - Pull Formulário da Vigilancia Hospitalar - Skipping submission 492 of 601: already downloaded
2025-12-30 01:48:13,170 [ForkJoinPool-3-worker-1] INFO  o.o.b.p.a.PullFromAggregateTracker - Pull Formulário da Vigilancia Comunitaria - Skipping submission 95 of 258: already downloaded
2025-12-30 01:48:13,170 [ForkJoinPool-3-worker-13] INFO  o.o.b.p.a.PullFromAggregateTracker - Pull Formulário da Vigilancia Comunitaria - Skipping submission 888 of 1299: already downloaded
2025-12-30 01:48:13,175 [ForkJoinPool-3-worker-9] INFO  o.o.b.p.a.PullFromAggregateTracker - Pull Formulário da Vigilancia Comunitaria - Skipping submission 889 of 1299: already downloaded
2025-12-30 01:48:13,173 [ForkJoinPool-3-worker-11] INFO  o.o.b.p.a.PullFromAggregateTracker - Pull Formulário da Vigilancia Hospitalar - Skipping submission 493 of 601: already downloaded
2025-12-30 01:48:13,173 [ForkJoinPool-3-worker-6] INFO  o.o.b.p.a.PullFromAggregateTracker - Pull Resultados de testagem das vigilâncias - Submission 14 of 15 downloaded
2025-12-30 01:48:13,176 [ForkJoinPool-3-worker-11] INFO  o.o.b.p.a.PullFromAggregateTracker - Pull Formulário da Vigilancia Hospitalar - Skipping submission 494 of 601: already downloaded
2025-12-30 01:48:13,176 [ForkJoinPool-3-worker-13] INFO  o.o.b.p.a.PullFromAggregateTracker - Pull Formulário da Vigilancia Comunitaria - Skipping submission 891 of 1299: already downloaded
2025-12-30 01:48:13,176 [ForkJoinPool-3-worker-8] INFO  o.o.b.p.a.PullFromAggregateTracker - Pull Formulário da Vigilancia Comunitaria - Skipping submission 890 of 1299: already downloaded
2025-12-30 01:48:13,178 [ForkJoinPool-3-worker-8] INFO  o.o.b.p.a.PullFromAggregateTracker - Pull Formulário da Vigilancia Comunitaria - Skipping submission 894 of 1299: already downloaded
2025-12-30 01:48:13,178 [ForkJoinPool-3-worker-8] INFO  o.o.b.p.a.PullFromAggregateTracker - Pull Formulário da Vigilancia Comunitaria - Skipping submission 895 of 1299: already downloaded
2025-12-30 01:48:13,178 [ForkJoinPool-3-worker-8] INFO  o.o.b.p.a.PullFromAggregateTracker - Pull Formulário da Vigilancia Comunitaria - Skipping submission 896 of 1299: already downloaded
2025-12-30 01:48:13,182 [ForkJoinPool-3-worker-11] INFO  o.o.b.p.a.PullFromAggregateTracker - Pull Formulário da Vigilancia Hospitalar - Skipping submission 495 of 601: already downloaded
2025-12-30 01:48:13,182 [ForkJoinPool-3-worker-11] INFO  o.o.b.p.a.PullFromAggregateTracker - Pull Formulário da Vigilancia Hospitalar - Skipping submission 496 of 601: already downloaded
2025-12-30 01:48:13,183 [ForkJoinPool-3-worker-1] INFO  o.o.b.p.a.PullFromAggregateTracker - Pull Formulário da Vigilancia Comunitaria - Skipping submission 96 of 258: already downloaded
2025-12-30 01:48:13,183 [ForkJoinPool-3-worker-6] INFO  o.o.b.p.a.PullFromAggregateTracker - Pull Resultados de testagem das vigilâncias - Start downloading submission 15 of 15
2025-12-30 01:48:13,185 [ForkJoinPool-3-worker-1] INFO  o.o.b.p.a.PullFromAggregateTracker - Pull Formulário da Vigilancia Comunitaria - Skipping submission 97 of 258: already downloaded
2025-12-30 01:48:13,187 [ForkJoinPool-3-worker-8] INFO  o.o.b.p.a.PullFromAggregateTracker - Pull Formulário da Vigilancia Comunitaria - Skipping submission 897 of 1299: already downloaded
2025-12-30 01:48:13,187 [ForkJoinPool-3-worker-11] INFO  o.o.b.p.a.PullFromAggregateTracker - Pull Formulário da Vigilancia Hospitalar - Skipping submission 497 of 601: already downloaded
2025-12-30 01:48:13,187 [ForkJoinPool-3-worker-13] INFO  o.o.b.p.a.PullFromAggregateTracker - Pull Formulário da Vigilancia Comunitaria - Skipping submission 893 of 1299: already downloaded
2025-12-30 01:48:13,189 [ForkJoinPool-3-worker-13] INFO  o.o.b.p.a.PullFromAggregateTracker - Pull Formulário da Vigilancia Comunitaria - Skipping submission 899 of 1299: already downloaded
2025-12-30 01:48:13,189 [ForkJoinPool-3-worker-9] INFO  o.o.b.p.a.PullFromAggregateTracker - Pull Formulário da Vigilancia Comunitaria - Skipping submission 892 of 1299: already downloaded
2025-12-30 01:48:13,190 [ForkJoinPool-3-worker-11] INFO  o.o.b.p.a.PullFromAggregateTracker - Pull Formulário da Vigilancia Hospitalar - Skipping submission 498 of 601: already downloaded
2025-12-30 01:48:13,190 [ForkJoinPool-3-worker-13] INFO  o.o.b.p.a.PullFromAggregateTracker - Pull Formulário da Vigilancia Comunitaria - Skipping submission 900 of 1299: already downloaded
2025-12-30 01:48:13,190 [ForkJoinPool-3-worker-11] INFO  o.o.b.p.a.PullFromAggregateTracker - Pull Formulário da Vigilancia Hospitalar - Skipping submission 499 of 601: already downloaded
2025-12-30 01:48:13,190 [ForkJoinPool-3-worker-11] INFO  o.o.b.p.a.PullFromAggregateTracker - Pull Formulário da Vigilancia Hospitalar - Skipping submission 500 of 601: already downloaded
2025-12-30 01:48:13,190 [ForkJoinPool-3-worker-13] INFO  o.o.b.p.a.PullFromAggregateTracker - Pull Formulário da Vigilancia Comunitaria - Skipping submission 902 of 1299: already downloaded
2025-12-30 01:48:13,190 [ForkJoinPool-3-worker-1] INFO  o.o.b.p.a.PullFromAggregateTracker - Pull Formulário da Vigilancia Comunitaria - Skipping submission 98 of 258: already downloaded
2025-12-30 01:48:13,190 [ForkJoinPool-3-worker-11] INFO  o.o.b.p.a.PullFromAggregateTracker - Pull Formulário da Vigilancia Hospitalar - Skipping submission 501 of 601: already downloaded
2025-12-30 01:48:13,190 [ForkJoinPool-3-worker-8] INFO  o.o.b.p.a.PullFromAggregateTracker - Pull Formulário da Vigilancia Comunitaria - Skipping submission 898 of 1299: already downloaded
2025-12-30 01:48:13,190 [ForkJoinPool-3-worker-1] INFO  o.o.b.p.a.PullFromAggregateTracker - Pull Formulário da Vigilancia Comunitaria - Skipping submission 99 of 258: already downloaded
2025-12-30 01:48:13,192 [ForkJoinPool-3-worker-8] INFO  o.o.b.p.a.PullFromAggregateTracker - Pull Formulário da Vigilancia Comunitaria - Skipping submission 904 of 1299: already downloaded
2025-12-30 01:48:13,192 [ForkJoinPool-3-worker-1] INFO  o.o.b.p.a.PullFromAggregateTracker - Pull Formulário da Vigilancia Comunitaria - Skipping submission 100 of 258: already downloaded
2025-12-30 01:48:13,193 [ForkJoinPool-3-worker-8] INFO  o.o.b.p.a.PullFromAggregateTracker - Pull Formulário da Vigilancia Comunitaria - Skipping submission 905 of 1299: already downloaded
2025-12-30 01:48:13,194 [ForkJoinPool-3-worker-1] INFO  o.o.b.p.a.PullFromAggregateTracker - Pull Formulário da Vigilancia Comunitaria - Skipping submission 101 of 258: already downloaded
2025-12-30 01:48:13,197 [ForkJoinPool-3-worker-8] INFO  o.o.b.p.a.PullFromAggregateTracker - Pull Formulário da Vigilancia Comunitaria - Skipping submission 906 of 1299: already downloaded
2025-12-30 01:48:13,197 [ForkJoinPool-3-worker-13] INFO  o.o.b.p.a.PullFromAggregateTracker - Pull Formulário da Vigilancia Comunitaria - Skipping submission 903 of 1299: already downloaded
2025-12-30 01:48:13,197 [ForkJoinPool-3-worker-9] INFO  o.o.b.p.a.PullFromAggregateTracker - Pull Formulário da Vigilancia Comunitaria - Skipping submission 901 of 1299: already downloaded
2025-12-30 01:48:13,199 [ForkJoinPool-3-worker-8] INFO  o.o.b.p.a.PullFromAggregateTracker - Pull Formulário da Vigilancia Comunitaria - Skipping submission 907 of 1299: already downloaded
2025-12-30 01:48:13,199 [ForkJoinPool-3-worker-8] INFO  o.o.b.p.a.PullFromAggregateTracker - Pull Formulário da Vigilancia Comunitaria - Skipping submission 908 of 1299: already downloaded
2025-12-30 01:48:13,200 [ForkJoinPool-3-worker-8] INFO  o.o.b.p.a.PullFromAggregateTracker - Pull Formulário da Vigilancia Comunitaria - Skipping submission 909 of 1299: already downloaded
2025-12-30 01:48:13,203 [ForkJoinPool-3-worker-1] INFO  o.o.b.p.a.PullFromAggregateTracker - Pull Formulário da Vigilancia Comunitaria - Skipping submission 102 of 258: already downloaded
2025-12-30 01:48:13,205 [ForkJoinPool-3-worker-11] INFO  o.o.b.p.a.PullFromAggregateTracker - Pull Formulário da Vigilancia Hospitalar - Skipping submission 502 of 601: already downloaded
2025-12-30 01:48:13,206 [ForkJoinPool-3-worker-1] INFO  o.o.b.p.a.PullFromAggregateTracker - Pull Formulário da Vigilancia Comunitaria - Skipping submission 103 of 258: already downloaded
2025-12-30 01:48:13,206 [ForkJoinPool-3-worker-1] INFO  o.o.b.p.a.PullFromAggregateTracker - Pull Formulário da Vigilancia Comunitaria - Skipping submission 104 of 258: already downloaded
2025-12-30 01:48:13,206 [ForkJoinPool-3-worker-8] INFO  o.o.b.p.a.PullFromAggregateTracker - Pull Formulário da Vigilancia Comunitaria - Skipping submission 910 of 1299: already downloaded
2025-12-30 01:48:13,206 [ForkJoinPool-3-worker-11] INFO  o.o.b.p.a.PullFromAggregateTracker - Pull Formulário da Vigilancia Hospitalar - Skipping submission 503 of 601: already downloaded
2025-12-30 01:48:13,208 [ForkJoinPool-3-worker-13] INFO  o.o.b.p.a.PullFromAggregateTracker - Pull Formulário da Vigilancia Comunitaria - Skipping submission 912 of 1299: already downloaded
2025-12-30 01:48:13,208 [ForkJoinPool-3-worker-11] INFO  o.o.b.p.a.PullFromAggregateTracker - Pull Formulário da Vigilancia Hospitalar - Skipping submission 504 of 601: already downloaded
2025-12-30 01:48:13,208 [ForkJoinPool-3-worker-9] INFO  o.o.b.p.a.PullFromAggregateTracker - Pull Formulário da Vigilancia Comunitaria - Skipping submission 911 of 1299: already downloaded
2025-12-30 01:48:13,208 [ForkJoinPool-3-worker-11] INFO  o.o.b.p.a.PullFromAggregateTracker - Pull Formulário da Vigilancia Hospitalar - Skipping submission 505 of 601: already downloaded
2025-12-30 01:48:13,208 [ForkJoinPool-3-worker-13] INFO  o.o.b.p.a.PullFromAggregateTracker - Pull Formulário da Vigilancia Comunitaria - Skipping submission 914 of 1299: already downloaded
2025-12-30 01:48:13,209 [ForkJoinPool-3-worker-11] INFO  o.o.b.p.a.PullFromAggregateTracker - Pull Formulário da Vigilancia Hospitalar - Skipping submission 506 of 601: already downloaded
2025-12-30 01:48:13,212 [ForkJoinPool-3-worker-1] INFO  o.o.b.p.a.PullFromAggregateTracker - Pull Formulário da Vigilancia Comunitaria - Skipping submission 105 of 258: already downloaded
2025-12-30 01:48:13,212 [ForkJoinPool-3-worker-11] INFO  o.o.b.p.a.PullFromAggregateTracker - Pull Formulário da Vigilancia Hospitalar - Skipping submission 507 of 601: already downloaded
2025-12-30 01:48:13,213 [ForkJoinPool-3-worker-11] INFO  o.o.b.p.a.PullFromAggregateTracker - Pull Formulário da Vigilancia Hospitalar - Skipping submission 508 of 601: already downloaded
2025-12-30 01:48:13,213 [ForkJoinPool-3-worker-11] INFO  o.o.b.p.a.PullFromAggregateTracker - Pull Formulário da Vigilancia Hospitalar - Skipping submission 509 of 601: already downloaded
2025-12-30 01:48:13,213 [ForkJoinPool-3-worker-11] INFO  o.o.b.p.a.PullFromAggregateTracker - Pull Formulário da Vigilancia Hospitalar - Skipping submission 510 of 601: already downloaded
2025-12-30 01:48:13,215 [ForkJoinPool-3-worker-13] INFO  o.o.b.p.a.PullFromAggregateTracker - Pull Formulário da Vigilancia Comunitaria - Skipping submission 916 of 1299: already downloaded
2025-12-30 01:48:13,215 [ForkJoinPool-3-worker-8] INFO  o.o.b.p.a.PullFromAggregateTracker - Pull Formulário da Vigilancia Comunitaria - Skipping submission 913 of 1299: already downloaded
2025-12-30 01:48:13,215 [ForkJoinPool-3-worker-1] INFO  o.o.b.p.a.PullFromAggregateTracker - Pull Formulário da Vigilancia Comunitaria - Skipping submission 106 of 258: already downloaded
2025-12-30 01:48:13,219 [ForkJoinPool-3-worker-13] INFO  o.o.b.p.a.PullFromAggregateTracker - Pull Formulário da Vigilancia Comunitaria - Skipping submission 917 of 1299: already downloaded
2025-12-30 01:48:13,221 [ForkJoinPool-3-worker-1] INFO  o.o.b.p.a.PullFromAggregateTracker - Pull Formulário da Vigilancia Comunitaria - Skipping submission 107 of 258: already downloaded
2025-12-30 01:48:13,221 [ForkJoinPool-3-worker-11] INFO  o.o.b.p.a.PullFromAggregateTracker - Pull Formulário da Vigilancia Hospitalar - Skipping submission 511 of 601: already downloaded
2025-12-30 01:48:13,221 [ForkJoinPool-3-worker-9] INFO  o.o.b.p.a.PullFromAggregateTracker - Pull Formulário da Vigilancia Comunitaria - Skipping submission 915 of 1299: already downloaded
2025-12-30 01:48:13,221 [ForkJoinPool-3-worker-11] INFO  o.o.b.p.a.PullFromAggregateTracker - Pull Formulário da Vigilancia Hospitalar - Skipping submission 512 of 601: already downloaded
2025-12-30 01:48:13,226 [ForkJoinPool-3-worker-13] INFO  o.o.b.p.a.PullFromAggregateTracker - Pull Formulário da Vigilancia Comunitaria - Skipping submission 919 of 1299: already downloaded
2025-12-30 01:48:13,224 [ForkJoinPool-3-worker-1] INFO  o.o.b.p.a.PullFromAggregateTracker - Pull Formulário da Vigilancia Comunitaria - Skipping submission 108 of 258: already downloaded
2025-12-30 01:48:13,240 [ForkJoinPool-3-worker-8] INFO  o.o.b.p.a.PullFromAggregateTracker - Pull Formulário da Vigilancia Comunitaria - Skipping submission 918 of 1299: already downloaded
2025-12-30 01:48:13,248 [ForkJoinPool-3-worker-13] INFO  o.o.b.p.a.PullFromAggregateTracker - Pull Formulário da Vigilancia Comunitaria - Skipping submission 920 of 1299: already downloaded
2025-12-30 01:48:13,246 [ForkJoinPool-3-worker-1] INFO  o.o.b.p.a.PullFromAggregateTracker - Pull Formulário da Vigilancia Comunitaria - Skipping submission 109 of 258: already downloaded
2025-12-30 01:48:13,250 [ForkJoinPool-3-worker-8] INFO  o.o.b.p.a.PullFromAggregateTracker - Pull Formulário da Vigilancia Comunitaria - Skipping submission 921 of 1299: already downloaded
2025-12-30 01:48:13,248 [ForkJoinPool-3-worker-11] INFO  o.o.b.p.a.PullFromAggregateTracker - Pull Formulário da Vigilancia Hospitalar - Skipping submission 513 of 601: already downloaded
2025-12-30 01:48:13,246 [ForkJoinPool-3-worker-9] INFO  o.o.b.p.a.PullFromAggregateTracker - Pull Formulário da Vigilancia Hospitalar - Skipping submission 364 of 1156: already downloaded
2025-12-30 01:48:13,276 [ForkJoinPool-3-worker-1] INFO  o.o.b.p.a.PullFromAggregateTracker - Pull Formulário da Vigilancia Comunitaria - Skipping submission 110 of 258: already downloaded
2025-12-30 01:48:13,281 [ForkJoinPool-3-worker-8] INFO  o.o.b.p.a.PullFromAggregateTracker - Pull Formulário da Vigilancia Comunitaria - Skipping submission 923 of 1299: already downloaded
2025-12-30 01:48:13,266 [ForkJoinPool-3-worker-13] INFO  o.o.b.p.a.PullFromAggregateTracker - Pull Formulário da Vigilancia Comunitaria - Skipping submission 922 of 1299: already downloaded
2025-12-30 01:48:13,304 [ForkJoinPool-3-worker-11] INFO  o.o.b.p.a.PullFromAggregateTracker - Pull Formulário da Vigilancia Hospitalar - Skipping submission 514 of 601: already downloaded
2025-12-30 01:48:13,315 [ForkJoinPool-3-worker-11] INFO  o.o.b.p.a.PullFromAggregateTracker - Pull Formulário da Vigilancia Hospitalar - Skipping submission 515 of 601: already downloaded
2025-12-30 01:48:13,315 [ForkJoinPool-3-worker-8] INFO  o.o.b.p.a.PullFromAggregateTracker - Pull Formulário da Vigilancia Comunitaria - Skipping submission 924 of 1299: already downloaded
2025-12-30 01:48:13,320 [ForkJoinPool-3-worker-9] INFO  o.o.b.p.a.PullFromAggregateTracker - Pull Formulário da Vigilancia Hospitalar - Skipping submission 365 of 1156: already downloaded
2025-12-30 01:48:13,322 [ForkJoinPool-3-worker-11] INFO  o.o.b.p.a.PullFromAggregateTracker - Pull Formulário da Vigilancia Hospitalar - Skipping submission 516 of 601: already downloaded
2025-12-30 01:48:13,324 [ForkJoinPool-3-worker-11] INFO  o.o.b.p.a.PullFromAggregateTracker - Pull Formulário da Vigilancia Hospitalar - Skipping submission 517 of 601: already downloaded
2025-12-30 01:48:13,324 [ForkJoinPool-3-worker-1] INFO  o.o.b.p.a.PullFromAggregateTracker - Pull Formulário da Vigilancia Comunitaria - Skipping submission 111 of 258: already downloaded
2025-12-30 01:48:13,328 [ForkJoinPool-3-worker-13] INFO  o.o.b.p.a.PullFromAggregateTracker - Pull Formulário da Vigilancia Comunitaria - Skipping submission 925 of 1299: already downloaded
2025-12-30 01:48:13,328 [ForkJoinPool-3-worker-8] INFO  o.o.b.p.a.PullFromAggregateTracker - Pull Formulário da Vigilancia Comunitaria - Skipping submission 926 of 1299: already downloaded
2025-12-30 01:48:13,329 [ForkJoinPool-3-worker-9] INFO  o.o.b.p.a.PullFromAggregateTracker - Pull Formulário da Vigilancia Hospitalar - Skipping submission 366 of 1156: already downloaded
2025-12-30 01:48:13,329 [ForkJoinPool-3-worker-13] INFO  o.o.b.p.a.PullFromAggregateTracker - Pull Formulário da Vigilancia Comunitaria - Skipping submission 927 of 1299: already downloaded
2025-12-30 01:48:13,331 [ForkJoinPool-3-worker-1] INFO  o.o.b.p.a.PullFromAggregateTracker - Pull Formulário da Vigilancia Comunitaria - Skipping submission 112 of 258: already downloaded
2025-12-30 01:48:13,331 [ForkJoinPool-3-worker-11] INFO  o.o.b.p.a.PullFromAggregateTracker - Pull Formulário da Vigilancia Hospitalar - Skipping submission 518 of 601: already downloaded
2025-12-30 01:48:13,332 [ForkJoinPool-3-worker-8] INFO  o.o.b.p.a.PullFromAggregateTracker - Pull Formulário da Vigilancia Comunitaria - Skipping submission 928 of 1299: already downloaded
2025-12-30 01:48:13,332 [ForkJoinPool-3-worker-13] INFO  o.o.b.p.a.PullFromAggregateTracker - Pull Formulário da Vigilancia Comunitaria - Skipping submission 929 of 1299: already downloaded
2025-12-30 01:48:13,332 [ForkJoinPool-3-worker-1] INFO  o.o.b.p.a.PullFromAggregateTracker - Pull Formulário da Vigilancia Comunitaria - Skipping submission 113 of 258: already downloaded
2025-12-30 01:48:13,332 [ForkJoinPool-3-worker-9] INFO  o.o.b.p.a.PullFromAggregateTracker - Pull Formulário da Vigilancia Hospitalar - Skipping submission 367 of 1156: already downloaded
2025-12-30 01:48:13,334 [ForkJoinPool-3-worker-8] INFO  o.o.b.p.a.PullFromAggregateTracker - Pull Formulário da Vigilancia Comunitaria - Skipping submission 930 of 1299: already downloaded
2025-12-30 01:48:13,337 [ForkJoinPool-3-worker-9] INFO  o.o.b.p.a.PullFromAggregateTracker - Pull Formulário da Vigilancia Hospitalar - Skipping submission 368 of 1156: already downloaded
2025-12-30 01:48:13,340 [ForkJoinPool-3-worker-11] INFO  o.o.b.p.a.PullFromAggregateTracker - Pull Formulário da Vigilancia Hospitalar - Skipping submission 519 of 601: already downloaded
2025-12-30 01:48:13,340 [ForkJoinPool-3-worker-13] INFO  o.o.b.p.a.PullFromAggregateTracker - Pull Formulário da Vigilancia Comunitaria - Skipping submission 931 of 1299: already downloaded
2025-12-30 01:48:13,340 [ForkJoinPool-3-worker-1] INFO  o.o.b.p.a.PullFromAggregateTracker - Pull Formulário da Vigilancia Comunitaria - Skipping submission 114 of 258: already downloaded
2025-12-30 01:48:13,343 [ForkJoinPool-3-worker-8] INFO  o.o.b.p.a.PullFromAggregateTracker - Pull Formulário da Vigilancia Comunitaria - Skipping submission 932 of 1299: already downloaded
2025-12-30 01:48:13,345 [ForkJoinPool-3-worker-9] INFO  o.o.b.p.a.PullFromAggregateTracker - Pull Formulário da Vigilancia Hospitalar - Skipping submission 369 of 1156: already downloaded
2025-12-30 01:48:13,345 [ForkJoinPool-3-worker-1] INFO  o.o.b.p.a.PullFromAggregateTracker - Pull Formulário da Vigilancia Comunitaria - Skipping submission 115 of 258: already downloaded
2025-12-30 01:48:13,345 [ForkJoinPool-3-worker-8] INFO  o.o.b.p.a.PullFromAggregateTracker - Pull Formulário da Vigilancia Comunitaria - Skipping submission 934 of 1299: already downloaded
2025-12-30 01:48:13,342 [ForkJoinPool-3-worker-13] INFO  o.o.b.p.a.PullFromAggregateTracker - Pull Formulário da Vigilancia Comunitaria - Skipping submission 933 of 1299: already downloaded
2025-12-30 01:48:13,347 [ForkJoinPool-3-worker-11] INFO  o.o.b.p.a.PullFromAggregateTracker - Pull Formulário da Vigilancia Hospitalar - Skipping submission 520 of 601: already downloaded
2025-12-30 01:48:13,348 [ForkJoinPool-3-worker-11] INFO  o.o.b.p.a.PullFromAggregateTracker - Pull Formulário da Vigilancia Hospitalar - Skipping submission 521 of 601: already downloaded
2025-12-30 01:48:13,348 [ForkJoinPool-3-worker-1] INFO  o.o.b.p.a.PullFromAggregateTracker - Pull Formulário da Vigilancia Comunitaria - Skipping submission 116 of 258: already downloaded
2025-12-30 01:48:13,350 [ForkJoinPool-3-worker-13] INFO  o.o.b.p.a.PullFromAggregateTracker - Pull Formulário da Vigilancia Comunitaria - Skipping submission 935 of 1299: already downloaded
2025-12-30 01:48:13,353 [ForkJoinPool-3-worker-9] INFO  o.o.b.p.a.PullFromAggregateTracker - Pull Formulário da Vigilancia Hospitalar - Skipping submission 370 of 1156: already downloaded
2025-12-30 01:48:13,355 [ForkJoinPool-3-worker-11] INFO  o.o.b.p.a.PullFromAggregateTracker - Pull Formulário da Vigilancia Hospitalar - Skipping submission 522 of 601: already downloaded
2025-12-30 01:48:13,356 [ForkJoinPool-3-worker-13] INFO  o.o.b.p.a.PullFromAggregateTracker - Pull Formulário da Vigilancia Comunitaria - Skipping submission 936 of 1299: already downloaded
2025-12-30 01:48:13,356 [ForkJoinPool-3-worker-11] INFO  o.o.b.p.a.PullFromAggregateTracker - Pull Formulário da Vigilancia Hospitalar - Skipping submission 523 of 601: already downloaded
2025-12-30 01:48:13,357 [ForkJoinPool-3-worker-8] INFO  o.o.b.p.a.PullFromAggregateTracker - Pull Formulário da Vigilancia Comunitaria - Skipping submission 937 of 1299: already downloaded
2025-12-30 01:48:13,357 [ForkJoinPool-3-worker-9] INFO  o.o.b.p.a.PullFromAggregateTracker - Pull Formulário da Vigilancia Hospitalar - Skipping submission 371 of 1156: already downloaded
2025-12-30 01:48:13,357 [ForkJoinPool-3-worker-13] INFO  o.o.b.p.a.PullFromAggregateTracker - Pull Formulário da Vigilancia Comunitaria - Skipping submission 938 of 1299: already downloaded
2025-12-30 01:48:13,357 [ForkJoinPool-3-worker-1] INFO  o.o.b.p.a.PullFromAggregateTracker - Pull Formulário da Vigilancia Comunitaria - Skipping submission 117 of 258: already downloaded
2025-12-30 01:48:13,359 [ForkJoinPool-3-worker-1] INFO  o.o.b.p.a.PullFromAggregateTracker - Pull Formulário da Vigilancia Comunitaria - Skipping submission 118 of 258: already downloaded
2025-12-30 01:48:13,357 [ForkJoinPool-3-worker-11] INFO  o.o.b.p.a.PullFromAggregateTracker - Pull Formulário da Vigilancia Hospitalar - Skipping submission 524 of 601: already downloaded
2025-12-30 01:48:13,362 [ForkJoinPool-3-worker-11] INFO  o.o.b.p.a.PullFromAggregateTracker - Pull Formulário da Vigilancia Hospitalar - Skipping submission 525 of 601: already downloaded
2025-12-30 01:48:13,363 [ForkJoinPool-3-worker-11] INFO  o.o.b.p.a.PullFromAggregateTracker - Pull Formulário da Vigilancia Hospitalar - Skipping submission 526 of 601: already downloaded
2025-12-30 01:48:13,363 [ForkJoinPool-3-worker-1] INFO  o.o.b.p.a.PullFromAggregateTracker - Pull Formulário da Vigilancia Comunitaria - Skipping submission 119 of 258: already downloaded
2025-12-30 01:48:13,363 [ForkJoinPool-3-worker-13] INFO  o.o.b.p.a.PullFromAggregateTracker - Pull Formulário da Vigilancia Comunitaria - Skipping submission 940 of 1299: already downloaded
2025-12-30 01:48:13,363 [ForkJoinPool-3-worker-8] INFO  o.o.b.p.a.PullFromAggregateTracker - Pull Formulário da Vigilancia Comunitaria - Skipping submission 939 of 1299: already downloaded
2025-12-30 01:48:13,366 [ForkJoinPool-3-worker-11] INFO  o.o.b.p.a.PullFromAggregateTracker - Pull Formulário da Vigilancia Hospitalar - Skipping submission 527 of 601: already downloaded
2025-12-30 01:48:13,366 [ForkJoinPool-3-worker-9] INFO  o.o.b.p.a.PullFromAggregateTracker - Pull Formulário da Vigilancia Hospitalar - Skipping submission 372 of 1156: already downloaded
2025-12-30 01:48:13,368 [ForkJoinPool-3-worker-9] INFO  o.o.b.p.a.PullFromAggregateTracker - Pull Formulário da Vigilancia Hospitalar - Skipping submission 373 of 1156: already downloaded
2025-12-30 01:48:13,367 [ForkJoinPool-3-worker-11] INFO  o.o.b.p.a.PullFromAggregateTracker - Pull Formulário da Vigilancia Hospitalar - Skipping submission 528 of 601: already downloaded
2025-12-30 01:48:13,371 [ForkJoinPool-3-worker-13] INFO  o.o.b.p.a.PullFromAggregateTracker - Pull Formulário da Vigilancia Comunitaria - Skipping submission 941 of 1299: already downloaded
2025-12-30 01:48:13,373 [ForkJoinPool-3-worker-11] INFO  o.o.b.p.a.PullFromAggregateTracker - Pull Formulário da Vigilancia Hospitalar - Skipping submission 529 of 601: already downloaded
2025-12-30 01:48:13,374 [ForkJoinPool-3-worker-1] INFO  o.o.b.p.a.PullFromAggregateTracker - Pull Formulário da Vigilancia Comunitaria - Skipping submission 120 of 258: already downloaded
2025-12-30 01:48:13,375 [ForkJoinPool-3-worker-9] INFO  o.o.b.p.a.PullFromAggregateTracker - Pull Formulário da Vigilancia Hospitalar - Skipping submission 374 of 1156: already downloaded
2025-12-30 01:48:13,373 [ForkJoinPool-3-worker-8] INFO  o.o.b.p.a.PullFromAggregateTracker - Pull Formulário da Vigilancia Comunitaria - Skipping submission 942 of 1299: already downloaded
2025-12-30 01:48:13,376 [ForkJoinPool-3-worker-9] INFO  o.o.b.p.a.PullFromAggregateTracker - Pull Formulário da Vigilancia Hospitalar - Skipping submission 375 of 1156: already downloaded
2025-12-30 01:48:13,376 [ForkJoinPool-3-worker-9] INFO  o.o.b.p.a.PullFromAggregateTracker - Pull Formulário da Vigilancia Hospitalar - Skipping submission 376 of 1156: already downloaded
2025-12-30 01:48:13,380 [ForkJoinPool-3-worker-13] INFO  o.o.b.p.a.PullFromAggregateTracker - Pull Formulário da Vigilancia Comunitaria - Skipping submission 943 of 1299: already downloaded
2025-12-30 01:48:13,380 [ForkJoinPool-3-worker-8] INFO  o.o.b.p.a.PullFromAggregateTracker - Pull Formulário da Vigilancia Comunitaria - Skipping submission 944 of 1299: already downloaded
2025-12-30 01:48:13,381 [ForkJoinPool-3-worker-11] INFO  o.o.b.p.a.PullFromAggregateTracker - Pull Formulário da Vigilancia Hospitalar - Skipping submission 530 of 601: already downloaded
2025-12-30 01:48:13,384 [ForkJoinPool-3-worker-1] INFO  o.o.b.p.a.PullFromAggregateTracker - Pull Formulário da Vigilancia Comunitaria - Skipping submission 121 of 258: already downloaded
2025-12-30 01:48:13,397 [ForkJoinPool-3-worker-9] INFO  o.o.b.p.a.PullFromAggregateTracker - Pull Formulário da Vigilancia Hospitalar - Skipping submission 377 of 1156: already downloaded
2025-12-30 01:48:13,398 [ForkJoinPool-3-worker-13] INFO  o.o.b.p.a.PullFromAggregateTracker - Pull Formulário da Vigilancia Comunitaria - Skipping submission 946 of 1299: already downloaded
2025-12-30 01:48:13,397 [ForkJoinPool-3-worker-11] INFO  o.o.b.p.a.PullFromAggregateTracker - Pull Formulário da Vigilancia Hospitalar - Skipping submission 531 of 601: already downloaded
2025-12-30 01:48:13,399 [ForkJoinPool-3-worker-1] INFO  o.o.b.p.a.PullFromAggregateTracker - Pull Formulário da Vigilancia Comunitaria - Skipping submission 122 of 258: already downloaded
2025-12-30 01:48:13,391 [ForkJoinPool-3-worker-8] INFO  o.o.b.p.a.PullFromAggregateTracker - Pull Formulário da Vigilancia Comunitaria - Skipping submission 945 of 1299: already downloaded
2025-12-30 01:48:13,407 [ForkJoinPool-3-worker-13] INFO  o.o.b.p.a.PullFromAggregateTracker - Pull Formulário da Vigilancia Comunitaria - Skipping submission 947 of 1299: already downloaded
2025-12-30 01:48:13,407 [ForkJoinPool-3-worker-1] INFO  o.o.b.p.a.PullFromAggregateTracker - Pull Formulário da Vigilancia Comunitaria - Skipping submission 123 of 258: already downloaded
2025-12-30 01:48:13,407 [ForkJoinPool-3-worker-11] INFO  o.o.b.p.a.PullFromAggregateTracker - Pull Formulário da Vigilancia Hospitalar - Skipping submission 532 of 601: already downloaded
2025-12-30 01:48:13,407 [ForkJoinPool-3-worker-8] INFO  o.o.b.p.a.PullFromAggregateTracker - Pull Formulário da Vigilancia Comunitaria - Skipping submission 948 of 1299: already downloaded
2025-12-30 01:48:13,407 [ForkJoinPool-3-worker-10] INFO  o.o.b.p.a.PullFromAggregateTracker - Pull Formulário da Vigilancia Hospitalar - Laboratório - Submission 205 of 642 downloaded
2025-12-30 01:48:13,407 [ForkJoinPool-3-worker-13] INFO  o.o.b.p.a.PullFromAggregateTracker - Pull Formulário da Vigilancia Comunitaria - Skipping submission 949 of 1299: already downloaded
2025-12-30 01:48:13,407 [ForkJoinPool-3-worker-9] INFO  o.o.b.p.a.PullFromAggregateTracker - Pull Formulário da Vigilancia Hospitalar - Skipping submission 378 of 1156: already downloaded
2025-12-30 01:48:13,411 [ForkJoinPool-3-worker-11] INFO  o.o.b.p.a.PullFromAggregateTracker - Pull Formulário da Vigilancia Hospitalar - Skipping submission 533 of 601: already downloaded
2025-12-30 01:48:13,412 [ForkJoinPool-3-worker-9] INFO  o.o.b.p.a.PullFromAggregateTracker - Pull Formulário da Vigilancia Hospitalar - Skipping submission 379 of 1156: already downloaded
2025-12-30 01:48:13,412 [ForkJoinPool-3-worker-8] INFO  o.o.b.p.a.PullFromAggregateTracker - Pull Formulário da Vigilancia Comunitaria - Skipping submission 950 of 1299: already downloaded
2025-12-30 01:48:13,412 [ForkJoinPool-3-worker-8] INFO  o.o.b.p.a.PullFromAggregateTracker - Pull Formulário da Vigilancia Comunitaria - Skipping submission 952 of 1299: already downloaded
2025-12-30 01:48:13,414 [ForkJoinPool-3-worker-8] INFO  o.o.b.p.a.PullFromAggregateTracker - Pull Formulário da Vigilancia Comunitaria - Skipping submission 953 of 1299: already downloaded
2025-12-30 01:48:13,412 [ForkJoinPool-3-worker-1] INFO  o.o.b.p.a.PullFromAggregateTracker - Pull Formulário da Vigilancia Comunitaria - Skipping submission 124 of 258: already downloaded
2025-12-30 01:48:13,415 [ForkJoinPool-3-worker-11] INFO  o.o.b.p.a.PullFromAggregateTracker - Pull Formulário da Vigilancia Hospitalar - Skipping submission 534 of 601: already downloaded
2025-12-30 01:48:13,415 [ForkJoinPool-3-worker-9] INFO  o.o.b.p.a.PullFromAggregateTracker - Pull Formulário da Vigilancia Hospitalar - Skipping submission 380 of 1156: already downloaded
2025-12-30 01:48:13,419 [ForkJoinPool-3-worker-13] INFO  o.o.b.p.a.PullFromAggregateTracker - Pull Formulário da Vigilancia Comunitaria - Skipping submission 951 of 1299: already downloaded
2025-12-30 01:48:13,428 [ForkJoinPool-3-worker-8] INFO  o.o.b.p.a.PullFromAggregateTracker - Pull Formulário da Vigilancia Comunitaria - Skipping submission 954 of 1299: already downloaded
2025-12-30 01:48:13,429 [ForkJoinPool-3-worker-11] INFO  o.o.b.p.a.PullFromAggregateTracker - Pull Formulário da Vigilancia Hospitalar - Skipping submission 535 of 601: already downloaded
2025-12-30 01:48:13,429 [ForkJoinPool-3-worker-11] INFO  o.o.b.p.a.PullFromAggregateTracker - Pull Formulário da Vigilancia Hospitalar - Skipping submission 536 of 601: already downloaded
2025-12-30 01:48:13,429 [ForkJoinPool-3-worker-9] INFO  o.o.b.p.a.PullFromAggregateTracker - Pull Formulário da Vigilancia Hospitalar - Skipping submission 381 of 1156: already downloaded
2025-12-30 01:48:13,429 [ForkJoinPool-3-worker-8] INFO  o.o.b.p.a.PullFromAggregateTracker - Pull Formulário da Vigilancia Comunitaria - Skipping submission 956 of 1299: already downloaded
2025-12-30 01:48:13,431 [ForkJoinPool-3-worker-13] INFO  o.o.b.p.a.PullFromAggregateTracker - Pull Formulário da Vigilancia Comunitaria - Skipping submission 955 of 1299: already downloaded
2025-12-30 01:48:13,431 [ForkJoinPool-3-worker-1] INFO  o.o.b.p.a.PullFromAggregateTracker - Pull Formulário da Vigilancia Comunitaria - Skipping submission 125 of 258: already downloaded
2025-12-30 01:48:13,432 [ForkJoinPool-3-worker-11] INFO  o.o.b.p.a.PullFromAggregateTracker - Pull Formulário da Vigilancia Hospitalar - Skipping submission 537 of 601: already downloaded
2025-12-30 01:48:13,443 [ForkJoinPool-3-worker-1] INFO  o.o.b.p.a.PullFromAggregateTracker - Pull Formulário da Vigilancia Comunitaria - Skipping submission 126 of 258: already downloaded
2025-12-30 01:48:13,446 [ForkJoinPool-3-worker-13] INFO  o.o.b.p.a.PullFromAggregateTracker - Pull Formulário da Vigilancia Comunitaria - Skipping submission 957 of 1299: already downloaded
2025-12-30 01:48:13,439 [ForkJoinPool-3-worker-11] INFO  o.o.b.p.a.PullFromAggregateTracker - Pull Formulário da Vigilancia Hospitalar - Skipping submission 538 of 601: already downloaded
2025-12-30 01:48:13,448 [ForkJoinPool-3-worker-1] INFO  o.o.b.p.a.PullFromAggregateTracker - Pull Formulário da Vigilancia Comunitaria - Skipping submission 127 of 258: already downloaded
2025-12-30 01:48:13,452 [ForkJoinPool-3-worker-15] INFO  o.o.b.p.a.PullFromAggregateTracker - Pull Formulário da Vigilancia Hospitalar - Submission 363 of 1156 downloaded
2025-12-30 01:48:13,454 [ForkJoinPool-3-worker-10] INFO  o.o.b.p.a.PullFromAggregateTracker - Pull Formulário da Vigilancia Hospitalar - Laboratório - Start downloading submission 206 of 642
2025-12-30 01:48:13,452 [ForkJoinPool-3-worker-8] INFO  o.o.b.p.a.PullFromAggregateTracker - Pull Formulário da Vigilancia Comunitaria - Skipping submission 958 of 1299: already downloaded
2025-12-30 01:48:13,458 [ForkJoinPool-3-worker-1] INFO  o.o.b.p.a.PullFromAggregateTracker - Pull Formulário da Vigilancia Comunitaria - Skipping submission 128 of 258: already downloaded
2025-12-30 01:48:13,456 [ForkJoinPool-3-worker-11] INFO  o.o.b.p.a.PullFromAggregateTracker - Pull Formulário da Vigilancia Hospitalar - Skipping submission 539 of 601: already downloaded
2025-12-30 01:48:13,456 [ForkJoinPool-3-worker-13] INFO  o.o.b.p.a.PullFromAggregateTracker - Pull Formulário da Vigilancia Comunitaria - Skipping submission 959 of 1299: already downloaded
2025-12-30 01:48:13,463 [ForkJoinPool-3-worker-8] INFO  o.o.b.p.a.PullFromAggregateTracker - Pull Formulário da Vigilancia Comunitaria - Skipping submission 960 of 1299: already downloaded
2025-12-30 01:48:13,454 [ForkJoinPool-3-worker-9] INFO  o.o.b.p.a.PullFromAggregateTracker - Pull Formulário da Vigilancia Hospitalar - Skipping submission 382 of 1156: already downloaded
2025-12-30 01:48:13,465 [ForkJoinPool-3-worker-1] INFO  o.o.b.p.a.PullFromAggregateTracker - Pull Formulário da Vigilancia Comunitaria - Skipping submission 129 of 258: already downloaded
2025-12-30 01:48:13,466 [ForkJoinPool-3-worker-11] INFO  o.o.b.p.a.PullFromAggregateTracker - Pull Formulário da Vigilancia Hospitalar - Skipping submission 540 of 601: already downloaded
2025-12-30 01:48:13,465 [ForkJoinPool-3-worker-8] INFO  o.o.b.p.a.PullFromAggregateTracker - Pull Formulário da Vigilancia Comunitaria - Skipping submission 962 of 1299: already downloaded
2025-12-30 01:48:13,469 [ForkJoinPool-3-worker-11] INFO  o.o.b.p.a.PullFromAggregateTracker - Pull Formulário da Vigilancia Hospitalar - Skipping submission 541 of 601: already downloaded
2025-12-30 01:48:13,465 [ForkJoinPool-3-worker-13] INFO  o.o.b.p.a.PullFromAggregateTracker - Pull Formulário da Vigilancia Comunitaria - Skipping submission 961 of 1299: already downloaded
2025-12-30 01:48:13,473 [ForkJoinPool-3-worker-15] INFO  o.o.b.p.a.PullFromAggregateTracker - Pull Formulário da Vigilancia Hospitalar - Start downloading submission 384 of 1156
2025-12-30 01:48:13,474 [ForkJoinPool-3-worker-8] INFO  o.o.b.p.a.PullFromAggregateTracker - Pull Formulário da Vigilancia Comunitaria - Skipping submission 963 of 1299: already downloaded
2025-12-30 01:48:13,474 [ForkJoinPool-3-worker-13] INFO  o.o.b.p.a.PullFromAggregateTracker - Pull Formulário da Vigilancia Comunitaria - Skipping submission 964 of 1299: already downloaded
2025-12-30 01:48:13,474 [ForkJoinPool-3-worker-11] INFO  o.o.b.p.a.PullFromAggregateTracker - Pull Formulário da Vigilancia Hospitalar - Skipping submission 542 of 601: already downloaded
2025-12-30 01:48:13,474 [ForkJoinPool-3-worker-9] INFO  o.o.b.p.a.PullFromAggregateTracker - Pull Formulário da Vigilancia Hospitalar - Skipping submission 383 of 1156: already downloaded
2025-12-30 01:48:13,474 [ForkJoinPool-3-worker-1] INFO  o.o.b.p.a.PullFromAggregateTracker - Pull Formulário da Vigilancia Comunitaria - Skipping submission 130 of 258: already downloaded
2025-12-30 01:48:13,476 [ForkJoinPool-3-worker-8] INFO  o.o.b.p.a.PullFromAggregateTracker - Pull Formulário da Vigilancia Comunitaria - Skipping submission 965 of 1299: already downloaded
2025-12-30 01:48:13,476 [ForkJoinPool-3-worker-11] INFO  o.o.b.p.a.PullFromAggregateTracker - Pull Formulário da Vigilancia Hospitalar - Skipping submission 543 of 601: already downloaded
2025-12-30 01:48:13,477 [ForkJoinPool-3-worker-11] INFO  o.o.b.p.a.PullFromAggregateTracker - Pull Formulário da Vigilancia Hospitalar - Skipping submission 544 of 601: already downloaded
2025-12-30 01:48:13,486 [ForkJoinPool-3-worker-9] INFO  o.o.b.p.a.PullFromAggregateTracker - Pull Formulário da Vigilancia Hospitalar - Skipping submission 385 of 1156: already downloaded
2025-12-30 01:48:13,482 [ForkJoinPool-3-worker-13] INFO  o.o.b.p.a.PullFromAggregateTracker - Pull Formulário da Vigilancia Comunitaria - Skipping submission 967 of 1299: already downloaded
2025-12-30 01:48:13,480 [ForkJoinPool-3-worker-1] INFO  o.o.b.p.a.PullFromAggregateTracker - Pull Formulário da Vigilancia Comunitaria - Skipping submission 131 of 258: already downloaded
2025-12-30 01:48:13,480 [ForkJoinPool-3-worker-8] INFO  o.o.b.p.a.PullFromAggregateTracker - Pull Formulário da Vigilancia Comunitaria - Skipping submission 966 of 1299: already downloaded
2025-12-30 01:48:13,491 [ForkJoinPool-3-worker-11] INFO  o.o.b.p.a.PullFromAggregateTracker - Pull Formulário da Vigilancia Hospitalar - Skipping submission 545 of 601: already downloaded
2025-12-30 01:48:13,491 [ForkJoinPool-3-worker-9] INFO  o.o.b.p.a.PullFromAggregateTracker - Pull Formulário da Vigilancia Hospitalar - Skipping submission 386 of 1156: already downloaded
2025-12-30 01:48:13,484 [ForkJoinPool-3-worker-2] INFO  o.o.b.p.a.PullFromAggregateTracker - Pull Formulário da Vigilancia Hospitalar - Laboratório - Submission 25 of 74 downloaded
2025-12-30 01:48:13,489 [ForkJoinPool-3-worker-13] INFO  o.o.b.p.a.PullFromAggregateTracker - Pull Formulário da Vigilancia Comunitaria - Skipping submission 968 of 1299: already downloaded
2025-12-30 01:48:13,494 [ForkJoinPool-3-worker-11] INFO  o.o.b.p.a.PullFromAggregateTracker - Pull Formulário da Vigilancia Hospitalar - Skipping submission 546 of 601: already downloaded
2025-12-30 01:48:13,498 [ForkJoinPool-3-worker-9] INFO  o.o.b.p.a.PullFromAggregateTracker - Pull Formulário da Vigilancia Hospitalar - Skipping submission 387 of 1156: already downloaded
2025-12-30 01:48:13,498 [ForkJoinPool-3-worker-9] INFO  o.o.b.p.a.PullFromAggregateTracker - Pull Formulário da Vigilancia Hospitalar - Skipping submission 388 of 1156: already downloaded
2025-12-30 01:48:13,494 [ForkJoinPool-3-worker-1] INFO  o.o.b.p.a.PullFromAggregateTracker - Pull Formulário da Vigilancia Comunitaria - Skipping submission 132 of 258: already downloaded
2025-12-30 01:48:13,492 [ForkJoinPool-3-worker-8] INFO  o.o.b.p.a.PullFromAggregateTracker - Pull Formulário da Vigilancia Comunitaria - Skipping submission 969 of 1299: already downloaded
2025-12-30 01:48:13,502 [ForkJoinPool-3-worker-1] INFO  o.o.b.p.a.PullFromAggregateTracker - Pull Formulário da Vigilancia Comunitaria - Skipping submission 133 of 258: already downloaded
2025-12-30 01:48:13,504 [ForkJoinPool-3-worker-11] INFO  o.o.b.p.a.PullFromAggregateTracker - Pull Formulário da Vigilancia Hospitalar - Skipping submission 547 of 601: already downloaded
2025-12-30 01:48:13,505 [ForkJoinPool-3-worker-11] INFO  o.o.b.p.a.PullFromAggregateTracker - Pull Formulário da Vigilancia Hospitalar - Skipping submission 548 of 601: already downloaded
2025-12-30 01:48:13,505 [ForkJoinPool-3-worker-11] INFO  o.o.b.p.a.PullFromAggregateTracker - Pull Formulário da Vigilancia Hospitalar - Skipping submission 549 of 601: already downloaded
2025-12-30 01:48:13,505 [ForkJoinPool-3-worker-9] INFO  o.o.b.p.a.PullFromAggregateTracker - Pull Formulário da Vigilancia Hospitalar - Skipping submission 389 of 1156: already downloaded
2025-12-30 01:48:13,507 [ForkJoinPool-3-worker-9] INFO  o.o.b.p.a.PullFromAggregateTracker - Pull Formulário da Vigilancia Hospitalar - Skipping submission 390 of 1156: already downloaded
2025-12-30 01:48:13,507 [ForkJoinPool-3-worker-13] INFO  o.o.b.p.a.PullFromAggregateTracker - Pull Formulário da Vigilancia Comunitaria - Skipping submission 970 of 1299: already downloaded
2025-12-30 01:48:13,509 [ForkJoinPool-3-worker-9] INFO  o.o.b.p.a.PullFromAggregateTracker - Pull Formulário da Vigilancia Hospitalar - Skipping submission 391 of 1156: already downloaded
2025-12-30 01:48:13,509 [ForkJoinPool-3-worker-4] INFO  o.o.b.p.a.PullFromAggregateTracker - Pull Formulário da Vigilancia Hospitalar - Laboratório - Submission 26 of 74 downloaded
2025-12-30 01:48:13,507 [ForkJoinPool-3-worker-2] INFO  o.o.b.p.a.PullFromAggregateTracker - Pull Formulário da Vigilancia Hospitalar - Laboratório - Start downloading submission 27 of 74
2025-12-30 01:48:13,511 [ForkJoinPool-3-worker-11] INFO  o.o.b.p.a.PullFromAggregateTracker - Pull Formulário da Vigilancia Hospitalar - Skipping submission 550 of 601: already downloaded
2025-12-30 01:48:13,511 [ForkJoinPool-3-worker-13] INFO  o.o.b.p.a.PullFromAggregateTracker - Pull Formulário da Vigilancia Comunitaria - Skipping submission 972 of 1299: already downloaded
2025-12-30 01:48:13,511 [ForkJoinPool-3-worker-8] INFO  o.o.b.p.a.PullFromAggregateTracker - Pull Formulário da Vigilancia Comunitaria - Skipping submission 971 of 1299: already downloaded
2025-12-30 01:48:13,512 [ForkJoinPool-3-worker-1] INFO  o.o.b.p.a.PullFromAggregateTracker - Pull Formulário da Vigilancia Comunitaria - Skipping submission 134 of 258: already downloaded
2025-12-30 01:48:13,512 [ForkJoinPool-3-worker-9] INFO  o.o.b.p.a.PullFromAggregateTracker - Pull Formulário da Vigilancia Hospitalar - Skipping submission 392 of 1156: already downloaded
2025-12-30 01:48:13,515 [ForkJoinPool-3-worker-3] INFO  o.o.b.p.a.PullFromAggregateTracker - Pull Formulário da Vigilancia Hospitalar - Submission 74 of 250 downloaded
2025-12-30 01:48:13,522 [ForkJoinPool-3-worker-8] INFO  o.o.b.p.a.PullFromAggregateTracker - Pull Formulário da Vigilancia Comunitaria - Skipping submission 973 of 1299: already downloaded
2025-12-30 01:48:13,524 [ForkJoinPool-3-worker-1] INFO  o.o.b.p.a.PullFromAggregateTracker - Pull Formulário da Vigilancia Comunitaria - Skipping submission 135 of 258: already downloaded
2025-12-30 01:48:13,524 [ForkJoinPool-3-worker-9] INFO  o.o.b.p.a.PullFromAggregateTracker - Pull Formulário da Vigilancia Hospitalar - Skipping submission 393 of 1156: already downloaded
2025-12-30 01:48:13,524 [ForkJoinPool-3-worker-13] INFO  o.o.b.p.a.PullFromAggregateTracker - Pull Formulário da Vigilancia Comunitaria - Skipping submission 974 of 1299: already downloaded
2025-12-30 01:48:13,524 [ForkJoinPool-3-worker-11] INFO  o.o.b.p.a.PullFromAggregateTracker - Pull Formulário da Vigilancia Hospitalar - Skipping submission 551 of 601: already downloaded
2025-12-30 01:48:13,524 [ForkJoinPool-3-worker-8] INFO  o.o.b.p.a.PullFromAggregateTracker - Pull Formulário da Vigilancia Comunitaria - Skipping submission 975 of 1299: already downloaded
2025-12-30 01:48:13,524 [ForkJoinPool-3-worker-9] INFO  o.o.b.p.a.PullFromAggregateTracker - Pull Formulário da Vigilancia Hospitalar - Skipping submission 394 of 1156: already downloaded
2025-12-30 01:48:13,525 [ForkJoinPool-3-worker-11] INFO  o.o.b.p.a.PullFromAggregateTracker - Pull Formulário da Vigilancia Hospitalar - Skipping submission 552 of 601: already downloaded
2025-12-30 01:48:13,527 [ForkJoinPool-3-worker-4] INFO  o.o.b.p.a.PullFromAggregateTracker - Pull Formulário da Vigilancia Hospitalar - Laboratório - Start downloading submission 28 of 74
2025-12-30 01:48:13,526 [ForkJoinPool-3-worker-9] INFO  o.o.b.p.a.PullFromAggregateTracker - Pull Formulário da Vigilancia Hospitalar - Skipping submission 395 of 1156: already downloaded
2025-12-30 01:48:13,529 [ForkJoinPool-3-worker-11] INFO  o.o.b.p.a.PullFromAggregateTracker - Pull Formulário da Vigilancia Hospitalar - Skipping submission 553 of 601: already downloaded
2025-12-30 01:48:13,527 [ForkJoinPool-3-worker-8] INFO  o.o.b.p.a.PullFromAggregateTracker - Pull Formulário da Vigilancia Comunitaria - Skipping submission 976 of 1299: already downloaded
2025-12-30 01:48:13,527 [ForkJoinPool-3-worker-1] INFO  o.o.b.p.a.PullFromAggregateTracker - Pull Formulário da Vigilancia Comunitaria - Skipping submission 136 of 258: already downloaded
2025-12-30 01:48:13,529 [ForkJoinPool-3-worker-11] INFO  o.o.b.p.a.PullFromAggregateTracker - Pull Formulário da Vigilancia Hospitalar - Skipping submission 554 of 601: already downloaded
2025-12-30 01:48:13,527 [ForkJoinPool-3-worker-3] INFO  o.o.b.p.a.PullFromAggregateTracker - Pull Formulário da Vigilancia Hospitalar - Start downloading submission 75 of 250
2025-12-30 01:48:13,531 [ForkJoinPool-3-worker-8] INFO  o.o.b.p.a.PullFromAggregateTracker - Pull Formulário da Vigilancia Comunitaria - Skipping submission 978 of 1299: already downloaded
2025-12-30 01:48:13,533 [ForkJoinPool-3-worker-13] INFO  o.o.b.p.a.PullFromAggregateTracker - Pull Formulário da Vigilancia Comunitaria - Skipping submission 977 of 1299: already downloaded
2025-12-30 01:48:13,533 [ForkJoinPool-3-worker-9] INFO  o.o.b.p.a.PullFromAggregateTracker - Pull Formulário da Vigilancia Hospitalar - Skipping submission 396 of 1156: already downloaded
2025-12-30 01:48:13,533 [ForkJoinPool-3-worker-8] INFO  o.o.b.p.a.PullFromAggregateTracker - Pull Formulário da Vigilancia Comunitaria - Skipping submission 979 of 1299: already downloaded
2025-12-30 01:48:13,533 [ForkJoinPool-3-worker-9] INFO  o.o.b.p.a.PullFromAggregateTracker - Pull Formulário da Vigilancia Hospitalar - Skipping submission 397 of 1156: already downloaded
2025-12-30 01:48:13,535 [ForkJoinPool-3-worker-6] INFO  o.o.b.p.a.PullFromAggregateTracker - Pull Resultados de testagem das vigilâncias - Submission 15 of 15 downloaded
2025-12-30 01:48:13,535 [ForkJoinPool-3-worker-13] INFO  o.o.b.p.a.PullFromAggregateTracker - Pull Formulário da Vigilancia Comunitaria - Skipping submission 980 of 1299: already downloaded
2025-12-30 01:48:13,536 [ForkJoinPool-3-worker-11] INFO  o.o.b.p.a.PullFromAggregateTracker - Pull Formulário da Vigilancia Hospitalar - Skipping submission 555 of 601: already downloaded
2025-12-30 01:48:13,532 [ForkJoinPool-3-worker-1] INFO  o.o.b.p.a.PullFromAggregateTracker - Pull Formulário da Vigilancia Comunitaria - Skipping submission 137 of 258: already downloaded
2025-12-30 01:48:13,538 [ForkJoinPool-3-worker-9] INFO  o.o.b.p.a.PullFromAggregateTracker - Pull Formulário da Vigilancia Hospitalar - Skipping submission 398 of 1156: already downloaded
2025-12-30 01:48:13,539 [ForkJoinPool-3-worker-8] INFO  o.o.b.p.a.PullFromAggregateTracker - Pull Formulário da Vigilancia Comunitaria - Skipping submission 981 of 1299: already downloaded
2025-12-30 01:48:13,539 [ForkJoinPool-3-worker-9] INFO  o.o.b.p.a.PullFromAggregateTracker - Pull Formulário da Vigilancia Hospitalar - Skipping submission 399 of 1156: already downloaded
2025-12-30 01:48:13,539 [ForkJoinPool-3-worker-8] INFO  o.o.b.p.a.PullFromAggregateTracker - Pull Formulário da Vigilancia Comunitaria - Skipping submission 982 of 1299: already downloaded
2025-12-30 01:48:13,541 [ForkJoinPool-3-worker-9] INFO  o.o.b.p.a.PullFromAggregateTracker - Pull Formulário da Vigilancia Hospitalar - Skipping submission 400 of 1156: already downloaded
2025-12-30 01:48:13,541 [ForkJoinPool-3-worker-11] INFO  o.o.b.p.a.PullFromAggregateTracker - Pull Formulário da Vigilancia Hospitalar - Skipping submission 556 of 601: already downloaded
2025-12-30 01:48:13,541 [ForkJoinPool-3-worker-1] INFO  o.o.b.p.a.PullFromAggregateTracker - Pull Formulário da Vigilancia Comunitaria - Skipping submission 138 of 258: already downloaded
2025-12-30 01:48:13,544 [ForkJoinPool-3-worker-8] INFO  o.o.b.p.a.PullFromAggregateTracker - Pull Formulário da Vigilancia Comunitaria - Skipping submission 983 of 1299: already downloaded
2025-12-30 01:48:13,544 [ForkJoinPool-3-worker-13] INFO  o.o.b.p.a.PullFromAggregateTracker - Pull Formulário da Vigilancia Comunitaria - Skipping submission 984 of 1299: already downloaded
2025-12-30 01:48:13,544 [ForkJoinPool-3-worker-9] INFO  o.o.b.p.a.PullFromAggregateTracker - Pull Formulário da Vigilancia Hospitalar - Skipping submission 401 of 1156: already downloaded
2025-12-30 01:48:13,546 [ForkJoinPool-3-worker-13] INFO  o.o.b.p.a.PullFromAggregateTracker - Pull Formulário da Vigilancia Comunitaria - Skipping submission 986 of 1299: already downloaded
2025-12-30 01:48:13,544 [ForkJoinPool-3-worker-8] INFO  o.o.b.p.a.PullFromAggregateTracker - Pull Formulário da Vigilancia Comunitaria - Skipping submission 985 of 1299: already downloaded
2025-12-30 01:48:13,549 [ForkJoinPool-3-worker-11] INFO  o.o.b.p.a.PullFromAggregateTracker - Pull Formulário da Vigilancia Hospitalar - Skipping submission 557 of 601: already downloaded
2025-12-30 01:48:13,549 [ForkJoinPool-3-worker-9] INFO  o.o.b.p.a.PullFromAggregateTracker - Pull Formulário da Vigilancia Hospitalar - Skipping submission 402 of 1156: already downloaded
2025-12-30 01:48:13,549 [ForkJoinPool-3-worker-11] INFO  o.o.b.p.a.PullFromAggregateTracker - Pull Formulário da Vigilancia Hospitalar - Skipping submission 558 of 601: already downloaded
2025-12-30 01:48:13,549 [ForkJoinPool-3-worker-9] INFO  o.o.b.p.a.PullFromAggregateTracker - Pull Formulário da Vigilancia Hospitalar - Skipping submission 403 of 1156: already downloaded
2025-12-30 01:48:13,549 [ForkJoinPool-3-worker-6] INFO  o.o.b.p.a.PullFromAggregateTracker - Pull Resultados de testagem das vigilâncias - Success
2025-12-30 01:48:13,552 [ForkJoinPool-3-worker-1] INFO  o.o.b.p.a.PullFromAggregateTracker - Pull Formulário da Vigilancia Comunitaria - Skipping submission 139 of 258: already downloaded
2025-12-30 01:48:13,549 [ForkJoinPool-3-worker-11] INFO  o.o.b.p.a.PullFromAggregateTracker - Pull Formulário da Vigilancia Hospitalar - Skipping submission 559 of 601: already downloaded
2025-12-30 01:48:13,549 [ForkJoinPool-3-worker-8] INFO  o.o.b.p.a.PullFromAggregateTracker - Pull Formulário da Vigilancia Comunitaria - Skipping submission 987 of 1299: already downloaded
2025-12-30 01:48:13,554 [ForkJoinPool-3-worker-9] INFO  o.o.b.p.a.PullFromAggregateTracker - Pull Formulário da Vigilancia Hospitalar - Skipping submission 404 of 1156: already downloaded
2025-12-30 01:48:13,556 [ForkJoinPool-3-worker-11] INFO  o.o.b.p.a.PullFromAggregateTracker - Pull Formulário da Vigilancia Hospitalar - Skipping submission 560 of 601: already downloaded
2025-12-30 01:48:13,556 [ForkJoinPool-3-worker-9] INFO  o.o.b.p.a.PullFromAggregateTracker - Pull Formulário da Vigilancia Hospitalar - Skipping submission 405 of 1156: already downloaded
2025-12-30 01:48:13,556 [ForkJoinPool-3-worker-8] INFO  o.o.b.p.a.PullFromAggregateTracker - Pull Formulário da Vigilancia Comunitaria - Skipping submission 989 of 1299: already downloaded
2025-12-30 01:48:13,557 [ForkJoinPool-3-worker-9] INFO  o.o.b.p.a.PullFromAggregateTracker - Pull Formulário da Vigilancia Hospitalar - Skipping submission 406 of 1156: already downloaded
2025-12-30 01:48:13,557 [ForkJoinPool-3-worker-8] INFO  o.o.b.p.a.PullFromAggregateTracker - Pull Formulário da Vigilancia Comunitaria - Skipping submission 990 of 1299: already downloaded
2025-12-30 01:48:13,555 [ForkJoinPool-3-worker-1] INFO  o.o.b.p.a.PullFromAggregateTracker - Pull Formulário da Vigilancia Comunitaria - Skipping submission 140 of 258: already downloaded
2025-12-30 01:48:13,557 [ForkJoinPool-3-worker-8] INFO  o.o.b.p.a.PullFromAggregateTracker - Pull Formulário da Vigilancia Comunitaria - Skipping submission 991 of 1299: already downloaded
2025-12-30 01:48:13,555 [ForkJoinPool-3-worker-13] INFO  o.o.b.p.a.PullFromAggregateTracker - Pull Formulário da Vigilancia Comunitaria - Skipping submission 988 of 1299: already downloaded
2025-12-30 01:48:13,557 [ForkJoinPool-3-worker-11] INFO  o.o.b.p.a.PullFromAggregateTracker - Pull Formulário da Vigilancia Hospitalar - Skipping submission 561 of 601: already downloaded
2025-12-30 01:48:13,557 [ForkJoinPool-3-worker-8] INFO  o.o.b.p.a.PullFromAggregateTracker - Pull Formulário da Vigilancia Comunitaria - Skipping submission 992 of 1299: already downloaded
2025-12-30 01:48:13,557 [ForkJoinPool-3-worker-13] INFO  o.o.b.p.a.PullFromAggregateTracker - Pull Formulário da Vigilancia Comunitaria - Skipping submission 993 of 1299: already downloaded
2025-12-30 01:48:13,559 [ForkJoinPool-3-worker-1] INFO  o.o.b.p.a.PullFromAggregateTracker - Pull Formulário da Vigilancia Comunitaria - Skipping submission 141 of 258: already downloaded
2025-12-30 01:48:13,559 [ForkJoinPool-3-worker-9] INFO  o.o.b.p.a.PullFromAggregateTracker - Pull Formulário da Vigilancia Hospitalar - Skipping submission 407 of 1156: already downloaded
2025-12-30 01:48:13,561 [ForkJoinPool-3-worker-9] INFO  o.o.b.p.a.PullFromAggregateTracker - Pull Formulário da Vigilancia Hospitalar - Skipping submission 408 of 1156: already downloaded
2025-12-30 01:48:13,561 [ForkJoinPool-3-worker-9] INFO  o.o.b.p.a.PullFromAggregateTracker - Pull Formulário da Vigilancia Hospitalar - Skipping submission 409 of 1156: already downloaded
2025-12-30 01:48:13,561 [ForkJoinPool-3-worker-1] INFO  o.o.b.p.a.PullFromAggregateTracker - Pull Formulário da Vigilancia Comunitaria - Skipping submission 142 of 258: already downloaded
2025-12-30 01:48:13,562 [ForkJoinPool-3-worker-13] INFO  o.o.b.p.a.PullFromAggregateTracker - Pull Formulário da Vigilancia Comunitaria - Skipping submission 995 of 1299: already downloaded
2025-12-30 01:48:13,562 [ForkJoinPool-3-worker-11] INFO  o.o.b.p.a.PullFromAggregateTracker - Pull Formulário da Vigilancia Hospitalar - Skipping submission 562 of 601: already downloaded
2025-12-30 01:48:13,562 [ForkJoinPool-3-worker-1] INFO  o.o.b.p.a.PullFromAggregateTracker - Pull Formulário da Vigilancia Comunitaria - Skipping submission 143 of 258: already downloaded
2025-12-30 01:48:13,562 [ForkJoinPool-3-worker-8] INFO  o.o.b.p.a.PullFromAggregateTracker - Pull Formulário da Vigilancia Comunitaria - Skipping submission 994 of 1299: already downloaded
2025-12-30 01:48:13,565 [ForkJoinPool-3-worker-13] INFO  o.o.b.p.a.PullFromAggregateTracker - Pull Formulário da Vigilancia Comunitaria - Skipping submission 996 of 1299: already downloaded
2025-12-30 01:48:13,565 [ForkJoinPool-3-worker-9] INFO  o.o.b.p.a.PullFromAggregateTracker - Pull Formulário da Vigilancia Hospitalar - Skipping submission 410 of 1156: already downloaded
2025-12-30 01:48:13,568 [ForkJoinPool-3-worker-11] INFO  o.o.b.p.a.PullFromAggregateTracker - Pull Formulário da Vigilancia Hospitalar - Skipping submission 563 of 601: already downloaded
2025-12-30 01:48:13,573 [ForkJoinPool-3-worker-1] INFO  o.o.b.p.a.PullFromAggregateTracker - Pull Formulário da Vigilancia Comunitaria - Skipping submission 144 of 258: already downloaded
2025-12-30 01:48:13,574 [ForkJoinPool-3-worker-8] INFO  o.o.b.p.a.PullFromAggregateTracker - Pull Formulário da Vigilancia Comunitaria - Skipping submission 997 of 1299: already downloaded
2025-12-30 01:48:13,574 [ForkJoinPool-3-worker-9] INFO  o.o.b.p.a.PullFromAggregateTracker - Pull Formulário da Vigilancia Hospitalar - Skipping submission 411 of 1156: already downloaded
2025-12-30 01:48:13,574 [ForkJoinPool-3-worker-13] INFO  o.o.b.p.a.PullFromAggregateTracker - Pull Formulário da Vigilancia Comunitaria - Skipping submission 998 of 1299: already downloaded
2025-12-30 01:48:13,574 [ForkJoinPool-3-worker-6] INFO  o.o.b.p.a.PullFromAggregateTracker - Pull Formulário da Vigilancia Hospitalar - Laboratório - Skipping submission 207 of 642: already downloaded
2025-12-30 01:48:13,576 [ForkJoinPool-3-worker-9] INFO  o.o.b.p.a.PullFromAggregateTracker - Pull Formulário da Vigilancia Hospitalar - Skipping submission 412 of 1156: already downloaded
2025-12-30 01:48:13,576 [ForkJoinPool-3-worker-1] INFO  o.o.b.p.a.PullFromAggregateTracker - Pull Formulário da Vigilancia Comunitaria - Skipping submission 145 of 258: already downloaded
2025-12-30 01:48:13,578 [ForkJoinPool-3-worker-9] INFO  o.o.b.p.a.PullFromAggregateTracker - Pull Formulário da Vigilancia Hospitalar - Skipping submission 413 of 1156: already downloaded
2025-12-30 01:48:13,578 [ForkJoinPool-3-worker-1] INFO  o.o.b.p.a.PullFromAggregateTracker - Pull Formulário da Vigilancia Comunitaria - Skipping submission 146 of 258: already downloaded
2025-12-30 01:48:13,578 [ForkJoinPool-3-worker-9] INFO  o.o.b.p.a.PullFromAggregateTracker - Pull Formulário da Vigilancia Hospitalar - Skipping submission 414 of 1156: already downloaded
2025-12-30 01:48:13,578 [ForkJoinPool-3-worker-8] INFO  o.o.b.p.a.PullFromAggregateTracker - Pull Formulário da Vigilancia Comunitaria - Skipping submission 999 of 1299: already downloaded
2025-12-30 01:48:13,578 [ForkJoinPool-3-worker-9] INFO  o.o.b.p.a.PullFromAggregateTracker - Pull Formulário da Vigilancia Hospitalar - Skipping submission 415 of 1156: already downloaded
2025-12-30 01:48:13,578 [ForkJoinPool-3-worker-11] INFO  o.o.b.p.a.PullFromAggregateTracker - Pull Formulário da Vigilancia Hospitalar - Skipping submission 564 of 601: already downloaded
2025-12-30 01:48:13,578 [ForkJoinPool-3-worker-6] INFO  o.o.b.p.a.PullFromAggregateTracker - Pull Formulário da Vigilancia Hospitalar - Laboratório - Skipping submission 208 of 642: already downloaded
2025-12-30 01:48:13,581 [ForkJoinPool-3-worker-11] INFO  o.o.b.p.a.PullFromAggregateTracker - Pull Formulário da Vigilancia Hospitalar - Skipping submission 565 of 601: already downloaded
2025-12-30 01:48:13,581 [ForkJoinPool-3-worker-6] INFO  o.o.b.p.a.PullFromAggregateTracker - Pull Formulário da Vigilancia Hospitalar - Laboratório - Skipping submission 209 of 642: already downloaded
2025-12-30 01:48:13,578 [ForkJoinPool-3-worker-1] INFO  o.o.b.p.a.PullFromAggregateTracker - Pull Formulário da Vigilancia Comunitaria - Skipping submission 147 of 258: already downloaded
2025-12-30 01:48:13,581 [ForkJoinPool-3-worker-11] INFO  o.o.b.p.a.PullFromAggregateTracker - Pull Formulário da Vigilancia Hospitalar - Skipping submission 566 of 601: already downloaded
2025-12-30 01:48:13,583 [ForkJoinPool-3-worker-13] INFO  o.o.b.p.a.PullFromAggregateTracker - Pull Formulário da Vigilancia Comunitaria - Skipping submission 1000 of 1299: already downloaded
2025-12-30 01:48:13,583 [ForkJoinPool-3-worker-8] INFO  o.o.b.p.a.PullFromAggregateTracker - Pull Formulário da Vigilancia Comunitaria - Skipping submission 1001 of 1299: already downloaded
2025-12-30 01:48:13,583 [ForkJoinPool-3-worker-9] INFO  o.o.b.p.a.PullFromAggregateTracker - Pull Formulário da Vigilancia Hospitalar - Skipping submission 416 of 1156: already downloaded
2025-12-30 01:48:13,583 [ForkJoinPool-3-worker-11] INFO  o.o.b.p.a.PullFromAggregateTracker - Pull Formulário da Vigilancia Hospitalar - Skipping submission 567 of 601: already downloaded
2025-12-30 01:48:13,584 [ForkJoinPool-3-worker-13] INFO  o.o.b.p.a.PullFromAggregateTracker - Pull Formulário da Vigilancia Comunitaria - Skipping submission 1002 of 1299: already downloaded
2025-12-30 01:48:13,585 [ForkJoinPool-3-worker-6] INFO  o.o.b.p.a.PullFromAggregateTracker - Pull Formulário da Vigilancia Hospitalar - Laboratório - Skipping submission 210 of 642: already downloaded
2025-12-30 01:48:13,587 [ForkJoinPool-3-worker-1] INFO  o.o.b.p.a.PullFromAggregateTracker - Pull Formulário da Vigilancia Comunitaria - Skipping submission 148 of 258: already downloaded
2025-12-30 01:48:13,587 [ForkJoinPool-3-worker-8] INFO  o.o.b.p.a.PullFromAggregateTracker - Pull Formulário da Vigilancia Comunitaria - Skipping submission 1003 of 1299: already downloaded
2025-12-30 01:48:13,587 [ForkJoinPool-3-worker-11] INFO  o.o.b.p.a.PullFromAggregateTracker - Pull Formulário da Vigilancia Hospitalar - Skipping submission 568 of 601: already downloaded
2025-12-30 01:48:13,590 [ForkJoinPool-3-worker-9] INFO  o.o.b.p.a.PullFromAggregateTracker - Pull Formulário da Vigilancia Hospitalar - Skipping submission 417 of 1156: already downloaded
2025-12-30 01:48:13,591 [ForkJoinPool-3-worker-6] INFO  o.o.b.p.a.PullFromAggregateTracker - Pull Formulário da Vigilancia Hospitalar - Laboratório - Skipping submission 211 of 642: already downloaded
2025-12-30 01:48:13,595 [ForkJoinPool-3-worker-9] INFO  o.o.b.p.a.PullFromAggregateTracker - Pull Formulário da Vigilancia Hospitalar - Skipping submission 418 of 1156: already downloaded
2025-12-30 01:48:13,595 [ForkJoinPool-3-worker-1] INFO  o.o.b.p.a.PullFromAggregateTracker - Pull Formulário da Vigilancia Comunitaria - Skipping submission 149 of 258: already downloaded
2025-12-30 01:48:13,591 [ForkJoinPool-3-worker-13] INFO  o.o.b.p.a.PullFromAggregateTracker - Pull Formulário da Vigilancia Comunitaria - Skipping submission 1004 of 1299: already downloaded
2025-12-30 01:48:13,589 [ForkJoinPool-3-worker-11] INFO  o.o.b.p.a.PullFromAggregateTracker - Pull Formulário da Vigilancia Hospitalar - Skipping submission 569 of 601: already downloaded
2025-12-30 01:48:13,597 [ForkJoinPool-3-worker-8] INFO  o.o.b.p.a.PullFromAggregateTracker - Pull Formulário da Vigilancia Comunitaria - Skipping submission 1005 of 1299: already downloaded
2025-12-30 01:48:13,597 [ForkJoinPool-3-worker-8] INFO  o.o.b.p.a.PullFromAggregateTracker - Pull Formulário da Vigilancia Comunitaria - Skipping submission 1006 of 1299: already downloaded
2025-12-30 01:48:13,597 [ForkJoinPool-3-worker-6] INFO  o.o.b.p.a.PullFromAggregateTracker - Pull Formulário da Vigilancia Hospitalar - Laboratório - Skipping submission 212 of 642: already downloaded
2025-12-30 01:48:13,599 [ForkJoinPool-3-worker-11] INFO  o.o.b.p.a.PullFromAggregateTracker - Pull Formulário da Vigilancia Hospitalar - Skipping submission 570 of 601: already downloaded
2025-12-30 01:48:13,601 [ForkJoinPool-3-worker-8] INFO  o.o.b.p.a.PullFromAggregateTracker - Pull Formulário da Vigilancia Comunitaria - Skipping submission 1007 of 1299: already downloaded
2025-12-30 01:48:13,602 [ForkJoinPool-3-worker-8] INFO  o.o.b.p.a.PullFromAggregateTracker - Pull Formulário da Vigilancia Comunitaria - Skipping submission 1009 of 1299: already downloaded
2025-12-30 01:48:13,602 [ForkJoinPool-3-worker-1] INFO  o.o.b.p.a.PullFromAggregateTracker - Pull Formulário da Vigilancia Comunitaria - Skipping submission 150 of 258: already downloaded
2025-12-30 01:48:13,602 [ForkJoinPool-3-worker-11] INFO  o.o.b.p.a.PullFromAggregateTracker - Pull Formulário da Vigilancia Hospitalar - Skipping submission 571 of 601: already downloaded
2025-12-30 01:48:13,604 [ForkJoinPool-3-worker-9] INFO  o.o.b.p.a.PullFromAggregateTracker - Pull Formulário da Vigilancia Hospitalar - Skipping submission 419 of 1156: already downloaded
2025-12-30 01:48:13,606 [ForkJoinPool-3-worker-6] INFO  o.o.b.p.a.PullFromAggregateTracker - Pull Formulário da Vigilancia Hospitalar - Laboratório - Skipping submission 213 of 642: already downloaded
2025-12-30 01:48:13,607 [ForkJoinPool-3-worker-11] INFO  o.o.b.p.a.PullFromAggregateTracker - Pull Formulário da Vigilancia Hospitalar - Skipping submission 572 of 601: already downloaded
2025-12-30 01:48:13,607 [ForkJoinPool-3-worker-11] INFO  o.o.b.p.a.PullFromAggregateTracker - Pull Formulário da Vigilancia Hospitalar - Skipping submission 573 of 601: already downloaded
2025-12-30 01:48:13,607 [ForkJoinPool-3-worker-1] INFO  o.o.b.p.a.PullFromAggregateTracker - Pull Formulário da Vigilancia Comunitaria - Skipping submission 151 of 258: already downloaded
2025-12-30 01:48:13,608 [ForkJoinPool-3-worker-13] INFO  o.o.b.p.a.PullFromAggregateTracker - Pull Formulário da Vigilancia Comunitaria - Skipping submission 1008 of 1299: already downloaded
2025-12-30 01:48:13,609 [ForkJoinPool-3-worker-1] INFO  o.o.b.p.a.PullFromAggregateTracker - Pull Formulário da Vigilancia Comunitaria - Skipping submission 152 of 258: already downloaded
2025-12-30 01:48:13,609 [ForkJoinPool-3-worker-13] INFO  o.o.b.p.a.PullFromAggregateTracker - Pull Formulário da Vigilancia Comunitaria - Skipping submission 1011 of 1299: already downloaded
2025-12-30 01:48:13,611 [ForkJoinPool-3-worker-9] INFO  o.o.b.p.a.PullFromAggregateTracker - Pull Formulário da Vigilancia Hospitalar - Skipping submission 420 of 1156: already downloaded
2025-12-30 01:48:13,615 [ForkJoinPool-3-worker-11] INFO  o.o.b.p.a.PullFromAggregateTracker - Pull Formulário da Vigilancia Hospitalar - Skipping submission 574 of 601: already downloaded
2025-12-30 01:48:13,615 [ForkJoinPool-3-worker-1] INFO  o.o.b.p.a.PullFromAggregateTracker - Pull Formulário da Vigilancia Comunitaria - Skipping submission 153 of 258: already downloaded
2025-12-30 01:48:13,620 [ForkJoinPool-3-worker-13] INFO  o.o.b.p.a.PullFromAggregateTracker - Pull Formulário da Vigilancia Comunitaria - Skipping submission 1012 of 1299: already downloaded
2025-12-30 01:48:13,615 [ForkJoinPool-3-worker-9] INFO  o.o.b.p.a.PullFromAggregateTracker - Pull Formulário da Vigilancia Hospitalar - Skipping submission 421 of 1156: already downloaded
2025-12-30 01:48:13,613 [ForkJoinPool-3-worker-6] INFO  o.o.b.p.a.PullFromAggregateTracker - Pull Formulário da Vigilancia Hospitalar - Laboratório - Skipping submission 214 of 642: already downloaded
2025-12-30 01:48:13,622 [ForkJoinPool-3-worker-11] INFO  o.o.b.p.a.PullFromAggregateTracker - Pull Formulário da Vigilancia Hospitalar - Skipping submission 575 of 601: already downloaded
2025-12-30 01:48:13,624 [ForkJoinPool-3-worker-6] INFO  o.o.b.p.a.PullFromAggregateTracker - Pull Formulário da Vigilancia Hospitalar - Laboratório - Skipping submission 215 of 642: already downloaded
2025-12-30 01:48:13,628 [ForkJoinPool-3-worker-9] INFO  o.o.b.p.a.PullFromAggregateTracker - Pull Formulário da Vigilancia Hospitalar - Skipping submission 422 of 1156: already downloaded
2025-12-30 01:48:13,628 [ForkJoinPool-3-worker-1] INFO  o.o.b.p.a.PullFromAggregateTracker - Pull Formulário da Vigilancia Comunitaria - Skipping submission 154 of 258: already downloaded
2025-12-30 01:48:13,637 [ForkJoinPool-3-worker-13] INFO  o.o.b.p.a.PullFromAggregateTracker - Pull Formulário da Vigilancia Comunitaria - Skipping submission 1013 of 1299: already downloaded
2025-12-30 01:48:13,628 [ForkJoinPool-3-worker-8] INFO  o.o.b.p.a.PullFromAggregateTracker - Pull Formulário da Vigilancia Comunitaria - Skipping submission 1010 of 1299: already downloaded
2025-12-30 01:48:13,636 [ForkJoinPool-3-worker-11] INFO  o.o.b.p.a.PullFromAggregateTracker - Pull Formulário da Vigilancia Hospitalar - Skipping submission 576 of 601: already downloaded
2025-12-30 01:48:13,639 [ForkJoinPool-3-worker-13] INFO  o.o.b.p.a.PullFromAggregateTracker - Pull Formulário da Vigilancia Comunitaria - Skipping submission 1014 of 1299: already downloaded
2025-12-30 01:48:13,642 [ForkJoinPool-3-worker-6] INFO  o.o.b.p.a.PullFromAggregateTracker - Pull Formulário da Vigilancia Hospitalar - Laboratório - Skipping submission 216 of 642: already downloaded
2025-12-30 01:48:13,642 [ForkJoinPool-3-worker-11] INFO  o.o.b.p.a.PullFromAggregateTracker - Pull Formulário da Vigilancia Hospitalar - Skipping submission 577 of 601: already downloaded
2025-12-30 01:48:13,642 [ForkJoinPool-3-worker-1] INFO  o.o.b.p.a.PullFromAggregateTracker - Pull Formulário da Vigilancia Comunitaria - Skipping submission 155 of 258: already downloaded
2025-12-30 01:48:13,644 [ForkJoinPool-3-worker-8] INFO  o.o.b.p.a.PullFromAggregateTracker - Pull Formulário da Vigilancia Comunitaria - Skipping submission 1015 of 1299: already downloaded
2025-12-30 01:48:13,644 [ForkJoinPool-3-worker-9] INFO  o.o.b.p.a.PullFromAggregateTracker - Pull Formulário da Vigilancia Hospitalar - Skipping submission 423 of 1156: already downloaded
2025-12-30 01:48:13,645 [ForkJoinPool-3-worker-1] INFO  o.o.b.p.a.PullFromAggregateTracker - Pull Formulário da Vigilancia Comunitaria - Skipping submission 156 of 258: already downloaded
2025-12-30 01:48:13,646 [ForkJoinPool-3-worker-6] INFO  o.o.b.p.a.PullFromAggregateTracker - Pull Formulário da Vigilancia Hospitalar - Laboratório - Skipping submission 217 of 642: already downloaded
2025-12-30 01:48:13,645 [ForkJoinPool-3-worker-8] INFO  o.o.b.p.a.PullFromAggregateTracker - Pull Formulário da Vigilancia Comunitaria - Skipping submission 1017 of 1299: already downloaded
2025-12-30 01:48:13,645 [ForkJoinPool-3-worker-13] INFO  o.o.b.p.a.PullFromAggregateTracker - Pull Formulário da Vigilancia Comunitaria - Skipping submission 1016 of 1299: already downloaded
2025-12-30 01:48:13,647 [ForkJoinPool-3-worker-1] INFO  o.o.b.p.a.PullFromAggregateTracker - Pull Formulário da Vigilancia Comunitaria - Skipping submission 157 of 258: already downloaded
2025-12-30 01:48:13,649 [ForkJoinPool-3-worker-9] INFO  o.o.b.p.a.PullFromAggregateTracker - Pull Formulário da Vigilancia Hospitalar - Skipping submission 424 of 1156: already downloaded
2025-12-30 01:48:13,652 [ForkJoinPool-3-worker-1] INFO  o.o.b.p.a.PullFromAggregateTracker - Pull Formulário da Vigilancia Comunitaria - Skipping submission 158 of 258: already downloaded
2025-12-30 01:48:13,652 [ForkJoinPool-3-worker-9] INFO  o.o.b.p.a.PullFromAggregateTracker - Pull Formulário da Vigilancia Hospitalar - Skipping submission 425 of 1156: already downloaded
2025-12-30 01:48:13,649 [ForkJoinPool-3-worker-11] INFO  o.o.b.p.a.PullFromAggregateTracker - Pull Formulário da Vigilancia Hospitalar - Skipping submission 578 of 601: already downloaded
2025-12-30 01:48:13,652 [ForkJoinPool-3-worker-13] INFO  o.o.b.p.a.PullFromAggregateTracker - Pull Formulário da Vigilancia Comunitaria - Skipping submission 1019 of 1299: already downloaded
2025-12-30 01:48:13,652 [ForkJoinPool-3-worker-8] INFO  o.o.b.p.a.PullFromAggregateTracker - Pull Formulário da Vigilancia Comunitaria - Skipping submission 1018 of 1299: already downloaded
2025-12-30 01:48:13,656 [ForkJoinPool-3-worker-6] INFO  o.o.b.p.a.PullFromAggregateTracker - Pull Formulário da Vigilancia Hospitalar - Laboratório - Skipping submission 218 of 642: already downloaded
2025-12-30 01:48:13,656 [ForkJoinPool-3-worker-1] INFO  o.o.b.p.a.PullFromAggregateTracker - Pull Formulário da Vigilancia Comunitaria - Skipping submission 159 of 258: already downloaded
2025-12-30 01:48:13,656 [ForkJoinPool-3-worker-9] INFO  o.o.b.p.a.PullFromAggregateTracker - Pull Formulário da Vigilancia Hospitalar - Skipping submission 426 of 1156: already downloaded
2025-12-30 01:48:13,656 [ForkJoinPool-3-worker-6] INFO  o.o.b.p.a.PullFromAggregateTracker - Pull Formulário da Vigilancia Hospitalar - Laboratório - Skipping submission 219 of 642: already downloaded
2025-12-30 01:48:13,656 [ForkJoinPool-3-worker-1] INFO  o.o.b.p.a.PullFromAggregateTracker - Pull Formulário da Vigilancia Comunitaria - Skipping submission 160 of 258: already downloaded
2025-12-30 01:48:13,656 [ForkJoinPool-3-worker-11] INFO  o.o.b.p.a.PullFromAggregateTracker - Pull Formulário da Vigilancia Hospitalar - Skipping submission 579 of 601: already downloaded
2025-12-30 01:48:13,656 [ForkJoinPool-3-worker-9] INFO  o.o.b.p.a.PullFromAggregateTracker - Pull Formulário da Vigilancia Hospitalar - Skipping submission 427 of 1156: already downloaded
2025-12-30 01:48:13,659 [ForkJoinPool-3-worker-13] INFO  o.o.b.p.a.PullFromAggregateTracker - Pull Formulário da Vigilancia Comunitaria - Skipping submission 1020 of 1299: already downloaded
2025-12-30 01:48:13,660 [ForkJoinPool-3-worker-6] INFO  o.o.b.p.a.PullFromAggregateTracker - Pull Formulário da Vigilancia Hospitalar - Laboratório - Skipping submission 220 of 642: already downloaded
2025-12-30 01:48:13,660 [ForkJoinPool-3-worker-1] INFO  o.o.b.p.a.PullFromAggregateTracker - Pull Formulário da Vigilancia Comunitaria - Skipping submission 161 of 258: already downloaded
2025-12-30 01:48:13,660 [ForkJoinPool-3-worker-9] INFO  o.o.b.p.a.PullFromAggregateTracker - Pull Formulário da Vigilancia Hospitalar - Skipping submission 428 of 1156: already downloaded
2025-12-30 01:48:13,661 [ForkJoinPool-3-worker-13] INFO  o.o.b.p.a.PullFromAggregateTracker - Pull Formulário da Vigilancia Comunitaria - Skipping submission 1022 of 1299: already downloaded
2025-12-30 01:48:13,661 [ForkJoinPool-3-worker-6] INFO  o.o.b.p.a.PullFromAggregateTracker - Pull Formulário da Vigilancia Hospitalar - Laboratório - Skipping submission 221 of 642: already downloaded
2025-12-30 01:48:13,662 [ForkJoinPool-3-worker-1] INFO  o.o.b.p.a.PullFromAggregateTracker - Pull Formulário da Vigilancia Comunitaria - Skipping submission 162 of 258: already downloaded
2025-12-30 01:48:13,662 [ForkJoinPool-3-worker-8] INFO  o.o.b.p.a.PullFromAggregateTracker - Pull Formulário da Vigilancia Comunitaria - Skipping submission 1021 of 1299: already downloaded
2025-12-30 01:48:13,661 [ForkJoinPool-3-worker-9] INFO  o.o.b.p.a.PullFromAggregateTracker - Pull Formulário da Vigilancia Hospitalar - Skipping submission 429 of 1156: already downloaded
2025-12-30 01:48:13,662 [ForkJoinPool-3-worker-11] INFO  o.o.b.p.a.PullFromAggregateTracker - Pull Formulário da Vigilancia Hospitalar - Skipping submission 580 of 601: already downloaded
2025-12-30 01:48:13,663 [ForkJoinPool-3-worker-11] INFO  o.o.b.p.a.PullFromAggregateTracker - Pull Formulário da Vigilancia Hospitalar - Skipping submission 581 of 601: already downloaded
2025-12-30 01:48:13,663 [ForkJoinPool-3-worker-13] INFO  o.o.b.p.a.PullFromAggregateTracker - Pull Formulário da Vigilancia Comunitaria - Skipping submission 1023 of 1299: already downloaded
2025-12-30 01:48:13,662 [ForkJoinPool-3-worker-9] INFO  o.o.b.p.a.PullFromAggregateTracker - Pull Formulário da Vigilancia Hospitalar - Skipping submission 430 of 1156: already downloaded
2025-12-30 01:48:13,665 [ForkJoinPool-3-worker-6] INFO  o.o.b.p.a.PullFromAggregateTracker - Pull Formulário da Vigilancia Hospitalar - Laboratório - Skipping submission 222 of 642: already downloaded
2025-12-30 01:48:13,665 [ForkJoinPool-3-worker-8] INFO  o.o.b.p.a.PullFromAggregateTracker - Pull Formulário da Vigilancia Comunitaria - Skipping submission 1024 of 1299: already downloaded
2025-12-30 01:48:13,665 [ForkJoinPool-3-worker-6] INFO  o.o.b.p.a.PullFromAggregateTracker - Pull Formulário da Vigilancia Hospitalar - Laboratório - Skipping submission 223 of 642: already downloaded
2025-12-30 01:48:13,665 [ForkJoinPool-3-worker-13] INFO  o.o.b.p.a.PullFromAggregateTracker - Pull Formulário da Vigilancia Comunitaria - Skipping submission 1025 of 1299: already downloaded
2025-12-30 01:48:13,665 [ForkJoinPool-3-worker-6] INFO  o.o.b.p.a.PullFromAggregateTracker - Pull Formulário da Vigilancia Hospitalar - Laboratório - Skipping submission 224 of 642: already downloaded
2025-12-30 01:48:13,667 [ForkJoinPool-3-worker-1] INFO  o.o.b.p.a.PullFromAggregateTracker - Pull Formulário da Vigilancia Comunitaria - Skipping submission 163 of 258: already downloaded
2025-12-30 01:48:13,668 [ForkJoinPool-3-worker-8] INFO  o.o.b.p.a.PullFromAggregateTracker - Pull Formulário da Vigilancia Comunitaria - Skipping submission 1026 of 1299: already downloaded
2025-12-30 01:48:13,668 [ForkJoinPool-3-worker-11] INFO  o.o.b.p.a.PullFromAggregateTracker - Pull Formulário da Vigilancia Hospitalar - Skipping submission 582 of 601: already downloaded
2025-12-30 01:48:13,669 [ForkJoinPool-3-worker-8] INFO  o.o.b.p.a.PullFromAggregateTracker - Pull Formulário da Vigilancia Comunitaria - Skipping submission 1028 of 1299: already downloaded
2025-12-30 01:48:13,669 [ForkJoinPool-3-worker-9] INFO  o.o.b.p.a.PullFromAggregateTracker - Pull Formulário da Vigilancia Hospitalar - Skipping submission 431 of 1156: already downloaded
2025-12-30 01:48:13,669 [ForkJoinPool-3-worker-8] INFO  o.o.b.p.a.PullFromAggregateTracker - Pull Formulário da Vigilancia Comunitaria - Skipping submission 1029 of 1299: already downloaded
2025-12-30 01:48:13,669 [ForkJoinPool-3-worker-11] INFO  o.o.b.p.a.PullFromAggregateTracker - Pull Formulário da Vigilancia Hospitalar - Skipping submission 583 of 601: already downloaded
2025-12-30 01:48:13,669 [ForkJoinPool-3-worker-8] INFO  o.o.b.p.a.PullFromAggregateTracker - Pull Formulário da Vigilancia Comunitaria - Skipping submission 1030 of 1299: already downloaded
2025-12-30 01:48:13,671 [ForkJoinPool-3-worker-1] INFO  o.o.b.p.a.PullFromAggregateTracker - Pull Formulário da Vigilancia Comunitaria - Skipping submission 164 of 258: already downloaded
2025-12-30 01:48:13,671 [ForkJoinPool-3-worker-9] INFO  o.o.b.p.a.PullFromAggregateTracker - Pull Formulário da Vigilancia Hospitalar - Skipping submission 432 of 1156: already downloaded
2025-12-30 01:48:13,671 [ForkJoinPool-3-worker-9] INFO  o.o.b.p.a.PullFromAggregateTracker - Pull Formulário da Vigilancia Hospitalar - Skipping submission 433 of 1156: already downloaded
2025-12-30 01:48:13,671 [ForkJoinPool-3-worker-1] INFO  o.o.b.p.a.PullFromAggregateTracker - Pull Formulário da Vigilancia Comunitaria - Skipping submission 165 of 258: already downloaded
2025-12-30 01:48:13,671 [ForkJoinPool-3-worker-6] INFO  o.o.b.p.a.PullFromAggregateTracker - Pull Formulário da Vigilancia Hospitalar - Laboratório - Skipping submission 225 of 642: already downloaded
2025-12-30 01:48:13,673 [ForkJoinPool-3-worker-13] INFO  o.o.b.p.a.PullFromAggregateTracker - Pull Formulário da Vigilancia Comunitaria - Skipping submission 1027 of 1299: already downloaded
2025-12-30 01:48:13,673 [ForkJoinPool-3-worker-6] INFO  o.o.b.p.a.PullFromAggregateTracker - Pull Formulário da Vigilancia Hospitalar - Laboratório - Skipping submission 226 of 642: already downloaded
2025-12-30 01:48:13,673 [ForkJoinPool-3-worker-11] INFO  o.o.b.p.a.PullFromAggregateTracker - Pull Formulário da Vigilancia Hospitalar - Skipping submission 584 of 601: already downloaded
2025-12-30 01:48:13,673 [ForkJoinPool-3-worker-8] INFO  o.o.b.p.a.PullFromAggregateTracker - Pull Formulário da Vigilancia Comunitaria - Skipping submission 1031 of 1299: already downloaded
2025-12-30 01:48:13,675 [ForkJoinPool-3-worker-8] INFO  o.o.b.p.a.PullFromAggregateTracker - Pull Formulário da Vigilancia Comunitaria - Skipping submission 1032 of 1299: already downloaded
2025-12-30 01:48:13,676 [ForkJoinPool-3-worker-9] INFO  o.o.b.p.a.PullFromAggregateTracker - Pull Formulário da Vigilancia Hospitalar - Skipping submission 434 of 1156: already downloaded
2025-12-30 01:48:13,676 [ForkJoinPool-3-worker-1] INFO  o.o.b.p.a.PullFromAggregateTracker - Pull Formulário da Vigilancia Comunitaria - Skipping submission 166 of 258: already downloaded
2025-12-30 01:48:13,676 [ForkJoinPool-3-worker-13] INFO  o.o.b.p.a.PullFromAggregateTracker - Pull Formulário da Vigilancia Comunitaria - Skipping submission 1033 of 1299: already downloaded
2025-12-30 01:48:13,676 [ForkJoinPool-3-worker-11] INFO  o.o.b.p.a.PullFromAggregateTracker - Pull Formulário da Vigilancia Hospitalar - Skipping submission 585 of 601: already downloaded
2025-12-30 01:48:13,676 [ForkJoinPool-3-worker-9] INFO  o.o.b.p.a.PullFromAggregateTracker - Pull Formulário da Vigilancia Hospitalar - Skipping submission 435 of 1156: already downloaded
2025-12-30 01:48:13,676 [ForkJoinPool-3-worker-6] INFO  o.o.b.p.a.PullFromAggregateTracker - Pull Formulário da Vigilancia Hospitalar - Laboratório - Skipping submission 227 of 642: already downloaded
2025-12-30 01:48:13,678 [ForkJoinPool-3-worker-8] INFO  o.o.b.p.a.PullFromAggregateTracker - Pull Formulário da Vigilancia Comunitaria - Skipping submission 1034 of 1299: already downloaded
2025-12-30 01:48:13,678 [ForkJoinPool-3-worker-8] INFO  o.o.b.p.a.PullFromAggregateTracker - Pull Formulário da Vigilancia Comunitaria - Skipping submission 1035 of 1299: already downloaded
2025-12-30 01:48:13,680 [ForkJoinPool-3-worker-6] INFO  o.o.b.p.a.PullFromAggregateTracker - Pull Formulário da Vigilancia Hospitalar - Laboratório - Skipping submission 228 of 642: already downloaded
2025-12-30 01:48:13,680 [ForkJoinPool-3-worker-13] INFO  o.o.b.p.a.PullFromAggregateTracker - Pull Formulário da Vigilancia Comunitaria - Skipping submission 1037 of 1299: already downloaded
2025-12-30 01:48:13,682 [ForkJoinPool-3-worker-1] INFO  o.o.b.p.a.PullFromAggregateTracker - Pull Formulário da Vigilancia Comunitaria - Skipping submission 167 of 258: already downloaded
2025-12-30 01:48:13,680 [ForkJoinPool-3-worker-8] INFO  o.o.b.p.a.PullFromAggregateTracker - Pull Formulário da Vigilancia Comunitaria - Skipping submission 1036 of 1299: already downloaded
2025-12-30 01:48:13,682 [ForkJoinPool-3-worker-13] INFO  o.o.b.p.a.PullFromAggregateTracker - Pull Formulário da Vigilancia Comunitaria - Skipping submission 1038 of 1299: already downloaded
2025-12-30 01:48:13,682 [ForkJoinPool-3-worker-9] INFO  o.o.b.p.a.PullFromAggregateTracker - Pull Formulário da Vigilancia Hospitalar - Skipping submission 436 of 1156: already downloaded
2025-12-30 01:48:13,682 [ForkJoinPool-3-worker-11] INFO  o.o.b.p.a.PullFromAggregateTracker - Pull Formulário da Vigilancia Hospitalar - Skipping submission 586 of 601: already downloaded
2025-12-30 01:48:13,685 [ForkJoinPool-3-worker-6] INFO  o.o.b.p.a.PullFromAggregateTracker - Pull Formulário da Vigilancia Hospitalar - Laboratório - Skipping submission 229 of 642: already downloaded
2025-12-30 01:48:13,686 [ForkJoinPool-3-worker-13] INFO  o.o.b.p.a.PullFromAggregateTracker - Pull Formulário da Vigilancia Comunitaria - Skipping submission 1039 of 1299: already downloaded
2025-12-30 01:48:13,685 [ForkJoinPool-3-worker-11] INFO  o.o.b.p.a.PullFromAggregateTracker - Pull Formulário da Vigilancia Hospitalar - Skipping submission 587 of 601: already downloaded
2025-12-30 01:48:13,685 [ForkJoinPool-3-worker-1] INFO  o.o.b.p.a.PullFromAggregateTracker - Pull Formulário da Vigilancia Comunitaria - Skipping submission 168 of 258: already downloaded
2025-12-30 01:48:13,685 [ForkJoinPool-3-worker-9] INFO  o.o.b.p.a.PullFromAggregateTracker - Pull Formulário da Vigilancia Hospitalar - Skipping submission 437 of 1156: already downloaded
2025-12-30 01:48:13,686 [ForkJoinPool-3-worker-6] INFO  o.o.b.p.a.PullFromAggregateTracker - Pull Formulário da Vigilancia Hospitalar - Laboratório - Skipping submission 230 of 642: already downloaded
2025-12-30 01:48:13,686 [ForkJoinPool-3-worker-8] INFO  o.o.b.p.a.PullFromAggregateTracker - Pull Formulário da Vigilancia Comunitaria - Skipping submission 1040 of 1299: already downloaded
2025-12-30 01:48:13,689 [ForkJoinPool-3-worker-8] INFO  o.o.b.p.a.PullFromAggregateTracker - Pull Formulário da Vigilancia Comunitaria - Skipping submission 1042 of 1299: already downloaded
2025-12-30 01:48:13,686 [ForkJoinPool-3-worker-1] INFO  o.o.b.p.a.PullFromAggregateTracker - Pull Formulário da Vigilancia Comunitaria - Skipping submission 169 of 258: already downloaded
2025-12-30 01:48:13,688 [ForkJoinPool-3-worker-9] INFO  o.o.b.p.a.PullFromAggregateTracker - Pull Formulário da Vigilancia Hospitalar - Skipping submission 438 of 1156: already downloaded
2025-12-30 01:48:13,688 [ForkJoinPool-3-worker-13] INFO  o.o.b.p.a.PullFromAggregateTracker - Pull Formulário da Vigilancia Comunitaria - Skipping submission 1041 of 1299: already downloaded
2025-12-30 01:48:13,688 [ForkJoinPool-3-worker-11] INFO  o.o.b.p.a.PullFromAggregateTracker - Pull Formulário da Vigilancia Hospitalar - Skipping submission 588 of 601: already downloaded
2025-12-30 01:48:13,691 [ForkJoinPool-3-worker-8] INFO  o.o.b.p.a.PullFromAggregateTracker - Pull Formulário da Vigilancia Comunitaria - Skipping submission 1043 of 1299: already downloaded
2025-12-30 01:48:13,691 [ForkJoinPool-3-worker-9] INFO  o.o.b.p.a.PullFromAggregateTracker - Pull Formulário da Vigilancia Hospitalar - Skipping submission 439 of 1156: already downloaded
2025-12-30 01:48:13,691 [ForkJoinPool-3-worker-1] INFO  o.o.b.p.a.PullFromAggregateTracker - Pull Formulário da Vigilancia Comunitaria - Skipping submission 170 of 258: already downloaded
2025-12-30 01:48:13,692 [ForkJoinPool-3-worker-6] INFO  o.o.b.p.a.PullFromAggregateTracker - Pull Formulário da Vigilancia Hospitalar - Laboratório - Skipping submission 231 of 642: already downloaded
2025-12-30 01:48:13,692 [ForkJoinPool-3-worker-9] INFO  o.o.b.p.a.PullFromAggregateTracker - Pull Formulário da Vigilancia Hospitalar - Skipping submission 440 of 1156: already downloaded
2025-12-30 01:48:13,692 [ForkJoinPool-3-worker-11] INFO  o.o.b.p.a.PullFromAggregateTracker - Pull Formulário da Vigilancia Hospitalar - Skipping submission 589 of 601: already downloaded
2025-12-30 01:48:13,692 [ForkJoinPool-3-worker-1] INFO  o.o.b.p.a.PullFromAggregateTracker - Pull Formulário da Vigilancia Comunitaria - Skipping submission 171 of 258: already downloaded
2025-12-30 01:48:13,692 [ForkJoinPool-3-worker-6] INFO  o.o.b.p.a.PullFromAggregateTracker - Pull Formulário da Vigilancia Hospitalar - Laboratório - Skipping submission 232 of 642: already downloaded
2025-12-30 01:48:13,692 [ForkJoinPool-3-worker-11] INFO  o.o.b.p.a.PullFromAggregateTracker - Pull Formulário da Vigilancia Hospitalar - Skipping submission 590 of 601: already downloaded
2025-12-30 01:48:13,692 [ForkJoinPool-3-worker-1] INFO  o.o.b.p.a.PullFromAggregateTracker - Pull Formulário da Vigilancia Comunitaria - Skipping submission 172 of 258: already downloaded
2025-12-30 01:48:13,695 [ForkJoinPool-3-worker-8] INFO  o.o.b.p.a.PullFromAggregateTracker - Pull Formulário da Vigilancia Comunitaria - Skipping submission 1045 of 1299: already downloaded
2025-12-30 01:48:13,694 [ForkJoinPool-3-worker-13] INFO  o.o.b.p.a.PullFromAggregateTracker - Pull Formulário da Vigilancia Comunitaria - Skipping submission 1044 of 1299: already downloaded
2025-12-30 01:48:13,696 [ForkJoinPool-3-worker-13] INFO  o.o.b.p.a.PullFromAggregateTracker - Pull Formulário da Vigilancia Comunitaria - Skipping submission 1047 of 1299: already downloaded
2025-12-30 01:48:13,696 [ForkJoinPool-3-worker-6] INFO  o.o.b.p.a.PullFromAggregateTracker - Pull Formulário da Vigilancia Hospitalar - Laboratório - Skipping submission 233 of 642: already downloaded
2025-12-30 01:48:13,698 [ForkJoinPool-3-worker-11] INFO  o.o.b.p.a.PullFromAggregateTracker - Pull Formulário da Vigilancia Hospitalar - Skipping submission 591 of 601: already downloaded
2025-12-30 01:48:13,698 [ForkJoinPool-3-worker-8] INFO  o.o.b.p.a.PullFromAggregateTracker - Pull Formulário da Vigilancia Comunitaria - Skipping submission 1046 of 1299: already downloaded
2025-12-30 01:48:13,698 [ForkJoinPool-3-worker-6] INFO  o.o.b.p.a.PullFromAggregateTracker - Pull Formulário da Vigilancia Hospitalar - Laboratório - Skipping submission 234 of 642: already downloaded
2025-12-30 01:48:13,698 [ForkJoinPool-3-worker-1] INFO  o.o.b.p.a.PullFromAggregateTracker - Pull Formulário da Vigilancia Comunitaria - Skipping submission 173 of 258: already downloaded
2025-12-30 01:48:13,700 [ForkJoinPool-3-worker-11] INFO  o.o.b.p.a.PullFromAggregateTracker - Pull Formulário da Vigilancia Hospitalar - Skipping submission 592 of 601: already downloaded
2025-12-30 01:48:13,700 [ForkJoinPool-3-worker-9] INFO  o.o.b.p.a.PullFromAggregateTracker - Pull Formulário da Vigilancia Hospitalar - Skipping submission 441 of 1156: already downloaded
2025-12-30 01:48:13,702 [ForkJoinPool-3-worker-1] INFO  o.o.b.p.a.PullFromAggregateTracker - Pull Formulário da Vigilancia Comunitaria - Skipping submission 174 of 258: already downloaded
2025-12-30 01:48:13,702 [ForkJoinPool-3-worker-9] INFO  o.o.b.p.a.PullFromAggregateTracker - Pull Formulário da Vigilancia Hospitalar - Skipping submission 442 of 1156: already downloaded
2025-12-30 01:48:13,702 [ForkJoinPool-3-worker-6] INFO  o.o.b.p.a.PullFromAggregateTracker - Pull Formulário da Vigilancia Hospitalar - Laboratório - Skipping submission 235 of 642: already downloaded
2025-12-30 01:48:13,702 [ForkJoinPool-3-worker-13] INFO  o.o.b.p.a.PullFromAggregateTracker - Pull Formulário da Vigilancia Comunitaria - Skipping submission 1048 of 1299: already downloaded
2025-12-30 01:48:13,702 [ForkJoinPool-3-worker-11] INFO  o.o.b.p.a.PullFromAggregateTracker - Pull Formulário da Vigilancia Hospitalar - Skipping submission 593 of 601: already downloaded
2025-12-30 01:48:13,703 [ForkJoinPool-3-worker-8] INFO  o.o.b.p.a.PullFromAggregateTracker - Pull Formulário da Vigilancia Comunitaria - Skipping submission 1049 of 1299: already downloaded
2025-12-30 01:48:13,703 [ForkJoinPool-3-worker-13] INFO  o.o.b.p.a.PullFromAggregateTracker - Pull Formulário da Vigilancia Comunitaria - Skipping submission 1050 of 1299: already downloaded
2025-12-30 01:48:13,704 [ForkJoinPool-3-worker-9] INFO  o.o.b.p.a.PullFromAggregateTracker - Pull Formulário da Vigilancia Hospitalar - Skipping submission 443 of 1156: already downloaded
2025-12-30 01:48:13,704 [ForkJoinPool-3-worker-6] INFO  o.o.b.p.a.PullFromAggregateTracker - Pull Formulário da Vigilancia Hospitalar - Laboratório - Skipping submission 236 of 642: already downloaded
2025-12-30 01:48:13,704 [ForkJoinPool-3-worker-8] INFO  o.o.b.p.a.PullFromAggregateTracker - Pull Formulário da Vigilancia Comunitaria - Skipping submission 1051 of 1299: already downloaded
2025-12-30 01:48:13,704 [ForkJoinPool-3-worker-11] INFO  o.o.b.p.a.PullFromAggregateTracker - Pull Formulário da Vigilancia Hospitalar - Skipping submission 594 of 601: already downloaded
2025-12-30 01:48:13,706 [ForkJoinPool-3-worker-9] INFO  o.o.b.p.a.PullFromAggregateTracker - Pull Formulário da Vigilancia Hospitalar - Skipping submission 444 of 1156: already downloaded
2025-12-30 01:48:13,706 [ForkJoinPool-3-worker-8] INFO  o.o.b.p.a.PullFromAggregateTracker - Pull Formulário da Vigilancia Comunitaria - Skipping submission 1053 of 1299: already downloaded
2025-12-30 01:48:13,707 [ForkJoinPool-3-worker-11] INFO  o.o.b.p.a.PullFromAggregateTracker - Pull Formulário da Vigilancia Hospitalar - Skipping submission 595 of 601: already downloaded
2025-12-30 01:48:13,707 [ForkJoinPool-3-worker-8] INFO  o.o.b.p.a.PullFromAggregateTracker - Pull Formulário da Vigilancia Comunitaria - Skipping submission 1054 of 1299: already downloaded
2025-12-30 01:48:13,707 [ForkJoinPool-3-worker-6] INFO  o.o.b.p.a.PullFromAggregateTracker - Pull Formulário da Vigilancia Hospitalar - Laboratório - Skipping submission 237 of 642: already downloaded
2025-12-30 01:48:13,704 [ForkJoinPool-3-worker-1] INFO  o.o.b.p.a.PullFromAggregateTracker - Pull Formulário da Vigilancia Comunitaria - Skipping submission 175 of 258: already downloaded
2025-12-30 01:48:13,704 [ForkJoinPool-3-worker-13] INFO  o.o.b.p.a.PullFromAggregateTracker - Pull Formulário da Vigilancia Comunitaria - Skipping submission 1052 of 1299: already downloaded
2025-12-30 01:48:13,707 [ForkJoinPool-3-worker-9] INFO  o.o.b.p.a.PullFromAggregateTracker - Pull Formulário da Vigilancia Hospitalar - Skipping submission 445 of 1156: already downloaded
2025-12-30 01:48:13,710 [ForkJoinPool-3-worker-1] INFO  o.o.b.p.a.PullFromAggregateTracker - Pull Formulário da Vigilancia Comunitaria - Skipping submission 176 of 258: already downloaded
2025-12-30 01:48:13,710 [ForkJoinPool-3-worker-9] INFO  o.o.b.p.a.PullFromAggregateTracker - Pull Formulário da Vigilancia Hospitalar - Skipping submission 446 of 1156: already downloaded
2025-12-30 01:48:13,712 [ForkJoinPool-3-worker-11] INFO  o.o.b.p.a.PullFromAggregateTracker - Pull Formulário da Vigilancia Hospitalar - Skipping submission 596 of 601: already downloaded
2025-12-30 01:48:13,712 [ForkJoinPool-3-worker-9] INFO  o.o.b.p.a.PullFromAggregateTracker - Pull Formulário da Vigilancia Hospitalar - Skipping submission 447 of 1156: already downloaded
2025-12-30 01:48:13,712 [ForkJoinPool-3-worker-6] INFO  o.o.b.p.a.PullFromAggregateTracker - Pull Formulário da Vigilancia Hospitalar - Laboratório - Skipping submission 238 of 642: already downloaded
2025-12-30 01:48:13,712 [ForkJoinPool-3-worker-11] INFO  o.o.b.p.a.PullFromAggregateTracker - Pull Formulário da Vigilancia Hospitalar - Skipping submission 597 of 601: already downloaded
2025-12-30 01:48:13,714 [ForkJoinPool-3-worker-1] INFO  o.o.b.p.a.PullFromAggregateTracker - Pull Formulário da Vigilancia Comunitaria - Skipping submission 177 of 258: already downloaded
2025-12-30 01:48:13,714 [ForkJoinPool-3-worker-6] INFO  o.o.b.p.a.PullFromAggregateTracker - Pull Formulário da Vigilancia Hospitalar - Laboratório - Skipping submission 239 of 642: already downloaded
2025-12-30 01:48:13,714 [ForkJoinPool-3-worker-8] INFO  o.o.b.p.a.PullFromAggregateTracker - Pull Formulário da Vigilancia Comunitaria - Skipping submission 1055 of 1299: already downloaded
2025-12-30 01:48:13,714 [ForkJoinPool-3-worker-1] INFO  o.o.b.p.a.PullFromAggregateTracker - Pull Formulário da Vigilancia Comunitaria - Skipping submission 178 of 258: already downloaded
2025-12-30 01:48:13,714 [ForkJoinPool-3-worker-9] INFO  o.o.b.p.a.PullFromAggregateTracker - Pull Formulário da Vigilancia Hospitalar - Skipping submission 448 of 1156: already downloaded
2025-12-30 01:48:13,714 [ForkJoinPool-3-worker-13] INFO  o.o.b.p.a.PullFromAggregateTracker - Pull Formulário da Vigilancia Comunitaria - Skipping submission 1056 of 1299: already downloaded
2025-12-30 01:48:13,716 [ForkJoinPool-3-worker-8] INFO  o.o.b.p.a.PullFromAggregateTracker - Pull Formulário da Vigilancia Comunitaria - Skipping submission 1057 of 1299: already downloaded
2025-12-30 01:48:13,716 [ForkJoinPool-3-worker-9] INFO  o.o.b.p.a.PullFromAggregateTracker - Pull Formulário da Vigilancia Hospitalar - Skipping submission 449 of 1156: already downloaded
2025-12-30 01:48:13,716 [ForkJoinPool-3-worker-9] INFO  o.o.b.p.a.PullFromAggregateTracker - Pull Formulário da Vigilancia Hospitalar - Skipping submission 450 of 1156: already downloaded
2025-12-30 01:48:13,716 [ForkJoinPool-3-worker-8] INFO  o.o.b.p.a.PullFromAggregateTracker - Pull Formulário da Vigilancia Comunitaria - Skipping submission 1058 of 1299: already downloaded
2025-12-30 01:48:13,716 [ForkJoinPool-3-worker-11] INFO  o.o.b.p.a.PullFromAggregateTracker - Pull Formulário da Vigilancia Hospitalar - Skipping submission 598 of 601: already downloaded
2025-12-30 01:48:13,716 [ForkJoinPool-3-worker-6] INFO  o.o.b.p.a.PullFromAggregateTracker - Pull Formulário da Vigilancia Hospitalar - Laboratório - Skipping submission 240 of 642: already downloaded
2025-12-30 01:48:13,716 [ForkJoinPool-3-worker-9] INFO  o.o.b.p.a.PullFromAggregateTracker - Pull Formulário da Vigilancia Hospitalar - Skipping submission 451 of 1156: already downloaded
2025-12-30 01:48:13,716 [ForkJoinPool-3-worker-1] INFO  o.o.b.p.a.PullFromAggregateTracker - Pull Formulário da Vigilancia Comunitaria - Skipping submission 179 of 258: already downloaded
2025-12-30 01:48:13,716 [ForkJoinPool-3-worker-13] INFO  o.o.b.p.a.PullFromAggregateTracker - Pull Formulário da Vigilancia Comunitaria - Start downloading submission 1059 of 1299
2025-12-30 01:48:13,719 [ForkJoinPool-3-worker-8] INFO  o.o.b.p.a.PullFromAggregateTracker - Pull Formulário da Vigilancia Comunitaria - Skipping submission 1060 of 1299: already downloaded
2025-12-30 01:48:13,719 [ForkJoinPool-3-worker-8] INFO  o.o.b.p.a.PullFromAggregateTracker - Pull Formulário da Vigilancia Comunitaria - Skipping submission 1061 of 1299: already downloaded
2025-12-30 01:48:13,719 [ForkJoinPool-3-worker-1] INFO  o.o.b.p.a.PullFromAggregateTracker - Pull Formulário da Vigilancia Comunitaria - Skipping submission 180 of 258: already downloaded
2025-12-30 01:48:13,719 [ForkJoinPool-3-worker-8] INFO  o.o.b.p.a.PullFromAggregateTracker - Pull Formulário da Vigilancia Comunitaria - Skipping submission 1062 of 1299: already downloaded
2025-12-30 01:48:13,721 [ForkJoinPool-3-worker-8] INFO  o.o.b.p.a.PullFromAggregateTracker - Pull Formulário da Vigilancia Comunitaria - Skipping submission 1063 of 1299: already downloaded
2025-12-30 01:48:13,723 [ForkJoinPool-3-worker-9] INFO  o.o.b.p.a.PullFromAggregateTracker - Pull Formulário da Vigilancia Hospitalar - Skipping submission 452 of 1156: already downloaded
2025-12-30 01:48:13,723 [ForkJoinPool-3-worker-9] INFO  o.o.b.p.a.PullFromAggregateTracker - Pull Formulário da Vigilancia Hospitalar - Skipping submission 453 of 1156: already downloaded
2025-12-30 01:48:13,723 [ForkJoinPool-3-worker-1] INFO  o.o.b.p.a.PullFromAggregateTracker - Pull Formulário da Vigilancia Comunitaria - Skipping submission 181 of 258: already downloaded
2025-12-30 01:48:13,723 [ForkJoinPool-3-worker-9] INFO  o.o.b.p.a.PullFromAggregateTracker - Pull Formulário da Vigilancia Hospitalar - Skipping submission 454 of 1156: already downloaded
2025-12-30 01:48:13,723 [ForkJoinPool-3-worker-8] INFO  o.o.b.p.a.PullFromAggregateTracker - Pull Formulário da Vigilancia Comunitaria - Skipping submission 1064 of 1299: already downloaded
2025-12-30 01:48:13,723 [ForkJoinPool-3-worker-6] INFO  o.o.b.p.a.PullFromAggregateTracker - Pull Formulário da Vigilancia Hospitalar - Laboratório - Skipping submission 241 of 642: already downloaded
2025-12-30 01:48:13,725 [ForkJoinPool-3-worker-9] INFO  o.o.b.p.a.PullFromAggregateTracker - Pull Formulário da Vigilancia Hospitalar - Skipping submission 455 of 1156: already downloaded
2025-12-30 01:48:13,725 [ForkJoinPool-3-worker-1] INFO  o.o.b.p.a.PullFromAggregateTracker - Pull Formulário da Vigilancia Comunitaria - Skipping submission 182 of 258: already downloaded
2025-12-30 01:48:13,726 [ForkJoinPool-3-worker-1] INFO  o.o.b.p.a.PullFromAggregateTracker - Pull Formulário da Vigilancia Comunitaria - Skipping submission 183 of 258: already downloaded
2025-12-30 01:48:13,726 [ForkJoinPool-3-worker-11] INFO  o.o.b.p.a.PullFromAggregateTracker - Pull Formulário da Vigilancia Hospitalar - Skipping submission 599 of 601: already downloaded
2025-12-30 01:48:13,726 [ForkJoinPool-3-worker-9] INFO  o.o.b.p.a.PullFromAggregateTracker - Pull Formulário da Vigilancia Hospitalar - Skipping submission 456 of 1156: already downloaded
2025-12-30 01:48:13,725 [ForkJoinPool-3-worker-8] INFO  o.o.b.p.a.PullFromAggregateTracker - Pull Formulário da Vigilancia Comunitaria - Skipping submission 1065 of 1299: already downloaded
2025-12-30 01:48:13,728 [ForkJoinPool-3-worker-9] INFO  o.o.b.p.a.PullFromAggregateTracker - Pull Formulário da Vigilancia Hospitalar - Skipping submission 457 of 1156: already downloaded
2025-12-30 01:48:13,728 [ForkJoinPool-3-worker-11] INFO  o.o.b.p.a.PullFromAggregateTracker - Pull Formulário da Vigilancia Hospitalar - Skipping submission 600 of 601: already downloaded
2025-12-30 01:48:13,728 [ForkJoinPool-3-worker-6] INFO  o.o.b.p.a.PullFromAggregateTracker - Pull Formulário da Vigilancia Hospitalar - Laboratório - Skipping submission 242 of 642: already downloaded
2025-12-30 01:48:13,729 [ForkJoinPool-3-worker-11] INFO  o.o.b.p.a.PullFromAggregateTracker - Pull Formulário da Vigilancia Hospitalar - Skipping submission 601 of 601: already downloaded
2025-12-30 01:48:13,729 [ForkJoinPool-3-worker-9] INFO  o.o.b.p.a.PullFromAggregateTracker - Pull Formulário da Vigilancia Hospitalar - Skipping submission 458 of 1156: already downloaded
2025-12-30 01:48:13,731 [ForkJoinPool-3-worker-9] INFO  o.o.b.p.a.PullFromAggregateTracker - Pull Formulário da Vigilancia Hospitalar - Skipping submission 459 of 1156: already downloaded
2025-12-30 01:48:13,731 [ForkJoinPool-3-worker-8] INFO  o.o.b.p.a.PullFromAggregateTracker - Pull Formulário da Vigilancia Comunitaria - Skipping submission 1066 of 1299: already downloaded
2025-12-30 01:48:13,731 [ForkJoinPool-3-worker-8] INFO  o.o.b.p.a.PullFromAggregateTracker - Pull Formulário da Vigilancia Comunitaria - Skipping submission 1067 of 1299: already downloaded
2025-12-30 01:48:13,731 [ForkJoinPool-3-worker-6] INFO  o.o.b.p.a.PullFromAggregateTracker - Pull Formulário da Vigilancia Hospitalar - Laboratório - Skipping submission 243 of 642: already downloaded
2025-12-30 01:48:13,731 [ForkJoinPool-3-worker-11] INFO  o.o.b.p.a.PullFromAggregateTracker - Pull Formulário da Vigilancia Hospitalar - Success
2025-12-30 01:48:13,731 [ForkJoinPool-3-worker-1] INFO  o.o.b.p.a.PullFromAggregateTracker - Pull Formulário da Vigilancia Comunitaria - Skipping submission 184 of 258: already downloaded
2025-12-30 01:48:13,731 [ForkJoinPool-3-worker-8] INFO  o.o.b.p.a.PullFromAggregateTracker - Pull Formulário da Vigilancia Comunitaria - Skipping submission 1068 of 1299: already downloaded
2025-12-30 01:48:13,731 [ForkJoinPool-3-worker-1] INFO  o.o.b.p.a.PullFromAggregateTracker - Pull Formulário da Vigilancia Comunitaria - Skipping submission 185 of 258: already downloaded
2025-12-30 01:48:13,733 [ForkJoinPool-3-worker-6] INFO  o.o.b.p.a.PullFromAggregateTracker - Pull Formulário da Vigilancia Hospitalar - Laboratório - Skipping submission 244 of 642: already downloaded
2025-12-30 01:48:13,733 [ForkJoinPool-3-worker-8] INFO  o.o.b.p.a.PullFromAggregateTracker - Pull Formulário da Vigilancia Comunitaria - Skipping submission 1069 of 1299: already downloaded
2025-12-30 01:48:13,731 [ForkJoinPool-3-worker-9] INFO  o.o.b.p.a.PullFromAggregateTracker - Pull Formulário da Vigilancia Hospitalar - Skipping submission 460 of 1156: already downloaded
2025-12-30 01:48:13,733 [ForkJoinPool-3-worker-1] INFO  o.o.b.p.a.PullFromAggregateTracker - Pull Formulário da Vigilancia Comunitaria - Skipping submission 186 of 258: already downloaded
2025-12-30 01:48:13,733 [ForkJoinPool-3-worker-8] INFO  o.o.b.p.a.PullFromAggregateTracker - Pull Formulário da Vigilancia Comunitaria - Skipping submission 1070 of 1299: already downloaded
2025-12-30 01:48:13,738 [ForkJoinPool-3-worker-1] INFO  o.o.b.p.a.PullFromAggregateTracker - Pull Formulário da Vigilancia Comunitaria - Skipping submission 187 of 258: already downloaded
2025-12-30 01:48:13,736 [ForkJoinPool-3-worker-9] INFO  o.o.b.p.a.PullFromAggregateTracker - Pull Formulário da Vigilancia Hospitalar - Skipping submission 461 of 1156: already downloaded
2025-12-30 01:48:13,739 [ForkJoinPool-3-worker-9] INFO  o.o.b.p.a.PullFromAggregateTracker - Pull Formulário da Vigilancia Hospitalar - Skipping submission 462 of 1156: already downloaded
2025-12-30 01:48:13,739 [ForkJoinPool-3-worker-8] INFO  o.o.b.p.a.PullFromAggregateTracker - Pull Formulário da Vigilancia Comunitaria - Skipping submission 1071 of 1299: already downloaded
2025-12-30 01:48:13,734 [ForkJoinPool-3-worker-6] INFO  o.o.b.p.a.PullFromAggregateTracker - Pull Formulário da Vigilancia Hospitalar - Laboratório - Skipping submission 245 of 642: already downloaded
2025-12-30 01:48:13,739 [ForkJoinPool-3-worker-9] INFO  o.o.b.p.a.PullFromAggregateTracker - Pull Formulário da Vigilancia Hospitalar - Skipping submission 463 of 1156: already downloaded
2025-12-30 01:48:13,747 [ForkJoinPool-3-worker-9] INFO  o.o.b.p.a.PullFromAggregateTracker - Pull Formulário da Vigilancia Hospitalar - Skipping submission 464 of 1156: already downloaded
2025-12-30 01:48:13,747 [ForkJoinPool-3-worker-9] INFO  o.o.b.p.a.PullFromAggregateTracker - Pull Formulário da Vigilancia Hospitalar - Skipping submission 465 of 1156: already downloaded
2025-12-30 01:48:13,739 [ForkJoinPool-3-worker-8] INFO  o.o.b.p.a.PullFromAggregateTracker - Pull Formulário da Vigilancia Comunitaria - Skipping submission 1072 of 1299: already downloaded
2025-12-30 01:48:13,740 [ForkJoinPool-3-worker-6] INFO  o.o.b.p.a.PullFromAggregateTracker - Pull Formulário da Vigilancia Hospitalar - Laboratório - Skipping submission 246 of 642: already downloaded
2025-12-30 01:48:13,755 [ForkJoinPool-3-worker-8] INFO  o.o.b.p.a.PullFromAggregateTracker - Pull Formulário da Vigilancia Hospitalar - Skipping submission 76 of 250: already downloaded
2025-12-30 01:48:13,753 [ForkJoinPool-3-worker-9] INFO  o.o.b.p.a.PullFromAggregateTracker - Pull Formulário da Vigilancia Hospitalar - Skipping submission 466 of 1156: already downloaded
2025-12-30 01:48:13,747 [ForkJoinPool-3-worker-1] INFO  o.o.b.p.a.PullFromAggregateTracker - Pull Formulário da Vigilancia Comunitaria - Skipping submission 188 of 258: already downloaded
2025-12-30 01:48:13,783 [ForkJoinPool-3-worker-6] INFO  o.o.b.p.a.PullFromAggregateTracker - Pull Formulário da Vigilancia Hospitalar - Laboratório - Skipping submission 247 of 642: already downloaded
2025-12-30 01:48:13,784 [ForkJoinPool-3-worker-11] INFO  o.o.b.p.a.PullFromAggregateTracker - Pull VIGILÂNCIA  AMBIENTAL - Start pulling form and submissions
2025-12-30 01:48:13,784 [ForkJoinPool-3-worker-8] INFO  o.o.b.p.a.PullFromAggregateTracker - Pull Formulário da Vigilancia Hospitalar - Skipping submission 77 of 250: already downloaded
2025-12-30 01:48:13,794 [ForkJoinPool-3-worker-1] INFO  o.o.b.p.a.PullFromAggregateTracker - Pull Formulário da Vigilancia Comunitaria - Skipping submission 189 of 258: already downloaded
2025-12-30 01:48:13,796 [ForkJoinPool-3-worker-9] INFO  o.o.b.p.a.PullFromAggregateTracker - Pull Formulário da Vigilancia Hospitalar - Skipping submission 467 of 1156: already downloaded
2025-12-30 01:48:13,796 [ForkJoinPool-3-worker-11] INFO  o.o.b.p.a.PullFromAggregateTracker - Pull VIGILÂNCIA  AMBIENTAL - Start downloading form
2025-12-30 01:48:13,794 [ForkJoinPool-3-worker-10] INFO  o.o.b.p.a.PullFromAggregateTracker - Pull Formulário da Vigilancia Hospitalar - Laboratório - Submission 206 of 642 downloaded
2025-12-30 01:48:13,797 [ForkJoinPool-3-worker-1] INFO  o.o.b.p.a.PullFromAggregateTracker - Pull Formulário da Vigilancia Comunitaria - Skipping submission 190 of 258: already downloaded
2025-12-30 01:48:13,797 [ForkJoinPool-3-worker-6] INFO  o.o.b.p.a.PullFromAggregateTracker - Pull Formulário da Vigilancia Hospitalar - Laboratório - Skipping submission 248 of 642: already downloaded
2025-12-30 01:48:13,797 [ForkJoinPool-3-worker-9] INFO  o.o.b.p.a.PullFromAggregateTracker - Pull Formulário da Vigilancia Hospitalar - Skipping submission 468 of 1156: already downloaded
2025-12-30 01:48:13,797 [ForkJoinPool-3-worker-8] INFO  o.o.b.p.a.PullFromAggregateTracker - Pull Formulário da Vigilancia Hospitalar - Skipping submission 78 of 250: already downloaded
2025-12-30 01:48:13,802 [ForkJoinPool-3-worker-8] INFO  o.o.b.p.a.PullFromAggregateTracker - Pull Formulário da Vigilancia Hospitalar - Skipping submission 79 of 250: already downloaded
2025-12-30 01:48:13,804 [ForkJoinPool-3-worker-9] INFO  o.o.b.p.a.PullFromAggregateTracker - Pull Formulário da Vigilancia Hospitalar - Skipping submission 469 of 1156: already downloaded
2025-12-30 01:48:13,808 [ForkJoinPool-3-worker-1] INFO  o.o.b.p.a.PullFromAggregateTracker - Pull Formulário da Vigilancia Comunitaria - Skipping submission 191 of 258: already downloaded
2025-12-30 01:48:13,813 [ForkJoinPool-3-worker-8] INFO  o.o.b.p.a.PullFromAggregateTracker - Pull Formulário da Vigilancia Hospitalar - Skipping submission 80 of 250: already downloaded
2025-12-30 01:48:13,805 [ForkJoinPool-3-worker-9] INFO  o.o.b.p.a.PullFromAggregateTracker - Pull Formulário da Vigilancia Hospitalar - Skipping submission 470 of 1156: already downloaded
2025-12-30 01:48:13,810 [ForkJoinPool-3-worker-2] INFO  o.o.b.p.a.PullFromAggregateTracker - Pull Formulário da Vigilancia Hospitalar - Laboratório - Submission 27 of 74 downloaded
2025-12-30 01:48:13,813 [ForkJoinPool-3-worker-6] INFO  o.o.b.p.a.PullFromAggregateTracker - Pull Formulário da Vigilancia Hospitalar - Laboratório - Skipping submission 249 of 642: already downloaded
2025-12-30 01:48:13,813 [ForkJoinPool-3-worker-4] INFO  o.o.b.p.a.PullFromAggregateTracker - Pull Formulário da Vigilancia Hospitalar - Laboratório - Submission 28 of 74 downloaded
2025-12-30 01:48:13,823 [ForkJoinPool-3-worker-1] INFO  o.o.b.p.a.PullFromAggregateTracker - Pull Formulário da Vigilancia Comunitaria - Skipping submission 192 of 258: already downloaded
2025-12-30 01:48:13,823 [ForkJoinPool-3-worker-8] INFO  o.o.b.p.a.PullFromAggregateTracker - Pull Formulário da Vigilancia Hospitalar - Skipping submission 81 of 250: already downloaded
2025-12-30 01:48:13,823 [ForkJoinPool-3-worker-9] INFO  o.o.b.p.a.PullFromAggregateTracker - Pull Formulário da Vigilancia Hospitalar - Skipping submission 471 of 1156: already downloaded
2025-12-30 01:48:13,828 [ForkJoinPool-3-worker-9] INFO  o.o.b.p.a.PullFromAggregateTracker - Pull Formulário da Vigilancia Hospitalar - Skipping submission 472 of 1156: already downloaded
2025-12-30 01:48:13,829 [ForkJoinPool-3-worker-9] INFO  o.o.b.p.a.PullFromAggregateTracker - Pull Formulário da Vigilancia Hospitalar - Skipping submission 473 of 1156: already downloaded
2025-12-30 01:48:13,829 [ForkJoinPool-3-worker-8] INFO  o.o.b.p.a.PullFromAggregateTracker - Pull Formulário da Vigilancia Hospitalar - Skipping submission 82 of 250: already downloaded
2025-12-30 01:48:13,829 [ForkJoinPool-3-worker-1] INFO  o.o.b.p.a.PullFromAggregateTracker - Pull Formulário da Vigilancia Comunitaria - Skipping submission 193 of 258: already downloaded
2025-12-30 01:48:13,829 [ForkJoinPool-3-worker-15] INFO  o.o.b.p.a.PullFromAggregateTracker - Pull Formulário da Vigilancia Hospitalar - Submission 384 of 1156 downloaded
2025-12-30 01:48:13,831 [ForkJoinPool-3-worker-8] INFO  o.o.b.p.a.PullFromAggregateTracker - Pull Formulário da Vigilancia Hospitalar - Skipping submission 83 of 250: already downloaded
2025-12-30 01:48:13,834 [ForkJoinPool-3-worker-9] INFO  o.o.b.p.a.PullFromAggregateTracker - Pull Formulário da Vigilancia Hospitalar - Skipping submission 474 of 1156: already downloaded
2025-12-30 01:48:13,833 [ForkJoinPool-3-worker-1] INFO  o.o.b.p.a.PullFromAggregateTracker - Pull Formulário da Vigilancia Comunitaria - Skipping submission 194 of 258: already downloaded
2025-12-30 01:48:13,840 [ForkJoinPool-3-worker-3] INFO  o.o.b.p.a.PullFromAggregateTracker - Pull Formulário da Vigilancia Hospitalar - Submission 75 of 250 downloaded
2025-12-30 01:48:13,846 [ForkJoinPool-3-worker-9] INFO  o.o.b.p.a.PullFromAggregateTracker - Pull Formulário da Vigilancia Hospitalar - Skipping submission 475 of 1156: already downloaded
2025-12-30 01:48:13,840 [ForkJoinPool-3-worker-8] INFO  o.o.b.p.a.PullFromAggregateTracker - Pull Formulário da Vigilancia Hospitalar - Skipping submission 84 of 250: already downloaded
2025-12-30 01:48:13,848 [ForkJoinPool-3-worker-1] INFO  o.o.b.p.a.PullFromAggregateTracker - Pull Formulário da Vigilancia Comunitaria - Skipping submission 195 of 258: already downloaded
2025-12-30 01:48:13,851 [ForkJoinPool-3-worker-3] INFO  o.o.b.p.a.PullFromAggregateTracker - Pull Formulário da Vigilancia Hospitalar - Start downloading submission 85 of 250
2025-12-30 01:48:13,853 [ForkJoinPool-3-worker-1] INFO  o.o.b.p.a.PullFromAggregateTracker - Pull Formulário da Vigilancia Comunitaria - Skipping submission 196 of 258: already downloaded
2025-12-30 01:48:13,853 [ForkJoinPool-3-worker-15] INFO  o.o.b.p.a.PullFromAggregateTracker - Pull Formulário da Vigilancia Hospitalar - Start downloading submission 476 of 1156
2025-12-30 01:48:13,853 [ForkJoinPool-3-worker-9] INFO  o.o.b.p.a.PullFromAggregateTracker - Pull Formulário da Vigilancia Hospitalar - Skipping submission 477 of 1156: already downloaded
2025-12-30 01:48:13,855 [ForkJoinPool-3-worker-4] INFO  o.o.b.p.a.PullFromAggregateTracker - Pull Formulário da Vigilancia Hospitalar - Laboratório - Start downloading submission 29 of 74
2025-12-30 01:48:13,858 [ForkJoinPool-3-worker-8] INFO  o.o.b.p.a.PullFromAggregateTracker - Pull Formulário da Vigilancia Hospitalar - Skipping submission 86 of 250: already downloaded
2025-12-30 01:48:13,860 [ForkJoinPool-3-worker-9] INFO  o.o.b.p.a.PullFromAggregateTracker - Pull Formulário da Vigilancia Hospitalar - Skipping submission 478 of 1156: already downloaded
2025-12-30 01:48:13,866 [ForkJoinPool-3-worker-10] INFO  o.o.b.p.a.PullFromAggregateTracker - Pull Formulário da Vigilancia Hospitalar - Laboratório - Start downloading submission 251 of 642
2025-12-30 01:48:13,865 [ForkJoinPool-3-worker-9] INFO  o.o.b.p.a.PullFromAggregateTracker - Pull Formulário da Vigilancia Hospitalar - Skipping submission 479 of 1156: already downloaded
2025-12-30 01:48:13,860 [ForkJoinPool-3-worker-1] INFO  o.o.b.p.a.PullFromAggregateTracker - Pull Formulário da Vigilancia Comunitaria - Skipping submission 197 of 258: already downloaded
2025-12-30 01:48:13,871 [ForkJoinPool-3-worker-8] INFO  o.o.b.p.a.PullFromAggregateTracker - Pull Formulário da Vigilancia Hospitalar - Skipping submission 87 of 250: already downloaded
2025-12-30 01:48:13,869 [ForkJoinPool-3-worker-6] INFO  o.o.b.p.a.PullFromAggregateTracker - Pull Formulário da Vigilancia Hospitalar - Laboratório - Skipping submission 250 of 642: already downloaded
2025-12-30 01:48:13,876 [ForkJoinPool-3-worker-8] INFO  o.o.b.p.a.PullFromAggregateTracker - Pull Formulário da Vigilancia Hospitalar - Skipping submission 88 of 250: already downloaded
2025-12-30 01:48:13,876 [ForkJoinPool-3-worker-9] INFO  o.o.b.p.a.PullFromAggregateTracker - Pull Formulário da Vigilancia Hospitalar - Skipping submission 480 of 1156: already downloaded
2025-12-30 01:48:13,878 [ForkJoinPool-3-worker-8] INFO  o.o.b.p.a.PullFromAggregateTracker - Pull Formulário da Vigilancia Hospitalar - Skipping submission 89 of 250: already downloaded
2025-12-30 01:48:13,880 [ForkJoinPool-3-worker-6] INFO  o.o.b.p.a.PullFromAggregateTracker - Pull Formulário da Vigilancia Hospitalar - Laboratório - Skipping submission 252 of 642: already downloaded
2025-12-30 01:48:13,880 [ForkJoinPool-3-worker-1] INFO  o.o.b.p.a.PullFromAggregateTracker - Pull Formulário da Vigilancia Comunitaria - Skipping submission 198 of 258: already downloaded
2025-12-30 01:48:13,878 [ForkJoinPool-3-worker-9] INFO  o.o.b.p.a.PullFromAggregateTracker - Pull Formulário da Vigilancia Hospitalar - Skipping submission 481 of 1156: already downloaded
2025-12-30 01:48:13,883 [ForkJoinPool-3-worker-9] INFO  o.o.b.p.a.PullFromAggregateTracker - Pull Formulário da Vigilancia Hospitalar - Skipping submission 482 of 1156: already downloaded
2025-12-30 01:48:13,884 [ForkJoinPool-3-worker-1] INFO  o.o.b.p.a.PullFromAggregateTracker - Pull Formulário da Vigilancia Comunitaria - Skipping submission 199 of 258: already downloaded
2025-12-30 01:48:13,883 [ForkJoinPool-3-worker-6] INFO  o.o.b.p.a.PullFromAggregateTracker - Pull Formulário da Vigilancia Hospitalar - Laboratório - Skipping submission 253 of 642: already downloaded
2025-12-30 01:48:13,893 [ForkJoinPool-3-worker-6] INFO  o.o.b.p.a.PullFromAggregateTracker - Pull Formulário da Vigilancia Hospitalar - Laboratório - Skipping submission 254 of 642: already downloaded
2025-12-30 01:48:13,893 [ForkJoinPool-3-worker-8] INFO  o.o.b.p.a.PullFromAggregateTracker - Pull Formulário da Vigilancia Hospitalar - Skipping submission 90 of 250: already downloaded
2025-12-30 01:48:13,878 [ForkJoinPool-3-worker-2] INFO  o.o.b.p.a.PullFromAggregateTracker - Pull Formulário da Vigilancia Hospitalar - Laboratório - Start downloading submission 30 of 74
2025-12-30 01:48:13,895 [ForkJoinPool-3-worker-9] INFO  o.o.b.p.a.PullFromAggregateTracker - Pull Formulário da Vigilancia Hospitalar - Skipping submission 483 of 1156: already downloaded
2025-12-30 01:48:13,895 [ForkJoinPool-3-worker-1] INFO  o.o.b.p.a.PullFromAggregateTracker - Pull Formulário da Vigilancia Comunitaria - Skipping submission 200 of 258: already downloaded
2025-12-30 01:48:13,895 [ForkJoinPool-3-worker-8] INFO  o.o.b.p.a.PullFromAggregateTracker - Pull Formulário da Vigilancia Hospitalar - Skipping submission 91 of 250: already downloaded
2025-12-30 01:48:13,895 [ForkJoinPool-3-worker-6] INFO  o.o.b.p.a.PullFromAggregateTracker - Pull Formulário da Vigilancia Hospitalar - Laboratório - Skipping submission 255 of 642: already downloaded
2025-12-30 01:48:13,898 [ForkJoinPool-3-worker-8] INFO  o.o.b.p.a.PullFromAggregateTracker - Pull Formulário da Vigilancia Hospitalar - Skipping submission 92 of 250: already downloaded
2025-12-30 01:48:13,898 [ForkJoinPool-3-worker-1] INFO  o.o.b.p.a.PullFromAggregateTracker - Pull Formulário da Vigilancia Comunitaria - Skipping submission 201 of 258: already downloaded
2025-12-30 01:48:13,898 [ForkJoinPool-3-worker-6] INFO  o.o.b.p.a.PullFromAggregateTracker - Pull Formulário da Vigilancia Hospitalar - Laboratório - Skipping submission 256 of 642: already downloaded
2025-12-30 01:48:13,900 [ForkJoinPool-3-worker-8] INFO  o.o.b.p.a.PullFromAggregateTracker - Pull Formulário da Vigilancia Hospitalar - Skipping submission 93 of 250: already downloaded
2025-12-30 01:48:13,900 [ForkJoinPool-3-worker-9] INFO  o.o.b.p.a.PullFromAggregateTracker - Pull Formulário da Vigilancia Hospitalar - Skipping submission 484 of 1156: already downloaded
2025-12-30 01:48:13,900 [ForkJoinPool-3-worker-1] INFO  o.o.b.p.a.PullFromAggregateTracker - Pull Formulário da Vigilancia Comunitaria - Skipping submission 202 of 258: already downloaded
2025-12-30 01:48:13,900 [ForkJoinPool-3-worker-6] INFO  o.o.b.p.a.PullFromAggregateTracker - Pull Formulário da Vigilancia Hospitalar - Laboratório - Skipping submission 257 of 642: already downloaded
2025-12-30 01:48:13,900 [ForkJoinPool-3-worker-8] INFO  o.o.b.p.a.PullFromAggregateTracker - Pull Formulário da Vigilancia Hospitalar - Skipping submission 94 of 250: already downloaded
2025-12-30 01:48:13,902 [ForkJoinPool-3-worker-9] INFO  o.o.b.p.a.PullFromAggregateTracker - Pull Formulário da Vigilancia Hospitalar - Skipping submission 485 of 1156: already downloaded
2025-12-30 01:48:13,903 [ForkJoinPool-3-worker-6] INFO  o.o.b.p.a.PullFromAggregateTracker - Pull Formulário da Vigilancia Hospitalar - Laboratório - Skipping submission 258 of 642: already downloaded
2025-12-30 01:48:13,903 [ForkJoinPool-3-worker-8] INFO  o.o.b.p.a.PullFromAggregateTracker - Pull Formulário da Vigilancia Hospitalar - Skipping submission 95 of 250: already downloaded
2025-12-30 01:48:13,903 [ForkJoinPool-3-worker-6] INFO  o.o.b.p.a.PullFromAggregateTracker - Pull Formulário da Vigilancia Hospitalar - Laboratório - Skipping submission 259 of 642: already downloaded
2025-12-30 01:48:13,902 [ForkJoinPool-3-worker-1] INFO  o.o.b.p.a.PullFromAggregateTracker - Pull Formulário da Vigilancia Comunitaria - Skipping submission 203 of 258: already downloaded
2025-12-30 01:48:13,903 [ForkJoinPool-3-worker-8] INFO  o.o.b.p.a.PullFromAggregateTracker - Pull Formulário da Vigilancia Hospitalar - Skipping submission 96 of 250: already downloaded
2025-12-30 01:48:13,903 [ForkJoinPool-3-worker-9] INFO  o.o.b.p.a.PullFromAggregateTracker - Pull Formulário da Vigilancia Hospitalar - Skipping submission 486 of 1156: already downloaded
2025-12-30 01:48:13,906 [ForkJoinPool-3-worker-9] INFO  o.o.b.p.a.PullFromAggregateTracker - Pull Formulário da Vigilancia Hospitalar - Skipping submission 487 of 1156: already downloaded
2025-12-30 01:48:13,906 [ForkJoinPool-3-worker-6] INFO  o.o.b.p.a.PullFromAggregateTracker - Pull Formulário da Vigilancia Hospitalar - Laboratório - Skipping submission 260 of 642: already downloaded
2025-12-30 01:48:13,907 [ForkJoinPool-3-worker-8] INFO  o.o.b.p.a.PullFromAggregateTracker - Pull Formulário da Vigilancia Hospitalar - Skipping submission 97 of 250: already downloaded
2025-12-30 01:48:13,907 [ForkJoinPool-3-worker-6] INFO  o.o.b.p.a.PullFromAggregateTracker - Pull Formulário da Vigilancia Hospitalar - Laboratório - Skipping submission 261 of 642: already downloaded
2025-12-30 01:48:13,907 [ForkJoinPool-3-worker-1] INFO  o.o.b.p.a.PullFromAggregateTracker - Pull Formulário da Vigilancia Comunitaria - Skipping submission 204 of 258: already downloaded
2025-12-30 01:48:13,908 [ForkJoinPool-3-worker-1] INFO  o.o.b.p.a.PullFromAggregateTracker - Pull Formulário da Vigilancia Comunitaria - Skipping submission 205 of 258: already downloaded
2025-12-30 01:48:13,909 [ForkJoinPool-3-worker-1] INFO  o.o.b.p.a.PullFromAggregateTracker - Pull Formulário da Vigilancia Comunitaria - Skipping submission 206 of 258: already downloaded
2025-12-30 01:48:13,909 [ForkJoinPool-3-worker-9] INFO  o.o.b.p.a.PullFromAggregateTracker - Pull Formulário da Vigilancia Hospitalar - Skipping submission 488 of 1156: already downloaded
2025-12-30 01:48:13,910 [ForkJoinPool-3-worker-1] INFO  o.o.b.p.a.PullFromAggregateTracker - Pull Formulário da Vigilancia Comunitaria - Skipping submission 207 of 258: already downloaded
2025-12-30 01:48:13,910 [ForkJoinPool-3-worker-8] INFO  o.o.b.p.a.PullFromAggregateTracker - Pull Formulário da Vigilancia Hospitalar - Skipping submission 98 of 250: already downloaded
2025-12-30 01:48:13,910 [ForkJoinPool-3-worker-6] INFO  o.o.b.p.a.PullFromAggregateTracker - Pull Formulário da Vigilancia Hospitalar - Laboratório - Skipping submission 262 of 642: already downloaded
2025-12-30 01:48:13,910 [ForkJoinPool-3-worker-9] INFO  o.o.b.p.a.PullFromAggregateTracker - Pull Formulário da Vigilancia Hospitalar - Skipping submission 489 of 1156: already downloaded
2025-12-30 01:48:13,910 [ForkJoinPool-3-worker-1] INFO  o.o.b.p.a.PullFromAggregateTracker - Pull Formulário da Vigilancia Comunitaria - Skipping submission 208 of 258: already downloaded
2025-12-30 01:48:13,910 [ForkJoinPool-3-worker-9] INFO  o.o.b.p.a.PullFromAggregateTracker - Pull Formulário da Vigilancia Hospitalar - Skipping submission 490 of 1156: already downloaded
2025-12-30 01:48:13,910 [ForkJoinPool-3-worker-6] INFO  o.o.b.p.a.PullFromAggregateTracker - Pull Formulário da Vigilancia Hospitalar - Laboratório - Skipping submission 263 of 642: already downloaded
2025-12-30 01:48:13,912 [ForkJoinPool-3-worker-8] INFO  o.o.b.p.a.PullFromAggregateTracker - Pull Formulário da Vigilancia Hospitalar - Skipping submission 99 of 250: already downloaded
2025-12-30 01:48:13,912 [ForkJoinPool-3-worker-1] INFO  o.o.b.p.a.PullFromAggregateTracker - Pull Formulário da Vigilancia Comunitaria - Skipping submission 209 of 258: already downloaded
2025-12-30 01:48:13,912 [ForkJoinPool-3-worker-6] INFO  o.o.b.p.a.PullFromAggregateTracker - Pull Formulário da Vigilancia Hospitalar - Laboratório - Skipping submission 264 of 642: already downloaded
2025-12-30 01:48:13,913 [ForkJoinPool-3-worker-8] INFO  o.o.b.p.a.PullFromAggregateTracker - Pull Formulário da Vigilancia Hospitalar - Skipping submission 100 of 250: already downloaded
2025-12-30 01:48:13,913 [ForkJoinPool-3-worker-1] INFO  o.o.b.p.a.PullFromAggregateTracker - Pull Formulário da Vigilancia Comunitaria - Skipping submission 210 of 258: already downloaded
2025-12-30 01:48:13,912 [ForkJoinPool-3-worker-9] INFO  o.o.b.p.a.PullFromAggregateTracker - Pull Formulário da Vigilancia Hospitalar - Skipping submission 491 of 1156: already downloaded
2025-12-30 01:48:13,915 [ForkJoinPool-3-worker-9] INFO  o.o.b.p.a.PullFromAggregateTracker - Pull Formulário da Vigilancia Hospitalar - Skipping submission 492 of 1156: already downloaded
2025-12-30 01:48:13,915 [ForkJoinPool-3-worker-6] INFO  o.o.b.p.a.PullFromAggregateTracker - Pull Formulário da Vigilancia Hospitalar - Laboratório - Skipping submission 265 of 642: already downloaded
2025-12-30 01:48:13,915 [ForkJoinPool-3-worker-9] INFO  o.o.b.p.a.PullFromAggregateTracker - Pull Formulário da Vigilancia Hospitalar - Skipping submission 493 of 1156: already downloaded
2025-12-30 01:48:13,915 [ForkJoinPool-3-worker-9] INFO  o.o.b.p.a.PullFromAggregateTracker - Pull Formulário da Vigilancia Hospitalar - Skipping submission 494 of 1156: already downloaded
2025-12-30 01:48:13,916 [ForkJoinPool-3-worker-1] INFO  o.o.b.p.a.PullFromAggregateTracker - Pull Formulário da Vigilancia Comunitaria - Skipping submission 211 of 258: already downloaded
2025-12-30 01:48:13,916 [ForkJoinPool-3-worker-6] INFO  o.o.b.p.a.PullFromAggregateTracker - Pull Formulário da Vigilancia Hospitalar - Laboratório - Skipping submission 266 of 642: already downloaded
2025-12-30 01:48:13,917 [ForkJoinPool-3-worker-8] INFO  o.o.b.p.a.PullFromAggregateTracker - Pull Formulário da Vigilancia Hospitalar - Skipping submission 101 of 250: already downloaded
2025-12-30 01:48:13,917 [ForkJoinPool-3-worker-6] INFO  o.o.b.p.a.PullFromAggregateTracker - Pull Formulário da Vigilancia Hospitalar - Laboratório - Skipping submission 267 of 642: already downloaded
2025-12-30 01:48:13,917 [ForkJoinPool-3-worker-8] INFO  o.o.b.p.a.PullFromAggregateTracker - Pull Formulário da Vigilancia Hospitalar - Skipping submission 102 of 250: already downloaded
2025-12-30 01:48:13,917 [ForkJoinPool-3-worker-1] INFO  o.o.b.p.a.PullFromAggregateTracker - Pull Formulário da Vigilancia Comunitaria - Skipping submission 212 of 258: already downloaded
2025-12-30 01:48:13,917 [ForkJoinPool-3-worker-8] INFO  o.o.b.p.a.PullFromAggregateTracker - Pull Formulário da Vigilancia Hospitalar - Skipping submission 103 of 250: already downloaded
2025-12-30 01:48:13,917 [ForkJoinPool-3-worker-1] INFO  o.o.b.p.a.PullFromAggregateTracker - Pull Formulário da Vigilancia Comunitaria - Skipping submission 213 of 258: already downloaded
2025-12-30 01:48:13,917 [ForkJoinPool-3-worker-6] INFO  o.o.b.p.a.PullFromAggregateTracker - Pull Formulário da Vigilancia Hospitalar - Laboratório - Skipping submission 268 of 642: already downloaded
2025-12-30 01:48:13,917 [ForkJoinPool-3-worker-8] INFO  o.o.b.p.a.PullFromAggregateTracker - Pull Formulário da Vigilancia Hospitalar - Skipping submission 104 of 250: already downloaded
2025-12-30 01:48:13,919 [ForkJoinPool-3-worker-9] INFO  o.o.b.p.a.PullFromAggregateTracker - Pull Formulário da Vigilancia Hospitalar - Skipping submission 495 of 1156: already downloaded
2025-12-30 01:48:13,919 [ForkJoinPool-3-worker-1] INFO  o.o.b.p.a.PullFromAggregateTracker - Pull Formulário da Vigilancia Comunitaria - Skipping submission 214 of 258: already downloaded
2025-12-30 01:48:13,919 [ForkJoinPool-3-worker-9] INFO  o.o.b.p.a.PullFromAggregateTracker - Pull Formulário da Vigilancia Hospitalar - Skipping submission 496 of 1156: already downloaded
2025-12-30 01:48:13,919 [ForkJoinPool-3-worker-8] INFO  o.o.b.p.a.PullFromAggregateTracker - Pull Formulário da Vigilancia Hospitalar - Skipping submission 105 of 250: already downloaded
2025-12-30 01:48:13,919 [ForkJoinPool-3-worker-6] INFO  o.o.b.p.a.PullFromAggregateTracker - Pull Formulário da Vigilancia Hospitalar - Laboratório - Skipping submission 269 of 642: already downloaded
2025-12-30 01:48:13,919 [ForkJoinPool-3-worker-1] INFO  o.o.b.p.a.PullFromAggregateTracker - Pull Formulário da Vigilancia Comunitaria - Skipping submission 215 of 258: already downloaded
2025-12-30 01:48:13,921 [ForkJoinPool-3-worker-6] INFO  o.o.b.p.a.PullFromAggregateTracker - Pull Formulário da Vigilancia Hospitalar - Laboratório - Skipping submission 270 of 642: already downloaded
2025-12-30 01:48:13,921 [ForkJoinPool-3-worker-9] INFO  o.o.b.p.a.PullFromAggregateTracker - Pull Formulário da Vigilancia Hospitalar - Skipping submission 497 of 1156: already downloaded
2025-12-30 01:48:13,921 [ForkJoinPool-3-worker-8] INFO  o.o.b.p.a.PullFromAggregateTracker - Pull Formulário da Vigilancia Hospitalar - Skipping submission 106 of 250: already downloaded
2025-12-30 01:48:13,921 [ForkJoinPool-3-worker-9] INFO  o.o.b.p.a.PullFromAggregateTracker - Pull Formulário da Vigilancia Hospitalar - Skipping submission 498 of 1156: already downloaded
2025-12-30 01:48:13,922 [ForkJoinPool-3-worker-6] INFO  o.o.b.p.a.PullFromAggregateTracker - Pull Formulário da Vigilancia Hospitalar - Laboratório - Skipping submission 271 of 642: already downloaded
2025-12-30 01:48:13,922 [ForkJoinPool-3-worker-8] INFO  o.o.b.p.a.PullFromAggregateTracker - Pull Formulário da Vigilancia Hospitalar - Skipping submission 107 of 250: already downloaded
2025-12-30 01:48:13,922 [ForkJoinPool-3-worker-1] INFO  o.o.b.p.a.PullFromAggregateTracker - Pull Formulário da Vigilancia Comunitaria - Skipping submission 216 of 258: already downloaded
2025-12-30 01:48:13,923 [ForkJoinPool-3-worker-6] INFO  o.o.b.p.a.PullFromAggregateTracker - Pull Formulário da Vigilancia Hospitalar - Laboratório - Skipping submission 272 of 642: already downloaded
2025-12-30 01:48:13,923 [ForkJoinPool-3-worker-1] INFO  o.o.b.p.a.PullFromAggregateTracker - Pull Formulário da Vigilancia Comunitaria - Skipping submission 217 of 258: already downloaded
2025-12-30 01:48:13,923 [ForkJoinPool-3-worker-9] INFO  o.o.b.p.a.PullFromAggregateTracker - Pull Formulário da Vigilancia Hospitalar - Skipping submission 499 of 1156: already downloaded
2025-12-30 01:48:13,923 [ForkJoinPool-3-worker-8] INFO  o.o.b.p.a.PullFromAggregateTracker - Pull Formulário da Vigilancia Hospitalar - Skipping submission 108 of 250: already downloaded
2025-12-30 01:48:13,924 [ForkJoinPool-3-worker-6] INFO  o.o.b.p.a.PullFromAggregateTracker - Pull Formulário da Vigilancia Hospitalar - Laboratório - Skipping submission 273 of 642: already downloaded
2025-12-30 01:48:13,924 [ForkJoinPool-3-worker-8] INFO  o.o.b.p.a.PullFromAggregateTracker - Pull Formulário da Vigilancia Hospitalar - Skipping submission 109 of 250: already downloaded
2025-12-30 01:48:13,924 [ForkJoinPool-3-worker-9] INFO  o.o.b.p.a.PullFromAggregateTracker - Pull Formulário da Vigilancia Hospitalar - Skipping submission 500 of 1156: already downloaded
2025-12-30 01:48:13,924 [ForkJoinPool-3-worker-1] INFO  o.o.b.p.a.PullFromAggregateTracker - Pull Formulário da Vigilancia Comunitaria - Skipping submission 218 of 258: already downloaded
2025-12-30 01:48:13,924 [ForkJoinPool-3-worker-6] INFO  o.o.b.p.a.PullFromAggregateTracker - Pull Formulário da Vigilancia Hospitalar - Laboratório - Skipping submission 274 of 642: already downloaded
2025-12-30 01:48:13,924 [ForkJoinPool-3-worker-8] INFO  o.o.b.p.a.PullFromAggregateTracker - Pull Formulário da Vigilancia Hospitalar - Skipping submission 110 of 250: already downloaded
2025-12-30 01:48:13,926 [ForkJoinPool-3-worker-1] INFO  o.o.b.p.a.PullFromAggregateTracker - Pull Formulário da Vigilancia Comunitaria - Skipping submission 219 of 258: already downloaded
2025-12-30 01:48:13,926 [ForkJoinPool-3-worker-1] INFO  o.o.b.p.a.PullFromAggregateTracker - Pull Formulário da Vigilancia Comunitaria - Skipping submission 220 of 258: already downloaded
2025-12-30 01:48:13,926 [ForkJoinPool-3-worker-9] INFO  o.o.b.p.a.PullFromAggregateTracker - Pull Formulário da Vigilancia Hospitalar - Skipping submission 501 of 1156: already downloaded
2025-12-30 01:48:13,926 [ForkJoinPool-3-worker-9] INFO  o.o.b.p.a.PullFromAggregateTracker - Pull Formulário da Vigilancia Hospitalar - Skipping submission 502 of 1156: already downloaded
2025-12-30 01:48:13,926 [ForkJoinPool-3-worker-9] INFO  o.o.b.p.a.PullFromAggregateTracker - Pull Formulário da Vigilancia Hospitalar - Skipping submission 503 of 1156: already downloaded
2025-12-30 01:48:13,928 [ForkJoinPool-3-worker-1] INFO  o.o.b.p.a.PullFromAggregateTracker - Pull Formulário da Vigilancia Comunitaria - Skipping submission 221 of 258: already downloaded
2025-12-30 01:48:13,928 [ForkJoinPool-3-worker-6] INFO  o.o.b.p.a.PullFromAggregateTracker - Pull Formulário da Vigilancia Hospitalar - Laboratório - Skipping submission 275 of 642: already downloaded
2025-12-30 01:48:13,928 [ForkJoinPool-3-worker-8] INFO  o.o.b.p.a.PullFromAggregateTracker - Pull Formulário da Vigilancia Hospitalar - Skipping submission 111 of 250: already downloaded
2025-12-30 01:48:13,928 [ForkJoinPool-3-worker-6] INFO  o.o.b.p.a.PullFromAggregateTracker - Pull Formulário da Vigilancia Hospitalar - Laboratório - Skipping submission 276 of 642: already downloaded
2025-12-30 01:48:13,928 [ForkJoinPool-3-worker-9] INFO  o.o.b.p.a.PullFromAggregateTracker - Pull Formulário da Vigilancia Hospitalar - Skipping submission 504 of 1156: already downloaded
2025-12-30 01:48:13,930 [ForkJoinPool-3-worker-8] INFO  o.o.b.p.a.PullFromAggregateTracker - Pull Formulário da Vigilancia Hospitalar - Skipping submission 112 of 250: already downloaded
2025-12-30 01:48:13,931 [ForkJoinPool-3-worker-6] INFO  o.o.b.p.a.PullFromAggregateTracker - Pull Formulário da Vigilancia Hospitalar - Laboratório - Skipping submission 277 of 642: already downloaded
2025-12-30 01:48:13,931 [ForkJoinPool-3-worker-1] INFO  o.o.b.p.a.PullFromAggregateTracker - Pull Formulário da Vigilancia Comunitaria - Skipping submission 222 of 258: already downloaded
2025-12-30 01:48:13,931 [ForkJoinPool-3-worker-9] INFO  o.o.b.p.a.PullFromAggregateTracker - Pull Formulário da Vigilancia Hospitalar - Skipping submission 505 of 1156: already downloaded
2025-12-30 01:48:13,931 [ForkJoinPool-3-worker-9] INFO  o.o.b.p.a.PullFromAggregateTracker - Pull Formulário da Vigilancia Hospitalar - Skipping submission 506 of 1156: already downloaded
2025-12-30 01:48:13,931 [ForkJoinPool-3-worker-6] INFO  o.o.b.p.a.PullFromAggregateTracker - Pull Formulário da Vigilancia Hospitalar - Laboratório - Skipping submission 278 of 642: already downloaded
2025-12-30 01:48:13,931 [ForkJoinPool-3-worker-1] INFO  o.o.b.p.a.PullFromAggregateTracker - Pull Formulário da Vigilancia Comunitaria - Skipping submission 223 of 258: already downloaded
2025-12-30 01:48:13,931 [ForkJoinPool-3-worker-8] INFO  o.o.b.p.a.PullFromAggregateTracker - Pull Formulário da Vigilancia Hospitalar - Skipping submission 113 of 250: already downloaded
2025-12-30 01:48:13,931 [ForkJoinPool-3-worker-9] INFO  o.o.b.p.a.PullFromAggregateTracker - Pull Formulário da Vigilancia Hospitalar - Skipping submission 507 of 1156: already downloaded
2025-12-30 01:48:13,931 [ForkJoinPool-3-worker-6] INFO  o.o.b.p.a.PullFromAggregateTracker - Pull Formulário da Vigilancia Hospitalar - Laboratório - Skipping submission 279 of 642: already downloaded
2025-12-30 01:48:13,933 [ForkJoinPool-3-worker-6] INFO  o.o.b.p.a.PullFromAggregateTracker - Pull Formulário da Vigilancia Hospitalar - Laboratório - Skipping submission 280 of 642: already downloaded
2025-12-30 01:48:13,933 [ForkJoinPool-3-worker-9] INFO  o.o.b.p.a.PullFromAggregateTracker - Pull Formulário da Vigilancia Hospitalar - Skipping submission 508 of 1156: already downloaded
2025-12-30 01:48:13,933 [ForkJoinPool-3-worker-8] INFO  o.o.b.p.a.PullFromAggregateTracker - Pull Formulário da Vigilancia Hospitalar - Skipping submission 114 of 250: already downloaded
2025-12-30 01:48:13,933 [ForkJoinPool-3-worker-1] INFO  o.o.b.p.a.PullFromAggregateTracker - Pull Formulário da Vigilancia Comunitaria - Skipping submission 224 of 258: already downloaded
2025-12-30 01:48:13,933 [ForkJoinPool-3-worker-6] INFO  o.o.b.p.a.PullFromAggregateTracker - Pull Formulário da Vigilancia Hospitalar - Laboratório - Skipping submission 281 of 642: already downloaded
2025-12-30 01:48:13,934 [ForkJoinPool-3-worker-6] INFO  o.o.b.p.a.PullFromAggregateTracker - Pull Formulário da Vigilancia Hospitalar - Laboratório - Skipping submission 282 of 642: already downloaded
2025-12-30 01:48:13,934 [ForkJoinPool-3-worker-1] INFO  o.o.b.p.a.PullFromAggregateTracker - Pull Formulário da Vigilancia Comunitaria - Skipping submission 225 of 258: already downloaded
2025-12-30 01:48:13,934 [ForkJoinPool-3-worker-8] INFO  o.o.b.p.a.PullFromAggregateTracker - Pull Formulário da Vigilancia Hospitalar - Skipping submission 115 of 250: already downloaded
2025-12-30 01:48:13,934 [ForkJoinPool-3-worker-9] INFO  o.o.b.p.a.PullFromAggregateTracker - Pull Formulário da Vigilancia Hospitalar - Skipping submission 509 of 1156: already downloaded
2025-12-30 01:48:13,934 [ForkJoinPool-3-worker-6] INFO  o.o.b.p.a.PullFromAggregateTracker - Pull Formulário da Vigilancia Hospitalar - Laboratório - Skipping submission 283 of 642: already downloaded
2025-12-30 01:48:13,934 [ForkJoinPool-3-worker-1] INFO  o.o.b.p.a.PullFromAggregateTracker - Pull Formulário da Vigilancia Comunitaria - Skipping submission 226 of 258: already downloaded
2025-12-30 01:48:13,934 [ForkJoinPool-3-worker-8] INFO  o.o.b.p.a.PullFromAggregateTracker - Pull Formulário da Vigilancia Hospitalar - Skipping submission 116 of 250: already downloaded
2025-12-30 01:48:13,934 [ForkJoinPool-3-worker-9] INFO  o.o.b.p.a.PullFromAggregateTracker - Pull Formulário da Vigilancia Hospitalar - Skipping submission 510 of 1156: already downloaded
2025-12-30 01:48:13,934 [ForkJoinPool-3-worker-1] INFO  o.o.b.p.a.PullFromAggregateTracker - Pull Formulário da Vigilancia Comunitaria - Skipping submission 227 of 258: already downloaded
2025-12-30 01:48:13,934 [ForkJoinPool-3-worker-6] INFO  o.o.b.p.a.PullFromAggregateTracker - Pull Formulário da Vigilancia Hospitalar - Laboratório - Skipping submission 284 of 642: already downloaded
2025-12-30 01:48:13,936 [ForkJoinPool-3-worker-9] INFO  o.o.b.p.a.PullFromAggregateTracker - Pull Formulário da Vigilancia Hospitalar - Skipping submission 511 of 1156: already downloaded
2025-12-30 01:48:13,936 [ForkJoinPool-3-worker-1] INFO  o.o.b.p.a.PullFromAggregateTracker - Pull Formulário da Vigilancia Comunitaria - Skipping submission 228 of 258: already downloaded
2025-12-30 01:48:13,936 [ForkJoinPool-3-worker-6] INFO  o.o.b.p.a.PullFromAggregateTracker - Pull Formulário da Vigilancia Hospitalar - Laboratório - Skipping submission 285 of 642: already downloaded
2025-12-30 01:48:13,936 [ForkJoinPool-3-worker-8] INFO  o.o.b.p.a.PullFromAggregateTracker - Pull Formulário da Vigilancia Hospitalar - Skipping submission 117 of 250: already downloaded
2025-12-30 01:48:13,936 [ForkJoinPool-3-worker-9] INFO  o.o.b.p.a.PullFromAggregateTracker - Pull Formulário da Vigilancia Hospitalar - Skipping submission 512 of 1156: already downloaded
2025-12-30 01:48:13,936 [ForkJoinPool-3-worker-6] INFO  o.o.b.p.a.PullFromAggregateTracker - Pull Formulário da Vigilancia Hospitalar - Laboratório - Skipping submission 286 of 642: already downloaded
2025-12-30 01:48:13,936 [ForkJoinPool-3-worker-8] INFO  o.o.b.p.a.PullFromAggregateTracker - Pull Formulário da Vigilancia Hospitalar - Skipping submission 118 of 250: already downloaded
2025-12-30 01:48:13,936 [ForkJoinPool-3-worker-1] INFO  o.o.b.p.a.PullFromAggregateTracker - Pull Formulário da Vigilancia Comunitaria - Skipping submission 229 of 258: already downloaded
2025-12-30 01:48:13,936 [ForkJoinPool-3-worker-9] INFO  o.o.b.p.a.PullFromAggregateTracker - Pull Formulário da Vigilancia Hospitalar - Skipping submission 513 of 1156: already downloaded
2025-12-30 01:48:13,936 [ForkJoinPool-3-worker-1] INFO  o.o.b.p.a.PullFromAggregateTracker - Pull Formulário da Vigilancia Comunitaria - Skipping submission 230 of 258: already downloaded
2025-12-30 01:48:13,936 [ForkJoinPool-3-worker-9] INFO  o.o.b.p.a.PullFromAggregateTracker - Pull Formulário da Vigilancia Hospitalar - Skipping submission 514 of 1156: already downloaded
2025-12-30 01:48:13,936 [ForkJoinPool-3-worker-8] INFO  o.o.b.p.a.PullFromAggregateTracker - Pull Formulário da Vigilancia Hospitalar - Skipping submission 119 of 250: already downloaded
2025-12-30 01:48:13,938 [ForkJoinPool-3-worker-1] INFO  o.o.b.p.a.PullFromAggregateTracker - Pull Formulário da Vigilancia Comunitaria - Skipping submission 231 of 258: already downloaded
2025-12-30 01:48:13,938 [ForkJoinPool-3-worker-9] INFO  o.o.b.p.a.PullFromAggregateTracker - Pull Formulário da Vigilancia Hospitalar - Skipping submission 515 of 1156: already downloaded
2025-12-30 01:48:13,938 [ForkJoinPool-3-worker-6] INFO  o.o.b.p.a.PullFromAggregateTracker - Pull Formulário da Vigilancia Hospitalar - Laboratório - Skipping submission 287 of 642: already downloaded
2025-12-30 01:48:13,938 [ForkJoinPool-3-worker-1] INFO  o.o.b.p.a.PullFromAggregateTracker - Pull Formulário da Vigilancia Comunitaria - Skipping submission 232 of 258: already downloaded
2025-12-30 01:48:13,938 [ForkJoinPool-3-worker-8] INFO  o.o.b.p.a.PullFromAggregateTracker - Pull Formulário da Vigilancia Hospitalar - Skipping submission 120 of 250: already downloaded
2025-12-30 01:48:13,938 [ForkJoinPool-3-worker-1] INFO  o.o.b.p.a.PullFromAggregateTracker - Pull Formulário da Vigilancia Comunitaria - Skipping submission 233 of 258: already downloaded
2025-12-30 01:48:13,938 [ForkJoinPool-3-worker-9] INFO  o.o.b.p.a.PullFromAggregateTracker - Pull Formulário da Vigilancia Hospitalar - Skipping submission 516 of 1156: already downloaded
2025-12-30 01:48:13,938 [ForkJoinPool-3-worker-1] INFO  o.o.b.p.a.PullFromAggregateTracker - Pull Formulário da Vigilancia Comunitaria - Skipping submission 234 of 258: already downloaded
2025-12-30 01:48:13,938 [ForkJoinPool-3-worker-8] INFO  o.o.b.p.a.PullFromAggregateTracker - Pull Formulário da Vigilancia Hospitalar - Skipping submission 121 of 250: already downloaded
2025-12-30 01:48:13,938 [ForkJoinPool-3-worker-9] INFO  o.o.b.p.a.PullFromAggregateTracker - Pull Formulário da Vigilancia Hospitalar - Skipping submission 517 of 1156: already downloaded
2025-12-30 01:48:13,938 [ForkJoinPool-3-worker-6] INFO  o.o.b.p.a.PullFromAggregateTracker - Pull Formulário da Vigilancia Hospitalar - Laboratório - Skipping submission 288 of 642: already downloaded
2025-12-30 01:48:13,940 [ForkJoinPool-3-worker-9] INFO  o.o.b.p.a.PullFromAggregateTracker - Pull Formulário da Vigilancia Hospitalar - Skipping submission 518 of 1156: already downloaded
2025-12-30 01:48:13,940 [ForkJoinPool-3-worker-6] INFO  o.o.b.p.a.PullFromAggregateTracker - Pull Formulário da Vigilancia Hospitalar - Laboratório - Skipping submission 289 of 642: already downloaded
2025-12-30 01:48:13,941 [ForkJoinPool-3-worker-8] INFO  o.o.b.p.a.PullFromAggregateTracker - Pull Formulário da Vigilancia Hospitalar - Skipping submission 122 of 250: already downloaded
2025-12-30 01:48:13,941 [ForkJoinPool-3-worker-9] INFO  o.o.b.p.a.PullFromAggregateTracker - Pull Formulário da Vigilancia Hospitalar - Skipping submission 519 of 1156: already downloaded
2025-12-30 01:48:13,941 [ForkJoinPool-3-worker-1] INFO  o.o.b.p.a.PullFromAggregateTracker - Pull Formulário da Vigilancia Comunitaria - Skipping submission 235 of 258: already downloaded
2025-12-30 01:48:13,941 [ForkJoinPool-3-worker-9] INFO  o.o.b.p.a.PullFromAggregateTracker - Pull Formulário da Vigilancia Hospitalar - Skipping submission 520 of 1156: already downloaded
2025-12-30 01:48:13,941 [ForkJoinPool-3-worker-6] INFO  o.o.b.p.a.PullFromAggregateTracker - Pull Formulário da Vigilancia Hospitalar - Laboratório - Skipping submission 290 of 642: already downloaded
2025-12-30 01:48:13,942 [ForkJoinPool-3-worker-6] INFO  o.o.b.p.a.PullFromAggregateTracker - Pull Formulário da Vigilancia Hospitalar - Laboratório - Skipping submission 291 of 642: already downloaded
2025-12-30 01:48:13,942 [ForkJoinPool-3-worker-9] INFO  o.o.b.p.a.PullFromAggregateTracker - Pull Formulário da Vigilancia Hospitalar - Skipping submission 521 of 1156: already downloaded
2025-12-30 01:48:13,942 [ForkJoinPool-3-worker-8] INFO  o.o.b.p.a.PullFromAggregateTracker - Pull Formulário da Vigilancia Hospitalar - Skipping submission 123 of 250: already downloaded
2025-12-30 01:48:13,942 [ForkJoinPool-3-worker-1] INFO  o.o.b.p.a.PullFromAggregateTracker - Pull Formulário da Vigilancia Comunitaria - Skipping submission 236 of 258: already downloaded
2025-12-30 01:48:13,942 [ForkJoinPool-3-worker-8] INFO  o.o.b.p.a.PullFromAggregateTracker - Pull Formulário da Vigilancia Hospitalar - Skipping submission 124 of 250: already downloaded
2025-12-30 01:48:13,942 [ForkJoinPool-3-worker-9] INFO  o.o.b.p.a.PullFromAggregateTracker - Pull Formulário da Vigilancia Hospitalar - Skipping submission 522 of 1156: already downloaded
2025-12-30 01:48:13,944 [ForkJoinPool-3-worker-1] INFO  o.o.b.p.a.PullFromAggregateTracker - Pull Formulário da Vigilancia Comunitaria - Skipping submission 237 of 258: already downloaded
2025-12-30 01:48:13,944 [ForkJoinPool-3-worker-8] INFO  o.o.b.p.a.PullFromAggregateTracker - Pull Formulário da Vigilancia Hospitalar - Skipping submission 125 of 250: already downloaded
2025-12-30 01:48:13,944 [ForkJoinPool-3-worker-9] INFO  o.o.b.p.a.PullFromAggregateTracker - Pull Formulário da Vigilancia Hospitalar - Skipping submission 523 of 1156: already downloaded
2025-12-30 01:48:13,944 [ForkJoinPool-3-worker-9] INFO  o.o.b.p.a.PullFromAggregateTracker - Pull Formulário da Vigilancia Hospitalar - Skipping submission 524 of 1156: already downloaded
2025-12-30 01:48:13,944 [ForkJoinPool-3-worker-9] INFO  o.o.b.p.a.PullFromAggregateTracker - Pull Formulário da Vigilancia Hospitalar - Skipping submission 525 of 1156: already downloaded
2025-12-30 01:48:13,946 [ForkJoinPool-3-worker-6] INFO  o.o.b.p.a.PullFromAggregateTracker - Pull Formulário da Vigilancia Hospitalar - Laboratório - Skipping submission 292 of 642: already downloaded
2025-12-30 01:48:13,946 [ForkJoinPool-3-worker-8] INFO  o.o.b.p.a.PullFromAggregateTracker - Pull Formulário da Vigilancia Hospitalar - Skipping submission 126 of 250: already downloaded
2025-12-30 01:48:13,947 [ForkJoinPool-3-worker-1] INFO  o.o.b.p.a.PullFromAggregateTracker - Pull Formulário da Vigilancia Comunitaria - Skipping submission 238 of 258: already downloaded
2025-12-30 01:48:13,947 [ForkJoinPool-3-worker-6] INFO  o.o.b.p.a.PullFromAggregateTracker - Pull Formulário da Vigilancia Hospitalar - Laboratório - Skipping submission 293 of 642: already downloaded
2025-12-30 01:48:13,949 [ForkJoinPool-3-worker-6] INFO  o.o.b.p.a.PullFromAggregateTracker - Pull Formulário da Vigilancia Hospitalar - Laboratório - Skipping submission 294 of 642: already downloaded
2025-12-30 01:48:13,949 [ForkJoinPool-3-worker-9] INFO  o.o.b.p.a.PullFromAggregateTracker - Pull Formulário da Vigilancia Hospitalar - Skipping submission 526 of 1156: already downloaded
2025-12-30 01:48:13,949 [ForkJoinPool-3-worker-1] INFO  o.o.b.p.a.PullFromAggregateTracker - Pull Formulário da Vigilancia Comunitaria - Skipping submission 239 of 258: already downloaded
2025-12-30 01:48:13,949 [ForkJoinPool-3-worker-8] INFO  o.o.b.p.a.PullFromAggregateTracker - Pull Formulário da Vigilancia Hospitalar - Skipping submission 127 of 250: already downloaded
2025-12-30 01:48:13,949 [ForkJoinPool-3-worker-9] INFO  o.o.b.p.a.PullFromAggregateTracker - Pull Formulário da Vigilancia Hospitalar - Skipping submission 527 of 1156: already downloaded
2025-12-30 01:48:13,949 [ForkJoinPool-3-worker-8] INFO  o.o.b.p.a.PullFromAggregateTracker - Pull Formulário da Vigilancia Hospitalar - Skipping submission 128 of 250: already downloaded
2025-12-30 01:48:13,950 [ForkJoinPool-3-worker-6] INFO  o.o.b.p.a.PullFromAggregateTracker - Pull Formulário da Vigilancia Hospitalar - Laboratório - Skipping submission 295 of 642: already downloaded
2025-12-30 01:48:13,950 [ForkJoinPool-3-worker-8] INFO  o.o.b.p.a.PullFromAggregateTracker - Pull Formulário da Vigilancia Hospitalar - Skipping submission 129 of 250: already downloaded
2025-12-30 01:48:13,950 [ForkJoinPool-3-worker-9] INFO  o.o.b.p.a.PullFromAggregateTracker - Pull Formulário da Vigilancia Hospitalar - Skipping submission 528 of 1156: already downloaded
2025-12-30 01:48:13,952 [ForkJoinPool-3-worker-6] INFO  o.o.b.p.a.PullFromAggregateTracker - Pull Formulário da Vigilancia Hospitalar - Laboratório - Skipping submission 296 of 642: already downloaded
2025-12-30 01:48:13,952 [ForkJoinPool-3-worker-8] INFO  o.o.b.p.a.PullFromAggregateTracker - Pull Formulário da Vigilancia Hospitalar - Skipping submission 130 of 250: already downloaded
2025-12-30 01:48:13,952 [ForkJoinPool-3-worker-9] INFO  o.o.b.p.a.PullFromAggregateTracker - Pull Formulário da Vigilancia Hospitalar - Skipping submission 529 of 1156: already downloaded
2025-12-30 01:48:13,950 [ForkJoinPool-3-worker-1] INFO  o.o.b.p.a.PullFromAggregateTracker - Pull Formulário da Vigilancia Comunitaria - Skipping submission 240 of 258: already downloaded
2025-12-30 01:48:13,952 [ForkJoinPool-3-worker-8] INFO  o.o.b.p.a.PullFromAggregateTracker - Pull Formulário da Vigilancia Hospitalar - Skipping submission 131 of 250: already downloaded
2025-12-30 01:48:13,952 [ForkJoinPool-3-worker-9] INFO  o.o.b.p.a.PullFromAggregateTracker - Pull Formulário da Vigilancia Hospitalar - Skipping submission 530 of 1156: already downloaded
2025-12-30 01:48:13,952 [ForkJoinPool-3-worker-6] INFO  o.o.b.p.a.PullFromAggregateTracker - Pull Formulário da Vigilancia Hospitalar - Laboratório - Skipping submission 297 of 642: already downloaded
2025-12-30 01:48:13,954 [ForkJoinPool-3-worker-1] INFO  o.o.b.p.a.PullFromAggregateTracker - Pull Formulário da Vigilancia Comunitaria - Skipping submission 241 of 258: already downloaded
2025-12-30 01:48:13,954 [ForkJoinPool-3-worker-8] INFO  o.o.b.p.a.PullFromAggregateTracker - Pull Formulário da Vigilancia Hospitalar - Skipping submission 132 of 250: already downloaded
2025-12-30 01:48:13,954 [ForkJoinPool-3-worker-9] INFO  o.o.b.p.a.PullFromAggregateTracker - Pull Formulário da Vigilancia Hospitalar - Skipping submission 531 of 1156: already downloaded
2025-12-30 01:48:13,954 [ForkJoinPool-3-worker-1] INFO  o.o.b.p.a.PullFromAggregateTracker - Pull Formulário da Vigilancia Comunitaria - Skipping submission 242 of 258: already downloaded
2025-12-30 01:48:13,954 [ForkJoinPool-3-worker-6] INFO  o.o.b.p.a.PullFromAggregateTracker - Pull Formulário da Vigilancia Hospitalar - Laboratório - Skipping submission 298 of 642: already downloaded
2025-12-30 01:48:13,955 [ForkJoinPool-3-worker-8] INFO  o.o.b.p.a.PullFromAggregateTracker - Pull Formulário da Vigilancia Hospitalar - Skipping submission 133 of 250: already downloaded
2025-12-30 01:48:13,955 [ForkJoinPool-3-worker-9] INFO  o.o.b.p.a.PullFromAggregateTracker - Pull Formulário da Vigilancia Hospitalar - Skipping submission 532 of 1156: already downloaded
2025-12-30 01:48:13,955 [ForkJoinPool-3-worker-6] INFO  o.o.b.p.a.PullFromAggregateTracker - Pull Formulário da Vigilancia Hospitalar - Laboratório - Skipping submission 299 of 642: already downloaded
2025-12-30 01:48:13,955 [ForkJoinPool-3-worker-8] INFO  o.o.b.p.a.PullFromAggregateTracker - Pull Formulário da Vigilancia Hospitalar - Skipping submission 134 of 250: already downloaded
2025-12-30 01:48:13,955 [ForkJoinPool-3-worker-1] INFO  o.o.b.p.a.PullFromAggregateTracker - Pull Formulário da Vigilancia Comunitaria - Skipping submission 243 of 258: already downloaded
2025-12-30 01:48:13,955 [ForkJoinPool-3-worker-9] INFO  o.o.b.p.a.PullFromAggregateTracker - Pull Formulário da Vigilancia Hospitalar - Skipping submission 533 of 1156: already downloaded
2025-12-30 01:48:13,955 [ForkJoinPool-3-worker-1] INFO  o.o.b.p.a.PullFromAggregateTracker - Pull Formulário da Vigilancia Comunitaria - Skipping submission 244 of 258: already downloaded
2025-12-30 01:48:13,955 [ForkJoinPool-3-worker-6] INFO  o.o.b.p.a.PullFromAggregateTracker - Pull Formulário da Vigilancia Hospitalar - Laboratório - Skipping submission 300 of 642: already downloaded
2025-12-30 01:48:13,955 [ForkJoinPool-3-worker-8] INFO  o.o.b.p.a.PullFromAggregateTracker - Pull Formulário da Vigilancia Hospitalar - Skipping submission 135 of 250: already downloaded
2025-12-30 01:48:13,955 [ForkJoinPool-3-worker-9] INFO  o.o.b.p.a.PullFromAggregateTracker - Pull Formulário da Vigilancia Hospitalar - Skipping submission 534 of 1156: already downloaded
2025-12-30 01:48:13,956 [ForkJoinPool-3-worker-1] INFO  o.o.b.p.a.PullFromAggregateTracker - Pull Formulário da Vigilancia Comunitaria - Skipping submission 245 of 258: already downloaded
2025-12-30 01:48:13,956 [ForkJoinPool-3-worker-9] INFO  o.o.b.p.a.PullFromAggregateTracker - Pull Formulário da Vigilancia Hospitalar - Skipping submission 535 of 1156: already downloaded
2025-12-30 01:48:13,956 [ForkJoinPool-3-worker-1] INFO  o.o.b.p.a.PullFromAggregateTracker - Pull Formulário da Vigilancia Comunitaria - Skipping submission 246 of 258: already downloaded
2025-12-30 01:48:13,956 [ForkJoinPool-3-worker-8] INFO  o.o.b.p.a.PullFromAggregateTracker - Pull Formulário da Vigilancia Hospitalar - Skipping submission 136 of 250: already downloaded
2025-12-30 01:48:13,956 [ForkJoinPool-3-worker-6] INFO  o.o.b.p.a.PullFromAggregateTracker - Pull Formulário da Vigilancia Hospitalar - Laboratório - Skipping submission 301 of 642: already downloaded
2025-12-30 01:48:13,956 [ForkJoinPool-3-worker-9] INFO  o.o.b.p.a.PullFromAggregateTracker - Pull Formulário da Vigilancia Hospitalar - Skipping submission 536 of 1156: already downloaded
2025-12-30 01:48:13,956 [ForkJoinPool-3-worker-1] INFO  o.o.b.p.a.PullFromAggregateTracker - Pull Formulário da Vigilancia Comunitaria - Skipping submission 247 of 258: already downloaded
2025-12-30 01:48:13,956 [ForkJoinPool-3-worker-8] INFO  o.o.b.p.a.PullFromAggregateTracker - Pull Formulário da Vigilancia Hospitalar - Skipping submission 137 of 250: already downloaded
2025-12-30 01:48:13,956 [ForkJoinPool-3-worker-1] INFO  o.o.b.p.a.PullFromAggregateTracker - Pull Formulário da Vigilancia Comunitaria - Skipping submission 248 of 258: already downloaded
2025-12-30 01:48:13,958 [ForkJoinPool-3-worker-9] INFO  o.o.b.p.a.PullFromAggregateTracker - Pull Formulário da Vigilancia Hospitalar - Skipping submission 537 of 1156: already downloaded
2025-12-30 01:48:13,958 [ForkJoinPool-3-worker-6] INFO  o.o.b.p.a.PullFromAggregateTracker - Pull Formulário da Vigilancia Hospitalar - Laboratório - Skipping submission 302 of 642: already downloaded
2025-12-30 01:48:13,958 [ForkJoinPool-3-worker-9] INFO  o.o.b.p.a.PullFromAggregateTracker - Pull Formulário da Vigilancia Hospitalar - Skipping submission 538 of 1156: already downloaded
2025-12-30 01:48:13,958 [ForkJoinPool-3-worker-1] INFO  o.o.b.p.a.PullFromAggregateTracker - Pull Formulário da Vigilancia Comunitaria - Skipping submission 249 of 258: already downloaded
2025-12-30 01:48:13,958 [ForkJoinPool-3-worker-8] INFO  o.o.b.p.a.PullFromAggregateTracker - Pull Formulário da Vigilancia Hospitalar - Skipping submission 138 of 250: already downloaded
2025-12-30 01:48:13,998 [ForkJoinPool-3-worker-6] INFO  o.o.b.p.a.PullFromAggregateTracker - Pull Formulário da Vigilancia Hospitalar - Laboratório - Skipping submission 303 of 642: already downloaded
2025-12-30 01:48:14,008 [ForkJoinPool-3-worker-8] INFO  o.o.b.p.a.PullFromAggregateTracker - Pull Formulário da Vigilancia Hospitalar - Skipping submission 139 of 250: already downloaded
2025-12-30 01:48:14,016 [ForkJoinPool-3-worker-1] INFO  o.o.b.p.a.PullFromAggregateTracker - Pull Formulário da Vigilancia Comunitaria - Skipping submission 250 of 258: already downloaded
2025-12-30 01:48:14,050 [ForkJoinPool-3-worker-6] INFO  o.o.b.p.a.PullFromAggregateTracker - Pull Formulário da Vigilancia Hospitalar - Laboratório - Skipping submission 304 of 642: already downloaded
2025-12-30 01:48:14,054 [ForkJoinPool-3-worker-1] INFO  o.o.b.p.a.PullFromAggregateTracker - Pull Formulário da Vigilancia Comunitaria - Skipping submission 251 of 258: already downloaded
2025-12-30 01:48:14,050 [ForkJoinPool-3-worker-8] INFO  o.o.b.p.a.PullFromAggregateTracker - Pull Formulário da Vigilancia Hospitalar - Skipping submission 140 of 250: already downloaded
2025-12-30 01:48:14,059 [ForkJoinPool-3-worker-8] INFO  o.o.b.p.a.PullFromAggregateTracker - Pull Formulário da Vigilancia Hospitalar - Skipping submission 141 of 250: already downloaded
2025-12-30 01:48:14,066 [ForkJoinPool-3-worker-1] INFO  o.o.b.p.a.PullFromAggregateTracker - Pull Formulário da Vigilancia Comunitaria - Skipping submission 252 of 258: already downloaded
2025-12-30 01:48:14,016 [ForkJoinPool-3-worker-9] INFO  o.o.b.p.a.PullFromAggregateTracker - Pull Formulário da Vigilancia Hospitalar - Skipping submission 539 of 1156: already downloaded
2025-12-30 01:48:14,067 [ForkJoinPool-3-worker-1] INFO  o.o.b.p.a.PullFromAggregateTracker - Pull Formulário da Vigilancia Comunitaria - Skipping submission 253 of 258: already downloaded
2025-12-30 01:48:14,061 [ForkJoinPool-3-worker-6] INFO  o.o.b.p.a.PullFromAggregateTracker - Pull Formulário da Vigilancia Hospitalar - Laboratório - Skipping submission 305 of 642: already downloaded
2025-12-30 01:48:14,066 [ForkJoinPool-3-worker-8] INFO  o.o.b.p.a.PullFromAggregateTracker - Pull Formulário da Vigilancia Hospitalar - Skipping submission 142 of 250: already downloaded
2025-12-30 01:48:14,068 [ForkJoinPool-3-worker-6] INFO  o.o.b.p.a.PullFromAggregateTracker - Pull Formulário da Vigilancia Hospitalar - Laboratório - Skipping submission 306 of 642: already downloaded
2025-12-30 01:48:14,071 [ForkJoinPool-3-worker-8] INFO  o.o.b.p.a.PullFromAggregateTracker - Pull Formulário da Vigilancia Hospitalar - Skipping submission 143 of 250: already downloaded
2025-12-30 01:48:14,070 [ForkJoinPool-3-worker-1] INFO  o.o.b.p.a.PullFromAggregateTracker - Pull Formulário da Vigilancia Comunitaria - Skipping submission 254 of 258: already downloaded
2025-12-30 01:48:14,071 [ForkJoinPool-3-worker-1] INFO  o.o.b.p.a.PullFromAggregateTracker - Pull Formulário da Vigilancia Comunitaria - Skipping submission 255 of 258: already downloaded
2025-12-30 01:48:14,071 [ForkJoinPool-3-worker-6] INFO  o.o.b.p.a.PullFromAggregateTracker - Pull Formulário da Vigilancia Hospitalar - Laboratório - Skipping submission 307 of 642: already downloaded
2025-12-30 01:48:14,073 [ForkJoinPool-3-worker-1] INFO  o.o.b.p.a.PullFromAggregateTracker - Pull Formulário da Vigilancia Comunitaria - Skipping submission 256 of 258: already downloaded
2025-12-30 01:48:14,073 [ForkJoinPool-3-worker-8] INFO  o.o.b.p.a.PullFromAggregateTracker - Pull Formulário da Vigilancia Hospitalar - Skipping submission 144 of 250: already downloaded
2025-12-30 01:48:14,075 [ForkJoinPool-3-worker-6] INFO  o.o.b.p.a.PullFromAggregateTracker - Pull Formulário da Vigilancia Hospitalar - Laboratório - Skipping submission 308 of 642: already downloaded
2025-12-30 01:48:14,075 [ForkJoinPool-3-worker-9] INFO  o.o.b.p.a.PullFromAggregateTracker - Pull Formulário da Vigilancia Hospitalar - Skipping submission 540 of 1156: already downloaded
2025-12-30 01:48:14,079 [ForkJoinPool-3-worker-9] INFO  o.o.b.p.a.PullFromAggregateTracker - Pull Formulário da Vigilancia Hospitalar - Skipping submission 541 of 1156: already downloaded
2025-12-30 01:48:14,079 [ForkJoinPool-3-worker-6] INFO  o.o.b.p.a.PullFromAggregateTracker - Pull Formulário da Vigilancia Hospitalar - Laboratório - Skipping submission 309 of 642: already downloaded
2025-12-30 01:48:14,079 [ForkJoinPool-3-worker-8] INFO  o.o.b.p.a.PullFromAggregateTracker - Pull Formulário da Vigilancia Hospitalar - Skipping submission 145 of 250: already downloaded
2025-12-30 01:48:14,079 [ForkJoinPool-3-worker-1] INFO  o.o.b.p.a.PullFromAggregateTracker - Pull Formulário da Vigilancia Comunitaria - Skipping submission 257 of 258: already downloaded
2025-12-30 01:48:14,079 [ForkJoinPool-3-worker-8] INFO  o.o.b.p.a.PullFromAggregateTracker - Pull Formulário da Vigilancia Hospitalar - Skipping submission 146 of 250: already downloaded
2025-12-30 01:48:14,081 [ForkJoinPool-3-worker-1] INFO  o.o.b.p.a.PullFromAggregateTracker - Pull Formulário da Vigilancia Comunitaria - Skipping submission 258 of 258: already downloaded
2025-12-30 01:48:14,082 [ForkJoinPool-3-worker-8] INFO  o.o.b.p.a.PullFromAggregateTracker - Pull Formulário da Vigilancia Hospitalar - Skipping submission 147 of 250: already downloaded
2025-12-30 01:48:14,082 [ForkJoinPool-3-worker-1] INFO  o.o.b.p.a.PullFromAggregateTracker - Pull Formulário da Vigilancia Comunitaria - Success
2025-12-30 01:48:14,084 [ForkJoinPool-3-worker-9] INFO  o.o.b.p.a.PullFromAggregateTracker - Pull Formulário da Vigilancia Hospitalar - Skipping submission 542 of 1156: already downloaded
2025-12-30 01:48:14,084 [ForkJoinPool-3-worker-6] INFO  o.o.b.p.a.PullFromAggregateTracker - Pull Formulário da Vigilancia Hospitalar - Laboratório - Skipping submission 310 of 642: already downloaded
2025-12-30 01:48:14,086 [ForkJoinPool-3-worker-8] INFO  o.o.b.p.a.PullFromAggregateTracker - Pull Formulário da Vigilancia Hospitalar - Skipping submission 148 of 250: already downloaded
2025-12-30 01:48:14,086 [ForkJoinPool-3-worker-6] INFO  o.o.b.p.a.PullFromAggregateTracker - Pull Formulário da Vigilancia Hospitalar - Laboratório - Skipping submission 311 of 642: already downloaded
2025-12-30 01:48:14,086 [ForkJoinPool-3-worker-9] INFO  o.o.b.p.a.PullFromAggregateTracker - Pull Formulário da Vigilancia Hospitalar - Skipping submission 543 of 1156: already downloaded
2025-12-30 01:48:14,090 [ForkJoinPool-3-worker-6] INFO  o.o.b.p.a.PullFromAggregateTracker - Pull Formulário da Vigilancia Hospitalar - Laboratório - Skipping submission 312 of 642: already downloaded
2025-12-30 01:48:14,095 [ForkJoinPool-3-worker-6] INFO  o.o.b.p.a.PullFromAggregateTracker - Pull Formulário da Vigilancia Hospitalar - Laboratório - Skipping submission 313 of 642: already downloaded
2025-12-30 01:48:14,098 [ForkJoinPool-3-worker-9] INFO  o.o.b.p.a.PullFromAggregateTracker - Pull Formulário da Vigilancia Hospitalar - Skipping submission 544 of 1156: already downloaded
2025-12-30 01:48:14,098 [ForkJoinPool-3-worker-8] INFO  o.o.b.p.a.PullFromAggregateTracker - Pull Formulário da Vigilancia Hospitalar - Skipping submission 149 of 250: already downloaded
2025-12-30 01:48:14,099 [ForkJoinPool-3-worker-8] INFO  o.o.b.p.a.PullFromAggregateTracker - Pull Formulário da Vigilancia Hospitalar - Skipping submission 150 of 250: already downloaded
2025-12-30 01:48:14,102 [ForkJoinPool-3-worker-8] INFO  o.o.b.p.a.PullFromAggregateTracker - Pull Formulário da Vigilancia Hospitalar - Skipping submission 151 of 250: already downloaded
2025-12-30 01:48:14,102 [ForkJoinPool-3-worker-6] INFO  o.o.b.p.a.PullFromAggregateTracker - Pull Formulário da Vigilancia Hospitalar - Laboratório - Skipping submission 314 of 642: already downloaded
2025-12-30 01:48:14,104 [ForkJoinPool-3-worker-9] INFO  o.o.b.p.a.PullFromAggregateTracker - Pull Formulário da Vigilancia Hospitalar - Skipping submission 545 of 1156: already downloaded
2025-12-30 01:48:14,104 [ForkJoinPool-3-worker-8] INFO  o.o.b.p.a.PullFromAggregateTracker - Pull Formulário da Vigilancia Hospitalar - Skipping submission 152 of 250: already downloaded
2025-12-30 01:48:14,105 [ForkJoinPool-3-worker-6] INFO  o.o.b.p.a.PullFromAggregateTracker - Pull Formulário da Vigilancia Hospitalar - Laboratório - Skipping submission 315 of 642: already downloaded
2025-12-30 01:48:14,105 [ForkJoinPool-3-worker-9] INFO  o.o.b.p.a.PullFromAggregateTracker - Pull Formulário da Vigilancia Hospitalar - Skipping submission 546 of 1156: already downloaded
2025-12-30 01:48:14,106 [ForkJoinPool-3-worker-8] INFO  o.o.b.p.a.PullFromAggregateTracker - Pull Formulário da Vigilancia Hospitalar - Skipping submission 153 of 250: already downloaded
2025-12-30 01:48:14,107 [ForkJoinPool-3-worker-9] INFO  o.o.b.p.a.PullFromAggregateTracker - Pull Formulário da Vigilancia Hospitalar - Skipping submission 547 of 1156: already downloaded
2025-12-30 01:48:14,107 [ForkJoinPool-3-worker-6] INFO  o.o.b.p.a.PullFromAggregateTracker - Pull Formulário da Vigilancia Hospitalar - Laboratório - Skipping submission 316 of 642: already downloaded
2025-12-30 01:48:14,107 [ForkJoinPool-3-worker-13] INFO  o.o.b.p.a.PullFromAggregateTracker - Pull Formulário da Vigilancia Comunitaria - Submission 1059 of 1299 downloaded
2025-12-30 01:48:14,114 [ForkJoinPool-3-worker-9] INFO  o.o.b.p.a.PullFromAggregateTracker - Pull Formulário da Vigilancia Hospitalar - Skipping submission 548 of 1156: already downloaded
2025-12-30 01:48:14,117 [ForkJoinPool-3-worker-9] INFO  o.o.b.p.a.PullFromAggregateTracker - Pull Formulário da Vigilancia Hospitalar - Skipping submission 549 of 1156: already downloaded
2025-12-30 01:48:14,118 [ForkJoinPool-3-worker-8] INFO  o.o.b.p.a.PullFromAggregateTracker - Pull Formulário da Vigilancia Hospitalar - Skipping submission 154 of 250: already downloaded
2025-12-30 01:48:14,120 [ForkJoinPool-3-worker-6] INFO  o.o.b.p.a.PullFromAggregateTracker - Pull Formulário da Vigilancia Hospitalar - Laboratório - Skipping submission 317 of 642: already downloaded
2025-12-30 01:48:14,120 [ForkJoinPool-3-worker-6] INFO  o.o.b.p.a.PullFromAggregateTracker - Pull Formulário da Vigilancia Hospitalar - Laboratório - Skipping submission 318 of 642: already downloaded
2025-12-30 01:48:14,123 [ForkJoinPool-3-worker-1] INFO  o.o.b.p.a.PullFromAggregateTracker - Pull Formulário da Vigilancia Hospitalar - Laboratório - Start downloading submission 31 of 74
2025-12-30 01:48:14,137 [ForkJoinPool-3-worker-10] INFO  o.o.b.p.a.PullFromAggregateTracker - Pull Formulário da Vigilancia Hospitalar - Laboratório - Submission 251 of 642 downloaded
2025-12-30 01:48:14,146 [ForkJoinPool-3-worker-4] INFO  o.o.b.p.a.PullFromAggregateTracker - Pull Formulário da Vigilancia Hospitalar - Laboratório - Submission 29 of 74 downloaded
2025-12-30 01:48:14,140 [ForkJoinPool-3-worker-8] INFO  o.o.b.p.a.PullFromAggregateTracker - Pull Formulário da Vigilancia Hospitalar - Skipping submission 155 of 250: already downloaded
2025-12-30 01:48:14,143 [ForkJoinPool-3-worker-13] INFO  o.o.b.p.a.PullFromAggregateTracker - Pull Formulário da Vigilancia Comunitaria - Start downloading submission 1073 of 1299
2025-12-30 01:48:14,135 [ForkJoinPool-3-worker-9] INFO  o.o.b.p.a.PullFromAggregateTracker - Pull Formulário da Vigilancia Hospitalar - Skipping submission 550 of 1156: already downloaded
2025-12-30 01:48:14,166 [ForkJoinPool-3-worker-10] INFO  o.o.b.p.a.PullFromAggregateTracker - Pull Formulário da Vigilancia Hospitalar - Laboratório - Start downloading submission 320 of 642
2025-12-30 01:48:14,166 [ForkJoinPool-3-worker-9] INFO  o.o.b.p.a.PullFromAggregateTracker - Pull Formulário da Vigilancia Hospitalar - Skipping submission 551 of 1156: already downloaded
2025-12-30 01:48:14,168 [ForkJoinPool-3-worker-8] INFO  o.o.b.p.a.PullFromAggregateTracker - Pull Formulário da Vigilancia Hospitalar - Skipping submission 156 of 250: already downloaded
2025-12-30 01:48:14,168 [ForkJoinPool-3-worker-3] INFO  o.o.b.p.a.PullFromAggregateTracker - Pull Formulário da Vigilancia Hospitalar - Submission 85 of 250 downloaded
2025-12-30 01:48:14,155 [ForkJoinPool-3-worker-6] INFO  o.o.b.p.a.PullFromAggregateTracker - Pull Formulário da Vigilancia Hospitalar - Laboratório - Skipping submission 319 of 642: already downloaded
2025-12-30 01:48:14,170 [ForkJoinPool-3-worker-2] INFO  o.o.b.p.a.PullFromAggregateTracker - Pull Formulário da Vigilancia Hospitalar - Laboratório - Submission 30 of 74 downloaded
2025-12-30 01:48:14,184 [ForkJoinPool-3-worker-9] INFO  o.o.b.p.a.PullFromAggregateTracker - Pull Formulário da Vigilancia Hospitalar - Skipping submission 552 of 1156: already downloaded
2025-12-30 01:48:14,184 [ForkJoinPool-3-worker-4] INFO  o.o.b.p.a.PullFromAggregateTracker - Pull Formulário da Vigilancia Hospitalar - Laboratório - Start downloading submission 32 of 74
2025-12-30 01:48:14,184 [ForkJoinPool-3-worker-6] INFO  o.o.b.p.a.PullFromAggregateTracker - Pull Formulário da Vigilancia Hospitalar - Laboratório - Skipping submission 321 of 642: already downloaded
2025-12-30 01:48:14,186 [ForkJoinPool-3-worker-2] INFO  o.o.b.p.a.PullFromAggregateTracker - Pull Formulário da Vigilancia Hospitalar - Laboratório - Start downloading submission 33 of 74
2025-12-30 01:48:14,187 [ForkJoinPool-3-worker-6] INFO  o.o.b.p.a.PullFromAggregateTracker - Pull Formulário da Vigilancia Hospitalar - Laboratório - Skipping submission 322 of 642: already downloaded
2025-12-30 01:48:14,189 [ForkJoinPool-3-worker-8] INFO  o.o.b.p.a.PullFromAggregateTracker - Pull Formulário da Vigilancia Hospitalar - Skipping submission 157 of 250: already downloaded
2025-12-30 01:48:14,184 [ForkJoinPool-3-worker-15] INFO  o.o.b.p.a.PullFromAggregateTracker - Pull Formulário da Vigilancia Hospitalar - Submission 476 of 1156 downloaded
2025-12-30 01:48:14,191 [ForkJoinPool-3-worker-9] INFO  o.o.b.p.a.PullFromAggregateTracker - Pull Formulário da Vigilancia Hospitalar - Skipping submission 553 of 1156: already downloaded
2025-12-30 01:48:14,202 [ForkJoinPool-3-worker-6] INFO  o.o.b.p.a.PullFromAggregateTracker - Pull Formulário da Vigilancia Hospitalar - Laboratório - Skipping submission 323 of 642: already downloaded
2025-12-30 01:48:14,204 [ForkJoinPool-3-worker-3] INFO  o.o.b.p.a.PullFromAggregateTracker - Pull Formulário da Vigilancia Hospitalar - Start downloading submission 159 of 250
2025-12-30 01:48:14,204 [ForkJoinPool-3-worker-8] INFO  o.o.b.p.a.PullFromAggregateTracker - Pull Formulário da Vigilancia Hospitalar - Skipping submission 158 of 250: already downloaded
2025-12-30 01:48:14,206 [ForkJoinPool-3-worker-6] INFO  o.o.b.p.a.PullFromAggregateTracker - Pull Formulário da Vigilancia Hospitalar - Laboratório - Skipping submission 324 of 642: already downloaded
2025-12-30 01:48:14,213 [ForkJoinPool-3-worker-6] INFO  o.o.b.p.a.PullFromAggregateTracker - Pull Formulário da Vigilancia Hospitalar - Laboratório - Skipping submission 325 of 642: already downloaded
2025-12-30 01:48:14,206 [ForkJoinPool-3-worker-9] INFO  o.o.b.p.a.PullFromAggregateTracker - Pull Formulário da Vigilancia Hospitalar - Skipping submission 554 of 1156: already downloaded
2025-12-30 01:48:14,214 [ForkJoinPool-3-worker-8] INFO  o.o.b.p.a.PullFromAggregateTracker - Pull Formulário da Vigilancia Hospitalar - Skipping submission 160 of 250: already downloaded
2025-12-30 01:48:14,214 [ForkJoinPool-3-worker-8] INFO  o.o.b.p.a.PullFromAggregateTracker - Pull Formulário da Vigilancia Hospitalar - Skipping submission 161 of 250: already downloaded
2025-12-30 01:48:14,215 [ForkJoinPool-3-worker-8] INFO  o.o.b.p.a.PullFromAggregateTracker - Pull Formulário da Vigilancia Hospitalar - Skipping submission 162 of 250: already downloaded
2025-12-30 01:48:14,215 [ForkJoinPool-3-worker-15] INFO  o.o.b.p.a.PullFromAggregateTracker - Pull Formulário da Vigilancia Hospitalar - Start downloading submission 555 of 1156
2025-12-30 01:48:14,216 [ForkJoinPool-3-worker-6] INFO  o.o.b.p.a.PullFromAggregateTracker - Pull Formulário da Vigilancia Hospitalar - Laboratório - Skipping submission 326 of 642: already downloaded
2025-12-30 01:48:14,216 [ForkJoinPool-3-worker-6] INFO  o.o.b.p.a.PullFromAggregateTracker - Pull Formulário da Vigilancia Hospitalar - Laboratório - Skipping submission 327 of 642: already downloaded
2025-12-30 01:48:14,216 [ForkJoinPool-3-worker-9] INFO  o.o.b.p.a.PullFromAggregateTracker - Pull Formulário da Vigilancia Hospitalar - Skipping submission 556 of 1156: already downloaded
2025-12-30 01:48:14,216 [ForkJoinPool-3-worker-8] INFO  o.o.b.p.a.PullFromAggregateTracker - Pull Formulário da Vigilancia Hospitalar - Skipping submission 163 of 250: already downloaded
2025-12-30 01:48:14,218 [ForkJoinPool-3-worker-6] INFO  o.o.b.p.a.PullFromAggregateTracker - Pull Formulário da Vigilancia Hospitalar - Laboratório - Skipping submission 328 of 642: already downloaded
2025-12-30 01:48:14,218 [ForkJoinPool-3-worker-8] INFO  o.o.b.p.a.PullFromAggregateTracker - Pull Formulário da Vigilancia Hospitalar - Skipping submission 164 of 250: already downloaded
2025-12-30 01:48:14,220 [ForkJoinPool-3-worker-9] INFO  o.o.b.p.a.PullFromAggregateTracker - Pull Formulário da Vigilancia Hospitalar - Skipping submission 557 of 1156: already downloaded
2025-12-30 01:48:14,230 [ForkJoinPool-3-worker-8] INFO  o.o.b.p.a.PullFromAggregateTracker - Pull Formulário da Vigilancia Hospitalar - Skipping submission 165 of 250: already downloaded
2025-12-30 01:48:14,232 [ForkJoinPool-3-worker-6] INFO  o.o.b.p.a.PullFromAggregateTracker - Pull Formulário da Vigilancia Hospitalar - Laboratório - Skipping submission 329 of 642: already downloaded
2025-12-30 01:48:14,225 [ForkJoinPool-3-worker-9] INFO  o.o.b.p.a.PullFromAggregateTracker - Pull Formulário da Vigilancia Hospitalar - Skipping submission 558 of 1156: already downloaded
2025-12-30 01:48:14,236 [ForkJoinPool-3-worker-6] INFO  o.o.b.p.a.PullFromAggregateTracker - Pull Formulário da Vigilancia Hospitalar - Laboratório - Skipping submission 330 of 642: already downloaded
2025-12-30 01:48:14,236 [ForkJoinPool-3-worker-8] INFO  o.o.b.p.a.PullFromAggregateTracker - Pull Formulário da Vigilancia Hospitalar - Skipping submission 166 of 250: already downloaded
2025-12-30 01:48:14,238 [ForkJoinPool-3-worker-8] INFO  o.o.b.p.a.PullFromAggregateTracker - Pull Formulário da Vigilancia Hospitalar - Skipping submission 167 of 250: already downloaded
2025-12-30 01:48:14,238 [ForkJoinPool-3-worker-9] INFO  o.o.b.p.a.PullFromAggregateTracker - Pull Formulário da Vigilancia Hospitalar - Skipping submission 559 of 1156: already downloaded
2025-12-30 01:48:14,241 [ForkJoinPool-3-worker-6] INFO  o.o.b.p.a.PullFromAggregateTracker - Pull Formulário da Vigilancia Hospitalar - Laboratório - Skipping submission 331 of 642: already downloaded
2025-12-30 01:48:14,243 [ForkJoinPool-3-worker-8] INFO  o.o.b.p.a.PullFromAggregateTracker - Pull Formulário da Vigilancia Hospitalar - Skipping submission 168 of 250: already downloaded
2025-12-30 01:48:14,245 [ForkJoinPool-3-worker-8] INFO  o.o.b.p.a.PullFromAggregateTracker - Pull Formulário da Vigilancia Hospitalar - Skipping submission 169 of 250: already downloaded
2025-12-30 01:48:14,245 [ForkJoinPool-3-worker-9] INFO  o.o.b.p.a.PullFromAggregateTracker - Pull Formulário da Vigilancia Hospitalar - Skipping submission 560 of 1156: already downloaded
2025-12-30 01:48:14,245 [ForkJoinPool-3-worker-8] INFO  o.o.b.p.a.PullFromAggregateTracker - Pull Formulário da Vigilancia Hospitalar - Skipping submission 170 of 250: already downloaded
2025-12-30 01:48:14,245 [ForkJoinPool-3-worker-9] INFO  o.o.b.p.a.PullFromAggregateTracker - Pull Formulário da Vigilancia Hospitalar - Skipping submission 561 of 1156: already downloaded
2025-12-30 01:48:14,248 [ForkJoinPool-3-worker-8] INFO  o.o.b.p.a.PullFromAggregateTracker - Pull Formulário da Vigilancia Hospitalar - Skipping submission 171 of 250: already downloaded
2025-12-30 01:48:14,248 [ForkJoinPool-3-worker-6] INFO  o.o.b.p.a.PullFromAggregateTracker - Pull Formulário da Vigilancia Hospitalar - Laboratório - Skipping submission 332 of 642: already downloaded
2025-12-30 01:48:14,251 [ForkJoinPool-3-worker-8] INFO  o.o.b.p.a.PullFromAggregateTracker - Pull Formulário da Vigilancia Hospitalar - Skipping submission 172 of 250: already downloaded
2025-12-30 01:48:14,251 [ForkJoinPool-3-worker-8] INFO  o.o.b.p.a.PullFromAggregateTracker - Pull Formulário da Vigilancia Hospitalar - Skipping submission 173 of 250: already downloaded
2025-12-30 01:48:14,251 [ForkJoinPool-3-worker-6] INFO  o.o.b.p.a.PullFromAggregateTracker - Pull Formulário da Vigilancia Hospitalar - Laboratório - Skipping submission 333 of 642: already downloaded
2025-12-30 01:48:14,251 [ForkJoinPool-3-worker-9] INFO  o.o.b.p.a.PullFromAggregateTracker - Pull Formulário da Vigilancia Hospitalar - Skipping submission 562 of 1156: already downloaded
2025-12-30 01:48:14,253 [ForkJoinPool-3-worker-6] INFO  o.o.b.p.a.PullFromAggregateTracker - Pull Formulário da Vigilancia Hospitalar - Laboratório - Skipping submission 334 of 642: already downloaded
2025-12-30 01:48:14,255 [ForkJoinPool-3-worker-9] INFO  o.o.b.p.a.PullFromAggregateTracker - Pull Formulário da Vigilancia Hospitalar - Skipping submission 563 of 1156: already downloaded
2025-12-30 01:48:14,255 [ForkJoinPool-3-worker-9] INFO  o.o.b.p.a.PullFromAggregateTracker - Pull Formulário da Vigilancia Hospitalar - Skipping submission 564 of 1156: already downloaded
2025-12-30 01:48:14,256 [ForkJoinPool-3-worker-8] INFO  o.o.b.p.a.PullFromAggregateTracker - Pull Formulário da Vigilancia Hospitalar - Skipping submission 174 of 250: already downloaded
2025-12-30 01:48:14,261 [ForkJoinPool-3-worker-8] INFO  o.o.b.p.a.PullFromAggregateTracker - Pull Formulário da Vigilancia Hospitalar - Skipping submission 175 of 250: already downloaded
2025-12-30 01:48:14,261 [ForkJoinPool-3-worker-6] INFO  o.o.b.p.a.PullFromAggregateTracker - Pull Formulário da Vigilancia Hospitalar - Laboratório - Skipping submission 335 of 642: already downloaded
2025-12-30 01:48:14,261 [ForkJoinPool-3-worker-9] INFO  o.o.b.p.a.PullFromAggregateTracker - Pull Formulário da Vigilancia Hospitalar - Skipping submission 565 of 1156: already downloaded
2025-12-30 01:48:14,265 [ForkJoinPool-3-worker-6] INFO  o.o.b.p.a.PullFromAggregateTracker - Pull Formulário da Vigilancia Hospitalar - Laboratório - Skipping submission 336 of 642: already downloaded
2025-12-30 01:48:14,267 [ForkJoinPool-3-worker-9] INFO  o.o.b.p.a.PullFromAggregateTracker - Pull Formulário da Vigilancia Hospitalar - Skipping submission 566 of 1156: already downloaded
2025-12-30 01:48:14,267 [ForkJoinPool-3-worker-6] INFO  o.o.b.p.a.PullFromAggregateTracker - Pull Formulário da Vigilancia Hospitalar - Laboratório - Skipping submission 337 of 642: already downloaded
2025-12-30 01:48:14,267 [ForkJoinPool-3-worker-6] INFO  o.o.b.p.a.PullFromAggregateTracker - Pull Formulário da Vigilancia Hospitalar - Laboratório - Skipping submission 338 of 642: already downloaded
2025-12-30 01:48:14,269 [ForkJoinPool-3-worker-6] INFO  o.o.b.p.a.PullFromAggregateTracker - Pull Formulário da Vigilancia Hospitalar - Laboratório - Skipping submission 339 of 642: already downloaded
2025-12-30 01:48:14,270 [ForkJoinPool-3-worker-8] INFO  o.o.b.p.a.PullFromAggregateTracker - Pull Formulário da Vigilancia Hospitalar - Skipping submission 176 of 250: already downloaded
2025-12-30 01:48:14,270 [ForkJoinPool-3-worker-8] INFO  o.o.b.p.a.PullFromAggregateTracker - Pull Formulário da Vigilancia Hospitalar - Skipping submission 177 of 250: already downloaded
2025-12-30 01:48:14,270 [ForkJoinPool-3-worker-9] INFO  o.o.b.p.a.PullFromAggregateTracker - Pull Formulário da Vigilancia Hospitalar - Skipping submission 567 of 1156: already downloaded
2025-12-30 01:48:14,272 [ForkJoinPool-3-worker-6] INFO  o.o.b.p.a.PullFromAggregateTracker - Pull Formulário da Vigilancia Hospitalar - Laboratório - Skipping submission 340 of 642: already downloaded
2025-12-30 01:48:14,273 [ForkJoinPool-3-worker-9] INFO  o.o.b.p.a.PullFromAggregateTracker - Pull Formulário da Vigilancia Hospitalar - Skipping submission 568 of 1156: already downloaded
2025-12-30 01:48:14,273 [ForkJoinPool-3-worker-6] INFO  o.o.b.p.a.PullFromAggregateTracker - Pull Formulário da Vigilancia Hospitalar - Laboratório - Skipping submission 341 of 642: already downloaded
2025-12-30 01:48:14,275 [ForkJoinPool-3-worker-9] INFO  o.o.b.p.a.PullFromAggregateTracker - Pull Formulário da Vigilancia Hospitalar - Skipping submission 569 of 1156: already downloaded
2025-12-30 01:48:14,275 [ForkJoinPool-3-worker-6] INFO  o.o.b.p.a.PullFromAggregateTracker - Pull Formulário da Vigilancia Hospitalar - Laboratório - Skipping submission 342 of 642: already downloaded
2025-12-30 01:48:14,277 [ForkJoinPool-3-worker-9] INFO  o.o.b.p.a.PullFromAggregateTracker - Pull Formulário da Vigilancia Hospitalar - Skipping submission 570 of 1156: already downloaded
2025-12-30 01:48:14,279 [ForkJoinPool-3-worker-8] INFO  o.o.b.p.a.PullFromAggregateTracker - Pull Formulário da Vigilancia Hospitalar - Skipping submission 178 of 250: already downloaded
2025-12-30 01:48:14,280 [ForkJoinPool-3-worker-9] INFO  o.o.b.p.a.PullFromAggregateTracker - Pull Formulário da Vigilancia Hospitalar - Skipping submission 571 of 1156: already downloaded
2025-12-30 01:48:14,280 [ForkJoinPool-3-worker-6] INFO  o.o.b.p.a.PullFromAggregateTracker - Pull Formulário da Vigilancia Hospitalar - Laboratório - Skipping submission 343 of 642: already downloaded
2025-12-30 01:48:14,280 [ForkJoinPool-3-worker-8] INFO  o.o.b.p.a.PullFromAggregateTracker - Pull Formulário da Vigilancia Hospitalar - Skipping submission 179 of 250: already downloaded
2025-12-30 01:48:14,281 [ForkJoinPool-3-worker-9] INFO  o.o.b.p.a.PullFromAggregateTracker - Pull Formulário da Vigilancia Hospitalar - Skipping submission 572 of 1156: already downloaded
2025-12-30 01:48:14,281 [ForkJoinPool-3-worker-6] INFO  o.o.b.p.a.PullFromAggregateTracker - Pull Formulário da Vigilancia Hospitalar - Laboratório - Skipping submission 344 of 642: already downloaded
2025-12-30 01:48:14,283 [ForkJoinPool-3-worker-8] INFO  o.o.b.p.a.PullFromAggregateTracker - Pull Formulário da Vigilancia Hospitalar - Skipping submission 180 of 250: already downloaded
2025-12-30 01:48:14,283 [ForkJoinPool-3-worker-9] INFO  o.o.b.p.a.PullFromAggregateTracker - Pull Formulário da Vigilancia Hospitalar - Skipping submission 573 of 1156: already downloaded
2025-12-30 01:48:14,283 [ForkJoinPool-3-worker-8] INFO  o.o.b.p.a.PullFromAggregateTracker - Pull Formulário da Vigilancia Hospitalar - Skipping submission 181 of 250: already downloaded
2025-12-30 01:48:14,283 [ForkJoinPool-3-worker-8] INFO  o.o.b.p.a.PullFromAggregateTracker - Pull Formulário da Vigilancia Hospitalar - Skipping submission 182 of 250: already downloaded
2025-12-30 01:48:14,283 [ForkJoinPool-3-worker-9] INFO  o.o.b.p.a.PullFromAggregateTracker - Pull Formulário da Vigilancia Hospitalar - Skipping submission 574 of 1156: already downloaded
2025-12-30 01:48:14,285 [ForkJoinPool-3-worker-9] INFO  o.o.b.p.a.PullFromAggregateTracker - Pull Formulário da Vigilancia Hospitalar - Skipping submission 575 of 1156: already downloaded
2025-12-30 01:48:14,285 [ForkJoinPool-3-worker-8] INFO  o.o.b.p.a.PullFromAggregateTracker - Pull Formulário da Vigilancia Hospitalar - Skipping submission 183 of 250: already downloaded
2025-12-30 01:48:14,287 [ForkJoinPool-3-worker-8] INFO  o.o.b.p.a.PullFromAggregateTracker - Pull Formulário da Vigilancia Hospitalar - Skipping submission 184 of 250: already downloaded
2025-12-30 01:48:14,287 [ForkJoinPool-3-worker-6] INFO  o.o.b.p.a.PullFromAggregateTracker - Pull Formulário da Vigilancia Hospitalar - Laboratório - Skipping submission 345 of 642: already downloaded
2025-12-30 01:48:14,287 [ForkJoinPool-3-worker-9] INFO  o.o.b.p.a.PullFromAggregateTracker - Pull Formulário da Vigilancia Hospitalar - Skipping submission 576 of 1156: already downloaded
2025-12-30 01:48:14,287 [ForkJoinPool-3-worker-9] INFO  o.o.b.p.a.PullFromAggregateTracker - Pull Formulário da Vigilancia Hospitalar - Skipping submission 577 of 1156: already downloaded
2025-12-30 01:48:14,287 [ForkJoinPool-3-worker-6] INFO  o.o.b.p.a.PullFromAggregateTracker - Pull Formulário da Vigilancia Hospitalar - Laboratório - Skipping submission 346 of 642: already downloaded
2025-12-30 01:48:14,299 [ForkJoinPool-3-worker-8] INFO  o.o.b.p.a.PullFromAggregateTracker - Pull Formulário da Vigilancia Hospitalar - Skipping submission 185 of 250: already downloaded
2025-12-30 01:48:14,300 [ForkJoinPool-3-worker-8] INFO  o.o.b.p.a.PullFromAggregateTracker - Pull Formulário da Vigilancia Hospitalar - Skipping submission 186 of 250: already downloaded
2025-12-30 01:48:14,300 [ForkJoinPool-3-worker-9] INFO  o.o.b.p.a.PullFromAggregateTracker - Pull Formulário da Vigilancia Hospitalar - Skipping submission 578 of 1156: already downloaded
2025-12-30 01:48:14,301 [ForkJoinPool-3-worker-9] INFO  o.o.b.p.a.PullFromAggregateTracker - Pull Formulário da Vigilancia Hospitalar - Skipping submission 579 of 1156: already downloaded
2025-12-30 01:48:14,302 [ForkJoinPool-3-worker-6] INFO  o.o.b.p.a.PullFromAggregateTracker - Pull Formulário da Vigilancia Hospitalar - Laboratório - Skipping submission 347 of 642: already downloaded
2025-12-30 01:48:14,304 [ForkJoinPool-3-worker-9] INFO  o.o.b.p.a.PullFromAggregateTracker - Pull Formulário da Vigilancia Hospitalar - Skipping submission 580 of 1156: already downloaded
2025-12-30 01:48:14,304 [ForkJoinPool-3-worker-6] INFO  o.o.b.p.a.PullFromAggregateTracker - Pull Formulário da Vigilancia Hospitalar - Laboratório - Skipping submission 348 of 642: already downloaded
2025-12-30 01:48:14,304 [ForkJoinPool-3-worker-9] INFO  o.o.b.p.a.PullFromAggregateTracker - Pull Formulário da Vigilancia Hospitalar - Skipping submission 581 of 1156: already downloaded
2025-12-30 01:48:14,304 [ForkJoinPool-3-worker-8] INFO  o.o.b.p.a.PullFromAggregateTracker - Pull Formulário da Vigilancia Hospitalar - Skipping submission 187 of 250: already downloaded
2025-12-30 01:48:14,304 [ForkJoinPool-3-worker-9] INFO  o.o.b.p.a.PullFromAggregateTracker - Pull Formulário da Vigilancia Hospitalar - Skipping submission 582 of 1156: already downloaded
2025-12-30 01:48:14,306 [ForkJoinPool-3-worker-8] INFO  o.o.b.p.a.PullFromAggregateTracker - Pull Formulário da Vigilancia Hospitalar - Skipping submission 188 of 250: already downloaded
2025-12-30 01:48:14,307 [ForkJoinPool-3-worker-8] INFO  o.o.b.p.a.PullFromAggregateTracker - Pull Formulário da Vigilancia Hospitalar - Skipping submission 189 of 250: already downloaded
2025-12-30 01:48:14,307 [ForkJoinPool-3-worker-8] INFO  o.o.b.p.a.PullFromAggregateTracker - Pull Formulário da Vigilancia Hospitalar - Skipping submission 190 of 250: already downloaded
2025-12-30 01:48:14,311 [ForkJoinPool-3-worker-6] INFO  o.o.b.p.a.PullFromAggregateTracker - Pull Formulário da Vigilancia Hospitalar - Laboratório - Skipping submission 349 of 642: already downloaded
2025-12-30 01:48:14,313 [ForkJoinPool-3-worker-6] INFO  o.o.b.p.a.PullFromAggregateTracker - Pull Formulário da Vigilancia Hospitalar - Laboratório - Skipping submission 350 of 642: already downloaded
2025-12-30 01:48:14,314 [ForkJoinPool-3-worker-6] INFO  o.o.b.p.a.PullFromAggregateTracker - Pull Formulário da Vigilancia Hospitalar - Laboratório - Skipping submission 351 of 642: already downloaded
2025-12-30 01:48:14,314 [ForkJoinPool-3-worker-8] INFO  o.o.b.p.a.PullFromAggregateTracker - Pull Formulário da Vigilancia Hospitalar - Skipping submission 191 of 250: already downloaded
2025-12-30 01:48:14,316 [ForkJoinPool-3-worker-6] INFO  o.o.b.p.a.PullFromAggregateTracker - Pull Formulário da Vigilancia Hospitalar - Laboratório - Skipping submission 352 of 642: already downloaded
2025-12-30 01:48:14,314 [ForkJoinPool-3-worker-9] INFO  o.o.b.p.a.PullFromAggregateTracker - Pull Formulário da Vigilancia Hospitalar - Skipping submission 583 of 1156: already downloaded
2025-12-30 01:48:14,317 [ForkJoinPool-3-worker-8] INFO  o.o.b.p.a.PullFromAggregateTracker - Pull Formulário da Vigilancia Hospitalar - Skipping submission 192 of 250: already downloaded
2025-12-30 01:48:14,317 [ForkJoinPool-3-worker-9] INFO  o.o.b.p.a.PullFromAggregateTracker - Pull Formulário da Vigilancia Hospitalar - Skipping submission 584 of 1156: already downloaded
2025-12-30 01:48:14,320 [ForkJoinPool-3-worker-8] INFO  o.o.b.p.a.PullFromAggregateTracker - Pull Formulário da Vigilancia Hospitalar - Skipping submission 193 of 250: already downloaded
2025-12-30 01:48:14,317 [ForkJoinPool-3-worker-6] INFO  o.o.b.p.a.PullFromAggregateTracker - Pull Formulário da Vigilancia Hospitalar - Laboratório - Skipping submission 353 of 642: already downloaded
2025-12-30 01:48:14,324 [ForkJoinPool-3-worker-6] INFO  o.o.b.p.a.PullFromAggregateTracker - Pull Formulário da Vigilancia Hospitalar - Laboratório - Skipping submission 354 of 642: already downloaded
2025-12-30 01:48:14,324 [ForkJoinPool-3-worker-9] INFO  o.o.b.p.a.PullFromAggregateTracker - Pull Formulário da Vigilancia Hospitalar - Skipping submission 585 of 1156: already downloaded
2025-12-30 01:48:14,326 [ForkJoinPool-3-worker-9] INFO  o.o.b.p.a.PullFromAggregateTracker - Pull Formulário da Vigilancia Hospitalar - Skipping submission 586 of 1156: already downloaded
2025-12-30 01:48:14,326 [ForkJoinPool-3-worker-6] INFO  o.o.b.p.a.PullFromAggregateTracker - Pull Formulário da Vigilancia Hospitalar - Laboratório - Skipping submission 355 of 642: already downloaded
2025-12-30 01:48:14,328 [ForkJoinPool-3-worker-6] INFO  o.o.b.p.a.PullFromAggregateTracker - Pull Formulário da Vigilancia Hospitalar - Laboratório - Skipping submission 356 of 642: already downloaded
2025-12-30 01:48:14,328 [ForkJoinPool-3-worker-8] INFO  o.o.b.p.a.PullFromAggregateTracker - Pull Formulário da Vigilancia Hospitalar - Skipping submission 194 of 250: already downloaded
2025-12-30 01:48:14,328 [ForkJoinPool-3-worker-9] INFO  o.o.b.p.a.PullFromAggregateTracker - Pull Formulário da Vigilancia Hospitalar - Skipping submission 587 of 1156: already downloaded
2025-12-30 01:48:14,330 [ForkJoinPool-3-worker-8] INFO  o.o.b.p.a.PullFromAggregateTracker - Pull Formulário da Vigilancia Hospitalar - Skipping submission 195 of 250: already downloaded
2025-12-30 01:48:14,330 [ForkJoinPool-3-worker-8] INFO  o.o.b.p.a.PullFromAggregateTracker - Pull Formulário da Vigilancia Hospitalar - Skipping submission 196 of 250: already downloaded
2025-12-30 01:48:14,330 [ForkJoinPool-3-worker-9] INFO  o.o.b.p.a.PullFromAggregateTracker - Pull Formulário da Vigilancia Hospitalar - Skipping submission 588 of 1156: already downloaded
2025-12-30 01:48:14,332 [ForkJoinPool-3-worker-8] INFO  o.o.b.p.a.PullFromAggregateTracker - Pull Formulário da Vigilancia Hospitalar - Skipping submission 197 of 250: already downloaded
2025-12-30 01:48:14,332 [ForkJoinPool-3-worker-9] INFO  o.o.b.p.a.PullFromAggregateTracker - Pull Formulário da Vigilancia Hospitalar - Skipping submission 589 of 1156: already downloaded
2025-12-30 01:48:14,333 [ForkJoinPool-3-worker-9] INFO  o.o.b.p.a.PullFromAggregateTracker - Pull Formulário da Vigilancia Hospitalar - Skipping submission 590 of 1156: already downloaded
2025-12-30 01:48:14,333 [ForkJoinPool-3-worker-6] INFO  o.o.b.p.a.PullFromAggregateTracker - Pull Formulário da Vigilancia Hospitalar - Laboratório - Skipping submission 357 of 642: already downloaded
2025-12-30 01:48:14,333 [ForkJoinPool-3-worker-6] INFO  o.o.b.p.a.PullFromAggregateTracker - Pull Formulário da Vigilancia Hospitalar - Laboratório - Skipping submission 358 of 642: already downloaded
2025-12-30 01:48:14,336 [ForkJoinPool-3-worker-6] INFO  o.o.b.p.a.PullFromAggregateTracker - Pull Formulário da Vigilancia Hospitalar - Laboratório - Skipping submission 359 of 642: already downloaded
2025-12-30 01:48:14,336 [ForkJoinPool-3-worker-9] INFO  o.o.b.p.a.PullFromAggregateTracker - Pull Formulário da Vigilancia Hospitalar - Skipping submission 591 of 1156: already downloaded
2025-12-30 01:48:14,339 [ForkJoinPool-3-worker-8] INFO  o.o.b.p.a.PullFromAggregateTracker - Pull Formulário da Vigilancia Hospitalar - Skipping submission 198 of 250: already downloaded
2025-12-30 01:48:14,339 [ForkJoinPool-3-worker-9] INFO  o.o.b.p.a.PullFromAggregateTracker - Pull Formulário da Vigilancia Hospitalar - Skipping submission 592 of 1156: already downloaded
2025-12-30 01:48:14,341 [ForkJoinPool-3-worker-8] INFO  o.o.b.p.a.PullFromAggregateTracker - Pull Formulário da Vigilancia Hospitalar - Skipping submission 199 of 250: already downloaded
2025-12-30 01:48:14,341 [ForkJoinPool-3-worker-9] INFO  o.o.b.p.a.PullFromAggregateTracker - Pull Formulário da Vigilancia Hospitalar - Skipping submission 593 of 1156: already downloaded
2025-12-30 01:48:14,344 [ForkJoinPool-3-worker-6] INFO  o.o.b.p.a.PullFromAggregateTracker - Pull Formulário da Vigilancia Hospitalar - Laboratório - Skipping submission 360 of 642: already downloaded
2025-12-30 01:48:14,344 [ForkJoinPool-3-worker-8] INFO  o.o.b.p.a.PullFromAggregateTracker - Pull Formulário da Vigilancia Hospitalar - Skipping submission 200 of 250: already downloaded
2025-12-30 01:48:14,345 [ForkJoinPool-3-worker-8] INFO  o.o.b.p.a.PullFromAggregateTracker - Pull Formulário da Vigilancia Hospitalar - Skipping submission 201 of 250: already downloaded
2025-12-30 01:48:14,345 [ForkJoinPool-3-worker-8] INFO  o.o.b.p.a.PullFromAggregateTracker - Pull Formulário da Vigilancia Hospitalar - Skipping submission 202 of 250: already downloaded
2025-12-30 01:48:14,345 [ForkJoinPool-3-worker-9] INFO  o.o.b.p.a.PullFromAggregateTracker - Pull Formulário da Vigilancia Hospitalar - Skipping submission 594 of 1156: already downloaded
2025-12-30 01:48:14,345 [ForkJoinPool-3-worker-6] INFO  o.o.b.p.a.PullFromAggregateTracker - Pull Formulário da Vigilancia Hospitalar - Laboratório - Skipping submission 361 of 642: already downloaded
2025-12-30 01:48:14,347 [ForkJoinPool-3-worker-9] INFO  o.o.b.p.a.PullFromAggregateTracker - Pull Formulário da Vigilancia Hospitalar - Skipping submission 595 of 1156: already downloaded
2025-12-30 01:48:14,347 [ForkJoinPool-3-worker-8] INFO  o.o.b.p.a.PullFromAggregateTracker - Pull Formulário da Vigilancia Hospitalar - Laboratório - Start downloading submission 34 of 74
2025-12-30 01:48:14,347 [ForkJoinPool-3-worker-6] INFO  o.o.b.p.a.PullFromAggregateTracker - Pull Formulário da Vigilancia Hospitalar - Laboratório - Skipping submission 362 of 642: already downloaded
2025-12-30 01:48:14,349 [ForkJoinPool-3-worker-6] INFO  o.o.b.p.a.PullFromAggregateTracker - Pull Formulário da Vigilancia Hospitalar - Laboratório - Skipping submission 363 of 642: already downloaded
2025-12-30 01:48:14,349 [ForkJoinPool-3-worker-9] INFO  o.o.b.p.a.PullFromAggregateTracker - Pull Formulário da Vigilancia Hospitalar - Skipping submission 596 of 1156: already downloaded
2025-12-30 01:48:14,349 [ForkJoinPool-3-worker-6] INFO  o.o.b.p.a.PullFromAggregateTracker - Pull Formulário da Vigilancia Hospitalar - Laboratório - Skipping submission 364 of 642: already downloaded
2025-12-30 01:48:14,351 [ForkJoinPool-3-worker-9] INFO  o.o.b.p.a.PullFromAggregateTracker - Pull Formulário da Vigilancia Hospitalar - Skipping submission 597 of 1156: already downloaded
2025-12-30 01:48:14,351 [ForkJoinPool-3-worker-9] INFO  o.o.b.p.a.PullFromAggregateTracker - Pull Formulário da Vigilancia Hospitalar - Skipping submission 598 of 1156: already downloaded
2025-12-30 01:48:14,352 [ForkJoinPool-3-worker-9] INFO  o.o.b.p.a.PullFromAggregateTracker - Pull Formulário da Vigilancia Hospitalar - Skipping submission 599 of 1156: already downloaded
2025-12-30 01:48:14,353 [ForkJoinPool-3-worker-9] INFO  o.o.b.p.a.PullFromAggregateTracker - Pull Formulário da Vigilancia Hospitalar - Skipping submission 600 of 1156: already downloaded
2025-12-30 01:48:14,353 [ForkJoinPool-3-worker-11] INFO  o.o.b.p.a.PullFromAggregateTracker - Pull VIGILÂNCIA  AMBIENTAL - Form downloaded
2025-12-30 01:48:14,355 [ForkJoinPool-3-worker-6] INFO  o.o.b.p.a.PullFromAggregateTracker - Pull Formulário da Vigilancia Hospitalar - Laboratório - Skipping submission 365 of 642: already downloaded
2025-12-30 01:48:14,356 [ForkJoinPool-3-worker-9] INFO  o.o.b.p.a.PullFromAggregateTracker - Pull Formulário da Vigilancia Hospitalar - Skipping submission 601 of 1156: already downloaded
2025-12-30 01:48:14,356 [ForkJoinPool-3-worker-6] INFO  o.o.b.p.a.PullFromAggregateTracker - Pull Formulário da Vigilancia Hospitalar - Laboratório - Skipping submission 366 of 642: already downloaded
2025-12-30 01:48:14,356 [ForkJoinPool-3-worker-11] INFO  o.o.b.p.a.PullFromAggregateTracker - Pull VIGILÂNCIA  AMBIENTAL - Start getting submission IDs
2025-12-30 01:48:14,358 [ForkJoinPool-3-worker-9] INFO  o.o.b.p.a.PullFromAggregateTracker - Pull Formulário da Vigilancia Hospitalar - Skipping submission 602 of 1156: already downloaded
2025-12-30 01:48:14,358 [ForkJoinPool-3-worker-9] INFO  o.o.b.p.a.PullFromAggregateTracker - Pull Formulário da Vigilancia Hospitalar - Skipping submission 603 of 1156: already downloaded
2025-12-30 01:48:14,359 [ForkJoinPool-3-worker-6] INFO  o.o.b.p.a.PullFromAggregateTracker - Pull Formulário da Vigilancia Hospitalar - Laboratório - Skipping submission 367 of 642: already downloaded
2025-12-30 01:48:14,363 [ForkJoinPool-3-worker-6] INFO  o.o.b.p.a.PullFromAggregateTracker - Pull Formulário da Vigilancia Hospitalar - Laboratório - Skipping submission 368 of 642: already downloaded
2025-12-30 01:48:14,364 [ForkJoinPool-3-worker-9] INFO  o.o.b.p.a.PullFromAggregateTracker - Pull Formulário da Vigilancia Hospitalar - Skipping submission 604 of 1156: already downloaded
2025-12-30 01:48:14,364 [ForkJoinPool-3-worker-9] INFO  o.o.b.p.a.PullFromAggregateTracker - Pull Formulário da Vigilancia Hospitalar - Skipping submission 605 of 1156: already downloaded
2025-12-30 01:48:14,364 [ForkJoinPool-3-worker-9] INFO  o.o.b.p.a.PullFromAggregateTracker - Pull Formulário da Vigilancia Hospitalar - Skipping submission 606 of 1156: already downloaded
2025-12-30 01:48:14,366 [ForkJoinPool-3-worker-9] INFO  o.o.b.p.a.PullFromAggregateTracker - Pull Formulário da Vigilancia Hospitalar - Skipping submission 607 of 1156: already downloaded
2025-12-30 01:48:14,366 [ForkJoinPool-3-worker-6] INFO  o.o.b.p.a.PullFromAggregateTracker - Pull Formulário da Vigilancia Hospitalar - Laboratório - Skipping submission 369 of 642: already downloaded
2025-12-30 01:48:14,366 [ForkJoinPool-3-worker-9] INFO  o.o.b.p.a.PullFromAggregateTracker - Pull Formulário da Vigilancia Hospitalar - Skipping submission 608 of 1156: already downloaded
2025-12-30 01:48:14,366 [ForkJoinPool-3-worker-6] INFO  o.o.b.p.a.PullFromAggregateTracker - Pull Formulário da Vigilancia Hospitalar - Laboratório - Skipping submission 370 of 642: already downloaded
2025-12-30 01:48:14,366 [ForkJoinPool-3-worker-9] INFO  o.o.b.p.a.PullFromAggregateTracker - Pull Formulário da Vigilancia Hospitalar - Skipping submission 609 of 1156: already downloaded
2025-12-30 01:48:14,367 [ForkJoinPool-3-worker-6] INFO  o.o.b.p.a.PullFromAggregateTracker - Pull Formulário da Vigilancia Hospitalar - Laboratório - Skipping submission 371 of 642: already downloaded
2025-12-30 01:48:14,367 [ForkJoinPool-3-worker-9] INFO  o.o.b.p.a.PullFromAggregateTracker - Pull Formulário da Vigilancia Hospitalar - Skipping submission 610 of 1156: already downloaded
2025-12-30 01:48:14,367 [ForkJoinPool-3-worker-9] INFO  o.o.b.p.a.PullFromAggregateTracker - Pull Formulário da Vigilancia Hospitalar - Skipping submission 611 of 1156: already downloaded
2025-12-30 01:48:14,367 [ForkJoinPool-3-worker-9] INFO  o.o.b.p.a.PullFromAggregateTracker - Pull Formulário da Vigilancia Hospitalar - Skipping submission 612 of 1156: already downloaded
2025-12-30 01:48:14,367 [ForkJoinPool-3-worker-6] INFO  o.o.b.p.a.PullFromAggregateTracker - Pull Formulário da Vigilancia Hospitalar - Laboratório - Skipping submission 372 of 642: already downloaded
2025-12-30 01:48:14,370 [ForkJoinPool-3-worker-6] INFO  o.o.b.p.a.PullFromAggregateTracker - Pull Formulário da Vigilancia Hospitalar - Laboratório - Skipping submission 373 of 642: already downloaded
2025-12-30 01:48:14,370 [ForkJoinPool-3-worker-9] INFO  o.o.b.p.a.PullFromAggregateTracker - Pull Formulário da Vigilancia Hospitalar - Skipping submission 613 of 1156: already downloaded
2025-12-30 01:48:14,372 [ForkJoinPool-3-worker-6] INFO  o.o.b.p.a.PullFromAggregateTracker - Pull Formulário da Vigilancia Hospitalar - Laboratório - Skipping submission 374 of 642: already downloaded
2025-12-30 01:48:14,372 [ForkJoinPool-3-worker-9] INFO  o.o.b.p.a.PullFromAggregateTracker - Pull Formulário da Vigilancia Hospitalar - Skipping submission 614 of 1156: already downloaded
2025-12-30 01:48:14,376 [ForkJoinPool-3-worker-6] INFO  o.o.b.p.a.PullFromAggregateTracker - Pull Formulário da Vigilancia Hospitalar - Laboratório - Skipping submission 375 of 642: already downloaded
2025-12-30 01:48:14,376 [ForkJoinPool-3-worker-9] INFO  o.o.b.p.a.PullFromAggregateTracker - Pull Formulário da Vigilancia Hospitalar - Skipping submission 615 of 1156: already downloaded
2025-12-30 01:48:14,381 [ForkJoinPool-3-worker-9] INFO  o.o.b.p.a.PullFromAggregateTracker - Pull Formulário da Vigilancia Hospitalar - Skipping submission 616 of 1156: already downloaded
2025-12-30 01:48:14,376 [ForkJoinPool-3-worker-6] INFO  o.o.b.p.a.PullFromAggregateTracker - Pull Formulário da Vigilancia Hospitalar - Laboratório - Skipping submission 376 of 642: already downloaded
2025-12-30 01:48:14,381 [ForkJoinPool-3-worker-9] INFO  o.o.b.p.a.PullFromAggregateTracker - Pull Formulário da Vigilancia Hospitalar - Skipping submission 617 of 1156: already downloaded
2025-12-30 01:48:14,385 [ForkJoinPool-3-worker-6] INFO  o.o.b.p.a.PullFromAggregateTracker - Pull Formulário da Vigilancia Hospitalar - Laboratório - Skipping submission 377 of 642: already downloaded
2025-12-30 01:48:14,385 [ForkJoinPool-3-worker-9] INFO  o.o.b.p.a.PullFromAggregateTracker - Pull Formulário da Vigilancia Hospitalar - Skipping submission 618 of 1156: already downloaded
2025-12-30 01:48:14,386 [ForkJoinPool-3-worker-6] INFO  o.o.b.p.a.PullFromAggregateTracker - Pull Formulário da Vigilancia Hospitalar - Laboratório - Skipping submission 378 of 642: already downloaded
2025-12-30 01:48:14,386 [ForkJoinPool-3-worker-6] INFO  o.o.b.p.a.PullFromAggregateTracker - Pull Formulário da Vigilancia Hospitalar - Laboratório - Skipping submission 379 of 642: already downloaded
2025-12-30 01:48:14,386 [ForkJoinPool-3-worker-9] INFO  o.o.b.p.a.PullFromAggregateTracker - Pull Formulário da Vigilancia Hospitalar - Skipping submission 619 of 1156: already downloaded
2025-12-30 01:48:14,388 [ForkJoinPool-3-worker-9] INFO  o.o.b.p.a.PullFromAggregateTracker - Pull Formulário da Vigilancia Hospitalar - Skipping submission 620 of 1156: already downloaded
2025-12-30 01:48:14,388 [ForkJoinPool-3-worker-6] INFO  o.o.b.p.a.PullFromAggregateTracker - Pull Formulário da Vigilancia Hospitalar - Laboratório - Skipping submission 380 of 642: already downloaded
2025-12-30 01:48:14,388 [ForkJoinPool-3-worker-9] INFO  o.o.b.p.a.PullFromAggregateTracker - Pull Formulário da Vigilancia Hospitalar - Skipping submission 621 of 1156: already downloaded
2025-12-30 01:48:14,393 [ForkJoinPool-3-worker-9] INFO  o.o.b.p.a.PullFromAggregateTracker - Pull Formulário da Vigilancia Hospitalar - Skipping submission 622 of 1156: already downloaded
2025-12-30 01:48:14,397 [ForkJoinPool-3-worker-6] INFO  o.o.b.p.a.PullFromAggregateTracker - Pull Formulário da Vigilancia Hospitalar - Laboratório - Skipping submission 381 of 642: already downloaded
2025-12-30 01:48:14,399 [ForkJoinPool-3-worker-9] INFO  o.o.b.p.a.PullFromAggregateTracker - Pull Formulário da Vigilancia Hospitalar - Skipping submission 623 of 1156: already downloaded
2025-12-30 01:48:14,403 [ForkJoinPool-3-worker-6] INFO  o.o.b.p.a.PullFromAggregateTracker - Pull Formulário da Vigilancia Hospitalar - Laboratório - Skipping submission 382 of 642: already downloaded
2025-12-30 01:48:14,403 [ForkJoinPool-3-worker-9] INFO  o.o.b.p.a.PullFromAggregateTracker - Pull Formulário da Vigilancia Hospitalar - Skipping submission 624 of 1156: already downloaded
2025-12-30 01:48:14,405 [ForkJoinPool-3-worker-6] INFO  o.o.b.p.a.PullFromAggregateTracker - Pull Formulário da Vigilancia Hospitalar - Laboratório - Skipping submission 383 of 642: already downloaded
2025-12-30 01:48:14,415 [ForkJoinPool-3-worker-9] INFO  o.o.b.p.a.PullFromAggregateTracker - Pull Formulário da Vigilancia Hospitalar - Skipping submission 625 of 1156: already downloaded
2025-12-30 01:48:14,417 [ForkJoinPool-3-worker-6] INFO  o.o.b.p.a.PullFromAggregateTracker - Pull Formulário da Vigilancia Hospitalar - Laboratório - Skipping submission 384 of 642: already downloaded
2025-12-30 01:48:14,417 [ForkJoinPool-3-worker-9] INFO  o.o.b.p.a.PullFromAggregateTracker - Pull Formulário da Vigilancia Hospitalar - Skipping submission 626 of 1156: already downloaded
2025-12-30 01:48:14,431 [ForkJoinPool-3-worker-9] INFO  o.o.b.p.a.PullFromAggregateTracker - Pull Formulário da Vigilancia Hospitalar - Skipping submission 627 of 1156: already downloaded
2025-12-30 01:48:14,437 [ForkJoinPool-3-worker-6] INFO  o.o.b.p.a.PullFromAggregateTracker - Pull Formulário da Vigilancia Hospitalar - Laboratório - Skipping submission 385 of 642: already downloaded
2025-12-30 01:48:14,441 [ForkJoinPool-3-worker-9] INFO  o.o.b.p.a.PullFromAggregateTracker - Pull Formulário da Vigilancia Hospitalar - Skipping submission 628 of 1156: already downloaded
2025-12-30 01:48:14,443 [ForkJoinPool-3-worker-9] INFO  o.o.b.p.a.PullFromAggregateTracker - Pull Formulário da Vigilancia Hospitalar - Skipping submission 629 of 1156: already downloaded
2025-12-30 01:48:14,448 [ForkJoinPool-3-worker-4] INFO  o.o.b.p.a.PullFromAggregateTracker - Pull Formulário da Vigilancia Hospitalar - Laboratório - Submission 32 of 74 downloaded
2025-12-30 01:48:14,446 [ForkJoinPool-3-worker-1] INFO  o.o.b.p.a.PullFromAggregateTracker - Pull Formulário da Vigilancia Hospitalar - Laboratório - Submission 31 of 74 downloaded
2025-12-30 01:48:14,448 [ForkJoinPool-3-worker-10] INFO  o.o.b.p.a.PullFromAggregateTracker - Pull Formulário da Vigilancia Hospitalar - Laboratório - Submission 320 of 642 downloaded
2025-12-30 01:48:14,449 [ForkJoinPool-3-worker-9] INFO  o.o.b.p.a.PullFromAggregateTracker - Pull Formulário da Vigilancia Hospitalar - Skipping submission 630 of 1156: already downloaded
2025-12-30 01:48:14,446 [ForkJoinPool-3-worker-6] INFO  o.o.b.p.a.PullFromAggregateTracker - Pull Formulário da Vigilancia Hospitalar - Laboratório - Skipping submission 386 of 642: already downloaded
2025-12-30 01:48:14,455 [ForkJoinPool-3-worker-6] INFO  o.o.b.p.a.PullFromAggregateTracker - Pull Formulário da Vigilancia Hospitalar - Laboratório - Skipping submission 387 of 642: already downloaded
2025-12-30 01:48:14,458 [ForkJoinPool-3-worker-13] INFO  o.o.b.p.a.PullFromAggregateTracker - Pull Formulário da Vigilancia Comunitaria - Submission 1073 of 1299 downloaded
2025-12-30 01:48:14,457 [ForkJoinPool-3-worker-9] INFO  o.o.b.p.a.PullFromAggregateTracker - Pull Formulário da Vigilancia Hospitalar - Skipping submission 631 of 1156: already downloaded
2025-12-30 01:48:14,461 [ForkJoinPool-3-worker-6] INFO  o.o.b.p.a.PullFromAggregateTracker - Pull Formulário da Vigilancia Hospitalar - Laboratório - Skipping submission 388 of 642: already downloaded
2025-12-30 01:48:14,461 [ForkJoinPool-3-worker-1] INFO  o.o.b.p.a.PullFromAggregateTracker - Pull Formulário da Vigilancia Hospitalar - Laboratório - Start downloading submission 36 of 74
2025-12-30 01:48:14,461 [ForkJoinPool-3-worker-9] INFO  o.o.b.p.a.PullFromAggregateTracker - Pull Formulário da Vigilancia Hospitalar - Skipping submission 632 of 1156: already downloaded
2025-12-30 01:48:14,463 [ForkJoinPool-3-worker-6] INFO  o.o.b.p.a.PullFromAggregateTracker - Pull Formulário da Vigilancia Hospitalar - Laboratório - Skipping submission 389 of 642: already downloaded
2025-12-30 01:48:14,458 [ForkJoinPool-3-worker-4] INFO  o.o.b.p.a.PullFromAggregateTracker - Pull Formulário da Vigilancia Hospitalar - Laboratório - Start downloading submission 35 of 74
2025-12-30 01:48:14,463 [ForkJoinPool-3-worker-10] INFO  o.o.b.p.a.PullFromAggregateTracker - Pull Formulário da Vigilancia Hospitalar - Laboratório - Start downloading submission 391 of 642
2025-12-30 01:48:14,465 [ForkJoinPool-3-worker-13] INFO  o.o.b.p.a.PullFromAggregateTracker - Pull Formulário da Vigilancia Comunitaria - Start downloading submission 1074 of 1299
2025-12-30 01:48:14,469 [ForkJoinPool-3-worker-9] INFO  o.o.b.p.a.PullFromAggregateTracker - Pull Formulário da Vigilancia Hospitalar - Skipping submission 633 of 1156: already downloaded
2025-12-30 01:48:14,469 [ForkJoinPool-3-worker-6] INFO  o.o.b.p.a.PullFromAggregateTracker - Pull Formulário da Vigilancia Hospitalar - Laboratório - Skipping submission 390 of 642: already downloaded
2025-12-30 01:48:14,469 [ForkJoinPool-3-worker-9] INFO  o.o.b.p.a.PullFromAggregateTracker - Pull Formulário da Vigilancia Hospitalar - Skipping submission 634 of 1156: already downloaded
2025-12-30 01:48:14,471 [ForkJoinPool-3-worker-2] INFO  o.o.b.p.a.PullFromAggregateTracker - Pull Formulário da Vigilancia Hospitalar - Laboratório - Submission 33 of 74 downloaded
2025-12-30 01:48:14,473 [ForkJoinPool-3-worker-3] INFO  o.o.b.p.a.PullFromAggregateTracker - Pull Formulário da Vigilancia Hospitalar - Submission 159 of 250 downloaded
2025-12-30 01:48:14,478 [ForkJoinPool-3-worker-6] INFO  o.o.b.p.a.PullFromAggregateTracker - Pull Formulário da Vigilancia Hospitalar - Laboratório - Skipping submission 392 of 642: already downloaded
2025-12-30 01:48:14,478 [ForkJoinPool-3-worker-9] INFO  o.o.b.p.a.PullFromAggregateTracker - Pull Formulário da Vigilancia Hospitalar - Skipping submission 635 of 1156: already downloaded
2025-12-30 01:48:14,485 [ForkJoinPool-3-worker-6] INFO  o.o.b.p.a.PullFromAggregateTracker - Pull Formulário da Vigilancia Hospitalar - Laboratório - Skipping submission 393 of 642: already downloaded
2025-12-30 01:48:14,485 [ForkJoinPool-3-worker-2] INFO  o.o.b.p.a.PullFromAggregateTracker - Pull Formulário da Vigilancia Hospitalar - Laboratório - Start downloading submission 37 of 74
2025-12-30 01:48:14,487 [ForkJoinPool-3-worker-3] INFO  o.o.b.p.a.PullFromAggregateTracker - Pull Formulário da Vigilancia Hospitalar - Start downloading submission 203 of 250
2025-12-30 01:48:14,487 [ForkJoinPool-3-worker-6] INFO  o.o.b.p.a.PullFromAggregateTracker - Pull Formulário da Vigilancia Hospitalar - Laboratório - Skipping submission 394 of 642: already downloaded
2025-12-30 01:48:14,487 [ForkJoinPool-3-worker-9] INFO  o.o.b.p.a.PullFromAggregateTracker - Pull Formulário da Vigilancia Hospitalar - Skipping submission 636 of 1156: already downloaded
2025-12-30 01:48:14,490 [ForkJoinPool-3-worker-6] INFO  o.o.b.p.a.PullFromAggregateTracker - Pull Formulário da Vigilancia Hospitalar - Laboratório - Skipping submission 395 of 642: already downloaded
2025-12-30 01:48:14,490 [ForkJoinPool-3-worker-6] INFO  o.o.b.p.a.PullFromAggregateTracker - Pull Formulário da Vigilancia Hospitalar - Laboratório - Skipping submission 396 of 642: already downloaded
2025-12-30 01:48:14,490 [ForkJoinPool-3-worker-6] INFO  o.o.b.p.a.PullFromAggregateTracker - Pull Formulário da Vigilancia Hospitalar - Laboratório - Skipping submission 397 of 642: already downloaded
2025-12-30 01:48:14,491 [ForkJoinPool-3-worker-6] INFO  o.o.b.p.a.PullFromAggregateTracker - Pull Formulário da Vigilancia Hospitalar - Laboratório - Skipping submission 398 of 642: already downloaded
2025-12-30 01:48:14,494 [ForkJoinPool-3-worker-6] INFO  o.o.b.p.a.PullFromAggregateTracker - Pull Formulário da Vigilancia Hospitalar - Laboratório - Skipping submission 399 of 642: already downloaded
2025-12-30 01:48:14,494 [ForkJoinPool-3-worker-9] INFO  o.o.b.p.a.PullFromAggregateTracker - Pull Formulário da Vigilancia Hospitalar - Skipping submission 637 of 1156: already downloaded
2025-12-30 01:48:14,494 [ForkJoinPool-3-worker-15] INFO  o.o.b.p.a.PullFromAggregateTracker - Pull Formulário da Vigilancia Hospitalar - Submission 555 of 1156 downloaded
2025-12-30 01:48:14,496 [ForkJoinPool-3-worker-6] INFO  o.o.b.p.a.PullFromAggregateTracker - Pull Formulário da Vigilancia Hospitalar - Laboratório - Skipping submission 400 of 642: already downloaded
2025-12-30 01:48:14,496 [ForkJoinPool-3-worker-9] INFO  o.o.b.p.a.PullFromAggregateTracker - Pull Formulário da Vigilancia Hospitalar - Skipping submission 638 of 1156: already downloaded
2025-12-30 01:48:14,497 [ForkJoinPool-3-worker-6] INFO  o.o.b.p.a.PullFromAggregateTracker - Pull Formulário da Vigilancia Hospitalar - Laboratório - Skipping submission 401 of 642: already downloaded
2025-12-30 01:48:14,497 [ForkJoinPool-3-worker-9] INFO  o.o.b.p.a.PullFromAggregateTracker - Pull Formulário da Vigilancia Hospitalar - Skipping submission 639 of 1156: already downloaded
2025-12-30 01:48:14,499 [ForkJoinPool-3-worker-9] INFO  o.o.b.p.a.PullFromAggregateTracker - Pull Formulário da Vigilancia Hospitalar - Skipping submission 640 of 1156: already downloaded
2025-12-30 01:48:14,499 [ForkJoinPool-3-worker-6] INFO  o.o.b.p.a.PullFromAggregateTracker - Pull Formulário da Vigilancia Hospitalar - Laboratório - Skipping submission 402 of 642: already downloaded
2025-12-30 01:48:14,499 [ForkJoinPool-3-worker-9] INFO  o.o.b.p.a.PullFromAggregateTracker - Pull Formulário da Vigilancia Hospitalar - Skipping submission 641 of 1156: already downloaded
2025-12-30 01:48:14,499 [ForkJoinPool-3-worker-6] INFO  o.o.b.p.a.PullFromAggregateTracker - Pull Formulário da Vigilancia Hospitalar - Laboratório - Skipping submission 403 of 642: already downloaded
2025-12-30 01:48:14,500 [ForkJoinPool-3-worker-6] INFO  o.o.b.p.a.PullFromAggregateTracker - Pull Formulário da Vigilancia Hospitalar - Laboratório - Skipping submission 404 of 642: already downloaded
2025-12-30 01:48:14,501 [ForkJoinPool-3-worker-15] INFO  o.o.b.p.a.PullFromAggregateTracker - Pull Formulário da Vigilancia Hospitalar - Start downloading submission 643 of 1156
2025-12-30 01:48:14,501 [ForkJoinPool-3-worker-6] INFO  o.o.b.p.a.PullFromAggregateTracker - Pull Formulário da Vigilancia Hospitalar - Laboratório - Skipping submission 405 of 642: already downloaded
2025-12-30 01:48:14,501 [ForkJoinPool-3-worker-9] INFO  o.o.b.p.a.PullFromAggregateTracker - Pull Formulário da Vigilancia Hospitalar - Skipping submission 642 of 1156: already downloaded
2025-12-30 01:48:14,501 [ForkJoinPool-3-worker-6] INFO  o.o.b.p.a.PullFromAggregateTracker - Pull Formulário da Vigilancia Hospitalar - Laboratório - Skipping submission 406 of 642: already downloaded
2025-12-30 01:48:14,502 [ForkJoinPool-3-worker-6] INFO  o.o.b.p.a.PullFromAggregateTracker - Pull Formulário da Vigilancia Hospitalar - Laboratório - Skipping submission 407 of 642: already downloaded
2025-12-30 01:48:14,502 [ForkJoinPool-3-worker-9] INFO  o.o.b.p.a.PullFromAggregateTracker - Pull Formulário da Vigilancia Hospitalar - Skipping submission 644 of 1156: already downloaded
2025-12-30 01:48:14,503 [ForkJoinPool-3-worker-6] INFO  o.o.b.p.a.PullFromAggregateTracker - Pull Formulário da Vigilancia Hospitalar - Laboratório - Skipping submission 408 of 642: already downloaded
2025-12-30 01:48:14,503 [ForkJoinPool-3-worker-9] INFO  o.o.b.p.a.PullFromAggregateTracker - Pull Formulário da Vigilancia Hospitalar - Skipping submission 645 of 1156: already downloaded
2025-12-30 01:48:14,505 [ForkJoinPool-3-worker-9] INFO  o.o.b.p.a.PullFromAggregateTracker - Pull Formulário da Vigilancia Hospitalar - Skipping submission 646 of 1156: already downloaded
2025-12-30 01:48:14,507 [ForkJoinPool-3-worker-6] INFO  o.o.b.p.a.PullFromAggregateTracker - Pull Formulário da Vigilancia Hospitalar - Laboratório - Skipping submission 409 of 642: already downloaded
2025-12-30 01:48:14,507 [ForkJoinPool-3-worker-6] INFO  o.o.b.p.a.PullFromAggregateTracker - Pull Formulário da Vigilancia Hospitalar - Laboratório - Skipping submission 410 of 642: already downloaded
2025-12-30 01:48:14,507 [ForkJoinPool-3-worker-9] INFO  o.o.b.p.a.PullFromAggregateTracker - Pull Formulário da Vigilancia Hospitalar - Skipping submission 647 of 1156: already downloaded
2025-12-30 01:48:14,508 [ForkJoinPool-3-worker-6] INFO  o.o.b.p.a.PullFromAggregateTracker - Pull Formulário da Vigilancia Hospitalar - Laboratório - Skipping submission 411 of 642: already downloaded
2025-12-30 01:48:14,508 [ForkJoinPool-3-worker-9] INFO  o.o.b.p.a.PullFromAggregateTracker - Pull Formulário da Vigilancia Hospitalar - Skipping submission 648 of 1156: already downloaded
2025-12-30 01:48:14,510 [ForkJoinPool-3-worker-9] INFO  o.o.b.p.a.PullFromAggregateTracker - Pull Formulário da Vigilancia Hospitalar - Skipping submission 649 of 1156: already downloaded
2025-12-30 01:48:14,511 [ForkJoinPool-3-worker-6] INFO  o.o.b.p.a.PullFromAggregateTracker - Pull Formulário da Vigilancia Hospitalar - Laboratório - Skipping submission 412 of 642: already downloaded
2025-12-30 01:48:14,512 [ForkJoinPool-3-worker-6] INFO  o.o.b.p.a.PullFromAggregateTracker - Pull Formulário da Vigilancia Hospitalar - Laboratório - Skipping submission 413 of 642: already downloaded
2025-12-30 01:48:14,512 [ForkJoinPool-3-worker-9] INFO  o.o.b.p.a.PullFromAggregateTracker - Pull Formulário da Vigilancia Hospitalar - Skipping submission 650 of 1156: already downloaded
2025-12-30 01:48:14,512 [ForkJoinPool-3-worker-6] INFO  o.o.b.p.a.PullFromAggregateTracker - Pull Formulário da Vigilancia Hospitalar - Laboratório - Skipping submission 414 of 642: already downloaded
2025-12-30 01:48:14,514 [ForkJoinPool-3-worker-9] INFO  o.o.b.p.a.PullFromAggregateTracker - Pull Formulário da Vigilancia Hospitalar - Skipping submission 651 of 1156: already downloaded
2025-12-30 01:48:14,514 [ForkJoinPool-3-worker-6] INFO  o.o.b.p.a.PullFromAggregateTracker - Pull Formulário da Vigilancia Hospitalar - Laboratório - Skipping submission 415 of 642: already downloaded
2025-12-30 01:48:14,515 [ForkJoinPool-3-worker-9] INFO  o.o.b.p.a.PullFromAggregateTracker - Pull Formulário da Vigilancia Hospitalar - Skipping submission 652 of 1156: already downloaded
2025-12-30 01:48:14,515 [ForkJoinPool-3-worker-6] INFO  o.o.b.p.a.PullFromAggregateTracker - Pull Formulário da Vigilancia Hospitalar - Laboratório - Skipping submission 416 of 642: already downloaded
2025-12-30 01:48:14,515 [ForkJoinPool-3-worker-6] INFO  o.o.b.p.a.PullFromAggregateTracker - Pull Formulário da Vigilancia Hospitalar - Laboratório - Skipping submission 417 of 642: already downloaded
2025-12-30 01:48:14,517 [ForkJoinPool-3-worker-6] INFO  o.o.b.p.a.PullFromAggregateTracker - Pull Formulário da Vigilancia Hospitalar - Laboratório - Skipping submission 418 of 642: already downloaded
2025-12-30 01:48:14,517 [ForkJoinPool-3-worker-6] INFO  o.o.b.p.a.PullFromAggregateTracker - Pull Formulário da Vigilancia Hospitalar - Laboratório - Skipping submission 419 of 642: already downloaded
2025-12-30 01:48:14,518 [ForkJoinPool-3-worker-9] INFO  o.o.b.p.a.PullFromAggregateTracker - Pull Formulário da Vigilancia Hospitalar - Skipping submission 653 of 1156: already downloaded
2025-12-30 01:48:14,518 [ForkJoinPool-3-worker-6] INFO  o.o.b.p.a.PullFromAggregateTracker - Pull Formulário da Vigilancia Hospitalar - Laboratório - Skipping submission 420 of 642: already downloaded
2025-12-30 01:48:14,519 [ForkJoinPool-3-worker-9] INFO  o.o.b.p.a.PullFromAggregateTracker - Pull Formulário da Vigilancia Hospitalar - Skipping submission 654 of 1156: already downloaded
2025-12-30 01:48:14,519 [ForkJoinPool-3-worker-6] INFO  o.o.b.p.a.PullFromAggregateTracker - Pull Formulário da Vigilancia Hospitalar - Laboratório - Skipping submission 421 of 642: already downloaded
2025-12-30 01:48:14,519 [ForkJoinPool-3-worker-9] INFO  o.o.b.p.a.PullFromAggregateTracker - Pull Formulário da Vigilancia Hospitalar - Skipping submission 655 of 1156: already downloaded
2025-12-30 01:48:14,519 [ForkJoinPool-3-worker-6] INFO  o.o.b.p.a.PullFromAggregateTracker - Pull Formulário da Vigilancia Hospitalar - Laboratório - Skipping submission 422 of 642: already downloaded
2025-12-30 01:48:14,519 [ForkJoinPool-3-worker-9] INFO  o.o.b.p.a.PullFromAggregateTracker - Pull Formulário da Vigilancia Hospitalar - Skipping submission 656 of 1156: already downloaded
2025-12-30 01:48:14,521 [ForkJoinPool-3-worker-6] INFO  o.o.b.p.a.PullFromAggregateTracker - Pull Formulário da Vigilancia Hospitalar - Laboratório - Skipping submission 423 of 642: already downloaded
2025-12-30 01:48:14,521 [ForkJoinPool-3-worker-9] INFO  o.o.b.p.a.PullFromAggregateTracker - Pull Formulário da Vigilancia Hospitalar - Skipping submission 657 of 1156: already downloaded
2025-12-30 01:48:14,521 [ForkJoinPool-3-worker-6] INFO  o.o.b.p.a.PullFromAggregateTracker - Pull Formulário da Vigilancia Hospitalar - Laboratório - Skipping submission 424 of 642: already downloaded
2025-12-30 01:48:14,521 [ForkJoinPool-3-worker-9] INFO  o.o.b.p.a.PullFromAggregateTracker - Pull Formulário da Vigilancia Hospitalar - Skipping submission 658 of 1156: already downloaded
2025-12-30 01:48:14,521 [ForkJoinPool-3-worker-6] INFO  o.o.b.p.a.PullFromAggregateTracker - Pull Formulário da Vigilancia Hospitalar - Laboratório - Skipping submission 425 of 642: already downloaded
2025-12-30 01:48:14,523 [ForkJoinPool-3-worker-6] INFO  o.o.b.p.a.PullFromAggregateTracker - Pull Formulário da Vigilancia Hospitalar - Laboratório - Skipping submission 426 of 642: already downloaded
2025-12-30 01:48:14,523 [ForkJoinPool-3-worker-9] INFO  o.o.b.p.a.PullFromAggregateTracker - Pull Formulário da Vigilancia Hospitalar - Skipping submission 659 of 1156: already downloaded
2025-12-30 01:48:14,523 [ForkJoinPool-3-worker-6] INFO  o.o.b.p.a.PullFromAggregateTracker - Pull Formulário da Vigilancia Hospitalar - Laboratório - Skipping submission 427 of 642: already downloaded
2025-12-30 01:48:14,523 [ForkJoinPool-3-worker-9] INFO  o.o.b.p.a.PullFromAggregateTracker - Pull Formulário da Vigilancia Hospitalar - Skipping submission 660 of 1156: already downloaded
2025-12-30 01:48:14,525 [ForkJoinPool-3-worker-9] INFO  o.o.b.p.a.PullFromAggregateTracker - Pull Formulário da Vigilancia Hospitalar - Skipping submission 661 of 1156: already downloaded
2025-12-30 01:48:14,526 [ForkJoinPool-3-worker-9] INFO  o.o.b.p.a.PullFromAggregateTracker - Pull Formulário da Vigilancia Hospitalar - Skipping submission 662 of 1156: already downloaded
2025-12-30 01:48:14,525 [ForkJoinPool-3-worker-6] INFO  o.o.b.p.a.PullFromAggregateTracker - Pull Formulário da Vigilancia Hospitalar - Laboratório - Skipping submission 428 of 642: already downloaded
2025-12-30 01:48:14,527 [ForkJoinPool-3-worker-9] INFO  o.o.b.p.a.PullFromAggregateTracker - Pull Formulário da Vigilancia Hospitalar - Skipping submission 663 of 1156: already downloaded
2025-12-30 01:48:14,527 [ForkJoinPool-3-worker-6] INFO  o.o.b.p.a.PullFromAggregateTracker - Pull Formulário da Vigilancia Hospitalar - Laboratório - Skipping submission 429 of 642: already downloaded
2025-12-30 01:48:14,527 [ForkJoinPool-3-worker-9] INFO  o.o.b.p.a.PullFromAggregateTracker - Pull Formulário da Vigilancia Hospitalar - Skipping submission 664 of 1156: already downloaded
2025-12-30 01:48:14,529 [ForkJoinPool-3-worker-9] INFO  o.o.b.p.a.PullFromAggregateTracker - Pull Formulário da Vigilancia Hospitalar - Skipping submission 665 of 1156: already downloaded
2025-12-30 01:48:14,529 [ForkJoinPool-3-worker-6] INFO  o.o.b.p.a.PullFromAggregateTracker - Pull Formulário da Vigilancia Hospitalar - Laboratório - Skipping submission 430 of 642: already downloaded
2025-12-30 01:48:14,529 [ForkJoinPool-3-worker-9] INFO  o.o.b.p.a.PullFromAggregateTracker - Pull Formulário da Vigilancia Hospitalar - Skipping submission 666 of 1156: already downloaded
2025-12-30 01:48:14,529 [ForkJoinPool-3-worker-6] INFO  o.o.b.p.a.PullFromAggregateTracker - Pull Formulário da Vigilancia Hospitalar - Laboratório - Skipping submission 431 of 642: already downloaded
2025-12-30 01:48:14,529 [ForkJoinPool-3-worker-9] INFO  o.o.b.p.a.PullFromAggregateTracker - Pull Formulário da Vigilancia Hospitalar - Skipping submission 667 of 1156: already downloaded
2025-12-30 01:48:14,531 [ForkJoinPool-3-worker-9] INFO  o.o.b.p.a.PullFromAggregateTracker - Pull Formulário da Vigilancia Hospitalar - Skipping submission 668 of 1156: already downloaded
2025-12-30 01:48:14,531 [ForkJoinPool-3-worker-9] INFO  o.o.b.p.a.PullFromAggregateTracker - Pull Formulário da Vigilancia Hospitalar - Skipping submission 669 of 1156: already downloaded
2025-12-30 01:48:14,531 [ForkJoinPool-3-worker-6] INFO  o.o.b.p.a.PullFromAggregateTracker - Pull Formulário da Vigilancia Hospitalar - Laboratório - Skipping submission 432 of 642: already downloaded
2025-12-30 01:48:14,533 [ForkJoinPool-3-worker-6] INFO  o.o.b.p.a.PullFromAggregateTracker - Pull Formulário da Vigilancia Hospitalar - Laboratório - Skipping submission 433 of 642: already downloaded
2025-12-30 01:48:14,533 [ForkJoinPool-3-worker-6] INFO  o.o.b.p.a.PullFromAggregateTracker - Pull Formulário da Vigilancia Hospitalar - Laboratório - Skipping submission 434 of 642: already downloaded
2025-12-30 01:48:14,534 [ForkJoinPool-3-worker-9] INFO  o.o.b.p.a.PullFromAggregateTracker - Pull Formulário da Vigilancia Hospitalar - Skipping submission 670 of 1156: already downloaded
2025-12-30 01:48:14,534 [ForkJoinPool-3-worker-6] INFO  o.o.b.p.a.PullFromAggregateTracker - Pull Formulário da Vigilancia Hospitalar - Laboratório - Skipping submission 435 of 642: already downloaded
2025-12-30 01:48:14,534 [ForkJoinPool-3-worker-9] INFO  o.o.b.p.a.PullFromAggregateTracker - Pull Formulário da Vigilancia Hospitalar - Skipping submission 671 of 1156: already downloaded
2025-12-30 01:48:14,536 [ForkJoinPool-3-worker-6] INFO  o.o.b.p.a.PullFromAggregateTracker - Pull Formulário da Vigilancia Hospitalar - Laboratório - Skipping submission 436 of 642: already downloaded
2025-12-30 01:48:14,536 [ForkJoinPool-3-worker-9] INFO  o.o.b.p.a.PullFromAggregateTracker - Pull Formulário da Vigilancia Hospitalar - Skipping submission 672 of 1156: already downloaded
2025-12-30 01:48:14,536 [ForkJoinPool-3-worker-6] INFO  o.o.b.p.a.PullFromAggregateTracker - Pull Formulário da Vigilancia Hospitalar - Laboratório - Skipping submission 437 of 642: already downloaded
2025-12-30 01:48:14,536 [ForkJoinPool-3-worker-9] INFO  o.o.b.p.a.PullFromAggregateTracker - Pull Formulário da Vigilancia Hospitalar - Skipping submission 673 of 1156: already downloaded
2025-12-30 01:48:14,536 [ForkJoinPool-3-worker-9] INFO  o.o.b.p.a.PullFromAggregateTracker - Pull Formulário da Vigilancia Hospitalar - Skipping submission 674 of 1156: already downloaded
2025-12-30 01:48:14,536 [ForkJoinPool-3-worker-6] INFO  o.o.b.p.a.PullFromAggregateTracker - Pull Formulário da Vigilancia Hospitalar - Laboratório - Skipping submission 438 of 642: already downloaded
2025-12-30 01:48:14,537 [ForkJoinPool-3-worker-9] INFO  o.o.b.p.a.PullFromAggregateTracker - Pull Formulário da Vigilancia Hospitalar - Skipping submission 675 of 1156: already downloaded
2025-12-30 01:48:14,537 [ForkJoinPool-3-worker-6] INFO  o.o.b.p.a.PullFromAggregateTracker - Pull Formulário da Vigilancia Hospitalar - Laboratório - Skipping submission 439 of 642: already downloaded
2025-12-30 01:48:14,537 [ForkJoinPool-3-worker-9] INFO  o.o.b.p.a.PullFromAggregateTracker - Pull Formulário da Vigilancia Hospitalar - Skipping submission 676 of 1156: already downloaded
2025-12-30 01:48:14,537 [ForkJoinPool-3-worker-6] INFO  o.o.b.p.a.PullFromAggregateTracker - Pull Formulário da Vigilancia Hospitalar - Laboratório - Skipping submission 440 of 642: already downloaded
2025-12-30 01:48:14,537 [ForkJoinPool-3-worker-9] INFO  o.o.b.p.a.PullFromAggregateTracker - Pull Formulário da Vigilancia Hospitalar - Skipping submission 677 of 1156: already downloaded
2025-12-30 01:48:14,539 [ForkJoinPool-3-worker-9] INFO  o.o.b.p.a.PullFromAggregateTracker - Pull Formulário da Vigilancia Hospitalar - Skipping submission 678 of 1156: already downloaded
2025-12-30 01:48:14,539 [ForkJoinPool-3-worker-6] INFO  o.o.b.p.a.PullFromAggregateTracker - Pull Formulário da Vigilancia Hospitalar - Laboratório - Skipping submission 441 of 642: already downloaded
2025-12-30 01:48:14,539 [ForkJoinPool-3-worker-9] INFO  o.o.b.p.a.PullFromAggregateTracker - Pull Formulário da Vigilancia Hospitalar - Skipping submission 679 of 1156: already downloaded
2025-12-30 01:48:14,539 [ForkJoinPool-3-worker-6] INFO  o.o.b.p.a.PullFromAggregateTracker - Pull Formulário da Vigilancia Hospitalar - Laboratório - Skipping submission 442 of 642: already downloaded
2025-12-30 01:48:14,539 [ForkJoinPool-3-worker-9] INFO  o.o.b.p.a.PullFromAggregateTracker - Pull Formulário da Vigilancia Hospitalar - Skipping submission 680 of 1156: already downloaded
2025-12-30 01:48:14,541 [ForkJoinPool-3-worker-9] INFO  o.o.b.p.a.PullFromAggregateTracker - Pull Formulário da Vigilancia Hospitalar - Skipping submission 681 of 1156: already downloaded
2025-12-30 01:48:14,541 [ForkJoinPool-3-worker-6] INFO  o.o.b.p.a.PullFromAggregateTracker - Pull Formulário da Vigilancia Hospitalar - Laboratório - Skipping submission 443 of 642: already downloaded
2025-12-30 01:48:14,544 [ForkJoinPool-3-worker-9] INFO  o.o.b.p.a.PullFromAggregateTracker - Pull Formulário da Vigilancia Hospitalar - Skipping submission 682 of 1156: already downloaded
2025-12-30 01:48:14,544 [ForkJoinPool-3-worker-6] INFO  o.o.b.p.a.PullFromAggregateTracker - Pull Formulário da Vigilancia Hospitalar - Laboratório - Skipping submission 444 of 642: already downloaded
2025-12-30 01:48:14,544 [ForkJoinPool-3-worker-6] INFO  o.o.b.p.a.PullFromAggregateTracker - Pull Formulário da Vigilancia Hospitalar - Laboratório - Skipping submission 445 of 642: already downloaded
2025-12-30 01:48:14,544 [ForkJoinPool-3-worker-9] INFO  o.o.b.p.a.PullFromAggregateTracker - Pull Formulário da Vigilancia Hospitalar - Skipping submission 683 of 1156: already downloaded
2025-12-30 01:48:14,545 [ForkJoinPool-3-worker-6] INFO  o.o.b.p.a.PullFromAggregateTracker - Pull Formulário da Vigilancia Hospitalar - Laboratório - Skipping submission 446 of 642: already downloaded
2025-12-30 01:48:14,545 [ForkJoinPool-3-worker-6] INFO  o.o.b.p.a.PullFromAggregateTracker - Pull Formulário da Vigilancia Hospitalar - Laboratório - Skipping submission 447 of 642: already downloaded
2025-12-30 01:48:14,545 [ForkJoinPool-3-worker-6] INFO  o.o.b.p.a.PullFromAggregateTracker - Pull Formulário da Vigilancia Hospitalar - Laboratório - Skipping submission 448 of 642: already downloaded
2025-12-30 01:48:14,545 [ForkJoinPool-3-worker-9] INFO  o.o.b.p.a.PullFromAggregateTracker - Pull Formulário da Vigilancia Hospitalar - Skipping submission 684 of 1156: already downloaded
2025-12-30 01:48:14,547 [ForkJoinPool-3-worker-6] INFO  o.o.b.p.a.PullFromAggregateTracker - Pull Formulário da Vigilancia Hospitalar - Laboratório - Skipping submission 449 of 642: already downloaded
2025-12-30 01:48:14,547 [ForkJoinPool-3-worker-9] INFO  o.o.b.p.a.PullFromAggregateTracker - Pull Formulário da Vigilancia Hospitalar - Skipping submission 685 of 1156: already downloaded
2025-12-30 01:48:14,547 [ForkJoinPool-3-worker-6] INFO  o.o.b.p.a.PullFromAggregateTracker - Pull Formulário da Vigilancia Hospitalar - Laboratório - Skipping submission 450 of 642: already downloaded
2025-12-30 01:48:14,547 [ForkJoinPool-3-worker-9] INFO  o.o.b.p.a.PullFromAggregateTracker - Pull Formulário da Vigilancia Hospitalar - Skipping submission 686 of 1156: already downloaded
2025-12-30 01:48:14,547 [ForkJoinPool-3-worker-6] INFO  o.o.b.p.a.PullFromAggregateTracker - Pull Formulário da Vigilancia Hospitalar - Laboratório - Skipping submission 451 of 642: already downloaded
2025-12-30 01:48:14,549 [ForkJoinPool-3-worker-6] INFO  o.o.b.p.a.PullFromAggregateTracker - Pull Formulário da Vigilancia Hospitalar - Laboratório - Skipping submission 452 of 642: already downloaded
2025-12-30 01:48:14,549 [ForkJoinPool-3-worker-9] INFO  o.o.b.p.a.PullFromAggregateTracker - Pull Formulário da Vigilancia Hospitalar - Skipping submission 687 of 1156: already downloaded
2025-12-30 01:48:14,549 [ForkJoinPool-3-worker-6] INFO  o.o.b.p.a.PullFromAggregateTracker - Pull Formulário da Vigilancia Hospitalar - Laboratório - Skipping submission 453 of 642: already downloaded
2025-12-30 01:48:14,549 [ForkJoinPool-3-worker-9] INFO  o.o.b.p.a.PullFromAggregateTracker - Pull Formulário da Vigilancia Hospitalar - Skipping submission 688 of 1156: already downloaded
2025-12-30 01:48:14,549 [ForkJoinPool-3-worker-6] INFO  o.o.b.p.a.PullFromAggregateTracker - Pull Formulário da Vigilancia Hospitalar - Laboratório - Skipping submission 454 of 642: already downloaded
2025-12-30 01:48:14,549 [ForkJoinPool-3-worker-9] INFO  o.o.b.p.a.PullFromAggregateTracker - Pull Formulário da Vigilancia Hospitalar - Skipping submission 689 of 1156: already downloaded
2025-12-30 01:48:14,549 [ForkJoinPool-3-worker-6] INFO  o.o.b.p.a.PullFromAggregateTracker - Pull Formulário da Vigilancia Hospitalar - Laboratório - Skipping submission 455 of 642: already downloaded
2025-12-30 01:48:14,549 [ForkJoinPool-3-worker-9] INFO  o.o.b.p.a.PullFromAggregateTracker - Pull Formulário da Vigilancia Hospitalar - Skipping submission 690 of 1156: already downloaded
2025-12-30 01:48:14,551 [ForkJoinPool-3-worker-6] INFO  o.o.b.p.a.PullFromAggregateTracker - Pull Formulário da Vigilancia Hospitalar - Laboratório - Skipping submission 456 of 642: already downloaded
2025-12-30 01:48:14,554 [ForkJoinPool-3-worker-9] INFO  o.o.b.p.a.PullFromAggregateTracker - Pull Formulário da Vigilancia Hospitalar - Skipping submission 691 of 1156: already downloaded
2025-12-30 01:48:14,554 [ForkJoinPool-3-worker-6] INFO  o.o.b.p.a.PullFromAggregateTracker - Pull Formulário da Vigilancia Hospitalar - Laboratório - Skipping submission 457 of 642: already downloaded
2025-12-30 01:48:14,554 [ForkJoinPool-3-worker-6] INFO  o.o.b.p.a.PullFromAggregateTracker - Pull Formulário da Vigilancia Hospitalar - Laboratório - Skipping submission 458 of 642: already downloaded
2025-12-30 01:48:14,554 [ForkJoinPool-3-worker-6] INFO  o.o.b.p.a.PullFromAggregateTracker - Pull Formulário da Vigilancia Hospitalar - Laboratório - Skipping submission 459 of 642: already downloaded
2025-12-30 01:48:14,554 [ForkJoinPool-3-worker-9] INFO  o.o.b.p.a.PullFromAggregateTracker - Pull Formulário da Vigilancia Hospitalar - Skipping submission 692 of 1156: already downloaded
2025-12-30 01:48:14,556 [ForkJoinPool-3-worker-9] INFO  o.o.b.p.a.PullFromAggregateTracker - Pull Formulário da Vigilancia Hospitalar - Skipping submission 693 of 1156: already downloaded
2025-12-30 01:48:14,556 [ForkJoinPool-3-worker-9] INFO  o.o.b.p.a.PullFromAggregateTracker - Pull Formulário da Vigilancia Hospitalar - Skipping submission 694 of 1156: already downloaded
2025-12-30 01:48:14,557 [ForkJoinPool-3-worker-6] INFO  o.o.b.p.a.PullFromAggregateTracker - Pull Formulário da Vigilancia Hospitalar - Laboratório - Skipping submission 460 of 642: already downloaded
2025-12-30 01:48:14,557 [ForkJoinPool-3-worker-9] INFO  o.o.b.p.a.PullFromAggregateTracker - Pull Formulário da Vigilancia Hospitalar - Skipping submission 695 of 1156: already downloaded
2025-12-30 01:48:14,557 [ForkJoinPool-3-worker-9] INFO  o.o.b.p.a.PullFromAggregateTracker - Pull Formulário da Vigilancia Hospitalar - Skipping submission 696 of 1156: already downloaded
2025-12-30 01:48:14,557 [ForkJoinPool-3-worker-6] INFO  o.o.b.p.a.PullFromAggregateTracker - Pull Formulário da Vigilancia Hospitalar - Laboratório - Skipping submission 461 of 642: already downloaded
2025-12-30 01:48:14,558 [ForkJoinPool-3-worker-9] INFO  o.o.b.p.a.PullFromAggregateTracker - Pull Formulário da Vigilancia Hospitalar - Skipping submission 697 of 1156: already downloaded
2025-12-30 01:48:14,558 [ForkJoinPool-3-worker-6] INFO  o.o.b.p.a.PullFromAggregateTracker - Pull Formulário da Vigilancia Hospitalar - Laboratório - Skipping submission 462 of 642: already downloaded
2025-12-30 01:48:14,559 [ForkJoinPool-3-worker-9] INFO  o.o.b.p.a.PullFromAggregateTracker - Pull Formulário da Vigilancia Hospitalar - Skipping submission 698 of 1156: already downloaded
2025-12-30 01:48:14,559 [ForkJoinPool-3-worker-9] INFO  o.o.b.p.a.PullFromAggregateTracker - Pull Formulário da Vigilancia Hospitalar - Skipping submission 699 of 1156: already downloaded
2025-12-30 01:48:14,559 [ForkJoinPool-3-worker-6] INFO  o.o.b.p.a.PullFromAggregateTracker - Pull Formulário da Vigilancia Hospitalar - Laboratório - Skipping submission 463 of 642: already downloaded
2025-12-30 01:48:14,559 [ForkJoinPool-3-worker-9] INFO  o.o.b.p.a.PullFromAggregateTracker - Pull Formulário da Vigilancia Hospitalar - Skipping submission 700 of 1156: already downloaded
2025-12-30 01:48:14,559 [ForkJoinPool-3-worker-6] INFO  o.o.b.p.a.PullFromAggregateTracker - Pull Formulário da Vigilancia Hospitalar - Laboratório - Skipping submission 464 of 642: already downloaded
2025-12-30 01:48:14,561 [ForkJoinPool-3-worker-9] INFO  o.o.b.p.a.PullFromAggregateTracker - Pull Formulário da Vigilancia Hospitalar - Skipping submission 701 of 1156: already downloaded
2025-12-30 01:48:14,561 [ForkJoinPool-3-worker-6] INFO  o.o.b.p.a.PullFromAggregateTracker - Pull Formulário da Vigilancia Hospitalar - Laboratório - Skipping submission 465 of 642: already downloaded
2025-12-30 01:48:14,561 [ForkJoinPool-3-worker-6] INFO  o.o.b.p.a.PullFromAggregateTracker - Pull Formulário da Vigilancia Hospitalar - Laboratório - Skipping submission 466 of 642: already downloaded
2025-12-30 01:48:14,563 [ForkJoinPool-3-worker-9] INFO  o.o.b.p.a.PullFromAggregateTracker - Pull Formulário da Vigilancia Hospitalar - Skipping submission 702 of 1156: already downloaded
2025-12-30 01:48:14,565 [ForkJoinPool-3-worker-9] INFO  o.o.b.p.a.PullFromAggregateTracker - Pull Formulário da Vigilancia Hospitalar - Skipping submission 703 of 1156: already downloaded
2025-12-30 01:48:14,567 [ForkJoinPool-3-worker-9] INFO  o.o.b.p.a.PullFromAggregateTracker - Pull Formulário da Vigilancia Hospitalar - Skipping submission 704 of 1156: already downloaded
2025-12-30 01:48:14,571 [ForkJoinPool-3-worker-6] INFO  o.o.b.p.a.PullFromAggregateTracker - Pull Formulário da Vigilancia Hospitalar - Laboratório - Skipping submission 467 of 642: already downloaded
2025-12-30 01:48:14,573 [ForkJoinPool-3-worker-9] INFO  o.o.b.p.a.PullFromAggregateTracker - Pull Formulário da Vigilancia Hospitalar - Skipping submission 705 of 1156: already downloaded
2025-12-30 01:48:14,573 [ForkJoinPool-3-worker-6] INFO  o.o.b.p.a.PullFromAggregateTracker - Pull Formulário da Vigilancia Hospitalar - Laboratório - Skipping submission 468 of 642: already downloaded
2025-12-30 01:48:14,573 [ForkJoinPool-3-worker-6] INFO  o.o.b.p.a.PullFromAggregateTracker - Pull Formulário da Vigilancia Hospitalar - Laboratório - Skipping submission 469 of 642: already downloaded
2025-12-30 01:48:14,573 [ForkJoinPool-3-worker-9] INFO  o.o.b.p.a.PullFromAggregateTracker - Pull Formulário da Vigilancia Hospitalar - Skipping submission 706 of 1156: already downloaded
2025-12-30 01:48:14,574 [ForkJoinPool-3-worker-6] INFO  o.o.b.p.a.PullFromAggregateTracker - Pull Formulário da Vigilancia Hospitalar - Laboratório - Skipping submission 470 of 642: already downloaded
2025-12-30 01:48:14,574 [ForkJoinPool-3-worker-9] INFO  o.o.b.p.a.PullFromAggregateTracker - Pull Formulário da Vigilancia Hospitalar - Skipping submission 707 of 1156: already downloaded
2025-12-30 01:48:14,574 [ForkJoinPool-3-worker-9] INFO  o.o.b.p.a.PullFromAggregateTracker - Pull Formulário da Vigilancia Hospitalar - Skipping submission 708 of 1156: already downloaded
2025-12-30 01:48:14,578 [ForkJoinPool-3-worker-9] INFO  o.o.b.p.a.PullFromAggregateTracker - Pull Formulário da Vigilancia Hospitalar - Skipping submission 709 of 1156: already downloaded
2025-12-30 01:48:14,579 [ForkJoinPool-3-worker-9] INFO  o.o.b.p.a.PullFromAggregateTracker - Pull Formulário da Vigilancia Hospitalar - Skipping submission 710 of 1156: already downloaded
2025-12-30 01:48:14,579 [ForkJoinPool-3-worker-6] INFO  o.o.b.p.a.PullFromAggregateTracker - Pull Formulário da Vigilancia Hospitalar - Laboratório - Skipping submission 471 of 642: already downloaded
2025-12-30 01:48:14,580 [ForkJoinPool-3-worker-9] INFO  o.o.b.p.a.PullFromAggregateTracker - Pull Formulário da Vigilancia Hospitalar - Skipping submission 711 of 1156: already downloaded
2025-12-30 01:48:14,580 [ForkJoinPool-3-worker-6] INFO  o.o.b.p.a.PullFromAggregateTracker - Pull Formulário da Vigilancia Hospitalar - Laboratório - Skipping submission 472 of 642: already downloaded
2025-12-30 01:48:14,580 [ForkJoinPool-3-worker-8] INFO  o.o.b.p.a.PullFromAggregateTracker - Pull Formulário da Vigilancia Hospitalar - Laboratório - Submission 34 of 74 downloaded
2025-12-30 01:48:14,580 [ForkJoinPool-3-worker-6] INFO  o.o.b.p.a.PullFromAggregateTracker - Pull Formulário da Vigilancia Hospitalar - Laboratório - Skipping submission 473 of 642: already downloaded
2025-12-30 01:48:14,580 [ForkJoinPool-3-worker-9] INFO  o.o.b.p.a.PullFromAggregateTracker - Pull Formulário da Vigilancia Hospitalar - Skipping submission 712 of 1156: already downloaded
2025-12-30 01:48:14,583 [ForkJoinPool-3-worker-9] INFO  o.o.b.p.a.PullFromAggregateTracker - Pull Formulário da Vigilancia Hospitalar - Skipping submission 713 of 1156: already downloaded
2025-12-30 01:48:14,583 [ForkJoinPool-3-worker-8] INFO  o.o.b.p.a.PullFromAggregateTracker - Pull Formulário da Vigilancia Hospitalar - Laboratório - Start downloading submission 38 of 74
2025-12-30 01:48:14,583 [ForkJoinPool-3-worker-9] INFO  o.o.b.p.a.PullFromAggregateTracker - Pull Formulário da Vigilancia Hospitalar - Skipping submission 714 of 1156: already downloaded
2025-12-30 01:48:14,584 [ForkJoinPool-3-worker-9] INFO  o.o.b.p.a.PullFromAggregateTracker - Pull Formulário da Vigilancia Hospitalar - Skipping submission 715 of 1156: already downloaded
2025-12-30 01:48:14,584 [ForkJoinPool-3-worker-9] INFO  o.o.b.p.a.PullFromAggregateTracker - Pull Formulário da Vigilancia Hospitalar - Skipping submission 716 of 1156: already downloaded
2025-12-30 01:48:14,584 [ForkJoinPool-3-worker-9] INFO  o.o.b.p.a.PullFromAggregateTracker - Pull Formulário da Vigilancia Hospitalar - Skipping submission 717 of 1156: already downloaded
2025-12-30 01:48:14,585 [ForkJoinPool-3-worker-9] INFO  o.o.b.p.a.PullFromAggregateTracker - Pull Formulário da Vigilancia Hospitalar - Skipping submission 718 of 1156: already downloaded
2025-12-30 01:48:14,585 [ForkJoinPool-3-worker-9] INFO  o.o.b.p.a.PullFromAggregateTracker - Pull Formulário da Vigilancia Hospitalar - Skipping submission 719 of 1156: already downloaded
2025-12-30 01:48:14,585 [ForkJoinPool-3-worker-6] INFO  o.o.b.p.a.PullFromAggregateTracker - Pull Formulário da Vigilancia Hospitalar - Laboratório - Skipping submission 474 of 642: already downloaded
2025-12-30 01:48:14,587 [ForkJoinPool-3-worker-9] INFO  o.o.b.p.a.PullFromAggregateTracker - Pull Formulário da Vigilancia Hospitalar - Skipping submission 720 of 1156: already downloaded
2025-12-30 01:48:14,587 [ForkJoinPool-3-worker-6] INFO  o.o.b.p.a.PullFromAggregateTracker - Pull Formulário da Vigilancia Hospitalar - Laboratório - Skipping submission 475 of 642: already downloaded
2025-12-30 01:48:14,588 [ForkJoinPool-3-worker-6] INFO  o.o.b.p.a.PullFromAggregateTracker - Pull Formulário da Vigilancia Hospitalar - Laboratório - Skipping submission 476 of 642: already downloaded
2025-12-30 01:48:14,588 [ForkJoinPool-3-worker-9] INFO  o.o.b.p.a.PullFromAggregateTracker - Pull Formulário da Vigilancia Hospitalar - Skipping submission 721 of 1156: already downloaded
2025-12-30 01:48:14,589 [ForkJoinPool-3-worker-9] INFO  o.o.b.p.a.PullFromAggregateTracker - Pull Formulário da Vigilancia Hospitalar - Skipping submission 722 of 1156: already downloaded
2025-12-30 01:48:14,589 [ForkJoinPool-3-worker-6] INFO  o.o.b.p.a.PullFromAggregateTracker - Pull Formulário da Vigilancia Hospitalar - Laboratório - Skipping submission 477 of 642: already downloaded
2025-12-30 01:48:14,589 [ForkJoinPool-3-worker-9] INFO  o.o.b.p.a.PullFromAggregateTracker - Pull Formulário da Vigilancia Hospitalar - Skipping submission 723 of 1156: already downloaded
2025-12-30 01:48:14,590 [ForkJoinPool-3-worker-9] INFO  o.o.b.p.a.PullFromAggregateTracker - Pull Formulário da Vigilancia Hospitalar - Skipping submission 724 of 1156: already downloaded
2025-12-30 01:48:14,590 [ForkJoinPool-3-worker-6] INFO  o.o.b.p.a.PullFromAggregateTracker - Pull Formulário da Vigilancia Hospitalar - Laboratório - Skipping submission 478 of 642: already downloaded
2025-12-30 01:48:14,590 [ForkJoinPool-3-worker-6] INFO  o.o.b.p.a.PullFromAggregateTracker - Pull Formulário da Vigilancia Hospitalar - Laboratório - Skipping submission 479 of 642: already downloaded
2025-12-30 01:48:14,591 [ForkJoinPool-3-worker-9] INFO  o.o.b.p.a.PullFromAggregateTracker - Pull Formulário da Vigilancia Hospitalar - Skipping submission 725 of 1156: already downloaded
2025-12-30 01:48:14,591 [ForkJoinPool-3-worker-6] INFO  o.o.b.p.a.PullFromAggregateTracker - Pull Formulário da Vigilancia Hospitalar - Laboratório - Skipping submission 480 of 642: already downloaded
2025-12-30 01:48:14,591 [ForkJoinPool-3-worker-9] INFO  o.o.b.p.a.PullFromAggregateTracker - Pull Formulário da Vigilancia Hospitalar - Skipping submission 726 of 1156: already downloaded
2025-12-30 01:48:14,592 [ForkJoinPool-3-worker-6] INFO  o.o.b.p.a.PullFromAggregateTracker - Pull Formulário da Vigilancia Hospitalar - Laboratório - Skipping submission 481 of 642: already downloaded
2025-12-30 01:48:14,593 [ForkJoinPool-3-worker-6] INFO  o.o.b.p.a.PullFromAggregateTracker - Pull Formulário da Vigilancia Hospitalar - Laboratório - Skipping submission 482 of 642: already downloaded
2025-12-30 01:48:14,593 [ForkJoinPool-3-worker-9] INFO  o.o.b.p.a.PullFromAggregateTracker - Pull Formulário da Vigilancia Hospitalar - Skipping submission 727 of 1156: already downloaded
2025-12-30 01:48:14,593 [ForkJoinPool-3-worker-6] INFO  o.o.b.p.a.PullFromAggregateTracker - Pull Formulário da Vigilancia Hospitalar - Laboratório - Skipping submission 483 of 642: already downloaded
2025-12-30 01:48:14,593 [ForkJoinPool-3-worker-9] INFO  o.o.b.p.a.PullFromAggregateTracker - Pull Formulário da Vigilancia Hospitalar - Skipping submission 728 of 1156: already downloaded
2025-12-30 01:48:14,594 [ForkJoinPool-3-worker-6] INFO  o.o.b.p.a.PullFromAggregateTracker - Pull Formulário da Vigilancia Hospitalar - Laboratório - Skipping submission 484 of 642: already downloaded
2025-12-30 01:48:14,595 [ForkJoinPool-3-worker-9] INFO  o.o.b.p.a.PullFromAggregateTracker - Pull Formulário da Vigilancia Hospitalar - Skipping submission 729 of 1156: already downloaded
2025-12-30 01:48:14,595 [ForkJoinPool-3-worker-6] INFO  o.o.b.p.a.PullFromAggregateTracker - Pull Formulário da Vigilancia Hospitalar - Laboratório - Skipping submission 485 of 642: already downloaded
2025-12-30 01:48:14,595 [ForkJoinPool-3-worker-6] INFO  o.o.b.p.a.PullFromAggregateTracker - Pull Formulário da Vigilancia Hospitalar - Laboratório - Skipping submission 486 of 642: already downloaded
2025-12-30 01:48:14,596 [ForkJoinPool-3-worker-9] INFO  o.o.b.p.a.PullFromAggregateTracker - Pull Formulário da Vigilancia Hospitalar - Skipping submission 730 of 1156: already downloaded
2025-12-30 01:48:14,596 [ForkJoinPool-3-worker-6] INFO  o.o.b.p.a.PullFromAggregateTracker - Pull Formulário da Vigilancia Hospitalar - Laboratório - Skipping submission 487 of 642: already downloaded
2025-12-30 01:48:14,597 [ForkJoinPool-3-worker-9] INFO  o.o.b.p.a.PullFromAggregateTracker - Pull Formulário da Vigilancia Hospitalar - Skipping submission 731 of 1156: already downloaded
2025-12-30 01:48:14,598 [ForkJoinPool-3-worker-9] INFO  o.o.b.p.a.PullFromAggregateTracker - Pull Formulário da Vigilancia Hospitalar - Skipping submission 732 of 1156: already downloaded
2025-12-30 01:48:14,599 [ForkJoinPool-3-worker-9] INFO  o.o.b.p.a.PullFromAggregateTracker - Pull Formulário da Vigilancia Hospitalar - Skipping submission 733 of 1156: already downloaded
2025-12-30 01:48:14,599 [ForkJoinPool-3-worker-6] INFO  o.o.b.p.a.PullFromAggregateTracker - Pull Formulário da Vigilancia Hospitalar - Laboratório - Skipping submission 488 of 642: already downloaded
2025-12-30 01:48:14,599 [ForkJoinPool-3-worker-9] INFO  o.o.b.p.a.PullFromAggregateTracker - Pull Formulário da Vigilancia Hospitalar - Skipping submission 734 of 1156: already downloaded
2025-12-30 01:48:14,599 [ForkJoinPool-3-worker-6] INFO  o.o.b.p.a.PullFromAggregateTracker - Pull Formulário da Vigilancia Hospitalar - Laboratório - Skipping submission 489 of 642: already downloaded
2025-12-30 01:48:14,600 [ForkJoinPool-3-worker-9] INFO  o.o.b.p.a.PullFromAggregateTracker - Pull Formulário da Vigilancia Hospitalar - Skipping submission 735 of 1156: already downloaded
2025-12-30 01:48:14,600 [ForkJoinPool-3-worker-9] INFO  o.o.b.p.a.PullFromAggregateTracker - Pull Formulário da Vigilancia Hospitalar - Skipping submission 736 of 1156: already downloaded
2025-12-30 01:48:14,600 [ForkJoinPool-3-worker-6] INFO  o.o.b.p.a.PullFromAggregateTracker - Pull Formulário da Vigilancia Hospitalar - Laboratório - Skipping submission 490 of 642: already downloaded
2025-12-30 01:48:14,600 [ForkJoinPool-3-worker-9] INFO  o.o.b.p.a.PullFromAggregateTracker - Pull Formulário da Vigilancia Hospitalar - Skipping submission 737 of 1156: already downloaded
2025-12-30 01:48:14,602 [ForkJoinPool-3-worker-9] INFO  o.o.b.p.a.PullFromAggregateTracker - Pull Formulário da Vigilancia Hospitalar - Skipping submission 738 of 1156: already downloaded
2025-12-30 01:48:14,602 [ForkJoinPool-3-worker-9] INFO  o.o.b.p.a.PullFromAggregateTracker - Pull Formulário da Vigilancia Hospitalar - Skipping submission 739 of 1156: already downloaded
2025-12-30 01:48:14,604 [ForkJoinPool-3-worker-9] INFO  o.o.b.p.a.PullFromAggregateTracker - Pull Formulário da Vigilancia Hospitalar - Skipping submission 740 of 1156: already downloaded
2025-12-30 01:48:14,604 [ForkJoinPool-3-worker-9] INFO  o.o.b.p.a.PullFromAggregateTracker - Pull Formulário da Vigilancia Hospitalar - Skipping submission 741 of 1156: already downloaded
2025-12-30 01:48:14,606 [ForkJoinPool-3-worker-6] INFO  o.o.b.p.a.PullFromAggregateTracker - Pull Formulário da Vigilancia Hospitalar - Laboratório - Skipping submission 491 of 642: already downloaded
2025-12-30 01:48:14,607 [ForkJoinPool-3-worker-9] INFO  o.o.b.p.a.PullFromAggregateTracker - Pull Formulário da Vigilancia Hospitalar - Skipping submission 742 of 1156: already downloaded
2025-12-30 01:48:14,607 [ForkJoinPool-3-worker-6] INFO  o.o.b.p.a.PullFromAggregateTracker - Pull Formulário da Vigilancia Hospitalar - Laboratório - Skipping submission 492 of 642: already downloaded
2025-12-30 01:48:14,609 [ForkJoinPool-3-worker-9] INFO  o.o.b.p.a.PullFromAggregateTracker - Pull Formulário da Vigilancia Hospitalar - Skipping submission 743 of 1156: already downloaded
2025-12-30 01:48:14,609 [ForkJoinPool-3-worker-9] INFO  o.o.b.p.a.PullFromAggregateTracker - Pull Formulário da Vigilancia Hospitalar - Skipping submission 744 of 1156: already downloaded
2025-12-30 01:48:14,609 [ForkJoinPool-3-worker-6] INFO  o.o.b.p.a.PullFromAggregateTracker - Pull Formulário da Vigilancia Hospitalar - Laboratório - Skipping submission 493 of 642: already downloaded
2025-12-30 01:48:14,609 [ForkJoinPool-3-worker-9] INFO  o.o.b.p.a.PullFromAggregateTracker - Pull Formulário da Vigilancia Hospitalar - Skipping submission 745 of 1156: already downloaded
2025-12-30 01:48:14,612 [ForkJoinPool-3-worker-9] INFO  o.o.b.p.a.PullFromAggregateTracker - Pull Formulário da Vigilancia Hospitalar - Skipping submission 746 of 1156: already downloaded
2025-12-30 01:48:14,613 [ForkJoinPool-3-worker-6] INFO  o.o.b.p.a.PullFromAggregateTracker - Pull Formulário da Vigilancia Hospitalar - Laboratório - Skipping submission 494 of 642: already downloaded
2025-12-30 01:48:14,613 [ForkJoinPool-3-worker-9] INFO  o.o.b.p.a.PullFromAggregateTracker - Pull Formulário da Vigilancia Hospitalar - Skipping submission 747 of 1156: already downloaded
2025-12-30 01:48:14,613 [ForkJoinPool-3-worker-6] INFO  o.o.b.p.a.PullFromAggregateTracker - Pull Formulário da Vigilancia Hospitalar - Laboratório - Skipping submission 495 of 642: already downloaded
2025-12-30 01:48:14,615 [ForkJoinPool-3-worker-6] INFO  o.o.b.p.a.PullFromAggregateTracker - Pull Formulário da Vigilancia Hospitalar - Laboratório - Skipping submission 496 of 642: already downloaded
2025-12-30 01:48:14,615 [ForkJoinPool-3-worker-9] INFO  o.o.b.p.a.PullFromAggregateTracker - Pull Formulário da Vigilancia Hospitalar - Skipping submission 748 of 1156: already downloaded
2025-12-30 01:48:14,617 [ForkJoinPool-3-worker-9] INFO  o.o.b.p.a.PullFromAggregateTracker - Pull Formulário da Vigilancia Hospitalar - Skipping submission 749 of 1156: already downloaded
2025-12-30 01:48:14,620 [ForkJoinPool-3-worker-6] INFO  o.o.b.p.a.PullFromAggregateTracker - Pull Formulário da Vigilancia Hospitalar - Laboratório - Skipping submission 497 of 642: already downloaded
2025-12-30 01:48:14,620 [ForkJoinPool-3-worker-9] INFO  o.o.b.p.a.PullFromAggregateTracker - Pull Formulário da Vigilancia Hospitalar - Skipping submission 750 of 1156: already downloaded
2025-12-30 01:48:14,621 [ForkJoinPool-3-worker-6] INFO  o.o.b.p.a.PullFromAggregateTracker - Pull Formulário da Vigilancia Hospitalar - Laboratório - Skipping submission 498 of 642: already downloaded
2025-12-30 01:48:14,621 [ForkJoinPool-3-worker-9] INFO  o.o.b.p.a.PullFromAggregateTracker - Pull Formulário da Vigilancia Hospitalar - Skipping submission 751 of 1156: already downloaded
2025-12-30 01:48:14,623 [ForkJoinPool-3-worker-6] INFO  o.o.b.p.a.PullFromAggregateTracker - Pull Formulário da Vigilancia Hospitalar - Laboratório - Skipping submission 499 of 642: already downloaded
2025-12-30 01:48:14,626 [ForkJoinPool-3-worker-9] INFO  o.o.b.p.a.PullFromAggregateTracker - Pull Formulário da Vigilancia Hospitalar - Skipping submission 752 of 1156: already downloaded
2025-12-30 01:48:14,629 [ForkJoinPool-3-worker-6] INFO  o.o.b.p.a.PullFromAggregateTracker - Pull Formulário da Vigilancia Hospitalar - Laboratório - Skipping submission 500 of 642: already downloaded
2025-12-30 01:48:14,632 [ForkJoinPool-3-worker-9] INFO  o.o.b.p.a.PullFromAggregateTracker - Pull Formulário da Vigilancia Hospitalar - Skipping submission 753 of 1156: already downloaded
2025-12-30 01:48:14,637 [ForkJoinPool-3-worker-9] INFO  o.o.b.p.a.PullFromAggregateTracker - Pull Formulário da Vigilancia Hospitalar - Skipping submission 754 of 1156: already downloaded
2025-12-30 01:48:14,641 [ForkJoinPool-3-worker-6] INFO  o.o.b.p.a.PullFromAggregateTracker - Pull Formulário da Vigilancia Hospitalar - Laboratório - Skipping submission 501 of 642: already downloaded
2025-12-30 01:48:14,645 [ForkJoinPool-3-worker-9] INFO  o.o.b.p.a.PullFromAggregateTracker - Pull Formulário da Vigilancia Hospitalar - Skipping submission 755 of 1156: already downloaded
2025-12-30 01:48:14,647 [ForkJoinPool-3-worker-6] INFO  o.o.b.p.a.PullFromAggregateTracker - Pull Formulário da Vigilancia Hospitalar - Laboratório - Skipping submission 502 of 642: already downloaded
2025-12-30 01:48:14,649 [ForkJoinPool-3-worker-6] INFO  o.o.b.p.a.PullFromAggregateTracker - Pull Formulário da Vigilancia Hospitalar - Laboratório - Skipping submission 503 of 642: already downloaded
2025-12-30 01:48:14,649 [ForkJoinPool-3-worker-9] INFO  o.o.b.p.a.PullFromAggregateTracker - Pull Formulário da Vigilancia Hospitalar - Skipping submission 756 of 1156: already downloaded
2025-12-30 01:48:14,653 [ForkJoinPool-3-worker-6] INFO  o.o.b.p.a.PullFromAggregateTracker - Pull Formulário da Vigilancia Hospitalar - Laboratório - Skipping submission 504 of 642: already downloaded
2025-12-30 01:48:14,653 [ForkJoinPool-3-worker-6] INFO  o.o.b.p.a.PullFromAggregateTracker - Pull Formulário da Vigilancia Hospitalar - Laboratório - Skipping submission 505 of 642: already downloaded
2025-12-30 01:48:14,653 [ForkJoinPool-3-worker-9] INFO  o.o.b.p.a.PullFromAggregateTracker - Pull Formulário da Vigilancia Hospitalar - Skipping submission 757 of 1156: already downloaded
2025-12-30 01:48:14,655 [ForkJoinPool-3-worker-6] INFO  o.o.b.p.a.PullFromAggregateTracker - Pull Formulário da Vigilancia Hospitalar - Laboratório - Skipping submission 506 of 642: already downloaded
2025-12-30 01:48:14,655 [ForkJoinPool-3-worker-6] INFO  o.o.b.p.a.PullFromAggregateTracker - Pull Formulário da Vigilancia Hospitalar - Laboratório - Skipping submission 507 of 642: already downloaded
2025-12-30 01:48:14,655 [ForkJoinPool-3-worker-9] INFO  o.o.b.p.a.PullFromAggregateTracker - Pull Formulário da Vigilancia Hospitalar - Skipping submission 758 of 1156: already downloaded
2025-12-30 01:48:14,657 [ForkJoinPool-3-worker-6] INFO  o.o.b.p.a.PullFromAggregateTracker - Pull Formulário da Vigilancia Hospitalar - Laboratório - Skipping submission 508 of 642: already downloaded
2025-12-30 01:48:14,657 [ForkJoinPool-3-worker-6] INFO  o.o.b.p.a.PullFromAggregateTracker - Pull Formulário da Vigilancia Hospitalar - Laboratório - Skipping submission 509 of 642: already downloaded
2025-12-30 01:48:14,659 [ForkJoinPool-3-worker-9] INFO  o.o.b.p.a.PullFromAggregateTracker - Pull Formulário da Vigilancia Hospitalar - Skipping submission 759 of 1156: already downloaded
2025-12-30 01:48:14,659 [ForkJoinPool-3-worker-9] INFO  o.o.b.p.a.PullFromAggregateTracker - Pull Formulário da Vigilancia Hospitalar - Skipping submission 760 of 1156: already downloaded
2025-12-30 01:48:14,661 [ForkJoinPool-3-worker-9] INFO  o.o.b.p.a.PullFromAggregateTracker - Pull Formulário da Vigilancia Hospitalar - Skipping submission 761 of 1156: already downloaded
2025-12-30 01:48:14,661 [ForkJoinPool-3-worker-9] INFO  o.o.b.p.a.PullFromAggregateTracker - Pull Formulário da Vigilancia Hospitalar - Skipping submission 762 of 1156: already downloaded
2025-12-30 01:48:14,661 [ForkJoinPool-3-worker-6] INFO  o.o.b.p.a.PullFromAggregateTracker - Pull Formulário da Vigilancia Hospitalar - Laboratório - Skipping submission 510 of 642: already downloaded
2025-12-30 01:48:14,661 [ForkJoinPool-3-worker-9] INFO  o.o.b.p.a.PullFromAggregateTracker - Pull Formulário da Vigilancia Hospitalar - Skipping submission 763 of 1156: already downloaded
2025-12-30 01:48:14,663 [ForkJoinPool-3-worker-9] INFO  o.o.b.p.a.PullFromAggregateTracker - Pull Formulário da Vigilancia Hospitalar - Skipping submission 764 of 1156: already downloaded
2025-12-30 01:48:14,663 [ForkJoinPool-3-worker-6] INFO  o.o.b.p.a.PullFromAggregateTracker - Pull Formulário da Vigilancia Hospitalar - Laboratório - Skipping submission 511 of 642: already downloaded
2025-12-30 01:48:14,663 [ForkJoinPool-3-worker-9] INFO  o.o.b.p.a.PullFromAggregateTracker - Pull Formulário da Vigilancia Hospitalar - Skipping submission 765 of 1156: already downloaded
2025-12-30 01:48:14,664 [ForkJoinPool-3-worker-6] INFO  o.o.b.p.a.PullFromAggregateTracker - Pull Formulário da Vigilancia Hospitalar - Laboratório - Skipping submission 512 of 642: already downloaded
2025-12-30 01:48:14,664 [ForkJoinPool-3-worker-9] INFO  o.o.b.p.a.PullFromAggregateTracker - Pull Formulário da Vigilancia Hospitalar - Skipping submission 766 of 1156: already downloaded
2025-12-30 01:48:14,666 [ForkJoinPool-3-worker-6] INFO  o.o.b.p.a.PullFromAggregateTracker - Pull Formulário da Vigilancia Hospitalar - Laboratório - Skipping submission 513 of 642: already downloaded
2025-12-30 01:48:14,666 [ForkJoinPool-3-worker-9] INFO  o.o.b.p.a.PullFromAggregateTracker - Pull Formulário da Vigilancia Hospitalar - Skipping submission 767 of 1156: already downloaded
2025-12-30 01:48:14,666 [ForkJoinPool-3-worker-9] INFO  o.o.b.p.a.PullFromAggregateTracker - Pull Formulário da Vigilancia Hospitalar - Skipping submission 768 of 1156: already downloaded
2025-12-30 01:48:14,667 [ForkJoinPool-3-worker-6] INFO  o.o.b.p.a.PullFromAggregateTracker - Pull Formulário da Vigilancia Hospitalar - Laboratório - Skipping submission 514 of 642: already downloaded
2025-12-30 01:48:14,667 [ForkJoinPool-3-worker-9] INFO  o.o.b.p.a.PullFromAggregateTracker - Pull Formulário da Vigilancia Hospitalar - Skipping submission 769 of 1156: already downloaded
2025-12-30 01:48:14,667 [ForkJoinPool-3-worker-6] INFO  o.o.b.p.a.PullFromAggregateTracker - Pull Formulário da Vigilancia Hospitalar - Laboratório - Skipping submission 515 of 642: already downloaded
2025-12-30 01:48:14,667 [ForkJoinPool-3-worker-9] INFO  o.o.b.p.a.PullFromAggregateTracker - Pull Formulário da Vigilancia Hospitalar - Skipping submission 770 of 1156: already downloaded
2025-12-30 01:48:14,667 [ForkJoinPool-3-worker-6] INFO  o.o.b.p.a.PullFromAggregateTracker - Pull Formulário da Vigilancia Hospitalar - Laboratório - Skipping submission 516 of 642: already downloaded
2025-12-30 01:48:14,667 [ForkJoinPool-3-worker-9] INFO  o.o.b.p.a.PullFromAggregateTracker - Pull Formulário da Vigilancia Hospitalar - Skipping submission 771 of 1156: already downloaded
2025-12-30 01:48:14,669 [ForkJoinPool-3-worker-6] INFO  o.o.b.p.a.PullFromAggregateTracker - Pull Formulário da Vigilancia Hospitalar - Laboratório - Skipping submission 517 of 642: already downloaded
2025-12-30 01:48:14,669 [ForkJoinPool-3-worker-9] INFO  o.o.b.p.a.PullFromAggregateTracker - Pull Formulário da Vigilancia Hospitalar - Skipping submission 772 of 1156: already downloaded
2025-12-30 01:48:14,669 [ForkJoinPool-3-worker-9] INFO  o.o.b.p.a.PullFromAggregateTracker - Pull Formulário da Vigilancia Hospitalar - Skipping submission 773 of 1156: already downloaded
2025-12-30 01:48:14,669 [ForkJoinPool-3-worker-6] INFO  o.o.b.p.a.PullFromAggregateTracker - Pull Formulário da Vigilancia Hospitalar - Laboratório - Skipping submission 518 of 642: already downloaded
2025-12-30 01:48:14,670 [ForkJoinPool-3-worker-9] INFO  o.o.b.p.a.PullFromAggregateTracker - Pull Formulário da Vigilancia Hospitalar - Skipping submission 774 of 1156: already downloaded
2025-12-30 01:48:14,670 [ForkJoinPool-3-worker-9] INFO  o.o.b.p.a.PullFromAggregateTracker - Pull Formulário da Vigilancia Hospitalar - Skipping submission 775 of 1156: already downloaded
2025-12-30 01:48:14,670 [ForkJoinPool-3-worker-6] INFO  o.o.b.p.a.PullFromAggregateTracker - Pull Formulário da Vigilancia Hospitalar - Laboratório - Skipping submission 519 of 642: already downloaded
2025-12-30 01:48:14,670 [ForkJoinPool-3-worker-9] INFO  o.o.b.p.a.PullFromAggregateTracker - Pull Formulário da Vigilancia Hospitalar - Skipping submission 776 of 1156: already downloaded
2025-12-30 01:48:14,671 [ForkJoinPool-3-worker-6] INFO  o.o.b.p.a.PullFromAggregateTracker - Pull Formulário da Vigilancia Hospitalar - Laboratório - Skipping submission 520 of 642: already downloaded
2025-12-30 01:48:14,671 [ForkJoinPool-3-worker-9] INFO  o.o.b.p.a.PullFromAggregateTracker - Pull Formulário da Vigilancia Hospitalar - Skipping submission 777 of 1156: already downloaded
2025-12-30 01:48:14,671 [ForkJoinPool-3-worker-9] INFO  o.o.b.p.a.PullFromAggregateTracker - Pull Formulário da Vigilancia Hospitalar - Skipping submission 778 of 1156: already downloaded
2025-12-30 01:48:14,671 [ForkJoinPool-3-worker-6] INFO  o.o.b.p.a.PullFromAggregateTracker - Pull Formulário da Vigilancia Hospitalar - Laboratório - Skipping submission 521 of 642: already downloaded
2025-12-30 01:48:14,671 [ForkJoinPool-3-worker-9] INFO  o.o.b.p.a.PullFromAggregateTracker - Pull Formulário da Vigilancia Hospitalar - Skipping submission 779 of 1156: already downloaded
2025-12-30 01:48:14,673 [ForkJoinPool-3-worker-9] INFO  o.o.b.p.a.PullFromAggregateTracker - Pull Formulário da Vigilancia Hospitalar - Skipping submission 780 of 1156: already downloaded
2025-12-30 01:48:14,673 [ForkJoinPool-3-worker-6] INFO  o.o.b.p.a.PullFromAggregateTracker - Pull Formulário da Vigilancia Hospitalar - Laboratório - Skipping submission 522 of 642: already downloaded
2025-12-30 01:48:14,673 [ForkJoinPool-3-worker-9] INFO  o.o.b.p.a.PullFromAggregateTracker - Pull Formulário da Vigilancia Hospitalar - Skipping submission 781 of 1156: already downloaded
2025-12-30 01:48:14,673 [ForkJoinPool-3-worker-6] INFO  o.o.b.p.a.PullFromAggregateTracker - Pull Formulário da Vigilancia Hospitalar - Laboratório - Skipping submission 523 of 642: already downloaded
2025-12-30 01:48:14,673 [ForkJoinPool-3-worker-9] INFO  o.o.b.p.a.PullFromAggregateTracker - Pull Formulário da Vigilancia Hospitalar - Skipping submission 782 of 1156: already downloaded
2025-12-30 01:48:14,674 [ForkJoinPool-3-worker-9] INFO  o.o.b.p.a.PullFromAggregateTracker - Pull Formulário da Vigilancia Hospitalar - Skipping submission 783 of 1156: already downloaded
2025-12-30 01:48:14,674 [ForkJoinPool-3-worker-6] INFO  o.o.b.p.a.PullFromAggregateTracker - Pull Formulário da Vigilancia Hospitalar - Laboratório - Skipping submission 524 of 642: already downloaded
2025-12-30 01:48:14,674 [ForkJoinPool-3-worker-9] INFO  o.o.b.p.a.PullFromAggregateTracker - Pull Formulário da Vigilancia Hospitalar - Skipping submission 784 of 1156: already downloaded
2025-12-30 01:48:14,676 [ForkJoinPool-3-worker-9] INFO  o.o.b.p.a.PullFromAggregateTracker - Pull Formulário da Vigilancia Hospitalar - Skipping submission 785 of 1156: already downloaded
2025-12-30 01:48:14,677 [ForkJoinPool-3-worker-9] INFO  o.o.b.p.a.PullFromAggregateTracker - Pull Formulário da Vigilancia Hospitalar - Skipping submission 786 of 1156: already downloaded
2025-12-30 01:48:14,677 [ForkJoinPool-3-worker-9] INFO  o.o.b.p.a.PullFromAggregateTracker - Pull Formulário da Vigilancia Hospitalar - Skipping submission 787 of 1156: already downloaded
2025-12-30 01:48:14,677 [ForkJoinPool-3-worker-6] INFO  o.o.b.p.a.PullFromAggregateTracker - Pull Formulário da Vigilancia Hospitalar - Laboratório - Skipping submission 525 of 642: already downloaded
2025-12-30 01:48:14,677 [ForkJoinPool-3-worker-9] INFO  o.o.b.p.a.PullFromAggregateTracker - Pull Formulário da Vigilancia Hospitalar - Skipping submission 788 of 1156: already downloaded
2025-12-30 01:48:14,679 [ForkJoinPool-3-worker-6] INFO  o.o.b.p.a.PullFromAggregateTracker - Pull Formulário da Vigilancia Hospitalar - Laboratório - Skipping submission 526 of 642: already downloaded
2025-12-30 01:48:14,679 [ForkJoinPool-3-worker-6] INFO  o.o.b.p.a.PullFromAggregateTracker - Pull Formulário da Vigilancia Hospitalar - Laboratório - Skipping submission 527 of 642: already downloaded
2025-12-30 01:48:14,679 [ForkJoinPool-3-worker-9] INFO  o.o.b.p.a.PullFromAggregateTracker - Pull Formulário da Vigilancia Hospitalar - Skipping submission 789 of 1156: already downloaded
2025-12-30 01:48:14,679 [ForkJoinPool-3-worker-6] INFO  o.o.b.p.a.PullFromAggregateTracker - Pull Formulário da Vigilancia Hospitalar - Laboratório - Skipping submission 528 of 642: already downloaded
2025-12-30 01:48:14,679 [ForkJoinPool-3-worker-9] INFO  o.o.b.p.a.PullFromAggregateTracker - Pull Formulário da Vigilancia Hospitalar - Skipping submission 790 of 1156: already downloaded
2025-12-30 01:48:14,682 [ForkJoinPool-3-worker-9] INFO  o.o.b.p.a.PullFromAggregateTracker - Pull Formulário da Vigilancia Hospitalar - Skipping submission 791 of 1156: already downloaded
2025-12-30 01:48:14,682 [ForkJoinPool-3-worker-6] INFO  o.o.b.p.a.PullFromAggregateTracker - Pull Formulário da Vigilancia Hospitalar - Laboratório - Skipping submission 529 of 642: already downloaded
2025-12-30 01:48:14,682 [ForkJoinPool-3-worker-9] INFO  o.o.b.p.a.PullFromAggregateTracker - Pull Formulário da Vigilancia Hospitalar - Skipping submission 792 of 1156: already downloaded
2025-12-30 01:48:14,682 [ForkJoinPool-3-worker-6] INFO  o.o.b.p.a.PullFromAggregateTracker - Pull Formulário da Vigilancia Hospitalar - Laboratório - Skipping submission 530 of 642: already downloaded
2025-12-30 01:48:14,684 [ForkJoinPool-3-worker-6] INFO  o.o.b.p.a.PullFromAggregateTracker - Pull Formulário da Vigilancia Hospitalar - Laboratório - Start downloading submission 39 of 74
2025-12-30 01:48:14,684 [ForkJoinPool-3-worker-9] INFO  o.o.b.p.a.PullFromAggregateTracker - Pull Formulário da Vigilancia Hospitalar - Skipping submission 793 of 1156: already downloaded
2025-12-30 01:48:14,684 [ForkJoinPool-3-worker-9] INFO  o.o.b.p.a.PullFromAggregateTracker - Pull Formulário da Vigilancia Hospitalar - Skipping submission 794 of 1156: already downloaded
2025-12-30 01:48:14,685 [ForkJoinPool-3-worker-9] INFO  o.o.b.p.a.PullFromAggregateTracker - Pull Formulário da Vigilancia Hospitalar - Skipping submission 795 of 1156: already downloaded
2025-12-30 01:48:14,685 [ForkJoinPool-3-worker-9] INFO  o.o.b.p.a.PullFromAggregateTracker - Pull Formulário da Vigilancia Hospitalar - Skipping submission 796 of 1156: already downloaded
2025-12-30 01:48:14,686 [ForkJoinPool-3-worker-9] INFO  o.o.b.p.a.PullFromAggregateTracker - Pull Formulário da Vigilancia Hospitalar - Skipping submission 797 of 1156: already downloaded
2025-12-30 01:48:14,686 [ForkJoinPool-3-worker-9] INFO  o.o.b.p.a.PullFromAggregateTracker - Pull Formulário da Vigilancia Hospitalar - Skipping submission 798 of 1156: already downloaded
2025-12-30 01:48:14,686 [ForkJoinPool-3-worker-9] INFO  o.o.b.p.a.PullFromAggregateTracker - Pull Formulário da Vigilancia Hospitalar - Skipping submission 799 of 1156: already downloaded
2025-12-30 01:48:14,686 [ForkJoinPool-3-worker-9] INFO  o.o.b.p.a.PullFromAggregateTracker - Pull Formulário da Vigilancia Hospitalar - Skipping submission 800 of 1156: already downloaded
2025-12-30 01:48:14,686 [ForkJoinPool-3-worker-9] INFO  o.o.b.p.a.PullFromAggregateTracker - Pull Formulário da Vigilancia Hospitalar - Skipping submission 801 of 1156: already downloaded
2025-12-30 01:48:14,688 [ForkJoinPool-3-worker-9] INFO  o.o.b.p.a.PullFromAggregateTracker - Pull Formulário da Vigilancia Hospitalar - Skipping submission 802 of 1156: already downloaded
2025-12-30 01:48:14,688 [ForkJoinPool-3-worker-9] INFO  o.o.b.p.a.PullFromAggregateTracker - Pull Formulário da Vigilancia Hospitalar - Skipping submission 803 of 1156: already downloaded
2025-12-30 01:48:14,689 [ForkJoinPool-3-worker-9] INFO  o.o.b.p.a.PullFromAggregateTracker - Pull Formulário da Vigilancia Hospitalar - Skipping submission 804 of 1156: already downloaded
2025-12-30 01:48:14,689 [ForkJoinPool-3-worker-9] INFO  o.o.b.p.a.PullFromAggregateTracker - Pull Formulário da Vigilancia Hospitalar - Skipping submission 805 of 1156: already downloaded
2025-12-30 01:48:14,689 [ForkJoinPool-3-worker-9] INFO  o.o.b.p.a.PullFromAggregateTracker - Pull Formulário da Vigilancia Hospitalar - Skipping submission 806 of 1156: already downloaded
2025-12-30 01:48:14,691 [ForkJoinPool-3-worker-9] INFO  o.o.b.p.a.PullFromAggregateTracker - Pull Formulário da Vigilancia Hospitalar - Skipping submission 807 of 1156: already downloaded
2025-12-30 01:48:14,691 [ForkJoinPool-3-worker-9] INFO  o.o.b.p.a.PullFromAggregateTracker - Pull Formulário da Vigilancia Hospitalar - Skipping submission 808 of 1156: already downloaded
2025-12-30 01:48:14,692 [ForkJoinPool-3-worker-9] INFO  o.o.b.p.a.PullFromAggregateTracker - Pull Formulário da Vigilancia Hospitalar - Skipping submission 809 of 1156: already downloaded
2025-12-30 01:48:14,694 [ForkJoinPool-3-worker-9] INFO  o.o.b.p.a.PullFromAggregateTracker - Pull Formulário da Vigilancia Hospitalar - Skipping submission 810 of 1156: already downloaded
2025-12-30 01:48:14,694 [ForkJoinPool-3-worker-9] INFO  o.o.b.p.a.PullFromAggregateTracker - Pull Formulário da Vigilancia Hospitalar - Skipping submission 811 of 1156: already downloaded
2025-12-30 01:48:14,695 [ForkJoinPool-3-worker-9] INFO  o.o.b.p.a.PullFromAggregateTracker - Pull Formulário da Vigilancia Hospitalar - Skipping submission 812 of 1156: already downloaded
2025-12-30 01:48:14,695 [ForkJoinPool-3-worker-9] INFO  o.o.b.p.a.PullFromAggregateTracker - Pull Formulário da Vigilancia Hospitalar - Skipping submission 813 of 1156: already downloaded
2025-12-30 01:48:14,695 [ForkJoinPool-3-worker-9] INFO  o.o.b.p.a.PullFromAggregateTracker - Pull Formulário da Vigilancia Hospitalar - Skipping submission 814 of 1156: already downloaded
2025-12-30 01:48:14,695 [ForkJoinPool-3-worker-9] INFO  o.o.b.p.a.PullFromAggregateTracker - Pull Formulário da Vigilancia Hospitalar - Skipping submission 815 of 1156: already downloaded
2025-12-30 01:48:14,695 [ForkJoinPool-3-worker-9] INFO  o.o.b.p.a.PullFromAggregateTracker - Pull Formulário da Vigilancia Hospitalar - Skipping submission 816 of 1156: already downloaded
2025-12-30 01:48:14,697 [ForkJoinPool-3-worker-9] INFO  o.o.b.p.a.PullFromAggregateTracker - Pull Formulário da Vigilancia Hospitalar - Skipping submission 817 of 1156: already downloaded
2025-12-30 01:48:14,697 [ForkJoinPool-3-worker-9] INFO  o.o.b.p.a.PullFromAggregateTracker - Pull Formulário da Vigilancia Hospitalar - Skipping submission 818 of 1156: already downloaded
2025-12-30 01:48:14,697 [ForkJoinPool-3-worker-9] INFO  o.o.b.p.a.PullFromAggregateTracker - Pull Formulário da Vigilancia Hospitalar - Skipping submission 819 of 1156: already downloaded
2025-12-30 01:48:14,697 [ForkJoinPool-3-worker-9] INFO  o.o.b.p.a.PullFromAggregateTracker - Pull Formulário da Vigilancia Hospitalar - Skipping submission 820 of 1156: already downloaded
2025-12-30 01:48:14,697 [ForkJoinPool-3-worker-9] INFO  o.o.b.p.a.PullFromAggregateTracker - Pull Formulário da Vigilancia Hospitalar - Skipping submission 821 of 1156: already downloaded
2025-12-30 01:48:14,699 [ForkJoinPool-3-worker-9] INFO  o.o.b.p.a.PullFromAggregateTracker - Pull Formulário da Vigilancia Hospitalar - Skipping submission 822 of 1156: already downloaded
2025-12-30 01:48:14,699 [ForkJoinPool-3-worker-9] INFO  o.o.b.p.a.PullFromAggregateTracker - Pull Formulário da Vigilancia Hospitalar - Skipping submission 823 of 1156: already downloaded
2025-12-30 01:48:14,699 [ForkJoinPool-3-worker-9] INFO  o.o.b.p.a.PullFromAggregateTracker - Pull Formulário da Vigilancia Hospitalar - Skipping submission 824 of 1156: already downloaded
2025-12-30 01:48:14,700 [ForkJoinPool-3-worker-9] INFO  o.o.b.p.a.PullFromAggregateTracker - Pull Formulário da Vigilancia Hospitalar - Skipping submission 825 of 1156: already downloaded
2025-12-30 01:48:14,700 [ForkJoinPool-3-worker-9] INFO  o.o.b.p.a.PullFromAggregateTracker - Pull Formulário da Vigilancia Hospitalar - Skipping submission 826 of 1156: already downloaded
2025-12-30 01:48:14,700 [ForkJoinPool-3-worker-9] INFO  o.o.b.p.a.PullFromAggregateTracker - Pull Formulário da Vigilancia Hospitalar - Skipping submission 827 of 1156: already downloaded
2025-12-30 01:48:14,702 [ForkJoinPool-3-worker-9] INFO  o.o.b.p.a.PullFromAggregateTracker - Pull Formulário da Vigilancia Hospitalar - Skipping submission 828 of 1156: already downloaded
2025-12-30 01:48:14,702 [ForkJoinPool-3-worker-9] INFO  o.o.b.p.a.PullFromAggregateTracker - Pull Formulário da Vigilancia Hospitalar - Skipping submission 829 of 1156: already downloaded
2025-12-30 01:48:14,702 [ForkJoinPool-3-worker-9] INFO  o.o.b.p.a.PullFromAggregateTracker - Pull Formulário da Vigilancia Hospitalar - Skipping submission 830 of 1156: already downloaded
2025-12-30 01:48:14,704 [ForkJoinPool-3-worker-9] INFO  o.o.b.p.a.PullFromAggregateTracker - Pull Formulário da Vigilancia Hospitalar - Skipping submission 831 of 1156: already downloaded
2025-12-30 01:48:14,704 [ForkJoinPool-3-worker-9] INFO  o.o.b.p.a.PullFromAggregateTracker - Pull Formulário da Vigilancia Hospitalar - Skipping submission 832 of 1156: already downloaded
2025-12-30 01:48:14,704 [ForkJoinPool-3-worker-9] INFO  o.o.b.p.a.PullFromAggregateTracker - Pull Formulário da Vigilancia Hospitalar - Skipping submission 833 of 1156: already downloaded
2025-12-30 01:48:14,704 [ForkJoinPool-3-worker-9] INFO  o.o.b.p.a.PullFromAggregateTracker - Pull Formulário da Vigilancia Hospitalar - Skipping submission 834 of 1156: already downloaded
2025-12-30 01:48:14,704 [ForkJoinPool-3-worker-9] INFO  o.o.b.p.a.PullFromAggregateTracker - Pull Formulário da Vigilancia Hospitalar - Skipping submission 835 of 1156: already downloaded
2025-12-30 01:48:14,706 [ForkJoinPool-3-worker-9] INFO  o.o.b.p.a.PullFromAggregateTracker - Pull Formulário da Vigilancia Hospitalar - Skipping submission 836 of 1156: already downloaded
2025-12-30 01:48:14,706 [ForkJoinPool-3-worker-9] INFO  o.o.b.p.a.PullFromAggregateTracker - Pull Formulário da Vigilancia Hospitalar - Skipping submission 837 of 1156: already downloaded
2025-12-30 01:48:14,707 [ForkJoinPool-3-worker-9] INFO  o.o.b.p.a.PullFromAggregateTracker - Pull Formulário da Vigilancia Hospitalar - Skipping submission 838 of 1156: already downloaded
2025-12-30 01:48:14,707 [AWT-EventQueue-0] INFO  XFormParser - Creating FormDef from parsed XML finished in 2114.763 ms
2025-12-30 01:48:14,707 [ForkJoinPool-3-worker-9] INFO  o.o.b.p.a.PullFromAggregateTracker - Pull Formulário da Vigilancia Hospitalar - Skipping submission 839 of 1156: already downloaded
2025-12-30 01:48:14,708 [ForkJoinPool-3-worker-9] INFO  o.o.b.p.a.PullFromAggregateTracker - Pull Formulário da Vigilancia Hospitalar - Skipping submission 840 of 1156: already downloaded
2025-12-30 01:48:14,708 [ForkJoinPool-3-worker-9] INFO  o.o.b.p.a.PullFromAggregateTracker - Pull Formulário da Vigilancia Hospitalar - Skipping submission 841 of 1156: already downloaded
2025-12-30 01:48:14,708 [ForkJoinPool-3-worker-9] INFO  o.o.b.p.a.PullFromAggregateTracker - Pull Formulário da Vigilancia Hospitalar - Skipping submission 842 of 1156: already downloaded
2025-12-30 01:48:14,708 [ForkJoinPool-3-worker-9] INFO  o.o.b.p.a.PullFromAggregateTracker - Pull Formulário da Vigilancia Hospitalar - Skipping submission 843 of 1156: already downloaded
2025-12-30 01:48:14,710 [ForkJoinPool-3-worker-9] INFO  o.o.b.p.a.PullFromAggregateTracker - Pull Formulário da Vigilancia Hospitalar - Skipping submission 844 of 1156: already downloaded
2025-12-30 01:48:14,710 [ForkJoinPool-3-worker-9] INFO  o.o.b.p.a.PullFromAggregateTracker - Pull Formulário da Vigilancia Hospitalar - Skipping submission 845 of 1156: already downloaded
2025-12-30 01:48:14,710 [ForkJoinPool-3-worker-9] INFO  o.o.b.p.a.PullFromAggregateTracker - Pull Formulário da Vigilancia Hospitalar - Skipping submission 846 of 1156: already downloaded
2025-12-30 01:48:14,710 [ForkJoinPool-3-worker-9] INFO  o.o.b.p.a.PullFromAggregateTracker - Pull Formulário da Vigilancia Hospitalar - Skipping submission 847 of 1156: already downloaded
2025-12-30 01:48:14,710 [ForkJoinPool-3-worker-9] INFO  o.o.b.p.a.PullFromAggregateTracker - Pull Formulário da Vigilancia Hospitalar - Skipping submission 848 of 1156: already downloaded
2025-12-30 01:48:14,710 [ForkJoinPool-3-worker-9] INFO  o.o.b.p.a.PullFromAggregateTracker - Pull Formulário da Vigilancia Hospitalar - Skipping submission 849 of 1156: already downloaded
2025-12-30 01:48:14,712 [ForkJoinPool-3-worker-9] INFO  o.o.b.p.a.PullFromAggregateTracker - Pull Formulário da Vigilancia Hospitalar - Skipping submission 850 of 1156: already downloaded
2025-12-30 01:48:14,712 [ForkJoinPool-3-worker-9] INFO  o.o.b.p.a.PullFromAggregateTracker - Pull Formulário da Vigilancia Hospitalar - Skipping submission 851 of 1156: already downloaded
2025-12-30 01:48:14,712 [ForkJoinPool-3-worker-9] INFO  o.o.b.p.a.PullFromAggregateTracker - Pull Formulário da Vigilancia Hospitalar - Skipping submission 852 of 1156: already downloaded
2025-12-30 01:48:14,715 [ForkJoinPool-3-worker-9] INFO  o.o.b.p.a.PullFromAggregateTracker - Pull Formulário da Vigilancia Hospitalar - Skipping submission 853 of 1156: already downloaded
2025-12-30 01:48:14,715 [ForkJoinPool-3-worker-9] INFO  o.o.b.p.a.PullFromAggregateTracker - Pull Formulário da Vigilancia Hospitalar - Skipping submission 854 of 1156: already downloaded
2025-12-30 01:48:14,715 [ForkJoinPool-3-worker-9] INFO  o.o.b.p.a.PullFromAggregateTracker - Pull Formulário da Vigilancia Hospitalar - Skipping submission 855 of 1156: already downloaded
2025-12-30 01:48:14,716 [ForkJoinPool-3-worker-9] INFO  o.o.b.p.a.PullFromAggregateTracker - Pull Formulário da Vigilancia Hospitalar - Skipping submission 856 of 1156: already downloaded
2025-12-30 01:48:14,716 [ForkJoinPool-3-worker-9] INFO  o.o.b.p.a.PullFromAggregateTracker - Pull Formulário da Vigilancia Hospitalar - Skipping submission 857 of 1156: already downloaded
2025-12-30 01:48:14,716 [ForkJoinPool-3-worker-9] INFO  o.o.b.p.a.PullFromAggregateTracker - Pull Formulário da Vigilancia Hospitalar - Skipping submission 858 of 1156: already downloaded
2025-12-30 01:48:14,716 [ForkJoinPool-3-worker-9] INFO  o.o.b.p.a.PullFromAggregateTracker - Pull Formulário da Vigilancia Hospitalar - Skipping submission 859 of 1156: already downloaded
2025-12-30 01:48:14,718 [ForkJoinPool-3-worker-9] INFO  o.o.b.p.a.PullFromAggregateTracker - Pull Formulário da Vigilancia Hospitalar - Skipping submission 860 of 1156: already downloaded
2025-12-30 01:48:14,718 [ForkJoinPool-3-worker-9] INFO  o.o.b.p.a.PullFromAggregateTracker - Pull Formulário da Vigilancia Hospitalar - Skipping submission 861 of 1156: already downloaded
2025-12-30 01:48:14,718 [ForkJoinPool-3-worker-9] INFO  o.o.b.p.a.PullFromAggregateTracker - Pull Formulário da Vigilancia Hospitalar - Skipping submission 862 of 1156: already downloaded
2025-12-30 01:48:14,718 [ForkJoinPool-3-worker-9] INFO  o.o.b.p.a.PullFromAggregateTracker - Pull Formulário da Vigilancia Hospitalar - Skipping submission 863 of 1156: already downloaded
2025-12-30 01:48:14,718 [ForkJoinPool-3-worker-9] INFO  o.o.b.p.a.PullFromAggregateTracker - Pull Formulário da Vigilancia Hospitalar - Skipping submission 864 of 1156: already downloaded
2025-12-30 01:48:14,718 [ForkJoinPool-3-worker-9] INFO  o.o.b.p.a.PullFromAggregateTracker - Pull Formulário da Vigilancia Hospitalar - Skipping submission 865 of 1156: already downloaded
2025-12-30 01:48:14,718 [ForkJoinPool-3-worker-9] INFO  o.o.b.p.a.PullFromAggregateTracker - Pull Formulário da Vigilancia Hospitalar - Skipping submission 866 of 1156: already downloaded
2025-12-30 01:48:14,720 [ForkJoinPool-3-worker-9] INFO  o.o.b.p.a.PullFromAggregateTracker - Pull Formulário da Vigilancia Hospitalar - Skipping submission 867 of 1156: already downloaded
2025-12-30 01:48:14,720 [ForkJoinPool-3-worker-9] INFO  o.o.b.p.a.PullFromAggregateTracker - Pull Formulário da Vigilancia Hospitalar - Skipping submission 868 of 1156: already downloaded
2025-12-30 01:48:14,720 [ForkJoinPool-3-worker-9] INFO  o.o.b.p.a.PullFromAggregateTracker - Pull Formulário da Vigilancia Hospitalar - Skipping submission 869 of 1156: already downloaded
2025-12-30 01:48:14,720 [ForkJoinPool-3-worker-9] INFO  o.o.b.p.a.PullFromAggregateTracker - Pull Formulário da Vigilancia Hospitalar - Skipping submission 870 of 1156: already downloaded
2025-12-30 01:48:14,722 [ForkJoinPool-3-worker-9] INFO  o.o.b.p.a.PullFromAggregateTracker - Pull Formulário da Vigilancia Hospitalar - Skipping submission 871 of 1156: already downloaded
2025-12-30 01:48:14,722 [ForkJoinPool-3-worker-9] INFO  o.o.b.p.a.PullFromAggregateTracker - Pull Formulário da Vigilancia Hospitalar - Skipping submission 872 of 1156: already downloaded
2025-12-30 01:48:14,722 [ForkJoinPool-3-worker-9] INFO  o.o.b.p.a.PullFromAggregateTracker - Pull Formulário da Vigilancia Hospitalar - Skipping submission 873 of 1156: already downloaded
2025-12-30 01:48:14,723 [ForkJoinPool-3-worker-9] INFO  o.o.b.p.a.PullFromAggregateTracker - Pull Formulário da Vigilancia Hospitalar - Skipping submission 874 of 1156: already downloaded
2025-12-30 01:48:14,723 [ForkJoinPool-3-worker-9] INFO  o.o.b.p.a.PullFromAggregateTracker - Pull Formulário da Vigilancia Hospitalar - Skipping submission 875 of 1156: already downloaded
2025-12-30 01:48:14,723 [ForkJoinPool-3-worker-9] INFO  o.o.b.p.a.PullFromAggregateTracker - Pull Formulário da Vigilancia Hospitalar - Skipping submission 876 of 1156: already downloaded
2025-12-30 01:48:14,723 [ForkJoinPool-3-worker-9] INFO  o.o.b.p.a.PullFromAggregateTracker - Pull Formulário da Vigilancia Hospitalar - Skipping submission 877 of 1156: already downloaded
2025-12-30 01:48:14,723 [ForkJoinPool-3-worker-9] INFO  o.o.b.p.a.PullFromAggregateTracker - Pull Formulário da Vigilancia Hospitalar - Skipping submission 878 of 1156: already downloaded
2025-12-30 01:48:14,723 [ForkJoinPool-3-worker-9] INFO  o.o.b.p.a.PullFromAggregateTracker - Pull Formulário da Vigilancia Hospitalar - Skipping submission 879 of 1156: already downloaded
2025-12-30 01:48:14,723 [ForkJoinPool-3-worker-9] INFO  o.o.b.p.a.PullFromAggregateTracker - Pull Formulário da Vigilancia Hospitalar - Skipping submission 880 of 1156: already downloaded
2025-12-30 01:48:14,725 [ForkJoinPool-3-worker-9] INFO  o.o.b.p.a.PullFromAggregateTracker - Pull Formulário da Vigilancia Hospitalar - Skipping submission 881 of 1156: already downloaded
2025-12-30 01:48:14,726 [ForkJoinPool-3-worker-9] INFO  o.o.b.p.a.PullFromAggregateTracker - Pull Formulário da Vigilancia Hospitalar - Skipping submission 882 of 1156: already downloaded
2025-12-30 01:48:14,726 [ForkJoinPool-3-worker-9] INFO  o.o.b.p.a.PullFromAggregateTracker - Pull Formulário da Vigilancia Hospitalar - Skipping submission 883 of 1156: already downloaded
2025-12-30 01:48:14,729 [ForkJoinPool-3-worker-9] INFO  o.o.b.p.a.PullFromAggregateTracker - Pull Formulário da Vigilancia Hospitalar - Skipping submission 884 of 1156: already downloaded
2025-12-30 01:48:14,729 [ForkJoinPool-3-worker-9] INFO  o.o.b.p.a.PullFromAggregateTracker - Pull Formulário da Vigilancia Hospitalar - Skipping submission 885 of 1156: already downloaded
2025-12-30 01:48:14,729 [ForkJoinPool-3-worker-9] INFO  o.o.b.p.a.PullFromAggregateTracker - Pull Formulário da Vigilancia Hospitalar - Skipping submission 886 of 1156: already downloaded
2025-12-30 01:48:14,730 [ForkJoinPool-3-worker-9] INFO  o.o.b.p.a.PullFromAggregateTracker - Pull Formulário da Vigilancia Hospitalar - Skipping submission 887 of 1156: already downloaded
2025-12-30 01:48:14,730 [ForkJoinPool-3-worker-9] INFO  o.o.b.p.a.PullFromAggregateTracker - Pull Formulário da Vigilancia Hospitalar - Skipping submission 888 of 1156: already downloaded
2025-12-30 01:48:14,732 [ForkJoinPool-3-worker-9] INFO  o.o.b.p.a.PullFromAggregateTracker - Pull Formulário da Vigilancia Hospitalar - Skipping submission 889 of 1156: already downloaded
2025-12-30 01:48:14,732 [ForkJoinPool-3-worker-9] INFO  o.o.b.p.a.PullFromAggregateTracker - Pull Formulário da Vigilancia Hospitalar - Skipping submission 890 of 1156: already downloaded
2025-12-30 01:48:14,732 [ForkJoinPool-3-worker-9] INFO  o.o.b.p.a.PullFromAggregateTracker - Pull Formulário da Vigilancia Hospitalar - Skipping submission 891 of 1156: already downloaded
2025-12-30 01:48:14,732 [ForkJoinPool-3-worker-9] INFO  o.o.b.p.a.PullFromAggregateTracker - Pull Formulário da Vigilancia Hospitalar - Skipping submission 892 of 1156: already downloaded
2025-12-30 01:48:14,734 [ForkJoinPool-3-worker-9] INFO  o.o.b.p.a.PullFromAggregateTracker - Pull Formulário da Vigilancia Hospitalar - Skipping submission 893 of 1156: already downloaded
2025-12-30 01:48:14,744 [ForkJoinPool-3-worker-10] INFO  o.o.b.p.a.PullFromAggregateTracker - Pull Formulário da Vigilancia Hospitalar - Laboratório - Submission 391 of 642 downloaded
2025-12-30 01:48:14,747 [ForkJoinPool-3-worker-9] INFO  o.o.b.p.a.PullFromAggregateTracker - Pull Formulário da Vigilancia Hospitalar - Skipping submission 894 of 1156: already downloaded
2025-12-30 01:48:14,747 [ForkJoinPool-3-worker-9] INFO  o.o.b.p.a.PullFromAggregateTracker - Pull Formulário da Vigilancia Hospitalar - Skipping submission 895 of 1156: already downloaded
2025-12-30 01:48:14,747 [ForkJoinPool-3-worker-9] INFO  o.o.b.p.a.PullFromAggregateTracker - Pull Formulário da Vigilancia Hospitalar - Skipping submission 896 of 1156: already downloaded
2025-12-30 01:48:14,747 [ForkJoinPool-3-worker-9] INFO  o.o.b.p.a.PullFromAggregateTracker - Pull Formulário da Vigilancia Hospitalar - Skipping submission 897 of 1156: already downloaded
2025-12-30 01:48:14,749 [ForkJoinPool-3-worker-9] INFO  o.o.b.p.a.PullFromAggregateTracker - Pull Formulário da Vigilancia Hospitalar - Skipping submission 898 of 1156: already downloaded
2025-12-30 01:48:14,752 [ForkJoinPool-3-worker-10] INFO  o.o.b.p.a.PullFromAggregateTracker - Pull Formulário da Vigilancia Hospitalar - Laboratório - Start downloading submission 531 of 642
2025-12-30 01:48:14,749 [ForkJoinPool-3-worker-9] INFO  o.o.b.p.a.PullFromAggregateTracker - Pull Formulário da Vigilancia Hospitalar - Skipping submission 899 of 1156: already downloaded
2025-12-30 01:48:14,749 [ForkJoinPool-3-worker-2] INFO  o.o.b.p.a.PullFromAggregateTracker - Pull Formulário da Vigilancia Hospitalar - Laboratório - Submission 37 of 74 downloaded
2025-12-30 01:48:14,757 [ForkJoinPool-3-worker-4] INFO  o.o.b.p.a.PullFromAggregateTracker - Pull Formulário da Vigilancia Hospitalar - Laboratório - Submission 35 of 74 downloaded
2025-12-30 01:48:14,757 [ForkJoinPool-3-worker-13] INFO  o.o.b.p.a.PullFromAggregateTracker - Pull Formulário da Vigilancia Comunitaria - Submission 1074 of 1299 downloaded
2025-12-30 01:48:14,757 [ForkJoinPool-3-worker-1] INFO  o.o.b.p.a.PullFromAggregateTracker - Pull Formulário da Vigilancia Hospitalar - Laboratório - Submission 36 of 74 downloaded
2025-12-30 01:48:14,762 [ForkJoinPool-3-worker-3] INFO  o.o.b.p.a.PullFromAggregateTracker - Pull Formulário da Vigilancia Hospitalar - Submission 203 of 250 downloaded
2025-12-30 01:48:14,764 [ForkJoinPool-3-worker-13] INFO  o.o.b.p.a.PullFromAggregateTracker - Pull Formulário da Vigilancia Comunitaria - Start downloading submission 1075 of 1299
2025-12-30 01:48:14,765 [ForkJoinPool-3-worker-2] INFO  o.o.b.p.a.PullFromAggregateTracker - Pull Formulário da Vigilancia Hospitalar - Laboratório - Start downloading submission 40 of 74
2025-12-30 01:48:14,771 [ForkJoinPool-3-worker-9] INFO  o.o.b.p.a.PullFromAggregateTracker - Pull Formulário da Vigilancia Hospitalar - Skipping submission 900 of 1156: already downloaded
2025-12-30 01:48:14,773 [ForkJoinPool-3-worker-3] INFO  o.o.b.p.a.PullFromAggregateTracker - Pull Formulário da Vigilancia Hospitalar - Start downloading submission 204 of 250
2025-12-30 01:48:14,773 [ForkJoinPool-3-worker-9] INFO  o.o.b.p.a.PullFromAggregateTracker - Pull Formulário da Vigilancia Hospitalar - Skipping submission 901 of 1156: already downloaded
2025-12-30 01:48:14,774 [ForkJoinPool-3-worker-9] INFO  o.o.b.p.a.PullFromAggregateTracker - Pull Formulário da Vigilancia Hospitalar - Skipping submission 902 of 1156: already downloaded
2025-12-30 01:48:14,777 [ForkJoinPool-3-worker-4] INFO  o.o.b.p.a.PullFromAggregateTracker - Pull Formulário da Vigilancia Hospitalar - Laboratório - Start downloading submission 42 of 74
2025-12-30 01:48:14,777 [ForkJoinPool-3-worker-1] INFO  o.o.b.p.a.PullFromAggregateTracker - Pull Formulário da Vigilancia Hospitalar - Laboratório - Start downloading submission 41 of 74
2025-12-30 01:48:14,786 [ForkJoinPool-3-worker-9] INFO  o.o.b.p.a.PullFromAggregateTracker - Pull Formulário da Vigilancia Hospitalar - Skipping submission 903 of 1156: already downloaded
2025-12-30 01:48:14,789 [ForkJoinPool-3-worker-9] INFO  o.o.b.p.a.PullFromAggregateTracker - Pull Formulário da Vigilancia Hospitalar - Skipping submission 904 of 1156: already downloaded
2025-12-30 01:48:14,795 [ForkJoinPool-3-worker-9] INFO  o.o.b.p.a.PullFromAggregateTracker - Pull Formulário da Vigilancia Hospitalar - Skipping submission 905 of 1156: already downloaded
2025-12-30 01:48:14,795 [ForkJoinPool-3-worker-9] INFO  o.o.b.p.a.PullFromAggregateTracker - Pull Formulário da Vigilancia Hospitalar - Skipping submission 906 of 1156: already downloaded
2025-12-30 01:48:14,797 [ForkJoinPool-3-worker-9] INFO  o.o.b.p.a.PullFromAggregateTracker - Pull Formulário da Vigilancia Hospitalar - Skipping submission 907 of 1156: already downloaded
2025-12-30 01:48:14,797 [ForkJoinPool-3-worker-9] INFO  o.o.b.p.a.PullFromAggregateTracker - Pull Formulário da Vigilancia Hospitalar - Skipping submission 908 of 1156: already downloaded
2025-12-30 01:48:14,797 [ForkJoinPool-3-worker-9] INFO  o.o.b.p.a.PullFromAggregateTracker - Pull Formulário da Vigilancia Hospitalar - Skipping submission 909 of 1156: already downloaded
2025-12-30 01:48:14,797 [ForkJoinPool-3-worker-9] INFO  o.o.b.p.a.PullFromAggregateTracker - Pull Formulário da Vigilancia Hospitalar - Skipping submission 910 of 1156: already downloaded
2025-12-30 01:48:14,802 [ForkJoinPool-3-worker-9] INFO  o.o.b.p.a.PullFromAggregateTracker - Pull Formulário da Vigilancia Hospitalar - Skipping submission 911 of 1156: already downloaded
2025-12-30 01:48:14,802 [ForkJoinPool-3-worker-9] INFO  o.o.b.p.a.PullFromAggregateTracker - Pull Formulário da Vigilancia Hospitalar - Skipping submission 912 of 1156: already downloaded
2025-12-30 01:48:14,804 [ForkJoinPool-3-worker-9] INFO  o.o.b.p.a.PullFromAggregateTracker - Pull Formulário da Vigilancia Hospitalar - Skipping submission 913 of 1156: already downloaded
2025-12-30 01:48:14,804 [ForkJoinPool-3-worker-9] INFO  o.o.b.p.a.PullFromAggregateTracker - Pull Formulário da Vigilancia Hospitalar - Skipping submission 914 of 1156: already downloaded
2025-12-30 01:48:14,804 [ForkJoinPool-3-worker-9] INFO  o.o.b.p.a.PullFromAggregateTracker - Pull Formulário da Vigilancia Hospitalar - Skipping submission 915 of 1156: already downloaded
2025-12-30 01:48:14,806 [ForkJoinPool-3-worker-9] INFO  o.o.b.p.a.PullFromAggregateTracker - Pull Formulário da Vigilancia Hospitalar - Skipping submission 916 of 1156: already downloaded
2025-12-30 01:48:14,806 [ForkJoinPool-3-worker-15] INFO  o.o.b.p.a.PullFromAggregateTracker - Pull Formulário da Vigilancia Hospitalar - Submission 643 of 1156 downloaded
2025-12-30 01:48:14,806 [ForkJoinPool-3-worker-9] INFO  o.o.b.p.a.PullFromAggregateTracker - Pull Formulário da Vigilancia Hospitalar - Skipping submission 917 of 1156: already downloaded
2025-12-30 01:48:14,806 [ForkJoinPool-3-worker-9] INFO  o.o.b.p.a.PullFromAggregateTracker - Pull Formulário da Vigilancia Hospitalar - Skipping submission 918 of 1156: already downloaded
2025-12-30 01:48:14,806 [ForkJoinPool-3-worker-9] INFO  o.o.b.p.a.PullFromAggregateTracker - Pull Formulário da Vigilancia Hospitalar - Skipping submission 919 of 1156: already downloaded
2025-12-30 01:48:14,808 [ForkJoinPool-3-worker-9] INFO  o.o.b.p.a.PullFromAggregateTracker - Pull Formulário da Vigilancia Hospitalar - Skipping submission 920 of 1156: already downloaded
2025-12-30 01:48:14,811 [ForkJoinPool-3-worker-9] INFO  o.o.b.p.a.PullFromAggregateTracker - Pull Formulário da Vigilancia Hospitalar - Skipping submission 921 of 1156: already downloaded
2025-12-30 01:48:14,811 [ForkJoinPool-3-worker-15] INFO  o.o.b.p.a.PullFromAggregateTracker - Pull Formulário da Vigilancia Hospitalar - Start downloading submission 922 of 1156
2025-12-30 01:48:14,811 [ForkJoinPool-3-worker-9] INFO  o.o.b.p.a.PullFromAggregateTracker - Pull Formulário da Vigilancia Hospitalar - Skipping submission 923 of 1156: already downloaded
2025-12-30 01:48:14,811 [ForkJoinPool-3-worker-9] INFO  o.o.b.p.a.PullFromAggregateTracker - Pull Formulário da Vigilancia Hospitalar - Skipping submission 924 of 1156: already downloaded
2025-12-30 01:48:14,813 [ForkJoinPool-3-worker-9] INFO  o.o.b.p.a.PullFromAggregateTracker - Pull Formulário da Vigilancia Hospitalar - Skipping submission 925 of 1156: already downloaded
2025-12-30 01:48:14,813 [ForkJoinPool-3-worker-9] INFO  o.o.b.p.a.PullFromAggregateTracker - Pull Formulário da Vigilancia Hospitalar - Skipping submission 926 of 1156: already downloaded
2025-12-30 01:48:14,813 [ForkJoinPool-3-worker-9] INFO  o.o.b.p.a.PullFromAggregateTracker - Pull Formulário da Vigilancia Hospitalar - Skipping submission 927 of 1156: already downloaded
2025-12-30 01:48:14,813 [ForkJoinPool-3-worker-9] INFO  o.o.b.p.a.PullFromAggregateTracker - Pull Formulário da Vigilancia Hospitalar - Skipping submission 928 of 1156: already downloaded
2025-12-30 01:48:14,814 [ForkJoinPool-3-worker-9] INFO  o.o.b.p.a.PullFromAggregateTracker - Pull Formulário da Vigilancia Hospitalar - Skipping submission 929 of 1156: already downloaded
2025-12-30 01:48:14,814 [ForkJoinPool-3-worker-9] INFO  o.o.b.p.a.PullFromAggregateTracker - Pull Formulário da Vigilancia Hospitalar - Skipping submission 930 of 1156: already downloaded
2025-12-30 01:48:14,814 [ForkJoinPool-3-worker-9] INFO  o.o.b.p.a.PullFromAggregateTracker - Pull Formulário da Vigilancia Hospitalar - Skipping submission 931 of 1156: already downloaded
2025-12-30 01:48:14,816 [ForkJoinPool-3-worker-9] INFO  o.o.b.p.a.PullFromAggregateTracker - Pull Formulário da Vigilancia Hospitalar - Skipping submission 932 of 1156: already downloaded
2025-12-30 01:48:14,816 [ForkJoinPool-3-worker-9] INFO  o.o.b.p.a.PullFromAggregateTracker - Pull Formulário da Vigilancia Hospitalar - Skipping submission 933 of 1156: already downloaded
2025-12-30 01:48:14,816 [ForkJoinPool-3-worker-9] INFO  o.o.b.p.a.PullFromAggregateTracker - Pull Formulário da Vigilancia Hospitalar - Skipping submission 934 of 1156: already downloaded
2025-12-30 01:48:14,817 [ForkJoinPool-3-worker-9] INFO  o.o.b.p.a.PullFromAggregateTracker - Pull Formulário da Vigilancia Hospitalar - Skipping submission 935 of 1156: already downloaded
2025-12-30 01:48:14,817 [ForkJoinPool-3-worker-9] INFO  o.o.b.p.a.PullFromAggregateTracker - Pull Formulário da Vigilancia Hospitalar - Skipping submission 936 of 1156: already downloaded
2025-12-30 01:48:14,817 [ForkJoinPool-3-worker-9] INFO  o.o.b.p.a.PullFromAggregateTracker - Pull Formulário da Vigilancia Hospitalar - Skipping submission 937 of 1156: already downloaded
2025-12-30 01:48:14,821 [ForkJoinPool-3-worker-9] INFO  o.o.b.p.a.PullFromAggregateTracker - Pull Formulário da Vigilancia Hospitalar - Skipping submission 938 of 1156: already downloaded
2025-12-30 01:48:14,821 [ForkJoinPool-3-worker-9] INFO  o.o.b.p.a.PullFromAggregateTracker - Pull Formulário da Vigilancia Hospitalar - Skipping submission 939 of 1156: already downloaded
2025-12-30 01:48:14,821 [ForkJoinPool-3-worker-9] INFO  o.o.b.p.a.PullFromAggregateTracker - Pull Formulário da Vigilancia Hospitalar - Skipping submission 940 of 1156: already downloaded
2025-12-30 01:48:14,821 [ForkJoinPool-3-worker-9] INFO  o.o.b.p.a.PullFromAggregateTracker - Pull Formulário da Vigilancia Hospitalar - Skipping submission 941 of 1156: already downloaded
2025-12-30 01:48:14,821 [ForkJoinPool-3-worker-9] INFO  o.o.b.p.a.PullFromAggregateTracker - Pull Formulário da Vigilancia Hospitalar - Skipping submission 942 of 1156: already downloaded
2025-12-30 01:48:14,821 [ForkJoinPool-3-worker-9] INFO  o.o.b.p.a.PullFromAggregateTracker - Pull Formulário da Vigilancia Hospitalar - Skipping submission 943 of 1156: already downloaded
2025-12-30 01:48:14,823 [ForkJoinPool-3-worker-9] INFO  o.o.b.p.a.PullFromAggregateTracker - Pull Formulário da Vigilancia Hospitalar - Skipping submission 944 of 1156: already downloaded
2025-12-30 01:48:14,823 [ForkJoinPool-3-worker-9] INFO  o.o.b.p.a.PullFromAggregateTracker - Pull Formulário da Vigilancia Hospitalar - Skipping submission 945 of 1156: already downloaded
2025-12-30 01:48:14,823 [ForkJoinPool-3-worker-9] INFO  o.o.b.p.a.PullFromAggregateTracker - Pull Formulário da Vigilancia Hospitalar - Skipping submission 946 of 1156: already downloaded
2025-12-30 01:48:14,826 [ForkJoinPool-3-worker-9] INFO  o.o.b.p.a.PullFromAggregateTracker - Pull Formulário da Vigilancia Comunitaria - Skipping submission 1076 of 1299: already downloaded
2025-12-30 01:48:14,827 [ForkJoinPool-3-worker-9] INFO  o.o.b.p.a.PullFromAggregateTracker - Pull Formulário da Vigilancia Comunitaria - Skipping submission 1077 of 1299: already downloaded
2025-12-30 01:48:14,829 [ForkJoinPool-3-worker-9] INFO  o.o.b.p.a.PullFromAggregateTracker - Pull Formulário da Vigilancia Comunitaria - Skipping submission 1078 of 1299: already downloaded
2025-12-30 01:48:14,829 [ForkJoinPool-3-worker-9] INFO  o.o.b.p.a.PullFromAggregateTracker - Pull Formulário da Vigilancia Comunitaria - Skipping submission 1079 of 1299: already downloaded
2025-12-30 01:48:14,830 [ForkJoinPool-3-worker-9] INFO  o.o.b.p.a.PullFromAggregateTracker - Pull Formulário da Vigilancia Comunitaria - Skipping submission 1080 of 1299: already downloaded
2025-12-30 01:48:14,830 [ForkJoinPool-3-worker-9] INFO  o.o.b.p.a.PullFromAggregateTracker - Pull Formulário da Vigilancia Comunitaria - Skipping submission 1081 of 1299: already downloaded
2025-12-30 01:48:14,831 [ForkJoinPool-3-worker-9] INFO  o.o.b.p.a.PullFromAggregateTracker - Pull Formulário da Vigilancia Comunitaria - Skipping submission 1082 of 1299: already downloaded
2025-12-30 01:48:14,831 [ForkJoinPool-3-worker-9] INFO  o.o.b.p.a.PullFromAggregateTracker - Pull Formulário da Vigilancia Comunitaria - Skipping submission 1083 of 1299: already downloaded
2025-12-30 01:48:14,832 [ForkJoinPool-3-worker-9] INFO  o.o.b.p.a.PullFromAggregateTracker - Pull Formulário da Vigilancia Comunitaria - Skipping submission 1084 of 1299: already downloaded
2025-12-30 01:48:14,838 [ForkJoinPool-3-worker-9] INFO  o.o.b.p.a.PullFromAggregateTracker - Pull Formulário da Vigilancia Comunitaria - Skipping submission 1085 of 1299: already downloaded
2025-12-30 01:48:14,847 [ForkJoinPool-3-worker-9] INFO  o.o.b.p.a.PullFromAggregateTracker - Pull Formulário da Vigilancia Comunitaria - Skipping submission 1086 of 1299: already downloaded
2025-12-30 01:48:14,848 [ForkJoinPool-3-worker-9] INFO  o.o.b.p.a.PullFromAggregateTracker - Pull Formulário da Vigilancia Comunitaria - Skipping submission 1087 of 1299: already downloaded
2025-12-30 01:48:14,848 [ForkJoinPool-3-worker-8] INFO  o.o.b.p.a.PullFromAggregateTracker - Pull Formulário da Vigilancia Hospitalar - Laboratório - Submission 38 of 74 downloaded
2025-12-30 01:48:14,848 [ForkJoinPool-3-worker-9] INFO  o.o.b.p.a.PullFromAggregateTracker - Pull Formulário da Vigilancia Comunitaria - Skipping submission 1088 of 1299: already downloaded
2025-12-30 01:48:14,851 [ForkJoinPool-3-worker-9] INFO  o.o.b.p.a.PullFromAggregateTracker - Pull Formulário da Vigilancia Comunitaria - Skipping submission 1089 of 1299: already downloaded
2025-12-30 01:48:14,853 [ForkJoinPool-3-worker-8] INFO  o.o.b.p.a.PullFromAggregateTracker - Pull Formulário da Vigilancia Hospitalar - Laboratório - Start downloading submission 43 of 74
2025-12-30 01:48:14,853 [ForkJoinPool-3-worker-9] INFO  o.o.b.p.a.PullFromAggregateTracker - Pull Formulário da Vigilancia Comunitaria - Skipping submission 1090 of 1299: already downloaded
2025-12-30 01:48:14,853 [ForkJoinPool-3-worker-9] INFO  o.o.b.p.a.PullFromAggregateTracker - Pull Formulário da Vigilancia Comunitaria - Skipping submission 1091 of 1299: already downloaded
2025-12-30 01:48:14,855 [ForkJoinPool-3-worker-9] INFO  o.o.b.p.a.PullFromAggregateTracker - Pull Formulário da Vigilancia Comunitaria - Skipping submission 1092 of 1299: already downloaded
2025-12-30 01:48:14,855 [ForkJoinPool-3-worker-9] INFO  o.o.b.p.a.PullFromAggregateTracker - Pull Formulário da Vigilancia Comunitaria - Skipping submission 1093 of 1299: already downloaded
2025-12-30 01:48:14,857 [ForkJoinPool-3-worker-9] INFO  o.o.b.p.a.PullFromAggregateTracker - Pull Formulário da Vigilancia Comunitaria - Skipping submission 1094 of 1299: already downloaded
2025-12-30 01:48:14,861 [ForkJoinPool-3-worker-9] INFO  o.o.b.p.a.PullFromAggregateTracker - Pull Formulário da Vigilancia Comunitaria - Skipping submission 1095 of 1299: already downloaded
2025-12-30 01:48:14,861 [ForkJoinPool-3-worker-9] INFO  o.o.b.p.a.PullFromAggregateTracker - Pull Formulário da Vigilancia Comunitaria - Skipping submission 1096 of 1299: already downloaded
2025-12-30 01:48:14,863 [ForkJoinPool-3-worker-9] INFO  o.o.b.p.a.PullFromAggregateTracker - Pull Formulário da Vigilancia Comunitaria - Skipping submission 1097 of 1299: already downloaded
2025-12-30 01:48:14,863 [ForkJoinPool-3-worker-9] INFO  o.o.b.p.a.PullFromAggregateTracker - Pull Formulário da Vigilancia Comunitaria - Skipping submission 1098 of 1299: already downloaded
2025-12-30 01:48:14,863 [ForkJoinPool-3-worker-9] INFO  o.o.b.p.a.PullFromAggregateTracker - Pull Formulário da Vigilancia Comunitaria - Skipping submission 1099 of 1299: already downloaded
2025-12-30 01:48:14,864 [ForkJoinPool-3-worker-9] INFO  o.o.b.p.a.PullFromAggregateTracker - Pull Formulário da Vigilancia Comunitaria - Skipping submission 1100 of 1299: already downloaded
2025-12-30 01:48:14,864 [ForkJoinPool-3-worker-9] INFO  o.o.b.p.a.PullFromAggregateTracker - Pull Formulário da Vigilancia Comunitaria - Skipping submission 1101 of 1299: already downloaded
2025-12-30 01:48:14,864 [ForkJoinPool-3-worker-9] INFO  o.o.b.p.a.PullFromAggregateTracker - Pull Formulário da Vigilancia Comunitaria - Skipping submission 1102 of 1299: already downloaded
2025-12-30 01:48:14,864 [ForkJoinPool-3-worker-9] INFO  o.o.b.p.a.PullFromAggregateTracker - Pull Formulário da Vigilancia Comunitaria - Skipping submission 1103 of 1299: already downloaded
2025-12-30 01:48:14,871 [ForkJoinPool-3-worker-9] INFO  o.o.b.p.a.PullFromAggregateTracker - Pull Formulário da Vigilancia Comunitaria - Skipping submission 1104 of 1299: already downloaded
2025-12-30 01:48:14,875 [ForkJoinPool-3-worker-9] INFO  o.o.b.p.a.PullFromAggregateTracker - Pull Formulário da Vigilancia Comunitaria - Skipping submission 1105 of 1299: already downloaded
2025-12-30 01:48:14,879 [ForkJoinPool-3-worker-9] INFO  o.o.b.p.a.PullFromAggregateTracker - Pull Formulário da Vigilancia Comunitaria - Skipping submission 1106 of 1299: already downloaded
2025-12-30 01:48:14,879 [ForkJoinPool-3-worker-9] INFO  o.o.b.p.a.PullFromAggregateTracker - Pull Formulário da Vigilancia Comunitaria - Skipping submission 1107 of 1299: already downloaded
2025-12-30 01:48:14,881 [ForkJoinPool-3-worker-9] INFO  o.o.b.p.a.PullFromAggregateTracker - Pull Formulário da Vigilancia Comunitaria - Skipping submission 1108 of 1299: already downloaded
2025-12-30 01:48:14,881 [ForkJoinPool-3-worker-9] INFO  o.o.b.p.a.PullFromAggregateTracker - Pull Formulário da Vigilancia Comunitaria - Skipping submission 1109 of 1299: already downloaded
2025-12-30 01:48:14,882 [ForkJoinPool-3-worker-9] INFO  o.o.b.p.a.PullFromAggregateTracker - Pull Formulário da Vigilancia Comunitaria - Skipping submission 1110 of 1299: already downloaded
2025-12-30 01:48:14,882 [ForkJoinPool-3-worker-9] INFO  o.o.b.p.a.PullFromAggregateTracker - Pull Formulário da Vigilancia Comunitaria - Skipping submission 1111 of 1299: already downloaded
2025-12-30 01:48:14,882 [ForkJoinPool-3-worker-9] INFO  o.o.b.p.a.PullFromAggregateTracker - Pull Formulário da Vigilancia Comunitaria - Skipping submission 1112 of 1299: already downloaded
2025-12-30 01:48:14,884 [ForkJoinPool-3-worker-9] INFO  o.o.b.p.a.PullFromAggregateTracker - Pull Formulário da Vigilancia Comunitaria - Skipping submission 1113 of 1299: already downloaded
2025-12-30 01:48:14,884 [ForkJoinPool-3-worker-9] INFO  o.o.b.p.a.PullFromAggregateTracker - Pull Formulário da Vigilancia Comunitaria - Skipping submission 1114 of 1299: already downloaded
2025-12-30 01:48:14,886 [ForkJoinPool-3-worker-9] INFO  o.o.b.p.a.PullFromAggregateTracker - Pull Formulário da Vigilancia Comunitaria - Skipping submission 1115 of 1299: already downloaded
2025-12-30 01:48:14,886 [ForkJoinPool-3-worker-9] INFO  o.o.b.p.a.PullFromAggregateTracker - Pull Formulário da Vigilancia Comunitaria - Skipping submission 1116 of 1299: already downloaded
2025-12-30 01:48:14,886 [ForkJoinPool-3-worker-9] INFO  o.o.b.p.a.PullFromAggregateTracker - Pull Formulário da Vigilancia Comunitaria - Skipping submission 1117 of 1299: already downloaded
2025-12-30 01:48:14,886 [ForkJoinPool-3-worker-9] INFO  o.o.b.p.a.PullFromAggregateTracker - Pull Formulário da Vigilancia Comunitaria - Skipping submission 1118 of 1299: already downloaded
2025-12-30 01:48:14,888 [ForkJoinPool-3-worker-9] INFO  o.o.b.p.a.PullFromAggregateTracker - Pull Formulário da Vigilancia Comunitaria - Skipping submission 1119 of 1299: already downloaded
2025-12-30 01:48:14,888 [ForkJoinPool-3-worker-9] INFO  o.o.b.p.a.PullFromAggregateTracker - Pull Formulário da Vigilancia Comunitaria - Skipping submission 1120 of 1299: already downloaded
2025-12-30 01:48:14,889 [ForkJoinPool-3-worker-9] INFO  o.o.b.p.a.PullFromAggregateTracker - Pull Formulário da Vigilancia Comunitaria - Skipping submission 1121 of 1299: already downloaded
2025-12-30 01:48:14,893 [ForkJoinPool-3-worker-9] INFO  o.o.b.p.a.PullFromAggregateTracker - Pull Formulário da Vigilancia Comunitaria - Skipping submission 1122 of 1299: already downloaded
2025-12-30 01:48:14,893 [ForkJoinPool-3-worker-9] INFO  o.o.b.p.a.PullFromAggregateTracker - Pull Formulário da Vigilancia Comunitaria - Skipping submission 1123 of 1299: already downloaded
2025-12-30 01:48:14,893 [ForkJoinPool-3-worker-9] INFO  o.o.b.p.a.PullFromAggregateTracker - Pull Formulário da Vigilancia Comunitaria - Skipping submission 1124 of 1299: already downloaded
2025-12-30 01:48:14,893 [ForkJoinPool-3-worker-9] INFO  o.o.b.p.a.PullFromAggregateTracker - Pull Formulário da Vigilancia Comunitaria - Skipping submission 1125 of 1299: already downloaded
2025-12-30 01:48:14,895 [ForkJoinPool-3-worker-9] INFO  o.o.b.p.a.PullFromAggregateTracker - Pull Formulário da Vigilancia Comunitaria - Skipping submission 1126 of 1299: already downloaded
2025-12-30 01:48:14,895 [ForkJoinPool-3-worker-9] INFO  o.o.b.p.a.PullFromAggregateTracker - Pull Formulário da Vigilancia Comunitaria - Skipping submission 1127 of 1299: already downloaded
2025-12-30 01:48:14,895 [ForkJoinPool-3-worker-9] INFO  o.o.b.p.a.PullFromAggregateTracker - Pull Formulário da Vigilancia Comunitaria - Skipping submission 1128 of 1299: already downloaded
2025-12-30 01:48:14,896 [ForkJoinPool-3-worker-9] INFO  o.o.b.p.a.PullFromAggregateTracker - Pull Formulário da Vigilancia Comunitaria - Skipping submission 1129 of 1299: already downloaded
2025-12-30 01:48:14,896 [ForkJoinPool-3-worker-9] INFO  o.o.b.p.a.PullFromAggregateTracker - Pull Formulário da Vigilancia Comunitaria - Skipping submission 1130 of 1299: already downloaded
2025-12-30 01:48:14,936 [ForkJoinPool-3-worker-9] INFO  o.o.b.p.a.PullFromAggregateTracker - Pull Formulário da Vigilancia Comunitaria - Skipping submission 1131 of 1299: already downloaded
2025-12-30 01:48:14,983 [ForkJoinPool-3-worker-9] INFO  o.o.b.p.a.PullFromAggregateTracker - Pull Formulário da Vigilancia Comunitaria - Skipping submission 1132 of 1299: already downloaded
2025-12-30 01:48:15,024 [ForkJoinPool-3-worker-9] INFO  o.o.b.p.a.PullFromAggregateTracker - Pull Formulário da Vigilancia Comunitaria - Skipping submission 1133 of 1299: already downloaded
2025-12-30 01:48:15,038 [ForkJoinPool-3-worker-9] INFO  o.o.b.p.a.PullFromAggregateTracker - Pull Formulário da Vigilancia Comunitaria - Skipping submission 1134 of 1299: already downloaded
2025-12-30 01:48:15,042 [ForkJoinPool-3-worker-6] INFO  o.o.b.p.a.PullFromAggregateTracker - Pull Formulário da Vigilancia Hospitalar - Laboratório - Submission 39 of 74 downloaded
2025-12-30 01:48:15,052 [ForkJoinPool-3-worker-9] INFO  o.o.b.p.a.PullFromAggregateTracker - Pull Formulário da Vigilancia Comunitaria - Skipping submission 1135 of 1299: already downloaded
2025-12-30 01:48:15,058 [ForkJoinPool-3-worker-10] INFO  o.o.b.p.a.PullFromAggregateTracker - Pull Formulário da Vigilancia Hospitalar - Laboratório - Submission 531 of 642 downloaded
2025-12-30 01:48:15,066 [ForkJoinPool-3-worker-9] INFO  o.o.b.p.a.PullFromAggregateTracker - Pull Formulário da Vigilancia Comunitaria - Skipping submission 1136 of 1299: already downloaded
2025-12-30 01:48:15,062 [ForkJoinPool-3-worker-2] INFO  o.o.b.p.a.PullFromAggregateTracker - Pull Formulário da Vigilancia Hospitalar - Laboratório - Submission 40 of 74 downloaded
2025-12-30 01:48:15,072 [ForkJoinPool-3-worker-13] INFO  o.o.b.p.a.PullFromAggregateTracker - Pull Formulário da Vigilancia Comunitaria - Submission 1075 of 1299 downloaded
2025-12-30 01:48:15,078 [ForkJoinPool-3-worker-6] INFO  o.o.b.p.a.PullFromAggregateTracker - Pull Formulário da Vigilancia Hospitalar - Laboratório - Start downloading submission 44 of 74
2025-12-30 01:48:15,070 [ForkJoinPool-3-worker-4] INFO  o.o.b.p.a.PullFromAggregateTracker - Pull Formulário da Vigilancia Hospitalar - Laboratório - Submission 42 of 74 downloaded
2025-12-30 01:48:15,093 [ForkJoinPool-3-worker-3] INFO  o.o.b.p.a.PullFromAggregateTracker - Pull Formulário da Vigilancia Hospitalar - Submission 204 of 250 downloaded
2025-12-30 01:48:15,110 [ForkJoinPool-3-worker-9] INFO  o.o.b.p.a.PullFromAggregateTracker - Pull Formulário da Vigilancia Comunitaria - Skipping submission 1137 of 1299: already downloaded
2025-12-30 01:48:15,113 [ForkJoinPool-3-worker-3] INFO  o.o.b.p.a.PullFromAggregateTracker - Pull Formulário da Vigilancia Hospitalar - Start downloading submission 205 of 250
2025-12-30 01:48:15,124 [ForkJoinPool-3-worker-1] INFO  o.o.b.p.a.PullFromAggregateTracker - Pull Formulário da Vigilancia Hospitalar - Laboratório - Submission 41 of 74 downloaded
2025-12-30 01:48:15,127 [ForkJoinPool-3-worker-10] INFO  o.o.b.p.a.PullFromAggregateTracker - Pull Formulário da Vigilancia Hospitalar - Laboratório - Start downloading submission 532 of 642
2025-12-30 01:48:15,149 [ForkJoinPool-3-worker-13] INFO  o.o.b.p.a.PullFromAggregateTracker - Pull Formulário da Vigilancia Comunitaria - Start downloading submission 1139 of 1299
2025-12-30 01:48:15,152 [ForkJoinPool-3-worker-2] INFO  o.o.b.p.a.PullFromAggregateTracker - Pull Formulário da Vigilancia Hospitalar - Laboratório - Start downloading submission 45 of 74
2025-12-30 01:48:15,157 [ForkJoinPool-3-worker-9] INFO  o.o.b.p.a.PullFromAggregateTracker - Pull Formulário da Vigilancia Comunitaria - Skipping submission 1138 of 1299: already downloaded
2025-12-30 01:48:15,159 [ForkJoinPool-3-worker-4] INFO  o.o.b.p.a.PullFromAggregateTracker - Pull Formulário da Vigilancia Hospitalar - Laboratório - Start downloading submission 46 of 74
2025-12-30 01:48:15,176 [ForkJoinPool-3-worker-1] INFO  o.o.b.p.a.PullFromAggregateTracker - Pull Formulário da Vigilancia Hospitalar - Laboratório - Start downloading submission 47 of 74
2025-12-30 01:48:15,192 [ForkJoinPool-3-worker-9] INFO  o.o.b.p.a.PullFromAggregateTracker - Pull Formulário da Vigilancia Comunitaria - Skipping submission 1140 of 1299: already downloaded
2025-12-30 01:48:15,194 [ForkJoinPool-3-worker-9] INFO  o.o.b.p.a.PullFromAggregateTracker - Pull Formulário da Vigilancia Comunitaria - Skipping submission 1141 of 1299: already downloaded
2025-12-30 01:48:15,197 [AWT-EventQueue-0] INFO  XFormParser - Reading XML and parsing with kXML2 finished in 326.655 ms
2025-12-30 01:48:15,225 [ForkJoinPool-3-worker-9] INFO  o.o.b.p.a.PullFromAggregateTracker - Pull Formulário da Vigilancia Comunitaria - Skipping submission 1142 of 1299: already downloaded
2025-12-30 01:48:15,227 [ForkJoinPool-3-worker-9] INFO  o.o.b.p.a.PullFromAggregateTracker - Pull Formulário da Vigilancia Comunitaria - Skipping submission 1143 of 1299: already downloaded
2025-12-30 01:48:15,237 [ForkJoinPool-3-worker-9] INFO  o.o.b.p.a.PullFromAggregateTracker - Pull Formulário da Vigilancia Comunitaria - Skipping submission 1144 of 1299: already downloaded
2025-12-30 01:48:15,237 [ForkJoinPool-3-worker-9] INFO  o.o.b.p.a.PullFromAggregateTracker - Pull Formulário da Vigilancia Comunitaria - Skipping submission 1145 of 1299: already downloaded
2025-12-30 01:48:15,246 [ForkJoinPool-3-worker-9] INFO  o.o.b.p.a.PullFromAggregateTracker - Pull Formulário da Vigilancia Comunitaria - Skipping submission 1146 of 1299: already downloaded
2025-12-30 01:48:15,246 [ForkJoinPool-3-worker-8] INFO  o.o.b.p.a.PullFromAggregateTracker - Pull Formulário da Vigilancia Hospitalar - Laboratório - Submission 43 of 74 downloaded
2025-12-30 01:48:15,253 [ForkJoinPool-3-worker-9] INFO  o.o.b.p.a.PullFromAggregateTracker - Pull Formulário da Vigilancia Comunitaria - Skipping submission 1147 of 1299: already downloaded
2025-12-30 01:48:15,256 [ForkJoinPool-3-worker-9] INFO  o.o.b.p.a.PullFromAggregateTracker - Pull Formulário da Vigilancia Comunitaria - Skipping submission 1148 of 1299: already downloaded
2025-12-30 01:48:15,261 [ForkJoinPool-3-worker-8] INFO  o.o.b.p.a.PullFromAggregateTracker - Pull Formulário da Vigilancia Hospitalar - Laboratório - Start downloading submission 48 of 74
2025-12-30 01:48:15,261 [ForkJoinPool-3-worker-9] INFO  o.o.b.p.a.PullFromAggregateTracker - Pull Formulário da Vigilancia Comunitaria - Skipping submission 1149 of 1299: already downloaded
2025-12-30 01:48:15,273 [ForkJoinPool-3-worker-9] INFO  o.o.b.p.a.PullFromAggregateTracker - Pull Formulário da Vigilancia Comunitaria - Skipping submission 1150 of 1299: already downloaded
2025-12-30 01:48:15,287 [ForkJoinPool-3-worker-9] INFO  o.o.b.p.a.PullFromAggregateTracker - Pull Formulário da Vigilancia Comunitaria - Skipping submission 1151 of 1299: already downloaded
2025-12-30 01:48:15,291 [ForkJoinPool-3-worker-9] INFO  o.o.b.p.a.PullFromAggregateTracker - Pull Formulário da Vigilancia Comunitaria - Skipping submission 1152 of 1299: already downloaded
2025-12-30 01:48:15,294 [ForkJoinPool-3-worker-9] INFO  o.o.b.p.a.PullFromAggregateTracker - Pull Formulário da Vigilancia Comunitaria - Skipping submission 1153 of 1299: already downloaded
2025-12-30 01:48:15,297 [ForkJoinPool-3-worker-9] INFO  o.o.b.p.a.PullFromAggregateTracker - Pull Formulário da Vigilancia Comunitaria - Skipping submission 1154 of 1299: already downloaded
2025-12-30 01:48:15,303 [ForkJoinPool-3-worker-9] INFO  o.o.b.p.a.PullFromAggregateTracker - Pull Formulário da Vigilancia Comunitaria - Skipping submission 1155 of 1299: already downloaded
2025-12-30 01:48:15,305 [ForkJoinPool-3-worker-11] INFO  o.o.b.p.a.PullFromAggregateTracker - Pull VIGILÂNCIA  AMBIENTAL - Got all the submission IDs
2025-12-30 01:48:15,310 [ForkJoinPool-3-worker-9] INFO  o.o.b.p.a.PullFromAggregateTracker - Pull Formulário da Vigilancia Comunitaria - Skipping submission 1156 of 1299: already downloaded
2025-12-30 01:48:15,312 [ForkJoinPool-3-worker-9] INFO  o.o.b.p.a.PullFromAggregateTracker - Pull Formulário da Vigilancia Comunitaria - Skipping submission 1157 of 1299: already downloaded
2025-12-30 01:48:15,315 [ForkJoinPool-3-worker-9] INFO  o.o.b.p.a.PullFromAggregateTracker - Pull Formulário da Vigilancia Comunitaria - Skipping submission 1158 of 1299: already downloaded
2025-12-30 01:48:15,318 [ForkJoinPool-3-worker-9] INFO  o.o.b.p.a.PullFromAggregateTracker - Pull Formulário da Vigilancia Comunitaria - Skipping submission 1159 of 1299: already downloaded
2025-12-30 01:48:15,321 [ForkJoinPool-3-worker-9] INFO  o.o.b.p.a.PullFromAggregateTracker - Pull Formulário da Vigilancia Comunitaria - Skipping submission 1160 of 1299: already downloaded
2025-12-30 01:48:15,323 [ForkJoinPool-3-worker-9] INFO  o.o.b.p.a.PullFromAggregateTracker - Pull Formulário da Vigilancia Comunitaria - Skipping submission 1161 of 1299: already downloaded
2025-12-30 01:48:15,324 [AWT-EventQueue-0] INFO  XFormParser - Consolidating text finished in 126.140 ms
2025-12-30 01:48:15,324 [AWT-EventQueue-0] INFO  XFormParser - Parsing form...
2025-12-30 01:48:15,324 [ForkJoinPool-3-worker-9] INFO  o.o.b.p.a.PullFromAggregateTracker - Pull Formulário da Vigilancia Comunitaria - Skipping submission 1162 of 1299: already downloaded
2025-12-30 01:48:15,324 [AWT-EventQueue-0] INFO  XFormParser - Title: "Formulário da Vigilancia Hospitalar"
2025-12-30 01:48:15,327 [ForkJoinPool-3-worker-9] INFO  o.o.b.p.a.PullFromAggregateTracker - Pull Formulário da Vigilancia Comunitaria - Skipping submission 1163 of 1299: already downloaded
2025-12-30 01:48:15,328 [ForkJoinPool-3-worker-9] INFO  o.o.b.p.a.PullFromAggregateTracker - Pull Formulário da Vigilancia Comunitaria - Skipping submission 1164 of 1299: already downloaded
2025-12-30 01:48:15,329 [AWT-EventQueue-0] WARN  XFormParser - XForm Parse Warning: Warning: 1 Unrecognized attributes found in Element [model] and will be ignored: [xforms-version] 
    Problem found at nodeset: /html/head/model
    With element <model xforms-version="1.0.0"><instance><data id="hospitalar_v1" version="1" prefix="Hospitalar" delimiter="$">...

2025-12-30 01:48:15,329 [ForkJoinPool-3-worker-9] INFO  o.o.b.p.a.PullFromAggregateTracker - Pull Formulário da Vigilancia Comunitaria - Skipping submission 1165 of 1299: already downloaded
2025-12-30 01:48:15,331 [ForkJoinPool-3-worker-9] INFO  o.o.b.p.a.PullFromAggregateTracker - Pull Formulário da Vigilancia Comunitaria - Skipping submission 1166 of 1299: already downloaded
2025-12-30 01:48:15,333 [ForkJoinPool-3-worker-9] INFO  o.o.b.p.a.PullFromAggregateTracker - Pull Formulário da Vigilancia Comunitaria - Skipping submission 1167 of 1299: already downloaded
2025-12-30 01:48:15,337 [ForkJoinPool-3-worker-9] INFO  o.o.b.p.a.PullFromAggregateTracker - Pull Formulário da Vigilancia Comunitaria - Skipping submission 1168 of 1299: already downloaded
2025-12-30 01:48:15,340 [ForkJoinPool-3-worker-9] INFO  o.o.b.p.a.PullFromAggregateTracker - Pull Formulário da Vigilancia Comunitaria - Skipping submission 1169 of 1299: already downloaded
2025-12-30 01:48:15,344 [ForkJoinPool-3-worker-9] INFO  o.o.b.p.a.PullFromAggregateTracker - Pull Formulário da Vigilancia Comunitaria - Skipping submission 1170 of 1299: already downloaded
2025-12-30 01:48:15,348 [ForkJoinPool-3-worker-9] INFO  o.o.b.p.a.PullFromAggregateTracker - Pull Formulário da Vigilancia Comunitaria - Skipping submission 1171 of 1299: already downloaded
2025-12-30 01:48:15,355 [ForkJoinPool-3-worker-9] INFO  o.o.b.p.a.PullFromAggregateTracker - Pull Formulário da Vigilancia Comunitaria - Skipping submission 1172 of 1299: already downloaded
2025-12-30 01:48:15,356 [ForkJoinPool-3-worker-9] INFO  o.o.b.p.a.PullFromAggregateTracker - Pull Formulário da Vigilancia Comunitaria - Skipping submission 1173 of 1299: already downloaded
2025-12-30 01:48:15,372 [ForkJoinPool-3-worker-9] INFO  o.o.b.p.a.PullFromAggregateTracker - Pull Formulário da Vigilancia Comunitaria - Skipping submission 1174 of 1299: already downloaded
2025-12-30 01:48:15,371 [ForkJoinPool-3-worker-11] INFO  o.o.b.p.a.PullFromAggregateTracker - Pull VIGILÂNCIA  AMBIENTAL - Skipping submission 1 of 149: already downloaded
2025-12-30 01:48:15,383 [ForkJoinPool-3-worker-9] INFO  o.o.b.p.a.PullFromAggregateTracker - Pull Formulário da Vigilancia Comunitaria - Skipping submission 1175 of 1299: already downloaded
2025-12-30 01:48:15,387 [ForkJoinPool-3-worker-11] INFO  o.o.b.p.a.PullFromAggregateTracker - Pull VIGILÂNCIA  AMBIENTAL - Skipping submission 2 of 149: already downloaded
2025-12-30 01:48:15,388 [ForkJoinPool-3-worker-9] INFO  o.o.b.p.a.PullFromAggregateTracker - Pull Formulário da Vigilancia Comunitaria - Skipping submission 1176 of 1299: already downloaded
2025-12-30 01:48:15,391 [ForkJoinPool-3-worker-9] INFO  o.o.b.p.a.PullFromAggregateTracker - Pull Formulário da Vigilancia Comunitaria - Skipping submission 1177 of 1299: already downloaded
2025-12-30 01:48:15,411 [ForkJoinPool-3-worker-15] INFO  o.o.b.p.a.PullFromAggregateTracker - Pull Formulário da Vigilancia Hospitalar - Submission 922 of 1156 downloaded
2025-12-30 01:48:15,393 [ForkJoinPool-3-worker-11] INFO  o.o.b.p.a.PullFromAggregateTracker - Pull VIGILÂNCIA  AMBIENTAL - Skipping submission 3 of 149: already downloaded
2025-12-30 01:48:15,427 [ForkJoinPool-3-worker-11] INFO  o.o.b.p.a.PullFromAggregateTracker - Pull VIGILÂNCIA  AMBIENTAL - Skipping submission 4 of 149: already downloaded
2025-12-30 01:48:15,435 [ForkJoinPool-3-worker-9] INFO  o.o.b.p.a.PullFromAggregateTracker - Pull Formulário da Vigilancia Comunitaria - Skipping submission 1178 of 1299: already downloaded
2025-12-30 01:48:15,444 [ForkJoinPool-3-worker-11] INFO  o.o.b.p.a.PullFromAggregateTracker - Pull VIGILÂNCIA  AMBIENTAL - Skipping submission 5 of 149: already downloaded
2025-12-30 01:48:15,464 [ForkJoinPool-3-worker-11] INFO  o.o.b.p.a.PullFromAggregateTracker - Pull VIGILÂNCIA  AMBIENTAL - Skipping submission 6 of 149: already downloaded
2025-12-30 01:48:15,465 [ForkJoinPool-3-worker-6] INFO  o.o.b.p.a.PullFromAggregateTracker - Pull Formulário da Vigilancia Hospitalar - Laboratório - Submission 44 of 74 downloaded
2025-12-30 01:48:15,464 [ForkJoinPool-3-worker-9] INFO  o.o.b.p.a.PullFromAggregateTracker - Pull Formulário da Vigilancia Comunitaria - Skipping submission 1179 of 1299: already downloaded
2025-12-30 01:48:15,467 [ForkJoinPool-3-worker-9] INFO  o.o.b.p.a.PullFromAggregateTracker - Pull Formulário da Vigilancia Comunitaria - Skipping submission 1180 of 1299: already downloaded
2025-12-30 01:48:15,498 [ForkJoinPool-3-worker-6] INFO  o.o.b.p.a.PullFromAggregateTracker - Pull Formulário da Vigilancia Hospitalar - Laboratório - Start downloading submission 49 of 74
2025-12-30 01:48:15,498 [ForkJoinPool-3-worker-1] INFO  o.o.b.p.a.PullFromAggregateTracker - Pull Formulário da Vigilancia Hospitalar - Laboratório - Submission 47 of 74 downloaded
2025-12-30 01:48:15,523 [ForkJoinPool-3-worker-4] INFO  o.o.b.p.a.PullFromAggregateTracker - Pull Formulário da Vigilancia Hospitalar - Laboratório - Submission 46 of 74 downloaded
2025-12-30 01:48:15,496 [ForkJoinPool-3-worker-15] INFO  o.o.b.p.a.PullFromAggregateTracker - Pull Formulário da Vigilancia Hospitalar - Start downloading submission 947 of 1156
2025-12-30 01:48:15,528 [ForkJoinPool-3-worker-1] INFO  o.o.b.p.a.PullFromAggregateTracker - Pull Formulário da Vigilancia Hospitalar - Laboratório - Start downloading submission 50 of 74
2025-12-30 01:48:15,494 [ForkJoinPool-3-worker-11] INFO  o.o.b.p.a.PullFromAggregateTracker - Pull VIGILÂNCIA  AMBIENTAL - Skipping submission 7 of 149: already downloaded
2025-12-30 01:48:15,487 [ForkJoinPool-3-worker-3] INFO  o.o.b.p.a.PullFromAggregateTracker - Pull Formulário da Vigilancia Hospitalar - Submission 205 of 250 downloaded
2025-12-30 01:48:15,530 [ForkJoinPool-3-worker-10] INFO  o.o.b.p.a.PullFromAggregateTracker - Pull Formulário da Vigilancia Hospitalar - Laboratório - Submission 532 of 642 downloaded
2025-12-30 01:48:15,536 [ForkJoinPool-3-worker-11] INFO  o.o.b.p.a.PullFromAggregateTracker - Pull VIGILÂNCIA  AMBIENTAL - Skipping submission 8 of 149: already downloaded
2025-12-30 01:48:15,506 [ForkJoinPool-3-worker-2] INFO  o.o.b.p.a.PullFromAggregateTracker - Pull Formulário da Vigilancia Hospitalar - Laboratório - Submission 45 of 74 downloaded
2025-12-30 01:48:15,501 [ForkJoinPool-3-worker-9] INFO  o.o.b.p.a.PullFromAggregateTracker - Pull Formulário da Vigilancia Comunitaria - Skipping submission 1181 of 1299: already downloaded
2025-12-30 01:48:15,542 [ForkJoinPool-3-worker-4] INFO  o.o.b.p.a.PullFromAggregateTracker - Pull Formulário da Vigilancia Hospitalar - Laboratório - Start downloading submission 51 of 74
2025-12-30 01:48:15,556 [ForkJoinPool-3-worker-11] INFO  o.o.b.p.a.PullFromAggregateTracker - Pull VIGILÂNCIA  AMBIENTAL - Skipping submission 9 of 149: already downloaded
2025-12-30 01:48:15,556 [ForkJoinPool-3-worker-2] INFO  o.o.b.p.a.PullFromAggregateTracker - Pull Formulário da Vigilancia Hospitalar - Laboratório - Start downloading submission 52 of 74
2025-12-30 01:48:15,546 [ForkJoinPool-3-worker-3] INFO  o.o.b.p.a.PullFromAggregateTracker - Pull Formulário da Vigilancia Hospitalar - Start downloading submission 206 of 250
2025-12-30 01:48:15,556 [ForkJoinPool-3-worker-10] INFO  o.o.b.p.a.PullFromAggregateTracker - Pull Formulário da Vigilancia Hospitalar - Laboratório - Start downloading submission 533 of 642
2025-12-30 01:48:15,564 [ForkJoinPool-3-worker-11] INFO  o.o.b.p.a.PullFromAggregateTracker - Pull VIGILÂNCIA  AMBIENTAL - Skipping submission 10 of 149: already downloaded
2025-12-30 01:48:15,566 [ForkJoinPool-3-worker-9] INFO  o.o.b.p.a.PullFromAggregateTracker - Pull Formulário da Vigilancia Comunitaria - Skipping submission 1182 of 1299: already downloaded
2025-12-30 01:48:15,571 [ForkJoinPool-3-worker-13] INFO  o.o.b.p.a.PullFromAggregateTracker - Pull Formulário da Vigilancia Comunitaria - Submission 1139 of 1299 downloaded
2025-12-30 01:48:15,575 [ForkJoinPool-3-worker-9] INFO  o.o.b.p.a.PullFromAggregateTracker - Pull Formulário da Vigilancia Comunitaria - Skipping submission 1183 of 1299: already downloaded
2025-12-30 01:48:15,571 [ForkJoinPool-3-worker-11] INFO  o.o.b.p.a.PullFromAggregateTracker - Pull VIGILÂNCIA  AMBIENTAL - Skipping submission 11 of 149: already downloaded
2025-12-30 01:48:15,569 [ForkJoinPool-3-worker-8] INFO  o.o.b.p.a.PullFromAggregateTracker - Pull Formulário da Vigilancia Hospitalar - Laboratório - Submission 48 of 74 downloaded
2025-12-30 01:48:15,575 [ForkJoinPool-3-worker-13] INFO  o.o.b.p.a.PullFromAggregateTracker - Pull Formulário da Vigilancia Comunitaria - Start downloading submission 1184 of 1299
2025-12-30 01:48:15,578 [ForkJoinPool-3-worker-9] INFO  o.o.b.p.a.PullFromAggregateTracker - Pull Formulário da Vigilancia Comunitaria - Skipping submission 1185 of 1299: already downloaded
2025-12-30 01:48:15,579 [ForkJoinPool-3-worker-11] INFO  o.o.b.p.a.PullFromAggregateTracker - Pull VIGILÂNCIA  AMBIENTAL - Skipping submission 12 of 149: already downloaded
2025-12-30 01:48:15,579 [ForkJoinPool-3-worker-9] INFO  o.o.b.p.a.PullFromAggregateTracker - Pull Formulário da Vigilancia Comunitaria - Skipping submission 1186 of 1299: already downloaded
2025-12-30 01:48:15,579 [ForkJoinPool-3-worker-11] INFO  o.o.b.p.a.PullFromAggregateTracker - Pull VIGILÂNCIA  AMBIENTAL - Skipping submission 13 of 149: already downloaded
2025-12-30 01:48:15,579 [ForkJoinPool-3-worker-9] INFO  o.o.b.p.a.PullFromAggregateTracker - Pull Formulário da Vigilancia Comunitaria - Skipping submission 1187 of 1299: already downloaded
2025-12-30 01:48:15,581 [ForkJoinPool-3-worker-8] INFO  o.o.b.p.a.PullFromAggregateTracker - Pull Formulário da Vigilancia Hospitalar - Laboratório - Start downloading submission 53 of 74
2025-12-30 01:48:15,581 [ForkJoinPool-3-worker-11] INFO  o.o.b.p.a.PullFromAggregateTracker - Pull VIGILÂNCIA  AMBIENTAL - Skipping submission 14 of 149: already downloaded
2025-12-30 01:48:15,581 [ForkJoinPool-3-worker-9] INFO  o.o.b.p.a.PullFromAggregateTracker - Pull Formulário da Vigilancia Comunitaria - Skipping submission 1188 of 1299: already downloaded
2025-12-30 01:48:15,587 [ForkJoinPool-3-worker-11] INFO  o.o.b.p.a.PullFromAggregateTracker - Pull VIGILÂNCIA  AMBIENTAL - Skipping submission 15 of 149: already downloaded
2025-12-30 01:48:15,587 [ForkJoinPool-3-worker-9] INFO  o.o.b.p.a.PullFromAggregateTracker - Pull Formulário da Vigilancia Comunitaria - Skipping submission 1189 of 1299: already downloaded
2025-12-30 01:48:15,589 [ForkJoinPool-3-worker-11] INFO  o.o.b.p.a.PullFromAggregateTracker - Pull VIGILÂNCIA  AMBIENTAL - Skipping submission 16 of 149: already downloaded
2025-12-30 01:48:15,589 [ForkJoinPool-3-worker-9] INFO  o.o.b.p.a.PullFromAggregateTracker - Pull Formulário da Vigilancia Comunitaria - Skipping submission 1190 of 1299: already downloaded
2025-12-30 01:48:15,590 [ForkJoinPool-3-worker-11] INFO  o.o.b.p.a.PullFromAggregateTracker - Pull VIGILÂNCIA  AMBIENTAL - Skipping submission 17 of 149: already downloaded
2025-12-30 01:48:15,590 [ForkJoinPool-3-worker-9] INFO  o.o.b.p.a.PullFromAggregateTracker - Pull Formulário da Vigilancia Comunitaria - Skipping submission 1191 of 1299: already downloaded
2025-12-30 01:48:15,592 [ForkJoinPool-3-worker-9] INFO  o.o.b.p.a.PullFromAggregateTracker - Pull Formulário da Vigilancia Comunitaria - Skipping submission 1192 of 1299: already downloaded
2025-12-30 01:48:15,592 [ForkJoinPool-3-worker-11] INFO  o.o.b.p.a.PullFromAggregateTracker - Pull VIGILÂNCIA  AMBIENTAL - Skipping submission 18 of 149: already downloaded
2025-12-30 01:48:15,593 [ForkJoinPool-3-worker-9] INFO  o.o.b.p.a.PullFromAggregateTracker - Pull Formulário da Vigilancia Comunitaria - Skipping submission 1193 of 1299: already downloaded
2025-12-30 01:48:15,593 [ForkJoinPool-3-worker-11] INFO  o.o.b.p.a.PullFromAggregateTracker - Pull VIGILÂNCIA  AMBIENTAL - Skipping submission 19 of 149: already downloaded
2025-12-30 01:48:15,594 [ForkJoinPool-3-worker-9] INFO  o.o.b.p.a.PullFromAggregateTracker - Pull Formulário da Vigilancia Comunitaria - Skipping submission 1194 of 1299: already downloaded
2025-12-30 01:48:15,595 [ForkJoinPool-3-worker-9] INFO  o.o.b.p.a.PullFromAggregateTracker - Pull Formulário da Vigilancia Comunitaria - Skipping submission 1195 of 1299: already downloaded
2025-12-30 01:48:15,597 [ForkJoinPool-3-worker-11] INFO  o.o.b.p.a.PullFromAggregateTracker - Pull VIGILÂNCIA  AMBIENTAL - Skipping submission 20 of 149: already downloaded
2025-12-30 01:48:15,601 [ForkJoinPool-3-worker-11] INFO  o.o.b.p.a.PullFromAggregateTracker - Pull VIGILÂNCIA  AMBIENTAL - Skipping submission 21 of 149: already downloaded
2025-12-30 01:48:15,597 [ForkJoinPool-3-worker-9] INFO  o.o.b.p.a.PullFromAggregateTracker - Pull Formulário da Vigilancia Comunitaria - Skipping submission 1196 of 1299: already downloaded
2025-12-30 01:48:15,607 [ForkJoinPool-3-worker-9] INFO  o.o.b.p.a.PullFromAggregateTracker - Pull Formulário da Vigilancia Comunitaria - Skipping submission 1197 of 1299: already downloaded
2025-12-30 01:48:15,607 [ForkJoinPool-3-worker-11] INFO  o.o.b.p.a.PullFromAggregateTracker - Pull VIGILÂNCIA  AMBIENTAL - Skipping submission 22 of 149: already downloaded
2025-12-30 01:48:15,609 [ForkJoinPool-3-worker-11] INFO  o.o.b.p.a.PullFromAggregateTracker - Pull VIGILÂNCIA  AMBIENTAL - Skipping submission 23 of 149: already downloaded
2025-12-30 01:48:15,611 [ForkJoinPool-3-worker-11] INFO  o.o.b.p.a.PullFromAggregateTracker - Pull VIGILÂNCIA  AMBIENTAL - Skipping submission 24 of 149: already downloaded
2025-12-30 01:48:15,611 [ForkJoinPool-3-worker-9] INFO  o.o.b.p.a.PullFromAggregateTracker - Pull Formulário da Vigilancia Comunitaria - Skipping submission 1198 of 1299: already downloaded
2025-12-30 01:48:15,613 [ForkJoinPool-3-worker-9] INFO  o.o.b.p.a.PullFromAggregateTracker - Pull Formulário da Vigilancia Comunitaria - Skipping submission 1199 of 1299: already downloaded
2025-12-30 01:48:15,613 [ForkJoinPool-3-worker-11] INFO  o.o.b.p.a.PullFromAggregateTracker - Pull VIGILÂNCIA  AMBIENTAL - Skipping submission 25 of 149: already downloaded
2025-12-30 01:48:15,616 [ForkJoinPool-3-worker-9] INFO  o.o.b.p.a.PullFromAggregateTracker - Pull Formulário da Vigilancia Comunitaria - Skipping submission 1200 of 1299: already downloaded
2025-12-30 01:48:15,616 [ForkJoinPool-3-worker-11] INFO  o.o.b.p.a.PullFromAggregateTracker - Pull VIGILÂNCIA  AMBIENTAL - Skipping submission 26 of 149: already downloaded
2025-12-30 01:48:15,617 [ForkJoinPool-3-worker-9] INFO  o.o.b.p.a.PullFromAggregateTracker - Pull Formulário da Vigilancia Comunitaria - Skipping submission 1201 of 1299: already downloaded
2025-12-30 01:48:15,617 [ForkJoinPool-3-worker-11] INFO  o.o.b.p.a.PullFromAggregateTracker - Pull VIGILÂNCIA  AMBIENTAL - Skipping submission 27 of 149: already downloaded
2025-12-30 01:48:15,620 [ForkJoinPool-3-worker-11] INFO  o.o.b.p.a.PullFromAggregateTracker - Pull VIGILÂNCIA  AMBIENTAL - Skipping submission 28 of 149: already downloaded
2025-12-30 01:48:15,620 [ForkJoinPool-3-worker-9] INFO  o.o.b.p.a.PullFromAggregateTracker - Pull Formulário da Vigilancia Comunitaria - Skipping submission 1202 of 1299: already downloaded
2025-12-30 01:48:15,622 [ForkJoinPool-3-worker-9] INFO  o.o.b.p.a.PullFromAggregateTracker - Pull Formulário da Vigilancia Comunitaria - Skipping submission 1203 of 1299: already downloaded
2025-12-30 01:48:15,622 [ForkJoinPool-3-worker-9] INFO  o.o.b.p.a.PullFromAggregateTracker - Pull Formulário da Vigilancia Comunitaria - Skipping submission 1204 of 1299: already downloaded
2025-12-30 01:48:15,624 [ForkJoinPool-3-worker-11] INFO  o.o.b.p.a.PullFromAggregateTracker - Pull VIGILÂNCIA  AMBIENTAL - Skipping submission 29 of 149: already downloaded
2025-12-30 01:48:15,624 [ForkJoinPool-3-worker-9] INFO  o.o.b.p.a.PullFromAggregateTracker - Pull Formulário da Vigilancia Comunitaria - Skipping submission 1205 of 1299: already downloaded
2025-12-30 01:48:15,626 [ForkJoinPool-3-worker-11] INFO  o.o.b.p.a.PullFromAggregateTracker - Pull VIGILÂNCIA  AMBIENTAL - Skipping submission 30 of 149: already downloaded
2025-12-30 01:48:15,628 [ForkJoinPool-3-worker-9] INFO  o.o.b.p.a.PullFromAggregateTracker - Pull Formulário da Vigilancia Comunitaria - Skipping submission 1206 of 1299: already downloaded
2025-12-30 01:48:15,628 [ForkJoinPool-3-worker-11] INFO  o.o.b.p.a.PullFromAggregateTracker - Pull VIGILÂNCIA  AMBIENTAL - Skipping submission 31 of 149: already downloaded
2025-12-30 01:48:15,629 [ForkJoinPool-3-worker-11] INFO  o.o.b.p.a.PullFromAggregateTracker - Pull VIGILÂNCIA  AMBIENTAL - Skipping submission 32 of 149: already downloaded
2025-12-30 01:48:15,629 [ForkJoinPool-3-worker-9] INFO  o.o.b.p.a.PullFromAggregateTracker - Pull Formulário da Vigilancia Comunitaria - Skipping submission 1207 of 1299: already downloaded
2025-12-30 01:48:15,630 [ForkJoinPool-3-worker-11] INFO  o.o.b.p.a.PullFromAggregateTracker - Pull VIGILÂNCIA  AMBIENTAL - Skipping submission 33 of 149: already downloaded
2025-12-30 01:48:15,630 [ForkJoinPool-3-worker-9] INFO  o.o.b.p.a.PullFromAggregateTracker - Pull Formulário da Vigilancia Comunitaria - Skipping submission 1208 of 1299: already downloaded
2025-12-30 01:48:15,630 [ForkJoinPool-3-worker-11] INFO  o.o.b.p.a.PullFromAggregateTracker - Pull VIGILÂNCIA  AMBIENTAL - Skipping submission 34 of 149: already downloaded
2025-12-30 01:48:15,632 [ForkJoinPool-3-worker-9] INFO  o.o.b.p.a.PullFromAggregateTracker - Pull Formulário da Vigilancia Comunitaria - Skipping submission 1209 of 1299: already downloaded
2025-12-30 01:48:15,632 [ForkJoinPool-3-worker-11] INFO  o.o.b.p.a.PullFromAggregateTracker - Pull VIGILÂNCIA  AMBIENTAL - Skipping submission 35 of 149: already downloaded
2025-12-30 01:48:15,632 [ForkJoinPool-3-worker-11] INFO  o.o.b.p.a.PullFromAggregateTracker - Pull VIGILÂNCIA  AMBIENTAL - Skipping submission 36 of 149: already downloaded
2025-12-30 01:48:15,634 [ForkJoinPool-3-worker-9] INFO  o.o.b.p.a.PullFromAggregateTracker - Pull Formulário da Vigilancia Comunitaria - Skipping submission 1210 of 1299: already downloaded
2025-12-30 01:48:15,636 [ForkJoinPool-3-worker-9] INFO  o.o.b.p.a.PullFromAggregateTracker - Pull Formulário da Vigilancia Comunitaria - Skipping submission 1211 of 1299: already downloaded
2025-12-30 01:48:15,636 [ForkJoinPool-3-worker-11] INFO  o.o.b.p.a.PullFromAggregateTracker - Pull VIGILÂNCIA  AMBIENTAL - Skipping submission 37 of 149: already downloaded
2025-12-30 01:48:15,637 [ForkJoinPool-3-worker-11] INFO  o.o.b.p.a.PullFromAggregateTracker - Pull VIGILÂNCIA  AMBIENTAL - Skipping submission 38 of 149: already downloaded
2025-12-30 01:48:15,637 [ForkJoinPool-3-worker-9] INFO  o.o.b.p.a.PullFromAggregateTracker - Pull Formulário da Vigilancia Comunitaria - Skipping submission 1212 of 1299: already downloaded
2025-12-30 01:48:15,639 [ForkJoinPool-3-worker-9] INFO  o.o.b.p.a.PullFromAggregateTracker - Pull Formulário da Vigilancia Comunitaria - Skipping submission 1213 of 1299: already downloaded
2025-12-30 01:48:15,639 [ForkJoinPool-3-worker-9] INFO  o.o.b.p.a.PullFromAggregateTracker - Pull Formulário da Vigilancia Comunitaria - Skipping submission 1214 of 1299: already downloaded
2025-12-30 01:48:15,639 [ForkJoinPool-3-worker-11] INFO  o.o.b.p.a.PullFromAggregateTracker - Pull VIGILÂNCIA  AMBIENTAL - Skipping submission 39 of 149: already downloaded
2025-12-30 01:48:15,640 [ForkJoinPool-3-worker-9] INFO  o.o.b.p.a.PullFromAggregateTracker - Pull Formulário da Vigilancia Comunitaria - Skipping submission 1215 of 1299: already downloaded
2025-12-30 01:48:15,640 [ForkJoinPool-3-worker-11] INFO  o.o.b.p.a.PullFromAggregateTracker - Pull VIGILÂNCIA  AMBIENTAL - Skipping submission 40 of 149: already downloaded
2025-12-30 01:48:15,642 [ForkJoinPool-3-worker-9] INFO  o.o.b.p.a.PullFromAggregateTracker - Pull Formulário da Vigilancia Comunitaria - Skipping submission 1216 of 1299: already downloaded
2025-12-30 01:48:15,643 [ForkJoinPool-3-worker-11] INFO  o.o.b.p.a.PullFromAggregateTracker - Pull VIGILÂNCIA  AMBIENTAL - Skipping submission 41 of 149: already downloaded
2025-12-30 01:48:15,644 [ForkJoinPool-3-worker-11] INFO  o.o.b.p.a.PullFromAggregateTracker - Pull VIGILÂNCIA  AMBIENTAL - Skipping submission 42 of 149: already downloaded
2025-12-30 01:48:15,644 [ForkJoinPool-3-worker-9] INFO  o.o.b.p.a.PullFromAggregateTracker - Pull Formulário da Vigilancia Comunitaria - Skipping submission 1217 of 1299: already downloaded
2025-12-30 01:48:15,644 [ForkJoinPool-3-worker-11] INFO  o.o.b.p.a.PullFromAggregateTracker - Pull VIGILÂNCIA  AMBIENTAL - Skipping submission 43 of 149: already downloaded
2025-12-30 01:48:15,644 [ForkJoinPool-3-worker-11] INFO  o.o.b.p.a.PullFromAggregateTracker - Pull VIGILÂNCIA  AMBIENTAL - Skipping submission 44 of 149: already downloaded
2025-12-30 01:48:15,644 [ForkJoinPool-3-worker-9] INFO  o.o.b.p.a.PullFromAggregateTracker - Pull Formulário da Vigilancia Comunitaria - Skipping submission 1218 of 1299: already downloaded
2025-12-30 01:48:15,647 [ForkJoinPool-3-worker-9] INFO  o.o.b.p.a.PullFromAggregateTracker - Pull Formulário da Vigilancia Comunitaria - Skipping submission 1219 of 1299: already downloaded
2025-12-30 01:48:15,647 [ForkJoinPool-3-worker-9] INFO  o.o.b.p.a.PullFromAggregateTracker - Pull Formulário da Vigilancia Comunitaria - Skipping submission 1220 of 1299: already downloaded
2025-12-30 01:48:15,647 [ForkJoinPool-3-worker-11] INFO  o.o.b.p.a.PullFromAggregateTracker - Pull VIGILÂNCIA  AMBIENTAL - Skipping submission 45 of 149: already downloaded
2025-12-30 01:48:15,649 [ForkJoinPool-3-worker-11] INFO  o.o.b.p.a.PullFromAggregateTracker - Pull VIGILÂNCIA  AMBIENTAL - Skipping submission 46 of 149: already downloaded
2025-12-30 01:48:15,649 [ForkJoinPool-3-worker-9] INFO  o.o.b.p.a.PullFromAggregateTracker - Pull Formulário da Vigilancia Comunitaria - Skipping submission 1221 of 1299: already downloaded
2025-12-30 01:48:15,652 [ForkJoinPool-3-worker-11] INFO  o.o.b.p.a.PullFromAggregateTracker - Pull VIGILÂNCIA  AMBIENTAL - Start downloading submission 47 of 149
2025-12-30 01:48:15,653 [ForkJoinPool-3-worker-9] INFO  o.o.b.p.a.PullFromAggregateTracker - Pull Formulário da Vigilancia Comunitaria - Skipping submission 1222 of 1299: already downloaded
2025-12-30 01:48:15,655 [ForkJoinPool-3-worker-9] INFO  o.o.b.p.a.PullFromAggregateTracker - Pull Formulário da Vigilancia Comunitaria - Skipping submission 1223 of 1299: already downloaded
2025-12-30 01:48:15,655 [ForkJoinPool-3-worker-9] INFO  o.o.b.p.a.PullFromAggregateTracker - Pull Formulário da Vigilancia Comunitaria - Skipping submission 1224 of 1299: already downloaded
2025-12-30 01:48:15,655 [ForkJoinPool-3-worker-9] INFO  o.o.b.p.a.PullFromAggregateTracker - Pull Formulário da Vigilancia Comunitaria - Skipping submission 1225 of 1299: already downloaded
2025-12-30 01:48:15,655 [ForkJoinPool-3-worker-9] INFO  o.o.b.p.a.PullFromAggregateTracker - Pull Formulário da Vigilancia Comunitaria - Skipping submission 1226 of 1299: already downloaded
2025-12-30 01:48:15,659 [ForkJoinPool-3-worker-9] INFO  o.o.b.p.a.PullFromAggregateTracker - Pull Formulário da Vigilancia Comunitaria - Skipping submission 1227 of 1299: already downloaded
2025-12-30 01:48:15,661 [ForkJoinPool-3-worker-9] INFO  o.o.b.p.a.PullFromAggregateTracker - Pull Formulário da Vigilancia Comunitaria - Skipping submission 1228 of 1299: already downloaded
2025-12-30 01:48:15,662 [ForkJoinPool-3-worker-9] INFO  o.o.b.p.a.PullFromAggregateTracker - Pull Formulário da Vigilancia Comunitaria - Skipping submission 1229 of 1299: already downloaded
2025-12-30 01:48:15,662 [ForkJoinPool-3-worker-9] INFO  o.o.b.p.a.PullFromAggregateTracker - Pull Formulário da Vigilancia Comunitaria - Skipping submission 1230 of 1299: already downloaded
2025-12-30 01:48:15,662 [ForkJoinPool-3-worker-9] INFO  o.o.b.p.a.PullFromAggregateTracker - Pull Formulário da Vigilancia Comunitaria - Skipping submission 1231 of 1299: already downloaded
2025-12-30 01:48:15,664 [ForkJoinPool-3-worker-9] INFO  o.o.b.p.a.PullFromAggregateTracker - Pull Formulário da Vigilancia Comunitaria - Skipping submission 1232 of 1299: already downloaded
2025-12-30 01:48:15,665 [ForkJoinPool-3-worker-9] INFO  o.o.b.p.a.PullFromAggregateTracker - Pull Formulário da Vigilancia Comunitaria - Skipping submission 1233 of 1299: already downloaded
2025-12-30 01:48:15,666 [ForkJoinPool-3-worker-9] INFO  o.o.b.p.a.PullFromAggregateTracker - Pull Formulário da Vigilancia Comunitaria - Skipping submission 1234 of 1299: already downloaded
2025-12-30 01:48:15,666 [ForkJoinPool-3-worker-9] INFO  o.o.b.p.a.PullFromAggregateTracker - Pull Formulário da Vigilancia Comunitaria - Skipping submission 1235 of 1299: already downloaded
2025-12-30 01:48:15,671 [ForkJoinPool-3-worker-9] INFO  o.o.b.p.a.PullFromAggregateTracker - Pull Formulário da Vigilancia Comunitaria - Skipping submission 1236 of 1299: already downloaded
2025-12-30 01:48:15,673 [ForkJoinPool-3-worker-9] INFO  o.o.b.p.a.PullFromAggregateTracker - Pull Formulário da Vigilancia Comunitaria - Skipping submission 1237 of 1299: already downloaded
2025-12-30 01:48:15,676 [ForkJoinPool-3-worker-9] INFO  o.o.b.p.a.PullFromAggregateTracker - Pull Formulário da Vigilancia Comunitaria - Skipping submission 1238 of 1299: already downloaded
2025-12-30 01:48:15,677 [ForkJoinPool-3-worker-9] INFO  o.o.b.p.a.PullFromAggregateTracker - Pull Formulário da Vigilancia Comunitaria - Skipping submission 1239 of 1299: already downloaded
2025-12-30 01:48:15,677 [ForkJoinPool-3-worker-9] INFO  o.o.b.p.a.PullFromAggregateTracker - Pull Formulário da Vigilancia Hospitalar - Laboratório - Skipping submission 534 of 642: already downloaded
2025-12-30 01:48:15,679 [ForkJoinPool-3-worker-9] INFO  o.o.b.p.a.PullFromAggregateTracker - Pull Formulário da Vigilancia Hospitalar - Laboratório - Skipping submission 535 of 642: already downloaded
2025-12-30 01:48:15,679 [ForkJoinPool-3-worker-9] INFO  o.o.b.p.a.PullFromAggregateTracker - Pull Formulário da Vigilancia Hospitalar - Laboratório - Skipping submission 536 of 642: already downloaded
2025-12-30 01:48:15,680 [ForkJoinPool-3-worker-9] INFO  o.o.b.p.a.PullFromAggregateTracker - Pull Formulário da Vigilancia Hospitalar - Laboratório - Skipping submission 537 of 642: already downloaded
2025-12-30 01:48:15,683 [ForkJoinPool-3-worker-9] INFO  o.o.b.p.a.PullFromAggregateTracker - Pull Formulário da Vigilancia Hospitalar - Laboratório - Skipping submission 538 of 642: already downloaded
2025-12-30 01:48:15,683 [ForkJoinPool-3-worker-9] INFO  o.o.b.p.a.PullFromAggregateTracker - Pull Formulário da Vigilancia Hospitalar - Laboratório - Skipping submission 539 of 642: already downloaded
2025-12-30 01:48:15,684 [ForkJoinPool-3-worker-9] INFO  o.o.b.p.a.PullFromAggregateTracker - Pull Formulário da Vigilancia Hospitalar - Laboratório - Skipping submission 540 of 642: already downloaded
2025-12-30 01:48:15,686 [ForkJoinPool-3-worker-9] INFO  o.o.b.p.a.PullFromAggregateTracker - Pull Formulário da Vigilancia Hospitalar - Laboratório - Skipping submission 541 of 642: already downloaded
2025-12-30 01:48:15,687 [ForkJoinPool-3-worker-9] INFO  o.o.b.p.a.PullFromAggregateTracker - Pull Formulário da Vigilancia Hospitalar - Laboratório - Skipping submission 542 of 642: already downloaded
2025-12-30 01:48:15,687 [ForkJoinPool-3-worker-9] INFO  o.o.b.p.a.PullFromAggregateTracker - Pull Formulário da Vigilancia Hospitalar - Laboratório - Skipping submission 543 of 642: already downloaded
2025-12-30 01:48:15,689 [ForkJoinPool-3-worker-9] INFO  o.o.b.p.a.PullFromAggregateTracker - Pull Formulário da Vigilancia Hospitalar - Laboratório - Skipping submission 544 of 642: already downloaded
2025-12-30 01:48:15,691 [ForkJoinPool-3-worker-9] INFO  o.o.b.p.a.PullFromAggregateTracker - Pull Formulário da Vigilancia Hospitalar - Laboratório - Skipping submission 545 of 642: already downloaded
2025-12-30 01:48:15,691 [ForkJoinPool-3-worker-9] INFO  o.o.b.p.a.PullFromAggregateTracker - Pull Formulário da Vigilancia Hospitalar - Laboratório - Skipping submission 546 of 642: already downloaded
2025-12-30 01:48:15,691 [ForkJoinPool-3-worker-9] INFO  o.o.b.p.a.PullFromAggregateTracker - Pull Formulário da Vigilancia Hospitalar - Laboratório - Skipping submission 547 of 642: already downloaded
2025-12-30 01:48:15,695 [ForkJoinPool-3-worker-9] INFO  o.o.b.p.a.PullFromAggregateTracker - Pull Formulário da Vigilancia Hospitalar - Laboratório - Skipping submission 548 of 642: already downloaded
2025-12-30 01:48:15,695 [ForkJoinPool-3-worker-9] INFO  o.o.b.p.a.PullFromAggregateTracker - Pull Formulário da Vigilancia Hospitalar - Laboratório - Skipping submission 549 of 642: already downloaded
2025-12-30 01:48:15,695 [ForkJoinPool-3-worker-9] INFO  o.o.b.p.a.PullFromAggregateTracker - Pull Formulário da Vigilancia Hospitalar - Laboratório - Skipping submission 550 of 642: already downloaded
2025-12-30 01:48:15,697 [ForkJoinPool-3-worker-9] INFO  o.o.b.p.a.PullFromAggregateTracker - Pull Formulário da Vigilancia Hospitalar - Laboratório - Skipping submission 551 of 642: already downloaded
2025-12-30 01:48:15,698 [ForkJoinPool-3-worker-9] INFO  o.o.b.p.a.PullFromAggregateTracker - Pull Formulário da Vigilancia Hospitalar - Laboratório - Skipping submission 552 of 642: already downloaded
2025-12-30 01:48:15,699 [ForkJoinPool-3-worker-9] INFO  o.o.b.p.a.PullFromAggregateTracker - Pull Formulário da Vigilancia Hospitalar - Laboratório - Skipping submission 553 of 642: already downloaded
2025-12-30 01:48:15,700 [ForkJoinPool-3-worker-9] INFO  o.o.b.p.a.PullFromAggregateTracker - Pull Formulário da Vigilancia Hospitalar - Laboratório - Skipping submission 554 of 642: already downloaded
2025-12-30 01:48:15,701 [ForkJoinPool-3-worker-9] INFO  o.o.b.p.a.PullFromAggregateTracker - Pull Formulário da Vigilancia Hospitalar - Laboratório - Skipping submission 555 of 642: already downloaded
2025-12-30 01:48:15,702 [ForkJoinPool-3-worker-9] INFO  o.o.b.p.a.PullFromAggregateTracker - Pull Formulário da Vigilancia Hospitalar - Laboratório - Skipping submission 556 of 642: already downloaded
2025-12-30 01:48:15,704 [ForkJoinPool-3-worker-9] INFO  o.o.b.p.a.PullFromAggregateTracker - Pull Formulário da Vigilancia Hospitalar - Laboratório - Skipping submission 557 of 642: already downloaded
2025-12-30 01:48:15,704 [ForkJoinPool-3-worker-9] INFO  o.o.b.p.a.PullFromAggregateTracker - Pull Formulário da Vigilancia Hospitalar - Laboratório - Skipping submission 558 of 642: already downloaded
2025-12-30 01:48:15,706 [ForkJoinPool-3-worker-9] INFO  o.o.b.p.a.PullFromAggregateTracker - Pull Formulário da Vigilancia Hospitalar - Laboratório - Skipping submission 559 of 642: already downloaded
2025-12-30 01:48:15,706 [ForkJoinPool-3-worker-9] INFO  o.o.b.p.a.PullFromAggregateTracker - Pull Formulário da Vigilancia Hospitalar - Laboratório - Skipping submission 560 of 642: already downloaded
2025-12-30 01:48:15,709 [ForkJoinPool-3-worker-9] INFO  o.o.b.p.a.PullFromAggregateTracker - Pull Formulário da Vigilancia Hospitalar - Laboratório - Skipping submission 561 of 642: already downloaded
2025-12-30 01:48:15,711 [ForkJoinPool-3-worker-9] INFO  o.o.b.p.a.PullFromAggregateTracker - Pull Formulário da Vigilancia Hospitalar - Laboratório - Skipping submission 562 of 642: already downloaded
2025-12-30 01:48:15,713 [ForkJoinPool-3-worker-9] INFO  o.o.b.p.a.PullFromAggregateTracker - Pull Formulário da Vigilancia Hospitalar - Laboratório - Skipping submission 563 of 642: already downloaded
2025-12-30 01:48:15,715 [ForkJoinPool-3-worker-9] INFO  o.o.b.p.a.PullFromAggregateTracker - Pull Formulário da Vigilancia Hospitalar - Laboratório - Skipping submission 564 of 642: already downloaded
2025-12-30 01:48:15,717 [ForkJoinPool-3-worker-9] INFO  o.o.b.p.a.PullFromAggregateTracker - Pull Formulário da Vigilancia Hospitalar - Laboratório - Skipping submission 565 of 642: already downloaded
2025-12-30 01:48:15,718 [ForkJoinPool-3-worker-9] INFO  o.o.b.p.a.PullFromAggregateTracker - Pull Formulário da Vigilancia Hospitalar - Laboratório - Skipping submission 566 of 642: already downloaded
2025-12-30 01:48:15,719 [ForkJoinPool-3-worker-9] INFO  o.o.b.p.a.PullFromAggregateTracker - Pull Formulário da Vigilancia Hospitalar - Laboratório - Skipping submission 567 of 642: already downloaded
2025-12-30 01:48:15,720 [ForkJoinPool-3-worker-9] INFO  o.o.b.p.a.PullFromAggregateTracker - Pull Formulário da Vigilancia Hospitalar - Laboratório - Skipping submission 568 of 642: already downloaded
2025-12-30 01:48:15,721 [ForkJoinPool-3-worker-9] INFO  o.o.b.p.a.PullFromAggregateTracker - Pull Formulário da Vigilancia Hospitalar - Laboratório - Skipping submission 569 of 642: already downloaded
2025-12-30 01:48:15,722 [ForkJoinPool-3-worker-9] INFO  o.o.b.p.a.PullFromAggregateTracker - Pull Formulário da Vigilancia Hospitalar - Laboratório - Skipping submission 570 of 642: already downloaded
2025-12-30 01:48:15,724 [ForkJoinPool-3-worker-9] INFO  o.o.b.p.a.PullFromAggregateTracker - Pull Formulário da Vigilancia Hospitalar - Laboratório - Skipping submission 571 of 642: already downloaded
2025-12-30 01:48:15,726 [ForkJoinPool-3-worker-9] INFO  o.o.b.p.a.PullFromAggregateTracker - Pull Formulário da Vigilancia Hospitalar - Laboratório - Skipping submission 572 of 642: already downloaded
2025-12-30 01:48:15,728 [ForkJoinPool-3-worker-9] INFO  o.o.b.p.a.PullFromAggregateTracker - Pull Formulário da Vigilancia Hospitalar - Laboratório - Skipping submission 573 of 642: already downloaded
2025-12-30 01:48:15,729 [ForkJoinPool-3-worker-9] INFO  o.o.b.p.a.PullFromAggregateTracker - Pull Formulário da Vigilancia Hospitalar - Laboratório - Skipping submission 574 of 642: already downloaded
2025-12-30 01:48:15,730 [ForkJoinPool-3-worker-9] INFO  o.o.b.p.a.PullFromAggregateTracker - Pull Formulário da Vigilancia Hospitalar - Laboratório - Skipping submission 575 of 642: already downloaded
2025-12-30 01:48:15,732 [ForkJoinPool-3-worker-9] INFO  o.o.b.p.a.PullFromAggregateTracker - Pull Formulário da Vigilancia Hospitalar - Laboratório - Skipping submission 576 of 642: already downloaded
2025-12-30 01:48:15,732 [ForkJoinPool-3-worker-9] INFO  o.o.b.p.a.PullFromAggregateTracker - Pull Formulário da Vigilancia Hospitalar - Laboratório - Skipping submission 577 of 642: already downloaded
2025-12-30 01:48:15,735 [ForkJoinPool-3-worker-9] INFO  o.o.b.p.a.PullFromAggregateTracker - Pull Formulário da Vigilancia Hospitalar - Laboratório - Skipping submission 578 of 642: already downloaded
2025-12-30 01:48:15,735 [ForkJoinPool-3-worker-9] INFO  o.o.b.p.a.PullFromAggregateTracker - Pull Formulário da Vigilancia Hospitalar - Laboratório - Skipping submission 579 of 642: already downloaded
2025-12-30 01:48:15,736 [ForkJoinPool-3-worker-9] INFO  o.o.b.p.a.PullFromAggregateTracker - Pull Formulário da Vigilancia Hospitalar - Laboratório - Skipping submission 580 of 642: already downloaded
2025-12-30 01:48:15,738 [ForkJoinPool-3-worker-9] INFO  o.o.b.p.a.PullFromAggregateTracker - Pull Formulário da Vigilancia Hospitalar - Laboratório - Skipping submission 581 of 642: already downloaded
2025-12-30 01:48:15,738 [ForkJoinPool-3-worker-9] INFO  o.o.b.p.a.PullFromAggregateTracker - Pull Formulário da Vigilancia Hospitalar - Laboratório - Skipping submission 582 of 642: already downloaded
2025-12-30 01:48:15,739 [ForkJoinPool-3-worker-9] INFO  o.o.b.p.a.PullFromAggregateTracker - Pull Formulário da Vigilancia Hospitalar - Laboratório - Skipping submission 583 of 642: already downloaded
2025-12-30 01:48:15,741 [ForkJoinPool-3-worker-9] INFO  o.o.b.p.a.PullFromAggregateTracker - Pull Formulário da Vigilancia Hospitalar - Laboratório - Skipping submission 584 of 642: already downloaded
2025-12-30 01:48:15,741 [ForkJoinPool-3-worker-9] INFO  o.o.b.p.a.PullFromAggregateTracker - Pull Formulário da Vigilancia Hospitalar - Laboratório - Skipping submission 585 of 642: already downloaded
2025-12-30 01:48:15,743 [ForkJoinPool-3-worker-9] INFO  o.o.b.p.a.PullFromAggregateTracker - Pull Formulário da Vigilancia Hospitalar - Laboratório - Skipping submission 586 of 642: already downloaded
2025-12-30 01:48:15,743 [ForkJoinPool-3-worker-9] INFO  o.o.b.p.a.PullFromAggregateTracker - Pull Formulário da Vigilancia Hospitalar - Laboratório - Skipping submission 587 of 642: already downloaded
2025-12-30 01:48:15,747 [ForkJoinPool-3-worker-9] INFO  o.o.b.p.a.PullFromAggregateTracker - Pull Formulário da Vigilancia Hospitalar - Laboratório - Skipping submission 588 of 642: already downloaded
2025-12-30 01:48:15,749 [ForkJoinPool-3-worker-9] INFO  o.o.b.p.a.PullFromAggregateTracker - Pull Formulário da Vigilancia Hospitalar - Laboratório - Skipping submission 589 of 642: already downloaded
2025-12-30 01:48:15,750 [ForkJoinPool-3-worker-9] INFO  o.o.b.p.a.PullFromAggregateTracker - Pull Formulário da Vigilancia Hospitalar - Laboratório - Skipping submission 590 of 642: already downloaded
2025-12-30 01:48:15,751 [ForkJoinPool-3-worker-9] INFO  o.o.b.p.a.PullFromAggregateTracker - Pull Formulário da Vigilancia Hospitalar - Laboratório - Skipping submission 591 of 642: already downloaded
2025-12-30 01:48:15,754 [ForkJoinPool-3-worker-9] INFO  o.o.b.p.a.PullFromAggregateTracker - Pull Formulário da Vigilancia Hospitalar - Laboratório - Skipping submission 592 of 642: already downloaded
2025-12-30 01:48:15,756 [ForkJoinPool-3-worker-9] INFO  o.o.b.p.a.PullFromAggregateTracker - Pull Formulário da Vigilancia Hospitalar - Laboratório - Skipping submission 593 of 642: already downloaded
2025-12-30 01:48:15,757 [ForkJoinPool-3-worker-9] INFO  o.o.b.p.a.PullFromAggregateTracker - Pull Formulário da Vigilancia Hospitalar - Laboratório - Skipping submission 594 of 642: already downloaded
2025-12-30 01:48:15,758 [ForkJoinPool-3-worker-9] INFO  o.o.b.p.a.PullFromAggregateTracker - Pull Formulário da Vigilancia Hospitalar - Laboratório - Skipping submission 595 of 642: already downloaded
2025-12-30 01:48:15,761 [ForkJoinPool-3-worker-9] INFO  o.o.b.p.a.PullFromAggregateTracker - Pull Formulário da Vigilancia Hospitalar - Laboratório - Skipping submission 596 of 642: already downloaded
2025-12-30 01:48:15,764 [ForkJoinPool-3-worker-9] INFO  o.o.b.p.a.PullFromAggregateTracker - Pull Formulário da Vigilancia Hospitalar - Laboratório - Skipping submission 597 of 642: already downloaded
2025-12-30 01:48:15,771 [ForkJoinPool-3-worker-9] INFO  o.o.b.p.a.PullFromAggregateTracker - Pull Formulário da Vigilancia Hospitalar - Laboratório - Skipping submission 598 of 642: already downloaded
2025-12-30 01:48:15,774 [ForkJoinPool-3-worker-9] INFO  o.o.b.p.a.PullFromAggregateTracker - Pull Formulário da Vigilancia Hospitalar - Laboratório - Skipping submission 599 of 642: already downloaded
2025-12-30 01:48:15,827 [ForkJoinPool-3-worker-9] INFO  o.o.b.p.a.PullFromAggregateTracker - Pull Formulário da Vigilancia Hospitalar - Laboratório - Skipping submission 600 of 642: already downloaded
2025-12-30 01:48:15,858 [ForkJoinPool-3-worker-9] INFO  o.o.b.p.a.PullFromAggregateTracker - Pull Formulário da Vigilancia Hospitalar - Laboratório - Skipping submission 601 of 642: already downloaded
2025-12-30 01:48:15,862 [ForkJoinPool-3-worker-4] INFO  o.o.b.p.a.PullFromAggregateTracker - Pull Formulário da Vigilancia Hospitalar - Laboratório - Submission 51 of 74 downloaded
2025-12-30 01:48:15,858 [ForkJoinPool-3-worker-1] INFO  o.o.b.p.a.PullFromAggregateTracker - Pull Formulário da Vigilancia Hospitalar - Laboratório - Submission 50 of 74 downloaded
2025-12-30 01:48:15,869 [ForkJoinPool-3-worker-6] INFO  o.o.b.p.a.PullFromAggregateTracker - Pull Formulário da Vigilancia Hospitalar - Laboratório - Submission 49 of 74 downloaded
2025-12-30 01:48:15,942 [ForkJoinPool-3-worker-9] INFO  o.o.b.p.a.PullFromAggregateTracker - Pull Formulário da Vigilancia Hospitalar - Laboratório - Skipping submission 602 of 642: already downloaded
2025-12-30 01:48:15,948 [ForkJoinPool-3-worker-9] INFO  o.o.b.p.a.PullFromAggregateTracker - Pull Formulário da Vigilancia Hospitalar - Laboratório - Skipping submission 603 of 642: already downloaded
2025-12-30 01:48:15,948 [ForkJoinPool-3-worker-6] INFO  o.o.b.p.a.PullFromAggregateTracker - Pull Formulário da Vigilancia Hospitalar - Laboratório - Start downloading submission 55 of 74
2025-12-30 01:48:15,950 [ForkJoinPool-3-worker-4] INFO  o.o.b.p.a.PullFromAggregateTracker - Pull Formulário da Vigilancia Hospitalar - Laboratório - Start downloading submission 54 of 74
2025-12-30 01:48:15,953 [ForkJoinPool-3-worker-10] INFO  o.o.b.p.a.PullFromAggregateTracker - Pull Formulário da Vigilancia Hospitalar - Laboratório - Submission 533 of 642 downloaded
2025-12-30 01:48:15,954 [ForkJoinPool-3-worker-1] INFO  o.o.b.p.a.PullFromAggregateTracker - Pull Formulário da Vigilancia Hospitalar - Laboratório - Skipping submission 604 of 642: already downloaded
2025-12-30 01:48:15,954 [ForkJoinPool-3-worker-2] INFO  o.o.b.p.a.PullFromAggregateTracker - Pull Formulário da Vigilancia Hospitalar - Laboratório - Submission 52 of 74 downloaded
2025-12-30 01:48:15,956 [ForkJoinPool-3-worker-1] INFO  o.o.b.p.a.PullFromAggregateTracker - Pull Formulário da Vigilancia Hospitalar - Laboratório - Skipping submission 605 of 642: already downloaded
2025-12-30 01:48:15,960 [ForkJoinPool-3-worker-3] INFO  o.o.b.p.a.PullFromAggregateTracker - Pull Formulário da Vigilancia Hospitalar - Submission 206 of 250 downloaded
2025-12-30 01:48:15,965 [ForkJoinPool-3-worker-9] INFO  o.o.b.p.a.PullFromAggregateTracker - Pull Formulário da Vigilancia Hospitalar - Skipping submission 948 of 1156: already downloaded
2025-12-30 01:48:15,972 [ForkJoinPool-3-worker-3] INFO  o.o.b.p.a.PullFromAggregateTracker - Pull Formulário da Vigilancia Hospitalar - Start downloading submission 207 of 250
2025-12-30 01:48:15,973 [ForkJoinPool-3-worker-9] INFO  o.o.b.p.a.PullFromAggregateTracker - Pull Formulário da Vigilancia Hospitalar - Skipping submission 949 of 1156: already downloaded
2025-12-30 01:48:15,973 [ForkJoinPool-3-worker-13] INFO  o.o.b.p.a.PullFromAggregateTracker - Pull Formulário da Vigilancia Comunitaria - Submission 1184 of 1299 downloaded
2025-12-30 01:48:15,972 [ForkJoinPool-3-worker-10] INFO  o.o.b.p.a.PullFromAggregateTracker - Pull Formulário da Vigilancia Hospitalar - Laboratório - Start downloading submission 607 of 642
2025-12-30 01:48:15,979 [ForkJoinPool-3-worker-1] INFO  o.o.b.p.a.PullFromAggregateTracker - Pull Formulário da Vigilancia Hospitalar - Laboratório - Skipping submission 606 of 642: already downloaded
2025-12-30 01:48:15,979 [ForkJoinPool-3-worker-2] INFO  o.o.b.p.a.PullFromAggregateTracker - Pull Formulário da Vigilancia Hospitalar - Laboratório - Start downloading submission 56 of 74
2025-12-30 01:48:15,984 [ForkJoinPool-3-worker-9] INFO  o.o.b.p.a.PullFromAggregateTracker - Pull Formulário da Vigilancia Hospitalar - Skipping submission 950 of 1156: already downloaded
2025-12-30 01:48:15,987 [ForkJoinPool-3-worker-13] INFO  o.o.b.p.a.PullFromAggregateTracker - Pull Formulário da Vigilancia Comunitaria - Start downloading submission 1240 of 1299
2025-12-30 01:48:15,989 [ForkJoinPool-3-worker-1] INFO  o.o.b.p.a.PullFromAggregateTracker - Pull Formulário da Vigilancia Hospitalar - Laboratório - Skipping submission 608 of 642: already downloaded
2025-12-30 01:48:15,987 [ForkJoinPool-3-worker-9] INFO  o.o.b.p.a.PullFromAggregateTracker - Pull Formulário da Vigilancia Hospitalar - Skipping submission 951 of 1156: already downloaded
2025-12-30 01:48:15,994 [ForkJoinPool-3-worker-9] INFO  o.o.b.p.a.PullFromAggregateTracker - Pull Formulário da Vigilancia Hospitalar - Skipping submission 952 of 1156: already downloaded
2025-12-30 01:48:15,999 [ForkJoinPool-3-worker-9] INFO  o.o.b.p.a.PullFromAggregateTracker - Pull Formulário da Vigilancia Hospitalar - Skipping submission 953 of 1156: already downloaded
2025-12-30 01:48:16,004 [ForkJoinPool-3-worker-15] INFO  o.o.b.p.a.PullFromAggregateTracker - Pull Formulário da Vigilancia Hospitalar - Submission 947 of 1156 downloaded
2025-12-30 01:48:16,004 [ForkJoinPool-3-worker-9] INFO  o.o.b.p.a.PullFromAggregateTracker - Pull Formulário da Vigilancia Hospitalar - Skipping submission 954 of 1156: already downloaded
2025-12-30 01:48:16,004 [ForkJoinPool-3-worker-1] INFO  o.o.b.p.a.PullFromAggregateTracker - Pull Formulário da Vigilancia Hospitalar - Laboratório - Skipping submission 609 of 642: already downloaded
2025-12-30 01:48:16,004 [ForkJoinPool-3-worker-1] INFO  o.o.b.p.a.PullFromAggregateTracker - Pull Formulário da Vigilancia Hospitalar - Laboratório - Skipping submission 610 of 642: already downloaded
2025-12-30 01:48:16,007 [ForkJoinPool-3-worker-9] INFO  o.o.b.p.a.PullFromAggregateTracker - Pull Formulário da Vigilancia Hospitalar - Skipping submission 955 of 1156: already downloaded
2025-12-30 01:48:16,011 [ForkJoinPool-3-worker-1] INFO  o.o.b.p.a.PullFromAggregateTracker - Pull Formulário da Vigilancia Hospitalar - Laboratório - Skipping submission 611 of 642: already downloaded
2025-12-30 01:48:16,013 [ForkJoinPool-3-worker-15] INFO  o.o.b.p.a.PullFromAggregateTracker - Pull Formulário da Vigilancia Hospitalar - Start downloading submission 957 of 1156
2025-12-30 01:48:16,013 [ForkJoinPool-3-worker-9] INFO  o.o.b.p.a.PullFromAggregateTracker - Pull Formulário da Vigilancia Hospitalar - Skipping submission 956 of 1156: already downloaded
2025-12-30 01:48:16,013 [ForkJoinPool-3-worker-1] INFO  o.o.b.p.a.PullFromAggregateTracker - Pull Formulário da Vigilancia Hospitalar - Laboratório - Skipping submission 612 of 642: already downloaded
2025-12-30 01:48:16,016 [ForkJoinPool-3-worker-8] INFO  o.o.b.p.a.PullFromAggregateTracker - Pull Formulário da Vigilancia Hospitalar - Laboratório - Submission 53 of 74 downloaded
2025-12-30 01:48:16,020 [ForkJoinPool-3-worker-9] INFO  o.o.b.p.a.PullFromAggregateTracker - Pull Formulário da Vigilancia Hospitalar - Skipping submission 958 of 1156: already downloaded
2025-12-30 01:48:16,020 [ForkJoinPool-3-worker-1] INFO  o.o.b.p.a.PullFromAggregateTracker - Pull Formulário da Vigilancia Hospitalar - Laboratório - Skipping submission 613 of 642: already downloaded
2025-12-30 01:48:16,020 [ForkJoinPool-3-worker-11] INFO  o.o.b.p.a.PullFromAggregateTracker - Pull VIGILÂNCIA  AMBIENTAL - Submission 47 of 149 downloaded
2025-12-30 01:48:16,024 [ForkJoinPool-3-worker-9] INFO  o.o.b.p.a.PullFromAggregateTracker - Pull Formulário da Vigilancia Hospitalar - Skipping submission 959 of 1156: already downloaded
2025-12-30 01:48:16,024 [ForkJoinPool-3-worker-1] INFO  o.o.b.p.a.PullFromAggregateTracker - Pull Formulário da Vigilancia Hospitalar - Laboratório - Skipping submission 614 of 642: already downloaded
2025-12-30 01:48:16,030 [ForkJoinPool-3-worker-9] INFO  o.o.b.p.a.PullFromAggregateTracker - Pull Formulário da Vigilancia Hospitalar - Skipping submission 960 of 1156: already downloaded
2025-12-30 01:48:16,031 [ForkJoinPool-3-worker-9] INFO  o.o.b.p.a.PullFromAggregateTracker - Pull Formulário da Vigilancia Hospitalar - Skipping submission 961 of 1156: already downloaded
2025-12-30 01:48:16,031 [ForkJoinPool-3-worker-9] INFO  o.o.b.p.a.PullFromAggregateTracker - Pull Formulário da Vigilancia Hospitalar - Skipping submission 962 of 1156: already downloaded
2025-12-30 01:48:16,036 [ForkJoinPool-3-worker-9] INFO  o.o.b.p.a.PullFromAggregateTracker - Pull Formulário da Vigilancia Hospitalar - Skipping submission 963 of 1156: already downloaded
2025-12-30 01:48:16,043 [ForkJoinPool-3-worker-8] INFO  o.o.b.p.a.PullFromAggregateTracker - Pull VIGILÂNCIA  AMBIENTAL - Skipping submission 49 of 149: already downloaded
2025-12-30 01:48:16,047 [ForkJoinPool-3-worker-9] INFO  o.o.b.p.a.PullFromAggregateTracker - Pull Formulário da Vigilancia Hospitalar - Skipping submission 964 of 1156: already downloaded
2025-12-30 01:48:16,050 [ForkJoinPool-3-worker-1] INFO  o.o.b.p.a.PullFromAggregateTracker - Pull VIGILÂNCIA  AMBIENTAL - Skipping submission 48 of 149: already downloaded
2025-12-30 01:48:16,055 [ForkJoinPool-3-worker-9] INFO  o.o.b.p.a.PullFromAggregateTracker - Pull Formulário da Vigilancia Hospitalar - Skipping submission 965 of 1156: already downloaded
2025-12-30 01:48:16,058 [ForkJoinPool-3-worker-9] INFO  o.o.b.p.a.PullFromAggregateTracker - Pull Formulário da Vigilancia Hospitalar - Skipping submission 966 of 1156: already downloaded
2025-12-30 01:48:16,060 [ForkJoinPool-3-worker-11] INFO  o.o.b.p.a.PullFromAggregateTracker - Pull VIGILÂNCIA  AMBIENTAL - Start downloading submission 52 of 149
2025-12-30 01:48:16,061 [ForkJoinPool-3-worker-1] INFO  o.o.b.p.a.PullFromAggregateTracker - Pull VIGILÂNCIA  AMBIENTAL - Skipping submission 51 of 149: already downloaded
2025-12-30 01:48:16,061 [ForkJoinPool-3-worker-9] INFO  o.o.b.p.a.PullFromAggregateTracker - Pull Formulário da Vigilancia Hospitalar - Skipping submission 967 of 1156: already downloaded
2025-12-30 01:48:16,063 [ForkJoinPool-3-worker-8] INFO  o.o.b.p.a.PullFromAggregateTracker - Pull VIGILÂNCIA  AMBIENTAL - Skipping submission 50 of 149: already downloaded
2025-12-30 01:48:16,067 [ForkJoinPool-3-worker-8] INFO  o.o.b.p.a.PullFromAggregateTracker - Pull VIGILÂNCIA  AMBIENTAL - Skipping submission 54 of 149: already downloaded
2025-12-30 01:48:16,065 [ForkJoinPool-3-worker-1] INFO  o.o.b.p.a.PullFromAggregateTracker - Pull VIGILÂNCIA  AMBIENTAL - Skipping submission 53 of 149: already downloaded
2025-12-30 01:48:16,068 [ForkJoinPool-3-worker-8] INFO  o.o.b.p.a.PullFromAggregateTracker - Pull VIGILÂNCIA  AMBIENTAL - Skipping submission 55 of 149: already downloaded
2025-12-30 01:48:16,064 [ForkJoinPool-3-worker-9] INFO  o.o.b.p.a.PullFromAggregateTracker - Pull Formulário da Vigilancia Hospitalar - Skipping submission 968 of 1156: already downloaded
2025-12-30 01:48:16,072 [ForkJoinPool-3-worker-8] INFO  o.o.b.p.a.PullFromAggregateTracker - Pull VIGILÂNCIA  AMBIENTAL - Skipping submission 56 of 149: already downloaded
2025-12-30 01:48:16,072 [ForkJoinPool-3-worker-9] INFO  o.o.b.p.a.PullFromAggregateTracker - Pull Formulário da Vigilancia Hospitalar - Skipping submission 969 of 1156: already downloaded
2025-12-30 01:48:16,076 [ForkJoinPool-3-worker-1] INFO  o.o.b.p.a.PullFromAggregateTracker - Pull VIGILÂNCIA  AMBIENTAL - Skipping submission 57 of 149: already downloaded
2025-12-30 01:48:16,076 [ForkJoinPool-3-worker-8] INFO  o.o.b.p.a.PullFromAggregateTracker - Pull VIGILÂNCIA  AMBIENTAL - Skipping submission 58 of 149: already downloaded
2025-12-30 01:48:16,078 [ForkJoinPool-3-worker-9] INFO  o.o.b.p.a.PullFromAggregateTracker - Pull Formulário da Vigilancia Hospitalar - Skipping submission 970 of 1156: already downloaded
2025-12-30 01:48:16,079 [ForkJoinPool-3-worker-8] INFO  o.o.b.p.a.PullFromAggregateTracker - Pull VIGILÂNCIA  AMBIENTAL - Skipping submission 59 of 149: already downloaded
2025-12-30 01:48:16,081 [ForkJoinPool-3-worker-1] INFO  o.o.b.p.a.PullFromAggregateTracker - Pull VIGILÂNCIA  AMBIENTAL - Skipping submission 60 of 149: already downloaded
2025-12-30 01:48:16,081 [ForkJoinPool-3-worker-9] INFO  o.o.b.p.a.PullFromAggregateTracker - Pull Formulário da Vigilancia Hospitalar - Skipping submission 971 of 1156: already downloaded
2025-12-30 01:48:16,081 [ForkJoinPool-3-worker-8] INFO  o.o.b.p.a.PullFromAggregateTracker - Pull VIGILÂNCIA  AMBIENTAL - Skipping submission 61 of 149: already downloaded
2025-12-30 01:48:16,083 [ForkJoinPool-3-worker-9] INFO  o.o.b.p.a.PullFromAggregateTracker - Pull Formulário da Vigilancia Hospitalar - Skipping submission 972 of 1156: already downloaded
2025-12-30 01:48:16,083 [ForkJoinPool-3-worker-8] INFO  o.o.b.p.a.PullFromAggregateTracker - Pull VIGILÂNCIA  AMBIENTAL - Skipping submission 63 of 149: already downloaded
2025-12-30 01:48:16,085 [ForkJoinPool-3-worker-1] INFO  o.o.b.p.a.PullFromAggregateTracker - Pull VIGILÂNCIA  AMBIENTAL - Skipping submission 62 of 149: already downloaded
2025-12-30 01:48:16,085 [ForkJoinPool-3-worker-9] INFO  o.o.b.p.a.PullFromAggregateTracker - Pull Formulário da Vigilancia Hospitalar - Skipping submission 973 of 1156: already downloaded
2025-12-30 01:48:16,086 [ForkJoinPool-3-worker-8] INFO  o.o.b.p.a.PullFromAggregateTracker - Pull VIGILÂNCIA  AMBIENTAL - Skipping submission 64 of 149: already downloaded
2025-12-30 01:48:16,086 [ForkJoinPool-3-worker-9] INFO  o.o.b.p.a.PullFromAggregateTracker - Pull Formulário da Vigilancia Hospitalar - Skipping submission 974 of 1156: already downloaded
2025-12-30 01:48:16,088 [ForkJoinPool-3-worker-1] INFO  o.o.b.p.a.PullFromAggregateTracker - Pull VIGILÂNCIA  AMBIENTAL - Skipping submission 65 of 149: already downloaded
2025-12-30 01:48:16,088 [ForkJoinPool-3-worker-9] INFO  o.o.b.p.a.PullFromAggregateTracker - Pull Formulário da Vigilancia Hospitalar - Skipping submission 975 of 1156: already downloaded
2025-12-30 01:48:16,088 [ForkJoinPool-3-worker-1] INFO  o.o.b.p.a.PullFromAggregateTracker - Pull VIGILÂNCIA  AMBIENTAL - Skipping submission 67 of 149: already downloaded
2025-12-30 01:48:16,088 [ForkJoinPool-3-worker-8] INFO  o.o.b.p.a.PullFromAggregateTracker - Pull VIGILÂNCIA  AMBIENTAL - Skipping submission 66 of 149: already downloaded
2025-12-30 01:48:16,090 [ForkJoinPool-3-worker-9] INFO  o.o.b.p.a.PullFromAggregateTracker - Pull Formulário da Vigilancia Hospitalar - Skipping submission 976 of 1156: already downloaded
2025-12-30 01:48:16,090 [ForkJoinPool-3-worker-1] INFO  o.o.b.p.a.PullFromAggregateTracker - Pull VIGILÂNCIA  AMBIENTAL - Skipping submission 68 of 149: already downloaded
2025-12-30 01:48:16,090 [ForkJoinPool-3-worker-9] INFO  o.o.b.p.a.PullFromAggregateTracker - Pull Formulário da Vigilancia Hospitalar - Skipping submission 977 of 1156: already downloaded
2025-12-30 01:48:16,092 [ForkJoinPool-3-worker-1] INFO  o.o.b.p.a.PullFromAggregateTracker - Pull VIGILÂNCIA  AMBIENTAL - Skipping submission 70 of 149: already downloaded
2025-12-30 01:48:16,092 [ForkJoinPool-3-worker-9] INFO  o.o.b.p.a.PullFromAggregateTracker - Pull Formulário da Vigilancia Hospitalar - Skipping submission 978 of 1156: already downloaded
2025-12-30 01:48:16,092 [ForkJoinPool-3-worker-8] INFO  o.o.b.p.a.PullFromAggregateTracker - Pull VIGILÂNCIA  AMBIENTAL - Skipping submission 69 of 149: already downloaded
2025-12-30 01:48:16,092 [ForkJoinPool-3-worker-8] INFO  o.o.b.p.a.PullFromAggregateTracker - Pull VIGILÂNCIA  AMBIENTAL - Skipping submission 71 of 149: already downloaded
2025-12-30 01:48:16,092 [ForkJoinPool-3-worker-9] INFO  o.o.b.p.a.PullFromAggregateTracker - Pull Formulário da Vigilancia Hospitalar - Skipping submission 979 of 1156: already downloaded
2025-12-30 01:48:16,094 [ForkJoinPool-3-worker-9] INFO  o.o.b.p.a.PullFromAggregateTracker - Pull Formulário da Vigilancia Hospitalar - Skipping submission 980 of 1156: already downloaded
2025-12-30 01:48:16,094 [ForkJoinPool-3-worker-1] INFO  o.o.b.p.a.PullFromAggregateTracker - Pull VIGILÂNCIA  AMBIENTAL - Skipping submission 72 of 149: already downloaded
2025-12-30 01:48:16,094 [ForkJoinPool-3-worker-8] INFO  o.o.b.p.a.PullFromAggregateTracker - Pull VIGILÂNCIA  AMBIENTAL - Skipping submission 73 of 149: already downloaded
2025-12-30 01:48:16,095 [ForkJoinPool-3-worker-9] INFO  o.o.b.p.a.PullFromAggregateTracker - Pull Formulário da Vigilancia Hospitalar - Skipping submission 981 of 1156: already downloaded
2025-12-30 01:48:16,096 [ForkJoinPool-3-worker-9] INFO  o.o.b.p.a.PullFromAggregateTracker - Pull Formulário da Vigilancia Hospitalar - Skipping submission 982 of 1156: already downloaded
2025-12-30 01:48:16,096 [ForkJoinPool-3-worker-1] INFO  o.o.b.p.a.PullFromAggregateTracker - Pull VIGILÂNCIA  AMBIENTAL - Skipping submission 74 of 149: already downloaded
2025-12-30 01:48:16,096 [ForkJoinPool-3-worker-9] INFO  o.o.b.p.a.PullFromAggregateTracker - Pull Formulário da Vigilancia Hospitalar - Skipping submission 983 of 1156: already downloaded
2025-12-30 01:48:16,096 [ForkJoinPool-3-worker-8] INFO  o.o.b.p.a.PullFromAggregateTracker - Pull VIGILÂNCIA  AMBIENTAL - Skipping submission 75 of 149: already downloaded
2025-12-30 01:48:16,098 [ForkJoinPool-3-worker-1] INFO  o.o.b.p.a.PullFromAggregateTracker - Pull VIGILÂNCIA  AMBIENTAL - Skipping submission 76 of 149: already downloaded
2025-12-30 01:48:16,099 [ForkJoinPool-3-worker-8] INFO  o.o.b.p.a.PullFromAggregateTracker - Pull VIGILÂNCIA  AMBIENTAL - Skipping submission 77 of 149: already downloaded
2025-12-30 01:48:16,101 [ForkJoinPool-3-worker-1] INFO  o.o.b.p.a.PullFromAggregateTracker - Pull VIGILÂNCIA  AMBIENTAL - Skipping submission 78 of 149: already downloaded
2025-12-30 01:48:16,101 [ForkJoinPool-3-worker-8] INFO  o.o.b.p.a.PullFromAggregateTracker - Pull VIGILÂNCIA  AMBIENTAL - Skipping submission 79 of 149: already downloaded
2025-12-30 01:48:16,103 [ForkJoinPool-3-worker-9] INFO  o.o.b.p.a.PullFromAggregateTracker - Pull Formulário da Vigilancia Hospitalar - Skipping submission 984 of 1156: already downloaded
2025-12-30 01:48:16,103 [ForkJoinPool-3-worker-1] INFO  o.o.b.p.a.PullFromAggregateTracker - Pull VIGILÂNCIA  AMBIENTAL - Skipping submission 80 of 149: already downloaded
2025-12-30 01:48:16,104 [ForkJoinPool-3-worker-1] INFO  o.o.b.p.a.PullFromAggregateTracker - Pull VIGILÂNCIA  AMBIENTAL - Skipping submission 82 of 149: already downloaded
2025-12-30 01:48:16,104 [ForkJoinPool-3-worker-9] INFO  o.o.b.p.a.PullFromAggregateTracker - Pull Formulário da Vigilancia Hospitalar - Skipping submission 985 of 1156: already downloaded
2025-12-30 01:48:16,104 [ForkJoinPool-3-worker-8] INFO  o.o.b.p.a.PullFromAggregateTracker - Pull VIGILÂNCIA  AMBIENTAL - Skipping submission 81 of 149: already downloaded
2025-12-30 01:48:16,105 [ForkJoinPool-3-worker-1] INFO  o.o.b.p.a.PullFromAggregateTracker - Pull VIGILÂNCIA  AMBIENTAL - Skipping submission 83 of 149: already downloaded
2025-12-30 01:48:16,106 [ForkJoinPool-3-worker-8] INFO  o.o.b.p.a.PullFromAggregateTracker - Pull VIGILÂNCIA  AMBIENTAL - Skipping submission 84 of 149: already downloaded
2025-12-30 01:48:16,105 [ForkJoinPool-3-worker-9] INFO  o.o.b.p.a.PullFromAggregateTracker - Pull Formulário da Vigilancia Hospitalar - Skipping submission 986 of 1156: already downloaded
2025-12-30 01:48:16,108 [ForkJoinPool-3-worker-1] INFO  o.o.b.p.a.PullFromAggregateTracker - Pull VIGILÂNCIA  AMBIENTAL - Skipping submission 85 of 149: already downloaded
2025-12-30 01:48:16,108 [ForkJoinPool-3-worker-8] INFO  o.o.b.p.a.PullFromAggregateTracker - Pull VIGILÂNCIA  AMBIENTAL - Skipping submission 86 of 149: already downloaded
2025-12-30 01:48:16,108 [ForkJoinPool-3-worker-9] INFO  o.o.b.p.a.PullFromAggregateTracker - Pull Formulário da Vigilancia Hospitalar - Skipping submission 987 of 1156: already downloaded
2025-12-30 01:48:16,109 [ForkJoinPool-3-worker-8] INFO  o.o.b.p.a.PullFromAggregateTracker - Pull VIGILÂNCIA  AMBIENTAL - Skipping submission 88 of 149: already downloaded
2025-12-30 01:48:16,109 [ForkJoinPool-3-worker-1] INFO  o.o.b.p.a.PullFromAggregateTracker - Pull VIGILÂNCIA  AMBIENTAL - Skipping submission 87 of 149: already downloaded
2025-12-30 01:48:16,109 [ForkJoinPool-3-worker-9] INFO  o.o.b.p.a.PullFromAggregateTracker - Pull Formulário da Vigilancia Hospitalar - Skipping submission 988 of 1156: already downloaded
2025-12-30 01:48:16,109 [ForkJoinPool-3-worker-1] INFO  o.o.b.p.a.PullFromAggregateTracker - Pull VIGILÂNCIA  AMBIENTAL - Skipping submission 89 of 149: already downloaded
2025-12-30 01:48:16,111 [ForkJoinPool-3-worker-9] INFO  o.o.b.p.a.PullFromAggregateTracker - Pull Formulário da Vigilancia Hospitalar - Skipping submission 989 of 1156: already downloaded
2025-12-30 01:48:16,111 [ForkJoinPool-3-worker-8] INFO  o.o.b.p.a.PullFromAggregateTracker - Pull VIGILÂNCIA  AMBIENTAL - Skipping submission 90 of 149: already downloaded
2025-12-30 01:48:16,112 [ForkJoinPool-3-worker-1] INFO  o.o.b.p.a.PullFromAggregateTracker - Pull VIGILÂNCIA  AMBIENTAL - Skipping submission 91 of 149: already downloaded
2025-12-30 01:48:16,112 [ForkJoinPool-3-worker-1] INFO  o.o.b.p.a.PullFromAggregateTracker - Pull VIGILÂNCIA  AMBIENTAL - Skipping submission 93 of 149: already downloaded
2025-12-30 01:48:16,112 [ForkJoinPool-3-worker-8] INFO  o.o.b.p.a.PullFromAggregateTracker - Pull VIGILÂNCIA  AMBIENTAL - Skipping submission 92 of 149: already downloaded
2025-12-30 01:48:16,112 [ForkJoinPool-3-worker-9] INFO  o.o.b.p.a.PullFromAggregateTracker - Pull Formulário da Vigilancia Hospitalar - Skipping submission 990 of 1156: already downloaded
2025-12-30 01:48:16,114 [ForkJoinPool-3-worker-1] INFO  o.o.b.p.a.PullFromAggregateTracker - Pull VIGILÂNCIA  AMBIENTAL - Skipping submission 94 of 149: already downloaded
2025-12-30 01:48:16,114 [ForkJoinPool-3-worker-8] INFO  o.o.b.p.a.PullFromAggregateTracker - Pull VIGILÂNCIA  AMBIENTAL - Skipping submission 95 of 149: already downloaded
2025-12-30 01:48:16,114 [ForkJoinPool-3-worker-9] INFO  o.o.b.p.a.PullFromAggregateTracker - Pull Formulário da Vigilancia Hospitalar - Skipping submission 991 of 1156: already downloaded
2025-12-30 01:48:16,114 [ForkJoinPool-3-worker-8] INFO  o.o.b.p.a.PullFromAggregateTracker - Pull VIGILÂNCIA  AMBIENTAL - Skipping submission 97 of 149: already downloaded
2025-12-30 01:48:16,114 [ForkJoinPool-3-worker-1] INFO  o.o.b.p.a.PullFromAggregateTracker - Pull VIGILÂNCIA  AMBIENTAL - Skipping submission 96 of 149: already downloaded
2025-12-30 01:48:16,116 [ForkJoinPool-3-worker-9] INFO  o.o.b.p.a.PullFromAggregateTracker - Pull Formulário da Vigilancia Hospitalar - Skipping submission 992 of 1156: already downloaded
2025-12-30 01:48:16,118 [ForkJoinPool-3-worker-8] INFO  o.o.b.p.a.PullFromAggregateTracker - Pull VIGILÂNCIA  AMBIENTAL - Skipping submission 98 of 149: already downloaded
2025-12-30 01:48:16,118 [ForkJoinPool-3-worker-9] INFO  o.o.b.p.a.PullFromAggregateTracker - Pull Formulário da Vigilancia Hospitalar - Skipping submission 993 of 1156: already downloaded
2025-12-30 01:48:16,119 [ForkJoinPool-3-worker-1] INFO  o.o.b.p.a.PullFromAggregateTracker - Pull VIGILÂNCIA  AMBIENTAL - Skipping submission 99 of 149: already downloaded
2025-12-30 01:48:16,119 [ForkJoinPool-3-worker-9] INFO  o.o.b.p.a.PullFromAggregateTracker - Pull Formulário da Vigilancia Hospitalar - Skipping submission 994 of 1156: already downloaded
2025-12-30 01:48:16,121 [ForkJoinPool-3-worker-8] INFO  o.o.b.p.a.PullFromAggregateTracker - Pull VIGILÂNCIA  AMBIENTAL - Skipping submission 100 of 149: already downloaded
2025-12-30 01:48:16,121 [ForkJoinPool-3-worker-1] INFO  o.o.b.p.a.PullFromAggregateTracker - Pull VIGILÂNCIA  AMBIENTAL - Skipping submission 101 of 149: already downloaded
2025-12-30 01:48:16,121 [AWT-EventQueue-0] INFO  XFormParser - Creating FormDef from parsed XML finished in 795.312 ms
2025-12-30 01:48:16,123 [ForkJoinPool-3-worker-8] INFO  o.o.b.p.a.PullFromAggregateTracker - Pull VIGILÂNCIA  AMBIENTAL - Skipping submission 102 of 149: already downloaded
2025-12-30 01:48:16,123 [ForkJoinPool-3-worker-8] INFO  o.o.b.p.a.PullFromAggregateTracker - Pull VIGILÂNCIA  AMBIENTAL - Skipping submission 104 of 149: already downloaded
2025-12-30 01:48:16,123 [ForkJoinPool-3-worker-9] INFO  o.o.b.p.a.PullFromAggregateTracker - Pull Formulário da Vigilancia Hospitalar - Skipping submission 995 of 1156: already downloaded
2025-12-30 01:48:16,123 [ForkJoinPool-3-worker-1] INFO  o.o.b.p.a.PullFromAggregateTracker - Pull VIGILÂNCIA  AMBIENTAL - Skipping submission 103 of 149: already downloaded
2025-12-30 01:48:16,125 [ForkJoinPool-3-worker-8] INFO  o.o.b.p.a.PullFromAggregateTracker - Pull VIGILÂNCIA  AMBIENTAL - Skipping submission 105 of 149: already downloaded
2025-12-30 01:48:16,125 [ForkJoinPool-3-worker-1] INFO  o.o.b.p.a.PullFromAggregateTracker - Pull VIGILÂNCIA  AMBIENTAL - Skipping submission 106 of 149: already downloaded
2025-12-30 01:48:16,125 [ForkJoinPool-3-worker-9] INFO  o.o.b.p.a.PullFromAggregateTracker - Pull Formulário da Vigilancia Hospitalar - Skipping submission 996 of 1156: already downloaded
2025-12-30 01:48:16,125 [ForkJoinPool-3-worker-8] INFO  o.o.b.p.a.PullFromAggregateTracker - Pull VIGILÂNCIA  AMBIENTAL - Skipping submission 107 of 149: already downloaded
2025-12-30 01:48:16,126 [ForkJoinPool-3-worker-9] INFO  o.o.b.p.a.PullFromAggregateTracker - Pull Formulário da Vigilancia Hospitalar - Skipping submission 997 of 1156: already downloaded
2025-12-30 01:48:16,126 [ForkJoinPool-3-worker-1] INFO  o.o.b.p.a.PullFromAggregateTracker - Pull VIGILÂNCIA  AMBIENTAL - Skipping submission 108 of 149: already downloaded
2025-12-30 01:48:16,128 [ForkJoinPool-3-worker-8] INFO  o.o.b.p.a.PullFromAggregateTracker - Pull VIGILÂNCIA  AMBIENTAL - Skipping submission 109 of 149: already downloaded
2025-12-30 01:48:16,128 [ForkJoinPool-3-worker-9] INFO  o.o.b.p.a.PullFromAggregateTracker - Pull Formulário da Vigilancia Hospitalar - Skipping submission 998 of 1156: already downloaded
2025-12-30 01:48:16,128 [ForkJoinPool-3-worker-1] INFO  o.o.b.p.a.PullFromAggregateTracker - Pull VIGILÂNCIA  AMBIENTAL - Skipping submission 110 of 149: already downloaded
2025-12-30 01:48:16,129 [ForkJoinPool-3-worker-9] INFO  o.o.b.p.a.PullFromAggregateTracker - Pull Formulário da Vigilancia Hospitalar - Skipping submission 999 of 1156: already downloaded
2025-12-30 01:48:16,129 [ForkJoinPool-3-worker-8] INFO  o.o.b.p.a.PullFromAggregateTracker - Pull VIGILÂNCIA  AMBIENTAL - Skipping submission 111 of 149: already downloaded
2025-12-30 01:48:16,130 [ForkJoinPool-3-worker-8] INFO  o.o.b.p.a.PullFromAggregateTracker - Pull VIGILÂNCIA  AMBIENTAL - Skipping submission 113 of 149: already downloaded
2025-12-30 01:48:16,130 [ForkJoinPool-3-worker-1] INFO  o.o.b.p.a.PullFromAggregateTracker - Pull VIGILÂNCIA  AMBIENTAL - Skipping submission 112 of 149: already downloaded
2025-12-30 01:48:16,130 [ForkJoinPool-3-worker-9] INFO  o.o.b.p.a.PullFromAggregateTracker - Pull Formulário da Vigilancia Hospitalar - Skipping submission 1000 of 1156: already downloaded
2025-12-30 01:48:16,130 [ForkJoinPool-3-worker-8] INFO  o.o.b.p.a.PullFromAggregateTracker - Pull VIGILÂNCIA  AMBIENTAL - Skipping submission 114 of 149: already downloaded
2025-12-30 01:48:16,130 [ForkJoinPool-3-worker-1] INFO  o.o.b.p.a.PullFromAggregateTracker - Pull VIGILÂNCIA  AMBIENTAL - Skipping submission 115 of 149: already downloaded
2025-12-30 01:48:16,130 [ForkJoinPool-3-worker-9] INFO  o.o.b.p.a.PullFromAggregateTracker - Pull Formulário da Vigilancia Hospitalar - Skipping submission 1001 of 1156: already downloaded
2025-12-30 01:48:16,132 [ForkJoinPool-3-worker-1] INFO  o.o.b.p.a.PullFromAggregateTracker - Pull VIGILÂNCIA  AMBIENTAL - Skipping submission 116 of 149: already downloaded
2025-12-30 01:48:16,132 [ForkJoinPool-3-worker-8] INFO  o.o.b.p.a.PullFromAggregateTracker - Pull VIGILÂNCIA  AMBIENTAL - Skipping submission 117 of 149: already downloaded
2025-12-30 01:48:16,132 [ForkJoinPool-3-worker-9] INFO  o.o.b.p.a.PullFromAggregateTracker - Pull Formulário da Vigilancia Hospitalar - Skipping submission 1002 of 1156: already downloaded
2025-12-30 01:48:16,133 [ForkJoinPool-3-worker-8] INFO  o.o.b.p.a.PullFromAggregateTracker - Pull VIGILÂNCIA  AMBIENTAL - Skipping submission 119 of 149: already downloaded
2025-12-30 01:48:16,133 [ForkJoinPool-3-worker-1] INFO  o.o.b.p.a.PullFromAggregateTracker - Pull VIGILÂNCIA  AMBIENTAL - Skipping submission 118 of 149: already downloaded
2025-12-30 01:48:16,135 [ForkJoinPool-3-worker-1] INFO  o.o.b.p.a.PullFromAggregateTracker - Pull VIGILÂNCIA  AMBIENTAL - Skipping submission 120 of 149: already downloaded
2025-12-30 01:48:16,135 [ForkJoinPool-3-worker-8] INFO  o.o.b.p.a.PullFromAggregateTracker - Pull Formulário da Vigilancia Hospitalar - Skipping submission 1003 of 1156: already downloaded
2025-12-30 01:48:16,136 [ForkJoinPool-3-worker-9] INFO  o.o.b.p.a.PullFromAggregateTracker - Pull Formulário da Vigilancia Hospitalar - Skipping submission 1004 of 1156: already downloaded
2025-12-30 01:48:16,136 [ForkJoinPool-3-worker-8] INFO  o.o.b.p.a.PullFromAggregateTracker - Pull Formulário da Vigilancia Hospitalar - Skipping submission 1005 of 1156: already downloaded
2025-12-30 01:48:16,137 [ForkJoinPool-3-worker-1] INFO  o.o.b.p.a.PullFromAggregateTracker - Pull VIGILÂNCIA  AMBIENTAL - Skipping submission 121 of 149: already downloaded
2025-12-30 01:48:16,137 [ForkJoinPool-3-worker-9] INFO  o.o.b.p.a.PullFromAggregateTracker - Pull Formulário da Vigilancia Hospitalar - Skipping submission 1006 of 1156: already downloaded
2025-12-30 01:48:16,137 [ForkJoinPool-3-worker-1] INFO  o.o.b.p.a.PullFromAggregateTracker - Pull VIGILÂNCIA  AMBIENTAL - Skipping submission 122 of 149: already downloaded
2025-12-30 01:48:16,139 [ForkJoinPool-3-worker-8] INFO  o.o.b.p.a.PullFromAggregateTracker - Pull Formulário da Vigilancia Hospitalar - Skipping submission 1007 of 1156: already downloaded
2025-12-30 01:48:16,139 [ForkJoinPool-3-worker-1] INFO  o.o.b.p.a.PullFromAggregateTracker - Pull Formulário da Vigilancia Hospitalar - Skipping submission 1009 of 1156: already downloaded
2025-12-30 01:48:16,140 [ForkJoinPool-3-worker-9] INFO  o.o.b.p.a.PullFromAggregateTracker - Pull Formulário da Vigilancia Hospitalar - Skipping submission 1008 of 1156: already downloaded
2025-12-30 01:48:16,141 [ForkJoinPool-3-worker-1] INFO  o.o.b.p.a.PullFromAggregateTracker - Pull Formulário da Vigilancia Hospitalar - Skipping submission 1011 of 1156: already downloaded
2025-12-30 01:48:16,141 [ForkJoinPool-3-worker-8] INFO  o.o.b.p.a.PullFromAggregateTracker - Pull Formulário da Vigilancia Hospitalar - Skipping submission 1010 of 1156: already downloaded
2025-12-30 01:48:16,141 [ForkJoinPool-3-worker-1] INFO  o.o.b.p.a.PullFromAggregateTracker - Pull Formulário da Vigilancia Hospitalar - Skipping submission 1013 of 1156: already downloaded
2025-12-30 01:48:16,143 [ForkJoinPool-3-worker-9] INFO  o.o.b.p.a.PullFromAggregateTracker - Pull Formulário da Vigilancia Hospitalar - Skipping submission 1012 of 1156: already downloaded
2025-12-30 01:48:16,144 [ForkJoinPool-3-worker-1] INFO  o.o.b.p.a.PullFromAggregateTracker - Pull Formulário da Vigilancia Hospitalar - Skipping submission 1015 of 1156: already downloaded
2025-12-30 01:48:16,144 [ForkJoinPool-3-worker-8] INFO  o.o.b.p.a.PullFromAggregateTracker - Pull Formulário da Vigilancia Hospitalar - Skipping submission 1014 of 1156: already downloaded
2025-12-30 01:48:16,144 [ForkJoinPool-3-worker-9] INFO  o.o.b.p.a.PullFromAggregateTracker - Pull Formulário da Vigilancia Hospitalar - Skipping submission 1016 of 1156: already downloaded
2025-12-30 01:48:16,146 [ForkJoinPool-3-worker-8] INFO  o.o.b.p.a.PullFromAggregateTracker - Pull Formulário da Vigilancia Hospitalar - Skipping submission 1018 of 1156: already downloaded
2025-12-30 01:48:16,146 [ForkJoinPool-3-worker-1] INFO  o.o.b.p.a.PullFromAggregateTracker - Pull Formulário da Vigilancia Hospitalar - Skipping submission 1017 of 1156: already downloaded
2025-12-30 01:48:16,146 [ForkJoinPool-3-worker-1] INFO  o.o.b.p.a.PullFromAggregateTracker - Pull Formulário da Vigilancia Hospitalar - Skipping submission 1021 of 1156: already downloaded
2025-12-30 01:48:16,146 [ForkJoinPool-3-worker-8] INFO  o.o.b.p.a.PullFromAggregateTracker - Pull Formulário da Vigilancia Hospitalar - Skipping submission 1020 of 1156: already downloaded
2025-12-30 01:48:16,148 [ForkJoinPool-3-worker-9] INFO  o.o.b.p.a.PullFromAggregateTracker - Pull Formulário da Vigilancia Hospitalar - Skipping submission 1019 of 1156: already downloaded
2025-12-30 01:48:16,148 [ForkJoinPool-3-worker-8] INFO  o.o.b.p.a.PullFromAggregateTracker - Pull Formulário da Vigilancia Hospitalar - Skipping submission 1023 of 1156: already downloaded
2025-12-30 01:48:16,151 [ForkJoinPool-3-worker-1] INFO  o.o.b.p.a.PullFromAggregateTracker - Pull Formulário da Vigilancia Hospitalar - Skipping submission 1022 of 1156: already downloaded
2025-12-30 01:48:16,151 [ForkJoinPool-3-worker-1] INFO  o.o.b.p.a.PullFromAggregateTracker - Pull Formulário da Vigilancia Hospitalar - Skipping submission 1026 of 1156: already downloaded
2025-12-30 01:48:16,153 [ForkJoinPool-3-worker-8] INFO  o.o.b.p.a.PullFromAggregateTracker - Pull Formulário da Vigilancia Hospitalar - Skipping submission 1025 of 1156: already downloaded
2025-12-30 01:48:16,154 [ForkJoinPool-3-worker-9] INFO  o.o.b.p.a.PullFromAggregateTracker - Pull Formulário da Vigilancia Hospitalar - Skipping submission 1024 of 1156: already downloaded
2025-12-30 01:48:16,156 [ForkJoinPool-3-worker-9] INFO  o.o.b.p.a.PullFromAggregateTracker - Pull Formulário da Vigilancia Hospitalar - Skipping submission 1029 of 1156: already downloaded
2025-12-30 01:48:16,157 [ForkJoinPool-3-worker-8] INFO  o.o.b.p.a.PullFromAggregateTracker - Pull Formulário da Vigilancia Hospitalar - Skipping submission 1028 of 1156: already downloaded
2025-12-30 01:48:16,157 [ForkJoinPool-3-worker-1] INFO  o.o.b.p.a.PullFromAggregateTracker - Pull Formulário da Vigilancia Hospitalar - Skipping submission 1027 of 1156: already downloaded
2025-12-30 01:48:16,157 [ForkJoinPool-3-worker-8] INFO  o.o.b.p.a.PullFromAggregateTracker - Pull Formulário da Vigilancia Hospitalar - Skipping submission 1031 of 1156: already downloaded
2025-12-30 01:48:16,157 [ForkJoinPool-3-worker-9] INFO  o.o.b.p.a.PullFromAggregateTracker - Pull Formulário da Vigilancia Hospitalar - Skipping submission 1030 of 1156: already downloaded
2025-12-30 01:48:16,159 [ForkJoinPool-3-worker-8] INFO  o.o.b.p.a.PullFromAggregateTracker - Pull Formulário da Vigilancia Hospitalar - Skipping submission 1033 of 1156: already downloaded
2025-12-30 01:48:16,161 [ForkJoinPool-3-worker-1] INFO  o.o.b.p.a.PullFromAggregateTracker - Pull Formulário da Vigilancia Hospitalar - Skipping submission 1032 of 1156: already downloaded
2025-12-30 01:48:16,161 [ForkJoinPool-3-worker-8] INFO  o.o.b.p.a.PullFromAggregateTracker - Pull Formulário da Vigilancia Hospitalar - Skipping submission 1035 of 1156: already downloaded
2025-12-30 01:48:16,162 [ForkJoinPool-3-worker-9] INFO  o.o.b.p.a.PullFromAggregateTracker - Pull Formulário da Vigilancia Hospitalar - Skipping submission 1034 of 1156: already downloaded
2025-12-30 01:48:16,162 [ForkJoinPool-3-worker-8] INFO  o.o.b.p.a.PullFromAggregateTracker - Pull Formulário da Vigilancia Hospitalar - Skipping submission 1037 of 1156: already downloaded
2025-12-30 01:48:16,164 [ForkJoinPool-3-worker-8] INFO  o.o.b.p.a.PullFromAggregateTracker - Pull Formulário da Vigilancia Hospitalar - Skipping submission 1039 of 1156: already downloaded
2025-12-30 01:48:16,164 [ForkJoinPool-3-worker-1] INFO  o.o.b.p.a.PullFromAggregateTracker - Pull Formulário da Vigilancia Hospitalar - Skipping submission 1036 of 1156: already downloaded
2025-12-30 01:48:16,164 [ForkJoinPool-3-worker-8] INFO  o.o.b.p.a.PullFromAggregateTracker - Pull Formulário da Vigilancia Hospitalar - Skipping submission 1040 of 1156: already downloaded
2025-12-30 01:48:16,164 [ForkJoinPool-3-worker-9] INFO  o.o.b.p.a.PullFromAggregateTracker - Pull Formulário da Vigilancia Hospitalar - Skipping submission 1038 of 1156: already downloaded
2025-12-30 01:48:16,166 [ForkJoinPool-3-worker-8] INFO  o.o.b.p.a.PullFromAggregateTracker - Pull Formulário da Vigilancia Hospitalar - Skipping submission 1042 of 1156: already downloaded
2025-12-30 01:48:16,166 [ForkJoinPool-3-worker-1] INFO  o.o.b.p.a.PullFromAggregateTracker - Pull Formulário da Vigilancia Hospitalar - Skipping submission 1041 of 1156: already downloaded
2025-12-30 01:48:16,167 [ForkJoinPool-3-worker-8] INFO  o.o.b.p.a.PullFromAggregateTracker - Pull Formulário da Vigilancia Hospitalar - Skipping submission 1044 of 1156: already downloaded
2025-12-30 01:48:16,169 [ForkJoinPool-3-worker-9] INFO  o.o.b.p.a.PullFromAggregateTracker - Pull Formulário da Vigilancia Hospitalar - Skipping submission 1043 of 1156: already downloaded
2025-12-30 01:48:16,170 [ForkJoinPool-3-worker-8] INFO  o.o.b.p.a.PullFromAggregateTracker - Pull Formulário da Vigilancia Hospitalar - Skipping submission 1046 of 1156: already downloaded
2025-12-30 01:48:16,170 [ForkJoinPool-3-worker-1] INFO  o.o.b.p.a.PullFromAggregateTracker - Pull Formulário da Vigilancia Hospitalar - Skipping submission 1045 of 1156: already downloaded
2025-12-30 01:48:16,170 [ForkJoinPool-3-worker-1] INFO  o.o.b.p.a.PullFromAggregateTracker - Pull Formulário da Vigilancia Hospitalar - Skipping submission 1049 of 1156: already downloaded
2025-12-30 01:48:16,172 [ForkJoinPool-3-worker-8] INFO  o.o.b.p.a.PullFromAggregateTracker - Pull Formulário da Vigilancia Hospitalar - Skipping submission 1048 of 1156: already downloaded
2025-12-30 01:48:16,172 [ForkJoinPool-3-worker-8] INFO  o.o.b.p.a.PullFromAggregateTracker - Pull Formulário da Vigilancia Hospitalar - Skipping submission 1051 of 1156: already downloaded
2025-12-30 01:48:16,172 [ForkJoinPool-3-worker-9] INFO  o.o.b.p.a.PullFromAggregateTracker - Pull Formulário da Vigilancia Hospitalar - Skipping submission 1047 of 1156: already downloaded
2025-12-30 01:48:16,174 [ForkJoinPool-3-worker-9] INFO  o.o.b.p.a.PullFromAggregateTracker - Pull Formulário da Vigilancia Hospitalar - Skipping submission 1053 of 1156: already downloaded
2025-12-30 01:48:16,174 [ForkJoinPool-3-worker-8] INFO  o.o.b.p.a.PullFromAggregateTracker - Pull Formulário da Vigilancia Hospitalar - Skipping submission 1052 of 1156: already downloaded
2025-12-30 01:48:16,175 [ForkJoinPool-3-worker-1] INFO  o.o.b.p.a.PullFromAggregateTracker - Pull Formulário da Vigilancia Hospitalar - Skipping submission 1050 of 1156: already downloaded
2025-12-30 01:48:16,176 [ForkJoinPool-3-worker-8] INFO  o.o.b.p.a.PullFromAggregateTracker - Pull Formulário da Vigilancia Hospitalar - Skipping submission 1055 of 1156: already downloaded
2025-12-30 01:48:16,177 [ForkJoinPool-3-worker-9] INFO  o.o.b.p.a.PullFromAggregateTracker - Pull Formulário da Vigilancia Hospitalar - Skipping submission 1054 of 1156: already downloaded
2025-12-30 01:48:16,177 [ForkJoinPool-3-worker-9] INFO  o.o.b.p.a.PullFromAggregateTracker - Pull Formulário da Vigilancia Hospitalar - Skipping submission 1058 of 1156: already downloaded
2025-12-30 01:48:16,177 [ForkJoinPool-3-worker-8] INFO  o.o.b.p.a.PullFromAggregateTracker - Pull Formulário da Vigilancia Hospitalar - Skipping submission 1057 of 1156: already downloaded
2025-12-30 01:48:16,179 [ForkJoinPool-3-worker-8] INFO  o.o.b.p.a.PullFromAggregateTracker - Pull Formulário da Vigilancia Hospitalar - Skipping submission 1060 of 1156: already downloaded
2025-12-30 01:48:16,179 [ForkJoinPool-3-worker-8] INFO  o.o.b.p.a.PullFromAggregateTracker - Pull Formulário da Vigilancia Hospitalar - Skipping submission 1061 of 1156: already downloaded
2025-12-30 01:48:16,180 [ForkJoinPool-3-worker-8] INFO  o.o.b.p.a.PullFromAggregateTracker - Pull Formulário da Vigilancia Hospitalar - Skipping submission 1062 of 1156: already downloaded
2025-12-30 01:48:16,180 [ForkJoinPool-3-worker-1] INFO  o.o.b.p.a.PullFromAggregateTracker - Pull Formulário da Vigilancia Hospitalar - Skipping submission 1056 of 1156: already downloaded
2025-12-30 01:48:16,182 [ForkJoinPool-3-worker-8] INFO  o.o.b.p.a.PullFromAggregateTracker - Pull Formulário da Vigilancia Hospitalar - Skipping submission 1063 of 1156: already downloaded
2025-12-30 01:48:16,182 [ForkJoinPool-3-worker-9] INFO  o.o.b.p.a.PullFromAggregateTracker - Pull Formulário da Vigilancia Hospitalar - Skipping submission 1059 of 1156: already downloaded
2025-12-30 01:48:16,182 [ForkJoinPool-3-worker-8] INFO  o.o.b.p.a.PullFromAggregateTracker - Pull Formulário da Vigilancia Hospitalar - Skipping submission 1065 of 1156: already downloaded
2025-12-30 01:48:16,184 [ForkJoinPool-3-worker-1] INFO  o.o.b.p.a.PullFromAggregateTracker - Pull Formulário da Vigilancia Hospitalar - Skipping submission 1064 of 1156: already downloaded
2025-12-30 01:48:16,184 [ForkJoinPool-3-worker-8] INFO  o.o.b.p.a.PullFromAggregateTracker - Pull Formulário da Vigilancia Hospitalar - Skipping submission 1067 of 1156: already downloaded
2025-12-30 01:48:16,184 [ForkJoinPool-3-worker-9] INFO  o.o.b.p.a.PullFromAggregateTracker - Pull Formulário da Vigilancia Hospitalar - Skipping submission 1066 of 1156: already downloaded
2025-12-30 01:48:16,184 [ForkJoinPool-3-worker-8] INFO  o.o.b.p.a.PullFromAggregateTracker - Pull Formulário da Vigilancia Hospitalar - Skipping submission 1069 of 1156: already downloaded
2025-12-30 01:48:16,186 [ForkJoinPool-3-worker-8] INFO  o.o.b.p.a.PullFromAggregateTracker - Pull Formulário da Vigilancia Hospitalar - Skipping submission 1070 of 1156: already downloaded
2025-12-30 01:48:16,187 [ForkJoinPool-3-worker-9] INFO  o.o.b.p.a.PullFromAggregateTracker - Pull VIGILÂNCIA  AMBIENTAL - Skipping submission 123 of 149: already downloaded
2025-12-30 01:48:16,187 [ForkJoinPool-3-worker-8] INFO  o.o.b.p.a.PullFromAggregateTracker - Pull Formulário da Vigilancia Hospitalar - Skipping submission 1071 of 1156: already downloaded
2025-12-30 01:48:16,187 [ForkJoinPool-3-worker-9] INFO  o.o.b.p.a.PullFromAggregateTracker - Pull VIGILÂNCIA  AMBIENTAL - Skipping submission 124 of 149: already downloaded
2025-12-30 01:48:16,187 [ForkJoinPool-3-worker-1] INFO  o.o.b.p.a.PullFromAggregateTracker - Pull Formulário da Vigilancia Hospitalar - Skipping submission 1068 of 1156: already downloaded
2025-12-30 01:48:16,189 [ForkJoinPool-3-worker-9] INFO  o.o.b.p.a.PullFromAggregateTracker - Pull VIGILÂNCIA  AMBIENTAL - Skipping submission 125 of 149: already downloaded
2025-12-30 01:48:16,191 [ForkJoinPool-3-worker-8] INFO  o.o.b.p.a.PullFromAggregateTracker - Pull Formulário da Vigilancia Hospitalar - Skipping submission 1072 of 1156: already downloaded
2025-12-30 01:48:16,194 [ForkJoinPool-3-worker-9] INFO  o.o.b.p.a.PullFromAggregateTracker - Pull VIGILÂNCIA  AMBIENTAL - Skipping submission 126 of 149: already downloaded
2025-12-30 01:48:16,194 [ForkJoinPool-3-worker-8] INFO  o.o.b.p.a.PullFromAggregateTracker - Pull Formulário da Vigilancia Hospitalar - Skipping submission 1074 of 1156: already downloaded
2025-12-30 01:48:16,196 [ForkJoinPool-3-worker-9] INFO  o.o.b.p.a.PullFromAggregateTracker - Pull VIGILÂNCIA  AMBIENTAL - Skipping submission 127 of 149: already downloaded
2025-12-30 01:48:16,196 [ForkJoinPool-3-worker-9] INFO  o.o.b.p.a.PullFromAggregateTracker - Pull VIGILÂNCIA  AMBIENTAL - Skipping submission 128 of 149: already downloaded
2025-12-30 01:48:16,196 [ForkJoinPool-3-worker-1] INFO  o.o.b.p.a.PullFromAggregateTracker - Pull Formulário da Vigilancia Hospitalar - Skipping submission 1073 of 1156: already downloaded
2025-12-30 01:48:16,197 [ForkJoinPool-3-worker-9] INFO  o.o.b.p.a.PullFromAggregateTracker - Pull VIGILÂNCIA  AMBIENTAL - Skipping submission 129 of 149: already downloaded
2025-12-30 01:48:16,197 [ForkJoinPool-3-worker-8] INFO  o.o.b.p.a.PullFromAggregateTracker - Pull Formulário da Vigilancia Hospitalar - Skipping submission 1075 of 1156: already downloaded
2025-12-30 01:48:16,197 [ForkJoinPool-3-worker-1] INFO  o.o.b.p.a.PullFromAggregateTracker - Pull Formulário da Vigilancia Hospitalar - Skipping submission 1076 of 1156: already downloaded
2025-12-30 01:48:16,199 [ForkJoinPool-3-worker-9] INFO  o.o.b.p.a.PullFromAggregateTracker - Pull VIGILÂNCIA  AMBIENTAL - Skipping submission 130 of 149: already downloaded
2025-12-30 01:48:16,199 [ForkJoinPool-3-worker-1] INFO  o.o.b.p.a.PullFromAggregateTracker - Pull Formulário da Vigilancia Hospitalar - Skipping submission 1077 of 1156: already downloaded
2025-12-30 01:48:16,203 [ForkJoinPool-3-worker-1] INFO  o.o.b.p.a.PullFromAggregateTracker - Pull Formulário da Vigilancia Hospitalar - Skipping submission 1078 of 1156: already downloaded
2025-12-30 01:48:16,204 [ForkJoinPool-3-worker-8] INFO  o.o.b.p.a.PullFromAggregateTracker - Pull Formulário da Vigilancia Hospitalar - Laboratório - Start downloading submission 57 of 74
2025-12-30 01:48:16,205 [ForkJoinPool-3-worker-9] INFO  o.o.b.p.a.PullFromAggregateTracker - Pull VIGILÂNCIA  AMBIENTAL - Skipping submission 131 of 149: already downloaded
2025-12-30 01:48:16,205 [ForkJoinPool-3-worker-1] INFO  o.o.b.p.a.PullFromAggregateTracker - Pull Formulário da Vigilancia Hospitalar - Skipping submission 1079 of 1156: already downloaded
2025-12-30 01:48:16,207 [ForkJoinPool-3-worker-1] INFO  o.o.b.p.a.PullFromAggregateTracker - Pull Formulário da Vigilancia Hospitalar - Skipping submission 1080 of 1156: already downloaded
2025-12-30 01:48:16,207 [ForkJoinPool-3-worker-9] INFO  o.o.b.p.a.PullFromAggregateTracker - Pull VIGILÂNCIA  AMBIENTAL - Skipping submission 132 of 149: already downloaded
2025-12-30 01:48:16,211 [ForkJoinPool-3-worker-1] INFO  o.o.b.p.a.PullFromAggregateTracker - Pull Formulário da Vigilancia Hospitalar - Skipping submission 1081 of 1156: already downloaded
2025-12-30 01:48:16,213 [ForkJoinPool-3-worker-1] INFO  o.o.b.p.a.PullFromAggregateTracker - Pull Formulário da Vigilancia Hospitalar - Skipping submission 1082 of 1156: already downloaded
2025-12-30 01:48:16,211 [ForkJoinPool-3-worker-9] INFO  o.o.b.p.a.PullFromAggregateTracker - Pull VIGILÂNCIA  AMBIENTAL - Skipping submission 133 of 149: already downloaded
2025-12-30 01:48:16,219 [ForkJoinPool-3-worker-9] INFO  o.o.b.p.a.PullFromAggregateTracker - Pull VIGILÂNCIA  AMBIENTAL - Skipping submission 134 of 149: already downloaded
2025-12-30 01:48:16,220 [ForkJoinPool-3-worker-9] INFO  o.o.b.p.a.PullFromAggregateTracker - Pull VIGILÂNCIA  AMBIENTAL - Skipping submission 135 of 149: already downloaded
2025-12-30 01:48:16,221 [ForkJoinPool-3-worker-1] INFO  o.o.b.p.a.PullFromAggregateTracker - Pull Formulário da Vigilancia Hospitalar - Skipping submission 1083 of 1156: already downloaded
2025-12-30 01:48:16,221 [ForkJoinPool-3-worker-9] INFO  o.o.b.p.a.PullFromAggregateTracker - Pull VIGILÂNCIA  AMBIENTAL - Skipping submission 136 of 149: already downloaded
2025-12-30 01:48:16,228 [ForkJoinPool-3-worker-9] INFO  o.o.b.p.a.PullFromAggregateTracker - Pull VIGILÂNCIA  AMBIENTAL - Skipping submission 137 of 149: already downloaded
2025-12-30 01:48:16,241 [ForkJoinPool-3-worker-10] INFO  o.o.b.p.a.PullFromAggregateTracker - Pull Formulário da Vigilancia Hospitalar - Laboratório - Submission 607 of 642 downloaded
2025-12-30 01:48:16,246 [ForkJoinPool-3-worker-4] INFO  o.o.b.p.a.PullFromAggregateTracker - Pull Formulário da Vigilancia Hospitalar - Laboratório - Submission 54 of 74 downloaded
2025-12-30 01:48:16,257 [ForkJoinPool-3-worker-9] INFO  o.o.b.p.a.PullFromAggregateTracker - Pull VIGILÂNCIA  AMBIENTAL - Skipping submission 138 of 149: already downloaded
2025-12-30 01:48:16,250 [ForkJoinPool-3-worker-6] INFO  o.o.b.p.a.PullFromAggregateTracker - Pull Formulário da Vigilancia Hospitalar - Laboratório - Submission 55 of 74 downloaded
2025-12-30 01:48:16,258 [ForkJoinPool-3-worker-9] INFO  o.o.b.p.a.PullFromAggregateTracker - Pull VIGILÂNCIA  AMBIENTAL - Skipping submission 139 of 149: already downloaded
2025-12-30 01:48:16,250 [ForkJoinPool-3-worker-2] INFO  o.o.b.p.a.PullFromAggregateTracker - Pull Formulário da Vigilancia Hospitalar - Laboratório - Submission 56 of 74 downloaded
2025-12-30 01:48:16,263 [ForkJoinPool-3-worker-1] INFO  o.o.b.p.a.PullFromAggregateTracker - Pull Formulário da Vigilancia Hospitalar - Skipping submission 1084 of 1156: already downloaded
2025-12-30 01:48:16,266 [ForkJoinPool-3-worker-9] INFO  o.o.b.p.a.PullFromAggregateTracker - Pull VIGILÂNCIA  AMBIENTAL - Skipping submission 140 of 149: already downloaded
2025-12-30 01:48:16,253 [ForkJoinPool-3-worker-3] INFO  o.o.b.p.a.PullFromAggregateTracker - Pull Formulário da Vigilancia Hospitalar - Submission 207 of 250 downloaded
2025-12-30 01:48:16,274 [ForkJoinPool-3-worker-3] INFO  o.o.b.p.a.PullFromAggregateTracker - Pull Formulário da Vigilancia Hospitalar - Start downloading submission 208 of 250
2025-12-30 01:48:16,279 [ForkJoinPool-3-worker-13] INFO  o.o.b.p.a.PullFromAggregateTracker - Pull Formulário da Vigilancia Comunitaria - Submission 1240 of 1299 downloaded
2025-12-30 01:48:16,282 [ForkJoinPool-3-worker-9] INFO  o.o.b.p.a.PullFromAggregateTracker - Pull VIGILÂNCIA  AMBIENTAL - Skipping submission 141 of 149: already downloaded
2025-12-30 01:48:16,294 [ForkJoinPool-3-worker-13] INFO  o.o.b.p.a.PullFromAggregateTracker - Pull Formulário da Vigilancia Comunitaria - Start downloading submission 1241 of 1299
2025-12-30 01:48:16,294 [ForkJoinPool-3-worker-4] INFO  o.o.b.p.a.PullFromAggregateTracker - Pull Formulário da Vigilancia Hospitalar - Laboratório - Start downloading submission 58 of 74
2025-12-30 01:48:16,290 [ForkJoinPool-3-worker-2] INFO  o.o.b.p.a.PullFromAggregateTracker - Pull Formulário da Vigilancia Hospitalar - Laboratório - Start downloading submission 59 of 74
2025-12-30 01:48:16,288 [ForkJoinPool-3-worker-10] INFO  o.o.b.p.a.PullFromAggregateTracker - Pull Formulário da Vigilancia Hospitalar - Laboratório - Start downloading submission 615 of 642
2025-12-30 01:48:16,282 [ForkJoinPool-3-worker-1] INFO  o.o.b.p.a.PullFromAggregateTracker - Pull Formulário da Vigilancia Hospitalar - Skipping submission 1085 of 1156: already downloaded
2025-12-30 01:48:16,297 [ForkJoinPool-3-worker-6] INFO  o.o.b.p.a.PullFromAggregateTracker - Pull Formulário da Vigilancia Hospitalar - Laboratório - Start downloading submission 61 of 74
2025-12-30 01:48:16,302 [ForkJoinPool-3-worker-9] INFO  o.o.b.p.a.PullFromAggregateTracker - Pull Formulário da Vigilancia Hospitalar - Laboratório - Start downloading submission 60 of 74
2025-12-30 01:48:16,315 [ForkJoinPool-3-worker-1] INFO  o.o.b.p.a.PullFromAggregateTracker - Pull Formulário da Vigilancia Hospitalar - Skipping submission 1086 of 1156: already downloaded
2025-12-30 01:48:16,315 [ForkJoinPool-3-worker-15] INFO  o.o.b.p.a.PullFromAggregateTracker - Pull Formulário da Vigilancia Hospitalar - Submission 957 of 1156 downloaded
2025-12-30 01:48:16,318 [ForkJoinPool-3-worker-1] INFO  o.o.b.p.a.PullFromAggregateTracker - Pull Formulário da Vigilancia Hospitalar - Skipping submission 1087 of 1156: already downloaded
2025-12-30 01:48:16,317 [ForkJoinPool-3-worker-11] INFO  o.o.b.p.a.PullFromAggregateTracker - Pull VIGILÂNCIA  AMBIENTAL - Submission 52 of 149 downloaded
2025-12-30 01:48:16,330 [AWT-EventQueue-0] INFO  XFormParser - Reading XML and parsing with kXML2 finished in 33.749 ms
2025-12-30 01:48:16,334 [ForkJoinPool-3-worker-11] INFO  o.o.b.p.a.PullFromAggregateTracker - Pull VIGILÂNCIA  AMBIENTAL - Start downloading submission 142 of 149
2025-12-30 01:48:16,336 [ForkJoinPool-3-worker-1] INFO  o.o.b.p.a.PullFromAggregateTracker - Pull Formulário da Vigilancia Hospitalar - Skipping submission 1088 of 1156: already downloaded
2025-12-30 01:48:16,337 [ForkJoinPool-3-worker-1] INFO  o.o.b.p.a.PullFromAggregateTracker - Pull Formulário da Vigilancia Hospitalar - Skipping submission 1089 of 1156: already downloaded
2025-12-30 01:48:16,344 [ForkJoinPool-3-worker-1] INFO  o.o.b.p.a.PullFromAggregateTracker - Pull Formulário da Vigilancia Hospitalar - Skipping submission 1090 of 1156: already downloaded
2025-12-30 01:48:16,350 [ForkJoinPool-3-worker-15] INFO  o.o.b.p.a.PullFromAggregateTracker - Pull Formulário da Vigilancia Hospitalar - Start downloading submission 1092 of 1156
2025-12-30 01:48:16,354 [ForkJoinPool-3-worker-1] INFO  o.o.b.p.a.PullFromAggregateTracker - Pull Formulário da Vigilancia Hospitalar - Skipping submission 1091 of 1156: already downloaded
2025-12-30 01:48:16,355 [ForkJoinPool-3-worker-1] INFO  o.o.b.p.a.PullFromAggregateTracker - Pull Formulário da Vigilancia Hospitalar - Skipping submission 1093 of 1156: already downloaded
2025-12-30 01:48:16,359 [ForkJoinPool-3-worker-1] INFO  o.o.b.p.a.PullFromAggregateTracker - Pull Formulário da Vigilancia Comunitaria - Skipping submission 1242 of 1299: already downloaded
2025-12-30 01:48:16,365 [ForkJoinPool-3-worker-1] INFO  o.o.b.p.a.PullFromAggregateTracker - Pull Formulário da Vigilancia Comunitaria - Skipping submission 1243 of 1299: already downloaded
2025-12-30 01:48:16,366 [ForkJoinPool-3-worker-1] INFO  o.o.b.p.a.PullFromAggregateTracker - Pull Formulário da Vigilancia Comunitaria - Skipping submission 1244 of 1299: already downloaded
2025-12-30 01:48:16,366 [ForkJoinPool-3-worker-1] INFO  o.o.b.p.a.PullFromAggregateTracker - Pull Formulário da Vigilancia Comunitaria - Skipping submission 1245 of 1299: already downloaded
2025-12-30 01:48:16,368 [ForkJoinPool-3-worker-1] INFO  o.o.b.p.a.PullFromAggregateTracker - Pull Formulário da Vigilancia Comunitaria - Skipping submission 1246 of 1299: already downloaded
2025-12-30 01:48:16,370 [AWT-EventQueue-0] INFO  XFormParser - Consolidating text finished in 33.809 ms
2025-12-30 01:48:16,372 [AWT-EventQueue-0] INFO  XFormParser - Parsing form...
2025-12-30 01:48:16,372 [AWT-EventQueue-0] INFO  XFormParser - Title: "VIGILÂNCIA  AMBIENTAL"
2025-12-30 01:48:16,373 [ForkJoinPool-3-worker-1] INFO  o.o.b.p.a.PullFromAggregateTracker - Pull Formulário da Vigilancia Comunitaria - Skipping submission 1247 of 1299: already downloaded
2025-12-30 01:48:16,373 [AWT-EventQueue-0] WARN  XFormParser - XForm Parse Warning: Warning: 1 Unrecognized attributes found in Element [model] and will be ignored: [xforms-version] 
    Problem found at nodeset: /html/head/model
    With element <model xforms-version="1.0.0"><instance><data id="VIGILÂNCIA  AMBIENTAL_v2" version="2" prefix="VIGILÂNCIA  AMBIENTAL_v2" delimiter="$">...

2025-12-30 01:48:16,375 [ForkJoinPool-3-worker-1] INFO  o.o.b.p.a.PullFromAggregateTracker - Pull Formulário da Vigilancia Comunitaria - Skipping submission 1248 of 1299: already downloaded
2025-12-30 01:48:16,450 [ForkJoinPool-3-worker-1] INFO  o.o.b.p.a.PullFromAggregateTracker - Pull Formulário da Vigilancia Comunitaria - Skipping submission 1249 of 1299: already downloaded
2025-12-30 01:48:16,461 [ForkJoinPool-3-worker-1] INFO  o.o.b.p.a.PullFromAggregateTracker - Pull Formulário da Vigilancia Comunitaria - Skipping submission 1250 of 1299: already downloaded
2025-12-30 01:48:16,464 [ForkJoinPool-3-worker-1] INFO  o.o.b.p.a.PullFromAggregateTracker - Pull Formulário da Vigilancia Comunitaria - Skipping submission 1251 of 1299: already downloaded
2025-12-30 01:48:16,467 [ForkJoinPool-3-worker-1] INFO  o.o.b.p.a.PullFromAggregateTracker - Pull Formulário da Vigilancia Comunitaria - Skipping submission 1252 of 1299: already downloaded
2025-12-30 01:48:16,467 [ForkJoinPool-3-worker-1] INFO  o.o.b.p.a.PullFromAggregateTracker - Pull Formulário da Vigilancia Comunitaria - Skipping submission 1253 of 1299: already downloaded
2025-12-30 01:48:16,469 [ForkJoinPool-3-worker-1] INFO  o.o.b.p.a.PullFromAggregateTracker - Pull Formulário da Vigilancia Comunitaria - Skipping submission 1254 of 1299: already downloaded
2025-12-30 01:48:16,469 [ForkJoinPool-3-worker-1] INFO  o.o.b.p.a.PullFromAggregateTracker - Pull Formulário da Vigilancia Comunitaria - Skipping submission 1255 of 1299: already downloaded
2025-12-30 01:48:16,469 [ForkJoinPool-3-worker-1] INFO  o.o.b.p.a.PullFromAggregateTracker - Pull Formulário da Vigilancia Comunitaria - Skipping submission 1256 of 1299: already downloaded
2025-12-30 01:48:16,471 [ForkJoinPool-3-worker-1] INFO  o.o.b.p.a.PullFromAggregateTracker - Pull Formulário da Vigilancia Comunitaria - Skipping submission 1257 of 1299: already downloaded
2025-12-30 01:48:16,472 [ForkJoinPool-3-worker-1] INFO  o.o.b.p.a.PullFromAggregateTracker - Pull Formulário da Vigilancia Comunitaria - Skipping submission 1258 of 1299: already downloaded
2025-12-30 01:48:16,482 [ForkJoinPool-3-worker-8] INFO  o.o.b.p.a.PullFromAggregateTracker - Pull Formulário da Vigilancia Hospitalar - Laboratório - Submission 57 of 74 downloaded
2025-12-30 01:48:16,484 [ForkJoinPool-3-worker-1] INFO  o.o.b.p.a.PullFromAggregateTracker - Pull Formulário da Vigilancia Comunitaria - Skipping submission 1259 of 1299: already downloaded
2025-12-30 01:48:16,492 [ForkJoinPool-3-worker-1] INFO  o.o.b.p.a.PullFromAggregateTracker - Pull Formulário da Vigilancia Comunitaria - Skipping submission 1260 of 1299: already downloaded
2025-12-30 01:48:16,500 [ForkJoinPool-3-worker-8] INFO  o.o.b.p.a.PullFromAggregateTracker - Pull Formulário da Vigilancia Hospitalar - Laboratório - Start downloading submission 62 of 74
2025-12-30 01:48:16,505 [ForkJoinPool-3-worker-1] INFO  o.o.b.p.a.PullFromAggregateTracker - Pull Formulário da Vigilancia Comunitaria - Skipping submission 1261 of 1299: already downloaded
2025-12-30 01:48:16,510 [ForkJoinPool-3-worker-1] INFO  o.o.b.p.a.PullFromAggregateTracker - Pull Formulário da Vigilancia Comunitaria - Skipping submission 1262 of 1299: already downloaded
2025-12-30 01:48:16,522 [ForkJoinPool-3-worker-1] INFO  o.o.b.p.a.PullFromAggregateTracker - Pull Formulário da Vigilancia Comunitaria - Skipping submission 1263 of 1299: already downloaded
2025-12-30 01:48:16,559 [ForkJoinPool-3-worker-1] INFO  o.o.b.p.a.PullFromAggregateTracker - Pull Formulário da Vigilancia Comunitaria - Skipping submission 1264 of 1299: already downloaded
2025-12-30 01:48:16,583 [ForkJoinPool-3-worker-1] INFO  o.o.b.p.a.PullFromAggregateTracker - Pull Formulário da Vigilancia Comunitaria - Skipping submission 1265 of 1299: already downloaded
2025-12-30 01:48:16,594 [ForkJoinPool-3-worker-6] INFO  o.o.b.p.a.PullFromAggregateTracker - Pull Formulário da Vigilancia Hospitalar - Laboratório - Submission 61 of 74 downloaded
2025-12-30 01:48:16,596 [ForkJoinPool-3-worker-2] INFO  o.o.b.p.a.PullFromAggregateTracker - Pull Formulário da Vigilancia Hospitalar - Laboratório - Submission 59 of 74 downloaded
2025-12-30 01:48:16,598 [ForkJoinPool-3-worker-4] INFO  o.o.b.p.a.PullFromAggregateTracker - Pull Formulário da Vigilancia Hospitalar - Laboratório - Submission 58 of 74 downloaded
2025-12-30 01:48:16,600 [ForkJoinPool-3-worker-1] INFO  o.o.b.p.a.PullFromAggregateTracker - Pull Formulário da Vigilancia Comunitaria - Skipping submission 1266 of 1299: already downloaded
2025-12-30 01:48:16,600 [ForkJoinPool-3-worker-10] INFO  o.o.b.p.a.PullFromAggregateTracker - Pull Formulário da Vigilancia Hospitalar - Laboratório - Submission 615 of 642 downloaded
2025-12-30 01:48:16,600 [ForkJoinPool-3-worker-6] INFO  o.o.b.p.a.PullFromAggregateTracker - Pull Formulário da Vigilancia Hospitalar - Laboratório - Start downloading submission 63 of 74
2025-12-30 01:48:16,605 [ForkJoinPool-3-worker-2] INFO  o.o.b.p.a.PullFromAggregateTracker - Pull Formulário da Vigilancia Hospitalar - Laboratório - Start downloading submission 64 of 74
2025-12-30 01:48:16,598 [ForkJoinPool-3-worker-3] INFO  o.o.b.p.a.PullFromAggregateTracker - Pull Formulário da Vigilancia Hospitalar - Submission 208 of 250 downloaded
2025-12-30 01:48:16,613 [ForkJoinPool-3-worker-4] INFO  o.o.b.p.a.PullFromAggregateTracker - Pull Formulário da Vigilancia Hospitalar - Laboratório - Start downloading submission 65 of 74
2025-12-30 01:48:16,620 [ForkJoinPool-3-worker-3] INFO  o.o.b.p.a.PullFromAggregateTracker - Pull Formulário da Vigilancia Hospitalar - Start downloading submission 209 of 250
2025-12-30 01:48:16,621 [ForkJoinPool-3-worker-10] INFO  o.o.b.p.a.PullFromAggregateTracker - Pull Formulário da Vigilancia Hospitalar - Laboratório - Start downloading submission 616 of 642
2025-12-30 01:48:16,621 [ForkJoinPool-3-worker-13] INFO  o.o.b.p.a.PullFromAggregateTracker - Pull Formulário da Vigilancia Comunitaria - Submission 1241 of 1299 downloaded
2025-12-30 01:48:16,623 [ForkJoinPool-3-worker-9] INFO  o.o.b.p.a.PullFromAggregateTracker - Pull Formulário da Vigilancia Hospitalar - Laboratório - Submission 60 of 74 downloaded
2025-12-30 01:48:16,623 [ForkJoinPool-3-worker-13] INFO  o.o.b.p.a.PullFromAggregateTracker - Pull Formulário da Vigilancia Comunitaria - Start downloading submission 1268 of 1299
2025-12-30 01:48:16,621 [ForkJoinPool-3-worker-1] INFO  o.o.b.p.a.PullFromAggregateTracker - Pull Formulário da Vigilancia Comunitaria - Skipping submission 1267 of 1299: already downloaded
2025-12-30 01:48:16,640 [ForkJoinPool-3-worker-9] INFO  o.o.b.p.a.PullFromAggregateTracker - Pull Formulário da Vigilancia Hospitalar - Laboratório - Start downloading submission 66 of 74
2025-12-30 01:48:16,643 [ForkJoinPool-3-worker-1] INFO  o.o.b.p.a.PullFromAggregateTracker - Pull Formulário da Vigilancia Comunitaria - Skipping submission 1269 of 1299: already downloaded
2025-12-30 01:48:16,665 [ForkJoinPool-3-worker-1] INFO  o.o.b.p.a.PullFromAggregateTracker - Pull Formulário da Vigilancia Comunitaria - Skipping submission 1270 of 1299: already downloaded
2025-12-30 01:48:16,667 [ForkJoinPool-3-worker-1] INFO  o.o.b.p.a.PullFromAggregateTracker - Pull Formulário da Vigilancia Comunitaria - Skipping submission 1271 of 1299: already downloaded
2025-12-30 01:48:16,680 [ForkJoinPool-3-worker-1] INFO  o.o.b.p.a.PullFromAggregateTracker - Pull Formulário da Vigilancia Comunitaria - Skipping submission 1272 of 1299: already downloaded
2025-12-30 01:48:16,699 [ForkJoinPool-3-worker-1] INFO  o.o.b.p.a.PullFromAggregateTracker - Pull Formulário da Vigilancia Comunitaria - Skipping submission 1273 of 1299: already downloaded
2025-12-30 01:48:16,704 [ForkJoinPool-3-worker-1] INFO  o.o.b.p.a.PullFromAggregateTracker - Pull Formulário da Vigilancia Comunitaria - Skipping submission 1274 of 1299: already downloaded
2025-12-30 01:48:16,709 [ForkJoinPool-3-worker-11] INFO  o.o.b.p.a.PullFromAggregateTracker - Pull VIGILÂNCIA  AMBIENTAL - Submission 142 of 149 downloaded
2025-12-30 01:48:16,712 [ForkJoinPool-3-worker-1] INFO  o.o.b.p.a.PullFromAggregateTracker - Pull Formulário da Vigilancia Comunitaria - Skipping submission 1275 of 1299: already downloaded
2025-12-30 01:48:16,716 [ForkJoinPool-3-worker-1] INFO  o.o.b.p.a.PullFromAggregateTracker - Pull Formulário da Vigilancia Comunitaria - Skipping submission 1276 of 1299: already downloaded
2025-12-30 01:48:16,716 [ForkJoinPool-3-worker-11] INFO  o.o.b.p.a.PullFromAggregateTracker - Pull VIGILÂNCIA  AMBIENTAL - Start downloading submission 143 of 149
2025-12-30 01:48:16,718 [ForkJoinPool-3-worker-1] INFO  o.o.b.p.a.PullFromAggregateTracker - Pull Formulário da Vigilancia Comunitaria - Skipping submission 1277 of 1299: already downloaded
2025-12-30 01:48:16,723 [ForkJoinPool-3-worker-1] INFO  o.o.b.p.a.PullFromAggregateTracker - Pull Formulário da Vigilancia Comunitaria - Skipping submission 1278 of 1299: already downloaded
2025-12-30 01:48:16,740 [ForkJoinPool-3-worker-1] INFO  o.o.b.p.a.PullFromAggregateTracker - Pull Formulário da Vigilancia Comunitaria - Skipping submission 1279 of 1299: already downloaded
2025-12-30 01:48:16,752 [ForkJoinPool-3-worker-1] INFO  o.o.b.p.a.PullFromAggregateTracker - Pull Formulário da Vigilancia Comunitaria - Skipping submission 1280 of 1299: already downloaded
2025-12-30 01:48:16,752 [AWT-EventQueue-0] INFO  XFormParser - Creating FormDef from parsed XML finished in 381.174 ms
2025-12-30 01:48:16,754 [ForkJoinPool-3-worker-1] INFO  o.o.b.p.a.PullFromAggregateTracker - Pull Formulário da Vigilancia Comunitaria - Skipping submission 1281 of 1299: already downloaded
2025-12-30 01:48:16,754 [ForkJoinPool-3-worker-1] INFO  o.o.b.p.a.PullFromAggregateTracker - Pull Formulário da Vigilancia Comunitaria - Skipping submission 1282 of 1299: already downloaded
2025-12-30 01:48:16,756 [ForkJoinPool-3-worker-1] INFO  o.o.b.p.a.PullFromAggregateTracker - Pull Formulário da Vigilancia Comunitaria - Skipping submission 1283 of 1299: already downloaded
2025-12-30 01:48:16,756 [ForkJoinPool-3-worker-1] INFO  o.o.b.p.a.PullFromAggregateTracker - Pull Formulário da Vigilancia Hospitalar - Laboratório - Start downloading submission 67 of 74
2025-12-30 01:48:17,101 [ForkJoinPool-3-worker-4] INFO  o.o.b.p.a.PullFromAggregateTracker - Pull Formulário da Vigilancia Hospitalar - Laboratório - Submission 65 of 74 downloaded
2025-12-30 01:48:17,127 [ForkJoinPool-3-worker-15] INFO  o.o.b.p.a.PullFromAggregateTracker - Pull Formulário da Vigilancia Hospitalar - Submission 1092 of 1156 downloaded
2025-12-30 01:48:17,256 [ForkJoinPool-3-worker-8] INFO  o.o.b.p.a.PullFromAggregateTracker - Pull Formulário da Vigilancia Hospitalar - Laboratório - Submission 62 of 74 downloaded
2025-12-30 01:48:17,334 [ForkJoinPool-3-worker-2] INFO  o.o.b.p.a.PullFromAggregateTracker - Pull Formulário da Vigilancia Hospitalar - Laboratório - Submission 64 of 74 downloaded
2025-12-30 01:48:17,583 [ForkJoinPool-3-worker-15] INFO  o.o.b.p.a.PullFromAggregateTracker - Pull Formulário da Vigilancia Hospitalar - Start downloading submission 1094 of 1156
2025-12-30 01:48:17,605 [ForkJoinPool-3-worker-6] INFO  o.o.b.p.a.PullFromAggregateTracker - Pull Formulário da Vigilancia Hospitalar - Laboratório - Submission 63 of 74 downloaded
2025-12-30 01:48:17,606 [ForkJoinPool-3-worker-11] INFO  o.o.b.p.a.PullFromAggregateTracker - Pull VIGILÂNCIA  AMBIENTAL - Submission 143 of 149 downloaded
2025-12-30 01:48:17,699 [ForkJoinPool-3-worker-10] INFO  o.o.b.p.a.PullFromAggregateTracker - Pull Formulário da Vigilancia Hospitalar - Laboratório - Submission 616 of 642 downloaded
2025-12-30 01:48:17,616 [ForkJoinPool-3-worker-4] INFO  o.o.b.p.a.PullFromAggregateTracker - Pull Formulário da Vigilancia Hospitalar - Laboratório - Start downloading submission 69 of 74
2025-12-30 01:48:18,168 [ForkJoinPool-3-worker-8] INFO  o.o.b.p.a.PullFromAggregateTracker - Pull Formulário da Vigilancia Hospitalar - Laboratório - Start downloading submission 68 of 74
2025-12-30 01:48:18,171 [ForkJoinPool-3-worker-11] INFO  o.o.b.p.a.PullFromAggregateTracker - Pull VIGILÂNCIA  AMBIENTAL - Start downloading submission 144 of 149
2025-12-30 01:48:18,171 [ForkJoinPool-3-worker-9] INFO  o.o.b.p.a.PullFromAggregateTracker - Pull Formulário da Vigilancia Hospitalar - Laboratório - Submission 66 of 74 downloaded
2025-12-30 01:48:18,478 [ForkJoinPool-3-worker-13] INFO  o.o.b.p.a.PullFromAggregateTracker - Pull Formulário da Vigilancia Comunitaria - Submission 1268 of 1299 downloaded
2025-12-30 01:48:18,165 [ForkJoinPool-3-worker-2] INFO  o.o.b.p.a.PullFromAggregateTracker - Pull Formulário da Vigilancia Hospitalar - Laboratório - Start downloading submission 70 of 74
2025-12-30 01:48:18,532 [ForkJoinPool-3-worker-6] INFO  o.o.b.p.a.PullFromAggregateTracker - Pull Formulário da Vigilancia Hospitalar - Laboratório - Start downloading submission 71 of 74
2025-12-30 01:48:18,464 [ForkJoinPool-3-worker-10] INFO  o.o.b.p.a.PullFromAggregateTracker - Pull Formulário da Vigilancia Hospitalar - Laboratório - Start downloading submission 617 of 642
2025-12-30 01:48:18,469 [ForkJoinPool-3-worker-3] INFO  o.o.b.p.a.PullFromAggregateTracker - Pull Formulário da Vigilancia Hospitalar - Submission 209 of 250 downloaded
2025-12-30 01:48:18,468 [ForkJoinPool-3-worker-1] INFO  o.o.b.p.a.PullFromAggregateTracker - Pull Formulário da Vigilancia Hospitalar - Laboratório - Submission 67 of 74 downloaded
2025-12-30 01:48:18,606 [ForkJoinPool-3-worker-13] INFO  o.o.b.p.a.PullFromAggregateTracker - Pull Formulário da Vigilancia Comunitaria - Start downloading submission 1284 of 1299
2025-12-30 01:48:18,608 [ForkJoinPool-3-worker-9] INFO  o.o.b.p.a.PullFromAggregateTracker - Pull Formulário da Vigilancia Hospitalar - Start downloading submission 1095 of 1156
2025-12-30 01:48:18,715 [ForkJoinPool-3-worker-3] INFO  o.o.b.p.a.PullFromAggregateTracker - Pull Formulário da Vigilancia Hospitalar - Start downloading submission 210 of 250
2025-12-30 01:48:18,712 [ForkJoinPool-3-worker-1] INFO  o.o.b.p.a.PullFromAggregateTracker - Pull Formulário da Vigilancia Hospitalar - Laboratório - Start downloading submission 72 of 74
2025-12-30 01:48:19,034 [ForkJoinPool-3-worker-10] INFO  o.o.b.p.a.PullFromAggregateTracker - Pull Formulário da Vigilancia Hospitalar - Laboratório - Submission 617 of 642 downloaded
2025-12-30 01:48:19,036 [ForkJoinPool-3-worker-8] INFO  o.o.b.p.a.PullFromAggregateTracker - Pull Formulário da Vigilancia Hospitalar - Laboratório - Submission 68 of 74 downloaded
2025-12-30 01:48:19,036 [ForkJoinPool-3-worker-2] INFO  o.o.b.p.a.PullFromAggregateTracker - Pull Formulário da Vigilancia Hospitalar - Laboratório - Submission 70 of 74 downloaded
2025-12-30 01:48:19,043 [ForkJoinPool-3-worker-11] INFO  o.o.b.p.a.PullFromAggregateTracker - Pull VIGILÂNCIA  AMBIENTAL - Submission 144 of 149 downloaded
2025-12-30 01:48:19,048 [ForkJoinPool-3-worker-8] INFO  o.o.b.p.a.PullFromAggregateTracker - Pull Formulário da Vigilancia Hospitalar - Laboratório - Start downloading submission 73 of 74
2025-12-30 01:48:19,052 [ForkJoinPool-3-worker-2] INFO  o.o.b.p.a.PullFromAggregateTracker - Pull Formulário da Vigilancia Hospitalar - Laboratório - Start downloading submission 74 of 74
2025-12-30 01:48:19,052 [ForkJoinPool-3-worker-6] INFO  o.o.b.p.a.PullFromAggregateTracker - Pull Formulário da Vigilancia Hospitalar - Laboratório - Submission 71 of 74 downloaded
2025-12-30 01:48:19,047 [ForkJoinPool-3-worker-10] INFO  o.o.b.p.a.PullFromAggregateTracker - Pull Formulário da Vigilancia Hospitalar - Laboratório - Start downloading submission 618 of 642
2025-12-30 01:48:19,038 [ForkJoinPool-3-worker-4] INFO  o.o.b.p.a.PullFromAggregateTracker - Pull Formulário da Vigilancia Hospitalar - Laboratório - Submission 69 of 74 downloaded
2025-12-30 01:48:19,047 [ForkJoinPool-3-worker-13] INFO  o.o.b.p.a.PullFromAggregateTracker - Pull Formulário da Vigilancia Comunitaria - Submission 1284 of 1299 downloaded
2025-12-30 01:48:19,046 [ForkJoinPool-3-worker-15] INFO  o.o.b.p.a.PullFromAggregateTracker - Pull Formulário da Vigilancia Hospitalar - Submission 1094 of 1156 downloaded
2025-12-30 01:48:19,058 [ForkJoinPool-3-worker-6] INFO  o.o.b.p.a.PullFromAggregateTracker - Pull Formulário da Vigilancia Hospitalar - Start downloading submission 1096 of 1156
2025-12-30 01:48:19,060 [ForkJoinPool-3-worker-11] INFO  o.o.b.p.a.PullFromAggregateTracker - Pull VIGILÂNCIA  AMBIENTAL - Skipping submission 145 of 149: already downloaded
2025-12-30 01:48:19,064 [ForkJoinPool-3-worker-11] INFO  o.o.b.p.a.PullFromAggregateTracker - Pull VIGILÂNCIA  AMBIENTAL - Start downloading submission 146 of 149
2025-12-30 01:48:19,067 [ForkJoinPool-3-worker-15] INFO  o.o.b.p.a.PullFromAggregateTracker - Pull Formulário da Vigilancia Hospitalar - Start downloading submission 1097 of 1156
2025-12-30 01:48:19,076 [ForkJoinPool-3-worker-13] INFO  o.o.b.p.a.PullFromAggregateTracker - Pull Formulário da Vigilancia Comunitaria - Start downloading submission 1285 of 1299
2025-12-30 01:48:19,080 [ForkJoinPool-3-worker-4] INFO  o.o.b.p.a.PullFromAggregateTracker - Pull Formulário da Vigilancia Hospitalar - Skipping submission 1098 of 1156: already downloaded
2025-12-30 01:48:19,083 [ForkJoinPool-3-worker-4] INFO  o.o.b.p.a.PullFromAggregateTracker - Pull Formulário da Vigilancia Hospitalar - Skipping submission 1099 of 1156: already downloaded
2025-12-30 01:48:19,085 [ForkJoinPool-3-worker-4] INFO  o.o.b.p.a.PullFromAggregateTracker - Pull Formulário da Vigilancia Hospitalar - Skipping submission 1100 of 1156: already downloaded
2025-12-30 01:48:19,086 [ForkJoinPool-3-worker-4] INFO  o.o.b.p.a.PullFromAggregateTracker - Pull Formulário da Vigilancia Hospitalar - Skipping submission 1101 of 1156: already downloaded
2025-12-30 01:48:19,138 [ForkJoinPool-3-worker-4] INFO  o.o.b.p.a.PullFromAggregateTracker - Pull Formulário da Vigilancia Hospitalar - Skipping submission 1102 of 1156: already downloaded
2025-12-30 01:48:19,159 [ForkJoinPool-3-worker-4] INFO  o.o.b.p.a.PullFromAggregateTracker - Pull Formulário da Vigilancia Hospitalar - Skipping submission 1103 of 1156: already downloaded
2025-12-30 01:48:19,231 [ForkJoinPool-3-worker-4] INFO  o.o.b.p.a.PullFromAggregateTracker - Pull Formulário da Vigilancia Hospitalar - Skipping submission 1104 of 1156: already downloaded
2025-12-30 01:48:19,351 [ForkJoinPool-3-worker-4] INFO  o.o.b.p.a.PullFromAggregateTracker - Pull Formulário da Vigilancia Hospitalar - Skipping submission 1105 of 1156: already downloaded
2025-12-30 01:48:19,372 [ForkJoinPool-3-worker-4] INFO  o.o.b.p.a.PullFromAggregateTracker - Pull Formulário da Vigilancia Hospitalar - Skipping submission 1106 of 1156: already downloaded
2025-12-30 01:48:19,497 [ForkJoinPool-3-worker-4] INFO  o.o.b.p.a.PullFromAggregateTracker - Pull Formulário da Vigilancia Hospitalar - Skipping submission 1107 of 1156: already downloaded
2025-12-30 01:48:19,457 [ForkJoinPool-3-worker-1] INFO  o.o.b.p.a.PullFromAggregateTracker - Pull Formulário da Vigilancia Hospitalar - Laboratório - Submission 72 of 74 downloaded
2025-12-30 01:48:19,552 [ForkJoinPool-3-worker-4] INFO  o.o.b.p.a.PullFromAggregateTracker - Pull Formulário da Vigilancia Hospitalar - Skipping submission 1108 of 1156: already downloaded
2025-12-30 01:48:19,555 [ForkJoinPool-3-worker-3] INFO  o.o.b.p.a.PullFromAggregateTracker - Pull Formulário da Vigilancia Hospitalar - Submission 210 of 250 downloaded
2025-12-30 01:48:19,555 [ForkJoinPool-3-worker-2] INFO  o.o.b.p.a.PullFromAggregateTracker - Pull Formulário da Vigilancia Hospitalar - Laboratório - Submission 74 of 74 downloaded
2025-12-30 01:48:19,555 [ForkJoinPool-3-worker-11] INFO  o.o.b.p.a.PullFromAggregateTracker - Pull VIGILÂNCIA  AMBIENTAL - Submission 146 of 149 downloaded
2025-12-30 01:48:19,566 [ForkJoinPool-3-worker-9] INFO  o.o.b.p.a.PullFromAggregateTracker - Pull Formulário da Vigilancia Hospitalar - Submission 1095 of 1156 downloaded
2025-12-30 01:48:19,571 [ForkJoinPool-3-worker-4] INFO  o.o.b.p.a.PullFromAggregateTracker - Pull Formulário da Vigilancia Hospitalar - Skipping submission 1109 of 1156: already downloaded
2025-12-30 01:48:19,573 [ForkJoinPool-3-worker-11] INFO  o.o.b.p.a.PullFromAggregateTracker - Pull VIGILÂNCIA  AMBIENTAL - Start downloading submission 147 of 149
2025-12-30 01:48:19,595 [ForkJoinPool-3-worker-3] INFO  o.o.b.p.a.PullFromAggregateTracker - Pull Formulário da Vigilancia Hospitalar - Start downloading submission 211 of 250
2025-12-30 01:48:19,597 [ForkJoinPool-3-worker-8] INFO  o.o.b.p.a.PullFromAggregateTracker - Pull Formulário da Vigilancia Hospitalar - Laboratório - Submission 73 of 74 downloaded
2025-12-30 01:48:19,603 [ForkJoinPool-3-worker-10] INFO  o.o.b.p.a.PullFromAggregateTracker - Pull Formulário da Vigilancia Hospitalar - Laboratório - Submission 618 of 642 downloaded
2025-12-30 01:48:19,605 [ForkJoinPool-3-worker-15] INFO  o.o.b.p.a.PullFromAggregateTracker - Pull Formulário da Vigilancia Hospitalar - Submission 1097 of 1156 downloaded
2025-12-30 01:48:19,607 [ForkJoinPool-3-worker-4] INFO  o.o.b.p.a.PullFromAggregateTracker - Pull Formulário da Vigilancia Hospitalar - Skipping submission 1110 of 1156: already downloaded
2025-12-30 01:48:19,623 [ForkJoinPool-3-worker-2] INFO  o.o.b.p.a.PullFromAggregateTracker - Pull Formulário da Vigilancia Hospitalar - Laboratório - Success
2025-12-30 01:48:19,669 [ForkJoinPool-3-worker-1] INFO  o.o.b.p.a.PullFromAggregateTracker - Pull Formulário da Vigilancia Hospitalar - Skipping submission 212 of 250: already downloaded
2025-12-30 01:48:19,848 [ForkJoinPool-3-worker-6] INFO  o.o.b.p.a.PullFromAggregateTracker - Pull Formulário da Vigilancia Hospitalar - Submission 1096 of 1156 downloaded
2025-12-30 01:48:19,927 [ForkJoinPool-3-worker-8] INFO  o.o.b.p.a.PullFromAggregateTracker - Pull Formulário da Vigilancia Hospitalar - Start downloading submission 213 of 250
2025-12-30 01:48:19,974 [ForkJoinPool-3-worker-10] INFO  o.o.b.p.a.PullFromAggregateTracker - Pull Formulário da Vigilancia Hospitalar - Laboratório - Start downloading submission 619 of 642
2025-12-30 01:48:19,990 [ForkJoinPool-3-worker-1] INFO  o.o.b.p.a.PullFromAggregateTracker - Pull Formulário da Vigilancia Hospitalar - Skipping submission 214 of 250: already downloaded
2025-12-30 01:48:20,000 [ForkJoinPool-3-worker-15] INFO  o.o.b.p.a.PullFromAggregateTracker - Pull Formulário da Vigilancia Hospitalar - Start downloading submission 1114 of 1156
2025-12-30 01:48:19,998 [ForkJoinPool-3-worker-2] INFO  o.o.b.p.a.PullFromAggregateTracker - Pull Formulário da Vigilancia Hospitalar - Laboratório - Start downloading submission 620 of 642
2025-12-30 01:48:19,985 [ForkJoinPool-3-worker-9] INFO  o.o.b.p.a.PullFromAggregateTracker - Pull Formulário da Vigilancia Hospitalar - Start downloading submission 1112 of 1156
2025-12-30 01:48:19,998 [ForkJoinPool-3-worker-6] INFO  o.o.b.p.a.PullFromAggregateTracker - Pull Formulário da Vigilancia Hospitalar - Start downloading submission 1113 of 1156
2025-12-30 01:48:19,998 [ForkJoinPool-3-worker-4] INFO  o.o.b.p.a.PullFromAggregateTracker - Pull Formulário da Vigilancia Hospitalar - Skipping submission 1111 of 1156: already downloaded
2025-12-30 01:48:20,028 [ForkJoinPool-3-worker-1] INFO  o.o.b.p.a.PullFromAggregateTracker - Pull Formulário da Vigilancia Hospitalar - Skipping submission 215 of 250: already downloaded
2025-12-30 01:48:20,072 [ForkJoinPool-3-worker-1] INFO  o.o.b.p.a.PullFromAggregateTracker - Pull Formulário da Vigilancia Hospitalar - Skipping submission 216 of 250: already downloaded
2025-12-30 01:48:20,079 [ForkJoinPool-3-worker-13] INFO  o.o.b.p.a.PullFromAggregateTracker - Pull Formulário da Vigilancia Comunitaria - Submission 1285 of 1299 downloaded
2025-12-30 01:48:20,083 [ForkJoinPool-3-worker-4] INFO  o.o.b.p.a.PullFromAggregateTracker - Pull Formulário da Vigilancia Hospitalar - Skipping submission 1115 of 1156: already downloaded
2025-12-30 01:48:20,092 [ForkJoinPool-3-worker-1] INFO  o.o.b.p.a.PullFromAggregateTracker - Pull Formulário da Vigilancia Hospitalar - Skipping submission 217 of 250: already downloaded
2025-12-30 01:48:20,113 [ForkJoinPool-3-worker-4] INFO  o.o.b.p.a.PullFromAggregateTracker - Pull Formulário da Vigilancia Hospitalar - Skipping submission 1116 of 1156: already downloaded
2025-12-30 01:48:20,113 [ForkJoinPool-3-worker-1] INFO  o.o.b.p.a.PullFromAggregateTracker - Pull Formulário da Vigilancia Hospitalar - Skipping submission 218 of 250: already downloaded
2025-12-30 01:48:20,113 [ForkJoinPool-3-worker-4] INFO  o.o.b.p.a.PullFromAggregateTracker - Pull Formulário da Vigilancia Hospitalar - Skipping submission 1117 of 1156: already downloaded
2025-12-30 01:48:20,113 [ForkJoinPool-3-worker-13] INFO  o.o.b.p.a.PullFromAggregateTracker - Pull Formulário da Vigilancia Comunitaria - Start downloading submission 1286 of 1299
2025-12-30 01:48:20,122 [ForkJoinPool-3-worker-1] INFO  o.o.b.p.a.PullFromAggregateTracker - Pull Formulário da Vigilancia Hospitalar - Skipping submission 219 of 250: already downloaded
2025-12-30 01:48:20,128 [ForkJoinPool-3-worker-4] INFO  o.o.b.p.a.PullFromAggregateTracker - Pull Formulário da Vigilancia Hospitalar - Skipping submission 1118 of 1156: already downloaded
2025-12-30 01:48:20,139 [ForkJoinPool-3-worker-1] INFO  o.o.b.p.a.PullFromAggregateTracker - Pull Formulário da Vigilancia Hospitalar - Skipping submission 220 of 250: already downloaded
2025-12-30 01:48:20,152 [ForkJoinPool-3-worker-4] INFO  o.o.b.p.a.PullFromAggregateTracker - Pull Formulário da Vigilancia Hospitalar - Start downloading submission 221 of 250
2025-12-30 01:48:20,152 [ForkJoinPool-3-worker-1] INFO  o.o.b.p.a.PullFromAggregateTracker - Pull Formulário da Vigilancia Hospitalar - Skipping submission 222 of 250: already downloaded
2025-12-30 01:48:20,154 [ForkJoinPool-3-worker-1] INFO  o.o.b.p.a.PullFromAggregateTracker - Pull Formulário da Vigilancia Hospitalar - Start downloading submission 223 of 250
2025-12-30 01:48:20,304 [ForkJoinPool-3-worker-11] INFO  o.o.b.p.a.PullFromAggregateTracker - Pull VIGILÂNCIA  AMBIENTAL - Submission 147 of 149 downloaded
2025-12-30 01:48:20,336 [ForkJoinPool-3-worker-11] INFO  o.o.b.p.a.PullFromAggregateTracker - Pull VIGILÂNCIA  AMBIENTAL - Skipping submission 148 of 149: already downloaded
2025-12-30 01:48:20,352 [ForkJoinPool-3-worker-3] INFO  o.o.b.p.a.PullFromAggregateTracker - Pull Formulário da Vigilancia Hospitalar - Submission 211 of 250 downloaded
2025-12-30 01:48:20,360 [ForkJoinPool-3-worker-8] INFO  o.o.b.p.a.PullFromAggregateTracker - Pull Formulário da Vigilancia Hospitalar - Submission 213 of 250 downloaded
2025-12-30 01:48:20,363 [ForkJoinPool-3-worker-11] INFO  o.o.b.p.a.PullFromAggregateTracker - Pull VIGILÂNCIA  AMBIENTAL - Skipping submission 149 of 149: already downloaded
2025-12-30 01:48:20,365 [ForkJoinPool-3-worker-2] INFO  o.o.b.p.a.PullFromAggregateTracker - Pull Formulário da Vigilancia Hospitalar - Laboratório - Submission 620 of 642 downloaded
2025-12-30 01:48:20,367 [ForkJoinPool-3-worker-10] INFO  o.o.b.p.a.PullFromAggregateTracker - Pull Formulário da Vigilancia Hospitalar - Laboratório - Submission 619 of 642 downloaded
2025-12-30 01:48:20,377 [ForkJoinPool-3-worker-6] INFO  o.o.b.p.a.PullFromAggregateTracker - Pull Formulário da Vigilancia Hospitalar - Submission 1113 of 1156 downloaded
2025-12-30 01:48:20,379 [ForkJoinPool-3-worker-9] INFO  o.o.b.p.a.PullFromAggregateTracker - Pull Formulário da Vigilancia Hospitalar - Submission 1112 of 1156 downloaded
2025-12-30 01:48:20,381 [ForkJoinPool-3-worker-11] INFO  o.o.b.p.a.PullFromAggregateTracker - Pull VIGILÂNCIA  AMBIENTAL - Success
2025-12-30 01:48:20,383 [ForkJoinPool-3-worker-6] INFO  o.o.b.p.a.PullFromAggregateTracker - Pull Formulário da Vigilancia Hospitalar - Start downloading submission 1119 of 1156
2025-12-30 01:48:20,393 [ForkJoinPool-3-worker-2] INFO  o.o.b.p.a.PullFromAggregateTracker - Pull Formulário da Vigilancia Hospitalar - Laboratório - Start downloading submission 622 of 642
2025-12-30 01:48:20,389 [ForkJoinPool-3-worker-9] INFO  o.o.b.p.a.PullFromAggregateTracker - Pull Formulário da Vigilancia Hospitalar - Start downloading submission 1120 of 1156
2025-12-30 01:48:20,405 [ForkJoinPool-3-worker-3] INFO  o.o.b.p.a.PullFromAggregateTracker - Pull Formulário da Vigilancia Hospitalar - Skipping submission 224 of 250: already downloaded
2025-12-30 01:48:20,397 [ForkJoinPool-3-worker-10] INFO  o.o.b.p.a.PullFromAggregateTracker - Pull Formulário da Vigilancia Hospitalar - Laboratório - Start downloading submission 621 of 642
2025-12-30 01:48:20,403 [ForkJoinPool-3-worker-15] INFO  o.o.b.p.a.PullFromAggregateTracker - Pull Formulário da Vigilancia Hospitalar - Submission 1114 of 1156 downloaded
2025-12-30 01:48:20,461 [ForkJoinPool-3-worker-3] INFO  o.o.b.p.a.PullFromAggregateTracker - Pull Formulário da Vigilancia Hospitalar - Skipping submission 225 of 250: already downloaded
2025-12-30 01:48:20,462 [ForkJoinPool-3-worker-8] INFO  o.o.b.p.a.PullFromAggregateTracker - Pull Formulário da Vigilancia Hospitalar - Start downloading submission 226 of 250
2025-12-30 01:48:20,440 [ForkJoinPool-3-worker-15] INFO  o.o.b.p.a.PullFromAggregateTracker - Pull Formulário da Vigilancia Hospitalar - Start downloading submission 1121 of 1156
2025-12-30 01:48:20,503 [ForkJoinPool-3-worker-11] INFO  o.o.b.p.a.PullFromAggregateTracker - Pull Formulário da Vigilancia Hospitalar - Laboratório - Skipping submission 623 of 642: already downloaded
2025-12-30 01:48:20,505 [ForkJoinPool-3-worker-11] INFO  o.o.b.p.a.PullFromAggregateTracker - Pull Formulário da Vigilancia Hospitalar - Laboratório - Skipping submission 624 of 642: already downloaded
2025-12-30 01:48:20,505 [ForkJoinPool-3-worker-13] INFO  o.o.b.p.a.PullFromAggregateTracker - Pull Formulário da Vigilancia Comunitaria - Submission 1286 of 1299 downloaded
2025-12-30 01:48:20,512 [ForkJoinPool-3-worker-3] INFO  o.o.b.p.a.PullFromAggregateTracker - Pull Formulário da Vigilancia Hospitalar - Skipping submission 227 of 250: already downloaded
2025-12-30 01:48:20,524 [ForkJoinPool-3-worker-13] INFO  o.o.b.p.a.PullFromAggregateTracker - Pull Formulário da Vigilancia Comunitaria - Start downloading submission 1287 of 1299
2025-12-30 01:48:20,530 [ForkJoinPool-3-worker-1] INFO  o.o.b.p.a.PullFromAggregateTracker - Pull Formulário da Vigilancia Hospitalar - Submission 223 of 250 downloaded
2025-12-30 01:48:20,530 [ForkJoinPool-3-worker-11] INFO  o.o.b.p.a.PullFromAggregateTracker - Pull Formulário da Vigilancia Hospitalar - Laboratório - Skipping submission 625 of 642: already downloaded
2025-12-30 01:48:20,532 [ForkJoinPool-3-worker-11] INFO  o.o.b.p.a.PullFromAggregateTracker - Pull Formulário da Vigilancia Hospitalar - Laboratório - Skipping submission 626 of 642: already downloaded
2025-12-30 01:48:20,542 [ForkJoinPool-3-worker-11] INFO  o.o.b.p.a.PullFromAggregateTracker - Pull Formulário da Vigilancia Hospitalar - Laboratório - Skipping submission 627 of 642: already downloaded
2025-12-30 01:48:20,546 [ForkJoinPool-3-worker-3] INFO  o.o.b.p.a.PullFromAggregateTracker - Pull Formulário da Vigilancia Hospitalar - Skipping submission 228 of 250: already downloaded
2025-12-30 01:48:20,554 [ForkJoinPool-3-worker-4] INFO  o.o.b.p.a.PullFromAggregateTracker - Pull Formulário da Vigilancia Hospitalar - Submission 221 of 250 downloaded
2025-12-30 01:48:20,561 [ForkJoinPool-3-worker-1] INFO  o.o.b.p.a.PullFromAggregateTracker - Pull Formulário da Vigilancia Hospitalar - Start downloading submission 229 of 250
2025-12-30 01:48:20,564 [ForkJoinPool-3-worker-4] INFO  o.o.b.p.a.PullFromAggregateTracker - Pull Formulário da Vigilancia Hospitalar - Start downloading submission 231 of 250
2025-12-30 01:48:20,584 [ForkJoinPool-3-worker-3] INFO  o.o.b.p.a.PullFromAggregateTracker - Pull Formulário da Vigilancia Hospitalar - Skipping submission 230 of 250: already downloaded
2025-12-30 01:48:20,575 [ForkJoinPool-3-worker-11] INFO  o.o.b.p.a.PullFromAggregateTracker - Pull Formulário da Vigilancia Hospitalar - Laboratório - Skipping submission 628 of 642: already downloaded
2025-12-30 01:48:20,595 [ForkJoinPool-3-worker-11] INFO  o.o.b.p.a.PullFromAggregateTracker - Pull Formulário da Vigilancia Hospitalar - Laboratório - Start downloading submission 629 of 642
2025-12-30 01:48:20,605 [ForkJoinPool-3-worker-3] INFO  o.o.b.p.a.PullFromAggregateTracker - Pull Formulário da Vigilancia Hospitalar - Skipping submission 232 of 250: already downloaded
2025-12-30 01:48:20,621 [ForkJoinPool-3-worker-3] INFO  o.o.b.p.a.PullFromAggregateTracker - Pull Formulário da Vigilancia Hospitalar - Skipping submission 233 of 250: already downloaded
2025-12-30 01:48:20,657 [ForkJoinPool-3-worker-3] INFO  o.o.b.p.a.PullFromAggregateTracker - Pull Formulário da Vigilancia Hospitalar - Skipping submission 234 of 250: already downloaded
2025-12-30 01:48:20,674 [ForkJoinPool-3-worker-3] INFO  o.o.b.p.a.PullFromAggregateTracker - Pull Formulário da Vigilancia Hospitalar - Skipping submission 235 of 250: already downloaded
2025-12-30 01:48:20,676 [ForkJoinPool-3-worker-2] INFO  o.o.b.p.a.PullFromAggregateTracker - Pull Formulário da Vigilancia Hospitalar - Laboratório - Submission 622 of 642 downloaded
2025-12-30 01:48:20,682 [ForkJoinPool-3-worker-3] INFO  o.o.b.p.a.PullFromAggregateTracker - Pull Formulário da Vigilancia Hospitalar - Skipping submission 236 of 250: already downloaded
2025-12-30 01:48:20,684 [ForkJoinPool-3-worker-10] INFO  o.o.b.p.a.PullFromAggregateTracker - Pull Formulário da Vigilancia Hospitalar - Laboratório - Submission 621 of 642 downloaded
2025-12-30 01:48:20,686 [ForkJoinPool-3-worker-2] INFO  o.o.b.p.a.PullFromAggregateTracker - Pull Formulário da Vigilancia Hospitalar - Laboratório - Start downloading submission 630 of 642
2025-12-30 01:48:20,699 [ForkJoinPool-3-worker-10] INFO  o.o.b.p.a.PullFromAggregateTracker - Pull Formulário da Vigilancia Hospitalar - Laboratório - Start downloading submission 631 of 642
2025-12-30 01:48:20,703 [ForkJoinPool-3-worker-3] INFO  o.o.b.p.a.PullFromAggregateTracker - Pull Formulário da Vigilancia Hospitalar - Skipping submission 237 of 250: already downloaded
2025-12-30 01:48:20,706 [ForkJoinPool-3-worker-9] INFO  o.o.b.p.a.PullFromAggregateTracker - Pull Formulário da Vigilancia Hospitalar - Submission 1120 of 1156 downloaded
2025-12-30 01:48:20,705 [ForkJoinPool-3-worker-6] INFO  o.o.b.p.a.PullFromAggregateTracker - Pull Formulário da Vigilancia Hospitalar - Submission 1119 of 1156 downloaded
2025-12-30 01:48:20,718 [ForkJoinPool-3-worker-3] INFO  o.o.b.p.a.PullFromAggregateTracker - Pull Formulário da Vigilancia Hospitalar - Skipping submission 238 of 250: already downloaded
2025-12-30 01:48:20,720 [ForkJoinPool-3-worker-6] INFO  o.o.b.p.a.PullFromAggregateTracker - Pull Formulário da Vigilancia Hospitalar - Start downloading submission 1122 of 1156
2025-12-30 01:48:20,720 [ForkJoinPool-3-worker-3] INFO  o.o.b.p.a.PullFromAggregateTracker - Pull Formulário da Vigilancia Hospitalar - Skipping submission 239 of 250: already downloaded
2025-12-30 01:48:20,733 [ForkJoinPool-3-worker-9] INFO  o.o.b.p.a.PullFromAggregateTracker - Pull Formulário da Vigilancia Hospitalar - Start downloading submission 1123 of 1156
2025-12-30 01:48:20,757 [ForkJoinPool-3-worker-3] INFO  o.o.b.p.a.PullFromAggregateTracker - Pull Formulário da Vigilancia Hospitalar - Skipping submission 240 of 250: already downloaded
2025-12-30 01:48:20,780 [ForkJoinPool-3-worker-15] INFO  o.o.b.p.a.PullFromAggregateTracker - Pull Formulário da Vigilancia Hospitalar - Submission 1121 of 1156 downloaded
2025-12-30 01:48:20,774 [ForkJoinPool-3-worker-3] INFO  o.o.b.p.a.PullFromAggregateTracker - Pull Formulário da Vigilancia Hospitalar - Skipping submission 241 of 250: already downloaded
2025-12-30 01:48:20,792 [ForkJoinPool-3-worker-15] INFO  o.o.b.p.a.PullFromAggregateTracker - Pull Formulário da Vigilancia Hospitalar - Start downloading submission 1124 of 1156
2025-12-30 01:48:20,792 [ForkJoinPool-3-worker-3] INFO  o.o.b.p.a.PullFromAggregateTracker - Pull Formulário da Vigilancia Hospitalar - Skipping submission 242 of 250: already downloaded
2025-12-30 01:48:20,800 [ForkJoinPool-3-worker-8] INFO  o.o.b.p.a.PullFromAggregateTracker - Pull Formulário da Vigilancia Hospitalar - Submission 226 of 250 downloaded
2025-12-30 01:48:20,805 [ForkJoinPool-3-worker-13] INFO  o.o.b.p.a.PullFromAggregateTracker - Pull Formulário da Vigilancia Comunitaria - Submission 1287 of 1299 downloaded
2025-12-30 01:48:20,813 [ForkJoinPool-3-worker-4] INFO  o.o.b.p.a.PullFromAggregateTracker - Pull Formulário da Vigilancia Hospitalar - Submission 231 of 250 downloaded
2025-12-30 01:48:20,815 [ForkJoinPool-3-worker-13] INFO  o.o.b.p.a.PullFromAggregateTracker - Pull Formulário da Vigilancia Comunitaria - Start downloading submission 1288 of 1299
2025-12-30 01:48:20,820 [ForkJoinPool-3-worker-3] INFO  o.o.b.p.a.PullFromAggregateTracker - Pull Formulário da Vigilancia Hospitalar - Skipping submission 243 of 250: already downloaded
2025-12-30 01:48:20,826 [ForkJoinPool-3-worker-4] INFO  o.o.b.p.a.PullFromAggregateTracker - Pull Formulário da Vigilancia Hospitalar - Start downloading submission 245 of 250
2025-12-30 01:48:20,827 [ForkJoinPool-3-worker-8] INFO  o.o.b.p.a.PullFromAggregateTracker - Pull Formulário da Vigilancia Hospitalar - Start downloading submission 246 of 250
2025-12-30 01:48:20,823 [ForkJoinPool-3-worker-3] INFO  o.o.b.p.a.PullFromAggregateTracker - Pull Formulário da Vigilancia Hospitalar - Skipping submission 244 of 250: already downloaded
2025-12-30 01:48:20,835 [ForkJoinPool-3-worker-3] INFO  o.o.b.p.a.PullFromAggregateTracker - Pull Formulário da Vigilancia Hospitalar - Skipping submission 247 of 250: already downloaded
2025-12-30 01:48:20,854 [ForkJoinPool-3-worker-1] INFO  o.o.b.p.a.PullFromAggregateTracker - Pull Formulário da Vigilancia Hospitalar - Submission 229 of 250 downloaded
2025-12-30 01:48:20,857 [ForkJoinPool-3-worker-1] INFO  o.o.b.p.a.PullFromAggregateTracker - Pull Formulário da Vigilancia Hospitalar - Start downloading submission 248 of 250
2025-12-30 01:48:20,872 [ForkJoinPool-3-worker-11] INFO  o.o.b.p.a.PullFromAggregateTracker - Pull Formulário da Vigilancia Hospitalar - Laboratório - Submission 629 of 642 downloaded
2025-12-30 01:48:20,879 [ForkJoinPool-3-worker-11] INFO  o.o.b.p.a.PullFromAggregateTracker - Pull Formulário da Vigilancia Hospitalar - Laboratório - Start downloading submission 632 of 642
2025-12-30 01:48:20,992 [ForkJoinPool-3-worker-6] INFO  o.o.b.p.a.PullFromAggregateTracker - Pull Formulário da Vigilancia Hospitalar - Submission 1122 of 1156 downloaded
2025-12-30 01:48:20,992 [ForkJoinPool-3-worker-2] INFO  o.o.b.p.a.PullFromAggregateTracker - Pull Formulário da Vigilancia Hospitalar - Laboratório - Submission 630 of 642 downloaded
2025-12-30 01:48:20,995 [ForkJoinPool-3-worker-10] INFO  o.o.b.p.a.PullFromAggregateTracker - Pull Formulário da Vigilancia Hospitalar - Laboratório - Submission 631 of 642 downloaded
2025-12-30 01:48:20,995 [ForkJoinPool-3-worker-9] INFO  o.o.b.p.a.PullFromAggregateTracker - Pull Formulário da Vigilancia Hospitalar - Submission 1123 of 1156 downloaded
2025-12-30 01:48:21,002 [ForkJoinPool-3-worker-6] INFO  o.o.b.p.a.PullFromAggregateTracker - Pull Formulário da Vigilancia Hospitalar - Start downloading submission 1125 of 1156
2025-12-30 01:48:21,013 [ForkJoinPool-3-worker-9] INFO  o.o.b.p.a.PullFromAggregateTracker - Pull Formulário da Vigilancia Hospitalar - Start downloading submission 1126 of 1156
2025-12-30 01:48:21,014 [ForkJoinPool-3-worker-10] INFO  o.o.b.p.a.PullFromAggregateTracker - Pull Formulário da Vigilancia Hospitalar - Laboratório - Start downloading submission 634 of 642
2025-12-30 01:48:21,014 [ForkJoinPool-3-worker-2] INFO  o.o.b.p.a.PullFromAggregateTracker - Pull Formulário da Vigilancia Hospitalar - Laboratório - Start downloading submission 633 of 642
2025-12-30 01:48:21,112 [ForkJoinPool-3-worker-4] INFO  o.o.b.p.a.PullFromAggregateTracker - Pull Formulário da Vigilancia Hospitalar - Submission 245 of 250 downloaded
2025-12-30 01:48:21,115 [ForkJoinPool-3-worker-8] INFO  o.o.b.p.a.PullFromAggregateTracker - Pull Formulário da Vigilancia Hospitalar - Submission 246 of 250 downloaded
2025-12-30 01:48:21,112 [ForkJoinPool-3-worker-15] INFO  o.o.b.p.a.PullFromAggregateTracker - Pull Formulário da Vigilancia Hospitalar - Submission 1124 of 1156 downloaded
2025-12-30 01:48:21,113 [ForkJoinPool-3-worker-13] INFO  o.o.b.p.a.PullFromAggregateTracker - Pull Formulário da Vigilancia Comunitaria - Submission 1288 of 1299 downloaded
2025-12-30 01:48:21,128 [ForkJoinPool-3-worker-13] INFO  o.o.b.p.a.PullFromAggregateTracker - Pull Formulário da Vigilancia Comunitaria - Start downloading submission 1289 of 1299
2025-12-30 01:48:21,132 [ForkJoinPool-3-worker-4] INFO  o.o.b.p.a.PullFromAggregateTracker - Pull Formulário da Vigilancia Hospitalar - Start downloading submission 250 of 250
2025-12-30 01:48:21,132 [ForkJoinPool-3-worker-8] INFO  o.o.b.p.a.PullFromAggregateTracker - Pull Formulário da Vigilancia Hospitalar - Start downloading submission 249 of 250
2025-12-30 01:48:21,132 [ForkJoinPool-3-worker-15] INFO  o.o.b.p.a.PullFromAggregateTracker - Pull Formulário da Vigilancia Hospitalar - Start downloading submission 1127 of 1156
2025-12-30 01:48:21,223 [ForkJoinPool-3-worker-11] INFO  o.o.b.p.a.PullFromAggregateTracker - Pull Formulário da Vigilancia Hospitalar - Laboratório - Submission 632 of 642 downloaded
2025-12-30 01:48:21,231 [ForkJoinPool-3-worker-11] INFO  o.o.b.p.a.PullFromAggregateTracker - Pull Formulário da Vigilancia Hospitalar - Laboratório - Start downloading submission 635 of 642
2025-12-30 01:48:21,239 [ForkJoinPool-3-worker-1] INFO  o.o.b.p.a.PullFromAggregateTracker - Pull Formulário da Vigilancia Hospitalar - Submission 248 of 250 downloaded
2025-12-30 01:48:21,248 [ForkJoinPool-3-worker-1] INFO  o.o.b.p.a.PullFromAggregateTracker - Pull VIGILÂNCIA  AMBIENTAL - Start pulling form and submissions
2025-12-30 01:48:21,248 [ForkJoinPool-3-worker-1] INFO  o.o.b.p.a.PullFromAggregateTracker - Pull VIGILÂNCIA  AMBIENTAL - Start downloading form
2025-12-30 01:48:21,311 [ForkJoinPool-3-worker-10] INFO  o.o.b.p.a.PullFromAggregateTracker - Pull Formulário da Vigilancia Hospitalar - Laboratório - Submission 634 of 642 downloaded
2025-12-30 01:48:21,339 [ForkJoinPool-3-worker-9] INFO  o.o.b.p.a.PullFromAggregateTracker - Pull Formulário da Vigilancia Hospitalar - Submission 1126 of 1156 downloaded
2025-12-30 01:48:21,361 [ForkJoinPool-3-worker-6] INFO  o.o.b.p.a.PullFromAggregateTracker - Pull Formulário da Vigilancia Hospitalar - Submission 1125 of 1156 downloaded
2025-12-30 01:48:21,356 [ForkJoinPool-3-worker-2] INFO  o.o.b.p.a.PullFromAggregateTracker - Pull Formulário da Vigilancia Hospitalar - Laboratório - Submission 633 of 642 downloaded
2025-12-30 01:48:21,371 [ForkJoinPool-3-worker-6] INFO  o.o.b.p.a.PullFromAggregateTracker - Pull Formulário da Vigilancia Hospitalar - Start downloading submission 1129 of 1156
2025-12-30 01:48:21,373 [ForkJoinPool-3-worker-9] INFO  o.o.b.p.a.PullFromAggregateTracker - Pull Formulário da Vigilancia Hospitalar - Start downloading submission 1128 of 1156
2025-12-30 01:48:21,379 [ForkJoinPool-3-worker-2] INFO  o.o.b.p.a.PullFromAggregateTracker - Pull Formulário da Vigilancia Hospitalar - Laboratório - Start downloading submission 636 of 642
2025-12-30 01:48:21,381 [ForkJoinPool-3-worker-8] INFO  o.o.b.p.a.PullFromAggregateTracker - Pull Formulário da Vigilancia Hospitalar - Submission 249 of 250 downloaded
2025-12-30 01:48:21,382 [ForkJoinPool-3-worker-13] INFO  o.o.b.p.a.PullFromAggregateTracker - Pull Formulário da Vigilancia Comunitaria - Submission 1289 of 1299 downloaded
2025-12-30 01:48:21,403 [ForkJoinPool-3-worker-13] INFO  o.o.b.p.a.PullFromAggregateTracker - Pull Formulário da Vigilancia Comunitaria - Start downloading submission 1290 of 1299
2025-12-30 01:48:21,393 [ForkJoinPool-3-worker-8] INFO  o.o.b.p.a.PullFromAggregateTracker - Pull Formulário da Vigilancia Comunitaria - Start pulling form and submissions
2025-12-30 01:48:21,407 [ForkJoinPool-3-worker-8] INFO  o.o.b.p.a.PullFromAggregateTracker - Pull Formulário da Vigilancia Comunitaria - Start downloading form
2025-12-30 01:48:21,416 [ForkJoinPool-3-worker-4] INFO  o.o.b.p.a.PullFromAggregateTracker - Pull Formulário da Vigilancia Hospitalar - Submission 250 of 250 downloaded
2025-12-30 01:48:21,424 [ForkJoinPool-3-worker-3] INFO  o.o.b.p.a.PullFromAggregateTracker - Pull Formulário da Vigilancia Hospitalar - Success
2025-12-30 01:48:21,439 [ForkJoinPool-3-worker-4] INFO  o.o.b.p.a.PullFromAggregateTracker - Pull Formulário da Vigilancia Hospitalar - Start pulling form and submissions
2025-12-30 01:48:21,449 [ForkJoinPool-3-worker-4] INFO  o.o.b.p.a.PullFromAggregateTracker - Pull Formulário da Vigilancia Hospitalar - Start downloading form
2025-12-30 01:48:21,456 [ForkJoinPool-3-worker-3] INFO  o.o.b.p.a.PullFromAggregateTracker - Pull VIGILÂNCIA  AMBIENTAL - Start pulling form and submissions
2025-12-30 01:48:21,458 [ForkJoinPool-3-worker-3] INFO  o.o.b.p.a.PullFromAggregateTracker - Pull VIGILÂNCIA  AMBIENTAL - Start downloading form
2025-12-30 01:48:21,474 [ForkJoinPool-3-worker-15] INFO  o.o.b.p.a.PullFromAggregateTracker - Pull Formulário da Vigilancia Hospitalar - Submission 1127 of 1156 downloaded
2025-12-30 01:48:21,498 [ForkJoinPool-3-worker-11] INFO  o.o.b.p.a.PullFromAggregateTracker - Pull Formulário da Vigilancia Hospitalar - Laboratório - Submission 635 of 642 downloaded
2025-12-30 01:48:21,500 [ForkJoinPool-3-worker-15] INFO  o.o.b.p.a.PullFromAggregateTracker - Pull Formulário da Vigilancia Hospitalar - Start downloading submission 1130 of 1156
2025-12-30 01:48:21,518 [ForkJoinPool-3-worker-11] INFO  o.o.b.p.a.PullFromAggregateTracker - Pull Formulário da Vigilancia Hospitalar - Laboratório - Start downloading submission 637 of 642
2025-12-30 01:48:21,683 [ForkJoinPool-3-worker-6] INFO  o.o.b.p.a.PullFromAggregateTracker - Pull Formulário da Vigilancia Hospitalar - Submission 1129 of 1156 downloaded
2025-12-30 01:48:21,686 [ForkJoinPool-3-worker-13] INFO  o.o.b.p.a.PullFromAggregateTracker - Pull Formulário da Vigilancia Comunitaria - Submission 1290 of 1299 downloaded
2025-12-30 01:48:21,691 [ForkJoinPool-3-worker-2] INFO  o.o.b.p.a.PullFromAggregateTracker - Pull Formulário da Vigilancia Hospitalar - Laboratório - Submission 636 of 642 downloaded
2025-12-30 01:48:21,689 [ForkJoinPool-3-worker-9] INFO  o.o.b.p.a.PullFromAggregateTracker - Pull Formulário da Vigilancia Hospitalar - Submission 1128 of 1156 downloaded
2025-12-30 01:48:21,697 [ForkJoinPool-3-worker-13] INFO  o.o.b.p.a.PullFromAggregateTracker - Pull Formulário da Vigilancia Comunitaria - Start downloading submission 1291 of 1299
2025-12-30 01:48:21,701 [ForkJoinPool-3-worker-6] INFO  o.o.b.p.a.PullFromAggregateTracker - Pull Formulário da Vigilancia Hospitalar - Start downloading submission 1131 of 1156
2025-12-30 01:48:21,695 [ForkJoinPool-3-worker-2] INFO  o.o.b.p.a.PullFromAggregateTracker - Pull Formulário da Vigilancia Hospitalar - Laboratório - Start downloading submission 638 of 642
2025-12-30 01:48:21,710 [ForkJoinPool-3-worker-9] INFO  o.o.b.p.a.PullFromAggregateTracker - Pull Formulário da Vigilancia Hospitalar - Start downloading submission 1132 of 1156
2025-12-30 01:48:21,764 [ForkJoinPool-3-worker-1] INFO  o.o.b.p.a.PullFromAggregateTracker - Pull VIGILÂNCIA  AMBIENTAL - Form downloaded
2025-12-30 01:48:21,768 [ForkJoinPool-3-worker-1] INFO  o.o.b.p.a.PullFromAggregateTracker - Pull VIGILÂNCIA  AMBIENTAL - Start getting submission IDs
2025-12-30 01:48:21,889 [ForkJoinPool-3-worker-15] INFO  o.o.b.p.a.PullFromAggregateTracker - Pull Formulário da Vigilancia Hospitalar - Submission 1130 of 1156 downloaded
2025-12-30 01:48:21,898 [ForkJoinPool-3-worker-11] INFO  o.o.b.p.a.PullFromAggregateTracker - Pull Formulário da Vigilancia Hospitalar - Laboratório - Submission 637 of 642 downloaded
2025-12-30 01:48:21,897 [ForkJoinPool-3-worker-3] INFO  o.o.b.p.a.PullFromAggregateTracker - Pull VIGILÂNCIA  AMBIENTAL - Form downloaded
2025-12-30 01:48:21,900 [ForkJoinPool-3-worker-15] INFO  o.o.b.p.a.PullFromAggregateTracker - Pull Formulário da Vigilancia Hospitalar - Start downloading submission 1133 of 1156
2025-12-30 01:48:21,902 [ForkJoinPool-3-worker-11] INFO  o.o.b.p.a.PullFromAggregateTracker - Pull Formulário da Vigilancia Comunitaria - Start pulling form and submissions
2025-12-30 01:48:21,904 [ForkJoinPool-3-worker-3] INFO  o.o.b.p.a.PullFromAggregateTracker - Pull VIGILÂNCIA  AMBIENTAL - Start getting submission IDs
2025-12-30 01:48:21,904 [ForkJoinPool-3-worker-11] INFO  o.o.b.p.a.PullFromAggregateTracker - Pull Formulário da Vigilancia Comunitaria - Start downloading form
2025-12-30 01:48:21,969 [ForkJoinPool-3-worker-2] INFO  o.o.b.p.a.PullFromAggregateTracker - Pull Formulário da Vigilancia Hospitalar - Laboratório - Submission 638 of 642 downloaded
2025-12-30 01:48:21,979 [ForkJoinPool-3-worker-2] INFO  o.o.b.p.a.PullFromAggregateTracker - Pull Formulário da Vigilancia Hospitalar - Laboratório - Start downloading submission 639 of 642
2025-12-30 01:48:21,983 [ForkJoinPool-3-worker-6] INFO  o.o.b.p.a.PullFromAggregateTracker - Pull Formulário da Vigilancia Hospitalar - Submission 1131 of 1156 downloaded
2025-12-30 01:48:21,986 [ForkJoinPool-3-worker-6] INFO  o.o.b.p.a.PullFromAggregateTracker - Pull Formulário da Vigilancia Hospitalar - Start downloading submission 1134 of 1156
2025-12-30 01:48:21,988 [ForkJoinPool-3-worker-13] INFO  o.o.b.p.a.PullFromAggregateTracker - Pull Formulário da Vigilancia Comunitaria - Submission 1291 of 1299 downloaded
2025-12-30 01:48:21,992 [ForkJoinPool-3-worker-13] INFO  o.o.b.p.a.PullFromAggregateTracker - Pull Formulário da Vigilancia Comunitaria - Start downloading submission 1292 of 1299
2025-12-30 01:48:22,117 [ForkJoinPool-3-worker-9] INFO  o.o.b.p.a.PullFromAggregateTracker - Pull Formulário da Vigilancia Hospitalar - Submission 1132 of 1156 downloaded
2025-12-30 01:48:22,124 [ForkJoinPool-3-worker-9] INFO  o.o.b.p.a.PullFromAggregateTracker - Pull Formulário da Vigilancia Hospitalar - Start downloading submission 1135 of 1156
2025-12-30 01:48:22,209 [ForkJoinPool-3-worker-15] INFO  o.o.b.p.a.PullFromAggregateTracker - Pull Formulário da Vigilancia Hospitalar - Submission 1133 of 1156 downloaded
2025-12-30 01:48:22,213 [ForkJoinPool-3-worker-2] INFO  o.o.b.p.a.PullFromAggregateTracker - Pull Formulário da Vigilancia Hospitalar - Laboratório - Submission 639 of 642 downloaded
2025-12-30 01:48:22,230 [ForkJoinPool-3-worker-2] INFO  o.o.b.p.a.PullFromAggregateTracker - Pull Formulário da Vigilancia Hospitalar - Laboratório - Start downloading submission 640 of 642
2025-12-30 01:48:22,329 [ForkJoinPool-3-worker-1] INFO  o.o.b.p.a.PullFromAggregateTracker - Pull VIGILÂNCIA  AMBIENTAL - Got all the submission IDs
2025-12-30 01:48:22,336 [ForkJoinPool-3-worker-13] INFO  o.o.b.p.a.PullFromAggregateTracker - Pull Formulário da Vigilancia Comunitaria - Submission 1292 of 1299 downloaded
2025-12-30 01:48:22,340 [ForkJoinPool-3-worker-13] INFO  o.o.b.p.a.PullFromAggregateTracker - Pull Formulário da Vigilancia Comunitaria - Start downloading submission 1293 of 1299
2025-12-30 01:48:22,342 [ForkJoinPool-3-worker-6] INFO  o.o.b.p.a.PullFromAggregateTracker - Pull Formulário da Vigilancia Hospitalar - Submission 1134 of 1156 downloaded
2025-12-30 01:48:22,350 [ForkJoinPool-3-worker-6] INFO  o.o.b.p.a.PullFromAggregateTracker - Pull Formulário da Vigilancia Hospitalar - Start downloading submission 1136 of 1156
2025-12-30 01:48:22,382 [ForkJoinPool-3-worker-1] INFO  o.o.b.p.a.PullFromAggregateTracker - Pull VIGILÂNCIA  AMBIENTAL - Skipping submission 1 of 74: already downloaded
2025-12-30 01:48:22,387 [ForkJoinPool-3-worker-1] INFO  o.o.b.p.a.PullFromAggregateTracker - Pull VIGILÂNCIA  AMBIENTAL - Skipping submission 2 of 74: already downloaded
2025-12-30 01:48:22,390 [ForkJoinPool-3-worker-1] INFO  o.o.b.p.a.PullFromAggregateTracker - Pull VIGILÂNCIA  AMBIENTAL - Skipping submission 3 of 74: already downloaded
2025-12-30 01:48:22,415 [ForkJoinPool-3-worker-3] INFO  o.o.b.p.a.PullFromAggregateTracker - Pull VIGILÂNCIA  AMBIENTAL - Got all the submission IDs
2025-12-30 01:48:22,396 [ForkJoinPool-3-worker-1] INFO  o.o.b.p.a.PullFromAggregateTracker - Pull VIGILÂNCIA  AMBIENTAL - Skipping submission 4 of 74: already downloaded
2025-12-30 01:48:22,480 [ForkJoinPool-3-worker-1] INFO  o.o.b.p.a.PullFromAggregateTracker - Pull VIGILÂNCIA  AMBIENTAL - Skipping submission 5 of 74: already downloaded
2025-12-30 01:48:22,490 [ForkJoinPool-3-worker-1] INFO  o.o.b.p.a.PullFromAggregateTracker - Pull VIGILÂNCIA  AMBIENTAL - Skipping submission 6 of 74: already downloaded
2025-12-30 01:48:22,502 [ForkJoinPool-3-worker-1] INFO  o.o.b.p.a.PullFromAggregateTracker - Pull VIGILÂNCIA  AMBIENTAL - Skipping submission 7 of 74: already downloaded
2025-12-30 01:48:22,514 [ForkJoinPool-3-worker-1] INFO  o.o.b.p.a.PullFromAggregateTracker - Pull VIGILÂNCIA  AMBIENTAL - Skipping submission 8 of 74: already downloaded
2025-12-30 01:48:22,522 [ForkJoinPool-3-worker-1] INFO  o.o.b.p.a.PullFromAggregateTracker - Pull VIGILÂNCIA  AMBIENTAL - Skipping submission 9 of 74: already downloaded
2025-12-30 01:48:22,531 [ForkJoinPool-3-worker-1] INFO  o.o.b.p.a.PullFromAggregateTracker - Pull VIGILÂNCIA  AMBIENTAL - Skipping submission 10 of 74: already downloaded
2025-12-30 01:48:22,537 [ForkJoinPool-3-worker-1] INFO  o.o.b.p.a.PullFromAggregateTracker - Pull VIGILÂNCIA  AMBIENTAL - Skipping submission 11 of 74: already downloaded
2025-12-30 01:48:22,537 [ForkJoinPool-3-worker-1] INFO  o.o.b.p.a.PullFromAggregateTracker - Pull VIGILÂNCIA  AMBIENTAL - Skipping submission 12 of 74: already downloaded
2025-12-30 01:48:22,555 [ForkJoinPool-3-worker-1] INFO  o.o.b.p.a.PullFromAggregateTracker - Pull VIGILÂNCIA  AMBIENTAL - Skipping submission 13 of 74: already downloaded
2025-12-30 01:48:22,576 [ForkJoinPool-3-worker-9] INFO  o.o.b.p.a.PullFromAggregateTracker - Pull Formulário da Vigilancia Hospitalar - Submission 1135 of 1156 downloaded
2025-12-30 01:48:22,579 [ForkJoinPool-3-worker-2] INFO  o.o.b.p.a.PullFromAggregateTracker - Pull Formulário da Vigilancia Hospitalar - Laboratório - Submission 640 of 642 downloaded
2025-12-30 01:48:22,584 [ForkJoinPool-3-worker-1] INFO  o.o.b.p.a.PullFromAggregateTracker - Pull VIGILÂNCIA  AMBIENTAL - Skipping submission 14 of 74: already downloaded
2025-12-30 01:48:22,595 [ForkJoinPool-3-worker-1] INFO  o.o.b.p.a.PullFromAggregateTracker - Pull VIGILÂNCIA  AMBIENTAL - Skipping submission 15 of 74: already downloaded
2025-12-30 01:48:22,596 [ForkJoinPool-3-worker-3] INFO  o.o.b.p.a.PullFromAggregateTracker - Pull VIGILÂNCIA  AMBIENTAL - Start downloading submission 1 of 27
2025-12-30 01:48:22,598 [ForkJoinPool-3-worker-6] INFO  o.o.b.p.a.PullFromAggregateTracker - Pull Formulário da Vigilancia Hospitalar - Submission 1136 of 1156 downloaded
2025-12-30 01:48:22,602 [ForkJoinPool-3-worker-13] INFO  o.o.b.p.a.PullFromAggregateTracker - Pull Formulário da Vigilancia Comunitaria - Submission 1293 of 1299 downloaded
2025-12-30 01:48:22,604 [ForkJoinPool-3-worker-13] INFO  o.o.b.p.a.PullFromAggregateTracker - Pull Formulário da Vigilancia Comunitaria - Start downloading submission 1294 of 1299
2025-12-30 01:48:22,604 [ForkJoinPool-3-worker-2] INFO  o.o.b.p.a.PullFromAggregateTracker - Pull Formulário da Vigilancia Hospitalar - Laboratório - Start downloading submission 641 of 642
2025-12-30 01:48:22,604 [ForkJoinPool-3-worker-1] INFO  o.o.b.p.a.PullFromAggregateTracker - Pull VIGILÂNCIA  AMBIENTAL - Skipping submission 16 of 74: already downloaded
2025-12-30 01:48:22,596 [ForkJoinPool-3-worker-9] INFO  o.o.b.p.a.PullFromAggregateTracker - Pull Formulário da Vigilancia Hospitalar - Start downloading submission 1137 of 1156
2025-12-30 01:48:22,611 [ForkJoinPool-3-worker-6] INFO  o.o.b.p.a.PullFromAggregateTracker - Pull Formulário da Vigilancia Hospitalar - Start downloading submission 1138 of 1156
2025-12-30 01:48:22,614 [ForkJoinPool-3-worker-1] INFO  o.o.b.p.a.PullFromAggregateTracker - Pull VIGILÂNCIA  AMBIENTAL - Skipping submission 17 of 74: already downloaded
2025-12-30 01:48:22,629 [ForkJoinPool-3-worker-1] INFO  o.o.b.p.a.PullFromAggregateTracker - Pull VIGILÂNCIA  AMBIENTAL - Skipping submission 18 of 74: already downloaded
2025-12-30 01:48:22,637 [ForkJoinPool-3-worker-1] INFO  o.o.b.p.a.PullFromAggregateTracker - Pull VIGILÂNCIA  AMBIENTAL - Skipping submission 19 of 74: already downloaded
2025-12-30 01:48:22,638 [ForkJoinPool-3-worker-1] INFO  o.o.b.p.a.PullFromAggregateTracker - Pull VIGILÂNCIA  AMBIENTAL - Skipping submission 20 of 74: already downloaded
2025-12-30 01:48:22,640 [ForkJoinPool-3-worker-1] INFO  o.o.b.p.a.PullFromAggregateTracker - Pull VIGILÂNCIA  AMBIENTAL - Skipping submission 21 of 74: already downloaded
2025-12-30 01:48:22,642 [ForkJoinPool-3-worker-1] INFO  o.o.b.p.a.PullFromAggregateTracker - Pull VIGILÂNCIA  AMBIENTAL - Skipping submission 22 of 74: already downloaded
2025-12-30 01:48:22,648 [ForkJoinPool-3-worker-1] INFO  o.o.b.p.a.PullFromAggregateTracker - Pull VIGILÂNCIA  AMBIENTAL - Skipping submission 23 of 74: already downloaded
2025-12-30 01:48:22,653 [ForkJoinPool-3-worker-1] INFO  o.o.b.p.a.PullFromAggregateTracker - Pull VIGILÂNCIA  AMBIENTAL - Skipping submission 24 of 74: already downloaded
2025-12-30 01:48:22,662 [ForkJoinPool-3-worker-1] INFO  o.o.b.p.a.PullFromAggregateTracker - Pull VIGILÂNCIA  AMBIENTAL - Skipping submission 25 of 74: already downloaded
2025-12-30 01:48:22,664 [ForkJoinPool-3-worker-1] INFO  o.o.b.p.a.PullFromAggregateTracker - Pull VIGILÂNCIA  AMBIENTAL - Skipping submission 26 of 74: already downloaded
2025-12-30 01:48:22,670 [ForkJoinPool-3-worker-1] INFO  o.o.b.p.a.PullFromAggregateTracker - Pull VIGILÂNCIA  AMBIENTAL - Skipping submission 27 of 74: already downloaded
2025-12-30 01:48:22,677 [ForkJoinPool-3-worker-1] INFO  o.o.b.p.a.PullFromAggregateTracker - Pull VIGILÂNCIA  AMBIENTAL - Skipping submission 28 of 74: already downloaded
2025-12-30 01:48:22,679 [ForkJoinPool-3-worker-1] INFO  o.o.b.p.a.PullFromAggregateTracker - Pull VIGILÂNCIA  AMBIENTAL - Skipping submission 29 of 74: already downloaded
2025-12-30 01:48:22,685 [ForkJoinPool-3-worker-1] INFO  o.o.b.p.a.PullFromAggregateTracker - Pull VIGILÂNCIA  AMBIENTAL - Skipping submission 30 of 74: already downloaded
2025-12-30 01:48:22,692 [ForkJoinPool-3-worker-1] INFO  o.o.b.p.a.PullFromAggregateTracker - Pull VIGILÂNCIA  AMBIENTAL - Skipping submission 31 of 74: already downloaded
2025-12-30 01:48:22,694 [ForkJoinPool-3-worker-1] INFO  o.o.b.p.a.PullFromAggregateTracker - Pull VIGILÂNCIA  AMBIENTAL - Skipping submission 32 of 74: already downloaded
2025-12-30 01:48:22,696 [ForkJoinPool-3-worker-1] INFO  o.o.b.p.a.PullFromAggregateTracker - Pull VIGILÂNCIA  AMBIENTAL - Skipping submission 33 of 74: already downloaded
2025-12-30 01:48:22,697 [ForkJoinPool-3-worker-1] INFO  o.o.b.p.a.PullFromAggregateTracker - Pull VIGILÂNCIA  AMBIENTAL - Skipping submission 34 of 74: already downloaded
2025-12-30 01:48:22,697 [ForkJoinPool-3-worker-1] INFO  o.o.b.p.a.PullFromAggregateTracker - Pull VIGILÂNCIA  AMBIENTAL - Skipping submission 35 of 74: already downloaded
2025-12-30 01:48:22,699 [ForkJoinPool-3-worker-1] INFO  o.o.b.p.a.PullFromAggregateTracker - Pull VIGILÂNCIA  AMBIENTAL - Skipping submission 36 of 74: already downloaded
2025-12-30 01:48:22,700 [ForkJoinPool-3-worker-1] INFO  o.o.b.p.a.PullFromAggregateTracker - Pull VIGILÂNCIA  AMBIENTAL - Skipping submission 37 of 74: already downloaded
2025-12-30 01:48:22,706 [ForkJoinPool-3-worker-1] INFO  o.o.b.p.a.PullFromAggregateTracker - Pull VIGILÂNCIA  AMBIENTAL - Skipping submission 38 of 74: already downloaded
2025-12-30 01:48:22,706 [ForkJoinPool-3-worker-1] INFO  o.o.b.p.a.PullFromAggregateTracker - Pull VIGILÂNCIA  AMBIENTAL - Skipping submission 39 of 74: already downloaded
2025-12-30 01:48:22,708 [ForkJoinPool-3-worker-1] INFO  o.o.b.p.a.PullFromAggregateTracker - Pull VIGILÂNCIA  AMBIENTAL - Skipping submission 40 of 74: already downloaded
2025-12-30 01:48:22,711 [ForkJoinPool-3-worker-1] INFO  o.o.b.p.a.PullFromAggregateTracker - Pull VIGILÂNCIA  AMBIENTAL - Skipping submission 41 of 74: already downloaded
2025-12-30 01:48:22,711 [ForkJoinPool-3-worker-1] INFO  o.o.b.p.a.PullFromAggregateTracker - Pull VIGILÂNCIA  AMBIENTAL - Skipping submission 42 of 74: already downloaded
2025-12-30 01:48:22,711 [ForkJoinPool-3-worker-1] INFO  o.o.b.p.a.PullFromAggregateTracker - Pull VIGILÂNCIA  AMBIENTAL - Skipping submission 43 of 74: already downloaded
2025-12-30 01:48:22,713 [ForkJoinPool-3-worker-1] INFO  o.o.b.p.a.PullFromAggregateTracker - Pull VIGILÂNCIA  AMBIENTAL - Skipping submission 44 of 74: already downloaded
2025-12-30 01:48:22,715 [ForkJoinPool-3-worker-1] INFO  o.o.b.p.a.PullFromAggregateTracker - Pull VIGILÂNCIA  AMBIENTAL - Skipping submission 45 of 74: already downloaded
2025-12-30 01:48:22,718 [ForkJoinPool-3-worker-1] INFO  o.o.b.p.a.PullFromAggregateTracker - Pull VIGILÂNCIA  AMBIENTAL - Skipping submission 46 of 74: already downloaded
2025-12-30 01:48:22,721 [ForkJoinPool-3-worker-1] INFO  o.o.b.p.a.PullFromAggregateTracker - Pull VIGILÂNCIA  AMBIENTAL - Skipping submission 47 of 74: already downloaded
2025-12-30 01:48:22,722 [ForkJoinPool-3-worker-1] INFO  o.o.b.p.a.PullFromAggregateTracker - Pull VIGILÂNCIA  AMBIENTAL - Skipping submission 48 of 74: already downloaded
2025-12-30 01:48:22,722 [ForkJoinPool-3-worker-1] INFO  o.o.b.p.a.PullFromAggregateTracker - Pull VIGILÂNCIA  AMBIENTAL - Skipping submission 49 of 74: already downloaded
2025-12-30 01:48:22,724 [ForkJoinPool-3-worker-1] INFO  o.o.b.p.a.PullFromAggregateTracker - Pull VIGILÂNCIA  AMBIENTAL - Skipping submission 50 of 74: already downloaded
2025-12-30 01:48:22,725 [ForkJoinPool-3-worker-1] INFO  o.o.b.p.a.PullFromAggregateTracker - Pull VIGILÂNCIA  AMBIENTAL - Skipping submission 51 of 74: already downloaded
2025-12-30 01:48:22,725 [ForkJoinPool-3-worker-1] INFO  o.o.b.p.a.PullFromAggregateTracker - Pull VIGILÂNCIA  AMBIENTAL - Skipping submission 52 of 74: already downloaded
2025-12-30 01:48:22,727 [ForkJoinPool-3-worker-1] INFO  o.o.b.p.a.PullFromAggregateTracker - Pull VIGILÂNCIA  AMBIENTAL - Skipping submission 53 of 74: already downloaded
2025-12-30 01:48:22,729 [ForkJoinPool-3-worker-1] INFO  o.o.b.p.a.PullFromAggregateTracker - Pull VIGILÂNCIA  AMBIENTAL - Skipping submission 54 of 74: already downloaded
2025-12-30 01:48:22,731 [ForkJoinPool-3-worker-1] INFO  o.o.b.p.a.PullFromAggregateTracker - Pull VIGILÂNCIA  AMBIENTAL - Skipping submission 55 of 74: already downloaded
2025-12-30 01:48:22,734 [ForkJoinPool-3-worker-1] INFO  o.o.b.p.a.PullFromAggregateTracker - Pull VIGILÂNCIA  AMBIENTAL - Skipping submission 56 of 74: already downloaded
2025-12-30 01:48:22,736 [ForkJoinPool-3-worker-1] INFO  o.o.b.p.a.PullFromAggregateTracker - Pull VIGILÂNCIA  AMBIENTAL - Skipping submission 57 of 74: already downloaded
2025-12-30 01:48:22,736 [ForkJoinPool-3-worker-1] INFO  o.o.b.p.a.PullFromAggregateTracker - Pull VIGILÂNCIA  AMBIENTAL - Skipping submission 58 of 74: already downloaded
2025-12-30 01:48:22,736 [ForkJoinPool-3-worker-1] INFO  o.o.b.p.a.PullFromAggregateTracker - Pull VIGILÂNCIA  AMBIENTAL - Skipping submission 59 of 74: already downloaded
2025-12-30 01:48:22,738 [ForkJoinPool-3-worker-1] INFO  o.o.b.p.a.PullFromAggregateTracker - Pull VIGILÂNCIA  AMBIENTAL - Skipping submission 60 of 74: already downloaded
2025-12-30 01:48:22,738 [ForkJoinPool-3-worker-1] INFO  o.o.b.p.a.PullFromAggregateTracker - Pull VIGILÂNCIA  AMBIENTAL - Skipping submission 61 of 74: already downloaded
2025-12-30 01:48:22,738 [ForkJoinPool-3-worker-1] INFO  o.o.b.p.a.PullFromAggregateTracker - Pull VIGILÂNCIA  AMBIENTAL - Skipping submission 62 of 74: already downloaded
2025-12-30 01:48:22,738 [ForkJoinPool-3-worker-1] INFO  o.o.b.p.a.PullFromAggregateTracker - Pull VIGILÂNCIA  AMBIENTAL - Skipping submission 63 of 74: already downloaded
2025-12-30 01:48:22,738 [ForkJoinPool-3-worker-1] INFO  o.o.b.p.a.PullFromAggregateTracker - Pull VIGILÂNCIA  AMBIENTAL - Skipping submission 64 of 74: already downloaded
2025-12-30 01:48:22,740 [ForkJoinPool-3-worker-1] INFO  o.o.b.p.a.PullFromAggregateTracker - Pull VIGILÂNCIA  AMBIENTAL - Skipping submission 65 of 74: already downloaded
2025-12-30 01:48:22,740 [ForkJoinPool-3-worker-1] INFO  o.o.b.p.a.PullFromAggregateTracker - Pull VIGILÂNCIA  AMBIENTAL - Skipping submission 66 of 74: already downloaded
2025-12-30 01:48:22,742 [ForkJoinPool-3-worker-1] INFO  o.o.b.p.a.PullFromAggregateTracker - Pull VIGILÂNCIA  AMBIENTAL - Skipping submission 67 of 74: already downloaded
2025-12-30 01:48:22,744 [ForkJoinPool-3-worker-1] INFO  o.o.b.p.a.PullFromAggregateTracker - Pull VIGILÂNCIA  AMBIENTAL - Skipping submission 68 of 74: already downloaded
2025-12-30 01:48:22,744 [ForkJoinPool-3-worker-1] INFO  o.o.b.p.a.PullFromAggregateTracker - Pull VIGILÂNCIA  AMBIENTAL - Skipping submission 69 of 74: already downloaded
2025-12-30 01:48:22,746 [ForkJoinPool-3-worker-1] INFO  o.o.b.p.a.PullFromAggregateTracker - Pull VIGILÂNCIA  AMBIENTAL - Skipping submission 70 of 74: already downloaded
2025-12-30 01:48:22,746 [ForkJoinPool-3-worker-1] INFO  o.o.b.p.a.PullFromAggregateTracker - Pull VIGILÂNCIA  AMBIENTAL - Skipping submission 71 of 74: already downloaded
2025-12-30 01:48:22,747 [ForkJoinPool-3-worker-1] INFO  o.o.b.p.a.PullFromAggregateTracker - Pull VIGILÂNCIA  AMBIENTAL - Skipping submission 72 of 74: already downloaded
2025-12-30 01:48:22,750 [ForkJoinPool-3-worker-1] INFO  o.o.b.p.a.PullFromAggregateTracker - Pull VIGILÂNCIA  AMBIENTAL - Skipping submission 73 of 74: already downloaded
2025-12-30 01:48:22,751 [ForkJoinPool-3-worker-1] INFO  o.o.b.p.a.PullFromAggregateTracker - Pull VIGILÂNCIA  AMBIENTAL - Skipping submission 74 of 74: already downloaded
2025-12-30 01:48:22,752 [ForkJoinPool-3-worker-1] INFO  o.o.b.p.a.PullFromAggregateTracker - Pull VIGILÂNCIA  AMBIENTAL - Success
2025-12-30 01:48:22,772 [ForkJoinPool-3-worker-1] INFO  o.o.b.p.a.PullFromAggregateTracker - Pull VIGILÂNCIA  AMBIENTAL - Start downloading submission 2 of 27
2025-12-30 01:48:22,851 [ForkJoinPool-3-worker-2] INFO  o.o.b.p.a.PullFromAggregateTracker - Pull Formulário da Vigilancia Hospitalar - Laboratório - Submission 641 of 642 downloaded
2025-12-30 01:48:22,891 [ForkJoinPool-3-worker-2] INFO  o.o.b.p.a.PullFromAggregateTracker - Pull Formulário da Vigilancia Hospitalar - Laboratório - Start downloading submission 642 of 642
2025-12-30 01:48:22,906 [ForkJoinPool-3-worker-3] INFO  o.o.b.p.a.PullFromAggregateTracker - Pull VIGILÂNCIA  AMBIENTAL - Submission 1 of 27 downloaded
2025-12-30 01:48:22,908 [ForkJoinPool-3-worker-9] INFO  o.o.b.p.a.PullFromAggregateTracker - Pull Formulário da Vigilancia Hospitalar - Submission 1137 of 1156 downloaded
2025-12-30 01:48:22,912 [ForkJoinPool-3-worker-3] INFO  o.o.b.p.a.PullFromAggregateTracker - Pull VIGILÂNCIA  AMBIENTAL - Start downloading submission 3 of 27
2025-12-30 01:48:22,911 [ForkJoinPool-3-worker-6] INFO  o.o.b.p.a.PullFromAggregateTracker - Pull Formulário da Vigilancia Hospitalar - Submission 1138 of 1156 downloaded
2025-12-30 01:48:22,912 [ForkJoinPool-3-worker-13] INFO  o.o.b.p.a.PullFromAggregateTracker - Pull Formulário da Vigilancia Comunitaria - Submission 1294 of 1299 downloaded
2025-12-30 01:48:22,920 [ForkJoinPool-3-worker-13] INFO  o.o.b.p.a.PullFromAggregateTracker - Pull Formulário da Vigilancia Comunitaria - Start downloading submission 1295 of 1299
2025-12-30 01:48:22,922 [ForkJoinPool-3-worker-6] INFO  o.o.b.p.a.PullFromAggregateTracker - Pull Formulário da Vigilancia Hospitalar - Start downloading submission 1139 of 1156
2025-12-30 01:48:22,922 [ForkJoinPool-3-worker-9] INFO  o.o.b.p.a.PullFromAggregateTracker - Pull Formulário da Vigilancia Hospitalar - Start downloading submission 1140 of 1156
2025-12-30 01:48:23,066 [ForkJoinPool-3-worker-1] INFO  o.o.b.p.a.PullFromAggregateTracker - Pull VIGILÂNCIA  AMBIENTAL - Submission 2 of 27 downloaded
2025-12-30 01:48:23,078 [ForkJoinPool-3-worker-1] INFO  o.o.b.p.a.PullFromAggregateTracker - Pull VIGILÂNCIA  AMBIENTAL - Start downloading submission 4 of 27
2025-12-30 01:48:23,153 [ForkJoinPool-3-worker-2] INFO  o.o.b.p.a.PullFromAggregateTracker - Pull Formulário da Vigilancia Hospitalar - Laboratório - Submission 642 of 642 downloaded
2025-12-30 01:48:23,158 [ForkJoinPool-3-worker-3] INFO  o.o.b.p.a.PullFromAggregateTracker - Pull VIGILÂNCIA  AMBIENTAL - Submission 3 of 27 downloaded
2025-12-30 01:48:23,215 [ForkJoinPool-3-worker-10] INFO  o.o.b.p.a.PullFromAggregateTracker - Pull Formulário da Vigilancia Hospitalar - Laboratório - Success
2025-12-30 01:48:23,218 [ForkJoinPool-3-worker-2] INFO  o.o.b.p.a.PullFromAggregateTracker - Pull VIGILÂNCIA  AMBIENTAL - Start downloading submission 6 of 27
2025-12-30 01:48:23,226 [ForkJoinPool-3-worker-3] INFO  o.o.b.p.a.PullFromAggregateTracker - Pull VIGILÂNCIA  AMBIENTAL - Start downloading submission 5 of 27
2025-12-30 01:48:23,233 [ForkJoinPool-3-worker-6] INFO  o.o.b.p.a.PullFromAggregateTracker - Pull Formulário da Vigilancia Hospitalar - Submission 1139 of 1156 downloaded
2025-12-30 01:48:23,260 [ForkJoinPool-3-worker-10] INFO  o.o.b.p.a.PullFromAggregateTracker - Pull VIGILÂNCIA  AMBIENTAL - Start downloading submission 7 of 27
2025-12-30 01:48:23,262 [ForkJoinPool-3-worker-13] INFO  o.o.b.p.a.PullFromAggregateTracker - Pull Formulário da Vigilancia Comunitaria - Submission 1295 of 1299 downloaded
2025-12-30 01:48:23,260 [ForkJoinPool-3-worker-6] INFO  o.o.b.p.a.PullFromAggregateTracker - Pull Formulário da Vigilancia Hospitalar - Start downloading submission 1141 of 1156
2025-12-30 01:48:23,313 [ForkJoinPool-3-worker-13] INFO  o.o.b.p.a.PullFromAggregateTracker - Pull Formulário da Vigilancia Comunitaria - Start downloading submission 1296 of 1299
2025-12-30 01:48:23,373 [ForkJoinPool-3-worker-9] INFO  o.o.b.p.a.PullFromAggregateTracker - Pull Formulário da Vigilancia Hospitalar - Submission 1140 of 1156 downloaded
2025-12-30 01:48:23,370 [ForkJoinPool-3-worker-1] INFO  o.o.b.p.a.PullFromAggregateTracker - Pull VIGILÂNCIA  AMBIENTAL - Submission 4 of 27 downloaded
2025-12-30 01:48:23,384 [ForkJoinPool-3-worker-1] INFO  o.o.b.p.a.PullFromAggregateTracker - Pull VIGILÂNCIA  AMBIENTAL - Start downloading submission 8 of 27
2025-12-30 01:48:23,384 [ForkJoinPool-3-worker-9] INFO  o.o.b.p.a.PullFromAggregateTracker - Pull Formulário da Vigilancia Hospitalar - Start downloading submission 1142 of 1156
2025-12-30 01:48:23,463 [ForkJoinPool-3-worker-2] INFO  o.o.b.p.a.PullFromAggregateTracker - Pull VIGILÂNCIA  AMBIENTAL - Submission 6 of 27 downloaded
2025-12-30 01:48:23,471 [ForkJoinPool-3-worker-2] INFO  o.o.b.p.a.PullFromAggregateTracker - Pull VIGILÂNCIA  AMBIENTAL - Start downloading submission 9 of 27
2025-12-30 01:48:23,490 [ForkJoinPool-3-worker-3] INFO  o.o.b.p.a.PullFromAggregateTracker - Pull VIGILÂNCIA  AMBIENTAL - Submission 5 of 27 downloaded
2025-12-30 01:48:23,495 [ForkJoinPool-3-worker-3] INFO  o.o.b.p.a.PullFromAggregateTracker - Pull VIGILÂNCIA  AMBIENTAL - Start downloading submission 10 of 27
2025-12-30 01:48:23,514 [ForkJoinPool-3-worker-8] INFO  o.o.b.p.a.PullFromAggregateTracker - Pull Formulário da Vigilancia Comunitaria - Form downloaded
2025-12-30 01:48:23,522 [ForkJoinPool-3-worker-8] INFO  o.o.b.p.a.PullFromAggregateTracker - Pull Formulário da Vigilancia Comunitaria - Start getting submission IDs
2025-12-30 01:48:23,582 [ForkJoinPool-3-worker-10] INFO  o.o.b.p.a.PullFromAggregateTracker - Pull VIGILÂNCIA  AMBIENTAL - Submission 7 of 27 downloaded
2025-12-30 01:48:23,586 [AWT-EventQueue-0] INFO  XFormParser - Reading XML and parsing with kXML2 finished in 44.545 ms
2025-12-30 01:48:23,605 [ForkJoinPool-3-worker-10] INFO  o.o.b.p.a.PullFromAggregateTracker - Pull VIGILÂNCIA  AMBIENTAL - Start downloading submission 11 of 27
2025-12-30 01:48:23,609 [ForkJoinPool-3-worker-6] INFO  o.o.b.p.a.PullFromAggregateTracker - Pull Formulário da Vigilancia Hospitalar - Submission 1141 of 1156 downloaded
2025-12-30 01:48:23,613 [ForkJoinPool-3-worker-13] INFO  o.o.b.p.a.PullFromAggregateTracker - Pull Formulário da Vigilancia Comunitaria - Submission 1296 of 1299 downloaded
2025-12-30 01:48:23,621 [ForkJoinPool-3-worker-6] INFO  o.o.b.p.a.PullFromAggregateTracker - Pull Formulário da Vigilancia Hospitalar - Start downloading submission 1143 of 1156
2025-12-30 01:48:23,625 [ForkJoinPool-3-worker-13] INFO  o.o.b.p.a.PullFromAggregateTracker - Pull Formulário da Vigilancia Comunitaria - Start downloading submission 1297 of 1299
2025-12-30 01:48:23,631 [ForkJoinPool-3-worker-1] INFO  o.o.b.p.a.PullFromAggregateTracker - Pull VIGILÂNCIA  AMBIENTAL - Submission 8 of 27 downloaded
2025-12-30 01:48:23,657 [AWT-EventQueue-0] INFO  XFormParser - Consolidating text finished in 58.769 ms
2025-12-30 01:48:23,661 [ForkJoinPool-3-worker-1] INFO  o.o.b.p.a.PullFromAggregateTracker - Pull VIGILÂNCIA  AMBIENTAL - Start downloading submission 12 of 27
2025-12-30 01:48:23,663 [AWT-EventQueue-0] INFO  XFormParser - Parsing form...
2025-12-30 01:48:23,663 [AWT-EventQueue-0] INFO  XFormParser - Title: "VIGILÂNCIA  AMBIENTAL"
2025-12-30 01:48:23,665 [AWT-EventQueue-0] WARN  XFormParser - XForm Parse Warning: Warning: 1 Unrecognized attributes found in Element [model] and will be ignored: [xforms-version] 
    Problem found at nodeset: /html/head/model
    With element <model xforms-version="1.0.0"><instance><data id="VIGILÂNCIA AMBIENTAL_v4" version="4" prefix="VIGILÂNCIA AMBIENTAL_v4" delimiter="$">...

2025-12-30 01:48:23,695 [ForkJoinPool-3-worker-9] INFO  o.o.b.p.a.PullFromAggregateTracker - Pull Formulário da Vigilancia Hospitalar - Submission 1142 of 1156 downloaded
2025-12-30 01:48:23,699 [ForkJoinPool-3-worker-9] INFO  o.o.b.p.a.PullFromAggregateTracker - Pull Formulário da Vigilancia Hospitalar - Start downloading submission 1144 of 1156
2025-12-30 01:48:23,710 [ForkJoinPool-3-worker-2] INFO  o.o.b.p.a.PullFromAggregateTracker - Pull VIGILÂNCIA  AMBIENTAL - Submission 9 of 27 downloaded
2025-12-30 01:48:23,712 [ForkJoinPool-3-worker-2] INFO  o.o.b.p.a.PullFromAggregateTracker - Pull VIGILÂNCIA  AMBIENTAL - Start downloading submission 13 of 27
2025-12-30 01:48:23,747 [ForkJoinPool-3-worker-4] INFO  o.o.b.p.a.PullFromAggregateTracker - Pull Formulário da Vigilancia Hospitalar - Form downloaded
2025-12-30 01:48:23,749 [ForkJoinPool-3-worker-4] INFO  o.o.b.p.a.PullFromAggregateTracker - Pull Formulário da Vigilancia Hospitalar - Start getting submission IDs
2025-12-30 01:48:23,768 [ForkJoinPool-3-worker-3] INFO  o.o.b.p.a.PullFromAggregateTracker - Pull VIGILÂNCIA  AMBIENTAL - Submission 10 of 27 downloaded
2025-12-30 01:48:23,769 [ForkJoinPool-3-worker-3] INFO  o.o.b.p.a.PullFromAggregateTracker - Pull VIGILÂNCIA  AMBIENTAL - Start downloading submission 14 of 27
2025-12-30 01:48:23,847 [AWT-EventQueue-0] INFO  XFormParser - Creating FormDef from parsed XML finished in 180.591 ms
2025-12-30 01:48:23,852 [ForkJoinPool-3-worker-10] INFO  o.o.b.p.a.PullFromAggregateTracker - Pull VIGILÂNCIA  AMBIENTAL - Submission 11 of 27 downloaded
2025-12-30 01:48:23,863 [ForkJoinPool-3-worker-10] INFO  o.o.b.p.a.PullFromAggregateTracker - Pull VIGILÂNCIA  AMBIENTAL - Start downloading submission 15 of 27
2025-12-30 01:48:23,883 [ForkJoinPool-3-worker-6] INFO  o.o.b.p.a.PullFromAggregateTracker - Pull Formulário da Vigilancia Hospitalar - Submission 1143 of 1156 downloaded
2025-12-30 01:48:23,895 [ForkJoinPool-3-worker-6] INFO  o.o.b.p.a.PullFromAggregateTracker - Pull Formulário da Vigilancia Hospitalar - Start downloading submission 1145 of 1156
2025-12-30 01:48:23,943 [ForkJoinPool-3-worker-1] INFO  o.o.b.p.a.PullFromAggregateTracker - Pull VIGILÂNCIA  AMBIENTAL - Submission 12 of 27 downloaded
2025-12-30 01:48:23,954 [ForkJoinPool-3-worker-1] INFO  o.o.b.p.a.PullFromAggregateTracker - Pull VIGILÂNCIA  AMBIENTAL - Start downloading submission 16 of 27
2025-12-30 01:48:23,974 [ForkJoinPool-3-worker-13] INFO  o.o.b.p.a.PullFromAggregateTracker - Pull Formulário da Vigilancia Comunitaria - Submission 1297 of 1299 downloaded
2025-12-30 01:48:23,987 [ForkJoinPool-3-worker-9] INFO  o.o.b.p.a.PullFromAggregateTracker - Pull Formulário da Vigilancia Hospitalar - Submission 1144 of 1156 downloaded
2025-12-30 01:48:23,988 [ForkJoinPool-3-worker-9] INFO  o.o.b.p.a.PullFromAggregateTracker - Pull Formulário da Vigilancia Hospitalar - Start downloading submission 1146 of 1156
2025-12-30 01:48:23,990 [ForkJoinPool-3-worker-13] INFO  o.o.b.p.a.PullFromAggregateTracker - Pull Formulário da Vigilancia Comunitaria - Start downloading submission 1298 of 1299
2025-12-30 01:48:24,003 [ForkJoinPool-3-worker-2] INFO  o.o.b.p.a.PullFromAggregateTracker - Pull VIGILÂNCIA  AMBIENTAL - Submission 13 of 27 downloaded
2025-12-30 01:48:24,008 [ForkJoinPool-3-worker-2] INFO  o.o.b.p.a.PullFromAggregateTracker - Pull VIGILÂNCIA  AMBIENTAL - Start downloading submission 17 of 27
2025-12-30 01:48:24,039 [ForkJoinPool-3-worker-3] INFO  o.o.b.p.a.PullFromAggregateTracker - Pull VIGILÂNCIA  AMBIENTAL - Submission 14 of 27 downloaded
2025-12-30 01:48:24,044 [ForkJoinPool-3-worker-3] INFO  o.o.b.p.a.PullFromAggregateTracker - Pull VIGILÂNCIA  AMBIENTAL - Start downloading submission 18 of 27
2025-12-30 01:48:24,088 [ForkJoinPool-3-worker-8] INFO  o.o.b.p.a.PullFromAggregateTracker - Pull Formulário da Vigilancia Comunitaria - Got all the submission IDs
2025-12-30 01:48:24,103 [ForkJoinPool-3-worker-10] INFO  o.o.b.p.a.PullFromAggregateTracker - Pull VIGILÂNCIA  AMBIENTAL - Submission 15 of 27 downloaded
2025-12-30 01:48:24,116 [ForkJoinPool-3-worker-10] INFO  o.o.b.p.a.PullFromAggregateTracker - Pull VIGILÂNCIA  AMBIENTAL - Start downloading submission 19 of 27
2025-12-30 01:48:24,229 [ForkJoinPool-3-worker-1] INFO  o.o.b.p.a.PullFromAggregateTracker - Pull VIGILÂNCIA  AMBIENTAL - Submission 16 of 27 downloaded
2025-12-30 01:48:24,270 [ForkJoinPool-3-worker-6] INFO  o.o.b.p.a.PullFromAggregateTracker - Pull Formulário da Vigilancia Hospitalar - Submission 1145 of 1156 downloaded
2025-12-30 01:48:24,272 [ForkJoinPool-3-worker-1] INFO  o.o.b.p.a.PullFromAggregateTracker - Pull VIGILÂNCIA  AMBIENTAL - Start downloading submission 20 of 27
2025-12-30 01:48:24,281 [ForkJoinPool-3-worker-4] INFO  o.o.b.p.a.PullFromAggregateTracker - Pull Formulário da Vigilancia Hospitalar - Got all the submission IDs
2025-12-30 01:48:24,305 [ForkJoinPool-3-worker-13] INFO  o.o.b.p.a.PullFromAggregateTracker - Pull Formulário da Vigilancia Comunitaria - Submission 1298 of 1299 downloaded
2025-12-30 01:48:24,307 [ForkJoinPool-3-worker-3] INFO  o.o.b.p.a.PullFromAggregateTracker - Pull VIGILÂNCIA  AMBIENTAL - Submission 18 of 27 downloaded
2025-12-30 01:48:24,290 [ForkJoinPool-3-worker-6] INFO  o.o.b.p.a.PullFromAggregateTracker - Pull Formulário da Vigilancia Hospitalar - Start downloading submission 1147 of 1156
2025-12-30 01:48:24,311 [ForkJoinPool-3-worker-9] INFO  o.o.b.p.a.PullFromAggregateTracker - Pull Formulário da Vigilancia Hospitalar - Submission 1146 of 1156 downloaded
2025-12-30 01:48:24,313 [ForkJoinPool-3-worker-13] INFO  o.o.b.p.a.PullFromAggregateTracker - Pull Formulário da Vigilancia Comunitaria - Start downloading submission 1299 of 1299
2025-12-30 01:48:24,318 [ForkJoinPool-3-worker-3] INFO  o.o.b.p.a.PullFromAggregateTracker - Pull VIGILÂNCIA  AMBIENTAL - Start downloading submission 21 of 27
2025-12-30 01:48:24,326 [ForkJoinPool-3-worker-2] INFO  o.o.b.p.a.PullFromAggregateTracker - Pull VIGILÂNCIA  AMBIENTAL - Submission 17 of 27 downloaded
2025-12-30 01:48:24,327 [ForkJoinPool-3-worker-9] INFO  o.o.b.p.a.PullFromAggregateTracker - Pull Formulário da Vigilancia Hospitalar - Start downloading submission 1148 of 1156
2025-12-30 01:48:24,355 [ForkJoinPool-3-worker-2] INFO  o.o.b.p.a.PullFromAggregateTracker - Pull VIGILÂNCIA  AMBIENTAL - Start downloading submission 22 of 27
2025-12-30 01:48:24,405 [ForkJoinPool-3-worker-10] INFO  o.o.b.p.a.PullFromAggregateTracker - Pull VIGILÂNCIA  AMBIENTAL - Submission 19 of 27 downloaded
2025-12-30 01:48:24,420 [ForkJoinPool-3-worker-10] INFO  o.o.b.p.a.PullFromAggregateTracker - Pull VIGILÂNCIA  AMBIENTAL - Start downloading submission 23 of 27
2025-12-30 01:48:25,186 [ForkJoinPool-3-worker-13] INFO  o.o.b.p.a.PullFromAggregateTracker - Pull Formulário da Vigilancia Comunitaria - Submission 1299 of 1299 downloaded
2025-12-30 01:48:25,184 [ForkJoinPool-3-worker-3] INFO  o.o.b.p.a.PullFromAggregateTracker - Pull VIGILÂNCIA  AMBIENTAL - Submission 21 of 27 downloaded
2025-12-30 01:48:25,153 [ForkJoinPool-3-worker-6] INFO  o.o.b.p.a.PullFromAggregateTracker - Pull Formulário da Vigilancia Hospitalar - Submission 1147 of 1156 downloaded
2025-12-30 01:48:25,184 [ForkJoinPool-3-worker-1] INFO  o.o.b.p.a.PullFromAggregateTracker - Pull VIGILÂNCIA  AMBIENTAL - Submission 20 of 27 downloaded
2025-12-30 01:48:25,156 [ForkJoinPool-3-worker-10] INFO  o.o.b.p.a.PullFromAggregateTracker - Pull VIGILÂNCIA  AMBIENTAL - Submission 23 of 27 downloaded
2025-12-30 01:48:25,390 [ForkJoinPool-3-worker-9] INFO  o.o.b.p.a.PullFromAggregateTracker - Pull Formulário da Vigilancia Hospitalar - Submission 1148 of 1156 downloaded
2025-12-30 01:48:25,398 [ForkJoinPool-3-worker-2] INFO  o.o.b.p.a.PullFromAggregateTracker - Pull VIGILÂNCIA  AMBIENTAL - Submission 22 of 27 downloaded
2025-12-30 01:48:25,804 [ForkJoinPool-3-worker-11] INFO  o.o.b.p.a.PullFromAggregateTracker - Pull Formulário da Vigilancia Comunitaria - Form downloaded
2025-12-30 01:48:25,807 [ForkJoinPool-3-worker-13] INFO  o.o.b.p.a.PullFromAggregateTracker - Pull Formulário da Vigilancia Comunitaria - Success
2025-12-30 01:48:25,810 [ForkJoinPool-3-worker-1] INFO  o.o.b.p.a.PullFromAggregateTracker - Pull VIGILÂNCIA  AMBIENTAL - Start downloading submission 24 of 27
2025-12-30 01:48:25,814 [ForkJoinPool-3-worker-3] INFO  o.o.b.p.a.PullFromAggregateTracker - Pull VIGILÂNCIA  AMBIENTAL - Start downloading submission 26 of 27
2025-12-30 01:48:25,835 [ForkJoinPool-3-worker-11] INFO  o.o.b.p.a.PullFromAggregateTracker - Pull Formulário da Vigilancia Comunitaria - Start getting submission IDs
2025-12-30 01:48:25,836 [ForkJoinPool-3-worker-9] INFO  o.o.b.p.a.PullFromAggregateTracker - Pull Formulário da Vigilancia Hospitalar - Start downloading submission 1149 of 1156
2025-12-30 01:48:25,840 [ForkJoinPool-3-worker-6] INFO  o.o.b.p.a.PullFromAggregateTracker - Pull Formulário da Vigilancia Hospitalar - Start downloading submission 1150 of 1156
2025-12-30 01:48:25,880 [ForkJoinPool-3-worker-10] INFO  o.o.b.p.a.PullFromAggregateTracker - Pull VIGILÂNCIA  AMBIENTAL - Start downloading submission 27 of 27
2025-12-30 01:48:25,885 [ForkJoinPool-3-worker-2] INFO  o.o.b.p.a.PullFromAggregateTracker - Pull VIGILÂNCIA  AMBIENTAL - Start downloading submission 25 of 27
2025-12-30 01:48:26,022 [ForkJoinPool-3-worker-13] INFO  o.o.b.p.a.PullFromAggregateTracker - Pull Formulário da Vigilancia Hospitalar - Start pulling form and submissions
2025-12-30 01:48:26,037 [ForkJoinPool-3-worker-13] INFO  o.o.b.p.a.PullFromAggregateTracker - Pull Formulário da Vigilancia Hospitalar - Start downloading form
2025-12-30 01:48:26,365 [ForkJoinPool-3-worker-2] INFO  o.o.b.p.a.PullFromAggregateTracker - Pull VIGILÂNCIA  AMBIENTAL - Submission 25 of 27 downloaded
2025-12-30 01:48:26,367 [ForkJoinPool-3-worker-1] INFO  o.o.b.p.a.PullFromAggregateTracker - Pull VIGILÂNCIA  AMBIENTAL - Submission 24 of 27 downloaded
2025-12-30 01:48:26,380 [ForkJoinPool-3-worker-3] INFO  o.o.b.p.a.PullFromAggregateTracker - Pull VIGILÂNCIA  AMBIENTAL - Submission 26 of 27 downloaded
2025-12-30 01:48:26,382 [ForkJoinPool-3-worker-6] INFO  o.o.b.p.a.PullFromAggregateTracker - Pull Formulário da Vigilancia Hospitalar - Submission 1150 of 1156 downloaded
2025-12-30 01:48:26,365 [ForkJoinPool-3-worker-10] INFO  o.o.b.p.a.PullFromAggregateTracker - Pull VIGILÂNCIA  AMBIENTAL - Submission 27 of 27 downloaded
2025-12-30 01:48:26,419 [ForkJoinPool-3-worker-9] INFO  o.o.b.p.a.PullFromAggregateTracker - Pull Formulário da Vigilancia Hospitalar - Submission 1149 of 1156 downloaded
2025-12-30 01:48:26,420 [ForkJoinPool-3-worker-6] INFO  o.o.b.p.a.PullFromAggregateTracker - Pull Formulário da Vigilancia Hospitalar - Start downloading submission 1151 of 1156
2025-12-30 01:48:26,450 [ForkJoinPool-3-worker-3] INFO  o.o.b.p.a.PullFromAggregateTracker - Pull VIGILÂNCIA  AMBIENTAL - Success
2025-12-30 01:48:26,438 [ForkJoinPool-3-worker-9] INFO  o.o.b.p.a.PullFromAggregateTracker - Pull Formulário da Vigilancia Hospitalar - Start downloading submission 1152 of 1156
2025-12-30 01:48:26,688 [ForkJoinPool-3-worker-11] INFO  o.o.b.p.a.PullFromAggregateTracker - Pull Formulário da Vigilancia Comunitaria - Got all the submission IDs
2025-12-30 01:48:26,878 [ForkJoinPool-3-worker-9] INFO  o.o.b.p.a.PullFromAggregateTracker - Pull Formulário da Vigilancia Hospitalar - Submission 1152 of 1156 downloaded
2025-12-30 01:48:26,886 [ForkJoinPool-3-worker-6] INFO  o.o.b.p.a.PullFromAggregateTracker - Pull Formulário da Vigilancia Hospitalar - Submission 1151 of 1156 downloaded
2025-12-30 01:48:26,919 [ForkJoinPool-3-worker-9] INFO  o.o.b.p.a.PullFromAggregateTracker - Pull Formulário da Vigilancia Hospitalar - Start downloading submission 1154 of 1156
2025-12-30 01:48:26,919 [ForkJoinPool-3-worker-6] INFO  o.o.b.p.a.PullFromAggregateTracker - Pull Formulário da Vigilancia Hospitalar - Start downloading submission 1153 of 1156
2025-12-30 01:48:26,993 [ForkJoinPool-3-worker-3] INFO  o.o.b.p.a.PullFromAggregateTracker - Pull Formulário da Vigilancia Hospitalar - Skipping submission 1 of 3: already downloaded
2025-12-30 01:48:27,021 [ForkJoinPool-3-worker-10] INFO  o.o.b.p.a.PullFromAggregateTracker - Pull Formulário da Vigilancia Hospitalar - Skipping submission 3 of 3: already downloaded
2025-12-30 01:48:27,007 [ForkJoinPool-3-worker-8] INFO  o.o.b.p.a.PullFromAggregateTracker - Pull Formulário da Vigilancia Comunitaria - Skipping submission 1 of 1: already downloaded
2025-12-30 01:48:27,033 [ForkJoinPool-3-worker-8] INFO  o.o.b.p.a.PullFromAggregateTracker - Pull Formulário da Vigilancia Comunitaria - Success
2025-12-30 01:48:27,039 [ForkJoinPool-3-worker-4] INFO  o.o.b.p.a.PullFromAggregateTracker - Pull Formulário da Vigilancia Hospitalar - Skipping submission 2 of 3: already downloaded
2025-12-30 01:48:27,068 [ForkJoinPool-3-worker-4] INFO  o.o.b.p.a.PullFromAggregateTracker - Pull Formulário da Vigilancia Hospitalar - Success
2025-12-30 01:48:27,397 [ForkJoinPool-3-worker-6] INFO  o.o.b.p.a.PullFromAggregateTracker - Pull Formulário da Vigilancia Hospitalar - Submission 1153 of 1156 downloaded
2025-12-30 01:48:27,430 [ForkJoinPool-3-worker-6] INFO  o.o.b.p.a.PullFromAggregateTracker - Pull Formulário da Vigilancia Hospitalar - Start downloading submission 1155 of 1156
2025-12-30 01:48:27,447 [ForkJoinPool-3-worker-9] INFO  o.o.b.p.a.PullFromAggregateTracker - Pull Formulário da Vigilancia Hospitalar - Submission 1154 of 1156 downloaded
2025-12-30 01:48:27,621 [ForkJoinPool-3-worker-9] INFO  o.o.b.p.a.PullFromAggregateTracker - Pull Formulário da Vigilancia Hospitalar - Start downloading submission 1156 of 1156
2025-12-30 01:48:27,920 [ForkJoinPool-3-worker-6] INFO  o.o.b.p.a.PullFromAggregateTracker - Pull Formulário da Vigilancia Hospitalar - Submission 1155 of 1156 downloaded
2025-12-30 01:48:28,188 [ForkJoinPool-3-worker-9] INFO  o.o.b.p.a.PullFromAggregateTracker - Pull Formulário da Vigilancia Hospitalar - Submission 1156 of 1156 downloaded
2025-12-30 01:48:28,202 [ForkJoinPool-3-worker-15] INFO  o.o.b.p.a.PullFromAggregateTracker - Pull Formulário da Vigilancia Hospitalar - Success
2025-12-30 01:48:28,922 [ForkJoinPool-3-worker-6] INFO  o.o.b.p.a.PullFromAggregateTracker - Pull Formulário da Vigilancia Comunitaria - Start downloading submission 1 of 9
2025-12-30 01:48:28,990 [ForkJoinPool-3-worker-10] INFO  o.o.b.p.a.PullFromAggregateTracker - Pull Formulário da Vigilancia Comunitaria - Start downloading submission 9 of 9
2025-12-30 01:48:28,993 [ForkJoinPool-3-worker-3] INFO  o.o.b.p.a.PullFromAggregateTracker - Pull Formulário da Vigilancia Comunitaria - Start downloading submission 8 of 9
2025-12-30 01:48:28,995 [ForkJoinPool-3-worker-11] INFO  o.o.b.p.a.PullFromAggregateTracker - Pull Formulário da Vigilancia Comunitaria - Start downloading submission 3 of 9
2025-12-30 01:48:28,997 [ForkJoinPool-3-worker-2] INFO  o.o.b.p.a.PullFromAggregateTracker - Pull Formulário da Vigilancia Comunitaria - Start downloading submission 7 of 9
2025-12-30 01:48:28,997 [ForkJoinPool-3-worker-9] INFO  o.o.b.p.a.PullFromAggregateTracker - Pull Formulário da Vigilancia Comunitaria - Start downloading submission 2 of 9
2025-12-30 01:48:28,997 [ForkJoinPool-3-worker-1] INFO  o.o.b.p.a.PullFromAggregateTracker - Pull Formulário da Vigilancia Comunitaria - Start downloading submission 6 of 9
2025-12-30 01:48:28,997 [ForkJoinPool-3-worker-15] INFO  o.o.b.p.a.PullFromAggregateTracker - Pull Formulário da Vigilancia Comunitaria - Start downloading submission 5 of 9
2025-12-30 01:48:28,999 [ForkJoinPool-3-worker-4] INFO  o.o.b.p.a.PullFromAggregateTracker - Pull Formulário da Vigilancia Comunitaria - Start downloading submission 4 of 9
2025-12-30 01:48:29,107 [ForkJoinPool-3-worker-13] INFO  o.o.b.p.a.PullFromAggregateTracker - Pull Formulário da Vigilancia Hospitalar - Form downloaded
2025-12-30 01:48:29,115 [ForkJoinPool-3-worker-13] INFO  o.o.b.p.a.PullFromAggregateTracker - Pull Formulário da Vigilancia Hospitalar - Start getting submission IDs
2025-12-30 01:48:29,517 [ForkJoinPool-3-worker-2] INFO  o.o.b.p.a.PullFromAggregateTracker - Pull Formulário da Vigilancia Comunitaria - Submission 7 of 9 downloaded
2025-12-30 01:48:29,536 [ForkJoinPool-3-worker-3] INFO  o.o.b.p.a.PullFromAggregateTracker - Pull Formulário da Vigilancia Comunitaria - Submission 8 of 9 downloaded
2025-12-30 01:48:29,541 [ForkJoinPool-3-worker-9] INFO  o.o.b.p.a.PullFromAggregateTracker - Pull Formulário da Vigilancia Comunitaria - Submission 2 of 9 downloaded
2025-12-30 01:48:29,566 [ForkJoinPool-3-worker-4] INFO  o.o.b.p.a.PullFromAggregateTracker - Pull Formulário da Vigilancia Comunitaria - Submission 4 of 9 downloaded
2025-12-30 01:48:29,583 [ForkJoinPool-3-worker-10] INFO  o.o.b.p.a.PullFromAggregateTracker - Pull Formulário da Vigilancia Comunitaria - Submission 9 of 9 downloaded
2025-12-30 01:48:29,585 [ForkJoinPool-3-worker-11] INFO  o.o.b.p.a.PullFromAggregateTracker - Pull Formulário da Vigilancia Comunitaria - Submission 3 of 9 downloaded
2025-12-30 01:48:29,704 [ForkJoinPool-3-worker-15] INFO  o.o.b.p.a.PullFromAggregateTracker - Pull Formulário da Vigilancia Comunitaria - Submission 5 of 9 downloaded
2025-12-30 01:48:29,705 [ForkJoinPool-3-worker-6] INFO  o.o.b.p.a.PullFromAggregateTracker - Pull Formulário da Vigilancia Comunitaria - Submission 1 of 9 downloaded
2025-12-30 01:48:30,008 [ForkJoinPool-3-worker-1] INFO  o.o.b.p.a.PullFromAggregateTracker - Pull Formulário da Vigilancia Comunitaria - Submission 6 of 9 downloaded
2025-12-30 01:48:30,028 [ForkJoinPool-3-worker-11] INFO  o.o.b.p.a.PullFromAggregateTracker - Pull Formulário da Vigilancia Comunitaria - Success
2025-12-30 01:48:30,443 [ForkJoinPool-3-worker-13] INFO  o.o.b.p.a.PullFromAggregateTracker - Pull Formulário da Vigilancia Hospitalar - Got all the submission IDs
2025-12-30 01:48:32,647 [ForkJoinPool-3-worker-13] INFO  o.o.b.p.a.PullFromAggregateTracker - Pull Formulário da Vigilancia Hospitalar - Start downloading submission 1 of 7
2025-12-30 01:48:32,651 [ForkJoinPool-3-worker-4] INFO  o.o.b.p.a.PullFromAggregateTracker - Pull Formulário da Vigilancia Hospitalar - Start downloading submission 7 of 7
2025-12-30 01:48:32,653 [ForkJoinPool-3-worker-2] INFO  o.o.b.p.a.PullFromAggregateTracker - Pull Formulário da Vigilancia Hospitalar - Start downloading submission 6 of 7
2025-12-30 01:48:32,655 [ForkJoinPool-3-worker-1] INFO  o.o.b.p.a.PullFromAggregateTracker - Pull Formulário da Vigilancia Hospitalar - Start downloading submission 4 of 7
2025-12-30 01:48:32,657 [ForkJoinPool-3-worker-6] INFO  o.o.b.p.a.PullFromAggregateTracker - Pull Formulário da Vigilancia Hospitalar - Start downloading submission 5 of 7
2025-12-30 01:48:32,658 [ForkJoinPool-3-worker-15] INFO  o.o.b.p.a.PullFromAggregateTracker - Pull Formulário da Vigilancia Hospitalar - Start downloading submission 3 of 7
2025-12-30 01:48:32,659 [ForkJoinPool-3-worker-11] INFO  o.o.b.p.a.PullFromAggregateTracker - Pull Formulário da Vigilancia Hospitalar - Start downloading submission 2 of 7
2025-12-30 01:48:33,107 [ForkJoinPool-3-worker-1] INFO  o.o.b.p.a.PullFromAggregateTracker - Pull Formulário da Vigilancia Hospitalar - Submission 4 of 7 downloaded
2025-12-30 01:48:33,111 [ForkJoinPool-3-worker-11] INFO  o.o.b.p.a.PullFromAggregateTracker - Pull Formulário da Vigilancia Hospitalar - Submission 2 of 7 downloaded
2025-12-30 01:48:33,121 [ForkJoinPool-3-worker-15] INFO  o.o.b.p.a.PullFromAggregateTracker - Pull Formulário da Vigilancia Hospitalar - Submission 3 of 7 downloaded
2025-12-30 01:48:33,121 [ForkJoinPool-3-worker-6] INFO  o.o.b.p.a.PullFromAggregateTracker - Pull Formulário da Vigilancia Hospitalar - Submission 5 of 7 downloaded
2025-12-30 01:48:33,127 [ForkJoinPool-3-worker-4] INFO  o.o.b.p.a.PullFromAggregateTracker - Pull Formulário da Vigilancia Hospitalar - Submission 7 of 7 downloaded
2025-12-30 01:48:33,128 [ForkJoinPool-3-worker-2] INFO  o.o.b.p.a.PullFromAggregateTracker - Pull Formulário da Vigilancia Hospitalar - Submission 6 of 7 downloaded
2025-12-30 01:48:33,134 [ForkJoinPool-3-worker-13] INFO  o.o.b.p.a.PullFromAggregateTracker - Pull Formulário da Vigilancia Hospitalar - Submission 1 of 7 downloaded
2025-12-30 01:48:33,151 [ForkJoinPool-3-worker-13] INFO  o.o.b.p.a.PullFromAggregateTracker - Pull Formulário da Vigilancia Hospitalar - Success
2025-12-30 01:48:41,891 [AWT-EventQueue-0] INFO  XFormParser - Reading XML and parsing with kXML2 finished in 86.063 ms
2025-12-30 01:48:41,954 [AWT-EventQueue-0] INFO  XFormParser - Consolidating text finished in 58.157 ms
2025-12-30 01:48:41,956 [AWT-EventQueue-0] INFO  XFormParser - Parsing form...
2025-12-30 01:48:41,958 [AWT-EventQueue-0] INFO  XFormParser - Title: "Formulário da Vigilancia Comunitaria"
2025-12-30 01:48:41,960 [AWT-EventQueue-0] WARN  XFormParser - XForm Parse Warning: Warning: 1 Unrecognized attributes found in Element [model] and will be ignored: [xforms-version] 
    Problem found at nodeset: /html/head/model
    With element <model xforms-version="1.0.0"><instance><data id="Comunidade_v4" version="1" prefix="Comunidade_v4" delimiter="$">...

2025-12-30 01:48:42,335 [AWT-EventQueue-0] INFO  XFormParser - Creating FormDef from parsed XML finished in 376.911 ms
2025-12-30 01:48:42,521 [AWT-EventQueue-0] INFO  XFormParser - Reading XML and parsing with kXML2 finished in 91.111 ms
2025-12-30 01:48:42,556 [AWT-EventQueue-0] INFO  XFormParser - Consolidating text finished in 31.389 ms
2025-12-30 01:48:42,556 [AWT-EventQueue-0] INFO  XFormParser - Parsing form...
2025-12-30 01:48:42,558 [AWT-EventQueue-0] INFO  XFormParser - Title: "Formulário da Vigilancia Hospitalar"
2025-12-30 01:48:42,558 [AWT-EventQueue-0] WARN  XFormParser - XForm Parse Warning: Warning: 1 Unrecognized attributes found in Element [model] and will be ignored: [xforms-version] 
    Problem found at nodeset: /html/head/model
    With element <model xforms-version="1.0.0"><instance><data id="hospitalar_v5" version="1" prefix="hospitalar_v5" delimiter="$">...

2025-12-30 01:48:42,871 [AWT-EventQueue-0] INFO  XFormParser - Creating FormDef from parsed XML finished in 310.584 ms
2025-12-30 01:49:41,776 [Thread-7] INFO  org.javarosa.core.model.FormDef - Dynamic select question has no choices! [instance(dis)/root/item]. If this occurs while filling out a form (and not while saving an incomplete form), the filter condition may have eliminated all the choices. Is that what you intended?
2025-12-30 01:49:41,809 [Thread-7] INFO  org.javarosa.core.model.FormDef - Dynamic select question has no choices! [instance(bairro)/root/item]. If this occurs while filling out a form (and not while saving an incomplete form), the filter condition may have eliminated all the choices. Is that what you intended?
2025-12-30 01:49:41,925 [Thread-7] INFO  XFormParser - Reading XML and parsing with kXML2 finished in 4.004 ms
2025-12-30 01:49:41,933 [Thread-7] INFO  XFormParser - Consolidating text finished in 6.958 ms
2025-12-30 01:49:41,934 [Thread-7] INFO  XFormParser - Parsing form...
2025-12-30 01:49:41,935 [Thread-7] INFO  XFormParser - Title: "Resultado dos Testes Rápido"
2025-12-30 01:49:42,035 [Thread-7] INFO  XFormParser - Creating FormDef from parsed XML finished in 99.526 ms
2025-12-30 01:49:42,113 [Thread-7] INFO  XFormParser - Reading XML and parsing with kXML2 finished in 6.441 ms
2025-12-30 01:49:42,123 [Thread-7] INFO  XFormParser - Consolidating text finished in 7.736 ms
2025-12-30 01:49:42,125 [Thread-7] INFO  XFormParser - Parsing form...
2025-12-30 01:49:42,126 [Thread-7] INFO  XFormParser - Title: "Formulario da  Componente  Genomica (IDS)"
2025-12-30 01:49:42,126 [Thread-7] WARN  XFormParser - XForm Parse Warning: Warning: 1 Unrecognized attributes found in Element [model] and will be ignored: [xforms-version] 
    Problem found at nodeset: /html/head/model
    With element <model xforms-version="1.0.0"><instance><data id="genomica integrada_IDS" version="2" delimiter="$">...

2025-12-30 01:49:42,269 [Thread-7] INFO  XFormParser - Creating FormDef from parsed XML finished in 140.145 ms
2025-12-30 01:49:42,582 [Thread-7] INFO  XFormParser - Reading XML and parsing with kXML2 finished in 55.102 ms
2025-12-30 01:49:42,608 [Thread-7] INFO  XFormParser - Consolidating text finished in 24.079 ms
2025-12-30 01:49:42,608 [Thread-7] INFO  XFormParser - Parsing form...
2025-12-30 01:49:42,610 [Thread-7] INFO  XFormParser - Title: "Resultados de testagem das vigilâncias"
2025-12-30 01:49:42,610 [Thread-7] WARN  XFormParser - XForm Parse Warning: Warning: 1 Unrecognized attributes found in Element [model] and will be ignored: [xforms-version] 
    Problem found at nodeset: /html/head/model
    With element <model xforms-version="1.0.0"><instance><data id="hospitalar_LB" version="13" prefix="Hospitalar LB" delimiter="$">...

2025-12-30 01:49:43,793 [ForkJoinPool-4-worker-2] INFO  o.o.b.export.ExportProcessTracker - Exported in 00:00:01.722195
2025-12-30 01:49:44,383 [Thread-7] INFO  XFormParser - Creating FormDef from parsed XML finished in 1766.106 ms
2025-12-30 01:49:44,777 [ForkJoinPool-4-worker-11] INFO  o.o.b.export.ExportProcessTracker - Exported in 00:00:02.4074248
2025-12-30 01:49:44,789 [Thread-7] INFO  org.javarosa.core.model.FormDef - Dynamic select question has no choices! [instance(Distrito_option_type)/root/item]. If this occurs while filling out a form (and not while saving an incomplete form), the filter condition may have eliminated all the choices. Is that what you intended?
2025-12-30 01:49:44,880 [Thread-7] INFO  org.javarosa.core.model.FormDef - Dynamic select question has no choices! [instance(Unidade_sanitaria_options)/root/item]. If this occurs while filling out a form (and not while saving an incomplete form), the filter condition may have eliminated all the choices. Is that what you intended?
2025-12-30 01:49:44,885 [Thread-7] INFO  org.javarosa.core.model.FormDef - Dynamic select question has no choices! [instance(tipo_amostra_options)/root/item]. If this occurs while filling out a form (and not while saving an incomplete form), the filter condition may have eliminated all the choices. Is that what you intended?
2025-12-30 01:49:45,023 [Thread-7] INFO  XFormParser - Reading XML and parsing with kXML2 finished in 4.915 ms
2025-12-30 01:49:45,025 [Thread-7] INFO  XFormParser - Consolidating text finished in 0.898 ms
2025-12-30 01:49:45,025 [Thread-7] INFO  XFormParser - Parsing form...
2025-12-30 01:49:45,027 [Thread-7] INFO  XFormParser - Title: "Formulário da Recepção da Amostra"
2025-12-30 01:49:45,027 [Thread-7] WARN  XFormParser - XForm Parse Warning: Warning: 1 Unrecognized attributes found in Element [model] and will be ignored: [xforms-version] 
    Problem found at nodeset: /html/head/model
    With element <model xforms-version="1.0.0"><instance><data id="frm_recep_amo" version="1" prefix="rec_amos" delimiter="$">...

2025-12-30 01:49:45,062 [Thread-7] INFO  XFormParser - Creating FormDef from parsed XML finished in 35.431 ms
2025-12-30 01:49:45,143 [Thread-7] INFO  org.javarosa.core.model.FormDef - Dynamic select question has no choices! [instance(Distrito_option_type)/root/item]. If this occurs while filling out a form (and not while saving an incomplete form), the filter condition may have eliminated all the choices. Is that what you intended?
2025-12-30 01:49:45,179 [Thread-7] INFO  XFormParser - Reading XML and parsing with kXML2 finished in 2.471 ms
2025-12-30 01:49:45,193 [Thread-7] INFO  XFormParser - Consolidating text finished in 12.184 ms
2025-12-30 01:49:45,193 [Thread-7] INFO  XFormParser - Parsing form...
2025-12-30 01:49:45,195 [Thread-7] INFO  XFormParser - Title: "Formulário da Vigilancia Hospitalar - Laboratório"
2025-12-30 01:49:45,195 [Thread-7] WARN  XFormParser - XForm Parse Warning: Warning: 1 Unrecognized attributes found in Element [model] and will be ignored: [xforms-version] 
    Problem found at nodeset: /html/head/model
    With element <model xforms-version="1.0.0"><instance><data id="hospitalar_ib" version="1" prefix="Hospitalar LB" delimiter="$">...

2025-12-30 01:49:45,256 [Thread-7] INFO  XFormParser - Creating FormDef from parsed XML finished in 61.713 ms
2025-12-30 01:49:45,820 [Thread-7] INFO  org.javarosa.core.model.FormDef - Dynamic select question has no choices! [instance(dis)/root/item]. If this occurs while filling out a form (and not while saving an incomplete form), the filter condition may have eliminated all the choices. Is that what you intended?
2025-12-30 01:49:45,850 [Thread-7] INFO  org.javarosa.core.model.FormDef - Dynamic select question has no choices! [instance(bairro)/root/item]. If this occurs while filling out a form (and not while saving an incomplete form), the filter condition may have eliminated all the choices. Is that what you intended?
2025-12-30 01:49:46,532 [ForkJoinPool-4-worker-15] INFO  o.o.b.export.ExportProcessTracker - Exported in 00:00:01.442274
2025-12-30 01:49:52,181 [ForkJoinPool-4-worker-1] INFO  o.o.b.export.ExportProcessTracker - Exported in 00:00:07.0150358
2025-12-30 01:50:17,643 [ForkJoinPool-4-worker-6] INFO  o.o.b.export.ExportProcessTracker - Exported in 00:00:31.6647294
2025-12-30 01:50:38,073 [ForkJoinPool-4-worker-9] INFO  o.o.b.export.ExportProcessTracker - Exported in 00:00:56.1432861
2025-12-30 01:50:55,222 [ForkJoinPool-4-worker-11] INFO  o.o.b.export.ExportProcessTracker - Exported in 00:01:10.2067915
2025-12-30 01:50:59,116 [ForkJoinPool-4-worker-13] INFO  o.o.b.export.ExportProcessTracker - Exported in 00:01:13.8462169
