2025-12-16 00:49:17,965 [ForkJoinPool-10-worker-9] INFO  o.o.b.p.a.PullFromAggregateTracker - Pull Formulário da Vigilancia Hospitalar - Start pulling form and submissions
2025-12-16 00:49:17,970 [ForkJoinPool-10-worker-3] INFO  o.o.b.p.a.PullFromAggregateTracker - Pull VIGILÂNCIA  AMBIENTAL - Start pulling form and submissions
2025-12-16 00:49:17,968 [ForkJoinPool-10-worker-15] INFO  o.o.b.p.a.PullFromAggregateTracker - Pull Formulario da  Componente  Genomica (IDS) - Start pulling form and submissions
2025-12-16 00:49:17,968 [ForkJoinPool-10-worker-13] INFO  o.o.b.p.a.PullFromAggregateTracker - Pull VIGILÂNCIA  AMBIENTAL - Start pulling form and submissions
2025-12-16 00:49:17,970 [ForkJoinPool-10-worker-1] INFO  o.o.b.p.a.PullFromAggregateTracker - Pull Formulário da Vigilancia Hospitalar - Laboratório - Start pulling form and submissions
2025-12-16 00:49:17,968 [ForkJoinPool-10-worker-6] INFO  o.o.b.p.a.PullFromAggregateTracker - Pull Formulário da Vigilancia Hospitalar - Start pulling form and submissions
2025-12-16 00:49:17,970 [ForkJoinPool-10-worker-10] INFO  o.o.b.p.a.PullFromAggregateTracker - Pull Formulário da Vigilancia Hospitalar - Start pulling form and submissions
2025-12-16 00:49:17,966 [ForkJoinPool-10-worker-2] INFO  o.o.b.p.a.PullFromAggregateTracker - Pull Formulário da Vigilancia Hospitalar - Laboratório - Start pulling form and submissions
2025-12-16 00:49:17,968 [ForkJoinPool-10-worker-8] INFO  o.o.b.p.a.PullFromAggregateTracker - Pull Formulário da Vigilancia Comunitaria - Start pulling form and submissions
2025-12-16 00:49:17,966 [ForkJoinPool-10-worker-11] INFO  o.o.b.p.a.PullFromAggregateTracker - Pull Formulário da Vigilancia Hospitalar - Start pulling form and submissions
2025-12-16 00:49:17,966 [ForkJoinPool-10-worker-4] INFO  o.o.b.p.a.PullFromAggregateTracker - Pull Formulário da Vigilancia Comunitaria - Start pulling form and submissions
2025-12-16 00:49:17,980 [ForkJoinPool-10-worker-2] INFO  o.o.b.p.a.PullFromAggregateTracker - Pull Formulário da Vigilancia Hospitalar - Laboratório - Start downloading form
2025-12-16 00:49:17,982 [ForkJoinPool-10-worker-3] INFO  o.o.b.p.a.PullFromAggregateTracker - Pull VIGILÂNCIA  AMBIENTAL - Start downloading form
2025-12-16 00:49:17,981 [ForkJoinPool-10-worker-1] INFO  o.o.b.p.a.PullFromAggregateTracker - Pull Formulário da Vigilancia Hospitalar - Laboratório - Start downloading form
2025-12-16 00:49:17,982 [ForkJoinPool-10-worker-15] INFO  o.o.b.p.a.PullFromAggregateTracker - Pull Formulario da  Componente  Genomica (IDS) - Start downloading form
2025-12-16 00:49:17,982 [ForkJoinPool-10-worker-8] INFO  o.o.b.p.a.PullFromAggregateTracker - Pull Formulário da Vigilancia Comunitaria - Start downloading form
2025-12-16 00:49:17,981 [ForkJoinPool-10-worker-13] INFO  o.o.b.p.a.PullFromAggregateTracker - Pull VIGILÂNCIA  AMBIENTAL - Start downloading form
2025-12-16 00:49:17,980 [ForkJoinPool-10-worker-11] INFO  o.o.b.p.a.PullFromAggregateTracker - Pull Formulário da Vigilancia Hospitalar - Start downloading form
2025-12-16 00:49:17,978 [ForkJoinPool-10-worker-4] INFO  o.o.b.p.a.PullFromAggregateTracker - Pull Formulário da Vigilancia Comunitaria - Start downloading form
2025-12-16 00:49:17,980 [ForkJoinPool-10-worker-10] INFO  o.o.b.p.a.PullFromAggregateTracker - Pull Formulário da Vigilancia Hospitalar - Start downloading form
2025-12-16 00:49:17,981 [ForkJoinPool-10-worker-6] INFO  o.o.b.p.a.PullFromAggregateTracker - Pull Formulário da Vigilancia Hospitalar - Start downloading form
2025-12-16 00:49:17,982 [ForkJoinPool-10-worker-9] INFO  o.o.b.p.a.PullFromAggregateTracker - Pull Formulário da Vigilancia Hospitalar - Start downloading form
2025-12-16 00:49:20,124 [ForkJoinPool-10-worker-1] INFO  o.o.b.p.a.PullFromAggregateTracker - Pull Formulário da Vigilancia Hospitalar - Laboratório - Form downloaded
2025-12-16 00:49:20,125 [ForkJoinPool-10-worker-1] INFO  o.o.b.p.a.PullFromAggregateTracker - Pull Formulário da Vigilancia Hospitalar - Laboratório - Start getting submission IDs
2025-12-16 00:49:20,313 [ForkJoinPool-10-worker-3] INFO  o.o.b.p.a.PullFromAggregateTracker - Pull VIGILÂNCIA  AMBIENTAL - Form downloaded
2025-12-16 00:49:20,314 [ForkJoinPool-10-worker-3] INFO  o.o.b.p.a.PullFromAggregateTracker - Pull VIGILÂNCIA  AMBIENTAL - Start getting submission IDs
2025-12-16 00:49:20,323 [ForkJoinPool-10-worker-15] INFO  o.o.b.p.a.PullFromAggregateTracker - Pull Formulario da  Componente  Genomica (IDS) - Form downloaded
2025-12-16 00:49:20,323 [ForkJoinPool-10-worker-15] INFO  o.o.b.p.a.PullFromAggregateTracker - Pull Formulario da  Componente  Genomica (IDS) - Start getting submission IDs
2025-12-16 00:49:20,344 [ForkJoinPool-10-worker-13] INFO  o.o.b.p.a.PullFromAggregateTracker - Pull VIGILÂNCIA  AMBIENTAL - Form downloaded
2025-12-16 00:49:20,344 [ForkJoinPool-10-worker-13] INFO  o.o.b.p.a.PullFromAggregateTracker - Pull VIGILÂNCIA  AMBIENTAL - Start getting form manifest
2025-12-16 00:49:20,554 [ForkJoinPool-10-worker-2] INFO  o.o.b.p.a.PullFromAggregateTracker - Pull Formulário da Vigilancia Hospitalar - Laboratório - Form downloaded
2025-12-16 00:49:20,554 [ForkJoinPool-10-worker-2] INFO  o.o.b.p.a.PullFromAggregateTracker - Pull Formulário da Vigilancia Hospitalar - Laboratório - Start getting form manifest
2025-12-16 00:49:20,592 [ForkJoinPool-10-worker-1] INFO  o.o.b.p.a.PullFromAggregateTracker - Pull Formulário da Vigilancia Hospitalar - Laboratório - Got all the submission IDs
2025-12-16 00:49:20,598 [ForkJoinPool-10-worker-1] INFO  o.o.b.p.a.PullFromAggregateTracker - Push Formulário da Vigilancia Hospitalar - Laboratório - There are no submissions to download
2025-12-16 00:49:20,612 [ForkJoinPool-10-worker-1] INFO  o.o.b.p.a.PullFromAggregateTracker - Pull Formulário da Vigilancia Hospitalar - Laboratório - Success
2025-12-16 00:49:20,620 [ForkJoinPool-10-worker-1] INFO  o.o.b.p.a.PullFromAggregateTracker - Pull VIGILÂNCIA  AMBIENTAL - Start pulling form and submissions
2025-12-16 00:49:20,620 [ForkJoinPool-10-worker-1] INFO  o.o.b.p.a.PullFromAggregateTracker - Pull VIGILÂNCIA  AMBIENTAL - Start downloading form
2025-12-16 00:49:20,734 [AWT-EventQueue-0] INFO  XFormParser - Reading XML and parsing with kXML2 finished in 8.832 ms
2025-12-16 00:49:20,746 [AWT-EventQueue-0] INFO  XFormParser - Consolidating text finished in 8.974 ms
2025-12-16 00:49:20,746 [AWT-EventQueue-0] INFO  XFormParser - Parsing form...
2025-12-16 00:49:20,746 [AWT-EventQueue-0] INFO  XFormParser - Title: "VIGILÂNCIA  AMBIENTAL"
2025-12-16 00:49:20,746 [AWT-EventQueue-0] WARN  XFormParser - XForm Parse Warning: Warning: 1 Unrecognized attributes found in Element [model] and will be ignored: [xforms-version] 
    Problem found at nodeset: /html/head/model
    With element <model xforms-version="1.0.0"><instance><data id="VIGILÂNCIA  AMBIENTAL" version="1" prefix="VIGILÂNCIA  AMBIENTAL" delimiter="$">...

2025-12-16 00:49:20,792 [AWT-EventQueue-0] INFO  XFormParser - Creating FormDef from parsed XML finished in 45.180 ms
2025-12-16 00:49:20,842 [ForkJoinPool-10-worker-15] INFO  o.o.b.p.a.PullFromAggregateTracker - Pull Formulario da  Componente  Genomica (IDS) - Got all the submission IDs
2025-12-16 00:49:20,846 [ForkJoinPool-10-worker-3] INFO  o.o.b.p.a.PullFromAggregateTracker - Pull VIGILÂNCIA  AMBIENTAL - Got all the submission IDs
2025-12-16 00:49:20,854 [ForkJoinPool-10-worker-3] INFO  o.o.b.p.a.PullFromAggregateTracker - Push VIGILÂNCIA  AMBIENTAL - There are no submissions to download
2025-12-16 00:49:20,856 [ForkJoinPool-10-worker-15] INFO  o.o.b.p.a.PullFromAggregateTracker - Push Formulario da  Componente  Genomica (IDS) - There are no submissions to download
2025-12-16 00:49:20,861 [ForkJoinPool-10-worker-15] INFO  o.o.b.p.a.PullFromAggregateTracker - Pull Formulario da  Componente  Genomica (IDS) - Success
2025-12-16 00:49:20,861 [ForkJoinPool-10-worker-3] INFO  o.o.b.p.a.PullFromAggregateTracker - Pull VIGILÂNCIA  AMBIENTAL - Success
2025-12-16 00:49:20,863 [ForkJoinPool-10-worker-3] INFO  o.o.b.p.a.PullFromAggregateTracker - Pull Formulário da Vigilancia Comunitaria - Start pulling form and submissions
2025-12-16 00:49:20,863 [ForkJoinPool-10-worker-3] INFO  o.o.b.p.a.PullFromAggregateTracker - Pull Formulário da Vigilancia Comunitaria - Start downloading form
2025-12-16 00:49:20,863 [ForkJoinPool-10-worker-15] INFO  o.o.b.p.a.PullFromAggregateTracker - Pull Formulário da Vigilancia Hospitalar - Start pulling form and submissions
2025-12-16 00:49:20,863 [ForkJoinPool-10-worker-15] INFO  o.o.b.p.a.PullFromAggregateTracker - Pull Formulário da Vigilancia Hospitalar - Start downloading form
2025-12-16 00:49:21,189 [ForkJoinPool-10-worker-10] INFO  o.o.b.p.a.PullFromAggregateTracker - Pull Formulário da Vigilancia Hospitalar - Form downloaded
2025-12-16 00:49:21,190 [ForkJoinPool-10-worker-10] INFO  o.o.b.p.a.PullFromAggregateTracker - Pull Formulário da Vigilancia Hospitalar - Start getting submission IDs
2025-12-16 00:49:21,214 [ForkJoinPool-10-worker-9] INFO  o.o.b.p.a.PullFromAggregateTracker - Pull Formulário da Vigilancia Hospitalar - Form downloaded
2025-12-16 00:49:21,216 [ForkJoinPool-10-worker-9] INFO  o.o.b.p.a.PullFromAggregateTracker - Pull Formulário da Vigilancia Hospitalar - Start getting form manifest
2025-12-16 00:49:21,271 [ForkJoinPool-10-worker-13] INFO  o.o.b.p.a.PullFromAggregateTracker - Pull VIGILÂNCIA  AMBIENTAL - Got the form manifest
2025-12-16 00:49:21,271 [ForkJoinPool-10-worker-13] INFO  o.o.b.p.a.PullFromAggregateTracker - Pull VIGILÂNCIA  AMBIENTAL - Skipping 1 form attachments that have been already downloaded
2025-12-16 00:49:21,272 [ForkJoinPool-10-worker-13] INFO  o.o.b.p.a.PullFromAggregateTracker - Pull VIGILÂNCIA  AMBIENTAL - Start getting submission IDs
2025-12-16 00:49:21,274 [ForkJoinPool-10-worker-2] INFO  o.o.b.p.a.PullFromAggregateTracker - Pull Formulário da Vigilancia Hospitalar - Laboratório - Got the form manifest
2025-12-16 00:49:21,275 [ForkJoinPool-10-worker-2] INFO  o.o.b.p.a.PullFromAggregateTracker - Pull Formulário da Vigilancia Hospitalar - Laboratório - Skipping 1 form attachments that have been already downloaded
2025-12-16 00:49:21,275 [ForkJoinPool-10-worker-2] INFO  o.o.b.p.a.PullFromAggregateTracker - Pull Formulário da Vigilancia Hospitalar - Laboratório - Start getting submission IDs
2025-12-16 00:49:21,284 [ForkJoinPool-10-worker-11] INFO  o.o.b.p.a.PullFromAggregateTracker - Pull Formulário da Vigilancia Hospitalar - Form downloaded
2025-12-16 00:49:21,284 [ForkJoinPool-10-worker-11] INFO  o.o.b.p.a.PullFromAggregateTracker - Pull Formulário da Vigilancia Hospitalar - Start getting form manifest
2025-12-16 00:49:21,397 [ForkJoinPool-10-worker-4] INFO  o.o.b.p.a.PullFromAggregateTracker - Pull Formulário da Vigilancia Comunitaria - Form downloaded
2025-12-16 00:49:21,399 [ForkJoinPool-10-worker-4] INFO  o.o.b.p.a.PullFromAggregateTracker - Pull Formulário da Vigilancia Comunitaria - Start getting form manifest
2025-12-16 00:49:21,547 [ForkJoinPool-10-worker-9] INFO  o.o.b.p.a.PullFromAggregateTracker - Pull Formulário da Vigilancia Hospitalar - Got the form manifest
2025-12-16 00:49:21,547 [ForkJoinPool-10-worker-1] INFO  o.o.b.p.a.PullFromAggregateTracker - Pull VIGILÂNCIA  AMBIENTAL - Form downloaded
2025-12-16 00:49:21,548 [ForkJoinPool-10-worker-9] INFO  o.o.b.p.a.PullFromAggregateTracker - Pull Formulário da Vigilancia Hospitalar - Skipping 1 form attachments that have been already downloaded
2025-12-16 00:49:21,548 [ForkJoinPool-10-worker-1] INFO  o.o.b.p.a.PullFromAggregateTracker - Pull VIGILÂNCIA  AMBIENTAL - Start getting submission IDs
2025-12-16 00:49:21,548 [ForkJoinPool-10-worker-9] INFO  o.o.b.p.a.PullFromAggregateTracker - Pull Formulário da Vigilancia Hospitalar - Start getting submission IDs
2025-12-16 00:49:21,571 [ForkJoinPool-10-worker-8] INFO  o.o.b.p.a.PullFromAggregateTracker - Pull Formulário da Vigilancia Comunitaria - Form downloaded
2025-12-16 00:49:21,571 [ForkJoinPool-10-worker-6] INFO  o.o.b.p.a.PullFromAggregateTracker - Pull Formulário da Vigilancia Hospitalar - Form downloaded
2025-12-16 00:49:21,571 [ForkJoinPool-10-worker-8] INFO  o.o.b.p.a.PullFromAggregateTracker - Pull Formulário da Vigilancia Comunitaria - Start getting submission IDs
2025-12-16 00:49:21,571 [ForkJoinPool-10-worker-6] INFO  o.o.b.p.a.PullFromAggregateTracker - Pull Formulário da Vigilancia Hospitalar - Start getting form manifest
2025-12-16 00:49:21,611 [ForkJoinPool-10-worker-10] INFO  o.o.b.p.a.PullFromAggregateTracker - Pull Formulário da Vigilancia Hospitalar - Got all the submission IDs
2025-12-16 00:49:21,681 [ForkJoinPool-10-worker-13] INFO  o.o.b.p.a.PullFromAggregateTracker - Pull VIGILÂNCIA  AMBIENTAL - Got all the submission IDs
2025-12-16 00:49:21,689 [ForkJoinPool-10-worker-13] INFO  o.o.b.p.a.PullFromAggregateTracker - Push VIGILÂNCIA  AMBIENTAL - There are no submissions to download
2025-12-16 00:49:21,704 [ForkJoinPool-10-worker-13] INFO  o.o.b.p.a.PullFromAggregateTracker - Pull VIGILÂNCIA  AMBIENTAL - Success
2025-12-16 00:49:21,708 [ForkJoinPool-10-worker-13] INFO  o.o.b.p.a.PullFromAggregateTracker - Pull VIGILÂNCIA  AMBIENTAL - Start pulling form and submissions
2025-12-16 00:49:21,708 [ForkJoinPool-10-worker-13] INFO  o.o.b.p.a.PullFromAggregateTracker - Pull VIGILÂNCIA  AMBIENTAL - Start downloading form
2025-12-16 00:49:21,755 [ForkJoinPool-10-worker-10] INFO  o.o.b.p.a.PullFromAggregateTracker - Push Formulário da Vigilancia Hospitalar - There are no submissions to download
2025-12-16 00:49:21,761 [ForkJoinPool-10-worker-10] INFO  o.o.b.p.a.PullFromAggregateTracker - Pull Formulário da Vigilancia Hospitalar - Success
2025-12-16 00:49:21,761 [ForkJoinPool-10-worker-10] INFO  o.o.b.p.a.PullFromAggregateTracker - Pull Formulário da Vigilancia Comunitaria - Start pulling form and submissions
2025-12-16 00:49:21,763 [ForkJoinPool-10-worker-10] INFO  o.o.b.p.a.PullFromAggregateTracker - Pull Formulário da Vigilancia Comunitaria - Start downloading form
2025-12-16 00:49:21,790 [ForkJoinPool-10-worker-11] INFO  o.o.b.p.a.PullFromAggregateTracker - Pull Formulário da Vigilancia Hospitalar - Got the form manifest
2025-12-16 00:49:21,790 [ForkJoinPool-10-worker-11] INFO  o.o.b.p.a.PullFromAggregateTracker - Pull Formulário da Vigilancia Hospitalar - Skipping 1 form attachments that have been already downloaded
2025-12-16 00:49:21,790 [ForkJoinPool-10-worker-11] INFO  o.o.b.p.a.PullFromAggregateTracker - Pull Formulário da Vigilancia Hospitalar - Start getting submission IDs
2025-12-16 00:49:21,796 [AWT-EventQueue-0] INFO  XFormParser - Reading XML and parsing with kXML2 finished in 18.434 ms
2025-12-16 00:49:21,796 [ForkJoinPool-10-worker-2] INFO  o.o.b.p.a.PullFromAggregateTracker - Pull Formulário da Vigilancia Hospitalar - Laboratório - Got all the submission IDs
2025-12-16 00:49:21,796 [ForkJoinPool-10-worker-1] INFO  o.o.b.p.a.PullFromAggregateTracker - Pull VIGILÂNCIA  AMBIENTAL - Got all the submission IDs
2025-12-16 00:49:21,798 [ForkJoinPool-10-worker-2] INFO  o.o.b.p.a.PullFromAggregateTracker - Push Formulário da Vigilancia Hospitalar - Laboratório - There are no submissions to download
2025-12-16 00:49:21,798 [ForkJoinPool-10-worker-4] INFO  o.o.b.p.a.PullFromAggregateTracker - Pull Formulário da Vigilancia Comunitaria - Got the form manifest
2025-12-16 00:49:21,798 [ForkJoinPool-10-worker-4] INFO  o.o.b.p.a.PullFromAggregateTracker - Pull Formulário da Vigilancia Comunitaria - Skipping 1 form attachments that have been already downloaded
2025-12-16 00:49:21,799 [ForkJoinPool-10-worker-4] INFO  o.o.b.p.a.PullFromAggregateTracker - Pull Formulário da Vigilancia Comunitaria - Start getting submission IDs
2025-12-16 00:49:21,799 [ForkJoinPool-10-worker-1] INFO  o.o.b.p.a.PullFromAggregateTracker - Push VIGILÂNCIA  AMBIENTAL - There are no submissions to download
2025-12-16 00:49:21,801 [ForkJoinPool-10-worker-2] INFO  o.o.b.p.a.PullFromAggregateTracker - Pull Formulário da Vigilancia Hospitalar - Laboratório - Success
2025-12-16 00:49:21,803 [ForkJoinPool-10-worker-1] INFO  o.o.b.p.a.PullFromAggregateTracker - Pull VIGILÂNCIA  AMBIENTAL - Success
2025-12-16 00:49:21,804 [ForkJoinPool-10-worker-1] INFO  o.o.b.p.a.PullFromAggregateTracker - Pull Formulário da Vigilancia Hospitalar - Start pulling form and submissions
2025-12-16 00:49:21,804 [ForkJoinPool-10-worker-1] INFO  o.o.b.p.a.PullFromAggregateTracker - Pull Formulário da Vigilancia Hospitalar - Start downloading form
2025-12-16 00:49:21,812 [AWT-EventQueue-0] INFO  XFormParser - Consolidating text finished in 15.811 ms
2025-12-16 00:49:21,812 [AWT-EventQueue-0] INFO  XFormParser - Parsing form...
2025-12-16 00:49:21,812 [AWT-EventQueue-0] INFO  XFormParser - Title: "Formulário da Vigilancia Comunitaria"
2025-12-16 00:49:21,812 [AWT-EventQueue-0] WARN  XFormParser - XForm Parse Warning: Warning: 1 Unrecognized attributes found in Element [model] and will be ignored: [xforms-version] 
    Problem found at nodeset: /html/head/model
    With element <model xforms-version="1.0.0"><instance><data id="Comunidade_v2" version="2" prefix="Comunidade_v2" delimiter="$">...

2025-12-16 00:49:21,860 [ForkJoinPool-10-worker-9] INFO  o.o.b.p.a.PullFromAggregateTracker - Pull Formulário da Vigilancia Hospitalar - Got all the submission IDs
2025-12-16 00:49:21,968 [ForkJoinPool-10-worker-6] INFO  o.o.b.p.a.PullFromAggregateTracker - Pull Formulário da Vigilancia Hospitalar - Got the form manifest
2025-12-16 00:49:21,970 [ForkJoinPool-10-worker-6] INFO  o.o.b.p.a.PullFromAggregateTracker - Pull Formulário da Vigilancia Hospitalar - Skipping 1 form attachments that have been already downloaded
2025-12-16 00:49:21,971 [ForkJoinPool-10-worker-6] INFO  o.o.b.p.a.PullFromAggregateTracker - Pull Formulário da Vigilancia Hospitalar - Start getting submission IDs
2025-12-16 00:49:21,971 [AWT-EventQueue-0] INFO  XFormParser - Creating FormDef from parsed XML finished in 156.893 ms
2025-12-16 00:49:21,971 [ForkJoinPool-10-worker-9] INFO  o.o.b.p.a.PullFromAggregateTracker - Push Formulário da Vigilancia Hospitalar - There are no submissions to download
2025-12-16 00:49:21,973 [ForkJoinPool-10-worker-9] INFO  o.o.b.p.a.PullFromAggregateTracker - Pull Formulário da Vigilancia Hospitalar - Success
2025-12-16 00:49:22,018 [ForkJoinPool-10-worker-15] INFO  o.o.b.p.a.PullFromAggregateTracker - Pull Formulário da Vigilancia Hospitalar - Form downloaded
2025-12-16 00:49:22,020 [ForkJoinPool-10-worker-15] INFO  o.o.b.p.a.PullFromAggregateTracker - Pull Formulário da Vigilancia Hospitalar - Start getting submission IDs
2025-12-16 00:49:22,028 [AWT-EventQueue-0] INFO  XFormParser - Reading XML and parsing with kXML2 finished in 16.410 ms
2025-12-16 00:49:22,038 [AWT-EventQueue-0] INFO  XFormParser - Consolidating text finished in 9.074 ms
2025-12-16 00:49:22,038 [AWT-EventQueue-0] INFO  XFormParser - Parsing form...
2025-12-16 00:49:22,039 [AWT-EventQueue-0] INFO  XFormParser - Title: "Formulário da Vigilancia Hospitalar"
2025-12-16 00:49:22,039 [AWT-EventQueue-0] WARN  XFormParser - XForm Parse Warning: Warning: 1 Unrecognized attributes found in Element [model] and will be ignored: [xforms-version] 
    Problem found at nodeset: /html/head/model
    With element <model xforms-version="1.0.0"><instance><data id="hospitalar_v2" version="1" prefix="Hospitalar" delimiter="$">...

2025-12-16 00:49:22,041 [ForkJoinPool-10-worker-8] INFO  o.o.b.p.a.PullFromAggregateTracker - Pull Formulário da Vigilancia Comunitaria - Got all the submission IDs
2025-12-16 00:49:22,161 [ForkJoinPool-10-worker-11] INFO  o.o.b.p.a.PullFromAggregateTracker - Pull Formulário da Vigilancia Hospitalar - Got all the submission IDs
2025-12-16 00:49:22,163 [ForkJoinPool-10-worker-4] INFO  o.o.b.p.a.PullFromAggregateTracker - Pull Formulário da Vigilancia Comunitaria - Got all the submission IDs
2025-12-16 00:49:22,170 [ForkJoinPool-10-worker-13] INFO  o.o.b.p.a.PullFromAggregateTracker - Pull VIGILÂNCIA  AMBIENTAL - Form downloaded
2025-12-16 00:49:22,172 [ForkJoinPool-10-worker-13] INFO  o.o.b.p.a.PullFromAggregateTracker - Pull VIGILÂNCIA  AMBIENTAL - Start getting submission IDs
2025-12-16 00:49:22,181 [ForkJoinPool-10-worker-8] INFO  o.o.b.p.a.PullFromAggregateTracker - Push Formulário da Vigilancia Comunitaria - There are no submissions to download
2025-12-16 00:49:22,185 [ForkJoinPool-10-worker-8] INFO  o.o.b.p.a.PullFromAggregateTracker - Pull Formulário da Vigilancia Comunitaria - Success
2025-12-16 00:49:23,410 [AWT-EventQueue-0] INFO  XFormParser - Creating FormDef from parsed XML finished in 1358.347 ms
2025-12-16 00:49:23,413 [ForkJoinPool-10-worker-6] INFO  o.o.b.p.a.PullFromAggregateTracker - Pull Formulário da Vigilancia Hospitalar - Got all the submission IDs
2025-12-16 00:49:23,413 [ForkJoinPool-10-worker-13] INFO  o.o.b.p.a.PullFromAggregateTracker - Pull VIGILÂNCIA  AMBIENTAL - Got all the submission IDs
2025-12-16 00:49:23,413 [ForkJoinPool-10-worker-15] INFO  o.o.b.p.a.PullFromAggregateTracker - Pull Formulário da Vigilancia Hospitalar - Got all the submission IDs
2025-12-16 00:49:23,438 [ForkJoinPool-10-worker-13] INFO  o.o.b.p.a.PullFromAggregateTracker - Push VIGILÂNCIA  AMBIENTAL - There are no submissions to download
2025-12-16 00:49:23,496 [ForkJoinPool-10-worker-10] INFO  o.o.b.p.a.PullFromAggregateTracker - Pull Formulário da Vigilancia Comunitaria - Form downloaded
2025-12-16 00:49:23,499 [ForkJoinPool-10-worker-10] INFO  o.o.b.p.a.PullFromAggregateTracker - Pull Formulário da Vigilancia Comunitaria - Start getting submission IDs
2025-12-16 00:49:23,532 [ForkJoinPool-10-worker-13] INFO  o.o.b.p.a.PullFromAggregateTracker - Pull VIGILÂNCIA  AMBIENTAL - Success
2025-12-16 00:49:23,545 [ForkJoinPool-10-worker-3] INFO  o.o.b.p.a.PullFromAggregateTracker - Pull Formulário da Vigilancia Comunitaria - Form downloaded
2025-12-16 00:49:23,545 [ForkJoinPool-10-worker-3] INFO  o.o.b.p.a.PullFromAggregateTracker - Pull Formulário da Vigilancia Comunitaria - Start getting submission IDs
2025-12-16 00:49:23,559 [ForkJoinPool-10-worker-4] INFO  o.o.b.p.a.PullFromAggregateTracker - Push Formulário da Vigilancia Comunitaria - There are no submissions to download
2025-12-16 00:49:23,571 [ForkJoinPool-10-worker-11] INFO  o.o.b.p.a.PullFromAggregateTracker - Push Formulário da Vigilancia Hospitalar - There are no submissions to download
2025-12-16 00:49:23,596 [ForkJoinPool-10-worker-6] INFO  o.o.b.p.a.PullFromAggregateTracker - Push Formulário da Vigilancia Hospitalar - There are no submissions to download
2025-12-16 00:49:23,603 [ForkJoinPool-10-worker-15] INFO  o.o.b.p.a.PullFromAggregateTracker - Push Formulário da Vigilancia Hospitalar - There are no submissions to download
2025-12-16 00:49:23,615 [AWT-EventQueue-0] INFO  XFormParser - Reading XML and parsing with kXML2 finished in 4.091 ms
2025-12-16 00:49:23,618 [AWT-EventQueue-0] INFO  XFormParser - Consolidating text finished in 2.221 ms
2025-12-16 00:49:23,618 [AWT-EventQueue-0] INFO  XFormParser - Parsing form...
2025-12-16 00:49:23,618 [AWT-EventQueue-0] INFO  XFormParser - Title: "VIGILÂNCIA  AMBIENTAL"
2025-12-16 00:49:23,619 [AWT-EventQueue-0] WARN  XFormParser - XForm Parse Warning: Warning: 1 Unrecognized attributes found in Element [model] and will be ignored: [xforms-version] 
    Problem found at nodeset: /html/head/model
    With element <model xforms-version="1.0.0"><instance><data id="VIGILÂNCIA AMBIENTAL_v4" version="4" prefix="VIGILÂNCIA AMBIENTAL_v4" delimiter="$">...

2025-12-16 00:49:23,621 [ForkJoinPool-10-worker-1] INFO  o.o.b.p.a.PullFromAggregateTracker - Pull Formulário da Vigilancia Hospitalar - Form downloaded
2025-12-16 00:49:23,623 [ForkJoinPool-10-worker-1] INFO  o.o.b.p.a.PullFromAggregateTracker - Pull Formulário da Vigilancia Hospitalar - Start getting submission IDs
2025-12-16 00:49:23,635 [ForkJoinPool-10-worker-11] INFO  o.o.b.p.a.PullFromAggregateTracker - Pull Formulário da Vigilancia Hospitalar - Success
2025-12-16 00:49:23,640 [ForkJoinPool-10-worker-4] INFO  o.o.b.p.a.PullFromAggregateTracker - Pull Formulário da Vigilancia Comunitaria - Success
2025-12-16 00:49:23,642 [AWT-EventQueue-0] INFO  XFormParser - Creating FormDef from parsed XML finished in 24.116 ms
2025-12-16 00:49:23,696 [ForkJoinPool-10-worker-15] INFO  o.o.b.p.a.PullFromAggregateTracker - Pull Formulário da Vigilancia Hospitalar - Success
2025-12-16 00:49:23,714 [ForkJoinPool-10-worker-6] INFO  o.o.b.p.a.PullFromAggregateTracker - Pull Formulário da Vigilancia Hospitalar - Success
2025-12-16 00:49:23,879 [ForkJoinPool-10-worker-3] INFO  o.o.b.p.a.PullFromAggregateTracker - Pull Formulário da Vigilancia Comunitaria - Got all the submission IDs
2025-12-16 00:49:23,879 [ForkJoinPool-10-worker-1] INFO  o.o.b.p.a.PullFromAggregateTracker - Pull Formulário da Vigilancia Hospitalar - Got all the submission IDs
2025-12-16 00:49:23,879 [ForkJoinPool-10-worker-10] INFO  o.o.b.p.a.PullFromAggregateTracker - Pull Formulário da Vigilancia Comunitaria - Got all the submission IDs
2025-12-16 00:49:23,995 [ForkJoinPool-10-worker-10] INFO  o.o.b.p.a.PullFromAggregateTracker - Push Formulário da Vigilancia Comunitaria - There are no submissions to download
2025-12-16 00:49:23,997 [ForkJoinPool-10-worker-3] INFO  o.o.b.p.a.PullFromAggregateTracker - Push Formulário da Vigilancia Comunitaria - There are no submissions to download
2025-12-16 00:49:23,997 [ForkJoinPool-10-worker-1] INFO  o.o.b.p.a.PullFromAggregateTracker - Push Formulário da Vigilancia Hospitalar - There are no submissions to download
2025-12-16 00:49:24,045 [ForkJoinPool-10-worker-1] INFO  o.o.b.p.a.PullFromAggregateTracker - Pull Formulário da Vigilancia Hospitalar - Success
2025-12-16 00:49:24,077 [ForkJoinPool-10-worker-10] INFO  o.o.b.p.a.PullFromAggregateTracker - Pull Formulário da Vigilancia Comunitaria - Success
2025-12-16 00:49:24,147 [ForkJoinPool-10-worker-3] INFO  o.o.b.p.a.PullFromAggregateTracker - Pull Formulário da Vigilancia Comunitaria - Success
2025-12-16 00:49:25,155 [AWT-EventQueue-0] INFO  XFormParser - Reading XML and parsing with kXML2 finished in 19.260 ms
2025-12-16 00:49:25,167 [AWT-EventQueue-0] INFO  XFormParser - Consolidating text finished in 11.707 ms
2025-12-16 00:49:25,167 [AWT-EventQueue-0] INFO  XFormParser - Parsing form...
2025-12-16 00:49:25,167 [AWT-EventQueue-0] INFO  XFormParser - Title: "Formulário da Vigilancia Comunitaria"
2025-12-16 00:49:25,167 [AWT-EventQueue-0] WARN  XFormParser - XForm Parse Warning: Warning: 1 Unrecognized attributes found in Element [model] and will be ignored: [xforms-version] 
    Problem found at nodeset: /html/head/model
    With element <model xforms-version="1.0.0"><instance><data id="Comunidade_v3" version="1" prefix="Comunidade_v3" delimiter="$">...

2025-12-16 00:49:25,252 [AWT-EventQueue-0] INFO  XFormParser - Creating FormDef from parsed XML finished in 83.846 ms
2025-12-16 00:49:25,288 [AWT-EventQueue-0] INFO  XFormParser - Reading XML and parsing with kXML2 finished in 18.871 ms
2025-12-16 00:49:25,296 [AWT-EventQueue-0] INFO  XFormParser - Consolidating text finished in 7.255 ms
2025-12-16 00:49:25,296 [AWT-EventQueue-0] INFO  XFormParser - Parsing form...
2025-12-16 00:49:25,297 [AWT-EventQueue-0] INFO  XFormParser - Title: "Formulário da Vigilancia Hospitalar"
2025-12-16 00:49:25,297 [AWT-EventQueue-0] WARN  XFormParser - XForm Parse Warning: Warning: 1 Unrecognized attributes found in Element [model] and will be ignored: [xforms-version] 
    Problem found at nodeset: /html/head/model
    With element <model xforms-version="1.0.0"><instance><data id="hospitalar_v5" version="1" prefix="hospitalar_v5" delimiter="$">...

2025-12-16 00:49:25,336 [AWT-EventQueue-0] INFO  XFormParser - Creating FormDef from parsed XML finished in 38.952 ms
2025-12-16 00:49:46,374 [ForkJoinPool-11-worker-9] INFO  o.o.b.p.a.PullFromAggregateTracker - Pull Formulário da Vigilancia Hospitalar - Start pulling form and submissions
2025-12-16 00:49:46,376 [ForkJoinPool-11-worker-11] INFO  o.o.b.p.a.PullFromAggregateTracker - Pull Formulário da Vigilancia Hospitalar - Start pulling form and submissions
2025-12-16 00:49:46,374 [ForkJoinPool-11-worker-2] INFO  o.o.b.p.a.PullFromAggregateTracker - Pull Formulário da Vigilancia Hospitalar - Laboratório - Start pulling form and submissions
2025-12-16 00:49:46,376 [ForkJoinPool-11-worker-4] INFO  o.o.b.p.a.PullFromAggregateTracker - Pull Formulário da Vigilancia Comunitaria - Start pulling form and submissions
2025-12-16 00:49:46,376 [ForkJoinPool-11-worker-11] INFO  o.o.b.p.a.PullFromAggregateTracker - Pull Formulário da Vigilancia Hospitalar - Start downloading form
2025-12-16 00:49:46,376 [ForkJoinPool-11-worker-4] INFO  o.o.b.p.a.PullFromAggregateTracker - Pull Formulário da Vigilancia Comunitaria - Start downloading form
2025-12-16 00:49:46,376 [ForkJoinPool-11-worker-13] INFO  o.o.b.p.a.PullFromAggregateTracker - Pull VIGILÂNCIA  AMBIENTAL - Start pulling form and submissions
2025-12-16 00:49:46,378 [ForkJoinPool-11-worker-9] INFO  o.o.b.p.a.PullFromAggregateTracker - Pull Formulário da Vigilancia Hospitalar - Start downloading form
2025-12-16 00:49:46,378 [ForkJoinPool-11-worker-2] INFO  o.o.b.p.a.PullFromAggregateTracker - Pull Formulário da Vigilancia Hospitalar - Laboratório - Start downloading form
2025-12-16 00:49:46,378 [ForkJoinPool-11-worker-13] INFO  o.o.b.p.a.PullFromAggregateTracker - Pull VIGILÂNCIA  AMBIENTAL - Start downloading form
2025-12-16 00:49:46,382 [ForkJoinPool-11-worker-15] INFO  o.o.b.p.a.PullFromAggregateTracker - Pull Formulário da Vigilancia Hospitalar - Start pulling form and submissions
2025-12-16 00:49:46,382 [ForkJoinPool-11-worker-6] INFO  o.o.b.p.a.PullFromAggregateTracker - Pull Resultados de testagem das vigilâncias - Start pulling form and submissions
2025-12-16 00:49:46,386 [ForkJoinPool-11-worker-8] INFO  o.o.b.p.a.PullFromAggregateTracker - Pull Formulario da  Componente  Genomica (IDS) - Start pulling form and submissions
2025-12-16 00:49:46,388 [ForkJoinPool-11-worker-15] INFO  o.o.b.p.a.PullFromAggregateTracker - Pull Formulário da Vigilancia Hospitalar - Start downloading form
2025-12-16 00:49:46,388 [ForkJoinPool-11-worker-10] INFO  o.o.b.p.a.PullFromAggregateTracker - Pull Formulário da Vigilancia Hospitalar - Laboratório - Start pulling form and submissions
2025-12-16 00:49:46,388 [ForkJoinPool-11-worker-1] INFO  o.o.b.p.a.PullFromAggregateTracker - Pull Formulário da Vigilancia Comunitaria - Start pulling form and submissions
2025-12-16 00:49:46,388 [ForkJoinPool-11-worker-3] INFO  o.o.b.p.a.PullFromAggregateTracker - Pull Formulário da Vigilancia Hospitalar - Start pulling form and submissions
2025-12-16 00:49:46,390 [ForkJoinPool-11-worker-6] INFO  o.o.b.p.a.PullFromAggregateTracker - Pull Resultados de testagem das vigilâncias - Start downloading form
2025-12-16 00:49:46,390 [ForkJoinPool-11-worker-1] INFO  o.o.b.p.a.PullFromAggregateTracker - Pull Formulário da Vigilancia Comunitaria - Start downloading form
2025-12-16 00:49:46,390 [ForkJoinPool-11-worker-8] INFO  o.o.b.p.a.PullFromAggregateTracker - Pull Formulario da  Componente  Genomica (IDS) - Start downloading form
2025-12-16 00:49:46,392 [ForkJoinPool-11-worker-3] INFO  o.o.b.p.a.PullFromAggregateTracker - Pull Formulário da Vigilancia Hospitalar - Start downloading form
2025-12-16 00:49:46,390 [ForkJoinPool-11-worker-10] INFO  o.o.b.p.a.PullFromAggregateTracker - Pull Formulário da Vigilancia Hospitalar - Laboratório - Start downloading form
2025-12-16 00:49:46,701 [ForkJoinPool-11-worker-2] INFO  o.o.b.p.a.PullFromAggregateTracker - Pull Formulário da Vigilancia Hospitalar - Laboratório - Form downloaded
2025-12-16 00:49:46,702 [ForkJoinPool-11-worker-2] INFO  o.o.b.p.a.PullFromAggregateTracker - Pull Formulário da Vigilancia Hospitalar - Laboratório - Start getting form manifest
2025-12-16 00:49:46,984 [ForkJoinPool-11-worker-13] INFO  o.o.b.p.a.PullFromAggregateTracker - Pull VIGILÂNCIA  AMBIENTAL - Form downloaded
2025-12-16 00:49:46,986 [ForkJoinPool-11-worker-13] INFO  o.o.b.p.a.PullFromAggregateTracker - Pull VIGILÂNCIA  AMBIENTAL - Start getting form manifest
2025-12-16 00:49:48,135 [ForkJoinPool-11-worker-8] INFO  o.o.b.p.a.PullFromAggregateTracker - Pull Formulario da  Componente  Genomica (IDS) - Form downloaded
2025-12-16 00:49:48,135 [ForkJoinPool-11-worker-8] INFO  o.o.b.p.a.PullFromAggregateTracker - Pull Formulario da  Componente  Genomica (IDS) - Start getting submission IDs
2025-12-16 00:49:48,145 [ForkJoinPool-11-worker-1] INFO  o.o.b.p.a.PullFromAggregateTracker - Pull Formulário da Vigilancia Comunitaria - Form downloaded
2025-12-16 00:49:48,149 [ForkJoinPool-11-worker-1] INFO  o.o.b.p.a.PullFromAggregateTracker - Pull Formulário da Vigilancia Comunitaria - Start getting submission IDs
2025-12-16 00:49:48,251 [ForkJoinPool-11-worker-3] INFO  o.o.b.p.a.PullFromAggregateTracker - Pull Formulário da Vigilancia Hospitalar - Form downloaded
2025-12-16 00:49:48,253 [ForkJoinPool-11-worker-3] INFO  o.o.b.p.a.PullFromAggregateTracker - Pull Formulário da Vigilancia Hospitalar - Start getting submission IDs
2025-12-16 00:49:48,322 [ForkJoinPool-11-worker-4] INFO  o.o.b.p.a.PullFromAggregateTracker - Pull Formulário da Vigilancia Comunitaria - Form downloaded
2025-12-16 00:49:48,322 [ForkJoinPool-11-worker-4] INFO  o.o.b.p.a.PullFromAggregateTracker - Pull Formulário da Vigilancia Comunitaria - Start getting form manifest
2025-12-16 00:49:48,377 [ForkJoinPool-11-worker-10] INFO  o.o.b.p.a.PullFromAggregateTracker - Pull Formulário da Vigilancia Hospitalar - Laboratório - Form downloaded
2025-12-16 00:49:48,377 [ForkJoinPool-11-worker-10] INFO  o.o.b.p.a.PullFromAggregateTracker - Pull Formulário da Vigilancia Hospitalar - Laboratório - Start getting submission IDs
2025-12-16 00:49:48,377 [ForkJoinPool-11-worker-2] INFO  o.o.b.p.a.PullFromAggregateTracker - Pull Formulário da Vigilancia Hospitalar - Laboratório - Got the form manifest
2025-12-16 00:49:48,378 [ForkJoinPool-11-worker-2] INFO  o.o.b.p.a.PullFromAggregateTracker - Pull Formulário da Vigilancia Hospitalar - Laboratório - Skipping 1 form attachments that have been already downloaded
2025-12-16 00:49:48,378 [ForkJoinPool-11-worker-2] INFO  o.o.b.p.a.PullFromAggregateTracker - Pull Formulário da Vigilancia Hospitalar - Laboratório - Start getting submission IDs
2025-12-16 00:49:48,386 [ForkJoinPool-11-worker-11] INFO  o.o.b.p.a.PullFromAggregateTracker - Pull Formulário da Vigilancia Hospitalar - Form downloaded
2025-12-16 00:49:48,386 [ForkJoinPool-11-worker-11] INFO  o.o.b.p.a.PullFromAggregateTracker - Pull Formulário da Vigilancia Hospitalar - Start getting form manifest
2025-12-16 00:49:48,586 [ForkJoinPool-11-worker-13] INFO  o.o.b.p.a.PullFromAggregateTracker - Pull VIGILÂNCIA  AMBIENTAL - Got the form manifest
2025-12-16 00:49:48,586 [ForkJoinPool-11-worker-13] INFO  o.o.b.p.a.PullFromAggregateTracker - Pull VIGILÂNCIA  AMBIENTAL - Skipping 1 form attachments that have been already downloaded
2025-12-16 00:49:48,589 [ForkJoinPool-11-worker-13] INFO  o.o.b.p.a.PullFromAggregateTracker - Pull VIGILÂNCIA  AMBIENTAL - Start getting submission IDs
2025-12-16 00:49:48,595 [ForkJoinPool-11-worker-8] INFO  o.o.b.p.a.PullFromAggregateTracker - Pull Formulario da  Componente  Genomica (IDS) - Got all the submission IDs
2025-12-16 00:49:48,595 [ForkJoinPool-11-worker-6] INFO  o.o.b.p.a.PullFromAggregateTracker - Pull Resultados de testagem das vigilâncias - Form downloaded
2025-12-16 00:49:48,598 [ForkJoinPool-11-worker-6] INFO  o.o.b.p.a.PullFromAggregateTracker - Pull Resultados de testagem das vigilâncias - Start getting form manifest
2025-12-16 00:49:48,608 [ForkJoinPool-11-worker-8] INFO  o.o.b.p.a.PullFromAggregateTracker - Push Formulario da  Componente  Genomica (IDS) - There are no submissions to download
2025-12-16 00:49:48,611 [ForkJoinPool-11-worker-8] INFO  o.o.b.p.a.PullFromAggregateTracker - Pull Formulario da  Componente  Genomica (IDS) - Success
2025-12-16 00:49:48,613 [ForkJoinPool-11-worker-8] INFO  o.o.b.p.a.PullFromAggregateTracker - Pull VIGILÂNCIA  AMBIENTAL - Start pulling form and submissions
2025-12-16 00:49:48,613 [ForkJoinPool-11-worker-8] INFO  o.o.b.p.a.PullFromAggregateTracker - Pull VIGILÂNCIA  AMBIENTAL - Start downloading form
2025-12-16 00:49:48,655 [ForkJoinPool-11-worker-3] INFO  o.o.b.p.a.PullFromAggregateTracker - Pull Formulário da Vigilancia Hospitalar - Got all the submission IDs
2025-12-16 00:49:48,660 [ForkJoinPool-11-worker-4] INFO  o.o.b.p.a.PullFromAggregateTracker - Pull Formulário da Vigilancia Comunitaria - Got the form manifest
2025-12-16 00:49:48,660 [ForkJoinPool-11-worker-4] INFO  o.o.b.p.a.PullFromAggregateTracker - Pull Formulário da Vigilancia Comunitaria - Skipping 1 form attachments that have been already downloaded
2025-12-16 00:49:48,660 [ForkJoinPool-11-worker-4] INFO  o.o.b.p.a.PullFromAggregateTracker - Pull Formulário da Vigilancia Comunitaria - Start getting submission IDs
2025-12-16 00:49:48,670 [ForkJoinPool-11-worker-1] INFO  o.o.b.p.a.PullFromAggregateTracker - Pull Formulário da Vigilancia Comunitaria - Got all the submission IDs
2025-12-16 00:49:48,676 [AWT-EventQueue-0] INFO  XFormParser - Reading XML and parsing with kXML2 finished in 17.377 ms
2025-12-16 00:49:48,740 [AWT-EventQueue-0] INFO  XFormParser - Consolidating text finished in 52.662 ms
2025-12-16 00:49:48,742 [AWT-EventQueue-0] INFO  XFormParser - Parsing form...
2025-12-16 00:49:48,742 [AWT-EventQueue-0] INFO  XFormParser - Title: "Formulário da Vigilancia Comunitaria"
2025-12-16 00:49:48,742 [AWT-EventQueue-0] WARN  XFormParser - XForm Parse Warning: Warning: 1 Unrecognized attributes found in Element [model] and will be ignored: [xforms-version] 
    Problem found at nodeset: /html/head/model
    With element <model xforms-version="1.0.0"><instance><data id="Comunidade" version="1" prefix="Comunidade" delimiter="$">...

2025-12-16 00:49:48,769 [ForkJoinPool-11-worker-1] INFO  o.o.b.p.a.PullFromAggregateTracker - Push Formulário da Vigilancia Comunitaria - There are no submissions to download
2025-12-16 00:49:48,769 [ForkJoinPool-11-worker-3] INFO  o.o.b.p.a.PullFromAggregateTracker - Push Formulário da Vigilancia Hospitalar - There are no submissions to download
2025-12-16 00:49:48,776 [ForkJoinPool-11-worker-3] INFO  o.o.b.p.a.PullFromAggregateTracker - Pull Formulário da Vigilancia Hospitalar - Success
2025-12-16 00:49:48,776 [ForkJoinPool-11-worker-1] INFO  o.o.b.p.a.PullFromAggregateTracker - Pull Formulário da Vigilancia Comunitaria - Success
2025-12-16 00:49:48,781 [ForkJoinPool-11-worker-3] INFO  o.o.b.p.a.PullFromAggregateTracker - Pull VIGILÂNCIA  AMBIENTAL - Start pulling form and submissions
2025-12-16 00:49:48,781 [ForkJoinPool-11-worker-1] INFO  o.o.b.p.a.PullFromAggregateTracker - Pull Formulário da Vigilancia Comunitaria - Start pulling form and submissions
2025-12-16 00:49:48,781 [ForkJoinPool-11-worker-3] INFO  o.o.b.p.a.PullFromAggregateTracker - Pull VIGILÂNCIA  AMBIENTAL - Start downloading form
2025-12-16 00:49:48,781 [ForkJoinPool-11-worker-1] INFO  o.o.b.p.a.PullFromAggregateTracker - Pull Formulário da Vigilancia Comunitaria - Start downloading form
2025-12-16 00:49:48,818 [AWT-EventQueue-0] INFO  XFormParser - Creating FormDef from parsed XML finished in 77.231 ms
2025-12-16 00:49:48,852 [ForkJoinPool-11-worker-10] INFO  o.o.b.p.a.PullFromAggregateTracker - Pull Formulário da Vigilancia Hospitalar - Laboratório - Got all the submission IDs
2025-12-16 00:49:48,854 [ForkJoinPool-11-worker-2] INFO  o.o.b.p.a.PullFromAggregateTracker - Pull Formulário da Vigilancia Hospitalar - Laboratório - Got all the submission IDs
2025-12-16 00:49:48,858 [ForkJoinPool-11-worker-11] INFO  o.o.b.p.a.PullFromAggregateTracker - Pull Formulário da Vigilancia Hospitalar - Got the form manifest
2025-12-16 00:49:48,860 [ForkJoinPool-11-worker-11] INFO  o.o.b.p.a.PullFromAggregateTracker - Pull Formulário da Vigilancia Hospitalar - Skipping 1 form attachments that have been already downloaded
2025-12-16 00:49:48,860 [ForkJoinPool-11-worker-11] INFO  o.o.b.p.a.PullFromAggregateTracker - Pull Formulário da Vigilancia Hospitalar - Start getting submission IDs
2025-12-16 00:49:48,863 [ForkJoinPool-11-worker-10] INFO  o.o.b.p.a.PullFromAggregateTracker - Push Formulário da Vigilancia Hospitalar - Laboratório - There are no submissions to download
2025-12-16 00:49:48,864 [ForkJoinPool-11-worker-2] INFO  o.o.b.p.a.PullFromAggregateTracker - Push Formulário da Vigilancia Hospitalar - Laboratório - There are no submissions to download
2025-12-16 00:49:48,865 [ForkJoinPool-11-worker-10] INFO  o.o.b.p.a.PullFromAggregateTracker - Pull Formulário da Vigilancia Hospitalar - Laboratório - Success
2025-12-16 00:49:48,866 [ForkJoinPool-11-worker-2] INFO  o.o.b.p.a.PullFromAggregateTracker - Pull Formulário da Vigilancia Hospitalar - Laboratório - Success
2025-12-16 00:49:48,869 [ForkJoinPool-11-worker-10] INFO  o.o.b.p.a.PullFromAggregateTracker - Pull Formulário da Vigilancia Hospitalar - Start pulling form and submissions
2025-12-16 00:49:48,869 [ForkJoinPool-11-worker-2] INFO  o.o.b.p.a.PullFromAggregateTracker - Pull VIGILÂNCIA  AMBIENTAL - Start pulling form and submissions
2025-12-16 00:49:48,869 [ForkJoinPool-11-worker-10] INFO  o.o.b.p.a.PullFromAggregateTracker - Pull Formulário da Vigilancia Hospitalar - Start downloading form
2025-12-16 00:49:48,869 [ForkJoinPool-11-worker-2] INFO  o.o.b.p.a.PullFromAggregateTracker - Pull VIGILÂNCIA  AMBIENTAL - Start downloading form
2025-12-16 00:49:48,874 [AWT-EventQueue-0] INFO  XFormParser - Reading XML and parsing with kXML2 finished in 17.691 ms
2025-12-16 00:49:48,877 [ForkJoinPool-11-worker-9] INFO  o.o.b.p.a.PullFromAggregateTracker - Pull Formulário da Vigilancia Hospitalar - Form downloaded
2025-12-16 00:49:48,879 [ForkJoinPool-11-worker-9] INFO  o.o.b.p.a.PullFromAggregateTracker - Pull Formulário da Vigilancia Hospitalar - Start getting form manifest
2025-12-16 00:49:48,884 [AWT-EventQueue-0] INFO  XFormParser - Consolidating text finished in 8.840 ms
2025-12-16 00:49:48,884 [AWT-EventQueue-0] INFO  XFormParser - Parsing form...
2025-12-16 00:49:48,884 [AWT-EventQueue-0] INFO  XFormParser - Title: "Formulário da Vigilancia Hospitalar"
2025-12-16 00:49:48,884 [AWT-EventQueue-0] WARN  XFormParser - XForm Parse Warning: Warning: 1 Unrecognized attributes found in Element [model] and will be ignored: [xforms-version] 
    Problem found at nodeset: /html/head/model
    With element <model xforms-version="1.0.0"><instance><data id="hospitalar_v1" version="1" prefix="Hospitalar" delimiter="$">...

2025-12-16 00:49:48,891 [ForkJoinPool-11-worker-13] INFO  o.o.b.p.a.PullFromAggregateTracker - Pull VIGILÂNCIA  AMBIENTAL - Got all the submission IDs
2025-12-16 00:49:48,895 [ForkJoinPool-11-worker-13] INFO  o.o.b.p.a.PullFromAggregateTracker - Push VIGILÂNCIA  AMBIENTAL - There are no submissions to download
2025-12-16 00:49:48,897 [ForkJoinPool-11-worker-13] INFO  o.o.b.p.a.PullFromAggregateTracker - Pull VIGILÂNCIA  AMBIENTAL - Success
2025-12-16 00:49:48,899 [ForkJoinPool-11-worker-13] INFO  o.o.b.p.a.PullFromAggregateTracker - Pull Formulário da Vigilancia Comunitaria - Start pulling form and submissions
2025-12-16 00:49:48,899 [ForkJoinPool-11-worker-13] INFO  o.o.b.p.a.PullFromAggregateTracker - Pull Formulário da Vigilancia Comunitaria - Start downloading form
2025-12-16 00:49:48,909 [ForkJoinPool-11-worker-6] INFO  o.o.b.p.a.PullFromAggregateTracker - Pull Resultados de testagem das vigilâncias - Got the form manifest
2025-12-16 00:49:48,910 [ForkJoinPool-11-worker-6] INFO  o.o.b.p.a.PullFromAggregateTracker - Pull Resultados de testagem das vigilâncias - Skipping 1 form attachments that have been already downloaded
2025-12-16 00:49:48,910 [ForkJoinPool-11-worker-6] INFO  o.o.b.p.a.PullFromAggregateTracker - Pull Resultados de testagem das vigilâncias - Start getting submission IDs
2025-12-16 00:49:48,915 [AWT-EventQueue-0] INFO  XFormParser - Creating FormDef from parsed XML finished in 30.941 ms
2025-12-16 00:49:48,917 [AWT-EventQueue-0] INFO  XFormParser - Reading XML and parsing with kXML2 finished in 0.338 ms
2025-12-16 00:49:48,917 [AWT-EventQueue-0] INFO  XFormParser - Consolidating text finished in 0.122 ms
2025-12-16 00:49:48,917 [AWT-EventQueue-0] INFO  XFormParser - Parsing form...
2025-12-16 00:49:48,917 [AWT-EventQueue-0] INFO  XFormParser - Title: "Formulário da Vigilancia Hospitalar - Laboratório"
2025-12-16 00:49:48,917 [AWT-EventQueue-0] WARN  XFormParser - XForm Parse Warning: Warning: 1 Unrecognized attributes found in Element [model] and will be ignored: [xforms-version] 
    Problem found at nodeset: /html/head/model
    With element <model xforms-version="1.0.0"><instance><data id="hospitalar_ib_v1" version="2" prefix="Hospitalar LB" delimiter="$">...

2025-12-16 00:49:48,921 [AWT-EventQueue-0] INFO  XFormParser - Creating FormDef from parsed XML finished in 2.404 ms
2025-12-16 00:49:48,932 [AWT-EventQueue-0] INFO  XFormParser - Reading XML and parsing with kXML2 finished in 0.771 ms
2025-12-16 00:49:48,934 [AWT-EventQueue-0] INFO  XFormParser - Consolidating text finished in 0.223 ms
2025-12-16 00:49:48,934 [AWT-EventQueue-0] INFO  XFormParser - Parsing form...
2025-12-16 00:49:48,934 [AWT-EventQueue-0] INFO  XFormParser - Title: "VIGILÂNCIA  AMBIENTAL"
2025-12-16 00:49:48,934 [AWT-EventQueue-0] WARN  XFormParser - XForm Parse Warning: Warning: 1 Unrecognized attributes found in Element [model] and will be ignored: [xforms-version] 
    Problem found at nodeset: /html/head/model
    With element <model xforms-version="1.0.0"><instance><data id="VIGILÂNCIA  AMBIENTAL" version="1" prefix="VIGILÂNCIA  AMBIENTAL" delimiter="$">...

2025-12-16 00:49:48,936 [AWT-EventQueue-0] INFO  XFormParser - Creating FormDef from parsed XML finished in 3.377 ms
2025-12-16 00:49:49,057 [AWT-EventQueue-0] INFO  XFormParser - Reading XML and parsing with kXML2 finished in 15.918 ms
2025-12-16 00:49:49,063 [AWT-EventQueue-0] INFO  XFormParser - Consolidating text finished in 5.106 ms
2025-12-16 00:49:49,068 [AWT-EventQueue-0] INFO  XFormParser - Parsing form...
2025-12-16 00:49:49,070 [AWT-EventQueue-0] INFO  XFormParser - Title: "Formulário da Vigilancia Hospitalar"
2025-12-16 00:49:49,071 [AWT-EventQueue-0] WARN  XFormParser - XForm Parse Warning: Warning: 1 Unrecognized attributes found in Element [model] and will be ignored: [xforms-version] 
    Problem found at nodeset: /html/head/model
    With element <model xforms-version="1.0.0"><instance><data id="hospitalar" version="1" prefix="Hospitalar" delimiter="$">...

2025-12-16 00:49:49,110 [AWT-EventQueue-0] INFO  XFormParser - Creating FormDef from parsed XML finished in 41.245 ms
2025-12-16 00:49:49,149 [ForkJoinPool-11-worker-4] INFO  o.o.b.p.a.PullFromAggregateTracker - Pull Formulário da Vigilancia Comunitaria - Got all the submission IDs
2025-12-16 00:49:49,159 [ForkJoinPool-11-worker-3] INFO  o.o.b.p.a.PullFromAggregateTracker - Pull VIGILÂNCIA  AMBIENTAL - Form downloaded
2025-12-16 00:49:49,159 [ForkJoinPool-11-worker-8] INFO  o.o.b.p.a.PullFromAggregateTracker - Pull VIGILÂNCIA  AMBIENTAL - Form downloaded
2025-12-16 00:49:49,159 [ForkJoinPool-11-worker-3] INFO  o.o.b.p.a.PullFromAggregateTracker - Pull VIGILÂNCIA  AMBIENTAL - Start getting submission IDs
2025-12-16 00:49:49,159 [ForkJoinPool-11-worker-11] INFO  o.o.b.p.a.PullFromAggregateTracker - Pull Formulário da Vigilancia Hospitalar - Got all the submission IDs
2025-12-16 00:49:49,161 [ForkJoinPool-11-worker-8] INFO  o.o.b.p.a.PullFromAggregateTracker - Pull VIGILÂNCIA  AMBIENTAL - Start getting submission IDs
2025-12-16 00:49:49,163 [ForkJoinPool-11-worker-2] INFO  o.o.b.p.a.PullFromAggregateTracker - Pull VIGILÂNCIA  AMBIENTAL - Form downloaded
2025-12-16 00:49:49,165 [ForkJoinPool-11-worker-2] INFO  o.o.b.p.a.PullFromAggregateTracker - Pull VIGILÂNCIA  AMBIENTAL - Start getting submission IDs
2025-12-16 00:49:49,221 [ForkJoinPool-11-worker-15] INFO  o.o.b.p.a.PullFromAggregateTracker - Pull Formulário da Vigilancia Hospitalar - Form downloaded
2025-12-16 00:49:49,221 [ForkJoinPool-11-worker-15] INFO  o.o.b.p.a.PullFromAggregateTracker - Pull Formulário da Vigilancia Hospitalar - Start getting form manifest
2025-12-16 00:49:49,262 [ForkJoinPool-11-worker-4] INFO  o.o.b.p.a.PullFromAggregateTracker - Push Formulário da Vigilancia Comunitaria - There are no submissions to download
2025-12-16 00:49:49,264 [ForkJoinPool-11-worker-4] INFO  o.o.b.p.a.PullFromAggregateTracker - Pull Formulário da Vigilancia Comunitaria - Success
2025-12-16 00:49:49,266 [ForkJoinPool-11-worker-11] INFO  o.o.b.p.a.PullFromAggregateTracker - Push Formulário da Vigilancia Hospitalar - There are no submissions to download
2025-12-16 00:49:49,266 [ForkJoinPool-11-worker-4] INFO  o.o.b.p.a.PullFromAggregateTracker - Pull Formulário da Vigilancia Hospitalar - Start pulling form and submissions
2025-12-16 00:49:49,268 [ForkJoinPool-11-worker-4] INFO  o.o.b.p.a.PullFromAggregateTracker - Pull Formulário da Vigilancia Hospitalar - Start downloading form
2025-12-16 00:49:49,268 [ForkJoinPool-11-worker-11] INFO  o.o.b.p.a.PullFromAggregateTracker - Pull Formulário da Vigilancia Hospitalar - Success
2025-12-16 00:49:49,275 [AWT-EventQueue-0] INFO  XFormParser - Reading XML and parsing with kXML2 finished in 27.980 ms
2025-12-16 00:49:49,285 [AWT-EventQueue-0] INFO  XFormParser - Consolidating text finished in 9.320 ms
2025-12-16 00:49:49,285 [AWT-EventQueue-0] INFO  XFormParser - Parsing form...
2025-12-16 00:49:49,285 [AWT-EventQueue-0] INFO  XFormParser - Title: "Formulário da Vigilancia Hospitalar"
2025-12-16 00:49:49,285 [AWT-EventQueue-0] WARN  XFormParser - XForm Parse Warning: Warning: 1 Unrecognized attributes found in Element [model] and will be ignored: [xforms-version] 
    Problem found at nodeset: /html/head/model
    With element <model xforms-version="1.0.0"><instance><data id="hospitalar_v2" version="1" prefix="Hospitalar" delimiter="$">...

2025-12-16 00:49:49,343 [AWT-EventQueue-0] INFO  XFormParser - Creating FormDef from parsed XML finished in 56.927 ms
2025-12-16 00:49:49,359 [AWT-EventQueue-0] INFO  XFormParser - Reading XML and parsing with kXML2 finished in 3.983 ms
2025-12-16 00:49:49,361 [AWT-EventQueue-0] INFO  XFormParser - Consolidating text finished in 1.373 ms
2025-12-16 00:49:49,361 [AWT-EventQueue-0] INFO  XFormParser - Parsing form...
2025-12-16 00:49:49,361 [AWT-EventQueue-0] INFO  XFormParser - Title: "VIGILÂNCIA  AMBIENTAL"
2025-12-16 00:49:49,361 [AWT-EventQueue-0] WARN  XFormParser - XForm Parse Warning: Warning: 1 Unrecognized attributes found in Element [model] and will be ignored: [xforms-version] 
    Problem found at nodeset: /html/head/model
    With element <model xforms-version="1.0.0"><instance><data id="VIGILÂNCIA AMBIENTAL_v4" version="4" prefix="VIGILÂNCIA AMBIENTAL_v4" delimiter="$">...

2025-12-16 00:49:49,370 [AWT-EventQueue-0] INFO  XFormParser - Creating FormDef from parsed XML finished in 8.866 ms
2025-12-16 00:49:49,390 [ForkJoinPool-11-worker-9] INFO  o.o.b.p.a.PullFromAggregateTracker - Pull Formulário da Vigilancia Hospitalar - Got the form manifest
2025-12-16 00:49:49,390 [ForkJoinPool-11-worker-9] INFO  o.o.b.p.a.PullFromAggregateTracker - Pull Formulário da Vigilancia Hospitalar - Skipping 1 form attachments that have been already downloaded
2025-12-16 00:49:49,390 [ForkJoinPool-11-worker-9] INFO  o.o.b.p.a.PullFromAggregateTracker - Pull Formulário da Vigilancia Hospitalar - Start getting submission IDs
2025-12-16 00:49:49,437 [ForkJoinPool-11-worker-3] INFO  o.o.b.p.a.PullFromAggregateTracker - Pull VIGILÂNCIA  AMBIENTAL - Got all the submission IDs
2025-12-16 00:49:49,437 [ForkJoinPool-11-worker-8] INFO  o.o.b.p.a.PullFromAggregateTracker - Pull VIGILÂNCIA  AMBIENTAL - Got all the submission IDs
2025-12-16 00:49:49,442 [ForkJoinPool-11-worker-3] INFO  o.o.b.p.a.PullFromAggregateTracker - Push VIGILÂNCIA  AMBIENTAL - There are no submissions to download
2025-12-16 00:49:49,442 [ForkJoinPool-11-worker-8] INFO  o.o.b.p.a.PullFromAggregateTracker - Push VIGILÂNCIA  AMBIENTAL - There are no submissions to download
2025-12-16 00:49:49,443 [ForkJoinPool-11-worker-3] INFO  o.o.b.p.a.PullFromAggregateTracker - Pull VIGILÂNCIA  AMBIENTAL - Success
2025-12-16 00:49:49,446 [ForkJoinPool-11-worker-8] INFO  o.o.b.p.a.PullFromAggregateTracker - Pull VIGILÂNCIA  AMBIENTAL - Success
2025-12-16 00:49:49,447 [ForkJoinPool-11-worker-2] INFO  o.o.b.p.a.PullFromAggregateTracker - Pull VIGILÂNCIA  AMBIENTAL - Got all the submission IDs
2025-12-16 00:49:49,451 [ForkJoinPool-11-worker-2] INFO  o.o.b.p.a.PullFromAggregateTracker - Push VIGILÂNCIA  AMBIENTAL - There are no submissions to download
2025-12-16 00:49:49,452 [ForkJoinPool-11-worker-2] INFO  o.o.b.p.a.PullFromAggregateTracker - Pull VIGILÂNCIA  AMBIENTAL - Success
2025-12-16 00:49:49,452 [AWT-EventQueue-0] INFO  XFormParser - Reading XML and parsing with kXML2 finished in 19.017 ms
2025-12-16 00:49:49,459 [AWT-EventQueue-0] INFO  XFormParser - Consolidating text finished in 5.882 ms
2025-12-16 00:49:49,459 [AWT-EventQueue-0] INFO  XFormParser - Parsing form...
2025-12-16 00:49:49,459 [AWT-EventQueue-0] INFO  XFormParser - Title: "Formulário da Vigilancia Hospitalar"
2025-12-16 00:49:49,459 [AWT-EventQueue-0] WARN  XFormParser - XForm Parse Warning: Warning: 1 Unrecognized attributes found in Element [model] and will be ignored: [xforms-version] 
    Problem found at nodeset: /html/head/model
    With element <model xforms-version="1.0.0"><instance><data id="hospitalar_v2" version="1" prefix="Hospitalar" delimiter="$">...

2025-12-16 00:49:49,510 [AWT-EventQueue-0] INFO  XFormParser - Creating FormDef from parsed XML finished in 51.752 ms
2025-12-16 00:49:49,680 [ForkJoinPool-11-worker-15] INFO  o.o.b.p.a.PullFromAggregateTracker - Pull Formulário da Vigilancia Hospitalar - Got the form manifest
2025-12-16 00:49:49,680 [ForkJoinPool-11-worker-15] INFO  o.o.b.p.a.PullFromAggregateTracker - Pull Formulário da Vigilancia Hospitalar - Skipping 1 form attachments that have been already downloaded
2025-12-16 00:49:49,681 [ForkJoinPool-11-worker-15] INFO  o.o.b.p.a.PullFromAggregateTracker - Pull Formulário da Vigilancia Hospitalar - Start getting submission IDs
2025-12-16 00:49:49,749 [ForkJoinPool-11-worker-9] INFO  o.o.b.p.a.PullFromAggregateTracker - Pull Formulário da Vigilancia Hospitalar - Got all the submission IDs
2025-12-16 00:49:49,831 [ForkJoinPool-11-worker-9] INFO  o.o.b.p.a.PullFromAggregateTracker - Push Formulário da Vigilancia Hospitalar - There are no submissions to download
2025-12-16 00:49:49,833 [ForkJoinPool-11-worker-9] INFO  o.o.b.p.a.PullFromAggregateTracker - Pull Formulário da Vigilancia Hospitalar - Success
2025-12-16 00:49:49,972 [ForkJoinPool-11-worker-15] INFO  o.o.b.p.a.PullFromAggregateTracker - Pull Formulário da Vigilancia Hospitalar - Got all the submission IDs
2025-12-16 00:49:50,034 [ForkJoinPool-11-worker-15] INFO  o.o.b.p.a.PullFromAggregateTracker - Push Formulário da Vigilancia Hospitalar - There are no submissions to download
2025-12-16 00:49:50,034 [ForkJoinPool-11-worker-15] INFO  o.o.b.p.a.PullFromAggregateTracker - Pull Formulário da Vigilancia Hospitalar - Success
2025-12-16 00:49:50,127 [ForkJoinPool-11-worker-10] INFO  o.o.b.p.a.PullFromAggregateTracker - Pull Formulário da Vigilancia Hospitalar - Form downloaded
2025-12-16 00:49:50,127 [ForkJoinPool-11-worker-10] INFO  o.o.b.p.a.PullFromAggregateTracker - Pull Formulário da Vigilancia Hospitalar - Start getting submission IDs
2025-12-16 00:49:50,206 [AWT-EventQueue-0] INFO  XFormParser - Reading XML and parsing with kXML2 finished in 18.227 ms
2025-12-16 00:49:50,217 [AWT-EventQueue-0] INFO  XFormParser - Consolidating text finished in 8.619 ms
2025-12-16 00:49:50,217 [AWT-EventQueue-0] INFO  XFormParser - Parsing form...
2025-12-16 00:49:50,217 [AWT-EventQueue-0] INFO  XFormParser - Title: "Formulário da Vigilancia Hospitalar"
2025-12-16 00:49:50,218 [AWT-EventQueue-0] WARN  XFormParser - XForm Parse Warning: Warning: 1 Unrecognized attributes found in Element [model] and will be ignored: [xforms-version] 
    Problem found at nodeset: /html/head/model
    With element <model xforms-version="1.0.0"><instance><data id="hospitalar_v4" version="1" prefix="hospitalar_v4" delimiter="$">...

2025-12-16 00:49:50,256 [AWT-EventQueue-0] INFO  XFormParser - Creating FormDef from parsed XML finished in 39.823 ms
2025-12-16 00:49:50,396 [ForkJoinPool-11-worker-6] INFO  o.o.b.p.a.PullFromAggregateTracker - Pull Resultados de testagem das vigilâncias - Got all the submission IDs
2025-12-16 00:49:50,408 [ForkJoinPool-11-worker-10] INFO  o.o.b.p.a.PullFromAggregateTracker - Pull Formulário da Vigilancia Hospitalar - Got all the submission IDs
2025-12-16 00:49:50,488 [ForkJoinPool-11-worker-10] INFO  o.o.b.p.a.PullFromAggregateTracker - Push Formulário da Vigilancia Hospitalar - There are no submissions to download
2025-12-16 00:49:50,490 [ForkJoinPool-11-worker-10] INFO  o.o.b.p.a.PullFromAggregateTracker - Pull Formulário da Vigilancia Hospitalar - Success
2025-12-16 00:49:50,595 [ForkJoinPool-11-worker-1] INFO  o.o.b.p.a.PullFromAggregateTracker - Pull Formulário da Vigilancia Comunitaria - Form downloaded
2025-12-16 00:49:50,595 [ForkJoinPool-11-worker-1] INFO  o.o.b.p.a.PullFromAggregateTracker - Pull Formulário da Vigilancia Comunitaria - Start getting submission IDs
2025-12-16 00:49:50,862 [ForkJoinPool-11-worker-6] INFO  o.o.b.p.a.PullFromAggregateTracker - Pull Resultados de testagem das vigilâncias - Start downloading submission 1 of 251
2025-12-16 00:49:50,862 [ForkJoinPool-11-worker-15] INFO  o.o.b.p.a.PullFromAggregateTracker - Pull Resultados de testagem das vigilâncias - Start downloading submission 8 of 251
2025-12-16 00:49:50,864 [ForkJoinPool-11-worker-8] INFO  o.o.b.p.a.PullFromAggregateTracker - Pull Resultados de testagem das vigilâncias - Start downloading submission 7 of 251
2025-12-16 00:49:50,864 [ForkJoinPool-11-worker-11] INFO  o.o.b.p.a.PullFromAggregateTracker - Pull Resultados de testagem das vigilâncias - Start downloading submission 6 of 251
2025-12-16 00:49:50,865 [ForkJoinPool-11-worker-2] INFO  o.o.b.p.a.PullFromAggregateTracker - Pull Resultados de testagem das vigilâncias - Start downloading submission 4 of 251
2025-12-16 00:49:50,867 [ForkJoinPool-11-worker-9] INFO  o.o.b.p.a.PullFromAggregateTracker - Pull Resultados de testagem das vigilâncias - Start downloading submission 3 of 251
2025-12-16 00:49:50,867 [ForkJoinPool-11-worker-10] INFO  o.o.b.p.a.PullFromAggregateTracker - Pull Resultados de testagem das vigilâncias - Start downloading submission 2 of 251
2025-12-16 00:49:50,867 [ForkJoinPool-11-worker-3] INFO  o.o.b.p.a.PullFromAggregateTracker - Pull Resultados de testagem das vigilâncias - Start downloading submission 5 of 251
2025-12-16 00:49:50,880 [ForkJoinPool-11-worker-1] INFO  o.o.b.p.a.PullFromAggregateTracker - Pull Formulário da Vigilancia Comunitaria - Got all the submission IDs
2025-12-16 00:49:51,049 [ForkJoinPool-11-worker-4] INFO  o.o.b.p.a.PullFromAggregateTracker - Pull Formulário da Vigilancia Hospitalar - Form downloaded
2025-12-16 00:49:51,052 [ForkJoinPool-11-worker-4] INFO  o.o.b.p.a.PullFromAggregateTracker - Pull Formulário da Vigilancia Hospitalar - Start getting submission IDs
2025-12-16 00:49:51,061 [ForkJoinPool-11-worker-1] INFO  o.o.b.p.a.PullFromAggregateTracker - Push Formulário da Vigilancia Comunitaria - There are no submissions to download
2025-12-16 00:49:51,070 [ForkJoinPool-11-worker-1] INFO  o.o.b.p.a.PullFromAggregateTracker - Pull Formulário da Vigilancia Comunitaria - Success
2025-12-16 00:49:51,073 [ForkJoinPool-11-worker-1] INFO  o.o.b.p.a.PullFromAggregateTracker - Pull Resultados de testagem das vigilâncias - Start downloading submission 9 of 251
2025-12-16 00:49:51,128 [ForkJoinPool-11-worker-11] INFO  o.o.b.p.a.PullFromAggregateTracker - Pull Resultados de testagem das vigilâncias - Submission 6 of 251 downloaded
2025-12-16 00:49:51,128 [ForkJoinPool-11-worker-15] INFO  o.o.b.p.a.PullFromAggregateTracker - Pull Resultados de testagem das vigilâncias - Submission 8 of 251 downloaded
2025-12-16 00:49:51,132 [ForkJoinPool-11-worker-15] INFO  o.o.b.p.a.PullFromAggregateTracker - Pull Resultados de testagem das vigilâncias - Start downloading submission 11 of 251
2025-12-16 00:49:51,132 [ForkJoinPool-11-worker-11] INFO  o.o.b.p.a.PullFromAggregateTracker - Pull Resultados de testagem das vigilâncias - Start downloading submission 10 of 251
2025-12-16 00:49:51,159 [AWT-EventQueue-0] INFO  XFormParser - Reading XML and parsing with kXML2 finished in 18.129 ms
2025-12-16 00:49:51,168 [AWT-EventQueue-0] INFO  XFormParser - Consolidating text finished in 9.167 ms
2025-12-16 00:49:51,170 [AWT-EventQueue-0] INFO  XFormParser - Parsing form...
2025-12-16 00:49:51,170 [AWT-EventQueue-0] INFO  XFormParser - Title: "Formulário da Vigilancia Comunitaria"
2025-12-16 00:49:51,170 [AWT-EventQueue-0] WARN  XFormParser - XForm Parse Warning: Warning: 1 Unrecognized attributes found in Element [model] and will be ignored: [xforms-version] 
    Problem found at nodeset: /html/head/model
    With element <model xforms-version="1.0.0"><instance><data id="Comunidade_v3" version="1" prefix="Comunidade_v3" delimiter="$">...

2025-12-16 00:49:51,197 [ForkJoinPool-11-worker-9] INFO  o.o.b.p.a.PullFromAggregateTracker - Pull Resultados de testagem das vigilâncias - Submission 3 of 251 downloaded
2025-12-16 00:49:51,197 [ForkJoinPool-11-worker-3] INFO  o.o.b.p.a.PullFromAggregateTracker - Pull Resultados de testagem das vigilâncias - Submission 5 of 251 downloaded
2025-12-16 00:49:51,202 [ForkJoinPool-11-worker-9] INFO  o.o.b.p.a.PullFromAggregateTracker - Pull Resultados de testagem das vigilâncias - Start downloading submission 12 of 251
2025-12-16 00:49:51,202 [ForkJoinPool-11-worker-3] INFO  o.o.b.p.a.PullFromAggregateTracker - Pull Resultados de testagem das vigilâncias - Start downloading submission 13 of 251
2025-12-16 00:49:51,206 [ForkJoinPool-11-worker-10] INFO  o.o.b.p.a.PullFromAggregateTracker - Pull Resultados de testagem das vigilâncias - Submission 2 of 251 downloaded
2025-12-16 00:49:51,207 [ForkJoinPool-11-worker-8] INFO  o.o.b.p.a.PullFromAggregateTracker - Pull Resultados de testagem das vigilâncias - Submission 7 of 251 downloaded
2025-12-16 00:49:51,209 [ForkJoinPool-11-worker-10] INFO  o.o.b.p.a.PullFromAggregateTracker - Pull Resultados de testagem das vigilâncias - Start downloading submission 14 of 251
2025-12-16 00:49:51,210 [ForkJoinPool-11-worker-8] INFO  o.o.b.p.a.PullFromAggregateTracker - Pull Resultados de testagem das vigilâncias - Start downloading submission 15 of 251
2025-12-16 00:49:51,254 [AWT-EventQueue-0] INFO  XFormParser - Creating FormDef from parsed XML finished in 84.163 ms
2025-12-16 00:49:51,290 [AWT-EventQueue-0] INFO  XFormParser - Reading XML and parsing with kXML2 finished in 17.636 ms
2025-12-16 00:49:51,315 [AWT-EventQueue-0] INFO  XFormParser - Consolidating text finished in 22.750 ms
2025-12-16 00:49:51,315 [AWT-EventQueue-0] INFO  XFormParser - Parsing form...
2025-12-16 00:49:51,315 [AWT-EventQueue-0] INFO  XFormParser - Title: "Formulário da Vigilancia Hospitalar"
2025-12-16 00:49:51,315 [AWT-EventQueue-0] WARN  XFormParser - XForm Parse Warning: Warning: 1 Unrecognized attributes found in Element [model] and will be ignored: [xforms-version] 
    Problem found at nodeset: /html/head/model
    With element <model xforms-version="1.0.0"><instance><data id="hospitalar_v5" version="1" prefix="hospitalar_v5" delimiter="$">...

2025-12-16 00:49:51,323 [ForkJoinPool-11-worker-6] INFO  o.o.b.p.a.PullFromAggregateTracker - Pull Resultados de testagem das vigilâncias - Submission 1 of 251 downloaded
2025-12-16 00:49:51,323 [ForkJoinPool-11-worker-6] INFO  o.o.b.p.a.PullFromAggregateTracker - Pull Resultados de testagem das vigilâncias - Start downloading submission 16 of 251
2025-12-16 00:49:51,360 [AWT-EventQueue-0] INFO  XFormParser - Creating FormDef from parsed XML finished in 45.157 ms
2025-12-16 00:49:51,419 [ForkJoinPool-11-worker-4] INFO  o.o.b.p.a.PullFromAggregateTracker - Pull Formulário da Vigilancia Hospitalar - Got all the submission IDs
2025-12-16 00:49:51,425 [ForkJoinPool-11-worker-2] INFO  o.o.b.p.a.PullFromAggregateTracker - Pull Resultados de testagem das vigilâncias - Submission 4 of 251 downloaded
2025-12-16 00:49:51,427 [ForkJoinPool-11-worker-2] INFO  o.o.b.p.a.PullFromAggregateTracker - Pull Resultados de testagem das vigilâncias - Start downloading submission 17 of 251
2025-12-16 00:49:51,434 [ForkJoinPool-11-worker-1] INFO  o.o.b.p.a.PullFromAggregateTracker - Pull Resultados de testagem das vigilâncias - Submission 9 of 251 downloaded
2025-12-16 00:49:51,434 [ForkJoinPool-11-worker-1] INFO  o.o.b.p.a.PullFromAggregateTracker - Pull Resultados de testagem das vigilâncias - Start downloading submission 18 of 251
2025-12-16 00:49:51,494 [ForkJoinPool-11-worker-15] INFO  o.o.b.p.a.PullFromAggregateTracker - Pull Resultados de testagem das vigilâncias - Submission 11 of 251 downloaded
2025-12-16 00:49:51,496 [ForkJoinPool-11-worker-11] INFO  o.o.b.p.a.PullFromAggregateTracker - Pull Resultados de testagem das vigilâncias - Submission 10 of 251 downloaded
2025-12-16 00:49:51,496 [ForkJoinPool-11-worker-15] INFO  o.o.b.p.a.PullFromAggregateTracker - Pull Resultados de testagem das vigilâncias - Start downloading submission 19 of 251
2025-12-16 00:49:51,497 [ForkJoinPool-11-worker-11] INFO  o.o.b.p.a.PullFromAggregateTracker - Pull Resultados de testagem das vigilâncias - Start downloading submission 20 of 251
2025-12-16 00:49:51,506 [ForkJoinPool-11-worker-4] INFO  o.o.b.p.a.PullFromAggregateTracker - Push Formulário da Vigilancia Hospitalar - There are no submissions to download
2025-12-16 00:49:51,506 [ForkJoinPool-11-worker-9] INFO  o.o.b.p.a.PullFromAggregateTracker - Pull Resultados de testagem das vigilâncias - Submission 12 of 251 downloaded
2025-12-16 00:49:51,507 [ForkJoinPool-11-worker-9] INFO  o.o.b.p.a.PullFromAggregateTracker - Pull Resultados de testagem das vigilâncias - Start downloading submission 21 of 251
2025-12-16 00:49:51,507 [ForkJoinPool-11-worker-4] INFO  o.o.b.p.a.PullFromAggregateTracker - Pull Formulário da Vigilancia Hospitalar - Success
2025-12-16 00:49:51,509 [ForkJoinPool-11-worker-4] INFO  o.o.b.p.a.PullFromAggregateTracker - Pull Resultados de testagem das vigilâncias - Start downloading submission 22 of 251
2025-12-16 00:49:51,612 [ForkJoinPool-11-worker-3] INFO  o.o.b.p.a.PullFromAggregateTracker - Pull Resultados de testagem das vigilâncias - Submission 13 of 251 downloaded
2025-12-16 00:49:51,612 [ForkJoinPool-11-worker-3] INFO  o.o.b.p.a.PullFromAggregateTracker - Pull Resultados de testagem das vigilâncias - Start downloading submission 23 of 251
2025-12-16 00:49:51,716 [ForkJoinPool-11-worker-10] INFO  o.o.b.p.a.PullFromAggregateTracker - Pull Resultados de testagem das vigilâncias - Submission 14 of 251 downloaded
2025-12-16 00:49:51,718 [ForkJoinPool-11-worker-10] INFO  o.o.b.p.a.PullFromAggregateTracker - Pull Resultados de testagem das vigilâncias - Start downloading submission 24 of 251
2025-12-16 00:49:51,729 [ForkJoinPool-11-worker-8] INFO  o.o.b.p.a.PullFromAggregateTracker - Pull Resultados de testagem das vigilâncias - Submission 15 of 251 downloaded
2025-12-16 00:49:51,733 [ForkJoinPool-11-worker-8] INFO  o.o.b.p.a.PullFromAggregateTracker - Pull Resultados de testagem das vigilâncias - Start downloading submission 25 of 251
2025-12-16 00:49:51,733 [ForkJoinPool-11-worker-6] INFO  o.o.b.p.a.PullFromAggregateTracker - Pull Resultados de testagem das vigilâncias - Submission 16 of 251 downloaded
2025-12-16 00:49:51,738 [ForkJoinPool-11-worker-6] INFO  o.o.b.p.a.PullFromAggregateTracker - Pull Resultados de testagem das vigilâncias - Start downloading submission 26 of 251
2025-12-16 00:49:51,837 [ForkJoinPool-11-worker-1] INFO  o.o.b.p.a.PullFromAggregateTracker - Pull Resultados de testagem das vigilâncias - Submission 18 of 251 downloaded
2025-12-16 00:49:51,839 [ForkJoinPool-11-worker-15] INFO  o.o.b.p.a.PullFromAggregateTracker - Pull Resultados de testagem das vigilâncias - Submission 19 of 251 downloaded
2025-12-16 00:49:51,839 [ForkJoinPool-11-worker-2] INFO  o.o.b.p.a.PullFromAggregateTracker - Pull Resultados de testagem das vigilâncias - Submission 17 of 251 downloaded
2025-12-16 00:49:51,839 [ForkJoinPool-11-worker-1] INFO  o.o.b.p.a.PullFromAggregateTracker - Pull Resultados de testagem das vigilâncias - Start downloading submission 27 of 251
2025-12-16 00:49:51,839 [ForkJoinPool-11-worker-15] INFO  o.o.b.p.a.PullFromAggregateTracker - Pull Resultados de testagem das vigilâncias - Start downloading submission 28 of 251
2025-12-16 00:49:51,841 [ForkJoinPool-11-worker-2] INFO  o.o.b.p.a.PullFromAggregateTracker - Pull Resultados de testagem das vigilâncias - Start downloading submission 29 of 251
2025-12-16 00:49:51,854 [ForkJoinPool-11-worker-11] INFO  o.o.b.p.a.PullFromAggregateTracker - Pull Resultados de testagem das vigilâncias - Submission 20 of 251 downloaded
2025-12-16 00:49:51,856 [ForkJoinPool-11-worker-11] INFO  o.o.b.p.a.PullFromAggregateTracker - Pull Resultados de testagem das vigilâncias - Start downloading submission 30 of 251
2025-12-16 00:49:51,972 [ForkJoinPool-11-worker-9] INFO  o.o.b.p.a.PullFromAggregateTracker - Pull Resultados de testagem das vigilâncias - Submission 21 of 251 downloaded
2025-12-16 00:49:51,972 [ForkJoinPool-11-worker-9] INFO  o.o.b.p.a.PullFromAggregateTracker - Pull Resultados de testagem das vigilâncias - Start downloading submission 31 of 251
2025-12-16 00:49:52,024 [ForkJoinPool-11-worker-4] INFO  o.o.b.p.a.PullFromAggregateTracker - Pull Resultados de testagem das vigilâncias - Submission 22 of 251 downloaded
2025-12-16 00:49:52,024 [ForkJoinPool-11-worker-3] INFO  o.o.b.p.a.PullFromAggregateTracker - Pull Resultados de testagem das vigilâncias - Submission 23 of 251 downloaded
2025-12-16 00:49:52,026 [ForkJoinPool-11-worker-3] INFO  o.o.b.p.a.PullFromAggregateTracker - Pull Resultados de testagem das vigilâncias - Start downloading submission 32 of 251
2025-12-16 00:49:52,027 [ForkJoinPool-11-worker-4] INFO  o.o.b.p.a.PullFromAggregateTracker - Pull Resultados de testagem das vigilâncias - Start downloading submission 33 of 251
2025-12-16 00:49:52,135 [ForkJoinPool-11-worker-8] INFO  o.o.b.p.a.PullFromAggregateTracker - Pull Resultados de testagem das vigilâncias - Submission 25 of 251 downloaded
2025-12-16 00:49:52,135 [ForkJoinPool-11-worker-6] INFO  o.o.b.p.a.PullFromAggregateTracker - Pull Resultados de testagem das vigilâncias - Submission 26 of 251 downloaded
2025-12-16 00:49:52,137 [ForkJoinPool-11-worker-1] INFO  o.o.b.p.a.PullFromAggregateTracker - Pull Resultados de testagem das vigilâncias - Submission 27 of 251 downloaded
2025-12-16 00:49:52,137 [ForkJoinPool-11-worker-8] INFO  o.o.b.p.a.PullFromAggregateTracker - Pull Resultados de testagem das vigilâncias - Start downloading submission 34 of 251
2025-12-16 00:49:52,139 [ForkJoinPool-11-worker-6] INFO  o.o.b.p.a.PullFromAggregateTracker - Pull Resultados de testagem das vigilâncias - Start downloading submission 36 of 251
2025-12-16 00:49:52,139 [ForkJoinPool-11-worker-1] INFO  o.o.b.p.a.PullFromAggregateTracker - Pull Resultados de testagem das vigilâncias - Start downloading submission 35 of 251
2025-12-16 00:49:52,199 [ForkJoinPool-11-worker-10] INFO  o.o.b.p.a.PullFromAggregateTracker - Pull Resultados de testagem das vigilâncias - Submission 24 of 251 downloaded
2025-12-16 00:49:52,199 [ForkJoinPool-11-worker-10] INFO  o.o.b.p.a.PullFromAggregateTracker - Pull Resultados de testagem das vigilâncias - Start downloading submission 37 of 251
2025-12-16 00:49:52,319 [ForkJoinPool-11-worker-2] INFO  o.o.b.p.a.PullFromAggregateTracker - Pull Resultados de testagem das vigilâncias - Submission 29 of 251 downloaded
2025-12-16 00:49:52,321 [ForkJoinPool-11-worker-2] INFO  o.o.b.p.a.PullFromAggregateTracker - Pull Resultados de testagem das vigilâncias - Start downloading submission 38 of 251
2025-12-16 00:49:52,321 [ForkJoinPool-11-worker-15] INFO  o.o.b.p.a.PullFromAggregateTracker - Pull Resultados de testagem das vigilâncias - Submission 28 of 251 downloaded
2025-12-16 00:49:52,322 [ForkJoinPool-11-worker-15] INFO  o.o.b.p.a.PullFromAggregateTracker - Pull Resultados de testagem das vigilâncias - Start downloading submission 39 of 251
2025-12-16 00:49:52,334 [ForkJoinPool-11-worker-11] INFO  o.o.b.p.a.PullFromAggregateTracker - Pull Resultados de testagem das vigilâncias - Submission 30 of 251 downloaded
2025-12-16 00:49:52,334 [ForkJoinPool-11-worker-11] INFO  o.o.b.p.a.PullFromAggregateTracker - Pull Resultados de testagem das vigilâncias - Start downloading submission 40 of 251
2025-12-16 00:49:52,390 [ForkJoinPool-11-worker-3] INFO  o.o.b.p.a.PullFromAggregateTracker - Pull Resultados de testagem das vigilâncias - Submission 32 of 251 downloaded
2025-12-16 00:49:52,392 [ForkJoinPool-11-worker-3] INFO  o.o.b.p.a.PullFromAggregateTracker - Pull Resultados de testagem das vigilâncias - Start downloading submission 41 of 251
2025-12-16 00:49:52,393 [ForkJoinPool-11-worker-9] INFO  o.o.b.p.a.PullFromAggregateTracker - Pull Resultados de testagem das vigilâncias - Submission 31 of 251 downloaded
2025-12-16 00:49:52,396 [ForkJoinPool-11-worker-9] INFO  o.o.b.p.a.PullFromAggregateTracker - Pull Resultados de testagem das vigilâncias - Start downloading submission 42 of 251
2025-12-16 00:49:52,436 [ForkJoinPool-11-worker-6] INFO  o.o.b.p.a.PullFromAggregateTracker - Pull Resultados de testagem das vigilâncias - Submission 36 of 251 downloaded
2025-12-16 00:49:52,436 [ForkJoinPool-11-worker-4] INFO  o.o.b.p.a.PullFromAggregateTracker - Pull Resultados de testagem das vigilâncias - Submission 33 of 251 downloaded
2025-12-16 00:49:52,436 [ForkJoinPool-11-worker-4] INFO  o.o.b.p.a.PullFromAggregateTracker - Pull Resultados de testagem das vigilâncias - Start downloading submission 44 of 251
2025-12-16 00:49:52,436 [ForkJoinPool-11-worker-6] INFO  o.o.b.p.a.PullFromAggregateTracker - Pull Resultados de testagem das vigilâncias - Start downloading submission 43 of 251
2025-12-16 00:49:52,623 [ForkJoinPool-11-worker-1] INFO  o.o.b.p.a.PullFromAggregateTracker - Pull Resultados de testagem das vigilâncias - Submission 35 of 251 downloaded
2025-12-16 00:49:52,623 [ForkJoinPool-11-worker-1] INFO  o.o.b.p.a.PullFromAggregateTracker - Pull Resultados de testagem das vigilâncias - Start downloading submission 45 of 251
2025-12-16 00:49:52,653 [ForkJoinPool-11-worker-2] INFO  o.o.b.p.a.PullFromAggregateTracker - Pull Resultados de testagem das vigilâncias - Submission 38 of 251 downloaded
2025-12-16 00:49:52,653 [ForkJoinPool-11-worker-15] INFO  o.o.b.p.a.PullFromAggregateTracker - Pull Resultados de testagem das vigilâncias - Submission 39 of 251 downloaded
2025-12-16 00:49:52,653 [ForkJoinPool-11-worker-10] INFO  o.o.b.p.a.PullFromAggregateTracker - Pull Resultados de testagem das vigilâncias - Submission 37 of 251 downloaded
2025-12-16 00:49:52,653 [ForkJoinPool-11-worker-8] INFO  o.o.b.p.a.PullFromAggregateTracker - Pull Resultados de testagem das vigilâncias - Submission 34 of 251 downloaded
2025-12-16 00:49:52,653 [ForkJoinPool-11-worker-15] INFO  o.o.b.p.a.PullFromAggregateTracker - Pull Resultados de testagem das vigilâncias - Start downloading submission 46 of 251
2025-12-16 00:49:52,655 [ForkJoinPool-11-worker-8] INFO  o.o.b.p.a.PullFromAggregateTracker - Pull Resultados de testagem das vigilâncias - Start downloading submission 48 of 251
2025-12-16 00:49:52,655 [ForkJoinPool-11-worker-2] INFO  o.o.b.p.a.PullFromAggregateTracker - Pull Resultados de testagem das vigilâncias - Start downloading submission 49 of 251
2025-12-16 00:49:52,655 [ForkJoinPool-11-worker-10] INFO  o.o.b.p.a.PullFromAggregateTracker - Pull Resultados de testagem das vigilâncias - Start downloading submission 47 of 251
2025-12-16 00:49:52,694 [ForkJoinPool-11-worker-11] INFO  o.o.b.p.a.PullFromAggregateTracker - Pull Resultados de testagem das vigilâncias - Submission 40 of 251 downloaded
2025-12-16 00:49:52,694 [ForkJoinPool-11-worker-11] INFO  o.o.b.p.a.PullFromAggregateTracker - Pull Resultados de testagem das vigilâncias - Start downloading submission 50 of 251
2025-12-16 00:49:52,741 [ForkJoinPool-11-worker-3] INFO  o.o.b.p.a.PullFromAggregateTracker - Pull Resultados de testagem das vigilâncias - Submission 41 of 251 downloaded
2025-12-16 00:49:52,743 [ForkJoinPool-11-worker-3] INFO  o.o.b.p.a.PullFromAggregateTracker - Pull Resultados de testagem das vigilâncias - Start downloading submission 51 of 251
2025-12-16 00:49:52,873 [ForkJoinPool-11-worker-9] INFO  o.o.b.p.a.PullFromAggregateTracker - Pull Resultados de testagem das vigilâncias - Submission 42 of 251 downloaded
2025-12-16 00:49:52,874 [ForkJoinPool-11-worker-9] INFO  o.o.b.p.a.PullFromAggregateTracker - Pull Resultados de testagem das vigilâncias - Start downloading submission 52 of 251
2025-12-16 00:49:52,923 [ForkJoinPool-11-worker-1] INFO  o.o.b.p.a.PullFromAggregateTracker - Pull Resultados de testagem das vigilâncias - Submission 45 of 251 downloaded
2025-12-16 00:49:52,924 [ForkJoinPool-11-worker-1] INFO  o.o.b.p.a.PullFromAggregateTracker - Pull Resultados de testagem das vigilâncias - Start downloading submission 53 of 251
2025-12-16 00:49:52,947 [ForkJoinPool-11-worker-8] INFO  o.o.b.p.a.PullFromAggregateTracker - Pull Resultados de testagem das vigilâncias - Submission 48 of 251 downloaded
2025-12-16 00:49:52,948 [ForkJoinPool-11-worker-4] INFO  o.o.b.p.a.PullFromAggregateTracker - Pull Resultados de testagem das vigilâncias - Submission 44 of 251 downloaded
2025-12-16 00:49:52,948 [ForkJoinPool-11-worker-8] INFO  o.o.b.p.a.PullFromAggregateTracker - Pull Resultados de testagem das vigilâncias - Start downloading submission 54 of 251
2025-12-16 00:49:52,948 [ForkJoinPool-11-worker-4] INFO  o.o.b.p.a.PullFromAggregateTracker - Pull Resultados de testagem das vigilâncias - Start downloading submission 55 of 251
2025-12-16 00:49:52,983 [ForkJoinPool-11-worker-15] INFO  o.o.b.p.a.PullFromAggregateTracker - Pull Resultados de testagem das vigilâncias - Submission 46 of 251 downloaded
2025-12-16 00:49:52,983 [ForkJoinPool-11-worker-6] INFO  o.o.b.p.a.PullFromAggregateTracker - Pull Resultados de testagem das vigilâncias - Submission 43 of 251 downloaded
2025-12-16 00:49:52,984 [ForkJoinPool-11-worker-15] INFO  o.o.b.p.a.PullFromAggregateTracker - Pull Resultados de testagem das vigilâncias - Start downloading submission 56 of 251
2025-12-16 00:49:52,986 [ForkJoinPool-11-worker-6] INFO  o.o.b.p.a.PullFromAggregateTracker - Pull Resultados de testagem das vigilâncias - Start downloading submission 57 of 251
2025-12-16 00:49:53,041 [ForkJoinPool-11-worker-2] INFO  o.o.b.p.a.PullFromAggregateTracker - Pull Resultados de testagem das vigilâncias - Submission 49 of 251 downloaded
2025-12-16 00:49:53,041 [ForkJoinPool-11-worker-2] INFO  o.o.b.p.a.PullFromAggregateTracker - Pull Resultados de testagem das vigilâncias - Start downloading submission 58 of 251
2025-12-16 00:49:53,115 [ForkJoinPool-11-worker-13] INFO  o.o.b.p.a.PullFromAggregateTracker - Pull Formulário da Vigilancia Comunitaria - Form downloaded
2025-12-16 00:49:53,115 [ForkJoinPool-11-worker-13] INFO  o.o.b.p.a.PullFromAggregateTracker - Pull Formulário da Vigilancia Comunitaria - Start getting submission IDs
2025-12-16 00:49:53,170 [ForkJoinPool-11-worker-10] INFO  o.o.b.p.a.PullFromAggregateTracker - Pull Resultados de testagem das vigilâncias - Submission 47 of 251 downloaded
2025-12-16 00:49:53,172 [ForkJoinPool-11-worker-10] INFO  o.o.b.p.a.PullFromAggregateTracker - Pull Resultados de testagem das vigilâncias - Start downloading submission 59 of 251
2025-12-16 00:49:53,181 [ForkJoinPool-11-worker-11] INFO  o.o.b.p.a.PullFromAggregateTracker - Pull Resultados de testagem das vigilâncias - Submission 50 of 251 downloaded
2025-12-16 00:49:53,182 [ForkJoinPool-11-worker-11] INFO  o.o.b.p.a.PullFromAggregateTracker - Pull Resultados de testagem das vigilâncias - Start downloading submission 60 of 251
2025-12-16 00:49:53,233 [ForkJoinPool-11-worker-3] INFO  o.o.b.p.a.PullFromAggregateTracker - Pull Resultados de testagem das vigilâncias - Submission 51 of 251 downloaded
2025-12-16 00:49:53,234 [ForkJoinPool-11-worker-3] INFO  o.o.b.p.a.PullFromAggregateTracker - Pull Resultados de testagem das vigilâncias - Start downloading submission 61 of 251
2025-12-16 00:49:53,240 [ForkJoinPool-11-worker-9] INFO  o.o.b.p.a.PullFromAggregateTracker - Pull Resultados de testagem das vigilâncias - Submission 52 of 251 downloaded
2025-12-16 00:49:53,240 [ForkJoinPool-11-worker-4] INFO  o.o.b.p.a.PullFromAggregateTracker - Pull Resultados de testagem das vigilâncias - Submission 55 of 251 downloaded
2025-12-16 00:49:53,240 [ForkJoinPool-11-worker-1] INFO  o.o.b.p.a.PullFromAggregateTracker - Pull Resultados de testagem das vigilâncias - Submission 53 of 251 downloaded
2025-12-16 00:49:53,242 [ForkJoinPool-11-worker-9] INFO  o.o.b.p.a.PullFromAggregateTracker - Pull Resultados de testagem das vigilâncias - Start downloading submission 62 of 251
2025-12-16 00:49:53,242 [ForkJoinPool-11-worker-1] INFO  o.o.b.p.a.PullFromAggregateTracker - Pull Resultados de testagem das vigilâncias - Start downloading submission 63 of 251
2025-12-16 00:49:53,242 [ForkJoinPool-11-worker-4] INFO  o.o.b.p.a.PullFromAggregateTracker - Pull Resultados de testagem das vigilâncias - Start downloading submission 64 of 251
2025-12-16 00:49:53,286 [ForkJoinPool-11-worker-8] INFO  o.o.b.p.a.PullFromAggregateTracker - Pull Resultados de testagem das vigilâncias - Submission 54 of 251 downloaded
2025-12-16 00:49:53,288 [ForkJoinPool-11-worker-8] INFO  o.o.b.p.a.PullFromAggregateTracker - Pull Resultados de testagem das vigilâncias - Start downloading submission 65 of 251
2025-12-16 00:49:53,400 [ForkJoinPool-11-worker-15] INFO  o.o.b.p.a.PullFromAggregateTracker - Pull Resultados de testagem das vigilâncias - Submission 56 of 251 downloaded
2025-12-16 00:49:53,401 [ForkJoinPool-11-worker-15] INFO  o.o.b.p.a.PullFromAggregateTracker - Pull Resultados de testagem das vigilâncias - Start downloading submission 66 of 251
2025-12-16 00:49:53,467 [ForkJoinPool-11-worker-2] INFO  o.o.b.p.a.PullFromAggregateTracker - Pull Resultados de testagem das vigilâncias - Submission 58 of 251 downloaded
2025-12-16 00:49:53,467 [ForkJoinPool-11-worker-2] INFO  o.o.b.p.a.PullFromAggregateTracker - Pull Resultados de testagem das vigilâncias - Start downloading submission 67 of 251
2025-12-16 00:49:53,467 [ForkJoinPool-11-worker-6] INFO  o.o.b.p.a.PullFromAggregateTracker - Pull Resultados de testagem das vigilâncias - Submission 57 of 251 downloaded
2025-12-16 00:49:53,470 [ForkJoinPool-11-worker-6] INFO  o.o.b.p.a.PullFromAggregateTracker - Pull Resultados de testagem das vigilâncias - Start downloading submission 68 of 251
2025-12-16 00:49:53,519 [ForkJoinPool-11-worker-13] INFO  o.o.b.p.a.PullFromAggregateTracker - Pull Formulário da Vigilancia Comunitaria - Got all the submission IDs
2025-12-16 00:49:53,528 [ForkJoinPool-11-worker-11] INFO  o.o.b.p.a.PullFromAggregateTracker - Pull Resultados de testagem das vigilâncias - Submission 60 of 251 downloaded
2025-12-16 00:49:53,529 [ForkJoinPool-11-worker-10] INFO  o.o.b.p.a.PullFromAggregateTracker - Pull Resultados de testagem das vigilâncias - Submission 59 of 251 downloaded
2025-12-16 00:49:53,529 [ForkJoinPool-11-worker-11] INFO  o.o.b.p.a.PullFromAggregateTracker - Pull Resultados de testagem das vigilâncias - Start downloading submission 69 of 251
2025-12-16 00:49:53,529 [ForkJoinPool-11-worker-3] INFO  o.o.b.p.a.PullFromAggregateTracker - Pull Resultados de testagem das vigilâncias - Submission 61 of 251 downloaded
2025-12-16 00:49:53,530 [ForkJoinPool-11-worker-10] INFO  o.o.b.p.a.PullFromAggregateTracker - Pull Resultados de testagem das vigilâncias - Start downloading submission 70 of 251
2025-12-16 00:49:53,531 [ForkJoinPool-11-worker-3] INFO  o.o.b.p.a.PullFromAggregateTracker - Pull Resultados de testagem das vigilâncias - Start downloading submission 71 of 251
2025-12-16 00:49:53,584 [ForkJoinPool-11-worker-9] INFO  o.o.b.p.a.PullFromAggregateTracker - Pull Resultados de testagem das vigilâncias - Submission 62 of 251 downloaded
2025-12-16 00:49:53,584 [ForkJoinPool-11-worker-9] INFO  o.o.b.p.a.PullFromAggregateTracker - Pull Resultados de testagem das vigilâncias - Start downloading submission 72 of 251
2025-12-16 00:49:53,598 [ForkJoinPool-11-worker-13] INFO  o.o.b.p.a.PullFromAggregateTracker - Push Formulário da Vigilancia Comunitaria - There are no submissions to download
2025-12-16 00:49:53,601 [ForkJoinPool-11-worker-13] INFO  o.o.b.p.a.PullFromAggregateTracker - Pull Formulário da Vigilancia Comunitaria - Success
2025-12-16 00:49:53,604 [ForkJoinPool-11-worker-13] INFO  o.o.b.p.a.PullFromAggregateTracker - Pull Resultados de testagem das vigilâncias - Start downloading submission 73 of 251
2025-12-16 00:49:53,665 [AWT-EventQueue-0] INFO  XFormParser - Reading XML and parsing with kXML2 finished in 27.174 ms
2025-12-16 00:49:53,672 [AWT-EventQueue-0] INFO  XFormParser - Consolidating text finished in 7.532 ms
2025-12-16 00:49:53,672 [AWT-EventQueue-0] INFO  XFormParser - Parsing form...
2025-12-16 00:49:53,672 [AWT-EventQueue-0] INFO  XFormParser - Title: "Formulário da Vigilancia Comunitaria"
2025-12-16 00:49:53,672 [AWT-EventQueue-0] WARN  XFormParser - XForm Parse Warning: Warning: 1 Unrecognized attributes found in Element [model] and will be ignored: [xforms-version] 
    Problem found at nodeset: /html/head/model
    With element <model xforms-version="1.0.0"><instance><data id="Comunidade_v4" version="1" prefix="Comunidade_v4" delimiter="$">...

2025-12-16 00:49:53,708 [ForkJoinPool-11-worker-1] INFO  o.o.b.p.a.PullFromAggregateTracker - Pull Resultados de testagem das vigilâncias - Submission 63 of 251 downloaded
2025-12-16 00:49:53,710 [ForkJoinPool-11-worker-1] INFO  o.o.b.p.a.PullFromAggregateTracker - Pull Resultados de testagem das vigilâncias - Start downloading submission 74 of 251
2025-12-16 00:49:53,753 [AWT-EventQueue-0] INFO  XFormParser - Creating FormDef from parsed XML finished in 80.431 ms
2025-12-16 00:49:53,810 [ForkJoinPool-11-worker-8] INFO  o.o.b.p.a.PullFromAggregateTracker - Pull Resultados de testagem das vigilâncias - Submission 65 of 251 downloaded
2025-12-16 00:49:53,810 [ForkJoinPool-11-worker-15] INFO  o.o.b.p.a.PullFromAggregateTracker - Pull Resultados de testagem das vigilâncias - Submission 66 of 251 downloaded
2025-12-16 00:49:53,810 [ForkJoinPool-11-worker-4] INFO  o.o.b.p.a.PullFromAggregateTracker - Pull Resultados de testagem das vigilâncias - Submission 64 of 251 downloaded
2025-12-16 00:49:53,811 [ForkJoinPool-11-worker-8] INFO  o.o.b.p.a.PullFromAggregateTracker - Pull Resultados de testagem das vigilâncias - Start downloading submission 75 of 251
2025-12-16 00:49:53,811 [ForkJoinPool-11-worker-15] INFO  o.o.b.p.a.PullFromAggregateTracker - Pull Resultados de testagem das vigilâncias - Start downloading submission 76 of 251
2025-12-16 00:49:53,811 [ForkJoinPool-11-worker-4] INFO  o.o.b.p.a.PullFromAggregateTracker - Pull Resultados de testagem das vigilâncias - Start downloading submission 77 of 251
2025-12-16 00:49:53,823 [ForkJoinPool-11-worker-11] INFO  o.o.b.p.a.PullFromAggregateTracker - Pull Resultados de testagem das vigilâncias - Submission 69 of 251 downloaded
2025-12-16 00:49:53,823 [ForkJoinPool-11-worker-6] INFO  o.o.b.p.a.PullFromAggregateTracker - Pull Resultados de testagem das vigilâncias - Submission 68 of 251 downloaded
2025-12-16 00:49:53,824 [ForkJoinPool-11-worker-11] INFO  o.o.b.p.a.PullFromAggregateTracker - Pull Resultados de testagem das vigilâncias - Start downloading submission 78 of 251
2025-12-16 00:49:53,824 [ForkJoinPool-11-worker-2] INFO  o.o.b.p.a.PullFromAggregateTracker - Pull Resultados de testagem das vigilâncias - Submission 67 of 251 downloaded
2025-12-16 00:49:53,824 [ForkJoinPool-11-worker-6] INFO  o.o.b.p.a.PullFromAggregateTracker - Pull Resultados de testagem das vigilâncias - Start downloading submission 79 of 251
2025-12-16 00:49:53,825 [ForkJoinPool-11-worker-2] INFO  o.o.b.p.a.PullFromAggregateTracker - Pull Resultados de testagem das vigilâncias - Start downloading submission 80 of 251
2025-12-16 00:49:53,836 [ForkJoinPool-11-worker-3] INFO  o.o.b.p.a.PullFromAggregateTracker - Pull Resultados de testagem das vigilâncias - Submission 71 of 251 downloaded
2025-12-16 00:49:53,837 [ForkJoinPool-11-worker-3] INFO  o.o.b.p.a.PullFromAggregateTracker - Pull Resultados de testagem das vigilâncias - Start downloading submission 81 of 251
2025-12-16 00:49:54,008 [ForkJoinPool-11-worker-10] INFO  o.o.b.p.a.PullFromAggregateTracker - Pull Resultados de testagem das vigilâncias - Submission 70 of 251 downloaded
2025-12-16 00:49:54,009 [ForkJoinPool-11-worker-10] INFO  o.o.b.p.a.PullFromAggregateTracker - Pull Resultados de testagem das vigilâncias - Start downloading submission 82 of 251
2025-12-16 00:49:54,071 [ForkJoinPool-11-worker-13] INFO  o.o.b.p.a.PullFromAggregateTracker - Pull Resultados de testagem das vigilâncias - Submission 73 of 251 downloaded
2025-12-16 00:49:54,071 [ForkJoinPool-11-worker-1] INFO  o.o.b.p.a.PullFromAggregateTracker - Pull Resultados de testagem das vigilâncias - Submission 74 of 251 downloaded
2025-12-16 00:49:54,071 [ForkJoinPool-11-worker-9] INFO  o.o.b.p.a.PullFromAggregateTracker - Pull Resultados de testagem das vigilâncias - Submission 72 of 251 downloaded
2025-12-16 00:49:54,073 [ForkJoinPool-11-worker-13] INFO  o.o.b.p.a.PullFromAggregateTracker - Pull Resultados de testagem das vigilâncias - Start downloading submission 83 of 251
2025-12-16 00:49:54,074 [ForkJoinPool-11-worker-1] INFO  o.o.b.p.a.PullFromAggregateTracker - Pull Resultados de testagem das vigilâncias - Start downloading submission 84 of 251
2025-12-16 00:49:54,074 [ForkJoinPool-11-worker-9] INFO  o.o.b.p.a.PullFromAggregateTracker - Pull Resultados de testagem das vigilâncias - Start downloading submission 85 of 251
2025-12-16 00:49:54,130 [ForkJoinPool-11-worker-8] INFO  o.o.b.p.a.PullFromAggregateTracker - Pull Resultados de testagem das vigilâncias - Submission 75 of 251 downloaded
2025-12-16 00:49:54,130 [ForkJoinPool-11-worker-15] INFO  o.o.b.p.a.PullFromAggregateTracker - Pull Resultados de testagem das vigilâncias - Submission 76 of 251 downloaded
2025-12-16 00:49:54,130 [ForkJoinPool-11-worker-4] INFO  o.o.b.p.a.PullFromAggregateTracker - Pull Resultados de testagem das vigilâncias - Submission 77 of 251 downloaded
2025-12-16 00:49:54,131 [ForkJoinPool-11-worker-11] INFO  o.o.b.p.a.PullFromAggregateTracker - Pull Resultados de testagem das vigilâncias - Submission 78 of 251 downloaded
2025-12-16 00:49:54,132 [ForkJoinPool-11-worker-4] INFO  o.o.b.p.a.PullFromAggregateTracker - Pull Resultados de testagem das vigilâncias - Start downloading submission 86 of 251
2025-12-16 00:49:54,132 [ForkJoinPool-11-worker-15] INFO  o.o.b.p.a.PullFromAggregateTracker - Pull Resultados de testagem das vigilâncias - Start downloading submission 87 of 251
2025-12-16 00:49:54,132 [ForkJoinPool-11-worker-11] INFO  o.o.b.p.a.PullFromAggregateTracker - Pull Resultados de testagem das vigilâncias - Start downloading submission 89 of 251
2025-12-16 00:49:54,132 [ForkJoinPool-11-worker-8] INFO  o.o.b.p.a.PullFromAggregateTracker - Pull Resultados de testagem das vigilâncias - Start downloading submission 88 of 251
2025-12-16 00:49:54,301 [ForkJoinPool-11-worker-6] INFO  o.o.b.p.a.PullFromAggregateTracker - Pull Resultados de testagem das vigilâncias - Submission 79 of 251 downloaded
2025-12-16 00:49:54,303 [ForkJoinPool-11-worker-6] INFO  o.o.b.p.a.PullFromAggregateTracker - Pull Resultados de testagem das vigilâncias - Start downloading submission 90 of 251
2025-12-16 00:49:54,371 [ForkJoinPool-11-worker-9] INFO  o.o.b.p.a.PullFromAggregateTracker - Pull Resultados de testagem das vigilâncias - Submission 85 of 251 downloaded
2025-12-16 00:49:54,377 [ForkJoinPool-11-worker-2] INFO  o.o.b.p.a.PullFromAggregateTracker - Pull Resultados de testagem das vigilâncias - Submission 80 of 251 downloaded
2025-12-16 00:49:54,377 [ForkJoinPool-11-worker-3] INFO  o.o.b.p.a.PullFromAggregateTracker - Pull Resultados de testagem das vigilâncias - Submission 81 of 251 downloaded
2025-12-16 00:49:54,371 [ForkJoinPool-11-worker-13] INFO  o.o.b.p.a.PullFromAggregateTracker - Pull Resultados de testagem das vigilâncias - Submission 83 of 251 downloaded
2025-12-16 00:49:54,377 [ForkJoinPool-11-worker-10] INFO  o.o.b.p.a.PullFromAggregateTracker - Pull Resultados de testagem das vigilâncias - Submission 82 of 251 downloaded
2025-12-16 00:49:54,378 [ForkJoinPool-11-worker-9] INFO  o.o.b.p.a.PullFromAggregateTracker - Pull Resultados de testagem das vigilâncias - Start downloading submission 92 of 251
2025-12-16 00:49:54,378 [ForkJoinPool-11-worker-13] INFO  o.o.b.p.a.PullFromAggregateTracker - Pull Resultados de testagem das vigilâncias - Start downloading submission 94 of 251
2025-12-16 00:49:54,380 [ForkJoinPool-11-worker-3] INFO  o.o.b.p.a.PullFromAggregateTracker - Pull Resultados de testagem das vigilâncias - Start downloading submission 91 of 251
2025-12-16 00:49:54,380 [ForkJoinPool-11-worker-10] INFO  o.o.b.p.a.PullFromAggregateTracker - Pull Resultados de testagem das vigilâncias - Start downloading submission 95 of 251
2025-12-16 00:49:54,380 [ForkJoinPool-11-worker-2] INFO  o.o.b.p.a.PullFromAggregateTracker - Pull Resultados de testagem das vigilâncias - Start downloading submission 93 of 251
2025-12-16 00:49:54,426 [ForkJoinPool-11-worker-11] INFO  o.o.b.p.a.PullFromAggregateTracker - Pull Resultados de testagem das vigilâncias - Submission 89 of 251 downloaded
2025-12-16 00:49:54,426 [ForkJoinPool-11-worker-11] INFO  o.o.b.p.a.PullFromAggregateTracker - Pull Resultados de testagem das vigilâncias - Start downloading submission 96 of 251
2025-12-16 00:49:54,484 [ForkJoinPool-11-worker-1] INFO  o.o.b.p.a.PullFromAggregateTracker - Pull Resultados de testagem das vigilâncias - Submission 84 of 251 downloaded
2025-12-16 00:49:54,484 [ForkJoinPool-11-worker-1] INFO  o.o.b.p.a.PullFromAggregateTracker - Pull Resultados de testagem das vigilâncias - Start downloading submission 97 of 251
2025-12-16 00:49:54,554 [ForkJoinPool-11-worker-4] INFO  o.o.b.p.a.PullFromAggregateTracker - Pull Resultados de testagem das vigilâncias - Submission 86 of 251 downloaded
2025-12-16 00:49:54,555 [ForkJoinPool-11-worker-4] INFO  o.o.b.p.a.PullFromAggregateTracker - Pull Resultados de testagem das vigilâncias - Start downloading submission 98 of 251
2025-12-16 00:49:54,622 [ForkJoinPool-11-worker-15] INFO  o.o.b.p.a.PullFromAggregateTracker - Pull Resultados de testagem das vigilâncias - Submission 87 of 251 downloaded
2025-12-16 00:49:54,625 [ForkJoinPool-11-worker-15] INFO  o.o.b.p.a.PullFromAggregateTracker - Pull Resultados de testagem das vigilâncias - Start downloading submission 99 of 251
2025-12-16 00:49:54,628 [ForkJoinPool-11-worker-6] INFO  o.o.b.p.a.PullFromAggregateTracker - Pull Resultados de testagem das vigilâncias - Submission 90 of 251 downloaded
2025-12-16 00:49:54,630 [ForkJoinPool-11-worker-6] INFO  o.o.b.p.a.PullFromAggregateTracker - Pull Resultados de testagem das vigilâncias - Start downloading submission 100 of 251
2025-12-16 00:49:54,729 [ForkJoinPool-11-worker-9] INFO  o.o.b.p.a.PullFromAggregateTracker - Pull Resultados de testagem das vigilâncias - Submission 92 of 251 downloaded
2025-12-16 00:49:54,730 [ForkJoinPool-11-worker-13] INFO  o.o.b.p.a.PullFromAggregateTracker - Pull Resultados de testagem das vigilâncias - Submission 94 of 251 downloaded
2025-12-16 00:49:54,730 [ForkJoinPool-11-worker-10] INFO  o.o.b.p.a.PullFromAggregateTracker - Pull Resultados de testagem das vigilâncias - Submission 95 of 251 downloaded
2025-12-16 00:49:54,731 [ForkJoinPool-11-worker-8] INFO  o.o.b.p.a.PullFromAggregateTracker - Pull Resultados de testagem das vigilâncias - Submission 88 of 251 downloaded
2025-12-16 00:49:54,733 [ForkJoinPool-11-worker-10] INFO  o.o.b.p.a.PullFromAggregateTracker - Pull Resultados de testagem das vigilâncias - Start downloading submission 102 of 251
2025-12-16 00:49:54,733 [ForkJoinPool-11-worker-13] INFO  o.o.b.p.a.PullFromAggregateTracker - Pull Resultados de testagem das vigilâncias - Start downloading submission 103 of 251
2025-12-16 00:49:54,733 [ForkJoinPool-11-worker-9] INFO  o.o.b.p.a.PullFromAggregateTracker - Pull Resultados de testagem das vigilâncias - Start downloading submission 101 of 251
2025-12-16 00:49:54,734 [ForkJoinPool-11-worker-3] INFO  o.o.b.p.a.PullFromAggregateTracker - Pull Resultados de testagem das vigilâncias - Submission 91 of 251 downloaded
2025-12-16 00:49:54,735 [ForkJoinPool-11-worker-8] INFO  o.o.b.p.a.PullFromAggregateTracker - Pull Resultados de testagem das vigilâncias - Start downloading submission 104 of 251
2025-12-16 00:49:54,735 [ForkJoinPool-11-worker-3] INFO  o.o.b.p.a.PullFromAggregateTracker - Pull Resultados de testagem das vigilâncias - Start downloading submission 105 of 251
2025-12-16 00:49:54,790 [ForkJoinPool-11-worker-2] INFO  o.o.b.p.a.PullFromAggregateTracker - Pull Resultados de testagem das vigilâncias - Submission 93 of 251 downloaded
2025-12-16 00:49:54,791 [ForkJoinPool-11-worker-2] INFO  o.o.b.p.a.PullFromAggregateTracker - Pull Resultados de testagem das vigilâncias - Start downloading submission 106 of 251
2025-12-16 00:49:54,857 [ForkJoinPool-11-worker-11] INFO  o.o.b.p.a.PullFromAggregateTracker - Pull Resultados de testagem das vigilâncias - Submission 96 of 251 downloaded
2025-12-16 00:49:54,861 [ForkJoinPool-11-worker-11] INFO  o.o.b.p.a.PullFromAggregateTracker - Pull Resultados de testagem das vigilâncias - Start downloading submission 107 of 251
2025-12-16 00:49:54,896 [ForkJoinPool-11-worker-1] INFO  o.o.b.p.a.PullFromAggregateTracker - Pull Resultados de testagem das vigilâncias - Submission 97 of 251 downloaded
2025-12-16 00:49:54,897 [ForkJoinPool-11-worker-1] INFO  o.o.b.p.a.PullFromAggregateTracker - Pull Resultados de testagem das vigilâncias - Start downloading submission 108 of 251
2025-12-16 00:49:55,019 [ForkJoinPool-11-worker-6] INFO  o.o.b.p.a.PullFromAggregateTracker - Pull Resultados de testagem das vigilâncias - Submission 100 of 251 downloaded
2025-12-16 00:49:55,019 [ForkJoinPool-11-worker-15] INFO  o.o.b.p.a.PullFromAggregateTracker - Pull Resultados de testagem das vigilâncias - Submission 99 of 251 downloaded
2025-12-16 00:49:55,020 [ForkJoinPool-11-worker-6] INFO  o.o.b.p.a.PullFromAggregateTracker - Pull Resultados de testagem das vigilâncias - Start downloading submission 109 of 251
2025-12-16 00:49:55,021 [ForkJoinPool-11-worker-15] INFO  o.o.b.p.a.PullFromAggregateTracker - Pull Resultados de testagem das vigilâncias - Start downloading submission 110 of 251
2025-12-16 00:49:55,089 [ForkJoinPool-11-worker-13] INFO  o.o.b.p.a.PullFromAggregateTracker - Pull Resultados de testagem das vigilâncias - Submission 103 of 251 downloaded
2025-12-16 00:49:55,086 [ForkJoinPool-11-worker-10] INFO  o.o.b.p.a.PullFromAggregateTracker - Pull Resultados de testagem das vigilâncias - Submission 102 of 251 downloaded
2025-12-16 00:49:55,089 [ForkJoinPool-11-worker-4] INFO  o.o.b.p.a.PullFromAggregateTracker - Pull Resultados de testagem das vigilâncias - Submission 98 of 251 downloaded
2025-12-16 00:49:55,089 [ForkJoinPool-11-worker-9] INFO  o.o.b.p.a.PullFromAggregateTracker - Pull Resultados de testagem das vigilâncias - Submission 101 of 251 downloaded
2025-12-16 00:49:55,096 [ForkJoinPool-11-worker-9] INFO  o.o.b.p.a.PullFromAggregateTracker - Pull Resultados de testagem das vigilâncias - Start downloading submission 112 of 251
2025-12-16 00:49:55,096 [ForkJoinPool-11-worker-13] INFO  o.o.b.p.a.PullFromAggregateTracker - Pull Resultados de testagem das vigilâncias - Start downloading submission 111 of 251
2025-12-16 00:49:55,097 [ForkJoinPool-11-worker-4] INFO  o.o.b.p.a.PullFromAggregateTracker - Pull Resultados de testagem das vigilâncias - Start downloading submission 113 of 251
2025-12-16 00:49:55,099 [ForkJoinPool-11-worker-10] INFO  o.o.b.p.a.PullFromAggregateTracker - Pull Resultados de testagem das vigilâncias - Start downloading submission 114 of 251
2025-12-16 00:49:55,142 [ForkJoinPool-11-worker-3] INFO  o.o.b.p.a.PullFromAggregateTracker - Pull Resultados de testagem das vigilâncias - Submission 105 of 251 downloaded
2025-12-16 00:49:55,142 [ForkJoinPool-11-worker-8] INFO  o.o.b.p.a.PullFromAggregateTracker - Pull Resultados de testagem das vigilâncias - Submission 104 of 251 downloaded
2025-12-16 00:49:55,144 [ForkJoinPool-11-worker-3] INFO  o.o.b.p.a.PullFromAggregateTracker - Pull Resultados de testagem das vigilâncias - Start downloading submission 116 of 251
2025-12-16 00:49:55,144 [ForkJoinPool-11-worker-8] INFO  o.o.b.p.a.PullFromAggregateTracker - Pull Resultados de testagem das vigilâncias - Start downloading submission 115 of 251
2025-12-16 00:49:55,318 [ForkJoinPool-11-worker-2] INFO  o.o.b.p.a.PullFromAggregateTracker - Pull Resultados de testagem das vigilâncias - Submission 106 of 251 downloaded
2025-12-16 00:49:55,320 [ForkJoinPool-11-worker-2] INFO  o.o.b.p.a.PullFromAggregateTracker - Pull Resultados de testagem das vigilâncias - Start downloading submission 117 of 251
2025-12-16 00:49:55,377 [ForkJoinPool-11-worker-1] INFO  o.o.b.p.a.PullFromAggregateTracker - Pull Resultados de testagem das vigilâncias - Submission 108 of 251 downloaded
2025-12-16 00:49:55,377 [ForkJoinPool-11-worker-11] INFO  o.o.b.p.a.PullFromAggregateTracker - Pull Resultados de testagem das vigilâncias - Submission 107 of 251 downloaded
2025-12-16 00:49:55,377 [ForkJoinPool-11-worker-6] INFO  o.o.b.p.a.PullFromAggregateTracker - Pull Resultados de testagem das vigilâncias - Submission 109 of 251 downloaded
2025-12-16 00:49:55,378 [ForkJoinPool-11-worker-6] INFO  o.o.b.p.a.PullFromAggregateTracker - Pull Resultados de testagem das vigilâncias - Start downloading submission 120 of 251
2025-12-16 00:49:55,379 [ForkJoinPool-11-worker-11] INFO  o.o.b.p.a.PullFromAggregateTracker - Pull Resultados de testagem das vigilâncias - Start downloading submission 119 of 251
2025-12-16 00:49:55,379 [ForkJoinPool-11-worker-1] INFO  o.o.b.p.a.PullFromAggregateTracker - Pull Resultados de testagem das vigilâncias - Start downloading submission 118 of 251
2025-12-16 00:49:55,435 [ForkJoinPool-11-worker-15] INFO  o.o.b.p.a.PullFromAggregateTracker - Pull Resultados de testagem das vigilâncias - Submission 110 of 251 downloaded
2025-12-16 00:49:55,435 [ForkJoinPool-11-worker-10] INFO  o.o.b.p.a.PullFromAggregateTracker - Pull Resultados de testagem das vigilâncias - Submission 114 of 251 downloaded
2025-12-16 00:49:55,437 [ForkJoinPool-11-worker-13] INFO  o.o.b.p.a.PullFromAggregateTracker - Pull Resultados de testagem das vigilâncias - Submission 111 of 251 downloaded
2025-12-16 00:49:55,437 [ForkJoinPool-11-worker-9] INFO  o.o.b.p.a.PullFromAggregateTracker - Pull Resultados de testagem das vigilâncias - Submission 112 of 251 downloaded
2025-12-16 00:49:55,437 [ForkJoinPool-11-worker-13] INFO  o.o.b.p.a.PullFromAggregateTracker - Pull Resultados de testagem das vigilâncias - Start downloading submission 122 of 251
2025-12-16 00:49:55,439 [ForkJoinPool-11-worker-9] INFO  o.o.b.p.a.PullFromAggregateTracker - Pull Resultados de testagem das vigilâncias - Start downloading submission 124 of 251
2025-12-16 00:49:55,439 [ForkJoinPool-11-worker-10] INFO  o.o.b.p.a.PullFromAggregateTracker - Pull Resultados de testagem das vigilâncias - Start downloading submission 121 of 251
2025-12-16 00:49:55,439 [ForkJoinPool-11-worker-15] INFO  o.o.b.p.a.PullFromAggregateTracker - Pull Resultados de testagem das vigilâncias - Start downloading submission 123 of 251
2025-12-16 00:49:55,618 [ForkJoinPool-11-worker-4] INFO  o.o.b.p.a.PullFromAggregateTracker - Pull Resultados de testagem das vigilâncias - Submission 113 of 251 downloaded
2025-12-16 00:49:55,618 [ForkJoinPool-11-worker-2] INFO  o.o.b.p.a.PullFromAggregateTracker - Pull Resultados de testagem das vigilâncias - Submission 117 of 251 downloaded
2025-12-16 00:49:55,620 [ForkJoinPool-11-worker-4] INFO  o.o.b.p.a.PullFromAggregateTracker - Pull Resultados de testagem das vigilâncias - Start downloading submission 125 of 251
2025-12-16 00:49:55,620 [ForkJoinPool-11-worker-2] INFO  o.o.b.p.a.PullFromAggregateTracker - Pull Resultados de testagem das vigilâncias - Start downloading submission 126 of 251
2025-12-16 00:49:55,636 [ForkJoinPool-11-worker-8] INFO  o.o.b.p.a.PullFromAggregateTracker - Pull Resultados de testagem das vigilâncias - Submission 115 of 251 downloaded
2025-12-16 00:49:55,637 [ForkJoinPool-11-worker-8] INFO  o.o.b.p.a.PullFromAggregateTracker - Pull Resultados de testagem das vigilâncias - Start downloading submission 127 of 251
2025-12-16 00:49:55,709 [ForkJoinPool-11-worker-13] INFO  o.o.b.p.a.PullFromAggregateTracker - Pull Resultados de testagem das vigilâncias - Submission 122 of 251 downloaded
2025-12-16 00:49:55,713 [ForkJoinPool-11-worker-13] INFO  o.o.b.p.a.PullFromAggregateTracker - Pull Resultados de testagem das vigilâncias - Start downloading submission 128 of 251
2025-12-16 00:49:55,713 [ForkJoinPool-11-worker-1] INFO  o.o.b.p.a.PullFromAggregateTracker - Pull Resultados de testagem das vigilâncias - Submission 118 of 251 downloaded
2025-12-16 00:49:55,713 [ForkJoinPool-11-worker-6] INFO  o.o.b.p.a.PullFromAggregateTracker - Pull Resultados de testagem das vigilâncias - Submission 120 of 251 downloaded
2025-12-16 00:49:55,715 [ForkJoinPool-11-worker-3] INFO  o.o.b.p.a.PullFromAggregateTracker - Pull Resultados de testagem das vigilâncias - Submission 116 of 251 downloaded
2025-12-16 00:49:55,715 [ForkJoinPool-11-worker-11] INFO  o.o.b.p.a.PullFromAggregateTracker - Pull Resultados de testagem das vigilâncias - Submission 119 of 251 downloaded
2025-12-16 00:49:55,721 [ForkJoinPool-11-worker-1] INFO  o.o.b.p.a.PullFromAggregateTracker - Pull Resultados de testagem das vigilâncias - Start downloading submission 130 of 251
2025-12-16 00:49:55,721 [ForkJoinPool-11-worker-11] INFO  o.o.b.p.a.PullFromAggregateTracker - Pull Resultados de testagem das vigilâncias - Start downloading submission 131 of 251
2025-12-16 00:49:55,723 [ForkJoinPool-11-worker-3] INFO  o.o.b.p.a.PullFromAggregateTracker - Pull Resultados de testagem das vigilâncias - Start downloading submission 129 of 251
2025-12-16 00:49:55,723 [ForkJoinPool-11-worker-6] INFO  o.o.b.p.a.PullFromAggregateTracker - Pull Resultados de testagem das vigilâncias - Start downloading submission 132 of 251
2025-12-16 00:49:55,854 [ForkJoinPool-11-worker-15] INFO  o.o.b.p.a.PullFromAggregateTracker - Pull Resultados de testagem das vigilâncias - Submission 123 of 251 downloaded
2025-12-16 00:49:55,855 [ForkJoinPool-11-worker-15] INFO  o.o.b.p.a.PullFromAggregateTracker - Pull Resultados de testagem das vigilâncias - Start downloading submission 133 of 251
2025-12-16 00:49:55,916 [ForkJoinPool-11-worker-10] INFO  o.o.b.p.a.PullFromAggregateTracker - Pull Resultados de testagem das vigilâncias - Submission 121 of 251 downloaded
2025-12-16 00:49:55,917 [ForkJoinPool-11-worker-9] INFO  o.o.b.p.a.PullFromAggregateTracker - Pull Resultados de testagem das vigilâncias - Submission 124 of 251 downloaded
2025-12-16 00:49:55,918 [ForkJoinPool-11-worker-9] INFO  o.o.b.p.a.PullFromAggregateTracker - Pull Resultados de testagem das vigilâncias - Start downloading submission 135 of 251
2025-12-16 00:49:55,918 [ForkJoinPool-11-worker-10] INFO  o.o.b.p.a.PullFromAggregateTracker - Pull Resultados de testagem das vigilâncias - Start downloading submission 134 of 251
2025-12-16 00:49:55,990 [ForkJoinPool-11-worker-8] INFO  o.o.b.p.a.PullFromAggregateTracker - Pull Resultados de testagem das vigilâncias - Submission 127 of 251 downloaded
2025-12-16 00:49:55,992 [ForkJoinPool-11-worker-8] INFO  o.o.b.p.a.PullFromAggregateTracker - Pull Resultados de testagem das vigilâncias - Start downloading submission 136 of 251
2025-12-16 00:49:55,992 [ForkJoinPool-11-worker-2] INFO  o.o.b.p.a.PullFromAggregateTracker - Pull Resultados de testagem das vigilâncias - Submission 126 of 251 downloaded
2025-12-16 00:49:55,994 [ForkJoinPool-11-worker-2] INFO  o.o.b.p.a.PullFromAggregateTracker - Pull Resultados de testagem das vigilâncias - Start downloading submission 137 of 251
2025-12-16 00:49:56,000 [ForkJoinPool-11-worker-1] INFO  o.o.b.p.a.PullFromAggregateTracker - Pull Resultados de testagem das vigilâncias - Submission 130 of 251 downloaded
2025-12-16 00:49:56,000 [ForkJoinPool-11-worker-1] INFO  o.o.b.p.a.PullFromAggregateTracker - Pull Resultados de testagem das vigilâncias - Start downloading submission 138 of 251
2025-12-16 00:49:56,013 [ForkJoinPool-11-worker-13] INFO  o.o.b.p.a.PullFromAggregateTracker - Pull Resultados de testagem das vigilâncias - Submission 128 of 251 downloaded
2025-12-16 00:49:56,013 [ForkJoinPool-11-worker-13] INFO  o.o.b.p.a.PullFromAggregateTracker - Pull Resultados de testagem das vigilâncias - Start downloading submission 139 of 251
2025-12-16 00:49:56,058 [ForkJoinPool-11-worker-4] INFO  o.o.b.p.a.PullFromAggregateTracker - Pull Resultados de testagem das vigilâncias - Submission 125 of 251 downloaded
2025-12-16 00:49:56,060 [ForkJoinPool-11-worker-4] INFO  o.o.b.p.a.PullFromAggregateTracker - Pull Resultados de testagem das vigilâncias - Start downloading submission 140 of 251
2025-12-16 00:49:56,112 [ForkJoinPool-11-worker-11] INFO  o.o.b.p.a.PullFromAggregateTracker - Pull Resultados de testagem das vigilâncias - Submission 131 of 251 downloaded
2025-12-16 00:49:56,114 [ForkJoinPool-11-worker-11] INFO  o.o.b.p.a.PullFromAggregateTracker - Pull Resultados de testagem das vigilâncias - Start downloading submission 141 of 251
2025-12-16 00:49:56,158 [ForkJoinPool-11-worker-6] INFO  o.o.b.p.a.PullFromAggregateTracker - Pull Resultados de testagem das vigilâncias - Submission 132 of 251 downloaded
2025-12-16 00:49:56,161 [ForkJoinPool-11-worker-6] INFO  o.o.b.p.a.PullFromAggregateTracker - Pull Resultados de testagem das vigilâncias - Start downloading submission 142 of 251
2025-12-16 00:49:56,165 [ForkJoinPool-11-worker-3] INFO  o.o.b.p.a.PullFromAggregateTracker - Pull Resultados de testagem das vigilâncias - Submission 129 of 251 downloaded
2025-12-16 00:49:56,167 [ForkJoinPool-11-worker-3] INFO  o.o.b.p.a.PullFromAggregateTracker - Pull Resultados de testagem das vigilâncias - Start downloading submission 143 of 251
2025-12-16 00:49:56,239 [ForkJoinPool-11-worker-9] INFO  o.o.b.p.a.PullFromAggregateTracker - Pull Resultados de testagem das vigilâncias - Submission 135 of 251 downloaded
2025-12-16 00:49:56,239 [ForkJoinPool-11-worker-15] INFO  o.o.b.p.a.PullFromAggregateTracker - Pull Resultados de testagem das vigilâncias - Submission 133 of 251 downloaded
2025-12-16 00:49:56,241 [ForkJoinPool-11-worker-9] INFO  o.o.b.p.a.PullFromAggregateTracker - Pull Resultados de testagem das vigilâncias - Start downloading submission 144 of 251
2025-12-16 00:49:56,242 [ForkJoinPool-11-worker-10] INFO  o.o.b.p.a.PullFromAggregateTracker - Pull Resultados de testagem das vigilâncias - Submission 134 of 251 downloaded
2025-12-16 00:49:56,242 [ForkJoinPool-11-worker-15] INFO  o.o.b.p.a.PullFromAggregateTracker - Pull Resultados de testagem das vigilâncias - Start downloading submission 145 of 251
2025-12-16 00:49:56,242 [ForkJoinPool-11-worker-10] INFO  o.o.b.p.a.PullFromAggregateTracker - Pull Resultados de testagem das vigilâncias - Start downloading submission 146 of 251
2025-12-16 00:49:56,260 [ForkJoinPool-11-worker-8] INFO  o.o.b.p.a.PullFromAggregateTracker - Pull Resultados de testagem das vigilâncias - Submission 136 of 251 downloaded
2025-12-16 00:49:56,262 [ForkJoinPool-11-worker-8] INFO  o.o.b.p.a.PullFromAggregateTracker - Pull Resultados de testagem das vigilâncias - Start downloading submission 147 of 251
2025-12-16 00:49:56,290 [ForkJoinPool-11-worker-2] INFO  o.o.b.p.a.PullFromAggregateTracker - Pull Resultados de testagem das vigilâncias - Submission 137 of 251 downloaded
2025-12-16 00:49:56,291 [ForkJoinPool-11-worker-2] INFO  o.o.b.p.a.PullFromAggregateTracker - Pull Resultados de testagem das vigilâncias - Start downloading submission 148 of 251
2025-12-16 00:49:56,350 [ForkJoinPool-11-worker-1] INFO  o.o.b.p.a.PullFromAggregateTracker - Pull Resultados de testagem das vigilâncias - Submission 138 of 251 downloaded
2025-12-16 00:49:56,352 [ForkJoinPool-11-worker-1] INFO  o.o.b.p.a.PullFromAggregateTracker - Pull Resultados de testagem das vigilâncias - Start downloading submission 149 of 251
2025-12-16 00:49:56,414 [ForkJoinPool-11-worker-13] INFO  o.o.b.p.a.PullFromAggregateTracker - Pull Resultados de testagem das vigilâncias - Submission 139 of 251 downloaded
2025-12-16 00:49:56,416 [ForkJoinPool-11-worker-4] INFO  o.o.b.p.a.PullFromAggregateTracker - Pull Resultados de testagem das vigilâncias - Submission 140 of 251 downloaded
2025-12-16 00:49:56,416 [ForkJoinPool-11-worker-13] INFO  o.o.b.p.a.PullFromAggregateTracker - Pull Resultados de testagem das vigilâncias - Start downloading submission 150 of 251
2025-12-16 00:49:56,425 [ForkJoinPool-11-worker-4] INFO  o.o.b.p.a.PullFromAggregateTracker - Pull Resultados de testagem das vigilâncias - Start downloading submission 151 of 251
2025-12-16 00:49:56,515 [ForkJoinPool-11-worker-6] INFO  o.o.b.p.a.PullFromAggregateTracker - Pull Resultados de testagem das vigilâncias - Submission 142 of 251 downloaded
2025-12-16 00:49:56,515 [ForkJoinPool-11-worker-6] INFO  o.o.b.p.a.PullFromAggregateTracker - Pull Resultados de testagem das vigilâncias - Start downloading submission 152 of 251
2025-12-16 00:49:56,537 [ForkJoinPool-11-worker-11] INFO  o.o.b.p.a.PullFromAggregateTracker - Pull Resultados de testagem das vigilâncias - Submission 141 of 251 downloaded
2025-12-16 00:49:56,538 [ForkJoinPool-11-worker-3] INFO  o.o.b.p.a.PullFromAggregateTracker - Pull Resultados de testagem das vigilâncias - Submission 143 of 251 downloaded
2025-12-16 00:49:56,538 [ForkJoinPool-11-worker-3] INFO  o.o.b.p.a.PullFromAggregateTracker - Pull Resultados de testagem das vigilâncias - Start downloading submission 153 of 251
2025-12-16 00:49:56,538 [ForkJoinPool-11-worker-11] INFO  o.o.b.p.a.PullFromAggregateTracker - Pull Resultados de testagem das vigilâncias - Start downloading submission 154 of 251
2025-12-16 00:49:56,579 [ForkJoinPool-11-worker-9] INFO  o.o.b.p.a.PullFromAggregateTracker - Pull Resultados de testagem das vigilâncias - Submission 144 of 251 downloaded
2025-12-16 00:49:56,579 [ForkJoinPool-11-worker-15] INFO  o.o.b.p.a.PullFromAggregateTracker - Pull Resultados de testagem das vigilâncias - Submission 145 of 251 downloaded
2025-12-16 00:49:56,579 [ForkJoinPool-11-worker-9] INFO  o.o.b.p.a.PullFromAggregateTracker - Pull Resultados de testagem das vigilâncias - Start downloading submission 155 of 251
2025-12-16 00:49:56,579 [ForkJoinPool-11-worker-15] INFO  o.o.b.p.a.PullFromAggregateTracker - Pull Resultados de testagem das vigilâncias - Start downloading submission 156 of 251
2025-12-16 00:49:56,589 [ForkJoinPool-11-worker-10] INFO  o.o.b.p.a.PullFromAggregateTracker - Pull Resultados de testagem das vigilâncias - Submission 146 of 251 downloaded
2025-12-16 00:49:56,589 [ForkJoinPool-11-worker-10] INFO  o.o.b.p.a.PullFromAggregateTracker - Pull Resultados de testagem das vigilâncias - Start downloading submission 157 of 251
2025-12-16 00:49:56,657 [ForkJoinPool-11-worker-8] INFO  o.o.b.p.a.PullFromAggregateTracker - Pull Resultados de testagem das vigilâncias - Submission 147 of 251 downloaded
2025-12-16 00:49:56,657 [ForkJoinPool-11-worker-8] INFO  o.o.b.p.a.PullFromAggregateTracker - Pull Resultados de testagem das vigilâncias - Start downloading submission 158 of 251
2025-12-16 00:49:56,681 [ForkJoinPool-11-worker-2] INFO  o.o.b.p.a.PullFromAggregateTracker - Pull Resultados de testagem das vigilâncias - Submission 148 of 251 downloaded
2025-12-16 00:49:56,681 [ForkJoinPool-11-worker-2] INFO  o.o.b.p.a.PullFromAggregateTracker - Pull Resultados de testagem das vigilâncias - Start downloading submission 159 of 251
2025-12-16 00:49:56,754 [ForkJoinPool-11-worker-1] INFO  o.o.b.p.a.PullFromAggregateTracker - Pull Resultados de testagem das vigilâncias - Submission 149 of 251 downloaded
2025-12-16 00:49:56,754 [ForkJoinPool-11-worker-1] INFO  o.o.b.p.a.PullFromAggregateTracker - Pull Resultados de testagem das vigilâncias - Start downloading submission 160 of 251
2025-12-16 00:49:56,773 [ForkJoinPool-11-worker-13] INFO  o.o.b.p.a.PullFromAggregateTracker - Pull Resultados de testagem das vigilâncias - Submission 150 of 251 downloaded
2025-12-16 00:49:56,776 [ForkJoinPool-11-worker-13] INFO  o.o.b.p.a.PullFromAggregateTracker - Pull Resultados de testagem das vigilâncias - Start downloading submission 161 of 251
2025-12-16 00:49:56,778 [ForkJoinPool-11-worker-4] INFO  o.o.b.p.a.PullFromAggregateTracker - Pull Resultados de testagem das vigilâncias - Submission 151 of 251 downloaded
2025-12-16 00:49:56,778 [ForkJoinPool-11-worker-4] INFO  o.o.b.p.a.PullFromAggregateTracker - Pull Resultados de testagem das vigilâncias - Start downloading submission 162 of 251
2025-12-16 00:49:56,819 [ForkJoinPool-11-worker-3] INFO  o.o.b.p.a.PullFromAggregateTracker - Pull Resultados de testagem das vigilâncias - Submission 153 of 251 downloaded
2025-12-16 00:49:56,821 [ForkJoinPool-11-worker-3] INFO  o.o.b.p.a.PullFromAggregateTracker - Pull Resultados de testagem das vigilâncias - Start downloading submission 163 of 251
2025-12-16 00:49:56,838 [ForkJoinPool-11-worker-11] INFO  o.o.b.p.a.PullFromAggregateTracker - Pull Resultados de testagem das vigilâncias - Submission 154 of 251 downloaded
2025-12-16 00:49:56,843 [ForkJoinPool-11-worker-11] INFO  o.o.b.p.a.PullFromAggregateTracker - Pull Resultados de testagem das vigilâncias - Start downloading submission 164 of 251
2025-12-16 00:49:56,875 [ForkJoinPool-11-worker-6] INFO  o.o.b.p.a.PullFromAggregateTracker - Pull Resultados de testagem das vigilâncias - Submission 152 of 251 downloaded
2025-12-16 00:49:56,875 [ForkJoinPool-11-worker-6] INFO  o.o.b.p.a.PullFromAggregateTracker - Pull Resultados de testagem das vigilâncias - Start downloading submission 165 of 251
2025-12-16 00:49:56,901 [ForkJoinPool-11-worker-9] INFO  o.o.b.p.a.PullFromAggregateTracker - Pull Resultados de testagem das vigilâncias - Submission 155 of 251 downloaded
2025-12-16 00:49:56,902 [ForkJoinPool-11-worker-9] INFO  o.o.b.p.a.PullFromAggregateTracker - Pull Resultados de testagem das vigilâncias - Start downloading submission 166 of 251
2025-12-16 00:49:56,936 [ForkJoinPool-11-worker-15] INFO  o.o.b.p.a.PullFromAggregateTracker - Pull Resultados de testagem das vigilâncias - Submission 156 of 251 downloaded
2025-12-16 00:49:56,985 [ForkJoinPool-11-worker-15] INFO  o.o.b.p.a.PullFromAggregateTracker - Pull Resultados de testagem das vigilâncias - Start downloading submission 167 of 251
2025-12-16 00:49:56,994 [ForkJoinPool-11-worker-10] INFO  o.o.b.p.a.PullFromAggregateTracker - Pull Resultados de testagem das vigilâncias - Submission 157 of 251 downloaded
2025-12-16 00:49:56,995 [ForkJoinPool-11-worker-10] INFO  o.o.b.p.a.PullFromAggregateTracker - Pull Resultados de testagem das vigilâncias - Start downloading submission 168 of 251
2025-12-16 00:49:57,012 [ForkJoinPool-11-worker-8] INFO  o.o.b.p.a.PullFromAggregateTracker - Pull Resultados de testagem das vigilâncias - Submission 158 of 251 downloaded
2025-12-16 00:49:57,012 [ForkJoinPool-11-worker-8] INFO  o.o.b.p.a.PullFromAggregateTracker - Pull Resultados de testagem das vigilâncias - Start downloading submission 169 of 251
2025-12-16 00:49:57,041 [ForkJoinPool-11-worker-2] INFO  o.o.b.p.a.PullFromAggregateTracker - Pull Resultados de testagem das vigilâncias - Submission 159 of 251 downloaded
2025-12-16 00:49:57,043 [ForkJoinPool-11-worker-2] INFO  o.o.b.p.a.PullFromAggregateTracker - Pull Resultados de testagem das vigilâncias - Start downloading submission 170 of 251
2025-12-16 00:49:57,098 [ForkJoinPool-11-worker-13] INFO  o.o.b.p.a.PullFromAggregateTracker - Pull Resultados de testagem das vigilâncias - Submission 161 of 251 downloaded
2025-12-16 00:49:57,100 [ForkJoinPool-11-worker-1] INFO  o.o.b.p.a.PullFromAggregateTracker - Pull Resultados de testagem das vigilâncias - Submission 160 of 251 downloaded
2025-12-16 00:49:57,100 [ForkJoinPool-11-worker-13] INFO  o.o.b.p.a.PullFromAggregateTracker - Pull Resultados de testagem das vigilâncias - Start downloading submission 171 of 251
2025-12-16 00:49:57,101 [ForkJoinPool-11-worker-1] INFO  o.o.b.p.a.PullFromAggregateTracker - Pull Resultados de testagem das vigilâncias - Start downloading submission 172 of 251
2025-12-16 00:49:57,117 [ForkJoinPool-11-worker-4] INFO  o.o.b.p.a.PullFromAggregateTracker - Pull Resultados de testagem das vigilâncias - Submission 162 of 251 downloaded
2025-12-16 00:49:57,119 [ForkJoinPool-11-worker-4] INFO  o.o.b.p.a.PullFromAggregateTracker - Pull Resultados de testagem das vigilâncias - Start downloading submission 173 of 251
2025-12-16 00:49:57,131 [ForkJoinPool-11-worker-3] INFO  o.o.b.p.a.PullFromAggregateTracker - Pull Resultados de testagem das vigilâncias - Submission 163 of 251 downloaded
2025-12-16 00:49:57,133 [ForkJoinPool-11-worker-3] INFO  o.o.b.p.a.PullFromAggregateTracker - Pull Resultados de testagem das vigilâncias - Start downloading submission 174 of 251
2025-12-16 00:49:57,181 [ForkJoinPool-11-worker-11] INFO  o.o.b.p.a.PullFromAggregateTracker - Pull Resultados de testagem das vigilâncias - Submission 164 of 251 downloaded
2025-12-16 00:49:57,181 [ForkJoinPool-11-worker-11] INFO  o.o.b.p.a.PullFromAggregateTracker - Pull Resultados de testagem das vigilâncias - Start downloading submission 175 of 251
2025-12-16 00:49:57,219 [ForkJoinPool-11-worker-6] INFO  o.o.b.p.a.PullFromAggregateTracker - Pull Resultados de testagem das vigilâncias - Submission 165 of 251 downloaded
2025-12-16 00:49:57,219 [ForkJoinPool-11-worker-6] INFO  o.o.b.p.a.PullFromAggregateTracker - Pull Resultados de testagem das vigilâncias - Start downloading submission 176 of 251
2025-12-16 00:49:57,250 [ForkJoinPool-11-worker-9] INFO  o.o.b.p.a.PullFromAggregateTracker - Pull Resultados de testagem das vigilâncias - Submission 166 of 251 downloaded
2025-12-16 00:49:57,250 [ForkJoinPool-11-worker-9] INFO  o.o.b.p.a.PullFromAggregateTracker - Pull Resultados de testagem das vigilâncias - Start downloading submission 177 of 251
2025-12-16 00:49:57,304 [ForkJoinPool-11-worker-15] INFO  o.o.b.p.a.PullFromAggregateTracker - Pull Resultados de testagem das vigilâncias - Submission 167 of 251 downloaded
2025-12-16 00:49:57,304 [ForkJoinPool-11-worker-15] INFO  o.o.b.p.a.PullFromAggregateTracker - Pull Resultados de testagem das vigilâncias - Start downloading submission 178 of 251
2025-12-16 00:49:57,342 [ForkJoinPool-11-worker-10] INFO  o.o.b.p.a.PullFromAggregateTracker - Pull Resultados de testagem das vigilâncias - Submission 168 of 251 downloaded
2025-12-16 00:49:57,344 [ForkJoinPool-11-worker-10] INFO  o.o.b.p.a.PullFromAggregateTracker - Pull Resultados de testagem das vigilâncias - Start downloading submission 179 of 251
2025-12-16 00:49:57,344 [ForkJoinPool-11-worker-8] INFO  o.o.b.p.a.PullFromAggregateTracker - Pull Resultados de testagem das vigilâncias - Submission 169 of 251 downloaded
2025-12-16 00:49:57,345 [ForkJoinPool-11-worker-8] INFO  o.o.b.p.a.PullFromAggregateTracker - Pull Resultados de testagem das vigilâncias - Start downloading submission 180 of 251
2025-12-16 00:49:57,346 [ForkJoinPool-11-worker-2] INFO  o.o.b.p.a.PullFromAggregateTracker - Pull Resultados de testagem das vigilâncias - Submission 170 of 251 downloaded
2025-12-16 00:49:57,346 [ForkJoinPool-11-worker-2] INFO  o.o.b.p.a.PullFromAggregateTracker - Pull Resultados de testagem das vigilâncias - Start downloading submission 181 of 251
2025-12-16 00:49:57,367 [ForkJoinPool-11-worker-13] INFO  o.o.b.p.a.PullFromAggregateTracker - Pull Resultados de testagem das vigilâncias - Submission 171 of 251 downloaded
2025-12-16 00:49:57,371 [ForkJoinPool-11-worker-13] INFO  o.o.b.p.a.PullFromAggregateTracker - Pull Resultados de testagem das vigilâncias - Start downloading submission 182 of 251
2025-12-16 00:49:57,489 [ForkJoinPool-11-worker-4] INFO  o.o.b.p.a.PullFromAggregateTracker - Pull Resultados de testagem das vigilâncias - Submission 173 of 251 downloaded
2025-12-16 00:49:57,490 [ForkJoinPool-11-worker-1] INFO  o.o.b.p.a.PullFromAggregateTracker - Pull Resultados de testagem das vigilâncias - Submission 172 of 251 downloaded
2025-12-16 00:49:57,492 [ForkJoinPool-11-worker-4] INFO  o.o.b.p.a.PullFromAggregateTracker - Pull Resultados de testagem das vigilâncias - Start downloading submission 183 of 251
2025-12-16 00:49:57,492 [ForkJoinPool-11-worker-1] INFO  o.o.b.p.a.PullFromAggregateTracker - Pull Resultados de testagem das vigilâncias - Start downloading submission 184 of 251
2025-12-16 00:49:57,497 [ForkJoinPool-11-worker-3] INFO  o.o.b.p.a.PullFromAggregateTracker - Pull Resultados de testagem das vigilâncias - Submission 174 of 251 downloaded
2025-12-16 00:49:57,501 [ForkJoinPool-11-worker-3] INFO  o.o.b.p.a.PullFromAggregateTracker - Pull Resultados de testagem das vigilâncias - Start downloading submission 185 of 251
2025-12-16 00:49:57,550 [ForkJoinPool-11-worker-11] INFO  o.o.b.p.a.PullFromAggregateTracker - Pull Resultados de testagem das vigilâncias - Submission 175 of 251 downloaded
2025-12-16 00:49:57,552 [ForkJoinPool-11-worker-11] INFO  o.o.b.p.a.PullFromAggregateTracker - Pull Resultados de testagem das vigilâncias - Start downloading submission 186 of 251
2025-12-16 00:49:57,577 [ForkJoinPool-11-worker-15] INFO  o.o.b.p.a.PullFromAggregateTracker - Pull Resultados de testagem das vigilâncias - Submission 178 of 251 downloaded
2025-12-16 00:49:57,580 [ForkJoinPool-11-worker-6] INFO  o.o.b.p.a.PullFromAggregateTracker - Pull Resultados de testagem das vigilâncias - Submission 176 of 251 downloaded
2025-12-16 00:49:57,580 [ForkJoinPool-11-worker-15] INFO  o.o.b.p.a.PullFromAggregateTracker - Pull Resultados de testagem das vigilâncias - Start downloading submission 187 of 251
2025-12-16 00:49:57,581 [ForkJoinPool-11-worker-6] INFO  o.o.b.p.a.PullFromAggregateTracker - Pull Resultados de testagem das vigilâncias - Start downloading submission 188 of 251
2025-12-16 00:49:57,588 [ForkJoinPool-11-worker-9] INFO  o.o.b.p.a.PullFromAggregateTracker - Pull Resultados de testagem das vigilâncias - Submission 177 of 251 downloaded
2025-12-16 00:49:57,596 [ForkJoinPool-11-worker-9] INFO  o.o.b.p.a.PullFromAggregateTracker - Pull Resultados de testagem das vigilâncias - Start downloading submission 189 of 251
2025-12-16 00:49:57,624 [ForkJoinPool-11-worker-10] INFO  o.o.b.p.a.PullFromAggregateTracker - Pull Resultados de testagem das vigilâncias - Submission 179 of 251 downloaded
2025-12-16 00:49:57,626 [ForkJoinPool-11-worker-10] INFO  o.o.b.p.a.PullFromAggregateTracker - Pull Resultados de testagem das vigilâncias - Start downloading submission 190 of 251
2025-12-16 00:49:57,745 [ForkJoinPool-11-worker-13] INFO  o.o.b.p.a.PullFromAggregateTracker - Pull Resultados de testagem das vigilâncias - Submission 182 of 251 downloaded
2025-12-16 00:49:57,747 [ForkJoinPool-11-worker-13] INFO  o.o.b.p.a.PullFromAggregateTracker - Pull Resultados de testagem das vigilâncias - Start downloading submission 191 of 251
2025-12-16 00:49:57,747 [ForkJoinPool-11-worker-2] INFO  o.o.b.p.a.PullFromAggregateTracker - Pull Resultados de testagem das vigilâncias - Submission 181 of 251 downloaded
2025-12-16 00:49:57,748 [ForkJoinPool-11-worker-8] INFO  o.o.b.p.a.PullFromAggregateTracker - Pull Resultados de testagem das vigilâncias - Submission 180 of 251 downloaded
2025-12-16 00:49:57,748 [ForkJoinPool-11-worker-2] INFO  o.o.b.p.a.PullFromAggregateTracker - Pull Resultados de testagem das vigilâncias - Start downloading submission 192 of 251
2025-12-16 00:49:57,750 [ForkJoinPool-11-worker-8] INFO  o.o.b.p.a.PullFromAggregateTracker - Pull Resultados de testagem das vigilâncias - Start downloading submission 193 of 251
2025-12-16 00:49:57,797 [ForkJoinPool-11-worker-4] INFO  o.o.b.p.a.PullFromAggregateTracker - Pull Resultados de testagem das vigilâncias - Submission 183 of 251 downloaded
2025-12-16 00:49:57,797 [ForkJoinPool-11-worker-4] INFO  o.o.b.p.a.PullFromAggregateTracker - Pull Resultados de testagem das vigilâncias - Start downloading submission 194 of 251
2025-12-16 00:49:57,835 [ForkJoinPool-11-worker-3] INFO  o.o.b.p.a.PullFromAggregateTracker - Pull Resultados de testagem das vigilâncias - Submission 185 of 251 downloaded
2025-12-16 00:49:57,835 [ForkJoinPool-11-worker-1] INFO  o.o.b.p.a.PullFromAggregateTracker - Pull Resultados de testagem das vigilâncias - Submission 184 of 251 downloaded
2025-12-16 00:49:57,839 [ForkJoinPool-11-worker-1] INFO  o.o.b.p.a.PullFromAggregateTracker - Pull Resultados de testagem das vigilâncias - Start downloading submission 195 of 251
2025-12-16 00:49:57,839 [ForkJoinPool-11-worker-3] INFO  o.o.b.p.a.PullFromAggregateTracker - Pull Resultados de testagem das vigilâncias - Start downloading submission 196 of 251
2025-12-16 00:49:57,844 [ForkJoinPool-11-worker-11] INFO  o.o.b.p.a.PullFromAggregateTracker - Pull Resultados de testagem das vigilâncias - Submission 186 of 251 downloaded
2025-12-16 00:49:57,848 [ForkJoinPool-11-worker-11] INFO  o.o.b.p.a.PullFromAggregateTracker - Pull Resultados de testagem das vigilâncias - Start downloading submission 197 of 251
2025-12-16 00:49:57,919 [ForkJoinPool-11-worker-6] INFO  o.o.b.p.a.PullFromAggregateTracker - Pull Resultados de testagem das vigilâncias - Submission 188 of 251 downloaded
2025-12-16 00:49:57,921 [ForkJoinPool-11-worker-6] INFO  o.o.b.p.a.PullFromAggregateTracker - Pull Resultados de testagem das vigilâncias - Start downloading submission 198 of 251
2025-12-16 00:49:58,040 [ForkJoinPool-11-worker-15] INFO  o.o.b.p.a.PullFromAggregateTracker - Pull Resultados de testagem das vigilâncias - Submission 187 of 251 downloaded
2025-12-16 00:49:58,040 [ForkJoinPool-11-worker-15] INFO  o.o.b.p.a.PullFromAggregateTracker - Pull Resultados de testagem das vigilâncias - Start downloading submission 199 of 251
2025-12-16 00:49:58,044 [ForkJoinPool-11-worker-10] INFO  o.o.b.p.a.PullFromAggregateTracker - Pull Resultados de testagem das vigilâncias - Submission 190 of 251 downloaded
2025-12-16 00:49:58,045 [ForkJoinPool-11-worker-10] INFO  o.o.b.p.a.PullFromAggregateTracker - Pull Resultados de testagem das vigilâncias - Start downloading submission 200 of 251
2025-12-16 00:49:58,073 [ForkJoinPool-11-worker-9] INFO  o.o.b.p.a.PullFromAggregateTracker - Pull Resultados de testagem das vigilâncias - Submission 189 of 251 downloaded
2025-12-16 00:49:58,073 [ForkJoinPool-11-worker-2] INFO  o.o.b.p.a.PullFromAggregateTracker - Pull Resultados de testagem das vigilâncias - Submission 192 of 251 downloaded
2025-12-16 00:49:58,073 [ForkJoinPool-11-worker-13] INFO  o.o.b.p.a.PullFromAggregateTracker - Pull Resultados de testagem das vigilâncias - Submission 191 of 251 downloaded
2025-12-16 00:49:58,073 [ForkJoinPool-11-worker-2] INFO  o.o.b.p.a.PullFromAggregateTracker - Pull Resultados de testagem das vigilâncias - Start downloading submission 201 of 251
2025-12-16 00:49:58,075 [ForkJoinPool-11-worker-13] INFO  o.o.b.p.a.PullFromAggregateTracker - Pull Resultados de testagem das vigilâncias - Start downloading submission 203 of 251
2025-12-16 00:49:58,075 [ForkJoinPool-11-worker-9] INFO  o.o.b.p.a.PullFromAggregateTracker - Pull Resultados de testagem das vigilâncias - Start downloading submission 202 of 251
2025-12-16 00:49:58,119 [ForkJoinPool-11-worker-4] INFO  o.o.b.p.a.PullFromAggregateTracker - Pull Resultados de testagem das vigilâncias - Submission 194 of 251 downloaded
2025-12-16 00:49:58,120 [ForkJoinPool-11-worker-4] INFO  o.o.b.p.a.PullFromAggregateTracker - Pull Resultados de testagem das vigilâncias - Start downloading submission 204 of 251
2025-12-16 00:49:58,120 [ForkJoinPool-11-worker-8] INFO  o.o.b.p.a.PullFromAggregateTracker - Pull Resultados de testagem das vigilâncias - Submission 193 of 251 downloaded
2025-12-16 00:49:58,120 [ForkJoinPool-11-worker-8] INFO  o.o.b.p.a.PullFromAggregateTracker - Pull Resultados de testagem das vigilâncias - Start downloading submission 205 of 251
2025-12-16 00:49:58,158 [ForkJoinPool-11-worker-1] INFO  o.o.b.p.a.PullFromAggregateTracker - Pull Resultados de testagem das vigilâncias - Submission 195 of 251 downloaded
2025-12-16 00:49:58,159 [ForkJoinPool-11-worker-1] INFO  o.o.b.p.a.PullFromAggregateTracker - Pull Resultados de testagem das vigilâncias - Start downloading submission 206 of 251
2025-12-16 00:49:58,282 [ForkJoinPool-11-worker-11] INFO  o.o.b.p.a.PullFromAggregateTracker - Pull Resultados de testagem das vigilâncias - Submission 197 of 251 downloaded
2025-12-16 00:49:58,282 [ForkJoinPool-11-worker-3] INFO  o.o.b.p.a.PullFromAggregateTracker - Pull Resultados de testagem das vigilâncias - Submission 196 of 251 downloaded
2025-12-16 00:49:58,284 [ForkJoinPool-11-worker-11] INFO  o.o.b.p.a.PullFromAggregateTracker - Pull Resultados de testagem das vigilâncias - Start downloading submission 207 of 251
2025-12-16 00:49:58,284 [ForkJoinPool-11-worker-3] INFO  o.o.b.p.a.PullFromAggregateTracker - Pull Resultados de testagem das vigilâncias - Start downloading submission 208 of 251
2025-12-16 00:49:58,321 [ForkJoinPool-11-worker-15] INFO  o.o.b.p.a.PullFromAggregateTracker - Pull Resultados de testagem das vigilâncias - Submission 199 of 251 downloaded
2025-12-16 00:49:58,322 [ForkJoinPool-11-worker-15] INFO  o.o.b.p.a.PullFromAggregateTracker - Pull Resultados de testagem das vigilâncias - Start downloading submission 209 of 251
2025-12-16 00:49:58,324 [ForkJoinPool-11-worker-6] INFO  o.o.b.p.a.PullFromAggregateTracker - Pull Resultados de testagem das vigilâncias - Submission 198 of 251 downloaded
2025-12-16 00:49:58,324 [ForkJoinPool-11-worker-6] INFO  o.o.b.p.a.PullFromAggregateTracker - Pull Resultados de testagem das vigilâncias - Start downloading submission 210 of 251
2025-12-16 00:49:58,391 [ForkJoinPool-11-worker-13] INFO  o.o.b.p.a.PullFromAggregateTracker - Pull Resultados de testagem das vigilâncias - Submission 203 of 251 downloaded
2025-12-16 00:49:58,392 [ForkJoinPool-11-worker-10] INFO  o.o.b.p.a.PullFromAggregateTracker - Pull Resultados de testagem das vigilâncias - Submission 200 of 251 downloaded
2025-12-16 00:49:58,392 [ForkJoinPool-11-worker-13] INFO  o.o.b.p.a.PullFromAggregateTracker - Pull Resultados de testagem das vigilâncias - Start downloading submission 211 of 251
2025-12-16 00:49:58,392 [ForkJoinPool-11-worker-10] INFO  o.o.b.p.a.PullFromAggregateTracker - Pull Resultados de testagem das vigilâncias - Start downloading submission 212 of 251
2025-12-16 00:49:58,440 [ForkJoinPool-11-worker-9] INFO  o.o.b.p.a.PullFromAggregateTracker - Pull Resultados de testagem das vigilâncias - Submission 202 of 251 downloaded
2025-12-16 00:49:58,442 [ForkJoinPool-11-worker-9] INFO  o.o.b.p.a.PullFromAggregateTracker - Pull Resultados de testagem das vigilâncias - Start downloading submission 213 of 251
2025-12-16 00:49:58,475 [ForkJoinPool-11-worker-2] INFO  o.o.b.p.a.PullFromAggregateTracker - Pull Resultados de testagem das vigilâncias - Submission 201 of 251 downloaded
2025-12-16 00:49:58,477 [ForkJoinPool-11-worker-2] INFO  o.o.b.p.a.PullFromAggregateTracker - Pull Resultados de testagem das vigilâncias - Start downloading submission 214 of 251
2025-12-16 00:49:58,530 [ForkJoinPool-11-worker-4] INFO  o.o.b.p.a.PullFromAggregateTracker - Pull Resultados de testagem das vigilâncias - Submission 204 of 251 downloaded
2025-12-16 00:49:58,532 [ForkJoinPool-11-worker-4] INFO  o.o.b.p.a.PullFromAggregateTracker - Pull Resultados de testagem das vigilâncias - Start downloading submission 215 of 251
2025-12-16 00:49:58,536 [ForkJoinPool-11-worker-8] INFO  o.o.b.p.a.PullFromAggregateTracker - Pull Resultados de testagem das vigilâncias - Submission 205 of 251 downloaded
2025-12-16 00:49:58,536 [ForkJoinPool-11-worker-8] INFO  o.o.b.p.a.PullFromAggregateTracker - Pull Resultados de testagem das vigilâncias - Start downloading submission 216 of 251
2025-12-16 00:49:58,554 [ForkJoinPool-11-worker-1] INFO  o.o.b.p.a.PullFromAggregateTracker - Pull Resultados de testagem das vigilâncias - Submission 206 of 251 downloaded
2025-12-16 00:49:58,554 [ForkJoinPool-11-worker-1] INFO  o.o.b.p.a.PullFromAggregateTracker - Pull Resultados de testagem das vigilâncias - Start downloading submission 217 of 251
2025-12-16 00:49:58,571 [ForkJoinPool-11-worker-11] INFO  o.o.b.p.a.PullFromAggregateTracker - Pull Resultados de testagem das vigilâncias - Submission 207 of 251 downloaded
2025-12-16 00:49:58,573 [ForkJoinPool-11-worker-11] INFO  o.o.b.p.a.PullFromAggregateTracker - Pull Resultados de testagem das vigilâncias - Start downloading submission 218 of 251
2025-12-16 00:49:58,687 [ForkJoinPool-11-worker-15] INFO  o.o.b.p.a.PullFromAggregateTracker - Pull Resultados de testagem das vigilâncias - Submission 209 of 251 downloaded
2025-12-16 00:49:58,687 [ForkJoinPool-11-worker-3] INFO  o.o.b.p.a.PullFromAggregateTracker - Pull Resultados de testagem das vigilâncias - Submission 208 of 251 downloaded
2025-12-16 00:49:58,688 [ForkJoinPool-11-worker-15] INFO  o.o.b.p.a.PullFromAggregateTracker - Pull Resultados de testagem das vigilâncias - Start downloading submission 219 of 251
2025-12-16 00:49:58,688 [ForkJoinPool-11-worker-3] INFO  o.o.b.p.a.PullFromAggregateTracker - Pull Resultados de testagem das vigilâncias - Start downloading submission 220 of 251
2025-12-16 00:49:58,701 [ForkJoinPool-11-worker-6] INFO  o.o.b.p.a.PullFromAggregateTracker - Pull Resultados de testagem das vigilâncias - Submission 210 of 251 downloaded
2025-12-16 00:49:58,702 [ForkJoinPool-11-worker-6] INFO  o.o.b.p.a.PullFromAggregateTracker - Pull Resultados de testagem das vigilâncias - Start downloading submission 221 of 251
2025-12-16 00:49:58,731 [ForkJoinPool-11-worker-10] INFO  o.o.b.p.a.PullFromAggregateTracker - Pull Resultados de testagem das vigilâncias - Submission 212 of 251 downloaded
2025-12-16 00:49:58,734 [ForkJoinPool-11-worker-10] INFO  o.o.b.p.a.PullFromAggregateTracker - Pull Resultados de testagem das vigilâncias - Start downloading submission 222 of 251
2025-12-16 00:49:58,777 [ForkJoinPool-11-worker-13] INFO  o.o.b.p.a.PullFromAggregateTracker - Pull Resultados de testagem das vigilâncias - Submission 211 of 251 downloaded
2025-12-16 00:49:58,777 [ForkJoinPool-11-worker-13] INFO  o.o.b.p.a.PullFromAggregateTracker - Pull Resultados de testagem das vigilâncias - Start downloading submission 223 of 251
2025-12-16 00:49:58,782 [ForkJoinPool-11-worker-9] INFO  o.o.b.p.a.PullFromAggregateTracker - Pull Resultados de testagem das vigilâncias - Submission 213 of 251 downloaded
2025-12-16 00:49:58,784 [ForkJoinPool-11-worker-9] INFO  o.o.b.p.a.PullFromAggregateTracker - Pull Resultados de testagem das vigilâncias - Start downloading submission 224 of 251
2025-12-16 00:49:58,788 [ForkJoinPool-11-worker-2] INFO  o.o.b.p.a.PullFromAggregateTracker - Pull Resultados de testagem das vigilâncias - Submission 214 of 251 downloaded
2025-12-16 00:49:58,792 [ForkJoinPool-11-worker-2] INFO  o.o.b.p.a.PullFromAggregateTracker - Pull Resultados de testagem das vigilâncias - Start downloading submission 225 of 251
2025-12-16 00:49:58,813 [ForkJoinPool-11-worker-4] INFO  o.o.b.p.a.PullFromAggregateTracker - Pull Resultados de testagem das vigilâncias - Submission 215 of 251 downloaded
2025-12-16 00:49:58,815 [ForkJoinPool-11-worker-4] INFO  o.o.b.p.a.PullFromAggregateTracker - Pull Resultados de testagem das vigilâncias - Start downloading submission 226 of 251
2025-12-16 00:49:58,939 [ForkJoinPool-11-worker-8] INFO  o.o.b.p.a.PullFromAggregateTracker - Pull Resultados de testagem das vigilâncias - Submission 216 of 251 downloaded
2025-12-16 00:49:58,940 [ForkJoinPool-11-worker-8] INFO  o.o.b.p.a.PullFromAggregateTracker - Pull Resultados de testagem das vigilâncias - Start downloading submission 227 of 251
2025-12-16 00:49:58,965 [ForkJoinPool-11-worker-1] INFO  o.o.b.p.a.PullFromAggregateTracker - Pull Resultados de testagem das vigilâncias - Submission 217 of 251 downloaded
2025-12-16 00:49:58,965 [ForkJoinPool-11-worker-11] INFO  o.o.b.p.a.PullFromAggregateTracker - Pull Resultados de testagem das vigilâncias - Submission 218 of 251 downloaded
2025-12-16 00:49:58,966 [ForkJoinPool-11-worker-11] INFO  o.o.b.p.a.PullFromAggregateTracker - Pull Resultados de testagem das vigilâncias - Start downloading submission 229 of 251
2025-12-16 00:49:58,966 [ForkJoinPool-11-worker-1] INFO  o.o.b.p.a.PullFromAggregateTracker - Pull Resultados de testagem das vigilâncias - Start downloading submission 228 of 251
2025-12-16 00:49:59,005 [ForkJoinPool-11-worker-15] INFO  o.o.b.p.a.PullFromAggregateTracker - Pull Resultados de testagem das vigilâncias - Submission 219 of 251 downloaded
2025-12-16 00:49:59,006 [ForkJoinPool-11-worker-15] INFO  o.o.b.p.a.PullFromAggregateTracker - Pull Resultados de testagem das vigilâncias - Start downloading submission 230 of 251
2025-12-16 00:49:59,031 [ForkJoinPool-11-worker-10] INFO  o.o.b.p.a.PullFromAggregateTracker - Pull Resultados de testagem das vigilâncias - Submission 222 of 251 downloaded
2025-12-16 00:49:59,031 [ForkJoinPool-11-worker-3] INFO  o.o.b.p.a.PullFromAggregateTracker - Pull Resultados de testagem das vigilâncias - Submission 220 of 251 downloaded
2025-12-16 00:49:59,033 [ForkJoinPool-11-worker-3] INFO  o.o.b.p.a.PullFromAggregateTracker - Pull Resultados de testagem das vigilâncias - Start downloading submission 231 of 251
2025-12-16 00:49:59,034 [ForkJoinPool-11-worker-10] INFO  o.o.b.p.a.PullFromAggregateTracker - Pull Resultados de testagem das vigilâncias - Start downloading submission 232 of 251
2025-12-16 00:49:59,033 [ForkJoinPool-11-worker-6] INFO  o.o.b.p.a.PullFromAggregateTracker - Pull Resultados de testagem das vigilâncias - Submission 221 of 251 downloaded
2025-12-16 00:49:59,035 [ForkJoinPool-11-worker-6] INFO  o.o.b.p.a.PullFromAggregateTracker - Pull Resultados de testagem das vigilâncias - Start downloading submission 233 of 251
2025-12-16 00:49:59,047 [ForkJoinPool-11-worker-13] INFO  o.o.b.p.a.PullFromAggregateTracker - Pull Resultados de testagem das vigilâncias - Submission 223 of 251 downloaded
2025-12-16 00:49:59,047 [ForkJoinPool-11-worker-13] INFO  o.o.b.p.a.PullFromAggregateTracker - Pull Resultados de testagem das vigilâncias - Start downloading submission 234 of 251
2025-12-16 00:49:59,231 [ForkJoinPool-11-worker-9] INFO  o.o.b.p.a.PullFromAggregateTracker - Pull Resultados de testagem das vigilâncias - Submission 224 of 251 downloaded
2025-12-16 00:49:59,232 [ForkJoinPool-11-worker-2] INFO  o.o.b.p.a.PullFromAggregateTracker - Pull Resultados de testagem das vigilâncias - Submission 225 of 251 downloaded
2025-12-16 00:49:59,231 [ForkJoinPool-11-worker-4] INFO  o.o.b.p.a.PullFromAggregateTracker - Pull Resultados de testagem das vigilâncias - Submission 226 of 251 downloaded
2025-12-16 00:49:59,234 [ForkJoinPool-11-worker-4] INFO  o.o.b.p.a.PullFromAggregateTracker - Pull Resultados de testagem das vigilâncias - Start downloading submission 235 of 251
2025-12-16 00:49:59,235 [ForkJoinPool-11-worker-2] INFO  o.o.b.p.a.PullFromAggregateTracker - Pull Resultados de testagem das vigilâncias - Start downloading submission 236 of 251
2025-12-16 00:49:59,235 [ForkJoinPool-11-worker-9] INFO  o.o.b.p.a.PullFromAggregateTracker - Pull Resultados de testagem das vigilâncias - Start downloading submission 237 of 251
2025-12-16 00:49:59,257 [ForkJoinPool-11-worker-8] INFO  o.o.b.p.a.PullFromAggregateTracker - Pull Resultados de testagem das vigilâncias - Submission 227 of 251 downloaded
2025-12-16 00:49:59,258 [ForkJoinPool-11-worker-8] INFO  o.o.b.p.a.PullFromAggregateTracker - Pull Resultados de testagem das vigilâncias - Start downloading submission 238 of 251
2025-12-16 00:49:59,293 [ForkJoinPool-11-worker-15] INFO  o.o.b.p.a.PullFromAggregateTracker - Pull Resultados de testagem das vigilâncias - Submission 230 of 251 downloaded
2025-12-16 00:49:59,293 [ForkJoinPool-11-worker-1] INFO  o.o.b.p.a.PullFromAggregateTracker - Pull Resultados de testagem das vigilâncias - Submission 228 of 251 downloaded
2025-12-16 00:49:59,293 [ForkJoinPool-11-worker-11] INFO  o.o.b.p.a.PullFromAggregateTracker - Pull Resultados de testagem das vigilâncias - Submission 229 of 251 downloaded
2025-12-16 00:49:59,295 [ForkJoinPool-11-worker-15] INFO  o.o.b.p.a.PullFromAggregateTracker - Pull Resultados de testagem das vigilâncias - Start downloading submission 239 of 251
2025-12-16 00:49:59,295 [ForkJoinPool-11-worker-10] INFO  o.o.b.p.a.PullFromAggregateTracker - Pull Resultados de testagem das vigilâncias - Submission 232 of 251 downloaded
2025-12-16 00:49:59,296 [ForkJoinPool-11-worker-10] INFO  o.o.b.p.a.PullFromAggregateTracker - Pull Resultados de testagem das vigilâncias - Start downloading submission 240 of 251
2025-12-16 00:49:59,501 [ForkJoinPool-11-worker-13] INFO  o.o.b.p.a.PullFromAggregateTracker - Pull Resultados de testagem das vigilâncias - Submission 234 of 251 downloaded
2025-12-16 00:49:59,501 [ForkJoinPool-11-worker-3] INFO  o.o.b.p.a.PullFromAggregateTracker - Pull Resultados de testagem das vigilâncias - Submission 231 of 251 downloaded
2025-12-16 00:49:59,501 [ForkJoinPool-11-worker-6] INFO  o.o.b.p.a.PullFromAggregateTracker - Pull Resultados de testagem das vigilâncias - Submission 233 of 251 downloaded
2025-12-16 00:49:59,502 [ForkJoinPool-11-worker-13] INFO  o.o.b.p.a.PullFromAggregateTracker - Pull Resultados de testagem das vigilâncias - Start downloading submission 241 of 251
2025-12-16 00:49:59,504 [ForkJoinPool-11-worker-6] INFO  o.o.b.p.a.PullFromAggregateTracker - Pull Resultados de testagem das vigilâncias - Start downloading submission 242 of 251
2025-12-16 00:49:59,504 [ForkJoinPool-11-worker-3] INFO  o.o.b.p.a.PullFromAggregateTracker - Pull Resultados de testagem das vigilâncias - Start downloading submission 243 of 251
2025-12-16 00:49:59,511 [ForkJoinPool-11-worker-4] INFO  o.o.b.p.a.PullFromAggregateTracker - Pull Resultados de testagem das vigilâncias - Submission 235 of 251 downloaded
2025-12-16 00:49:59,530 [ForkJoinPool-11-worker-9] INFO  o.o.b.p.a.PullFromAggregateTracker - Pull Resultados de testagem das vigilâncias - Submission 237 of 251 downloaded
2025-12-16 00:49:59,530 [ForkJoinPool-11-worker-9] INFO  o.o.b.p.a.PullFromAggregateTracker - Pull Resultados de testagem das vigilâncias - Start downloading submission 244 of 251
2025-12-16 00:49:59,547 [ForkJoinPool-11-worker-15] INFO  o.o.b.p.a.PullFromAggregateTracker - Pull Resultados de testagem das vigilâncias - Submission 239 of 251 downloaded
2025-12-16 00:49:59,548 [ForkJoinPool-11-worker-2] INFO  o.o.b.p.a.PullFromAggregateTracker - Pull Resultados de testagem das vigilâncias - Submission 236 of 251 downloaded
2025-12-16 00:49:59,550 [ForkJoinPool-11-worker-2] INFO  o.o.b.p.a.PullFromAggregateTracker - Pull Resultados de testagem das vigilâncias - Start downloading submission 245 of 251
2025-12-16 00:49:59,552 [ForkJoinPool-11-worker-8] INFO  o.o.b.p.a.PullFromAggregateTracker - Pull Resultados de testagem das vigilâncias - Submission 238 of 251 downloaded
2025-12-16 00:49:59,554 [ForkJoinPool-11-worker-8] INFO  o.o.b.p.a.PullFromAggregateTracker - Pull Resultados de testagem das vigilâncias - Start downloading submission 246 of 251
2025-12-16 00:49:59,776 [ForkJoinPool-11-worker-13] INFO  o.o.b.p.a.PullFromAggregateTracker - Pull Resultados de testagem das vigilâncias - Submission 241 of 251 downloaded
2025-12-16 00:49:59,776 [ForkJoinPool-11-worker-10] INFO  o.o.b.p.a.PullFromAggregateTracker - Pull Resultados de testagem das vigilâncias - Submission 240 of 251 downloaded
2025-12-16 00:49:59,777 [ForkJoinPool-11-worker-13] INFO  o.o.b.p.a.PullFromAggregateTracker - Pull Resultados de testagem das vigilâncias - Start downloading submission 247 of 251
2025-12-16 00:49:59,777 [ForkJoinPool-11-worker-3] INFO  o.o.b.p.a.PullFromAggregateTracker - Pull Resultados de testagem das vigilâncias - Submission 243 of 251 downloaded
2025-12-16 00:49:59,777 [ForkJoinPool-11-worker-6] INFO  o.o.b.p.a.PullFromAggregateTracker - Pull Resultados de testagem das vigilâncias - Submission 242 of 251 downloaded
2025-12-16 00:49:59,779 [ForkJoinPool-11-worker-3] INFO  o.o.b.p.a.PullFromAggregateTracker - Pull Resultados de testagem das vigilâncias - Start downloading submission 248 of 251
2025-12-16 00:49:59,779 [ForkJoinPool-11-worker-6] INFO  o.o.b.p.a.PullFromAggregateTracker - Pull Resultados de testagem das vigilâncias - Start downloading submission 249 of 251
2025-12-16 00:49:59,791 [ForkJoinPool-11-worker-9] INFO  o.o.b.p.a.PullFromAggregateTracker - Pull Resultados de testagem das vigilâncias - Submission 244 of 251 downloaded
2025-12-16 00:49:59,791 [ForkJoinPool-11-worker-2] INFO  o.o.b.p.a.PullFromAggregateTracker - Pull Resultados de testagem das vigilâncias - Submission 245 of 251 downloaded
2025-12-16 00:49:59,793 [ForkJoinPool-11-worker-8] INFO  o.o.b.p.a.PullFromAggregateTracker - Pull Resultados de testagem das vigilâncias - Submission 246 of 251 downloaded
2025-12-16 00:49:59,794 [ForkJoinPool-11-worker-8] INFO  o.o.b.p.a.PullFromAggregateTracker - Pull Resultados de testagem das vigilâncias - Start downloading submission 250 of 251
2025-12-16 00:50:00,062 [ForkJoinPool-11-worker-8] INFO  o.o.b.p.a.PullFromAggregateTracker - Pull Resultados de testagem das vigilâncias - Submission 250 of 251 downloaded
2025-12-16 00:50:00,062 [ForkJoinPool-11-worker-13] INFO  o.o.b.p.a.PullFromAggregateTracker - Pull Resultados de testagem das vigilâncias - Submission 247 of 251 downloaded
2025-12-16 00:50:00,062 [ForkJoinPool-11-worker-3] INFO  o.o.b.p.a.PullFromAggregateTracker - Pull Resultados de testagem das vigilâncias - Submission 248 of 251 downloaded
2025-12-16 00:50:00,062 [ForkJoinPool-11-worker-6] INFO  o.o.b.p.a.PullFromAggregateTracker - Pull Resultados de testagem das vigilâncias - Submission 249 of 251 downloaded
2025-12-16 00:50:00,062 [ForkJoinPool-11-worker-13] INFO  o.o.b.p.a.PullFromAggregateTracker - Pull Resultados de testagem das vigilâncias - Start downloading submission 251 of 251
2025-12-16 00:50:00,323 [ForkJoinPool-11-worker-13] INFO  o.o.b.p.a.PullFromAggregateTracker - Pull Resultados de testagem das vigilâncias - Submission 251 of 251 downloaded
2025-12-16 00:50:00,324 [ForkJoinPool-11-worker-6] INFO  o.o.b.p.a.PullFromAggregateTracker - Pull Resultados de testagem das vigilâncias - Success
2025-12-16 00:50:16,812 [Thread-15] INFO  org.javarosa.core.model.FormDef - Dynamic select question has no choices! [instance(dis)/root/item]. If this occurs while filling out a form (and not while saving an incomplete form), the filter condition may have eliminated all the choices. Is that what you intended?
2025-12-16 00:50:16,820 [Thread-15] INFO  org.javarosa.core.model.FormDef - Dynamic select question has no choices! [instance(bairro)/root/item]. If this occurs while filling out a form (and not while saving an incomplete form), the filter condition may have eliminated all the choices. Is that what you intended?
2025-12-16 00:50:16,959 [Thread-15] INFO  org.javarosa.core.model.FormDef - Dynamic select question has no choices! [instance(Distrito_option_type)/root/item]. If this occurs while filling out a form (and not while saving an incomplete form), the filter condition may have eliminated all the choices. Is that what you intended?
2025-12-16 00:50:16,979 [Thread-15] INFO  org.javarosa.core.model.FormDef - Dynamic select question has no choices! [instance(Unidade_sanitaria_options)/root/item]. If this occurs while filling out a form (and not while saving an incomplete form), the filter condition may have eliminated all the choices. Is that what you intended?
2025-12-16 00:50:16,981 [Thread-15] INFO  org.javarosa.core.model.FormDef - Dynamic select question has no choices! [instance(tipo_amostra_options)/root/item]. If this occurs while filling out a form (and not while saving an incomplete form), the filter condition may have eliminated all the choices. Is that what you intended?
2025-12-16 00:50:17,027 [Thread-15] INFO  org.javarosa.core.model.FormDef - Dynamic select question has no choices! [instance(Distrito_option_type)/root/item]. If this occurs while filling out a form (and not while saving an incomplete form), the filter condition may have eliminated all the choices. Is that what you intended?
2025-12-16 00:50:17,253 [Thread-15] INFO  org.javarosa.core.model.FormDef - Dynamic select question has no choices! [instance(dis)/root/item]. If this occurs while filling out a form (and not while saving an incomplete form), the filter condition may have eliminated all the choices. Is that what you intended?
2025-12-16 00:50:17,278 [Thread-15] INFO  org.javarosa.core.model.FormDef - Dynamic select question has no choices! [instance(bairro)/root/item]. If this occurs while filling out a form (and not while saving an incomplete form), the filter condition may have eliminated all the choices. Is that what you intended?
2025-12-16 00:50:17,588 [ForkJoinPool-12-worker-2] INFO  o.o.b.export.ExportProcessTracker - Exported in 00:00:00.7080094
2025-12-16 00:50:17,604 [ForkJoinPool-12-worker-13] INFO  o.o.b.export.ExportProcessTracker - Exported in 00:00:00.5908205
2025-12-16 00:50:18,014 [ForkJoinPool-12-worker-11] INFO  o.o.b.export.ExportProcessTracker - Exported in 00:00:01.1255165
2025-12-16 00:50:19,215 [ForkJoinPool-12-worker-6] INFO  o.o.b.export.ExportProcessTracker - Exported in 00:00:02.1785152
2025-12-16 00:50:25,611 [ForkJoinPool-12-worker-15] INFO  o.o.b.export.ExportProcessTracker - Exported in 00:00:08.0370865
2025-12-16 00:50:27,921 [ForkJoinPool-12-worker-9] INFO  o.o.b.export.ExportProcessTracker - Exported in 00:00:11.0762095
2025-12-16 00:50:34,261 [ForkJoinPool-12-worker-3] INFO  o.o.b.export.ExportProcessTracker - Exported in 00:00:17.2118314
2025-12-16 00:50:34,266 [ForkJoinPool-12-worker-4] INFO  o.o.b.export.ExportProcessTracker - Exported in 00:00:17.2657471
2025-12-16 08:22:31,124 [googleanalyticsjava-thread-6] WARN  c.b.g.h.ApacheHttpClientImpl - Couldn't connect to Google Analytics. Internet may not be available. java.net.UnknownHostException: www.google-analytics.com
2025-12-16 08:22:31,130 [googleanalyticsjava-thread-6] WARN  c.b.g.internal.GoogleAnalyticsImpl - Exception while sending the Google Analytics tracker request Request [parms={APPLICATION_NAME=ODK Briefcase, USER_AGENT=Mozilla/5.0 (Windows NT 10.0; Win64; x64) AppleWebKit/537.36 (KHTML, like Gecko) Chrome/60.0.3112.113 Safari/537.36, SCREEN_NAME=Export, DOCUMENT_ENCODING=Cp1252, DOCUMENT_PATH=export, VIEWPORT_SIZE=884x850, TRACKING_ID=UA-91951913-5, DATA_SOURCE=app, SESSION_CONTROL=end, APPLICATION_VERSION=v1.18.0, USER_ID=a6979b0f-c5d9-4691-b82a-0de5ce410644, DOCUMENT_TITLE=Export, CLIENT_ID=24b6b06f-60f4-43a0-8c7d-9183d7033cc5, PROTOCOL_VERSION=1, ANONYMIZE_IP=true, HIT_TYPE=screenview, SCREEN_RESOLUTION=1664x1109, USER_LANGUAGE=en-US}, customDimensions={}, customMetrics={}]
java.lang.NullPointerException: null
	at com.brsanthu.googleanalytics.httpclient.ApacheHttpClientImpl.post(ApacheHttpClientImpl.java:113)
	at com.brsanthu.googleanalytics.internal.GoogleAnalyticsImpl.postSingle(GoogleAnalyticsImpl.java:165)
	at com.brsanthu.googleanalytics.internal.GoogleAnalyticsImpl.post(GoogleAnalyticsImpl.java:105)
	at com.brsanthu.googleanalytics.internal.GoogleAnalyticsImpl.lambda$postAsync$0(GoogleAnalyticsImpl.java:91)
	at java.util.concurrent.FutureTask.run(Unknown Source)
	at java.util.concurrent.ThreadPoolExecutor.runWorker(Unknown Source)
	at java.util.concurrent.ThreadPoolExecutor$Worker.run(Unknown Source)
	at java.lang.Thread.run(Unknown Source)
2025-12-16 08:22:31,130 [googleanalyticsjava-thread-6] WARN  c.b.g.h.ApacheHttpClientImpl - Couldn't connect to Google Analytics. Internet may not be available. java.net.UnknownHostException: www.google-analytics.com
2025-12-16 08:22:31,130 [googleanalyticsjava-thread-6] WARN  c.b.g.internal.GoogleAnalyticsImpl - Exception while sending the Google Analytics tracker request Request [parms={APPLICATION_NAME=ODK Briefcase, USER_AGENT=Mozilla/5.0 (Windows NT 10.0; Win64; x64) AppleWebKit/537.36 (KHTML, like Gecko) Chrome/60.0.3112.113 Safari/537.36, SCREEN_NAME=Pull, DOCUMENT_ENCODING=Cp1252, DOCUMENT_PATH=pull, VIEWPORT_SIZE=884x850, TRACKING_ID=UA-91951913-5, DATA_SOURCE=app, SESSION_CONTROL=start, APPLICATION_VERSION=v1.18.0, USER_ID=a6979b0f-c5d9-4691-b82a-0de5ce410644, DOCUMENT_TITLE=Pull, CLIENT_ID=24b6b06f-60f4-43a0-8c7d-9183d7033cc5, PROTOCOL_VERSION=1, ANONYMIZE_IP=true, HIT_TYPE=screenview, SCREEN_RESOLUTION=1664x1109, USER_LANGUAGE=en-US}, customDimensions={}, customMetrics={}]
java.lang.NullPointerException: null
	at com.brsanthu.googleanalytics.httpclient.ApacheHttpClientImpl.post(ApacheHttpClientImpl.java:113)
	at com.brsanthu.googleanalytics.internal.GoogleAnalyticsImpl.postSingle(GoogleAnalyticsImpl.java:165)
	at com.brsanthu.googleanalytics.internal.GoogleAnalyticsImpl.post(GoogleAnalyticsImpl.java:105)
	at com.brsanthu.googleanalytics.internal.GoogleAnalyticsImpl.lambda$postAsync$0(GoogleAnalyticsImpl.java:91)
	at java.util.concurrent.FutureTask.run(Unknown Source)
	at java.util.concurrent.ThreadPoolExecutor.runWorker(Unknown Source)
	at java.util.concurrent.ThreadPoolExecutor$Worker.run(Unknown Source)
	at java.lang.Thread.run(Unknown Source)
2025-12-16 08:23:51,510 [ForkJoinPool-13-worker-4] INFO  o.o.b.p.a.PullFromAggregateTracker - Pull Formulário da Vigilancia Hospitalar - Start pulling form and submissions
2025-12-16 08:23:51,527 [ForkJoinPool-13-worker-13] INFO  o.o.b.p.a.PullFromAggregateTracker - Pull Resultados de testagem das vigilâncias - Start pulling form and submissions
2025-12-16 08:23:51,533 [ForkJoinPool-13-worker-3] INFO  o.o.b.p.a.PullFromAggregateTracker - Pull Formulário da Vigilancia Hospitalar - Start pulling form and submissions
2025-12-16 08:23:51,509 [ForkJoinPool-13-worker-9] INFO  o.o.b.p.a.PullFromAggregateTracker - Pull Formulário da Vigilancia Hospitalar - Laboratório - Start pulling form and submissions
2025-12-16 08:23:51,524 [ForkJoinPool-13-worker-6] INFO  o.o.b.p.a.PullFromAggregateTracker - Pull VIGILÂNCIA  AMBIENTAL - Start pulling form and submissions
2025-12-16 08:23:51,531 [ForkJoinPool-13-worker-1] INFO  o.o.b.p.a.PullFromAggregateTracker - Pull Formulario da  Componente  Genomica (IDS) - Start pulling form and submissions
2025-12-16 08:23:51,509 [ForkJoinPool-13-worker-2] INFO  o.o.b.p.a.PullFromAggregateTracker - Pull Formulário da Vigilancia Hospitalar - Start pulling form and submissions
2025-12-16 08:23:51,528 [ForkJoinPool-13-worker-15] INFO  o.o.b.p.a.PullFromAggregateTracker - Pull Formulário da Vigilancia Hospitalar - Start pulling form and submissions
2025-12-16 08:23:51,516 [ForkJoinPool-13-worker-11] INFO  o.o.b.p.a.PullFromAggregateTracker - Pull Formulário da Vigilancia Comunitaria - Start pulling form and submissions
2025-12-16 08:23:51,532 [ForkJoinPool-13-worker-10] INFO  o.o.b.p.a.PullFromAggregateTracker - Pull Formulário da Vigilancia Comunitaria - Start pulling form and submissions
2025-12-16 08:23:51,532 [ForkJoinPool-13-worker-8] INFO  o.o.b.p.a.PullFromAggregateTracker - Pull Formulário da Vigilancia Hospitalar - Laboratório - Start pulling form and submissions
2025-12-16 08:23:51,545 [ForkJoinPool-13-worker-4] INFO  o.o.b.p.a.PullFromAggregateTracker - Pull Formulário da Vigilancia Hospitalar - Start downloading form
2025-12-16 08:23:51,545 [ForkJoinPool-13-worker-13] INFO  o.o.b.p.a.PullFromAggregateTracker - Pull Resultados de testagem das vigilâncias - Start downloading form
2025-12-16 08:23:51,545 [ForkJoinPool-13-worker-11] INFO  o.o.b.p.a.PullFromAggregateTracker - Pull Formulário da Vigilancia Comunitaria - Start downloading form
2025-12-16 08:23:51,545 [ForkJoinPool-13-worker-2] INFO  o.o.b.p.a.PullFromAggregateTracker - Pull Formulário da Vigilancia Hospitalar - Start downloading form
2025-12-16 08:23:51,545 [ForkJoinPool-13-worker-6] INFO  o.o.b.p.a.PullFromAggregateTracker - Pull VIGILÂNCIA  AMBIENTAL - Start downloading form
2025-12-16 08:23:51,545 [ForkJoinPool-13-worker-15] INFO  o.o.b.p.a.PullFromAggregateTracker - Pull Formulário da Vigilancia Hospitalar - Start downloading form
2025-12-16 08:23:51,545 [ForkJoinPool-13-worker-3] INFO  o.o.b.p.a.PullFromAggregateTracker - Pull Formulário da Vigilancia Hospitalar - Start downloading form
2025-12-16 08:23:51,545 [ForkJoinPool-13-worker-1] INFO  o.o.b.p.a.PullFromAggregateTracker - Pull Formulario da  Componente  Genomica (IDS) - Start downloading form
2025-12-16 08:23:51,545 [ForkJoinPool-13-worker-10] INFO  o.o.b.p.a.PullFromAggregateTracker - Pull Formulário da Vigilancia Comunitaria - Start downloading form
2025-12-16 08:23:51,545 [ForkJoinPool-13-worker-8] INFO  o.o.b.p.a.PullFromAggregateTracker - Pull Formulário da Vigilancia Hospitalar - Laboratório - Start downloading form
2025-12-16 08:23:51,545 [ForkJoinPool-13-worker-9] INFO  o.o.b.p.a.PullFromAggregateTracker - Pull Formulário da Vigilancia Hospitalar - Laboratório - Start downloading form
2025-12-16 08:23:53,546 [ForkJoinPool-13-worker-9] INFO  o.o.b.p.a.PullFromAggregateTracker - Pull Formulário da Vigilancia Hospitalar - Laboratório - Form downloaded
2025-12-16 08:23:53,548 [ForkJoinPool-13-worker-9] INFO  o.o.b.p.a.PullFromAggregateTracker - Pull Formulário da Vigilancia Hospitalar - Laboratório - Start getting form manifest
2025-12-16 08:23:53,654 [ForkJoinPool-13-worker-8] INFO  o.o.b.p.a.PullFromAggregateTracker - Pull Formulário da Vigilancia Hospitalar - Laboratório - Form downloaded
2025-12-16 08:23:53,655 [ForkJoinPool-13-worker-8] INFO  o.o.b.p.a.PullFromAggregateTracker - Pull Formulário da Vigilancia Hospitalar - Laboratório - Start getting submission IDs
2025-12-16 08:23:53,776 [ForkJoinPool-13-worker-6] INFO  o.o.b.p.a.PullFromAggregateTracker - Pull VIGILÂNCIA  AMBIENTAL - Form downloaded
2025-12-16 08:23:53,777 [ForkJoinPool-13-worker-6] INFO  o.o.b.p.a.PullFromAggregateTracker - Pull VIGILÂNCIA  AMBIENTAL - Start getting form manifest
2025-12-16 08:23:53,794 [ForkJoinPool-13-worker-1] INFO  o.o.b.p.a.PullFromAggregateTracker - Pull Formulario da  Componente  Genomica (IDS) - Form downloaded
2025-12-16 08:23:53,796 [ForkJoinPool-13-worker-1] INFO  o.o.b.p.a.PullFromAggregateTracker - Pull Formulario da  Componente  Genomica (IDS) - Start getting submission IDs
2025-12-16 08:23:54,091 [ForkJoinPool-13-worker-9] INFO  o.o.b.p.a.PullFromAggregateTracker - Pull Formulário da Vigilancia Hospitalar - Laboratório - Got the form manifest
2025-12-16 08:23:54,093 [ForkJoinPool-13-worker-9] INFO  o.o.b.p.a.PullFromAggregateTracker - Pull Formulário da Vigilancia Hospitalar - Laboratório - Skipping 1 form attachments that have been already downloaded
2025-12-16 08:23:54,093 [ForkJoinPool-13-worker-9] INFO  o.o.b.p.a.PullFromAggregateTracker - Pull Formulário da Vigilancia Hospitalar - Laboratório - Start getting submission IDs
2025-12-16 08:23:54,862 [ForkJoinPool-13-worker-6] INFO  o.o.b.p.a.PullFromAggregateTracker - Pull VIGILÂNCIA  AMBIENTAL - Got the form manifest
2025-12-16 08:23:54,863 [ForkJoinPool-13-worker-6] INFO  o.o.b.p.a.PullFromAggregateTracker - Pull VIGILÂNCIA  AMBIENTAL - Skipping 1 form attachments that have been already downloaded
2025-12-16 08:23:54,863 [ForkJoinPool-13-worker-6] INFO  o.o.b.p.a.PullFromAggregateTracker - Pull VIGILÂNCIA  AMBIENTAL - Start getting submission IDs
2025-12-16 08:23:55,060 [ForkJoinPool-13-worker-11] INFO  o.o.b.p.a.PullFromAggregateTracker - Pull Formulário da Vigilancia Comunitaria - Form downloaded
2025-12-16 08:23:55,062 [ForkJoinPool-13-worker-11] INFO  o.o.b.p.a.PullFromAggregateTracker - Pull Formulário da Vigilancia Comunitaria - Start getting form manifest
2025-12-16 08:23:55,175 [ForkJoinPool-13-worker-3] INFO  o.o.b.p.a.PullFromAggregateTracker - Pull Formulário da Vigilancia Hospitalar - Form downloaded
2025-12-16 08:23:55,176 [ForkJoinPool-13-worker-3] INFO  o.o.b.p.a.PullFromAggregateTracker - Pull Formulário da Vigilancia Hospitalar - Start getting submission IDs
2025-12-16 08:23:55,188 [ForkJoinPool-13-worker-4] INFO  o.o.b.p.a.PullFromAggregateTracker - Pull Formulário da Vigilancia Hospitalar - Form downloaded
2025-12-16 08:23:55,190 [ForkJoinPool-13-worker-4] INFO  o.o.b.p.a.PullFromAggregateTracker - Pull Formulário da Vigilancia Hospitalar - Start getting form manifest
2025-12-16 08:23:55,235 [ForkJoinPool-13-worker-1] INFO  o.o.b.p.a.PullFromAggregateTracker - Pull Formulario da  Componente  Genomica (IDS) - Got all the submission IDs
2025-12-16 08:23:55,318 [ForkJoinPool-13-worker-10] INFO  o.o.b.p.a.PullFromAggregateTracker - Pull Formulário da Vigilancia Comunitaria - Form downloaded
2025-12-16 08:23:55,319 [ForkJoinPool-13-worker-10] INFO  o.o.b.p.a.PullFromAggregateTracker - Pull Formulário da Vigilancia Comunitaria - Start getting submission IDs
2025-12-16 08:23:55,326 [ForkJoinPool-13-worker-1] INFO  o.o.b.p.a.PullFromAggregateTracker - Push Formulario da  Componente  Genomica (IDS) - There are no submissions to download
2025-12-16 08:23:55,379 [ForkJoinPool-13-worker-9] INFO  o.o.b.p.a.PullFromAggregateTracker - Pull Formulário da Vigilancia Hospitalar - Laboratório - Got all the submission IDs
2025-12-16 08:23:55,388 [ForkJoinPool-13-worker-9] INFO  o.o.b.p.a.PullFromAggregateTracker - Push Formulário da Vigilancia Hospitalar - Laboratório - There are no submissions to download
2025-12-16 08:23:55,563 [ForkJoinPool-13-worker-13] INFO  o.o.b.p.a.PullFromAggregateTracker - Pull Resultados de testagem das vigilâncias - Form downloaded
2025-12-16 08:23:55,563 [ForkJoinPool-13-worker-13] INFO  o.o.b.p.a.PullFromAggregateTracker - Pull Resultados de testagem das vigilâncias - Start getting form manifest
2025-12-16 08:23:55,577 [ForkJoinPool-13-worker-9] INFO  o.o.b.p.a.PullFromAggregateTracker - Pull Formulário da Vigilancia Hospitalar - Laboratório - Success
2025-12-16 08:23:55,605 [ForkJoinPool-13-worker-8] INFO  o.o.b.p.a.PullFromAggregateTracker - Pull Formulário da Vigilancia Hospitalar - Laboratório - Got all the submission IDs
2025-12-16 08:23:55,643 [ForkJoinPool-13-worker-1] INFO  o.o.b.p.a.PullFromAggregateTracker - Pull Formulario da  Componente  Genomica (IDS) - Success
2025-12-16 08:23:55,647 [ForkJoinPool-13-worker-11] INFO  o.o.b.p.a.PullFromAggregateTracker - Pull Formulário da Vigilancia Comunitaria - Got the form manifest
2025-12-16 08:23:55,650 [ForkJoinPool-13-worker-6] INFO  o.o.b.p.a.PullFromAggregateTracker - Pull VIGILÂNCIA  AMBIENTAL - Got all the submission IDs
2025-12-16 08:23:55,652 [ForkJoinPool-13-worker-11] INFO  o.o.b.p.a.PullFromAggregateTracker - Pull Formulário da Vigilancia Comunitaria - Skipping 1 form attachments that have been already downloaded
2025-12-16 08:23:55,650 [ForkJoinPool-13-worker-3] INFO  o.o.b.p.a.PullFromAggregateTracker - Pull Formulário da Vigilancia Hospitalar - Got all the submission IDs
2025-12-16 08:23:55,656 [ForkJoinPool-13-worker-11] INFO  o.o.b.p.a.PullFromAggregateTracker - Pull Formulário da Vigilancia Comunitaria - Start getting submission IDs
2025-12-16 08:23:55,664 [ForkJoinPool-13-worker-6] INFO  o.o.b.p.a.PullFromAggregateTracker - Push VIGILÂNCIA  AMBIENTAL - There are no submissions to download
2025-12-16 08:23:55,675 [ForkJoinPool-13-worker-6] INFO  o.o.b.p.a.PullFromAggregateTracker - Pull VIGILÂNCIA  AMBIENTAL - Success
2025-12-16 08:23:55,682 [ForkJoinPool-13-worker-1] INFO  o.o.b.p.a.PullFromAggregateTracker - Pull VIGILÂNCIA  AMBIENTAL - Start pulling form and submissions
2025-12-16 08:23:55,682 [ForkJoinPool-13-worker-9] INFO  o.o.b.p.a.PullFromAggregateTracker - Pull VIGILÂNCIA  AMBIENTAL - Start pulling form and submissions
2025-12-16 08:23:55,683 [ForkJoinPool-13-worker-6] INFO  o.o.b.p.a.PullFromAggregateTracker - Pull Formulário da Vigilancia Comunitaria - Start pulling form and submissions
2025-12-16 08:23:55,683 [ForkJoinPool-13-worker-1] INFO  o.o.b.p.a.PullFromAggregateTracker - Pull VIGILÂNCIA  AMBIENTAL - Start downloading form
2025-12-16 08:23:55,684 [ForkJoinPool-13-worker-9] INFO  o.o.b.p.a.PullFromAggregateTracker - Pull VIGILÂNCIA  AMBIENTAL - Start downloading form
2025-12-16 08:23:55,684 [ForkJoinPool-13-worker-6] INFO  o.o.b.p.a.PullFromAggregateTracker - Pull Formulário da Vigilancia Comunitaria - Start downloading form
2025-12-16 08:23:55,691 [ForkJoinPool-13-worker-8] INFO  o.o.b.p.a.PullFromAggregateTracker - Pull Formulário da Vigilancia Hospitalar - Laboratório - Start downloading submission 1 of 3
2025-12-16 08:23:55,708 [ForkJoinPool-13-worker-15] INFO  o.o.b.p.a.PullFromAggregateTracker - Pull Formulário da Vigilancia Hospitalar - Form downloaded
2025-12-16 08:23:55,709 [ForkJoinPool-13-worker-15] INFO  o.o.b.p.a.PullFromAggregateTracker - Pull Formulário da Vigilancia Hospitalar - Start getting form manifest
2025-12-16 08:23:55,765 [ForkJoinPool-13-worker-4] INFO  o.o.b.p.a.PullFromAggregateTracker - Pull Formulário da Vigilancia Hospitalar - Got the form manifest
2025-12-16 08:23:55,765 [ForkJoinPool-13-worker-4] INFO  o.o.b.p.a.PullFromAggregateTracker - Pull Formulário da Vigilancia Hospitalar - Skipping 1 form attachments that have been already downloaded
2025-12-16 08:23:55,766 [ForkJoinPool-13-worker-4] INFO  o.o.b.p.a.PullFromAggregateTracker - Pull Formulário da Vigilancia Hospitalar - Start getting submission IDs
2025-12-16 08:23:55,777 [ForkJoinPool-13-worker-3] INFO  o.o.b.p.a.PullFromAggregateTracker - Push Formulário da Vigilancia Hospitalar - There are no submissions to download
2025-12-16 08:23:55,782 [ForkJoinPool-13-worker-3] INFO  o.o.b.p.a.PullFromAggregateTracker - Pull Formulário da Vigilancia Hospitalar - Success
2025-12-16 08:23:55,791 [ForkJoinPool-13-worker-3] INFO  o.o.b.p.a.PullFromAggregateTracker - Pull Formulário da Vigilancia Hospitalar - Laboratório - Start downloading submission 2 of 3
2025-12-16 08:23:55,795 [ForkJoinPool-13-worker-2] INFO  o.o.b.p.a.PullFromAggregateTracker - Pull Formulário da Vigilancia Hospitalar - Form downloaded
2025-12-16 08:23:55,796 [ForkJoinPool-13-worker-2] INFO  o.o.b.p.a.PullFromAggregateTracker - Pull Formulário da Vigilancia Hospitalar - Start getting form manifest
2025-12-16 08:23:55,814 [ForkJoinPool-13-worker-10] INFO  o.o.b.p.a.PullFromAggregateTracker - Pull Formulário da Vigilancia Comunitaria - Got all the submission IDs
2025-12-16 08:23:55,836 [AWT-EventQueue-0] INFO  XFormParser - Reading XML and parsing with kXML2 finished in 18.421 ms
2025-12-16 08:23:56,595 [ForkJoinPool-13-worker-11] INFO  o.o.b.p.a.PullFromAggregateTracker - Pull Formulário da Vigilancia Comunitaria - Got all the submission IDs
2025-12-16 08:23:56,595 [ForkJoinPool-13-worker-4] INFO  o.o.b.p.a.PullFromAggregateTracker - Pull Formulário da Vigilancia Hospitalar - Got all the submission IDs
2025-12-16 08:23:56,601 [ForkJoinPool-13-worker-8] INFO  o.o.b.p.a.PullFromAggregateTracker - Pull Formulário da Vigilancia Hospitalar - Laboratório - Submission 1 of 3 downloaded
2025-12-16 08:23:56,602 [ForkJoinPool-13-worker-13] INFO  o.o.b.p.a.PullFromAggregateTracker - Pull Resultados de testagem das vigilâncias - Got the form manifest
2025-12-16 08:23:56,602 [ForkJoinPool-13-worker-15] INFO  o.o.b.p.a.PullFromAggregateTracker - Pull Formulário da Vigilancia Hospitalar - Got the form manifest
2025-12-16 08:23:56,602 [ForkJoinPool-13-worker-9] INFO  o.o.b.p.a.PullFromAggregateTracker - Pull VIGILÂNCIA  AMBIENTAL - Form downloaded
2025-12-16 08:23:56,606 [ForkJoinPool-13-worker-9] INFO  o.o.b.p.a.PullFromAggregateTracker - Pull VIGILÂNCIA  AMBIENTAL - Start getting submission IDs
2025-12-16 08:23:56,605 [ForkJoinPool-13-worker-13] INFO  o.o.b.p.a.PullFromAggregateTracker - Pull Resultados de testagem das vigilâncias - Skipping 1 form attachments that have been already downloaded
2025-12-16 08:23:56,605 [ForkJoinPool-13-worker-15] INFO  o.o.b.p.a.PullFromAggregateTracker - Pull Formulário da Vigilancia Hospitalar - Skipping 1 form attachments that have been already downloaded
2025-12-16 08:23:56,610 [ForkJoinPool-13-worker-13] INFO  o.o.b.p.a.PullFromAggregateTracker - Pull Resultados de testagem das vigilâncias - Start getting submission IDs
2025-12-16 08:23:56,610 [ForkJoinPool-13-worker-15] INFO  o.o.b.p.a.PullFromAggregateTracker - Pull Formulário da Vigilancia Hospitalar - Start getting submission IDs
2025-12-16 08:23:56,613 [ForkJoinPool-13-worker-1] INFO  o.o.b.p.a.PullFromAggregateTracker - Pull VIGILÂNCIA  AMBIENTAL - Form downloaded
2025-12-16 08:23:56,616 [ForkJoinPool-13-worker-8] INFO  o.o.b.p.a.PullFromAggregateTracker - Pull Formulário da Vigilancia Hospitalar - Laboratório - Start downloading submission 3 of 3
2025-12-16 08:23:56,619 [ForkJoinPool-13-worker-1] INFO  o.o.b.p.a.PullFromAggregateTracker - Pull VIGILÂNCIA  AMBIENTAL - Start getting submission IDs
2025-12-16 08:23:56,668 [AWT-EventQueue-0] INFO  XFormParser - Consolidating text finished in 829.403 ms
2025-12-16 08:23:56,669 [AWT-EventQueue-0] INFO  XFormParser - Parsing form...
2025-12-16 08:23:56,669 [AWT-EventQueue-0] INFO  XFormParser - Title: "Formulário da Vigilancia Comunitaria"
2025-12-16 08:23:56,669 [AWT-EventQueue-0] WARN  XFormParser - XForm Parse Warning: Warning: 1 Unrecognized attributes found in Element [model] and will be ignored: [xforms-version] 
    Problem found at nodeset: /html/head/model
    With element <model xforms-version="1.0.0"><instance><data id="Comunidade_v2" version="2" prefix="Comunidade_v2" delimiter="$">...

2025-12-16 08:23:56,673 [ForkJoinPool-13-worker-10] INFO  o.o.b.p.a.PullFromAggregateTracker - Push Formulário da Vigilancia Comunitaria - There are no submissions to download
2025-12-16 08:23:56,686 [ForkJoinPool-13-worker-10] INFO  o.o.b.p.a.PullFromAggregateTracker - Pull Formulário da Vigilancia Comunitaria - Success
2025-12-16 08:23:56,688 [ForkJoinPool-13-worker-10] INFO  o.o.b.p.a.PullFromAggregateTracker - Pull Formulário da Vigilancia Hospitalar - Start pulling form and submissions
2025-12-16 08:23:56,688 [ForkJoinPool-13-worker-10] INFO  o.o.b.p.a.PullFromAggregateTracker - Pull Formulário da Vigilancia Hospitalar - Start downloading form
2025-12-16 08:23:56,755 [ForkJoinPool-13-worker-11] INFO  o.o.b.p.a.PullFromAggregateTracker - Push Formulário da Vigilancia Comunitaria - There are no submissions to download
2025-12-16 08:23:56,757 [ForkJoinPool-13-worker-4] INFO  o.o.b.p.a.PullFromAggregateTracker - Push Formulário da Vigilancia Hospitalar - There are no submissions to download
2025-12-16 08:23:56,847 [ForkJoinPool-13-worker-11] INFO  o.o.b.p.a.PullFromAggregateTracker - Pull Formulário da Vigilancia Comunitaria - Success
2025-12-16 08:23:56,848 [ForkJoinPool-13-worker-4] INFO  o.o.b.p.a.PullFromAggregateTracker - Pull Formulário da Vigilancia Hospitalar - Success
2025-12-16 08:23:56,850 [ForkJoinPool-13-worker-11] INFO  o.o.b.p.a.PullFromAggregateTracker - Pull VIGILÂNCIA  AMBIENTAL - Start pulling form and submissions
2025-12-16 08:23:56,850 [ForkJoinPool-13-worker-11] INFO  o.o.b.p.a.PullFromAggregateTracker - Pull VIGILÂNCIA  AMBIENTAL - Start downloading form
2025-12-16 08:23:56,850 [ForkJoinPool-13-worker-4] INFO  o.o.b.p.a.PullFromAggregateTracker - Pull Formulário da Vigilancia Comunitaria - Start pulling form and submissions
2025-12-16 08:23:56,850 [ForkJoinPool-13-worker-4] INFO  o.o.b.p.a.PullFromAggregateTracker - Pull Formulário da Vigilancia Comunitaria - Start downloading form
2025-12-16 08:23:56,880 [AWT-EventQueue-0] INFO  XFormParser - Creating FormDef from parsed XML finished in 207.823 ms
2025-12-16 08:23:56,924 [AWT-EventQueue-0] INFO  XFormParser - Reading XML and parsing with kXML2 finished in 27.221 ms
2025-12-16 08:23:56,936 [AWT-EventQueue-0] INFO  XFormParser - Consolidating text finished in 9.014 ms
2025-12-16 08:23:56,936 [AWT-EventQueue-0] INFO  XFormParser - Parsing form...
2025-12-16 08:23:56,936 [AWT-EventQueue-0] INFO  XFormParser - Title: "Formulário da Vigilancia Hospitalar"
2025-12-16 08:23:56,937 [AWT-EventQueue-0] WARN  XFormParser - XForm Parse Warning: Warning: 1 Unrecognized attributes found in Element [model] and will be ignored: [xforms-version] 
    Problem found at nodeset: /html/head/model
    With element <model xforms-version="1.0.0"><instance><data id="hospitalar" version="1" prefix="Hospitalar" delimiter="$">...

2025-12-16 08:23:56,997 [AWT-EventQueue-0] INFO  XFormParser - Creating FormDef from parsed XML finished in 62.155 ms
2025-12-16 08:23:57,014 [ForkJoinPool-13-worker-6] INFO  o.o.b.p.a.PullFromAggregateTracker - Pull Formulário da Vigilancia Comunitaria - Form downloaded
2025-12-16 08:23:57,018 [ForkJoinPool-13-worker-6] INFO  o.o.b.p.a.PullFromAggregateTracker - Pull Formulário da Vigilancia Comunitaria - Start getting submission IDs
2025-12-16 08:23:57,027 [ForkJoinPool-13-worker-2] INFO  o.o.b.p.a.PullFromAggregateTracker - Pull Formulário da Vigilancia Hospitalar - Got the form manifest
2025-12-16 08:23:57,027 [ForkJoinPool-13-worker-2] INFO  o.o.b.p.a.PullFromAggregateTracker - Pull Formulário da Vigilancia Hospitalar - Skipping 1 form attachments that have been already downloaded
2025-12-16 08:23:57,027 [ForkJoinPool-13-worker-2] INFO  o.o.b.p.a.PullFromAggregateTracker - Pull Formulário da Vigilancia Hospitalar - Start getting submission IDs
2025-12-16 08:23:57,034 [ForkJoinPool-13-worker-9] INFO  o.o.b.p.a.PullFromAggregateTracker - Pull VIGILÂNCIA  AMBIENTAL - Got all the submission IDs
2025-12-16 08:23:57,034 [ForkJoinPool-13-worker-3] INFO  o.o.b.p.a.PullFromAggregateTracker - Pull Formulário da Vigilancia Hospitalar - Laboratório - Submission 2 of 3 downloaded
2025-12-16 08:23:57,036 [ForkJoinPool-13-worker-3] INFO  o.o.b.p.a.PullFromAggregateTracker - Pull Formulário da Vigilancia Hospitalar - Start pulling form and submissions
2025-12-16 08:23:57,036 [ForkJoinPool-13-worker-3] INFO  o.o.b.p.a.PullFromAggregateTracker - Pull Formulário da Vigilancia Hospitalar - Start downloading form
2025-12-16 08:23:57,041 [ForkJoinPool-13-worker-13] INFO  o.o.b.p.a.PullFromAggregateTracker - Pull Resultados de testagem das vigilâncias - Got all the submission IDs
2025-12-16 08:23:57,041 [ForkJoinPool-13-worker-15] INFO  o.o.b.p.a.PullFromAggregateTracker - Pull Formulário da Vigilancia Hospitalar - Got all the submission IDs
2025-12-16 08:23:57,043 [ForkJoinPool-13-worker-9] INFO  o.o.b.p.a.PullFromAggregateTracker - Push VIGILÂNCIA  AMBIENTAL - There are no submissions to download
2025-12-16 08:23:57,043 [ForkJoinPool-13-worker-8] INFO  o.o.b.p.a.PullFromAggregateTracker - Pull Formulário da Vigilancia Hospitalar - Laboratório - Submission 3 of 3 downloaded
2025-12-16 08:23:57,044 [ForkJoinPool-13-worker-1] INFO  o.o.b.p.a.PullFromAggregateTracker - Pull VIGILÂNCIA  AMBIENTAL - Got all the submission IDs
2025-12-16 08:23:57,047 [ForkJoinPool-13-worker-1] INFO  o.o.b.p.a.PullFromAggregateTracker - Push VIGILÂNCIA  AMBIENTAL - There are no submissions to download
2025-12-16 08:23:57,051 [AWT-EventQueue-0] INFO  XFormParser - Reading XML and parsing with kXML2 finished in 0.908 ms
2025-12-16 08:23:57,053 [AWT-EventQueue-0] INFO  XFormParser - Consolidating text finished in 0.883 ms
2025-12-16 08:23:57,053 [AWT-EventQueue-0] INFO  XFormParser - Parsing form...
2025-12-16 08:23:57,053 [AWT-EventQueue-0] INFO  XFormParser - Title: "VIGILÂNCIA  AMBIENTAL"
2025-12-16 08:23:57,053 [AWT-EventQueue-0] WARN  XFormParser - XForm Parse Warning: Warning: 1 Unrecognized attributes found in Element [model] and will be ignored: [xforms-version] 
    Problem found at nodeset: /html/head/model
    With element <model xforms-version="1.0.0"><instance><data id="VIGILÂNCIA  AMBIENTAL_v3" version="3" prefix="VIGILÂNCIA  AMBIENTAL_v3" delimiter="$">...

2025-12-16 08:23:57,095 [ForkJoinPool-13-worker-9] INFO  o.o.b.p.a.PullFromAggregateTracker - Pull VIGILÂNCIA  AMBIENTAL - Success
2025-12-16 08:23:57,095 [ForkJoinPool-13-worker-8] INFO  o.o.b.p.a.PullFromAggregateTracker - Pull Formulário da Vigilancia Hospitalar - Laboratório - Success
2025-12-16 08:23:57,130 [ForkJoinPool-13-worker-13] INFO  o.o.b.p.a.PullFromAggregateTracker - Push Resultados de testagem das vigilâncias - There are no submissions to download
2025-12-16 08:23:57,130 [AWT-EventQueue-0] INFO  XFormParser - Creating FormDef from parsed XML finished in 76.747 ms
2025-12-16 08:23:57,182 [ForkJoinPool-13-worker-1] INFO  o.o.b.p.a.PullFromAggregateTracker - Pull VIGILÂNCIA  AMBIENTAL - Success
2025-12-16 08:23:57,186 [ForkJoinPool-13-worker-15] INFO  o.o.b.p.a.PullFromAggregateTracker - Push Formulário da Vigilancia Hospitalar - There are no submissions to download
2025-12-16 08:23:57,221 [ForkJoinPool-13-worker-13] INFO  o.o.b.p.a.PullFromAggregateTracker - Pull Resultados de testagem das vigilâncias - Success
2025-12-16 08:23:57,234 [ForkJoinPool-13-worker-15] INFO  o.o.b.p.a.PullFromAggregateTracker - Pull Formulário da Vigilancia Hospitalar - Success
2025-12-16 08:23:57,302 [ForkJoinPool-13-worker-11] INFO  o.o.b.p.a.PullFromAggregateTracker - Pull VIGILÂNCIA  AMBIENTAL - Form downloaded
2025-12-16 08:23:57,302 [ForkJoinPool-13-worker-11] INFO  o.o.b.p.a.PullFromAggregateTracker - Pull VIGILÂNCIA  AMBIENTAL - Start getting submission IDs
2025-12-16 08:23:57,365 [AWT-EventQueue-0] INFO  XFormParser - Reading XML and parsing with kXML2 finished in 21.027 ms
2025-12-16 08:23:57,373 [AWT-EventQueue-0] INFO  XFormParser - Consolidating text finished in 8.785 ms
2025-12-16 08:23:57,373 [AWT-EventQueue-0] INFO  XFormParser - Parsing form...
2025-12-16 08:23:57,375 [AWT-EventQueue-0] INFO  XFormParser - Title: "Formulário da Vigilancia Comunitaria"
2025-12-16 08:23:57,375 [AWT-EventQueue-0] WARN  XFormParser - XForm Parse Warning: Warning: 1 Unrecognized attributes found in Element [model] and will be ignored: [xforms-version] 
    Problem found at nodeset: /html/head/model
    With element <model xforms-version="1.0.0"><instance><data id="Comunidade_v3" version="1" prefix="Comunidade_v3" delimiter="$">...

2025-12-16 08:23:57,434 [AWT-EventQueue-0] INFO  XFormParser - Creating FormDef from parsed XML finished in 59.889 ms
2025-12-16 08:23:57,455 [AWT-EventQueue-0] INFO  XFormParser - Reading XML and parsing with kXML2 finished in 0.828 ms
2025-12-16 08:23:57,459 [AWT-EventQueue-0] INFO  XFormParser - Consolidating text finished in 0.380 ms
2025-12-16 08:23:57,463 [AWT-EventQueue-0] INFO  XFormParser - Parsing form...
2025-12-16 08:23:57,463 [AWT-EventQueue-0] INFO  XFormParser - Title: "VIGILÂNCIA  AMBIENTAL"
2025-12-16 08:23:57,463 [AWT-EventQueue-0] WARN  XFormParser - XForm Parse Warning: Warning: 1 Unrecognized attributes found in Element [model] and will be ignored: [xforms-version] 
    Problem found at nodeset: /html/head/model
    With element <model xforms-version="1.0.0"><instance><data id="VIGILÂNCIA AMBIENTAL_v4" version="4" prefix="VIGILÂNCIA AMBIENTAL_v4" delimiter="$">...

2025-12-16 08:23:57,472 [AWT-EventQueue-0] INFO  XFormParser - Creating FormDef from parsed XML finished in 10.117 ms
2025-12-16 08:23:57,576 [ForkJoinPool-13-worker-6] INFO  o.o.b.p.a.PullFromAggregateTracker - Pull Formulário da Vigilancia Comunitaria - Got all the submission IDs
2025-12-16 08:23:57,617 [ForkJoinPool-13-worker-2] INFO  o.o.b.p.a.PullFromAggregateTracker - Pull Formulário da Vigilancia Hospitalar - Got all the submission IDs
2025-12-16 08:23:57,698 [ForkJoinPool-13-worker-6] INFO  o.o.b.p.a.PullFromAggregateTracker - Push Formulário da Vigilancia Comunitaria - There are no submissions to download
2025-12-16 08:23:57,712 [ForkJoinPool-13-worker-2] INFO  o.o.b.p.a.PullFromAggregateTracker - Push Formulário da Vigilancia Hospitalar - There are no submissions to download
2025-12-16 08:23:57,735 [ForkJoinPool-13-worker-2] INFO  o.o.b.p.a.PullFromAggregateTracker - Pull Formulário da Vigilancia Hospitalar - Success
2025-12-16 08:23:57,737 [ForkJoinPool-13-worker-6] INFO  o.o.b.p.a.PullFromAggregateTracker - Pull Formulário da Vigilancia Comunitaria - Success
2025-12-16 08:23:57,792 [ForkJoinPool-13-worker-11] INFO  o.o.b.p.a.PullFromAggregateTracker - Pull VIGILÂNCIA  AMBIENTAL - Got all the submission IDs
2025-12-16 08:23:57,803 [ForkJoinPool-13-worker-11] INFO  o.o.b.p.a.PullFromAggregateTracker - Push VIGILÂNCIA  AMBIENTAL - There are no submissions to download
2025-12-16 08:23:57,806 [ForkJoinPool-13-worker-11] INFO  o.o.b.p.a.PullFromAggregateTracker - Pull VIGILÂNCIA  AMBIENTAL - Success
2025-12-16 08:23:58,139 [ForkJoinPool-13-worker-10] INFO  o.o.b.p.a.PullFromAggregateTracker - Pull Formulário da Vigilancia Hospitalar - Form downloaded
2025-12-16 08:23:58,139 [ForkJoinPool-13-worker-3] INFO  o.o.b.p.a.PullFromAggregateTracker - Pull Formulário da Vigilancia Hospitalar - Form downloaded
2025-12-16 08:23:58,141 [ForkJoinPool-13-worker-10] INFO  o.o.b.p.a.PullFromAggregateTracker - Pull Formulário da Vigilancia Hospitalar - Start getting submission IDs
2025-12-16 08:23:58,141 [ForkJoinPool-13-worker-3] INFO  o.o.b.p.a.PullFromAggregateTracker - Pull Formulário da Vigilancia Hospitalar - Start getting submission IDs
2025-12-16 08:23:58,185 [AWT-EventQueue-0] INFO  XFormParser - Reading XML and parsing with kXML2 finished in 25.477 ms
2025-12-16 08:23:58,194 [AWT-EventQueue-0] INFO  XFormParser - Consolidating text finished in 8.036 ms
2025-12-16 08:23:58,194 [AWT-EventQueue-0] INFO  XFormParser - Parsing form...
2025-12-16 08:23:58,194 [AWT-EventQueue-0] INFO  XFormParser - Title: "Formulário da Vigilancia Hospitalar"
2025-12-16 08:23:58,195 [AWT-EventQueue-0] WARN  XFormParser - XForm Parse Warning: Warning: 1 Unrecognized attributes found in Element [model] and will be ignored: [xforms-version] 
    Problem found at nodeset: /html/head/model
    With element <model xforms-version="1.0.0"><instance><data id="hospitalar_v5" version="1" prefix="hospitalar_v5" delimiter="$">...

2025-12-16 08:23:58,246 [AWT-EventQueue-0] INFO  XFormParser - Creating FormDef from parsed XML finished in 50.786 ms
2025-12-16 08:23:58,325 [AWT-EventQueue-0] INFO  XFormParser - Reading XML and parsing with kXML2 finished in 15.182 ms
2025-12-16 08:23:58,331 [AWT-EventQueue-0] INFO  XFormParser - Consolidating text finished in 5.294 ms
2025-12-16 08:23:58,331 [AWT-EventQueue-0] INFO  XFormParser - Parsing form...
2025-12-16 08:23:58,332 [AWT-EventQueue-0] INFO  XFormParser - Title: "Formulário da Vigilancia Hospitalar"
2025-12-16 08:23:58,332 [AWT-EventQueue-0] WARN  XFormParser - XForm Parse Warning: Warning: 1 Unrecognized attributes found in Element [model] and will be ignored: [xforms-version] 
    Problem found at nodeset: /html/head/model
    With element <model xforms-version="1.0.0"><instance><data id="hospitalar_v5" version="1" prefix="hospitalar_v5" delimiter="$">...

2025-12-16 08:23:58,390 [AWT-EventQueue-0] INFO  XFormParser - Creating FormDef from parsed XML finished in 58.499 ms
2025-12-16 08:23:58,645 [ForkJoinPool-13-worker-3] INFO  o.o.b.p.a.PullFromAggregateTracker - Pull Formulário da Vigilancia Hospitalar - Got all the submission IDs
2025-12-16 08:23:58,659 [ForkJoinPool-13-worker-10] INFO  o.o.b.p.a.PullFromAggregateTracker - Pull Formulário da Vigilancia Hospitalar - Got all the submission IDs
2025-12-16 08:23:58,759 [ForkJoinPool-13-worker-3] INFO  o.o.b.p.a.PullFromAggregateTracker - Push Formulário da Vigilancia Hospitalar - There are no submissions to download
2025-12-16 08:23:58,763 [ForkJoinPool-13-worker-3] INFO  o.o.b.p.a.PullFromAggregateTracker - Pull Formulário da Vigilancia Hospitalar - Success
2025-12-16 08:23:58,777 [ForkJoinPool-13-worker-10] INFO  o.o.b.p.a.PullFromAggregateTracker - Push Formulário da Vigilancia Hospitalar - There are no submissions to download
2025-12-16 08:23:58,779 [ForkJoinPool-13-worker-10] INFO  o.o.b.p.a.PullFromAggregateTracker - Pull Formulário da Vigilancia Hospitalar - Success
2025-12-16 08:23:59,191 [ForkJoinPool-13-worker-4] INFO  o.o.b.p.a.PullFromAggregateTracker - Pull Formulário da Vigilancia Comunitaria - Form downloaded
2025-12-16 08:23:59,193 [ForkJoinPool-13-worker-4] INFO  o.o.b.p.a.PullFromAggregateTracker - Pull Formulário da Vigilancia Comunitaria - Start getting submission IDs
2025-12-16 08:23:59,460 [ForkJoinPool-13-worker-4] INFO  o.o.b.p.a.PullFromAggregateTracker - Pull Formulário da Vigilancia Comunitaria - Got all the submission IDs
2025-12-16 08:23:59,524 [ForkJoinPool-13-worker-4] INFO  o.o.b.p.a.PullFromAggregateTracker - Push Formulário da Vigilancia Comunitaria - There are no submissions to download
2025-12-16 08:23:59,526 [ForkJoinPool-13-worker-4] INFO  o.o.b.p.a.PullFromAggregateTracker - Pull Formulário da Vigilancia Comunitaria - Success
2025-12-16 08:23:59,634 [AWT-EventQueue-0] INFO  XFormParser - Reading XML and parsing with kXML2 finished in 29.708 ms
2025-12-16 08:23:59,646 [AWT-EventQueue-0] INFO  XFormParser - Consolidating text finished in 10.116 ms
2025-12-16 08:23:59,646 [AWT-EventQueue-0] INFO  XFormParser - Parsing form...
2025-12-16 08:23:59,646 [AWT-EventQueue-0] INFO  XFormParser - Title: "Formulário da Vigilancia Comunitaria"
2025-12-16 08:23:59,646 [AWT-EventQueue-0] WARN  XFormParser - XForm Parse Warning: Warning: 1 Unrecognized attributes found in Element [model] and will be ignored: [xforms-version] 
    Problem found at nodeset: /html/head/model
    With element <model xforms-version="1.0.0"><instance><data id="Comunidade_v4" version="1" prefix="Comunidade_v4" delimiter="$">...

2025-12-16 08:23:59,697 [AWT-EventQueue-0] INFO  XFormParser - Creating FormDef from parsed XML finished in 50.485 ms
2025-12-16 08:25:06,409 [Thread-17] INFO  org.javarosa.core.model.FormDef - Dynamic select question has no choices! [instance(dis)/root/item]. If this occurs while filling out a form (and not while saving an incomplete form), the filter condition may have eliminated all the choices. Is that what you intended?
2025-12-16 08:25:06,420 [Thread-17] INFO  org.javarosa.core.model.FormDef - Dynamic select question has no choices! [instance(bairro)/root/item]. If this occurs while filling out a form (and not while saving an incomplete form), the filter condition may have eliminated all the choices. Is that what you intended?
2025-12-16 08:25:06,559 [Thread-17] INFO  org.javarosa.core.model.FormDef - Dynamic select question has no choices! [instance(Distrito_option_type)/root/item]. If this occurs while filling out a form (and not while saving an incomplete form), the filter condition may have eliminated all the choices. Is that what you intended?
2025-12-16 08:25:06,579 [Thread-17] INFO  org.javarosa.core.model.FormDef - Dynamic select question has no choices! [instance(Unidade_sanitaria_options)/root/item]. If this occurs while filling out a form (and not while saving an incomplete form), the filter condition may have eliminated all the choices. Is that what you intended?
2025-12-16 08:25:06,583 [Thread-17] INFO  org.javarosa.core.model.FormDef - Dynamic select question has no choices! [instance(tipo_amostra_options)/root/item]. If this occurs while filling out a form (and not while saving an incomplete form), the filter condition may have eliminated all the choices. Is that what you intended?
2025-12-16 08:25:06,621 [Thread-17] INFO  org.javarosa.core.model.FormDef - Dynamic select question has no choices! [instance(Distrito_option_type)/root/item]. If this occurs while filling out a form (and not while saving an incomplete form), the filter condition may have eliminated all the choices. Is that what you intended?
2025-12-16 08:25:06,894 [Thread-17] INFO  org.javarosa.core.model.FormDef - Dynamic select question has no choices! [instance(dis)/root/item]. If this occurs while filling out a form (and not while saving an incomplete form), the filter condition may have eliminated all the choices. Is that what you intended?
2025-12-16 08:25:06,906 [Thread-17] INFO  org.javarosa.core.model.FormDef - Dynamic select question has no choices! [instance(bairro)/root/item]. If this occurs while filling out a form (and not while saving an incomplete form), the filter condition may have eliminated all the choices. Is that what you intended?
2025-12-16 08:25:07,138 [ForkJoinPool-14-worker-2] INFO  o.o.b.export.ExportProcessTracker - Exported in 00:00:00.6377086
2025-12-16 08:25:07,234 [ForkJoinPool-14-worker-4] INFO  o.o.b.export.ExportProcessTracker - Exported in 00:00:00.626815
2025-12-16 08:25:08,784 [ForkJoinPool-14-worker-13] INFO  o.o.b.export.ExportProcessTracker - Exported in 00:00:02.13543
2025-12-16 08:25:19,303 [ForkJoinPool-14-worker-10] INFO  o.o.b.export.ExportProcessTracker - Exported in 00:00:12.2502779
2025-12-16 08:25:19,528 [ForkJoinPool-14-worker-9] INFO  o.o.b.export.ExportProcessTracker - Exported in 00:00:13.0891563
2025-12-16 08:25:24,738 [ForkJoinPool-14-worker-3] INFO  o.o.b.export.ExportProcessTracker - Exported in 00:00:18.0396482
2025-12-16 08:25:27,085 [ForkJoinPool-14-worker-11] INFO  o.o.b.export.ExportProcessTracker - Exported in 00:00:20.4859326
2025-12-16 10:05:34,928 [ForkJoinPool-15-worker-3] INFO  o.o.b.p.a.PullFromAggregateTracker - Pull Formulário da Vigilancia Hospitalar - Start pulling form and submissions
2025-12-16 10:05:34,926 [ForkJoinPool-15-worker-10] INFO  o.o.b.p.a.PullFromAggregateTracker - Pull Formulário da Vigilancia Comunitaria - Start pulling form and submissions
2025-12-16 10:05:34,925 [ForkJoinPool-15-worker-13] INFO  o.o.b.p.a.PullFromAggregateTracker - Pull VIGILÂNCIA  AMBIENTAL - Start pulling form and submissions
2025-12-16 10:05:34,925 [ForkJoinPool-15-worker-15] INFO  o.o.b.p.a.PullFromAggregateTracker - Pull Resultados de testagem das vigilâncias - Start pulling form and submissions
2025-12-16 10:05:34,928 [ForkJoinPool-15-worker-1] INFO  o.o.b.p.a.PullFromAggregateTracker - Pull Formulário da Vigilancia Hospitalar - Laboratório - Start pulling form and submissions
2025-12-16 10:05:34,926 [ForkJoinPool-15-worker-6] INFO  o.o.b.p.a.PullFromAggregateTracker - Pull Formulário da Vigilancia Hospitalar - Start pulling form and submissions
2025-12-16 10:05:34,926 [ForkJoinPool-15-worker-8] INFO  o.o.b.p.a.PullFromAggregateTracker - Pull Formulario da  Componente  Genomica (IDS) - Start pulling form and submissions
2025-12-16 10:05:34,923 [ForkJoinPool-15-worker-9] INFO  o.o.b.p.a.PullFromAggregateTracker - Pull Formulário da Vigilancia Hospitalar - Start pulling form and submissions
2025-12-16 10:05:34,923 [ForkJoinPool-15-worker-11] INFO  o.o.b.p.a.PullFromAggregateTracker - Pull Formulário da Vigilancia Hospitalar - Start pulling form and submissions
2025-12-16 10:05:34,923 [ForkJoinPool-15-worker-4] INFO  o.o.b.p.a.PullFromAggregateTracker - Pull Formulário da Vigilancia Comunitaria - Start pulling form and submissions
2025-12-16 10:05:34,923 [ForkJoinPool-15-worker-2] INFO  o.o.b.p.a.PullFromAggregateTracker - Pull Formulário da Vigilancia Hospitalar - Laboratório - Start pulling form and submissions
2025-12-16 10:05:34,930 [ForkJoinPool-15-worker-2] INFO  o.o.b.p.a.PullFromAggregateTracker - Pull Formulário da Vigilancia Hospitalar - Laboratório - Start downloading form
2025-12-16 10:05:34,930 [ForkJoinPool-15-worker-4] INFO  o.o.b.p.a.PullFromAggregateTracker - Pull Formulário da Vigilancia Comunitaria - Start downloading form
2025-12-16 10:05:34,930 [ForkJoinPool-15-worker-10] INFO  o.o.b.p.a.PullFromAggregateTracker - Pull Formulário da Vigilancia Comunitaria - Start downloading form
2025-12-16 10:05:34,930 [ForkJoinPool-15-worker-8] INFO  o.o.b.p.a.PullFromAggregateTracker - Pull Formulario da  Componente  Genomica (IDS) - Start downloading form
2025-12-16 10:05:34,930 [ForkJoinPool-15-worker-11] INFO  o.o.b.p.a.PullFromAggregateTracker - Pull Formulário da Vigilancia Hospitalar - Start downloading form
2025-12-16 10:05:34,930 [ForkJoinPool-15-worker-3] INFO  o.o.b.p.a.PullFromAggregateTracker - Pull Formulário da Vigilancia Hospitalar - Start downloading form
2025-12-16 10:05:34,930 [ForkJoinPool-15-worker-13] INFO  o.o.b.p.a.PullFromAggregateTracker - Pull VIGILÂNCIA  AMBIENTAL - Start downloading form
2025-12-16 10:05:34,930 [ForkJoinPool-15-worker-1] INFO  o.o.b.p.a.PullFromAggregateTracker - Pull Formulário da Vigilancia Hospitalar - Laboratório - Start downloading form
2025-12-16 10:05:34,930 [ForkJoinPool-15-worker-9] INFO  o.o.b.p.a.PullFromAggregateTracker - Pull Formulário da Vigilancia Hospitalar - Start downloading form
2025-12-16 10:05:34,930 [ForkJoinPool-15-worker-6] INFO  o.o.b.p.a.PullFromAggregateTracker - Pull Formulário da Vigilancia Hospitalar - Start downloading form
2025-12-16 10:05:34,933 [ForkJoinPool-15-worker-15] INFO  o.o.b.p.a.PullFromAggregateTracker - Pull Resultados de testagem das vigilâncias - Start downloading form
2025-12-16 10:05:36,373 [ForkJoinPool-15-worker-1] INFO  o.o.b.p.a.PullFromAggregateTracker - Pull Formulário da Vigilancia Hospitalar - Laboratório - Form downloaded
2025-12-16 10:05:36,373 [ForkJoinPool-15-worker-2] INFO  o.o.b.p.a.PullFromAggregateTracker - Pull Formulário da Vigilancia Hospitalar - Laboratório - Form downloaded
2025-12-16 10:05:36,374 [ForkJoinPool-15-worker-1] INFO  o.o.b.p.a.PullFromAggregateTracker - Pull Formulário da Vigilancia Hospitalar - Laboratório - Start getting submission IDs
2025-12-16 10:05:36,374 [ForkJoinPool-15-worker-2] INFO  o.o.b.p.a.PullFromAggregateTracker - Pull Formulário da Vigilancia Hospitalar - Laboratório - Start getting form manifest
2025-12-16 10:05:36,661 [ForkJoinPool-15-worker-13] INFO  o.o.b.p.a.PullFromAggregateTracker - Pull VIGILÂNCIA  AMBIENTAL - Form downloaded
2025-12-16 10:05:36,661 [ForkJoinPool-15-worker-13] INFO  o.o.b.p.a.PullFromAggregateTracker - Pull VIGILÂNCIA  AMBIENTAL - Start getting form manifest
2025-12-16 10:05:36,670 [ForkJoinPool-15-worker-8] INFO  o.o.b.p.a.PullFromAggregateTracker - Pull Formulario da  Componente  Genomica (IDS) - Form downloaded
2025-12-16 10:05:36,673 [ForkJoinPool-15-worker-8] INFO  o.o.b.p.a.PullFromAggregateTracker - Pull Formulario da  Componente  Genomica (IDS) - Start getting submission IDs
2025-12-16 10:05:36,975 [ForkJoinPool-15-worker-2] INFO  o.o.b.p.a.PullFromAggregateTracker - Pull Formulário da Vigilancia Hospitalar - Laboratório - Got the form manifest
2025-12-16 10:05:36,975 [ForkJoinPool-15-worker-2] INFO  o.o.b.p.a.PullFromAggregateTracker - Pull Formulário da Vigilancia Hospitalar - Laboratório - Skipping 1 form attachments that have been already downloaded
2025-12-16 10:05:36,975 [ForkJoinPool-15-worker-2] INFO  o.o.b.p.a.PullFromAggregateTracker - Pull Formulário da Vigilancia Hospitalar - Laboratório - Start getting submission IDs
2025-12-16 10:05:37,623 [ForkJoinPool-15-worker-1] INFO  o.o.b.p.a.PullFromAggregateTracker - Pull Formulário da Vigilancia Hospitalar - Laboratório - Got all the submission IDs
2025-12-16 10:05:37,630 [ForkJoinPool-15-worker-1] INFO  o.o.b.p.a.PullFromAggregateTracker - Push Formulário da Vigilancia Hospitalar - Laboratório - There are no submissions to download
2025-12-16 10:05:37,707 [ForkJoinPool-15-worker-1] INFO  o.o.b.p.a.PullFromAggregateTracker - Pull Formulário da Vigilancia Hospitalar - Laboratório - Success
2025-12-16 10:05:37,723 [ForkJoinPool-15-worker-1] INFO  o.o.b.p.a.PullFromAggregateTracker - Pull VIGILÂNCIA  AMBIENTAL - Start pulling form and submissions
2025-12-16 10:05:37,723 [ForkJoinPool-15-worker-1] INFO  o.o.b.p.a.PullFromAggregateTracker - Pull VIGILÂNCIA  AMBIENTAL - Start downloading form
2025-12-16 10:05:37,787 [AWT-EventQueue-0] ERROR XFormParser - XML Syntax Error at Line: 1, Column: 10266!
org.xmlpull.v1.XmlPullParserException: element stack empty (position:END_TAG </input>@1:10266 in java.io.StringReader@f8c6cf) 
	at org.kxml2.io.KXmlParser.exception(Unknown Source)
	at org.kxml2.io.KXmlParser.error(Unknown Source)
	at org.kxml2.io.KXmlParser.parseEndTag(Unknown Source)
	at org.kxml2.io.KXmlParser.nextImpl(Unknown Source)
	at org.kxml2.io.KXmlParser.nextToken(Unknown Source)
	at org.kxml2.kdom.Element.parse(Unknown Source)
	at org.kxml2.kdom.Node.parse(Unknown Source)
	at org.kxml2.kdom.Document.parse(Unknown Source)
	at org.javarosa.xform.parse.XFormParser.getXMLDocument(XFormParser.java:444)
	at org.javarosa.xform.parse.XFormParser.getXMLDocument(XFormParser.java:414)
	at org.opendatakit.aggregate.parser.BaseFormParserForJavaRosa.parseFormDefinition(BaseFormParserForJavaRosa.java:207)
	at org.opendatakit.aggregate.parser.BaseFormParserForJavaRosa.<init>(BaseFormParserForJavaRosa.java:359)
	at org.opendatakit.briefcase.util.JavaRosaParserWrapper.<init>(JavaRosaParserWrapper.java:15)
	at org.opendatakit.briefcase.model.BriefcaseFormDefinition.<init>(BriefcaseFormDefinition.java:294)
	at org.opendatakit.briefcase.util.FormCache.lambda$update$1(FormCache.java:123)
	at java.util.stream.ForEachOps$ForEachOp$OfRef.accept(Unknown Source)
	at java.util.stream.ReferencePipeline$2$1.accept(Unknown Source)
	at java.util.Iterator.forEachRemaining(Unknown Source)
	at java.util.Spliterators$IteratorSpliterator.forEachRemaining(Unknown Source)
	at java.util.stream.AbstractPipeline.copyInto(Unknown Source)
	at java.util.stream.AbstractPipeline.wrapAndCopyInto(Unknown Source)
	at java.util.stream.ForEachOps$ForEachOp.evaluateSequential(Unknown Source)
	at java.util.stream.ForEachOps$ForEachOp$OfRef.evaluateSequential(Unknown Source)
	at java.util.stream.AbstractPipeline.evaluate(Unknown Source)
	at java.util.stream.ReferencePipeline.forEach(Unknown Source)
	at org.opendatakit.briefcase.util.FormCache.lambda$update$2(FormCache.java:117)
	at java.util.Optional.ifPresent(Unknown Source)
	at org.opendatakit.briefcase.util.FormCache.update(FormCache.java:113)
	at org.opendatakit.briefcase.util.FormCache.onPullSuccess(FormCache.java:150)
	at sun.reflect.GeneratedMethodAccessor11.invoke(Unknown Source)
	at sun.reflect.DelegatingMethodAccessorImpl.invoke(Unknown Source)
	at java.lang.reflect.Method.invoke(Unknown Source)
	at org.bushe.swing.event.annotation.BaseProxySubscriber.onEvent(BaseProxySubscriber.java:69)
	at org.bushe.swing.event.ThreadSafeEventService.publish(ThreadSafeEventService.java:971)
	at org.bushe.swing.event.SwingEventService.access$001(SwingEventService.java:31)
	at org.bushe.swing.event.SwingEventService$1.run(SwingEventService.java:88)
	at java.awt.event.InvocationEvent.dispatch(Unknown Source)
	at java.awt.EventQueue.dispatchEventImpl(Unknown Source)
	at java.awt.EventQueue.access$500(Unknown Source)
	at java.awt.EventQueue$3.run(Unknown Source)
	at java.awt.EventQueue$3.run(Unknown Source)
	at java.security.AccessController.doPrivileged(Native Method)
	at java.security.ProtectionDomain$JavaSecurityAccessImpl.doIntersectionPrivilege(Unknown Source)
	at java.awt.EventQueue.dispatchEvent(Unknown Source)
	at java.awt.EventDispatchThread.pumpOneEventForFilters(Unknown Source)
	at java.awt.EventDispatchThread.pumpEventsForFilter(Unknown Source)
	at java.awt.EventDispatchThread.pumpEventsForHierarchy(Unknown Source)
	at java.awt.EventDispatchThread.pumpEvents(Unknown Source)
	at java.awt.EventDispatchThread.pumpEvents(Unknown Source)
	at java.awt.EventDispatchThread.run(Unknown Source)
2025-12-16 10:05:37,787 [AWT-EventQueue-0] WARN  o.o.briefcase.util.FormCache - Can't parse form file
org.opendatakit.briefcase.util.BadFormDefinition: org.opendatakit.aggregate.exception.ODKIncompleteSubmissionData: org.javarosa.xform.parse.XFormParseException: XML Syntax Error at Line: 1, Column: 10266!
	at org.opendatakit.briefcase.model.BriefcaseFormDefinition.<init>(BriefcaseFormDefinition.java:297)
	at org.opendatakit.briefcase.util.FormCache.lambda$update$1(FormCache.java:123)
	at java.util.stream.ForEachOps$ForEachOp$OfRef.accept(Unknown Source)
	at java.util.stream.ReferencePipeline$2$1.accept(Unknown Source)
	at java.util.Iterator.forEachRemaining(Unknown Source)
	at java.util.Spliterators$IteratorSpliterator.forEachRemaining(Unknown Source)
	at java.util.stream.AbstractPipeline.copyInto(Unknown Source)
	at java.util.stream.AbstractPipeline.wrapAndCopyInto(Unknown Source)
	at java.util.stream.ForEachOps$ForEachOp.evaluateSequential(Unknown Source)
	at java.util.stream.ForEachOps$ForEachOp$OfRef.evaluateSequential(Unknown Source)
	at java.util.stream.AbstractPipeline.evaluate(Unknown Source)
	at java.util.stream.ReferencePipeline.forEach(Unknown Source)
	at org.opendatakit.briefcase.util.FormCache.lambda$update$2(FormCache.java:117)
	at java.util.Optional.ifPresent(Unknown Source)
	at org.opendatakit.briefcase.util.FormCache.update(FormCache.java:113)
	at org.opendatakit.briefcase.util.FormCache.onPullSuccess(FormCache.java:150)
	at sun.reflect.GeneratedMethodAccessor11.invoke(Unknown Source)
	at sun.reflect.DelegatingMethodAccessorImpl.invoke(Unknown Source)
	at java.lang.reflect.Method.invoke(Unknown Source)
	at org.bushe.swing.event.annotation.BaseProxySubscriber.onEvent(BaseProxySubscriber.java:69)
	at org.bushe.swing.event.ThreadSafeEventService.publish(ThreadSafeEventService.java:971)
	at org.bushe.swing.event.SwingEventService.access$001(SwingEventService.java:31)
	at org.bushe.swing.event.SwingEventService$1.run(SwingEventService.java:88)
	at java.awt.event.InvocationEvent.dispatch(Unknown Source)
	at java.awt.EventQueue.dispatchEventImpl(Unknown Source)
	at java.awt.EventQueue.access$500(Unknown Source)
	at java.awt.EventQueue$3.run(Unknown Source)
	at java.awt.EventQueue$3.run(Unknown Source)
	at java.security.AccessController.doPrivileged(Native Method)
	at java.security.ProtectionDomain$JavaSecurityAccessImpl.doIntersectionPrivilege(Unknown Source)
	at java.awt.EventQueue.dispatchEvent(Unknown Source)
	at java.awt.EventDispatchThread.pumpOneEventForFilters(Unknown Source)
	at java.awt.EventDispatchThread.pumpEventsForFilter(Unknown Source)
	at java.awt.EventDispatchThread.pumpEventsForHierarchy(Unknown Source)
	at java.awt.EventDispatchThread.pumpEvents(Unknown Source)
	at java.awt.EventDispatchThread.pumpEvents(Unknown Source)
	at java.awt.EventDispatchThread.run(Unknown Source)
Caused by: org.opendatakit.aggregate.exception.ODKIncompleteSubmissionData: org.javarosa.xform.parse.XFormParseException: XML Syntax Error at Line: 1, Column: 10266!
	at org.opendatakit.aggregate.parser.BaseFormParserForJavaRosa.parseFormDefinition(BaseFormParserForJavaRosa.java:210)
	at org.opendatakit.aggregate.parser.BaseFormParserForJavaRosa.<init>(BaseFormParserForJavaRosa.java:359)
	at org.opendatakit.briefcase.util.JavaRosaParserWrapper.<init>(JavaRosaParserWrapper.java:15)
	at org.opendatakit.briefcase.model.BriefcaseFormDefinition.<init>(BriefcaseFormDefinition.java:294)
	... 36 common frames omitted
Caused by: org.javarosa.xform.parse.XFormParseException: XML Syntax Error at Line: 1, Column: 10266!
	at org.javarosa.xform.parse.XFormParser.getXMLDocument(XFormParser.java:448)
	at org.javarosa.xform.parse.XFormParser.getXMLDocument(XFormParser.java:414)
	at org.opendatakit.aggregate.parser.BaseFormParserForJavaRosa.parseFormDefinition(BaseFormParserForJavaRosa.java:207)
	... 39 common frames omitted
2025-12-16 10:05:37,808 [AWT-EventQueue-0] INFO  XFormParser - Reading XML and parsing with kXML2 finished in 3.034 ms
2025-12-16 10:05:37,812 [AWT-EventQueue-0] INFO  XFormParser - Consolidating text finished in 3.024 ms
2025-12-16 10:05:37,812 [AWT-EventQueue-0] INFO  XFormParser - Parsing form...
2025-12-16 10:05:37,812 [AWT-EventQueue-0] INFO  XFormParser - Title: "VIGILÂNCIA  AMBIENTAL"
2025-12-16 10:05:37,812 [AWT-EventQueue-0] WARN  XFormParser - XForm Parse Warning: Warning: 1 Unrecognized attributes found in Element [model] and will be ignored: [xforms-version] 
    Problem found at nodeset: /html/head/model
    With element <model xforms-version="1.0.0"><instance><data id="VIGILÂNCIA  AMBIENTAL" version="1" prefix="VIGILÂNCIA  AMBIENTAL" delimiter="$">...

2025-12-16 10:05:37,851 [AWT-EventQueue-0] INFO  XFormParser - Creating FormDef from parsed XML finished in 38.143 ms
2025-12-16 10:05:38,210 [ForkJoinPool-15-worker-10] INFO  o.o.b.p.a.PullFromAggregateTracker - Pull Formulário da Vigilancia Comunitaria - Form downloaded
2025-12-16 10:05:38,211 [ForkJoinPool-15-worker-10] INFO  o.o.b.p.a.PullFromAggregateTracker - Pull Formulário da Vigilancia Comunitaria - Start getting submission IDs
2025-12-16 10:05:38,386 [ForkJoinPool-15-worker-13] INFO  o.o.b.p.a.PullFromAggregateTracker - Pull VIGILÂNCIA  AMBIENTAL - Got the form manifest
2025-12-16 10:05:38,386 [ForkJoinPool-15-worker-13] INFO  o.o.b.p.a.PullFromAggregateTracker - Pull VIGILÂNCIA  AMBIENTAL - Skipping 1 form attachments that have been already downloaded
2025-12-16 10:05:38,386 [ForkJoinPool-15-worker-13] INFO  o.o.b.p.a.PullFromAggregateTracker - Pull VIGILÂNCIA  AMBIENTAL - Start getting submission IDs
2025-12-16 10:05:38,445 [ForkJoinPool-15-worker-11] INFO  o.o.b.p.a.PullFromAggregateTracker - Pull Formulário da Vigilancia Hospitalar - Form downloaded
2025-12-16 10:05:38,445 [ForkJoinPool-15-worker-11] INFO  o.o.b.p.a.PullFromAggregateTracker - Pull Formulário da Vigilancia Hospitalar - Start getting form manifest
2025-12-16 10:05:39,028 [ForkJoinPool-15-worker-8] INFO  o.o.b.p.a.PullFromAggregateTracker - Pull Formulario da  Componente  Genomica (IDS) - Got all the submission IDs
2025-12-16 10:05:39,061 [ForkJoinPool-15-worker-1] INFO  o.o.b.p.a.PullFromAggregateTracker - Pull VIGILÂNCIA  AMBIENTAL - Form downloaded
2025-12-16 10:05:39,064 [ForkJoinPool-15-worker-1] INFO  o.o.b.p.a.PullFromAggregateTracker - Pull VIGILÂNCIA  AMBIENTAL - Start getting submission IDs
2025-12-16 10:05:39,066 [ForkJoinPool-15-worker-3] INFO  o.o.b.p.a.PullFromAggregateTracker - Pull Formulário da Vigilancia Hospitalar - Form downloaded
2025-12-16 10:05:39,066 [ForkJoinPool-15-worker-3] INFO  o.o.b.p.a.PullFromAggregateTracker - Pull Formulário da Vigilancia Hospitalar - Start getting submission IDs
2025-12-16 10:05:39,073 [ForkJoinPool-15-worker-8] INFO  o.o.b.p.a.PullFromAggregateTracker - Push Formulario da  Componente  Genomica (IDS) - There are no submissions to download
2025-12-16 10:05:39,080 [ForkJoinPool-15-worker-9] INFO  o.o.b.p.a.PullFromAggregateTracker - Pull Formulário da Vigilancia Hospitalar - Form downloaded
2025-12-16 10:05:39,080 [ForkJoinPool-15-worker-9] INFO  o.o.b.p.a.PullFromAggregateTracker - Pull Formulário da Vigilancia Hospitalar - Start getting form manifest
2025-12-16 10:05:39,093 [ForkJoinPool-15-worker-8] INFO  o.o.b.p.a.PullFromAggregateTracker - Pull Formulario da  Componente  Genomica (IDS) - Success
2025-12-16 10:05:39,097 [ForkJoinPool-15-worker-8] INFO  o.o.b.p.a.PullFromAggregateTracker - Pull VIGILÂNCIA  AMBIENTAL - Start pulling form and submissions
2025-12-16 10:05:39,097 [ForkJoinPool-15-worker-8] INFO  o.o.b.p.a.PullFromAggregateTracker - Pull VIGILÂNCIA  AMBIENTAL - Start downloading form
2025-12-16 10:05:39,141 [AWT-EventQueue-0] INFO  XFormParser - Reading XML and parsing with kXML2 finished in 12.642 ms
2025-12-16 10:05:39,153 [AWT-EventQueue-0] INFO  XFormParser - Consolidating text finished in 11.414 ms
2025-12-16 10:05:39,153 [AWT-EventQueue-0] INFO  XFormParser - Parsing form...
2025-12-16 10:05:39,153 [AWT-EventQueue-0] INFO  XFormParser - Title: "Formulário da Vigilancia Comunitaria"
2025-12-16 10:05:39,153 [AWT-EventQueue-0] WARN  XFormParser - XForm Parse Warning: Warning: 1 Unrecognized attributes found in Element [model] and will be ignored: [xforms-version] 
    Problem found at nodeset: /html/head/model
    With element <model xforms-version="1.0.0"><instance><data id="Comunidade_v2" version="2" prefix="Comunidade_v2" delimiter="$">...

2025-12-16 10:05:39,252 [AWT-EventQueue-0] INFO  XFormParser - Creating FormDef from parsed XML finished in 97.826 ms
2025-12-16 10:05:39,292 [AWT-EventQueue-0] INFO  XFormParser - Reading XML and parsing with kXML2 finished in 13.036 ms
2025-12-16 10:05:39,299 [AWT-EventQueue-0] INFO  XFormParser - Consolidating text finished in 6.869 ms
2025-12-16 10:05:39,299 [AWT-EventQueue-0] INFO  XFormParser - Parsing form...
2025-12-16 10:05:39,299 [AWT-EventQueue-0] INFO  XFormParser - Title: "Formulário da Vigilancia Hospitalar"
2025-12-16 10:05:39,299 [AWT-EventQueue-0] WARN  XFormParser - XForm Parse Warning: Warning: 1 Unrecognized attributes found in Element [model] and will be ignored: [xforms-version] 
    Problem found at nodeset: /html/head/model
    With element <model xforms-version="1.0.0"><instance><data id="hospitalar" version="1" prefix="Hospitalar" delimiter="$">...

2025-12-16 10:05:39,338 [ForkJoinPool-15-worker-11] INFO  o.o.b.p.a.PullFromAggregateTracker - Pull Formulário da Vigilancia Hospitalar - Got the form manifest
2025-12-16 10:05:39,339 [ForkJoinPool-15-worker-2] INFO  o.o.b.p.a.PullFromAggregateTracker - Pull Formulário da Vigilancia Hospitalar - Laboratório - Got all the submission IDs
2025-12-16 10:05:39,339 [ForkJoinPool-15-worker-11] INFO  o.o.b.p.a.PullFromAggregateTracker - Pull Formulário da Vigilancia Hospitalar - Skipping 1 form attachments that have been already downloaded
2025-12-16 10:05:39,344 [ForkJoinPool-15-worker-11] INFO  o.o.b.p.a.PullFromAggregateTracker - Pull Formulário da Vigilancia Hospitalar - Start getting submission IDs
2025-12-16 10:05:39,345 [ForkJoinPool-15-worker-10] INFO  o.o.b.p.a.PullFromAggregateTracker - Pull Formulário da Vigilancia Comunitaria - Got all the submission IDs
2025-12-16 10:05:39,351 [ForkJoinPool-15-worker-1] INFO  o.o.b.p.a.PullFromAggregateTracker - Pull VIGILÂNCIA  AMBIENTAL - Got all the submission IDs
2025-12-16 10:05:39,361 [ForkJoinPool-15-worker-13] INFO  o.o.b.p.a.PullFromAggregateTracker - Pull VIGILÂNCIA  AMBIENTAL - Got all the submission IDs
2025-12-16 10:05:39,364 [ForkJoinPool-15-worker-6] INFO  o.o.b.p.a.PullFromAggregateTracker - Pull Formulário da Vigilancia Hospitalar - Form downloaded
2025-12-16 10:05:39,364 [ForkJoinPool-15-worker-4] INFO  o.o.b.p.a.PullFromAggregateTracker - Pull Formulário da Vigilancia Comunitaria - Form downloaded
2025-12-16 10:05:39,364 [ForkJoinPool-15-worker-1] INFO  o.o.b.p.a.PullFromAggregateTracker - Push VIGILÂNCIA  AMBIENTAL - There are no submissions to download
2025-12-16 10:05:39,364 [ForkJoinPool-15-worker-6] INFO  o.o.b.p.a.PullFromAggregateTracker - Pull Formulário da Vigilancia Hospitalar - Start getting form manifest
2025-12-16 10:05:39,367 [ForkJoinPool-15-worker-4] INFO  o.o.b.p.a.PullFromAggregateTracker - Pull Formulário da Vigilancia Comunitaria - Start getting form manifest
2025-12-16 10:05:39,370 [ForkJoinPool-15-worker-1] INFO  o.o.b.p.a.PullFromAggregateTracker - Pull VIGILÂNCIA  AMBIENTAL - Success
2025-12-16 10:05:39,370 [ForkJoinPool-15-worker-13] INFO  o.o.b.p.a.PullFromAggregateTracker - Push VIGILÂNCIA  AMBIENTAL - There are no submissions to download
2025-12-16 10:05:39,370 [ForkJoinPool-15-worker-1] INFO  o.o.b.p.a.PullFromAggregateTracker - Pull Formulário da Vigilancia Comunitaria - Start pulling form and submissions
2025-12-16 10:05:39,370 [ForkJoinPool-15-worker-1] INFO  o.o.b.p.a.PullFromAggregateTracker - Pull Formulário da Vigilancia Comunitaria - Start downloading form
2025-12-16 10:05:39,370 [ForkJoinPool-15-worker-13] INFO  o.o.b.p.a.PullFromAggregateTracker - Pull VIGILÂNCIA  AMBIENTAL - Success
2025-12-16 10:05:39,376 [ForkJoinPool-15-worker-2] INFO  o.o.b.p.a.PullFromAggregateTracker - Pull Formulário da Vigilancia Hospitalar - Laboratório - Start downloading submission 1 of 4
2025-12-16 10:05:39,378 [ForkJoinPool-15-worker-13] INFO  o.o.b.p.a.PullFromAggregateTracker - Pull Formulário da Vigilancia Hospitalar - Laboratório - Start downloading submission 2 of 4
2025-12-16 10:05:39,483 [AWT-EventQueue-0] INFO  XFormParser - Creating FormDef from parsed XML finished in 183.024 ms
2025-12-16 10:05:39,487 [AWT-EventQueue-0] ERROR XFormParser - XML Syntax Error at Line: 1, Column: 10266!
org.xmlpull.v1.XmlPullParserException: element stack empty (position:END_TAG </input>@1:10266 in java.io.StringReader@10bab5c) 
	at org.kxml2.io.KXmlParser.exception(Unknown Source)
	at org.kxml2.io.KXmlParser.error(Unknown Source)
	at org.kxml2.io.KXmlParser.parseEndTag(Unknown Source)
	at org.kxml2.io.KXmlParser.nextImpl(Unknown Source)
	at org.kxml2.io.KXmlParser.nextToken(Unknown Source)
	at org.kxml2.kdom.Element.parse(Unknown Source)
	at org.kxml2.kdom.Node.parse(Unknown Source)
	at org.kxml2.kdom.Document.parse(Unknown Source)
	at org.javarosa.xform.parse.XFormParser.getXMLDocument(XFormParser.java:444)
	at org.javarosa.xform.parse.XFormParser.getXMLDocument(XFormParser.java:414)
	at org.opendatakit.aggregate.parser.BaseFormParserForJavaRosa.parseFormDefinition(BaseFormParserForJavaRosa.java:207)
	at org.opendatakit.aggregate.parser.BaseFormParserForJavaRosa.<init>(BaseFormParserForJavaRosa.java:359)
	at org.opendatakit.briefcase.util.JavaRosaParserWrapper.<init>(JavaRosaParserWrapper.java:15)
	at org.opendatakit.briefcase.model.BriefcaseFormDefinition.<init>(BriefcaseFormDefinition.java:294)
	at org.opendatakit.briefcase.util.FormCache.lambda$update$1(FormCache.java:123)
	at java.util.stream.ForEachOps$ForEachOp$OfRef.accept(Unknown Source)
	at java.util.stream.ReferencePipeline$2$1.accept(Unknown Source)
	at java.util.Iterator.forEachRemaining(Unknown Source)
	at java.util.Spliterators$IteratorSpliterator.forEachRemaining(Unknown Source)
	at java.util.stream.AbstractPipeline.copyInto(Unknown Source)
	at java.util.stream.AbstractPipeline.wrapAndCopyInto(Unknown Source)
	at java.util.stream.ForEachOps$ForEachOp.evaluateSequential(Unknown Source)
	at java.util.stream.ForEachOps$ForEachOp$OfRef.evaluateSequential(Unknown Source)
	at java.util.stream.AbstractPipeline.evaluate(Unknown Source)
	at java.util.stream.ReferencePipeline.forEach(Unknown Source)
	at org.opendatakit.briefcase.util.FormCache.lambda$update$2(FormCache.java:117)
	at java.util.Optional.ifPresent(Unknown Source)
	at org.opendatakit.briefcase.util.FormCache.update(FormCache.java:113)
	at org.opendatakit.briefcase.util.FormCache.onPullSuccess(FormCache.java:150)
	at sun.reflect.GeneratedMethodAccessor11.invoke(Unknown Source)
	at sun.reflect.DelegatingMethodAccessorImpl.invoke(Unknown Source)
	at java.lang.reflect.Method.invoke(Unknown Source)
	at org.bushe.swing.event.annotation.BaseProxySubscriber.onEvent(BaseProxySubscriber.java:69)
	at org.bushe.swing.event.ThreadSafeEventService.publish(ThreadSafeEventService.java:971)
	at org.bushe.swing.event.SwingEventService.access$001(SwingEventService.java:31)
	at org.bushe.swing.event.SwingEventService$1.run(SwingEventService.java:88)
	at java.awt.event.InvocationEvent.dispatch(Unknown Source)
	at java.awt.EventQueue.dispatchEventImpl(Unknown Source)
	at java.awt.EventQueue.access$500(Unknown Source)
	at java.awt.EventQueue$3.run(Unknown Source)
	at java.awt.EventQueue$3.run(Unknown Source)
	at java.security.AccessController.doPrivileged(Native Method)
	at java.security.ProtectionDomain$JavaSecurityAccessImpl.doIntersectionPrivilege(Unknown Source)
	at java.awt.EventQueue.dispatchEvent(Unknown Source)
	at java.awt.EventDispatchThread.pumpOneEventForFilters(Unknown Source)
	at java.awt.EventDispatchThread.pumpEventsForFilter(Unknown Source)
	at java.awt.EventDispatchThread.pumpEventsForHierarchy(Unknown Source)
	at java.awt.EventDispatchThread.pumpEvents(Unknown Source)
	at java.awt.EventDispatchThread.pumpEvents(Unknown Source)
	at java.awt.EventDispatchThread.run(Unknown Source)
2025-12-16 10:05:39,487 [AWT-EventQueue-0] WARN  o.o.briefcase.util.FormCache - Can't parse form file
org.opendatakit.briefcase.util.BadFormDefinition: org.opendatakit.aggregate.exception.ODKIncompleteSubmissionData: org.javarosa.xform.parse.XFormParseException: XML Syntax Error at Line: 1, Column: 10266!
	at org.opendatakit.briefcase.model.BriefcaseFormDefinition.<init>(BriefcaseFormDefinition.java:297)
	at org.opendatakit.briefcase.util.FormCache.lambda$update$1(FormCache.java:123)
	at java.util.stream.ForEachOps$ForEachOp$OfRef.accept(Unknown Source)
	at java.util.stream.ReferencePipeline$2$1.accept(Unknown Source)
	at java.util.Iterator.forEachRemaining(Unknown Source)
	at java.util.Spliterators$IteratorSpliterator.forEachRemaining(Unknown Source)
	at java.util.stream.AbstractPipeline.copyInto(Unknown Source)
	at java.util.stream.AbstractPipeline.wrapAndCopyInto(Unknown Source)
	at java.util.stream.ForEachOps$ForEachOp.evaluateSequential(Unknown Source)
	at java.util.stream.ForEachOps$ForEachOp$OfRef.evaluateSequential(Unknown Source)
	at java.util.stream.AbstractPipeline.evaluate(Unknown Source)
	at java.util.stream.ReferencePipeline.forEach(Unknown Source)
	at org.opendatakit.briefcase.util.FormCache.lambda$update$2(FormCache.java:117)
	at java.util.Optional.ifPresent(Unknown Source)
	at org.opendatakit.briefcase.util.FormCache.update(FormCache.java:113)
	at org.opendatakit.briefcase.util.FormCache.onPullSuccess(FormCache.java:150)
	at sun.reflect.GeneratedMethodAccessor11.invoke(Unknown Source)
	at sun.reflect.DelegatingMethodAccessorImpl.invoke(Unknown Source)
	at java.lang.reflect.Method.invoke(Unknown Source)
	at org.bushe.swing.event.annotation.BaseProxySubscriber.onEvent(BaseProxySubscriber.java:69)
	at org.bushe.swing.event.ThreadSafeEventService.publish(ThreadSafeEventService.java:971)
	at org.bushe.swing.event.SwingEventService.access$001(SwingEventService.java:31)
	at org.bushe.swing.event.SwingEventService$1.run(SwingEventService.java:88)
	at java.awt.event.InvocationEvent.dispatch(Unknown Source)
	at java.awt.EventQueue.dispatchEventImpl(Unknown Source)
	at java.awt.EventQueue.access$500(Unknown Source)
	at java.awt.EventQueue$3.run(Unknown Source)
	at java.awt.EventQueue$3.run(Unknown Source)
	at java.security.AccessController.doPrivileged(Native Method)
	at java.security.ProtectionDomain$JavaSecurityAccessImpl.doIntersectionPrivilege(Unknown Source)
	at java.awt.EventQueue.dispatchEvent(Unknown Source)
	at java.awt.EventDispatchThread.pumpOneEventForFilters(Unknown Source)
	at java.awt.EventDispatchThread.pumpEventsForFilter(Unknown Source)
	at java.awt.EventDispatchThread.pumpEventsForHierarchy(Unknown Source)
	at java.awt.EventDispatchThread.pumpEvents(Unknown Source)
	at java.awt.EventDispatchThread.pumpEvents(Unknown Source)
	at java.awt.EventDispatchThread.run(Unknown Source)
Caused by: org.opendatakit.aggregate.exception.ODKIncompleteSubmissionData: org.javarosa.xform.parse.XFormParseException: XML Syntax Error at Line: 1, Column: 10266!
	at org.opendatakit.aggregate.parser.BaseFormParserForJavaRosa.parseFormDefinition(BaseFormParserForJavaRosa.java:210)
	at org.opendatakit.aggregate.parser.BaseFormParserForJavaRosa.<init>(BaseFormParserForJavaRosa.java:359)
	at org.opendatakit.briefcase.util.JavaRosaParserWrapper.<init>(JavaRosaParserWrapper.java:15)
	at org.opendatakit.briefcase.model.BriefcaseFormDefinition.<init>(BriefcaseFormDefinition.java:294)
	... 36 common frames omitted
Caused by: org.javarosa.xform.parse.XFormParseException: XML Syntax Error at Line: 1, Column: 10266!
	at org.javarosa.xform.parse.XFormParser.getXMLDocument(XFormParser.java:448)
	at org.javarosa.xform.parse.XFormParser.getXMLDocument(XFormParser.java:414)
	at org.opendatakit.aggregate.parser.BaseFormParserForJavaRosa.parseFormDefinition(BaseFormParserForJavaRosa.java:207)
	... 39 common frames omitted
2025-12-16 10:05:39,487 [ForkJoinPool-15-worker-10] INFO  o.o.b.p.a.PullFromAggregateTracker - Push Formulário da Vigilancia Comunitaria - There are no submissions to download
2025-12-16 10:05:39,493 [ForkJoinPool-15-worker-10] INFO  o.o.b.p.a.PullFromAggregateTracker - Pull Formulário da Vigilancia Comunitaria - Success
2025-12-16 10:05:39,497 [ForkJoinPool-15-worker-10] INFO  o.o.b.p.a.PullFromAggregateTracker - Pull Formulário da Vigilancia Hospitalar - Laboratório - Start downloading submission 3 of 4
2025-12-16 10:05:39,506 [AWT-EventQueue-0] INFO  XFormParser - Reading XML and parsing with kXML2 finished in 1.483 ms
2025-12-16 10:05:39,507 [AWT-EventQueue-0] INFO  XFormParser - Consolidating text finished in 1.103 ms
2025-12-16 10:05:39,507 [AWT-EventQueue-0] INFO  XFormParser - Parsing form...
2025-12-16 10:05:39,507 [AWT-EventQueue-0] INFO  XFormParser - Title: "VIGILÂNCIA  AMBIENTAL"
2025-12-16 10:05:39,507 [AWT-EventQueue-0] WARN  XFormParser - XForm Parse Warning: Warning: 1 Unrecognized attributes found in Element [model] and will be ignored: [xforms-version] 
    Problem found at nodeset: /html/head/model
    With element <model xforms-version="1.0.0"><instance><data id="VIGILÂNCIA  AMBIENTAL_v2" version="2" prefix="VIGILÂNCIA  AMBIENTAL_v2" delimiter="$">...

2025-12-16 10:05:39,518 [AWT-EventQueue-0] INFO  XFormParser - Creating FormDef from parsed XML finished in 11.140 ms
2025-12-16 10:05:39,639 [AWT-EventQueue-0] INFO  XFormParser - Reading XML and parsing with kXML2 finished in 15.363 ms
2025-12-16 10:05:39,659 [AWT-EventQueue-0] INFO  XFormParser - Consolidating text finished in 7.730 ms
2025-12-16 10:05:39,659 [AWT-EventQueue-0] INFO  XFormParser - Parsing form...
2025-12-16 10:05:39,659 [AWT-EventQueue-0] INFO  XFormParser - Title: "Formulário da Vigilancia Comunitaria"
2025-12-16 10:05:39,659 [AWT-EventQueue-0] WARN  XFormParser - XForm Parse Warning: Warning: 1 Unrecognized attributes found in Element [model] and will be ignored: [xforms-version] 
    Problem found at nodeset: /html/head/model
    With element <model xforms-version="1.0.0"><instance><data id="Comunidade" version="1" prefix="Comunidade" delimiter="$">...

2025-12-16 10:05:39,711 [AWT-EventQueue-0] INFO  XFormParser - Creating FormDef from parsed XML finished in 49.263 ms
2025-12-16 10:05:39,736 [AWT-EventQueue-0] INFO  XFormParser - Reading XML and parsing with kXML2 finished in 14.245 ms
2025-12-16 10:05:39,746 [AWT-EventQueue-0] INFO  XFormParser - Consolidating text finished in 5.609 ms
2025-12-16 10:05:39,747 [AWT-EventQueue-0] INFO  XFormParser - Parsing form...
2025-12-16 10:05:39,747 [AWT-EventQueue-0] INFO  XFormParser - Title: "Formulário da Vigilancia Hospitalar"
2025-12-16 10:05:39,747 [AWT-EventQueue-0] WARN  XFormParser - XForm Parse Warning: Warning: 1 Unrecognized attributes found in Element [model] and will be ignored: [xforms-version] 
    Problem found at nodeset: /html/head/model
    With element <model xforms-version="1.0.0"><instance><data id="hospitalar_v2" version="1" prefix="Hospitalar" delimiter="$">...

2025-12-16 10:05:39,804 [ForkJoinPool-15-worker-11] INFO  o.o.b.p.a.PullFromAggregateTracker - Pull Formulário da Vigilancia Hospitalar - Got all the submission IDs
2025-12-16 10:05:39,806 [ForkJoinPool-15-worker-4] INFO  o.o.b.p.a.PullFromAggregateTracker - Pull Formulário da Vigilancia Comunitaria - Got the form manifest
2025-12-16 10:05:39,804 [ForkJoinPool-15-worker-3] INFO  o.o.b.p.a.PullFromAggregateTracker - Pull Formulário da Vigilancia Hospitalar - Got all the submission IDs
2025-12-16 10:05:39,807 [ForkJoinPool-15-worker-6] INFO  o.o.b.p.a.PullFromAggregateTracker - Pull Formulário da Vigilancia Hospitalar - Got the form manifest
2025-12-16 10:05:39,808 [ForkJoinPool-15-worker-4] INFO  o.o.b.p.a.PullFromAggregateTracker - Pull Formulário da Vigilancia Comunitaria - Skipping 1 form attachments that have been already downloaded
2025-12-16 10:05:39,808 [ForkJoinPool-15-worker-4] INFO  o.o.b.p.a.PullFromAggregateTracker - Pull Formulário da Vigilancia Comunitaria - Start getting submission IDs
2025-12-16 10:05:39,808 [ForkJoinPool-15-worker-6] INFO  o.o.b.p.a.PullFromAggregateTracker - Pull Formulário da Vigilancia Hospitalar - Skipping 1 form attachments that have been already downloaded
2025-12-16 10:05:39,808 [ForkJoinPool-15-worker-6] INFO  o.o.b.p.a.PullFromAggregateTracker - Pull Formulário da Vigilancia Hospitalar - Start getting submission IDs
2025-12-16 10:05:39,811 [ForkJoinPool-15-worker-8] INFO  o.o.b.p.a.PullFromAggregateTracker - Pull VIGILÂNCIA  AMBIENTAL - Form downloaded
2025-12-16 10:05:39,811 [ForkJoinPool-15-worker-8] INFO  o.o.b.p.a.PullFromAggregateTracker - Pull VIGILÂNCIA  AMBIENTAL - Start getting submission IDs
2025-12-16 10:05:39,811 [ForkJoinPool-15-worker-9] INFO  o.o.b.p.a.PullFromAggregateTracker - Pull Formulário da Vigilancia Hospitalar - Got the form manifest
2025-12-16 10:05:39,811 [ForkJoinPool-15-worker-9] INFO  o.o.b.p.a.PullFromAggregateTracker - Pull Formulário da Vigilancia Hospitalar - Skipping 1 form attachments that have been already downloaded
2025-12-16 10:05:39,811 [ForkJoinPool-15-worker-9] INFO  o.o.b.p.a.PullFromAggregateTracker - Pull Formulário da Vigilancia Hospitalar - Start getting submission IDs
2025-12-16 10:05:39,825 [AWT-EventQueue-0] INFO  XFormParser - Creating FormDef from parsed XML finished in 78.492 ms
2025-12-16 10:05:39,830 [AWT-EventQueue-0] ERROR XFormParser - XML Syntax Error at Line: 1, Column: 10266!
org.xmlpull.v1.XmlPullParserException: element stack empty (position:END_TAG </input>@1:10266 in java.io.StringReader@d9a00b) 
	at org.kxml2.io.KXmlParser.exception(Unknown Source)
	at org.kxml2.io.KXmlParser.error(Unknown Source)
	at org.kxml2.io.KXmlParser.parseEndTag(Unknown Source)
	at org.kxml2.io.KXmlParser.nextImpl(Unknown Source)
	at org.kxml2.io.KXmlParser.nextToken(Unknown Source)
	at org.kxml2.kdom.Element.parse(Unknown Source)
	at org.kxml2.kdom.Node.parse(Unknown Source)
	at org.kxml2.kdom.Document.parse(Unknown Source)
	at org.javarosa.xform.parse.XFormParser.getXMLDocument(XFormParser.java:444)
	at org.javarosa.xform.parse.XFormParser.getXMLDocument(XFormParser.java:414)
	at org.opendatakit.aggregate.parser.BaseFormParserForJavaRosa.parseFormDefinition(BaseFormParserForJavaRosa.java:207)
	at org.opendatakit.aggregate.parser.BaseFormParserForJavaRosa.<init>(BaseFormParserForJavaRosa.java:359)
	at org.opendatakit.briefcase.util.JavaRosaParserWrapper.<init>(JavaRosaParserWrapper.java:15)
	at org.opendatakit.briefcase.model.BriefcaseFormDefinition.<init>(BriefcaseFormDefinition.java:294)
	at org.opendatakit.briefcase.util.FormCache.lambda$update$1(FormCache.java:123)
	at java.util.stream.ForEachOps$ForEachOp$OfRef.accept(Unknown Source)
	at java.util.stream.ReferencePipeline$2$1.accept(Unknown Source)
	at java.util.Iterator.forEachRemaining(Unknown Source)
	at java.util.Spliterators$IteratorSpliterator.forEachRemaining(Unknown Source)
	at java.util.stream.AbstractPipeline.copyInto(Unknown Source)
	at java.util.stream.AbstractPipeline.wrapAndCopyInto(Unknown Source)
	at java.util.stream.ForEachOps$ForEachOp.evaluateSequential(Unknown Source)
	at java.util.stream.ForEachOps$ForEachOp$OfRef.evaluateSequential(Unknown Source)
	at java.util.stream.AbstractPipeline.evaluate(Unknown Source)
	at java.util.stream.ReferencePipeline.forEach(Unknown Source)
	at org.opendatakit.briefcase.util.FormCache.lambda$update$2(FormCache.java:117)
	at java.util.Optional.ifPresent(Unknown Source)
	at org.opendatakit.briefcase.util.FormCache.update(FormCache.java:113)
	at org.opendatakit.briefcase.util.FormCache.onPullSuccess(FormCache.java:150)
	at sun.reflect.GeneratedMethodAccessor11.invoke(Unknown Source)
	at sun.reflect.DelegatingMethodAccessorImpl.invoke(Unknown Source)
	at java.lang.reflect.Method.invoke(Unknown Source)
	at org.bushe.swing.event.annotation.BaseProxySubscriber.onEvent(BaseProxySubscriber.java:69)
	at org.bushe.swing.event.ThreadSafeEventService.publish(ThreadSafeEventService.java:971)
	at org.bushe.swing.event.SwingEventService.access$001(SwingEventService.java:31)
	at org.bushe.swing.event.SwingEventService$1.run(SwingEventService.java:88)
	at java.awt.event.InvocationEvent.dispatch(Unknown Source)
	at java.awt.EventQueue.dispatchEventImpl(Unknown Source)
	at java.awt.EventQueue.access$500(Unknown Source)
	at java.awt.EventQueue$3.run(Unknown Source)
	at java.awt.EventQueue$3.run(Unknown Source)
	at java.security.AccessController.doPrivileged(Native Method)
	at java.security.ProtectionDomain$JavaSecurityAccessImpl.doIntersectionPrivilege(Unknown Source)
	at java.awt.EventQueue.dispatchEvent(Unknown Source)
	at java.awt.EventDispatchThread.pumpOneEventForFilters(Unknown Source)
	at java.awt.EventDispatchThread.pumpEventsForFilter(Unknown Source)
	at java.awt.EventDispatchThread.pumpEventsForHierarchy(Unknown Source)
	at java.awt.EventDispatchThread.pumpEvents(Unknown Source)
	at java.awt.EventDispatchThread.pumpEvents(Unknown Source)
	at java.awt.EventDispatchThread.run(Unknown Source)
2025-12-16 10:05:39,830 [AWT-EventQueue-0] WARN  o.o.briefcase.util.FormCache - Can't parse form file
org.opendatakit.briefcase.util.BadFormDefinition: org.opendatakit.aggregate.exception.ODKIncompleteSubmissionData: org.javarosa.xform.parse.XFormParseException: XML Syntax Error at Line: 1, Column: 10266!
	at org.opendatakit.briefcase.model.BriefcaseFormDefinition.<init>(BriefcaseFormDefinition.java:297)
	at org.opendatakit.briefcase.util.FormCache.lambda$update$1(FormCache.java:123)
	at java.util.stream.ForEachOps$ForEachOp$OfRef.accept(Unknown Source)
	at java.util.stream.ReferencePipeline$2$1.accept(Unknown Source)
	at java.util.Iterator.forEachRemaining(Unknown Source)
	at java.util.Spliterators$IteratorSpliterator.forEachRemaining(Unknown Source)
	at java.util.stream.AbstractPipeline.copyInto(Unknown Source)
	at java.util.stream.AbstractPipeline.wrapAndCopyInto(Unknown Source)
	at java.util.stream.ForEachOps$ForEachOp.evaluateSequential(Unknown Source)
	at java.util.stream.ForEachOps$ForEachOp$OfRef.evaluateSequential(Unknown Source)
	at java.util.stream.AbstractPipeline.evaluate(Unknown Source)
	at java.util.stream.ReferencePipeline.forEach(Unknown Source)
	at org.opendatakit.briefcase.util.FormCache.lambda$update$2(FormCache.java:117)
	at java.util.Optional.ifPresent(Unknown Source)
	at org.opendatakit.briefcase.util.FormCache.update(FormCache.java:113)
	at org.opendatakit.briefcase.util.FormCache.onPullSuccess(FormCache.java:150)
	at sun.reflect.GeneratedMethodAccessor11.invoke(Unknown Source)
	at sun.reflect.DelegatingMethodAccessorImpl.invoke(Unknown Source)
	at java.lang.reflect.Method.invoke(Unknown Source)
	at org.bushe.swing.event.annotation.BaseProxySubscriber.onEvent(BaseProxySubscriber.java:69)
	at org.bushe.swing.event.ThreadSafeEventService.publish(ThreadSafeEventService.java:971)
	at org.bushe.swing.event.SwingEventService.access$001(SwingEventService.java:31)
	at org.bushe.swing.event.SwingEventService$1.run(SwingEventService.java:88)
	at java.awt.event.InvocationEvent.dispatch(Unknown Source)
	at java.awt.EventQueue.dispatchEventImpl(Unknown Source)
	at java.awt.EventQueue.access$500(Unknown Source)
	at java.awt.EventQueue$3.run(Unknown Source)
	at java.awt.EventQueue$3.run(Unknown Source)
	at java.security.AccessController.doPrivileged(Native Method)
	at java.security.ProtectionDomain$JavaSecurityAccessImpl.doIntersectionPrivilege(Unknown Source)
	at java.awt.EventQueue.dispatchEvent(Unknown Source)
	at java.awt.EventDispatchThread.pumpOneEventForFilters(Unknown Source)
	at java.awt.EventDispatchThread.pumpEventsForFilter(Unknown Source)
	at java.awt.EventDispatchThread.pumpEventsForHierarchy(Unknown Source)
	at java.awt.EventDispatchThread.pumpEvents(Unknown Source)
	at java.awt.EventDispatchThread.pumpEvents(Unknown Source)
	at java.awt.EventDispatchThread.run(Unknown Source)
Caused by: org.opendatakit.aggregate.exception.ODKIncompleteSubmissionData: org.javarosa.xform.parse.XFormParseException: XML Syntax Error at Line: 1, Column: 10266!
	at org.opendatakit.aggregate.parser.BaseFormParserForJavaRosa.parseFormDefinition(BaseFormParserForJavaRosa.java:210)
	at org.opendatakit.aggregate.parser.BaseFormParserForJavaRosa.<init>(BaseFormParserForJavaRosa.java:359)
	at org.opendatakit.briefcase.util.JavaRosaParserWrapper.<init>(JavaRosaParserWrapper.java:15)
	at org.opendatakit.briefcase.model.BriefcaseFormDefinition.<init>(BriefcaseFormDefinition.java:294)
	... 36 common frames omitted
Caused by: org.javarosa.xform.parse.XFormParseException: XML Syntax Error at Line: 1, Column: 10266!
	at org.javarosa.xform.parse.XFormParser.getXMLDocument(XFormParser.java:448)
	at org.javarosa.xform.parse.XFormParser.getXMLDocument(XFormParser.java:414)
	at org.opendatakit.aggregate.parser.BaseFormParserForJavaRosa.parseFormDefinition(BaseFormParserForJavaRosa.java:207)
	... 39 common frames omitted
2025-12-16 10:05:39,843 [AWT-EventQueue-0] INFO  XFormParser - Reading XML and parsing with kXML2 finished in 0.913 ms
2025-12-16 10:05:39,845 [AWT-EventQueue-0] INFO  XFormParser - Consolidating text finished in 1.277 ms
2025-12-16 10:05:39,845 [AWT-EventQueue-0] INFO  XFormParser - Parsing form...
2025-12-16 10:05:39,845 [AWT-EventQueue-0] INFO  XFormParser - Title: "VIGILÂNCIA  AMBIENTAL"
2025-12-16 10:05:39,845 [AWT-EventQueue-0] WARN  XFormParser - XForm Parse Warning: Warning: 1 Unrecognized attributes found in Element [model] and will be ignored: [xforms-version] 
    Problem found at nodeset: /html/head/model
    With element <model xforms-version="1.0.0"><instance><data id="VIGILÂNCIA  AMBIENTAL_v3" version="3" prefix="VIGILÂNCIA  AMBIENTAL_v3" delimiter="$">...

2025-12-16 10:05:40,433 [ForkJoinPool-15-worker-8] INFO  o.o.b.p.a.PullFromAggregateTracker - Pull VIGILÂNCIA  AMBIENTAL - Got all the submission IDs
2025-12-16 10:05:40,441 [ForkJoinPool-15-worker-4] INFO  o.o.b.p.a.PullFromAggregateTracker - Pull Formulário da Vigilancia Comunitaria - Got all the submission IDs
2025-12-16 10:05:40,441 [ForkJoinPool-15-worker-6] INFO  o.o.b.p.a.PullFromAggregateTracker - Pull Formulário da Vigilancia Hospitalar - Got all the submission IDs
2025-12-16 10:05:40,445 [ForkJoinPool-15-worker-10] INFO  o.o.b.p.a.PullFromAggregateTracker - Pull Formulário da Vigilancia Hospitalar - Laboratório - Submission 3 of 4 downloaded
2025-12-16 10:05:40,448 [ForkJoinPool-15-worker-2] INFO  o.o.b.p.a.PullFromAggregateTracker - Pull Formulário da Vigilancia Hospitalar - Laboratório - Submission 1 of 4 downloaded
2025-12-16 10:05:40,448 [ForkJoinPool-15-worker-13] INFO  o.o.b.p.a.PullFromAggregateTracker - Pull Formulário da Vigilancia Hospitalar - Laboratório - Submission 2 of 4 downloaded
2025-12-16 10:05:40,457 [ForkJoinPool-15-worker-13] INFO  o.o.b.p.a.PullFromAggregateTracker - Pull Formulário da Vigilancia Hospitalar - Start pulling form and submissions
2025-12-16 10:05:40,457 [ForkJoinPool-15-worker-10] INFO  o.o.b.p.a.PullFromAggregateTracker - Pull Formulário da Vigilancia Hospitalar - Laboratório - Start downloading submission 4 of 4
2025-12-16 10:05:40,457 [ForkJoinPool-15-worker-8] INFO  o.o.b.p.a.PullFromAggregateTracker - Push VIGILÂNCIA  AMBIENTAL - There are no submissions to download
2025-12-16 10:05:40,458 [ForkJoinPool-15-worker-13] INFO  o.o.b.p.a.PullFromAggregateTracker - Pull Formulário da Vigilancia Hospitalar - Start downloading form
2025-12-16 10:05:40,472 [ForkJoinPool-15-worker-8] INFO  o.o.b.p.a.PullFromAggregateTracker - Pull VIGILÂNCIA  AMBIENTAL - Success
2025-12-16 10:05:40,492 [ForkJoinPool-15-worker-8] INFO  o.o.b.p.a.PullFromAggregateTracker - Pull VIGILÂNCIA  AMBIENTAL - Start pulling form and submissions
2025-12-16 10:05:40,497 [ForkJoinPool-15-worker-8] INFO  o.o.b.p.a.PullFromAggregateTracker - Pull VIGILÂNCIA  AMBIENTAL - Start downloading form
2025-12-16 10:05:40,504 [ForkJoinPool-15-worker-1] INFO  o.o.b.p.a.PullFromAggregateTracker - Pull Formulário da Vigilancia Comunitaria - Form downloaded
2025-12-16 10:05:40,504 [ForkJoinPool-15-worker-11] INFO  o.o.b.p.a.PullFromAggregateTracker - Push Formulário da Vigilancia Hospitalar - There are no submissions to download
2025-12-16 10:05:40,504 [ForkJoinPool-15-worker-1] INFO  o.o.b.p.a.PullFromAggregateTracker - Pull Formulário da Vigilancia Comunitaria - Start getting submission IDs
2025-12-16 10:05:40,507 [ForkJoinPool-15-worker-11] INFO  o.o.b.p.a.PullFromAggregateTracker - Pull Formulário da Vigilancia Hospitalar - Success
2025-12-16 10:05:40,507 [ForkJoinPool-15-worker-3] INFO  o.o.b.p.a.PullFromAggregateTracker - Push Formulário da Vigilancia Hospitalar - There are no submissions to download
2025-12-16 10:05:40,507 [AWT-EventQueue-0] INFO  XFormParser - Creating FormDef from parsed XML finished in 662.777 ms
2025-12-16 10:05:40,511 [ForkJoinPool-15-worker-3] INFO  o.o.b.p.a.PullFromAggregateTracker - Pull Formulário da Vigilancia Hospitalar - Success
2025-12-16 10:05:40,511 [ForkJoinPool-15-worker-11] INFO  o.o.b.p.a.PullFromAggregateTracker - Pull Formulário da Vigilancia Comunitaria - Start pulling form and submissions
2025-12-16 10:05:40,511 [ForkJoinPool-15-worker-11] INFO  o.o.b.p.a.PullFromAggregateTracker - Pull Formulário da Vigilancia Comunitaria - Start downloading form
2025-12-16 10:05:40,511 [ForkJoinPool-15-worker-3] INFO  o.o.b.p.a.PullFromAggregateTracker - Pull Formulário da Vigilancia Hospitalar - Start pulling form and submissions
2025-12-16 10:05:40,511 [ForkJoinPool-15-worker-3] INFO  o.o.b.p.a.PullFromAggregateTracker - Pull Formulário da Vigilancia Hospitalar - Start downloading form
2025-12-16 10:05:40,560 [ForkJoinPool-15-worker-6] INFO  o.o.b.p.a.PullFromAggregateTracker - Push Formulário da Vigilancia Hospitalar - There are no submissions to download
2025-12-16 10:05:40,565 [ForkJoinPool-15-worker-6] INFO  o.o.b.p.a.PullFromAggregateTracker - Pull Formulário da Vigilancia Hospitalar - Success
2025-12-16 10:05:40,565 [ForkJoinPool-15-worker-4] INFO  o.o.b.p.a.PullFromAggregateTracker - Push Formulário da Vigilancia Comunitaria - There are no submissions to download
2025-12-16 10:05:40,565 [ForkJoinPool-15-worker-4] INFO  o.o.b.p.a.PullFromAggregateTracker - Pull Formulário da Vigilancia Comunitaria - Success
2025-12-16 10:05:40,603 [AWT-EventQueue-0] INFO  XFormParser - Reading XML and parsing with kXML2 finished in 24.792 ms
2025-12-16 10:05:40,620 [AWT-EventQueue-0] INFO  XFormParser - Consolidating text finished in 7.240 ms
2025-12-16 10:05:40,620 [AWT-EventQueue-0] INFO  XFormParser - Parsing form...
2025-12-16 10:05:40,620 [AWT-EventQueue-0] INFO  XFormParser - Title: "Formulário da Vigilancia Comunitaria"
2025-12-16 10:05:40,620 [AWT-EventQueue-0] WARN  XFormParser - XForm Parse Warning: Warning: 1 Unrecognized attributes found in Element [model] and will be ignored: [xforms-version] 
    Problem found at nodeset: /html/head/model
    With element <model xforms-version="1.0.0"><instance><data id="Comunidade_v3" version="1" prefix="Comunidade_v3" delimiter="$">...

2025-12-16 10:05:40,679 [AWT-EventQueue-0] INFO  XFormParser - Creating FormDef from parsed XML finished in 56.720 ms
2025-12-16 10:05:40,692 [AWT-EventQueue-0] ERROR XFormParser - XML Syntax Error at Line: 1, Column: 10266!
org.xmlpull.v1.XmlPullParserException: element stack empty (position:END_TAG </input>@1:10266 in java.io.StringReader@1b44018) 
	at org.kxml2.io.KXmlParser.exception(Unknown Source)
	at org.kxml2.io.KXmlParser.error(Unknown Source)
	at org.kxml2.io.KXmlParser.parseEndTag(Unknown Source)
	at org.kxml2.io.KXmlParser.nextImpl(Unknown Source)
	at org.kxml2.io.KXmlParser.nextToken(Unknown Source)
	at org.kxml2.kdom.Element.parse(Unknown Source)
	at org.kxml2.kdom.Node.parse(Unknown Source)
	at org.kxml2.kdom.Document.parse(Unknown Source)
	at org.javarosa.xform.parse.XFormParser.getXMLDocument(XFormParser.java:444)
	at org.javarosa.xform.parse.XFormParser.getXMLDocument(XFormParser.java:414)
	at org.opendatakit.aggregate.parser.BaseFormParserForJavaRosa.parseFormDefinition(BaseFormParserForJavaRosa.java:207)
	at org.opendatakit.aggregate.parser.BaseFormParserForJavaRosa.<init>(BaseFormParserForJavaRosa.java:359)
	at org.opendatakit.briefcase.util.JavaRosaParserWrapper.<init>(JavaRosaParserWrapper.java:15)
	at org.opendatakit.briefcase.model.BriefcaseFormDefinition.<init>(BriefcaseFormDefinition.java:294)
	at org.opendatakit.briefcase.util.FormCache.lambda$update$1(FormCache.java:123)
	at java.util.stream.ForEachOps$ForEachOp$OfRef.accept(Unknown Source)
	at java.util.stream.ReferencePipeline$2$1.accept(Unknown Source)
	at java.util.Iterator.forEachRemaining(Unknown Source)
	at java.util.Spliterators$IteratorSpliterator.forEachRemaining(Unknown Source)
	at java.util.stream.AbstractPipeline.copyInto(Unknown Source)
	at java.util.stream.AbstractPipeline.wrapAndCopyInto(Unknown Source)
	at java.util.stream.ForEachOps$ForEachOp.evaluateSequential(Unknown Source)
	at java.util.stream.ForEachOps$ForEachOp$OfRef.evaluateSequential(Unknown Source)
	at java.util.stream.AbstractPipeline.evaluate(Unknown Source)
	at java.util.stream.ReferencePipeline.forEach(Unknown Source)
	at org.opendatakit.briefcase.util.FormCache.lambda$update$2(FormCache.java:117)
	at java.util.Optional.ifPresent(Unknown Source)
	at org.opendatakit.briefcase.util.FormCache.update(FormCache.java:113)
	at org.opendatakit.briefcase.util.FormCache.onPullSuccess(FormCache.java:150)
	at sun.reflect.GeneratedMethodAccessor11.invoke(Unknown Source)
	at sun.reflect.DelegatingMethodAccessorImpl.invoke(Unknown Source)
	at java.lang.reflect.Method.invoke(Unknown Source)
	at org.bushe.swing.event.annotation.BaseProxySubscriber.onEvent(BaseProxySubscriber.java:69)
	at org.bushe.swing.event.ThreadSafeEventService.publish(ThreadSafeEventService.java:971)
	at org.bushe.swing.event.SwingEventService.access$001(SwingEventService.java:31)
	at org.bushe.swing.event.SwingEventService$1.run(SwingEventService.java:88)
	at java.awt.event.InvocationEvent.dispatch(Unknown Source)
	at java.awt.EventQueue.dispatchEventImpl(Unknown Source)
	at java.awt.EventQueue.access$500(Unknown Source)
	at java.awt.EventQueue$3.run(Unknown Source)
	at java.awt.EventQueue$3.run(Unknown Source)
	at java.security.AccessController.doPrivileged(Native Method)
	at java.security.ProtectionDomain$JavaSecurityAccessImpl.doIntersectionPrivilege(Unknown Source)
	at java.awt.EventQueue.dispatchEvent(Unknown Source)
	at java.awt.EventDispatchThread.pumpOneEventForFilters(Unknown Source)
	at java.awt.EventDispatchThread.pumpEventsForFilter(Unknown Source)
	at java.awt.EventDispatchThread.pumpEventsForHierarchy(Unknown Source)
	at java.awt.EventDispatchThread.pumpEvents(Unknown Source)
	at java.awt.EventDispatchThread.pumpEvents(Unknown Source)
	at java.awt.EventDispatchThread.run(Unknown Source)
2025-12-16 10:05:40,692 [AWT-EventQueue-0] WARN  o.o.briefcase.util.FormCache - Can't parse form file
org.opendatakit.briefcase.util.BadFormDefinition: org.opendatakit.aggregate.exception.ODKIncompleteSubmissionData: org.javarosa.xform.parse.XFormParseException: XML Syntax Error at Line: 1, Column: 10266!
	at org.opendatakit.briefcase.model.BriefcaseFormDefinition.<init>(BriefcaseFormDefinition.java:297)
	at org.opendatakit.briefcase.util.FormCache.lambda$update$1(FormCache.java:123)
	at java.util.stream.ForEachOps$ForEachOp$OfRef.accept(Unknown Source)
	at java.util.stream.ReferencePipeline$2$1.accept(Unknown Source)
	at java.util.Iterator.forEachRemaining(Unknown Source)
	at java.util.Spliterators$IteratorSpliterator.forEachRemaining(Unknown Source)
	at java.util.stream.AbstractPipeline.copyInto(Unknown Source)
	at java.util.stream.AbstractPipeline.wrapAndCopyInto(Unknown Source)
	at java.util.stream.ForEachOps$ForEachOp.evaluateSequential(Unknown Source)
	at java.util.stream.ForEachOps$ForEachOp$OfRef.evaluateSequential(Unknown Source)
	at java.util.stream.AbstractPipeline.evaluate(Unknown Source)
	at java.util.stream.ReferencePipeline.forEach(Unknown Source)
	at org.opendatakit.briefcase.util.FormCache.lambda$update$2(FormCache.java:117)
	at java.util.Optional.ifPresent(Unknown Source)
	at org.opendatakit.briefcase.util.FormCache.update(FormCache.java:113)
	at org.opendatakit.briefcase.util.FormCache.onPullSuccess(FormCache.java:150)
	at sun.reflect.GeneratedMethodAccessor11.invoke(Unknown Source)
	at sun.reflect.DelegatingMethodAccessorImpl.invoke(Unknown Source)
	at java.lang.reflect.Method.invoke(Unknown Source)
	at org.bushe.swing.event.annotation.BaseProxySubscriber.onEvent(BaseProxySubscriber.java:69)
	at org.bushe.swing.event.ThreadSafeEventService.publish(ThreadSafeEventService.java:971)
	at org.bushe.swing.event.SwingEventService.access$001(SwingEventService.java:31)
	at org.bushe.swing.event.SwingEventService$1.run(SwingEventService.java:88)
	at java.awt.event.InvocationEvent.dispatch(Unknown Source)
	at java.awt.EventQueue.dispatchEventImpl(Unknown Source)
	at java.awt.EventQueue.access$500(Unknown Source)
	at java.awt.EventQueue$3.run(Unknown Source)
	at java.awt.EventQueue$3.run(Unknown Source)
	at java.security.AccessController.doPrivileged(Native Method)
	at java.security.ProtectionDomain$JavaSecurityAccessImpl.doIntersectionPrivilege(Unknown Source)
	at java.awt.EventQueue.dispatchEvent(Unknown Source)
	at java.awt.EventDispatchThread.pumpOneEventForFilters(Unknown Source)
	at java.awt.EventDispatchThread.pumpEventsForFilter(Unknown Source)
	at java.awt.EventDispatchThread.pumpEventsForHierarchy(Unknown Source)
	at java.awt.EventDispatchThread.pumpEvents(Unknown Source)
	at java.awt.EventDispatchThread.pumpEvents(Unknown Source)
	at java.awt.EventDispatchThread.run(Unknown Source)
Caused by: org.opendatakit.aggregate.exception.ODKIncompleteSubmissionData: org.javarosa.xform.parse.XFormParseException: XML Syntax Error at Line: 1, Column: 10266!
	at org.opendatakit.aggregate.parser.BaseFormParserForJavaRosa.parseFormDefinition(BaseFormParserForJavaRosa.java:210)
	at org.opendatakit.aggregate.parser.BaseFormParserForJavaRosa.<init>(BaseFormParserForJavaRosa.java:359)
	at org.opendatakit.briefcase.util.JavaRosaParserWrapper.<init>(JavaRosaParserWrapper.java:15)
	at org.opendatakit.briefcase.model.BriefcaseFormDefinition.<init>(BriefcaseFormDefinition.java:294)
	... 36 common frames omitted
Caused by: org.javarosa.xform.parse.XFormParseException: XML Syntax Error at Line: 1, Column: 10266!
	at org.javarosa.xform.parse.XFormParser.getXMLDocument(XFormParser.java:448)
	at org.javarosa.xform.parse.XFormParser.getXMLDocument(XFormParser.java:414)
	at org.opendatakit.aggregate.parser.BaseFormParserForJavaRosa.parseFormDefinition(BaseFormParserForJavaRosa.java:207)
	... 39 common frames omitted
2025-12-16 10:05:40,747 [AWT-EventQueue-0] ERROR XFormParser - XML Syntax Error at Line: 1, Column: 10266!
org.xmlpull.v1.XmlPullParserException: element stack empty (position:END_TAG </input>@1:10266 in java.io.StringReader@52dcdb) 
	at org.kxml2.io.KXmlParser.exception(Unknown Source)
	at org.kxml2.io.KXmlParser.error(Unknown Source)
	at org.kxml2.io.KXmlParser.parseEndTag(Unknown Source)
	at org.kxml2.io.KXmlParser.nextImpl(Unknown Source)
	at org.kxml2.io.KXmlParser.nextToken(Unknown Source)
	at org.kxml2.kdom.Element.parse(Unknown Source)
	at org.kxml2.kdom.Node.parse(Unknown Source)
	at org.kxml2.kdom.Document.parse(Unknown Source)
	at org.javarosa.xform.parse.XFormParser.getXMLDocument(XFormParser.java:444)
	at org.javarosa.xform.parse.XFormParser.getXMLDocument(XFormParser.java:414)
	at org.opendatakit.aggregate.parser.BaseFormParserForJavaRosa.parseFormDefinition(BaseFormParserForJavaRosa.java:207)
	at org.opendatakit.aggregate.parser.BaseFormParserForJavaRosa.<init>(BaseFormParserForJavaRosa.java:359)
	at org.opendatakit.briefcase.util.JavaRosaParserWrapper.<init>(JavaRosaParserWrapper.java:15)
	at org.opendatakit.briefcase.model.BriefcaseFormDefinition.<init>(BriefcaseFormDefinition.java:294)
	at org.opendatakit.briefcase.util.FormCache.lambda$update$1(FormCache.java:123)
	at java.util.stream.ForEachOps$ForEachOp$OfRef.accept(Unknown Source)
	at java.util.stream.ReferencePipeline$2$1.accept(Unknown Source)
	at java.util.Iterator.forEachRemaining(Unknown Source)
	at java.util.Spliterators$IteratorSpliterator.forEachRemaining(Unknown Source)
	at java.util.stream.AbstractPipeline.copyInto(Unknown Source)
	at java.util.stream.AbstractPipeline.wrapAndCopyInto(Unknown Source)
	at java.util.stream.ForEachOps$ForEachOp.evaluateSequential(Unknown Source)
	at java.util.stream.ForEachOps$ForEachOp$OfRef.evaluateSequential(Unknown Source)
	at java.util.stream.AbstractPipeline.evaluate(Unknown Source)
	at java.util.stream.ReferencePipeline.forEach(Unknown Source)
	at org.opendatakit.briefcase.util.FormCache.lambda$update$2(FormCache.java:117)
	at java.util.Optional.ifPresent(Unknown Source)
	at org.opendatakit.briefcase.util.FormCache.update(FormCache.java:113)
	at org.opendatakit.briefcase.util.FormCache.onPullSuccess(FormCache.java:150)
	at sun.reflect.GeneratedMethodAccessor11.invoke(Unknown Source)
	at sun.reflect.DelegatingMethodAccessorImpl.invoke(Unknown Source)
	at java.lang.reflect.Method.invoke(Unknown Source)
	at org.bushe.swing.event.annotation.BaseProxySubscriber.onEvent(BaseProxySubscriber.java:69)
	at org.bushe.swing.event.ThreadSafeEventService.publish(ThreadSafeEventService.java:971)
	at org.bushe.swing.event.SwingEventService.access$001(SwingEventService.java:31)
	at org.bushe.swing.event.SwingEventService$1.run(SwingEventService.java:88)
	at java.awt.event.InvocationEvent.dispatch(Unknown Source)
	at java.awt.EventQueue.dispatchEventImpl(Unknown Source)
	at java.awt.EventQueue.access$500(Unknown Source)
	at java.awt.EventQueue$3.run(Unknown Source)
	at java.awt.EventQueue$3.run(Unknown Source)
	at java.security.AccessController.doPrivileged(Native Method)
	at java.security.ProtectionDomain$JavaSecurityAccessImpl.doIntersectionPrivilege(Unknown Source)
	at java.awt.EventQueue.dispatchEvent(Unknown Source)
	at java.awt.EventDispatchThread.pumpOneEventForFilters(Unknown Source)
	at java.awt.EventDispatchThread.pumpEventsForFilter(Unknown Source)
	at java.awt.EventDispatchThread.pumpEventsForHierarchy(Unknown Source)
	at java.awt.EventDispatchThread.pumpEvents(Unknown Source)
	at java.awt.EventDispatchThread.pumpEvents(Unknown Source)
	at java.awt.EventDispatchThread.run(Unknown Source)
2025-12-16 10:05:40,747 [AWT-EventQueue-0] WARN  o.o.briefcase.util.FormCache - Can't parse form file
org.opendatakit.briefcase.util.BadFormDefinition: org.opendatakit.aggregate.exception.ODKIncompleteSubmissionData: org.javarosa.xform.parse.XFormParseException: XML Syntax Error at Line: 1, Column: 10266!
	at org.opendatakit.briefcase.model.BriefcaseFormDefinition.<init>(BriefcaseFormDefinition.java:297)
	at org.opendatakit.briefcase.util.FormCache.lambda$update$1(FormCache.java:123)
	at java.util.stream.ForEachOps$ForEachOp$OfRef.accept(Unknown Source)
	at java.util.stream.ReferencePipeline$2$1.accept(Unknown Source)
	at java.util.Iterator.forEachRemaining(Unknown Source)
	at java.util.Spliterators$IteratorSpliterator.forEachRemaining(Unknown Source)
	at java.util.stream.AbstractPipeline.copyInto(Unknown Source)
	at java.util.stream.AbstractPipeline.wrapAndCopyInto(Unknown Source)
	at java.util.stream.ForEachOps$ForEachOp.evaluateSequential(Unknown Source)
	at java.util.stream.ForEachOps$ForEachOp$OfRef.evaluateSequential(Unknown Source)
	at java.util.stream.AbstractPipeline.evaluate(Unknown Source)
	at java.util.stream.ReferencePipeline.forEach(Unknown Source)
	at org.opendatakit.briefcase.util.FormCache.lambda$update$2(FormCache.java:117)
	at java.util.Optional.ifPresent(Unknown Source)
	at org.opendatakit.briefcase.util.FormCache.update(FormCache.java:113)
	at org.opendatakit.briefcase.util.FormCache.onPullSuccess(FormCache.java:150)
	at sun.reflect.GeneratedMethodAccessor11.invoke(Unknown Source)
	at sun.reflect.DelegatingMethodAccessorImpl.invoke(Unknown Source)
	at java.lang.reflect.Method.invoke(Unknown Source)
	at org.bushe.swing.event.annotation.BaseProxySubscriber.onEvent(BaseProxySubscriber.java:69)
	at org.bushe.swing.event.ThreadSafeEventService.publish(ThreadSafeEventService.java:971)
	at org.bushe.swing.event.SwingEventService.access$001(SwingEventService.java:31)
	at org.bushe.swing.event.SwingEventService$1.run(SwingEventService.java:88)
	at java.awt.event.InvocationEvent.dispatch(Unknown Source)
	at java.awt.EventQueue.dispatchEventImpl(Unknown Source)
	at java.awt.EventQueue.access$500(Unknown Source)
	at java.awt.EventQueue$3.run(Unknown Source)
	at java.awt.EventQueue$3.run(Unknown Source)
	at java.security.AccessController.doPrivileged(Native Method)
	at java.security.ProtectionDomain$JavaSecurityAccessImpl.doIntersectionPrivilege(Unknown Source)
	at java.awt.EventQueue.dispatchEvent(Unknown Source)
	at java.awt.EventDispatchThread.pumpOneEventForFilters(Unknown Source)
	at java.awt.EventDispatchThread.pumpEventsForFilter(Unknown Source)
	at java.awt.EventDispatchThread.pumpEventsForHierarchy(Unknown Source)
	at java.awt.EventDispatchThread.pumpEvents(Unknown Source)
	at java.awt.EventDispatchThread.pumpEvents(Unknown Source)
	at java.awt.EventDispatchThread.run(Unknown Source)
Caused by: org.opendatakit.aggregate.exception.ODKIncompleteSubmissionData: org.javarosa.xform.parse.XFormParseException: XML Syntax Error at Line: 1, Column: 10266!
	at org.opendatakit.aggregate.parser.BaseFormParserForJavaRosa.parseFormDefinition(BaseFormParserForJavaRosa.java:210)
	at org.opendatakit.aggregate.parser.BaseFormParserForJavaRosa.<init>(BaseFormParserForJavaRosa.java:359)
	at org.opendatakit.briefcase.util.JavaRosaParserWrapper.<init>(JavaRosaParserWrapper.java:15)
	at org.opendatakit.briefcase.model.BriefcaseFormDefinition.<init>(BriefcaseFormDefinition.java:294)
	... 36 common frames omitted
Caused by: org.javarosa.xform.parse.XFormParseException: XML Syntax Error at Line: 1, Column: 10266!
	at org.javarosa.xform.parse.XFormParser.getXMLDocument(XFormParser.java:448)
	at org.javarosa.xform.parse.XFormParser.getXMLDocument(XFormParser.java:414)
	at org.opendatakit.aggregate.parser.BaseFormParserForJavaRosa.parseFormDefinition(BaseFormParserForJavaRosa.java:207)
	... 39 common frames omitted
2025-12-16 10:05:40,798 [ForkJoinPool-15-worker-9] INFO  o.o.b.p.a.PullFromAggregateTracker - Pull Formulário da Vigilancia Hospitalar - Got all the submission IDs
2025-12-16 10:05:40,819 [ForkJoinPool-15-worker-1] INFO  o.o.b.p.a.PullFromAggregateTracker - Pull Formulário da Vigilancia Comunitaria - Got all the submission IDs
2025-12-16 10:05:40,846 [ForkJoinPool-15-worker-10] INFO  o.o.b.p.a.PullFromAggregateTracker - Pull Formulário da Vigilancia Hospitalar - Laboratório - Submission 4 of 4 downloaded
2025-12-16 10:05:40,868 [ForkJoinPool-15-worker-2] INFO  o.o.b.p.a.PullFromAggregateTracker - Pull Formulário da Vigilancia Hospitalar - Laboratório - Success
2025-12-16 10:05:40,873 [ForkJoinPool-15-worker-8] INFO  o.o.b.p.a.PullFromAggregateTracker - Pull VIGILÂNCIA  AMBIENTAL - Form downloaded
2025-12-16 10:05:40,875 [ForkJoinPool-15-worker-8] INFO  o.o.b.p.a.PullFromAggregateTracker - Pull VIGILÂNCIA  AMBIENTAL - Start getting submission IDs
2025-12-16 10:05:40,917 [ForkJoinPool-15-worker-9] INFO  o.o.b.p.a.PullFromAggregateTracker - Push Formulário da Vigilancia Hospitalar - There are no submissions to download
2025-12-16 10:05:40,919 [ForkJoinPool-15-worker-9] INFO  o.o.b.p.a.PullFromAggregateTracker - Pull Formulário da Vigilancia Hospitalar - Success
2025-12-16 10:05:40,942 [ForkJoinPool-15-worker-1] INFO  o.o.b.p.a.PullFromAggregateTracker - Push Formulário da Vigilancia Comunitaria - There are no submissions to download
2025-12-16 10:05:40,943 [ForkJoinPool-15-worker-1] INFO  o.o.b.p.a.PullFromAggregateTracker - Pull Formulário da Vigilancia Comunitaria - Success
2025-12-16 10:05:40,943 [AWT-EventQueue-0] ERROR XFormParser - XML Syntax Error at Line: 1, Column: 10266!
org.xmlpull.v1.XmlPullParserException: element stack empty (position:END_TAG </input>@1:10266 in java.io.StringReader@8150c1) 
	at org.kxml2.io.KXmlParser.exception(Unknown Source)
	at org.kxml2.io.KXmlParser.error(Unknown Source)
	at org.kxml2.io.KXmlParser.parseEndTag(Unknown Source)
	at org.kxml2.io.KXmlParser.nextImpl(Unknown Source)
	at org.kxml2.io.KXmlParser.nextToken(Unknown Source)
	at org.kxml2.kdom.Element.parse(Unknown Source)
	at org.kxml2.kdom.Node.parse(Unknown Source)
	at org.kxml2.kdom.Document.parse(Unknown Source)
	at org.javarosa.xform.parse.XFormParser.getXMLDocument(XFormParser.java:444)
	at org.javarosa.xform.parse.XFormParser.getXMLDocument(XFormParser.java:414)
	at org.opendatakit.aggregate.parser.BaseFormParserForJavaRosa.parseFormDefinition(BaseFormParserForJavaRosa.java:207)
	at org.opendatakit.aggregate.parser.BaseFormParserForJavaRosa.<init>(BaseFormParserForJavaRosa.java:359)
	at org.opendatakit.briefcase.util.JavaRosaParserWrapper.<init>(JavaRosaParserWrapper.java:15)
	at org.opendatakit.briefcase.model.BriefcaseFormDefinition.<init>(BriefcaseFormDefinition.java:294)
	at org.opendatakit.briefcase.util.FormCache.lambda$update$1(FormCache.java:123)
	at java.util.stream.ForEachOps$ForEachOp$OfRef.accept(Unknown Source)
	at java.util.stream.ReferencePipeline$2$1.accept(Unknown Source)
	at java.util.Iterator.forEachRemaining(Unknown Source)
	at java.util.Spliterators$IteratorSpliterator.forEachRemaining(Unknown Source)
	at java.util.stream.AbstractPipeline.copyInto(Unknown Source)
	at java.util.stream.AbstractPipeline.wrapAndCopyInto(Unknown Source)
	at java.util.stream.ForEachOps$ForEachOp.evaluateSequential(Unknown Source)
	at java.util.stream.ForEachOps$ForEachOp$OfRef.evaluateSequential(Unknown Source)
	at java.util.stream.AbstractPipeline.evaluate(Unknown Source)
	at java.util.stream.ReferencePipeline.forEach(Unknown Source)
	at org.opendatakit.briefcase.util.FormCache.lambda$update$2(FormCache.java:117)
	at java.util.Optional.ifPresent(Unknown Source)
	at org.opendatakit.briefcase.util.FormCache.update(FormCache.java:113)
	at org.opendatakit.briefcase.util.FormCache.onPullSuccess(FormCache.java:150)
	at sun.reflect.GeneratedMethodAccessor11.invoke(Unknown Source)
	at sun.reflect.DelegatingMethodAccessorImpl.invoke(Unknown Source)
	at java.lang.reflect.Method.invoke(Unknown Source)
	at org.bushe.swing.event.annotation.BaseProxySubscriber.onEvent(BaseProxySubscriber.java:69)
	at org.bushe.swing.event.ThreadSafeEventService.publish(ThreadSafeEventService.java:971)
	at org.bushe.swing.event.SwingEventService.access$001(SwingEventService.java:31)
	at org.bushe.swing.event.SwingEventService$1.run(SwingEventService.java:88)
	at java.awt.event.InvocationEvent.dispatch(Unknown Source)
	at java.awt.EventQueue.dispatchEventImpl(Unknown Source)
	at java.awt.EventQueue.access$500(Unknown Source)
	at java.awt.EventQueue$3.run(Unknown Source)
	at java.awt.EventQueue$3.run(Unknown Source)
	at java.security.AccessController.doPrivileged(Native Method)
	at java.security.ProtectionDomain$JavaSecurityAccessImpl.doIntersectionPrivilege(Unknown Source)
	at java.awt.EventQueue.dispatchEvent(Unknown Source)
	at java.awt.EventDispatchThread.pumpOneEventForFilters(Unknown Source)
	at java.awt.EventDispatchThread.pumpEventsForFilter(Unknown Source)
	at java.awt.EventDispatchThread.pumpEventsForHierarchy(Unknown Source)
	at java.awt.EventDispatchThread.pumpEvents(Unknown Source)
	at java.awt.EventDispatchThread.pumpEvents(Unknown Source)
	at java.awt.EventDispatchThread.run(Unknown Source)
2025-12-16 10:05:40,949 [AWT-EventQueue-0] WARN  o.o.briefcase.util.FormCache - Can't parse form file
org.opendatakit.briefcase.util.BadFormDefinition: org.opendatakit.aggregate.exception.ODKIncompleteSubmissionData: org.javarosa.xform.parse.XFormParseException: XML Syntax Error at Line: 1, Column: 10266!
	at org.opendatakit.briefcase.model.BriefcaseFormDefinition.<init>(BriefcaseFormDefinition.java:297)
	at org.opendatakit.briefcase.util.FormCache.lambda$update$1(FormCache.java:123)
	at java.util.stream.ForEachOps$ForEachOp$OfRef.accept(Unknown Source)
	at java.util.stream.ReferencePipeline$2$1.accept(Unknown Source)
	at java.util.Iterator.forEachRemaining(Unknown Source)
	at java.util.Spliterators$IteratorSpliterator.forEachRemaining(Unknown Source)
	at java.util.stream.AbstractPipeline.copyInto(Unknown Source)
	at java.util.stream.AbstractPipeline.wrapAndCopyInto(Unknown Source)
	at java.util.stream.ForEachOps$ForEachOp.evaluateSequential(Unknown Source)
	at java.util.stream.ForEachOps$ForEachOp$OfRef.evaluateSequential(Unknown Source)
	at java.util.stream.AbstractPipeline.evaluate(Unknown Source)
	at java.util.stream.ReferencePipeline.forEach(Unknown Source)
	at org.opendatakit.briefcase.util.FormCache.lambda$update$2(FormCache.java:117)
	at java.util.Optional.ifPresent(Unknown Source)
	at org.opendatakit.briefcase.util.FormCache.update(FormCache.java:113)
	at org.opendatakit.briefcase.util.FormCache.onPullSuccess(FormCache.java:150)
	at sun.reflect.GeneratedMethodAccessor11.invoke(Unknown Source)
	at sun.reflect.DelegatingMethodAccessorImpl.invoke(Unknown Source)
	at java.lang.reflect.Method.invoke(Unknown Source)
	at org.bushe.swing.event.annotation.BaseProxySubscriber.onEvent(BaseProxySubscriber.java:69)
	at org.bushe.swing.event.ThreadSafeEventService.publish(ThreadSafeEventService.java:971)
	at org.bushe.swing.event.SwingEventService.access$001(SwingEventService.java:31)
	at org.bushe.swing.event.SwingEventService$1.run(SwingEventService.java:88)
	at java.awt.event.InvocationEvent.dispatch(Unknown Source)
	at java.awt.EventQueue.dispatchEventImpl(Unknown Source)
	at java.awt.EventQueue.access$500(Unknown Source)
	at java.awt.EventQueue$3.run(Unknown Source)
	at java.awt.EventQueue$3.run(Unknown Source)
	at java.security.AccessController.doPrivileged(Native Method)
	at java.security.ProtectionDomain$JavaSecurityAccessImpl.doIntersectionPrivilege(Unknown Source)
	at java.awt.EventQueue.dispatchEvent(Unknown Source)
	at java.awt.EventDispatchThread.pumpOneEventForFilters(Unknown Source)
	at java.awt.EventDispatchThread.pumpEventsForFilter(Unknown Source)
	at java.awt.EventDispatchThread.pumpEventsForHierarchy(Unknown Source)
	at java.awt.EventDispatchThread.pumpEvents(Unknown Source)
	at java.awt.EventDispatchThread.pumpEvents(Unknown Source)
	at java.awt.EventDispatchThread.run(Unknown Source)
Caused by: org.opendatakit.aggregate.exception.ODKIncompleteSubmissionData: org.javarosa.xform.parse.XFormParseException: XML Syntax Error at Line: 1, Column: 10266!
	at org.opendatakit.aggregate.parser.BaseFormParserForJavaRosa.parseFormDefinition(BaseFormParserForJavaRosa.java:210)
	at org.opendatakit.aggregate.parser.BaseFormParserForJavaRosa.<init>(BaseFormParserForJavaRosa.java:359)
	at org.opendatakit.briefcase.util.JavaRosaParserWrapper.<init>(JavaRosaParserWrapper.java:15)
	at org.opendatakit.briefcase.model.BriefcaseFormDefinition.<init>(BriefcaseFormDefinition.java:294)
	... 36 common frames omitted
Caused by: org.javarosa.xform.parse.XFormParseException: XML Syntax Error at Line: 1, Column: 10266!
	at org.javarosa.xform.parse.XFormParser.getXMLDocument(XFormParser.java:448)
	at org.javarosa.xform.parse.XFormParser.getXMLDocument(XFormParser.java:414)
	at org.opendatakit.aggregate.parser.BaseFormParserForJavaRosa.parseFormDefinition(BaseFormParserForJavaRosa.java:207)
	... 39 common frames omitted
2025-12-16 10:05:40,963 [AWT-EventQueue-0] INFO  XFormParser - Reading XML and parsing with kXML2 finished in 2.995 ms
2025-12-16 10:05:40,963 [AWT-EventQueue-0] INFO  XFormParser - Consolidating text finished in 1.651 ms
2025-12-16 10:05:40,965 [AWT-EventQueue-0] INFO  XFormParser - Parsing form...
2025-12-16 10:05:40,965 [AWT-EventQueue-0] INFO  XFormParser - Title: "VIGILÂNCIA  AMBIENTAL"
2025-12-16 10:05:40,965 [AWT-EventQueue-0] WARN  XFormParser - XForm Parse Warning: Warning: 1 Unrecognized attributes found in Element [model] and will be ignored: [xforms-version] 
    Problem found at nodeset: /html/head/model
    With element <model xforms-version="1.0.0"><instance><data id="VIGILÂNCIA AMBIENTAL_v4" version="4" prefix="VIGILÂNCIA AMBIENTAL_v4" delimiter="$">...

2025-12-16 10:05:40,977 [AWT-EventQueue-0] INFO  XFormParser - Creating FormDef from parsed XML finished in 14.234 ms
2025-12-16 10:05:41,037 [AWT-EventQueue-0] ERROR XFormParser - XML Syntax Error at Line: 1, Column: 10266!
org.xmlpull.v1.XmlPullParserException: element stack empty (position:END_TAG </input>@1:10266 in java.io.StringReader@55cf49) 
	at org.kxml2.io.KXmlParser.exception(Unknown Source)
	at org.kxml2.io.KXmlParser.error(Unknown Source)
	at org.kxml2.io.KXmlParser.parseEndTag(Unknown Source)
	at org.kxml2.io.KXmlParser.nextImpl(Unknown Source)
	at org.kxml2.io.KXmlParser.nextToken(Unknown Source)
	at org.kxml2.kdom.Element.parse(Unknown Source)
	at org.kxml2.kdom.Node.parse(Unknown Source)
	at org.kxml2.kdom.Document.parse(Unknown Source)
	at org.javarosa.xform.parse.XFormParser.getXMLDocument(XFormParser.java:444)
	at org.javarosa.xform.parse.XFormParser.getXMLDocument(XFormParser.java:414)
	at org.opendatakit.aggregate.parser.BaseFormParserForJavaRosa.parseFormDefinition(BaseFormParserForJavaRosa.java:207)
	at org.opendatakit.aggregate.parser.BaseFormParserForJavaRosa.<init>(BaseFormParserForJavaRosa.java:359)
	at org.opendatakit.briefcase.util.JavaRosaParserWrapper.<init>(JavaRosaParserWrapper.java:15)
	at org.opendatakit.briefcase.model.BriefcaseFormDefinition.<init>(BriefcaseFormDefinition.java:294)
	at org.opendatakit.briefcase.util.FormCache.lambda$update$1(FormCache.java:123)
	at java.util.stream.ForEachOps$ForEachOp$OfRef.accept(Unknown Source)
	at java.util.stream.ReferencePipeline$2$1.accept(Unknown Source)
	at java.util.Iterator.forEachRemaining(Unknown Source)
	at java.util.Spliterators$IteratorSpliterator.forEachRemaining(Unknown Source)
	at java.util.stream.AbstractPipeline.copyInto(Unknown Source)
	at java.util.stream.AbstractPipeline.wrapAndCopyInto(Unknown Source)
	at java.util.stream.ForEachOps$ForEachOp.evaluateSequential(Unknown Source)
	at java.util.stream.ForEachOps$ForEachOp$OfRef.evaluateSequential(Unknown Source)
	at java.util.stream.AbstractPipeline.evaluate(Unknown Source)
	at java.util.stream.ReferencePipeline.forEach(Unknown Source)
	at org.opendatakit.briefcase.util.FormCache.lambda$update$2(FormCache.java:117)
	at java.util.Optional.ifPresent(Unknown Source)
	at org.opendatakit.briefcase.util.FormCache.update(FormCache.java:113)
	at org.opendatakit.briefcase.util.FormCache.onPullSuccess(FormCache.java:150)
	at sun.reflect.GeneratedMethodAccessor11.invoke(Unknown Source)
	at sun.reflect.DelegatingMethodAccessorImpl.invoke(Unknown Source)
	at java.lang.reflect.Method.invoke(Unknown Source)
	at org.bushe.swing.event.annotation.BaseProxySubscriber.onEvent(BaseProxySubscriber.java:69)
	at org.bushe.swing.event.ThreadSafeEventService.publish(ThreadSafeEventService.java:971)
	at org.bushe.swing.event.SwingEventService.access$001(SwingEventService.java:31)
	at org.bushe.swing.event.SwingEventService$1.run(SwingEventService.java:88)
	at java.awt.event.InvocationEvent.dispatch(Unknown Source)
	at java.awt.EventQueue.dispatchEventImpl(Unknown Source)
	at java.awt.EventQueue.access$500(Unknown Source)
	at java.awt.EventQueue$3.run(Unknown Source)
	at java.awt.EventQueue$3.run(Unknown Source)
	at java.security.AccessController.doPrivileged(Native Method)
	at java.security.ProtectionDomain$JavaSecurityAccessImpl.doIntersectionPrivilege(Unknown Source)
	at java.awt.EventQueue.dispatchEvent(Unknown Source)
	at java.awt.EventDispatchThread.pumpOneEventForFilters(Unknown Source)
	at java.awt.EventDispatchThread.pumpEventsForFilter(Unknown Source)
	at java.awt.EventDispatchThread.pumpEventsForHierarchy(Unknown Source)
	at java.awt.EventDispatchThread.pumpEvents(Unknown Source)
	at java.awt.EventDispatchThread.pumpEvents(Unknown Source)
	at java.awt.EventDispatchThread.run(Unknown Source)
2025-12-16 10:05:41,037 [AWT-EventQueue-0] WARN  o.o.briefcase.util.FormCache - Can't parse form file
org.opendatakit.briefcase.util.BadFormDefinition: org.opendatakit.aggregate.exception.ODKIncompleteSubmissionData: org.javarosa.xform.parse.XFormParseException: XML Syntax Error at Line: 1, Column: 10266!
	at org.opendatakit.briefcase.model.BriefcaseFormDefinition.<init>(BriefcaseFormDefinition.java:297)
	at org.opendatakit.briefcase.util.FormCache.lambda$update$1(FormCache.java:123)
	at java.util.stream.ForEachOps$ForEachOp$OfRef.accept(Unknown Source)
	at java.util.stream.ReferencePipeline$2$1.accept(Unknown Source)
	at java.util.Iterator.forEachRemaining(Unknown Source)
	at java.util.Spliterators$IteratorSpliterator.forEachRemaining(Unknown Source)
	at java.util.stream.AbstractPipeline.copyInto(Unknown Source)
	at java.util.stream.AbstractPipeline.wrapAndCopyInto(Unknown Source)
	at java.util.stream.ForEachOps$ForEachOp.evaluateSequential(Unknown Source)
	at java.util.stream.ForEachOps$ForEachOp$OfRef.evaluateSequential(Unknown Source)
	at java.util.stream.AbstractPipeline.evaluate(Unknown Source)
	at java.util.stream.ReferencePipeline.forEach(Unknown Source)
	at org.opendatakit.briefcase.util.FormCache.lambda$update$2(FormCache.java:117)
	at java.util.Optional.ifPresent(Unknown Source)
	at org.opendatakit.briefcase.util.FormCache.update(FormCache.java:113)
	at org.opendatakit.briefcase.util.FormCache.onPullSuccess(FormCache.java:150)
	at sun.reflect.GeneratedMethodAccessor11.invoke(Unknown Source)
	at sun.reflect.DelegatingMethodAccessorImpl.invoke(Unknown Source)
	at java.lang.reflect.Method.invoke(Unknown Source)
	at org.bushe.swing.event.annotation.BaseProxySubscriber.onEvent(BaseProxySubscriber.java:69)
	at org.bushe.swing.event.ThreadSafeEventService.publish(ThreadSafeEventService.java:971)
	at org.bushe.swing.event.SwingEventService.access$001(SwingEventService.java:31)
	at org.bushe.swing.event.SwingEventService$1.run(SwingEventService.java:88)
	at java.awt.event.InvocationEvent.dispatch(Unknown Source)
	at java.awt.EventQueue.dispatchEventImpl(Unknown Source)
	at java.awt.EventQueue.access$500(Unknown Source)
	at java.awt.EventQueue$3.run(Unknown Source)
	at java.awt.EventQueue$3.run(Unknown Source)
	at java.security.AccessController.doPrivileged(Native Method)
	at java.security.ProtectionDomain$JavaSecurityAccessImpl.doIntersectionPrivilege(Unknown Source)
	at java.awt.EventQueue.dispatchEvent(Unknown Source)
	at java.awt.EventDispatchThread.pumpOneEventForFilters(Unknown Source)
	at java.awt.EventDispatchThread.pumpEventsForFilter(Unknown Source)
	at java.awt.EventDispatchThread.pumpEventsForHierarchy(Unknown Source)
	at java.awt.EventDispatchThread.pumpEvents(Unknown Source)
	at java.awt.EventDispatchThread.pumpEvents(Unknown Source)
	at java.awt.EventDispatchThread.run(Unknown Source)
Caused by: org.opendatakit.aggregate.exception.ODKIncompleteSubmissionData: org.javarosa.xform.parse.XFormParseException: XML Syntax Error at Line: 1, Column: 10266!
	at org.opendatakit.aggregate.parser.BaseFormParserForJavaRosa.parseFormDefinition(BaseFormParserForJavaRosa.java:210)
	at org.opendatakit.aggregate.parser.BaseFormParserForJavaRosa.<init>(BaseFormParserForJavaRosa.java:359)
	at org.opendatakit.briefcase.util.JavaRosaParserWrapper.<init>(JavaRosaParserWrapper.java:15)
	at org.opendatakit.briefcase.model.BriefcaseFormDefinition.<init>(BriefcaseFormDefinition.java:294)
	... 36 common frames omitted
Caused by: org.javarosa.xform.parse.XFormParseException: XML Syntax Error at Line: 1, Column: 10266!
	at org.javarosa.xform.parse.XFormParser.getXMLDocument(XFormParser.java:448)
	at org.javarosa.xform.parse.XFormParser.getXMLDocument(XFormParser.java:414)
	at org.opendatakit.aggregate.parser.BaseFormParserForJavaRosa.parseFormDefinition(BaseFormParserForJavaRosa.java:207)
	... 39 common frames omitted
2025-12-16 10:05:41,084 [AWT-EventQueue-0] ERROR XFormParser - XML Syntax Error at Line: 1, Column: 10266!
org.xmlpull.v1.XmlPullParserException: element stack empty (position:END_TAG </input>@1:10266 in java.io.StringReader@67cd63) 
	at org.kxml2.io.KXmlParser.exception(Unknown Source)
	at org.kxml2.io.KXmlParser.error(Unknown Source)
	at org.kxml2.io.KXmlParser.parseEndTag(Unknown Source)
	at org.kxml2.io.KXmlParser.nextImpl(Unknown Source)
	at org.kxml2.io.KXmlParser.nextToken(Unknown Source)
	at org.kxml2.kdom.Element.parse(Unknown Source)
	at org.kxml2.kdom.Node.parse(Unknown Source)
	at org.kxml2.kdom.Document.parse(Unknown Source)
	at org.javarosa.xform.parse.XFormParser.getXMLDocument(XFormParser.java:444)
	at org.javarosa.xform.parse.XFormParser.getXMLDocument(XFormParser.java:414)
	at org.opendatakit.aggregate.parser.BaseFormParserForJavaRosa.parseFormDefinition(BaseFormParserForJavaRosa.java:207)
	at org.opendatakit.aggregate.parser.BaseFormParserForJavaRosa.<init>(BaseFormParserForJavaRosa.java:359)
	at org.opendatakit.briefcase.util.JavaRosaParserWrapper.<init>(JavaRosaParserWrapper.java:15)
	at org.opendatakit.briefcase.model.BriefcaseFormDefinition.<init>(BriefcaseFormDefinition.java:294)
	at org.opendatakit.briefcase.util.FormCache.lambda$update$1(FormCache.java:123)
	at java.util.stream.ForEachOps$ForEachOp$OfRef.accept(Unknown Source)
	at java.util.stream.ReferencePipeline$2$1.accept(Unknown Source)
	at java.util.Iterator.forEachRemaining(Unknown Source)
	at java.util.Spliterators$IteratorSpliterator.forEachRemaining(Unknown Source)
	at java.util.stream.AbstractPipeline.copyInto(Unknown Source)
	at java.util.stream.AbstractPipeline.wrapAndCopyInto(Unknown Source)
	at java.util.stream.ForEachOps$ForEachOp.evaluateSequential(Unknown Source)
	at java.util.stream.ForEachOps$ForEachOp$OfRef.evaluateSequential(Unknown Source)
	at java.util.stream.AbstractPipeline.evaluate(Unknown Source)
	at java.util.stream.ReferencePipeline.forEach(Unknown Source)
	at org.opendatakit.briefcase.util.FormCache.lambda$update$2(FormCache.java:117)
	at java.util.Optional.ifPresent(Unknown Source)
	at org.opendatakit.briefcase.util.FormCache.update(FormCache.java:113)
	at org.opendatakit.briefcase.util.FormCache.onPullSuccess(FormCache.java:150)
	at sun.reflect.GeneratedMethodAccessor11.invoke(Unknown Source)
	at sun.reflect.DelegatingMethodAccessorImpl.invoke(Unknown Source)
	at java.lang.reflect.Method.invoke(Unknown Source)
	at org.bushe.swing.event.annotation.BaseProxySubscriber.onEvent(BaseProxySubscriber.java:69)
	at org.bushe.swing.event.ThreadSafeEventService.publish(ThreadSafeEventService.java:971)
	at org.bushe.swing.event.SwingEventService.access$001(SwingEventService.java:31)
	at org.bushe.swing.event.SwingEventService$1.run(SwingEventService.java:88)
	at java.awt.event.InvocationEvent.dispatch(Unknown Source)
	at java.awt.EventQueue.dispatchEventImpl(Unknown Source)
	at java.awt.EventQueue.access$500(Unknown Source)
	at java.awt.EventQueue$3.run(Unknown Source)
	at java.awt.EventQueue$3.run(Unknown Source)
	at java.security.AccessController.doPrivileged(Native Method)
	at java.security.ProtectionDomain$JavaSecurityAccessImpl.doIntersectionPrivilege(Unknown Source)
	at java.awt.EventQueue.dispatchEvent(Unknown Source)
	at java.awt.EventDispatchThread.pumpOneEventForFilters(Unknown Source)
	at java.awt.EventDispatchThread.pumpEventsForFilter(Unknown Source)
	at java.awt.EventDispatchThread.pumpEventsForHierarchy(Unknown Source)
	at java.awt.EventDispatchThread.pumpEvents(Unknown Source)
	at java.awt.EventDispatchThread.pumpEvents(Unknown Source)
	at java.awt.EventDispatchThread.run(Unknown Source)
2025-12-16 10:05:41,086 [AWT-EventQueue-0] WARN  o.o.briefcase.util.FormCache - Can't parse form file
org.opendatakit.briefcase.util.BadFormDefinition: org.opendatakit.aggregate.exception.ODKIncompleteSubmissionData: org.javarosa.xform.parse.XFormParseException: XML Syntax Error at Line: 1, Column: 10266!
	at org.opendatakit.briefcase.model.BriefcaseFormDefinition.<init>(BriefcaseFormDefinition.java:297)
	at org.opendatakit.briefcase.util.FormCache.lambda$update$1(FormCache.java:123)
	at java.util.stream.ForEachOps$ForEachOp$OfRef.accept(Unknown Source)
	at java.util.stream.ReferencePipeline$2$1.accept(Unknown Source)
	at java.util.Iterator.forEachRemaining(Unknown Source)
	at java.util.Spliterators$IteratorSpliterator.forEachRemaining(Unknown Source)
	at java.util.stream.AbstractPipeline.copyInto(Unknown Source)
	at java.util.stream.AbstractPipeline.wrapAndCopyInto(Unknown Source)
	at java.util.stream.ForEachOps$ForEachOp.evaluateSequential(Unknown Source)
	at java.util.stream.ForEachOps$ForEachOp$OfRef.evaluateSequential(Unknown Source)
	at java.util.stream.AbstractPipeline.evaluate(Unknown Source)
	at java.util.stream.ReferencePipeline.forEach(Unknown Source)
	at org.opendatakit.briefcase.util.FormCache.lambda$update$2(FormCache.java:117)
	at java.util.Optional.ifPresent(Unknown Source)
	at org.opendatakit.briefcase.util.FormCache.update(FormCache.java:113)
	at org.opendatakit.briefcase.util.FormCache.onPullSuccess(FormCache.java:150)
	at sun.reflect.GeneratedMethodAccessor11.invoke(Unknown Source)
	at sun.reflect.DelegatingMethodAccessorImpl.invoke(Unknown Source)
	at java.lang.reflect.Method.invoke(Unknown Source)
	at org.bushe.swing.event.annotation.BaseProxySubscriber.onEvent(BaseProxySubscriber.java:69)
	at org.bushe.swing.event.ThreadSafeEventService.publish(ThreadSafeEventService.java:971)
	at org.bushe.swing.event.SwingEventService.access$001(SwingEventService.java:31)
	at org.bushe.swing.event.SwingEventService$1.run(SwingEventService.java:88)
	at java.awt.event.InvocationEvent.dispatch(Unknown Source)
	at java.awt.EventQueue.dispatchEventImpl(Unknown Source)
	at java.awt.EventQueue.access$500(Unknown Source)
	at java.awt.EventQueue$3.run(Unknown Source)
	at java.awt.EventQueue$3.run(Unknown Source)
	at java.security.AccessController.doPrivileged(Native Method)
	at java.security.ProtectionDomain$JavaSecurityAccessImpl.doIntersectionPrivilege(Unknown Source)
	at java.awt.EventQueue.dispatchEvent(Unknown Source)
	at java.awt.EventDispatchThread.pumpOneEventForFilters(Unknown Source)
	at java.awt.EventDispatchThread.pumpEventsForFilter(Unknown Source)
	at java.awt.EventDispatchThread.pumpEventsForHierarchy(Unknown Source)
	at java.awt.EventDispatchThread.pumpEvents(Unknown Source)
	at java.awt.EventDispatchThread.pumpEvents(Unknown Source)
	at java.awt.EventDispatchThread.run(Unknown Source)
Caused by: org.opendatakit.aggregate.exception.ODKIncompleteSubmissionData: org.javarosa.xform.parse.XFormParseException: XML Syntax Error at Line: 1, Column: 10266!
	at org.opendatakit.aggregate.parser.BaseFormParserForJavaRosa.parseFormDefinition(BaseFormParserForJavaRosa.java:210)
	at org.opendatakit.aggregate.parser.BaseFormParserForJavaRosa.<init>(BaseFormParserForJavaRosa.java:359)
	at org.opendatakit.briefcase.util.JavaRosaParserWrapper.<init>(JavaRosaParserWrapper.java:15)
	at org.opendatakit.briefcase.model.BriefcaseFormDefinition.<init>(BriefcaseFormDefinition.java:294)
	... 36 common frames omitted
Caused by: org.javarosa.xform.parse.XFormParseException: XML Syntax Error at Line: 1, Column: 10266!
	at org.javarosa.xform.parse.XFormParser.getXMLDocument(XFormParser.java:448)
	at org.javarosa.xform.parse.XFormParser.getXMLDocument(XFormParser.java:414)
	at org.opendatakit.aggregate.parser.BaseFormParserForJavaRosa.parseFormDefinition(BaseFormParserForJavaRosa.java:207)
	... 39 common frames omitted
2025-12-16 10:05:41,131 [AWT-EventQueue-0] ERROR XFormParser - XML Syntax Error at Line: 1, Column: 10266!
org.xmlpull.v1.XmlPullParserException: element stack empty (position:END_TAG </input>@1:10266 in java.io.StringReader@1d8c26d) 
	at org.kxml2.io.KXmlParser.exception(Unknown Source)
	at org.kxml2.io.KXmlParser.error(Unknown Source)
	at org.kxml2.io.KXmlParser.parseEndTag(Unknown Source)
	at org.kxml2.io.KXmlParser.nextImpl(Unknown Source)
	at org.kxml2.io.KXmlParser.nextToken(Unknown Source)
	at org.kxml2.kdom.Element.parse(Unknown Source)
	at org.kxml2.kdom.Node.parse(Unknown Source)
	at org.kxml2.kdom.Document.parse(Unknown Source)
	at org.javarosa.xform.parse.XFormParser.getXMLDocument(XFormParser.java:444)
	at org.javarosa.xform.parse.XFormParser.getXMLDocument(XFormParser.java:414)
	at org.opendatakit.aggregate.parser.BaseFormParserForJavaRosa.parseFormDefinition(BaseFormParserForJavaRosa.java:207)
	at org.opendatakit.aggregate.parser.BaseFormParserForJavaRosa.<init>(BaseFormParserForJavaRosa.java:359)
	at org.opendatakit.briefcase.util.JavaRosaParserWrapper.<init>(JavaRosaParserWrapper.java:15)
	at org.opendatakit.briefcase.model.BriefcaseFormDefinition.<init>(BriefcaseFormDefinition.java:294)
	at org.opendatakit.briefcase.util.FormCache.lambda$update$1(FormCache.java:123)
	at java.util.stream.ForEachOps$ForEachOp$OfRef.accept(Unknown Source)
	at java.util.stream.ReferencePipeline$2$1.accept(Unknown Source)
	at java.util.Iterator.forEachRemaining(Unknown Source)
	at java.util.Spliterators$IteratorSpliterator.forEachRemaining(Unknown Source)
	at java.util.stream.AbstractPipeline.copyInto(Unknown Source)
	at java.util.stream.AbstractPipeline.wrapAndCopyInto(Unknown Source)
	at java.util.stream.ForEachOps$ForEachOp.evaluateSequential(Unknown Source)
	at java.util.stream.ForEachOps$ForEachOp$OfRef.evaluateSequential(Unknown Source)
	at java.util.stream.AbstractPipeline.evaluate(Unknown Source)
	at java.util.stream.ReferencePipeline.forEach(Unknown Source)
	at org.opendatakit.briefcase.util.FormCache.lambda$update$2(FormCache.java:117)
	at java.util.Optional.ifPresent(Unknown Source)
	at org.opendatakit.briefcase.util.FormCache.update(FormCache.java:113)
	at org.opendatakit.briefcase.util.FormCache.onPullSuccess(FormCache.java:150)
	at sun.reflect.GeneratedMethodAccessor11.invoke(Unknown Source)
	at sun.reflect.DelegatingMethodAccessorImpl.invoke(Unknown Source)
	at java.lang.reflect.Method.invoke(Unknown Source)
	at org.bushe.swing.event.annotation.BaseProxySubscriber.onEvent(BaseProxySubscriber.java:69)
	at org.bushe.swing.event.ThreadSafeEventService.publish(ThreadSafeEventService.java:971)
	at org.bushe.swing.event.SwingEventService.access$001(SwingEventService.java:31)
	at org.bushe.swing.event.SwingEventService$1.run(SwingEventService.java:88)
	at java.awt.event.InvocationEvent.dispatch(Unknown Source)
	at java.awt.EventQueue.dispatchEventImpl(Unknown Source)
	at java.awt.EventQueue.access$500(Unknown Source)
	at java.awt.EventQueue$3.run(Unknown Source)
	at java.awt.EventQueue$3.run(Unknown Source)
	at java.security.AccessController.doPrivileged(Native Method)
	at java.security.ProtectionDomain$JavaSecurityAccessImpl.doIntersectionPrivilege(Unknown Source)
	at java.awt.EventQueue.dispatchEvent(Unknown Source)
	at java.awt.EventDispatchThread.pumpOneEventForFilters(Unknown Source)
	at java.awt.EventDispatchThread.pumpEventsForFilter(Unknown Source)
	at java.awt.EventDispatchThread.pumpEventsForHierarchy(Unknown Source)
	at java.awt.EventDispatchThread.pumpEvents(Unknown Source)
	at java.awt.EventDispatchThread.pumpEvents(Unknown Source)
	at java.awt.EventDispatchThread.run(Unknown Source)
2025-12-16 10:05:41,133 [AWT-EventQueue-0] WARN  o.o.briefcase.util.FormCache - Can't parse form file
org.opendatakit.briefcase.util.BadFormDefinition: org.opendatakit.aggregate.exception.ODKIncompleteSubmissionData: org.javarosa.xform.parse.XFormParseException: XML Syntax Error at Line: 1, Column: 10266!
	at org.opendatakit.briefcase.model.BriefcaseFormDefinition.<init>(BriefcaseFormDefinition.java:297)
	at org.opendatakit.briefcase.util.FormCache.lambda$update$1(FormCache.java:123)
	at java.util.stream.ForEachOps$ForEachOp$OfRef.accept(Unknown Source)
	at java.util.stream.ReferencePipeline$2$1.accept(Unknown Source)
	at java.util.Iterator.forEachRemaining(Unknown Source)
	at java.util.Spliterators$IteratorSpliterator.forEachRemaining(Unknown Source)
	at java.util.stream.AbstractPipeline.copyInto(Unknown Source)
	at java.util.stream.AbstractPipeline.wrapAndCopyInto(Unknown Source)
	at java.util.stream.ForEachOps$ForEachOp.evaluateSequential(Unknown Source)
	at java.util.stream.ForEachOps$ForEachOp$OfRef.evaluateSequential(Unknown Source)
	at java.util.stream.AbstractPipeline.evaluate(Unknown Source)
	at java.util.stream.ReferencePipeline.forEach(Unknown Source)
	at org.opendatakit.briefcase.util.FormCache.lambda$update$2(FormCache.java:117)
	at java.util.Optional.ifPresent(Unknown Source)
	at org.opendatakit.briefcase.util.FormCache.update(FormCache.java:113)
	at org.opendatakit.briefcase.util.FormCache.onPullSuccess(FormCache.java:150)
	at sun.reflect.GeneratedMethodAccessor11.invoke(Unknown Source)
	at sun.reflect.DelegatingMethodAccessorImpl.invoke(Unknown Source)
	at java.lang.reflect.Method.invoke(Unknown Source)
	at org.bushe.swing.event.annotation.BaseProxySubscriber.onEvent(BaseProxySubscriber.java:69)
	at org.bushe.swing.event.ThreadSafeEventService.publish(ThreadSafeEventService.java:971)
	at org.bushe.swing.event.SwingEventService.access$001(SwingEventService.java:31)
	at org.bushe.swing.event.SwingEventService$1.run(SwingEventService.java:88)
	at java.awt.event.InvocationEvent.dispatch(Unknown Source)
	at java.awt.EventQueue.dispatchEventImpl(Unknown Source)
	at java.awt.EventQueue.access$500(Unknown Source)
	at java.awt.EventQueue$3.run(Unknown Source)
	at java.awt.EventQueue$3.run(Unknown Source)
	at java.security.AccessController.doPrivileged(Native Method)
	at java.security.ProtectionDomain$JavaSecurityAccessImpl.doIntersectionPrivilege(Unknown Source)
	at java.awt.EventQueue.dispatchEvent(Unknown Source)
	at java.awt.EventDispatchThread.pumpOneEventForFilters(Unknown Source)
	at java.awt.EventDispatchThread.pumpEventsForFilter(Unknown Source)
	at java.awt.EventDispatchThread.pumpEventsForHierarchy(Unknown Source)
	at java.awt.EventDispatchThread.pumpEvents(Unknown Source)
	at java.awt.EventDispatchThread.pumpEvents(Unknown Source)
	at java.awt.EventDispatchThread.run(Unknown Source)
Caused by: org.opendatakit.aggregate.exception.ODKIncompleteSubmissionData: org.javarosa.xform.parse.XFormParseException: XML Syntax Error at Line: 1, Column: 10266!
	at org.opendatakit.aggregate.parser.BaseFormParserForJavaRosa.parseFormDefinition(BaseFormParserForJavaRosa.java:210)
	at org.opendatakit.aggregate.parser.BaseFormParserForJavaRosa.<init>(BaseFormParserForJavaRosa.java:359)
	at org.opendatakit.briefcase.util.JavaRosaParserWrapper.<init>(JavaRosaParserWrapper.java:15)
	at org.opendatakit.briefcase.model.BriefcaseFormDefinition.<init>(BriefcaseFormDefinition.java:294)
	... 36 common frames omitted
Caused by: org.javarosa.xform.parse.XFormParseException: XML Syntax Error at Line: 1, Column: 10266!
	at org.javarosa.xform.parse.XFormParser.getXMLDocument(XFormParser.java:448)
	at org.javarosa.xform.parse.XFormParser.getXMLDocument(XFormParser.java:414)
	at org.opendatakit.aggregate.parser.BaseFormParserForJavaRosa.parseFormDefinition(BaseFormParserForJavaRosa.java:207)
	... 39 common frames omitted
2025-12-16 10:05:41,174 [AWT-EventQueue-0] ERROR XFormParser - XML Syntax Error at Line: 1, Column: 10266!
org.xmlpull.v1.XmlPullParserException: element stack empty (position:END_TAG </input>@1:10266 in java.io.StringReader@bb7f83) 
	at org.kxml2.io.KXmlParser.exception(Unknown Source)
	at org.kxml2.io.KXmlParser.error(Unknown Source)
	at org.kxml2.io.KXmlParser.parseEndTag(Unknown Source)
	at org.kxml2.io.KXmlParser.nextImpl(Unknown Source)
	at org.kxml2.io.KXmlParser.nextToken(Unknown Source)
	at org.kxml2.kdom.Element.parse(Unknown Source)
	at org.kxml2.kdom.Node.parse(Unknown Source)
	at org.kxml2.kdom.Document.parse(Unknown Source)
	at org.javarosa.xform.parse.XFormParser.getXMLDocument(XFormParser.java:444)
	at org.javarosa.xform.parse.XFormParser.getXMLDocument(XFormParser.java:414)
	at org.opendatakit.aggregate.parser.BaseFormParserForJavaRosa.parseFormDefinition(BaseFormParserForJavaRosa.java:207)
	at org.opendatakit.aggregate.parser.BaseFormParserForJavaRosa.<init>(BaseFormParserForJavaRosa.java:359)
	at org.opendatakit.briefcase.util.JavaRosaParserWrapper.<init>(JavaRosaParserWrapper.java:15)
	at org.opendatakit.briefcase.model.BriefcaseFormDefinition.<init>(BriefcaseFormDefinition.java:294)
	at org.opendatakit.briefcase.util.FormCache.lambda$update$1(FormCache.java:123)
	at java.util.stream.ForEachOps$ForEachOp$OfRef.accept(Unknown Source)
	at java.util.stream.ReferencePipeline$2$1.accept(Unknown Source)
	at java.util.Iterator.forEachRemaining(Unknown Source)
	at java.util.Spliterators$IteratorSpliterator.forEachRemaining(Unknown Source)
	at java.util.stream.AbstractPipeline.copyInto(Unknown Source)
	at java.util.stream.AbstractPipeline.wrapAndCopyInto(Unknown Source)
	at java.util.stream.ForEachOps$ForEachOp.evaluateSequential(Unknown Source)
	at java.util.stream.ForEachOps$ForEachOp$OfRef.evaluateSequential(Unknown Source)
	at java.util.stream.AbstractPipeline.evaluate(Unknown Source)
	at java.util.stream.ReferencePipeline.forEach(Unknown Source)
	at org.opendatakit.briefcase.util.FormCache.lambda$update$2(FormCache.java:117)
	at java.util.Optional.ifPresent(Unknown Source)
	at org.opendatakit.briefcase.util.FormCache.update(FormCache.java:113)
	at org.opendatakit.briefcase.util.FormCache.onPullSuccess(FormCache.java:150)
	at sun.reflect.GeneratedMethodAccessor11.invoke(Unknown Source)
	at sun.reflect.DelegatingMethodAccessorImpl.invoke(Unknown Source)
	at java.lang.reflect.Method.invoke(Unknown Source)
	at org.bushe.swing.event.annotation.BaseProxySubscriber.onEvent(BaseProxySubscriber.java:69)
	at org.bushe.swing.event.ThreadSafeEventService.publish(ThreadSafeEventService.java:971)
	at org.bushe.swing.event.SwingEventService.access$001(SwingEventService.java:31)
	at org.bushe.swing.event.SwingEventService$1.run(SwingEventService.java:88)
	at java.awt.event.InvocationEvent.dispatch(Unknown Source)
	at java.awt.EventQueue.dispatchEventImpl(Unknown Source)
	at java.awt.EventQueue.access$500(Unknown Source)
	at java.awt.EventQueue$3.run(Unknown Source)
	at java.awt.EventQueue$3.run(Unknown Source)
	at java.security.AccessController.doPrivileged(Native Method)
	at java.security.ProtectionDomain$JavaSecurityAccessImpl.doIntersectionPrivilege(Unknown Source)
	at java.awt.EventQueue.dispatchEvent(Unknown Source)
	at java.awt.EventDispatchThread.pumpOneEventForFilters(Unknown Source)
	at java.awt.EventDispatchThread.pumpEventsForFilter(Unknown Source)
	at java.awt.EventDispatchThread.pumpEventsForHierarchy(Unknown Source)
	at java.awt.EventDispatchThread.pumpEvents(Unknown Source)
	at java.awt.EventDispatchThread.pumpEvents(Unknown Source)
	at java.awt.EventDispatchThread.run(Unknown Source)
2025-12-16 10:05:41,176 [AWT-EventQueue-0] WARN  o.o.briefcase.util.FormCache - Can't parse form file
org.opendatakit.briefcase.util.BadFormDefinition: org.opendatakit.aggregate.exception.ODKIncompleteSubmissionData: org.javarosa.xform.parse.XFormParseException: XML Syntax Error at Line: 1, Column: 10266!
	at org.opendatakit.briefcase.model.BriefcaseFormDefinition.<init>(BriefcaseFormDefinition.java:297)
	at org.opendatakit.briefcase.util.FormCache.lambda$update$1(FormCache.java:123)
	at java.util.stream.ForEachOps$ForEachOp$OfRef.accept(Unknown Source)
	at java.util.stream.ReferencePipeline$2$1.accept(Unknown Source)
	at java.util.Iterator.forEachRemaining(Unknown Source)
	at java.util.Spliterators$IteratorSpliterator.forEachRemaining(Unknown Source)
	at java.util.stream.AbstractPipeline.copyInto(Unknown Source)
	at java.util.stream.AbstractPipeline.wrapAndCopyInto(Unknown Source)
	at java.util.stream.ForEachOps$ForEachOp.evaluateSequential(Unknown Source)
	at java.util.stream.ForEachOps$ForEachOp$OfRef.evaluateSequential(Unknown Source)
	at java.util.stream.AbstractPipeline.evaluate(Unknown Source)
	at java.util.stream.ReferencePipeline.forEach(Unknown Source)
	at org.opendatakit.briefcase.util.FormCache.lambda$update$2(FormCache.java:117)
	at java.util.Optional.ifPresent(Unknown Source)
	at org.opendatakit.briefcase.util.FormCache.update(FormCache.java:113)
	at org.opendatakit.briefcase.util.FormCache.onPullSuccess(FormCache.java:150)
	at sun.reflect.GeneratedMethodAccessor11.invoke(Unknown Source)
	at sun.reflect.DelegatingMethodAccessorImpl.invoke(Unknown Source)
	at java.lang.reflect.Method.invoke(Unknown Source)
	at org.bushe.swing.event.annotation.BaseProxySubscriber.onEvent(BaseProxySubscriber.java:69)
	at org.bushe.swing.event.ThreadSafeEventService.publish(ThreadSafeEventService.java:971)
	at org.bushe.swing.event.SwingEventService.access$001(SwingEventService.java:31)
	at org.bushe.swing.event.SwingEventService$1.run(SwingEventService.java:88)
	at java.awt.event.InvocationEvent.dispatch(Unknown Source)
	at java.awt.EventQueue.dispatchEventImpl(Unknown Source)
	at java.awt.EventQueue.access$500(Unknown Source)
	at java.awt.EventQueue$3.run(Unknown Source)
	at java.awt.EventQueue$3.run(Unknown Source)
	at java.security.AccessController.doPrivileged(Native Method)
	at java.security.ProtectionDomain$JavaSecurityAccessImpl.doIntersectionPrivilege(Unknown Source)
	at java.awt.EventQueue.dispatchEvent(Unknown Source)
	at java.awt.EventDispatchThread.pumpOneEventForFilters(Unknown Source)
	at java.awt.EventDispatchThread.pumpEventsForFilter(Unknown Source)
	at java.awt.EventDispatchThread.pumpEventsForHierarchy(Unknown Source)
	at java.awt.EventDispatchThread.pumpEvents(Unknown Source)
	at java.awt.EventDispatchThread.pumpEvents(Unknown Source)
	at java.awt.EventDispatchThread.run(Unknown Source)
Caused by: org.opendatakit.aggregate.exception.ODKIncompleteSubmissionData: org.javarosa.xform.parse.XFormParseException: XML Syntax Error at Line: 1, Column: 10266!
	at org.opendatakit.aggregate.parser.BaseFormParserForJavaRosa.parseFormDefinition(BaseFormParserForJavaRosa.java:210)
	at org.opendatakit.aggregate.parser.BaseFormParserForJavaRosa.<init>(BaseFormParserForJavaRosa.java:359)
	at org.opendatakit.briefcase.util.JavaRosaParserWrapper.<init>(JavaRosaParserWrapper.java:15)
	at org.opendatakit.briefcase.model.BriefcaseFormDefinition.<init>(BriefcaseFormDefinition.java:294)
	... 36 common frames omitted
Caused by: org.javarosa.xform.parse.XFormParseException: XML Syntax Error at Line: 1, Column: 10266!
	at org.javarosa.xform.parse.XFormParser.getXMLDocument(XFormParser.java:448)
	at org.javarosa.xform.parse.XFormParser.getXMLDocument(XFormParser.java:414)
	at org.opendatakit.aggregate.parser.BaseFormParserForJavaRosa.parseFormDefinition(BaseFormParserForJavaRosa.java:207)
	... 39 common frames omitted
2025-12-16 10:05:41,282 [AWT-EventQueue-0] ERROR XFormParser - XML Syntax Error at Line: 1, Column: 10266!
org.xmlpull.v1.XmlPullParserException: element stack empty (position:END_TAG </input>@1:10266 in java.io.StringReader@4b2722) 
	at org.kxml2.io.KXmlParser.exception(Unknown Source)
	at org.kxml2.io.KXmlParser.error(Unknown Source)
	at org.kxml2.io.KXmlParser.parseEndTag(Unknown Source)
	at org.kxml2.io.KXmlParser.nextImpl(Unknown Source)
	at org.kxml2.io.KXmlParser.nextToken(Unknown Source)
	at org.kxml2.kdom.Element.parse(Unknown Source)
	at org.kxml2.kdom.Node.parse(Unknown Source)
	at org.kxml2.kdom.Document.parse(Unknown Source)
	at org.javarosa.xform.parse.XFormParser.getXMLDocument(XFormParser.java:444)
	at org.javarosa.xform.parse.XFormParser.getXMLDocument(XFormParser.java:414)
	at org.opendatakit.aggregate.parser.BaseFormParserForJavaRosa.parseFormDefinition(BaseFormParserForJavaRosa.java:207)
	at org.opendatakit.aggregate.parser.BaseFormParserForJavaRosa.<init>(BaseFormParserForJavaRosa.java:359)
	at org.opendatakit.briefcase.util.JavaRosaParserWrapper.<init>(JavaRosaParserWrapper.java:15)
	at org.opendatakit.briefcase.model.BriefcaseFormDefinition.<init>(BriefcaseFormDefinition.java:294)
	at org.opendatakit.briefcase.util.FormCache.lambda$update$1(FormCache.java:123)
	at java.util.stream.ForEachOps$ForEachOp$OfRef.accept(Unknown Source)
	at java.util.stream.ReferencePipeline$2$1.accept(Unknown Source)
	at java.util.Iterator.forEachRemaining(Unknown Source)
	at java.util.Spliterators$IteratorSpliterator.forEachRemaining(Unknown Source)
	at java.util.stream.AbstractPipeline.copyInto(Unknown Source)
	at java.util.stream.AbstractPipeline.wrapAndCopyInto(Unknown Source)
	at java.util.stream.ForEachOps$ForEachOp.evaluateSequential(Unknown Source)
	at java.util.stream.ForEachOps$ForEachOp$OfRef.evaluateSequential(Unknown Source)
	at java.util.stream.AbstractPipeline.evaluate(Unknown Source)
	at java.util.stream.ReferencePipeline.forEach(Unknown Source)
	at org.opendatakit.briefcase.util.FormCache.lambda$update$2(FormCache.java:117)
	at java.util.Optional.ifPresent(Unknown Source)
	at org.opendatakit.briefcase.util.FormCache.update(FormCache.java:113)
	at org.opendatakit.briefcase.util.FormCache.onPullSuccess(FormCache.java:150)
	at sun.reflect.GeneratedMethodAccessor11.invoke(Unknown Source)
	at sun.reflect.DelegatingMethodAccessorImpl.invoke(Unknown Source)
	at java.lang.reflect.Method.invoke(Unknown Source)
	at org.bushe.swing.event.annotation.BaseProxySubscriber.onEvent(BaseProxySubscriber.java:69)
	at org.bushe.swing.event.ThreadSafeEventService.publish(ThreadSafeEventService.java:971)
	at org.bushe.swing.event.SwingEventService.access$001(SwingEventService.java:31)
	at org.bushe.swing.event.SwingEventService$1.run(SwingEventService.java:88)
	at java.awt.event.InvocationEvent.dispatch(Unknown Source)
	at java.awt.EventQueue.dispatchEventImpl(Unknown Source)
	at java.awt.EventQueue.access$500(Unknown Source)
	at java.awt.EventQueue$3.run(Unknown Source)
	at java.awt.EventQueue$3.run(Unknown Source)
	at java.security.AccessController.doPrivileged(Native Method)
	at java.security.ProtectionDomain$JavaSecurityAccessImpl.doIntersectionPrivilege(Unknown Source)
	at java.awt.EventQueue.dispatchEvent(Unknown Source)
	at java.awt.EventDispatchThread.pumpOneEventForFilters(Unknown Source)
	at java.awt.EventDispatchThread.pumpEventsForFilter(Unknown Source)
	at java.awt.EventDispatchThread.pumpEventsForHierarchy(Unknown Source)
	at java.awt.EventDispatchThread.pumpEvents(Unknown Source)
	at java.awt.EventDispatchThread.pumpEvents(Unknown Source)
	at java.awt.EventDispatchThread.run(Unknown Source)
2025-12-16 10:05:41,290 [AWT-EventQueue-0] WARN  o.o.briefcase.util.FormCache - Can't parse form file
org.opendatakit.briefcase.util.BadFormDefinition: org.opendatakit.aggregate.exception.ODKIncompleteSubmissionData: org.javarosa.xform.parse.XFormParseException: XML Syntax Error at Line: 1, Column: 10266!
	at org.opendatakit.briefcase.model.BriefcaseFormDefinition.<init>(BriefcaseFormDefinition.java:297)
	at org.opendatakit.briefcase.util.FormCache.lambda$update$1(FormCache.java:123)
	at java.util.stream.ForEachOps$ForEachOp$OfRef.accept(Unknown Source)
	at java.util.stream.ReferencePipeline$2$1.accept(Unknown Source)
	at java.util.Iterator.forEachRemaining(Unknown Source)
	at java.util.Spliterators$IteratorSpliterator.forEachRemaining(Unknown Source)
	at java.util.stream.AbstractPipeline.copyInto(Unknown Source)
	at java.util.stream.AbstractPipeline.wrapAndCopyInto(Unknown Source)
	at java.util.stream.ForEachOps$ForEachOp.evaluateSequential(Unknown Source)
	at java.util.stream.ForEachOps$ForEachOp$OfRef.evaluateSequential(Unknown Source)
	at java.util.stream.AbstractPipeline.evaluate(Unknown Source)
	at java.util.stream.ReferencePipeline.forEach(Unknown Source)
	at org.opendatakit.briefcase.util.FormCache.lambda$update$2(FormCache.java:117)
	at java.util.Optional.ifPresent(Unknown Source)
	at org.opendatakit.briefcase.util.FormCache.update(FormCache.java:113)
	at org.opendatakit.briefcase.util.FormCache.onPullSuccess(FormCache.java:150)
	at sun.reflect.GeneratedMethodAccessor11.invoke(Unknown Source)
	at sun.reflect.DelegatingMethodAccessorImpl.invoke(Unknown Source)
	at java.lang.reflect.Method.invoke(Unknown Source)
	at org.bushe.swing.event.annotation.BaseProxySubscriber.onEvent(BaseProxySubscriber.java:69)
	at org.bushe.swing.event.ThreadSafeEventService.publish(ThreadSafeEventService.java:971)
	at org.bushe.swing.event.SwingEventService.access$001(SwingEventService.java:31)
	at org.bushe.swing.event.SwingEventService$1.run(SwingEventService.java:88)
	at java.awt.event.InvocationEvent.dispatch(Unknown Source)
	at java.awt.EventQueue.dispatchEventImpl(Unknown Source)
	at java.awt.EventQueue.access$500(Unknown Source)
	at java.awt.EventQueue$3.run(Unknown Source)
	at java.awt.EventQueue$3.run(Unknown Source)
	at java.security.AccessController.doPrivileged(Native Method)
	at java.security.ProtectionDomain$JavaSecurityAccessImpl.doIntersectionPrivilege(Unknown Source)
	at java.awt.EventQueue.dispatchEvent(Unknown Source)
	at java.awt.EventDispatchThread.pumpOneEventForFilters(Unknown Source)
	at java.awt.EventDispatchThread.pumpEventsForFilter(Unknown Source)
	at java.awt.EventDispatchThread.pumpEventsForHierarchy(Unknown Source)
	at java.awt.EventDispatchThread.pumpEvents(Unknown Source)
	at java.awt.EventDispatchThread.pumpEvents(Unknown Source)
	at java.awt.EventDispatchThread.run(Unknown Source)
Caused by: org.opendatakit.aggregate.exception.ODKIncompleteSubmissionData: org.javarosa.xform.parse.XFormParseException: XML Syntax Error at Line: 1, Column: 10266!
	at org.opendatakit.aggregate.parser.BaseFormParserForJavaRosa.parseFormDefinition(BaseFormParserForJavaRosa.java:210)
	at org.opendatakit.aggregate.parser.BaseFormParserForJavaRosa.<init>(BaseFormParserForJavaRosa.java:359)
	at org.opendatakit.briefcase.util.JavaRosaParserWrapper.<init>(JavaRosaParserWrapper.java:15)
	at org.opendatakit.briefcase.model.BriefcaseFormDefinition.<init>(BriefcaseFormDefinition.java:294)
	... 36 common frames omitted
Caused by: org.javarosa.xform.parse.XFormParseException: XML Syntax Error at Line: 1, Column: 10266!
	at org.javarosa.xform.parse.XFormParser.getXMLDocument(XFormParser.java:448)
	at org.javarosa.xform.parse.XFormParser.getXMLDocument(XFormParser.java:414)
	at org.opendatakit.aggregate.parser.BaseFormParserForJavaRosa.parseFormDefinition(BaseFormParserForJavaRosa.java:207)
	... 39 common frames omitted
2025-12-16 10:05:41,342 [AWT-EventQueue-0] ERROR XFormParser - XML Syntax Error at Line: 1, Column: 10266!
org.xmlpull.v1.XmlPullParserException: element stack empty (position:END_TAG </input>@1:10266 in java.io.StringReader@1719ccc) 
	at org.kxml2.io.KXmlParser.exception(Unknown Source)
	at org.kxml2.io.KXmlParser.error(Unknown Source)
	at org.kxml2.io.KXmlParser.parseEndTag(Unknown Source)
	at org.kxml2.io.KXmlParser.nextImpl(Unknown Source)
	at org.kxml2.io.KXmlParser.nextToken(Unknown Source)
	at org.kxml2.kdom.Element.parse(Unknown Source)
	at org.kxml2.kdom.Node.parse(Unknown Source)
	at org.kxml2.kdom.Document.parse(Unknown Source)
	at org.javarosa.xform.parse.XFormParser.getXMLDocument(XFormParser.java:444)
	at org.javarosa.xform.parse.XFormParser.getXMLDocument(XFormParser.java:414)
	at org.opendatakit.aggregate.parser.BaseFormParserForJavaRosa.parseFormDefinition(BaseFormParserForJavaRosa.java:207)
	at org.opendatakit.aggregate.parser.BaseFormParserForJavaRosa.<init>(BaseFormParserForJavaRosa.java:359)
	at org.opendatakit.briefcase.util.JavaRosaParserWrapper.<init>(JavaRosaParserWrapper.java:15)
	at org.opendatakit.briefcase.model.BriefcaseFormDefinition.<init>(BriefcaseFormDefinition.java:294)
	at org.opendatakit.briefcase.util.FormCache.lambda$update$1(FormCache.java:123)
	at java.util.stream.ForEachOps$ForEachOp$OfRef.accept(Unknown Source)
	at java.util.stream.ReferencePipeline$2$1.accept(Unknown Source)
	at java.util.Iterator.forEachRemaining(Unknown Source)
	at java.util.Spliterators$IteratorSpliterator.forEachRemaining(Unknown Source)
	at java.util.stream.AbstractPipeline.copyInto(Unknown Source)
	at java.util.stream.AbstractPipeline.wrapAndCopyInto(Unknown Source)
	at java.util.stream.ForEachOps$ForEachOp.evaluateSequential(Unknown Source)
	at java.util.stream.ForEachOps$ForEachOp$OfRef.evaluateSequential(Unknown Source)
	at java.util.stream.AbstractPipeline.evaluate(Unknown Source)
	at java.util.stream.ReferencePipeline.forEach(Unknown Source)
	at org.opendatakit.briefcase.util.FormCache.lambda$update$2(FormCache.java:117)
	at java.util.Optional.ifPresent(Unknown Source)
	at org.opendatakit.briefcase.util.FormCache.update(FormCache.java:113)
	at org.opendatakit.briefcase.util.FormCache.onPullSuccess(FormCache.java:150)
	at sun.reflect.GeneratedMethodAccessor11.invoke(Unknown Source)
	at sun.reflect.DelegatingMethodAccessorImpl.invoke(Unknown Source)
	at java.lang.reflect.Method.invoke(Unknown Source)
	at org.bushe.swing.event.annotation.BaseProxySubscriber.onEvent(BaseProxySubscriber.java:69)
	at org.bushe.swing.event.ThreadSafeEventService.publish(ThreadSafeEventService.java:971)
	at org.bushe.swing.event.SwingEventService.access$001(SwingEventService.java:31)
	at org.bushe.swing.event.SwingEventService$1.run(SwingEventService.java:88)
	at java.awt.event.InvocationEvent.dispatch(Unknown Source)
	at java.awt.EventQueue.dispatchEventImpl(Unknown Source)
	at java.awt.EventQueue.access$500(Unknown Source)
	at java.awt.EventQueue$3.run(Unknown Source)
	at java.awt.EventQueue$3.run(Unknown Source)
	at java.security.AccessController.doPrivileged(Native Method)
	at java.security.ProtectionDomain$JavaSecurityAccessImpl.doIntersectionPrivilege(Unknown Source)
	at java.awt.EventQueue.dispatchEvent(Unknown Source)
	at java.awt.EventDispatchThread.pumpOneEventForFilters(Unknown Source)
	at java.awt.EventDispatchThread.pumpEventsForFilter(Unknown Source)
	at java.awt.EventDispatchThread.pumpEventsForHierarchy(Unknown Source)
	at java.awt.EventDispatchThread.pumpEvents(Unknown Source)
	at java.awt.EventDispatchThread.pumpEvents(Unknown Source)
	at java.awt.EventDispatchThread.run(Unknown Source)
2025-12-16 10:05:41,342 [AWT-EventQueue-0] WARN  o.o.briefcase.util.FormCache - Can't parse form file
org.opendatakit.briefcase.util.BadFormDefinition: org.opendatakit.aggregate.exception.ODKIncompleteSubmissionData: org.javarosa.xform.parse.XFormParseException: XML Syntax Error at Line: 1, Column: 10266!
	at org.opendatakit.briefcase.model.BriefcaseFormDefinition.<init>(BriefcaseFormDefinition.java:297)
	at org.opendatakit.briefcase.util.FormCache.lambda$update$1(FormCache.java:123)
	at java.util.stream.ForEachOps$ForEachOp$OfRef.accept(Unknown Source)
	at java.util.stream.ReferencePipeline$2$1.accept(Unknown Source)
	at java.util.Iterator.forEachRemaining(Unknown Source)
	at java.util.Spliterators$IteratorSpliterator.forEachRemaining(Unknown Source)
	at java.util.stream.AbstractPipeline.copyInto(Unknown Source)
	at java.util.stream.AbstractPipeline.wrapAndCopyInto(Unknown Source)
	at java.util.stream.ForEachOps$ForEachOp.evaluateSequential(Unknown Source)
	at java.util.stream.ForEachOps$ForEachOp$OfRef.evaluateSequential(Unknown Source)
	at java.util.stream.AbstractPipeline.evaluate(Unknown Source)
	at java.util.stream.ReferencePipeline.forEach(Unknown Source)
	at org.opendatakit.briefcase.util.FormCache.lambda$update$2(FormCache.java:117)
	at java.util.Optional.ifPresent(Unknown Source)
	at org.opendatakit.briefcase.util.FormCache.update(FormCache.java:113)
	at org.opendatakit.briefcase.util.FormCache.onPullSuccess(FormCache.java:150)
	at sun.reflect.GeneratedMethodAccessor11.invoke(Unknown Source)
	at sun.reflect.DelegatingMethodAccessorImpl.invoke(Unknown Source)
	at java.lang.reflect.Method.invoke(Unknown Source)
	at org.bushe.swing.event.annotation.BaseProxySubscriber.onEvent(BaseProxySubscriber.java:69)
	at org.bushe.swing.event.ThreadSafeEventService.publish(ThreadSafeEventService.java:971)
	at org.bushe.swing.event.SwingEventService.access$001(SwingEventService.java:31)
	at org.bushe.swing.event.SwingEventService$1.run(SwingEventService.java:88)
	at java.awt.event.InvocationEvent.dispatch(Unknown Source)
	at java.awt.EventQueue.dispatchEventImpl(Unknown Source)
	at java.awt.EventQueue.access$500(Unknown Source)
	at java.awt.EventQueue$3.run(Unknown Source)
	at java.awt.EventQueue$3.run(Unknown Source)
	at java.security.AccessController.doPrivileged(Native Method)
	at java.security.ProtectionDomain$JavaSecurityAccessImpl.doIntersectionPrivilege(Unknown Source)
	at java.awt.EventQueue.dispatchEvent(Unknown Source)
	at java.awt.EventDispatchThread.pumpOneEventForFilters(Unknown Source)
	at java.awt.EventDispatchThread.pumpEventsForFilter(Unknown Source)
	at java.awt.EventDispatchThread.pumpEventsForHierarchy(Unknown Source)
	at java.awt.EventDispatchThread.pumpEvents(Unknown Source)
	at java.awt.EventDispatchThread.pumpEvents(Unknown Source)
	at java.awt.EventDispatchThread.run(Unknown Source)
Caused by: org.opendatakit.aggregate.exception.ODKIncompleteSubmissionData: org.javarosa.xform.parse.XFormParseException: XML Syntax Error at Line: 1, Column: 10266!
	at org.opendatakit.aggregate.parser.BaseFormParserForJavaRosa.parseFormDefinition(BaseFormParserForJavaRosa.java:210)
	at org.opendatakit.aggregate.parser.BaseFormParserForJavaRosa.<init>(BaseFormParserForJavaRosa.java:359)
	at org.opendatakit.briefcase.util.JavaRosaParserWrapper.<init>(JavaRosaParserWrapper.java:15)
	at org.opendatakit.briefcase.model.BriefcaseFormDefinition.<init>(BriefcaseFormDefinition.java:294)
	... 36 common frames omitted
Caused by: org.javarosa.xform.parse.XFormParseException: XML Syntax Error at Line: 1, Column: 10266!
	at org.javarosa.xform.parse.XFormParser.getXMLDocument(XFormParser.java:448)
	at org.javarosa.xform.parse.XFormParser.getXMLDocument(XFormParser.java:414)
	at org.opendatakit.aggregate.parser.BaseFormParserForJavaRosa.parseFormDefinition(BaseFormParserForJavaRosa.java:207)
	... 39 common frames omitted
2025-12-16 10:05:41,380 [AWT-EventQueue-0] ERROR XFormParser - XML Syntax Error at Line: 1, Column: 10266!
org.xmlpull.v1.XmlPullParserException: element stack empty (position:END_TAG </input>@1:10266 in java.io.StringReader@78ef69) 
	at org.kxml2.io.KXmlParser.exception(Unknown Source)
	at org.kxml2.io.KXmlParser.error(Unknown Source)
	at org.kxml2.io.KXmlParser.parseEndTag(Unknown Source)
	at org.kxml2.io.KXmlParser.nextImpl(Unknown Source)
	at org.kxml2.io.KXmlParser.nextToken(Unknown Source)
	at org.kxml2.kdom.Element.parse(Unknown Source)
	at org.kxml2.kdom.Node.parse(Unknown Source)
	at org.kxml2.kdom.Document.parse(Unknown Source)
	at org.javarosa.xform.parse.XFormParser.getXMLDocument(XFormParser.java:444)
	at org.javarosa.xform.parse.XFormParser.getXMLDocument(XFormParser.java:414)
	at org.opendatakit.aggregate.parser.BaseFormParserForJavaRosa.parseFormDefinition(BaseFormParserForJavaRosa.java:207)
	at org.opendatakit.aggregate.parser.BaseFormParserForJavaRosa.<init>(BaseFormParserForJavaRosa.java:359)
	at org.opendatakit.briefcase.util.JavaRosaParserWrapper.<init>(JavaRosaParserWrapper.java:15)
	at org.opendatakit.briefcase.model.BriefcaseFormDefinition.<init>(BriefcaseFormDefinition.java:294)
	at org.opendatakit.briefcase.util.FormCache.lambda$update$1(FormCache.java:123)
	at java.util.stream.ForEachOps$ForEachOp$OfRef.accept(Unknown Source)
	at java.util.stream.ReferencePipeline$2$1.accept(Unknown Source)
	at java.util.Iterator.forEachRemaining(Unknown Source)
	at java.util.Spliterators$IteratorSpliterator.forEachRemaining(Unknown Source)
	at java.util.stream.AbstractPipeline.copyInto(Unknown Source)
	at java.util.stream.AbstractPipeline.wrapAndCopyInto(Unknown Source)
	at java.util.stream.ForEachOps$ForEachOp.evaluateSequential(Unknown Source)
	at java.util.stream.ForEachOps$ForEachOp$OfRef.evaluateSequential(Unknown Source)
	at java.util.stream.AbstractPipeline.evaluate(Unknown Source)
	at java.util.stream.ReferencePipeline.forEach(Unknown Source)
	at org.opendatakit.briefcase.util.FormCache.lambda$update$2(FormCache.java:117)
	at java.util.Optional.ifPresent(Unknown Source)
	at org.opendatakit.briefcase.util.FormCache.update(FormCache.java:113)
	at org.opendatakit.briefcase.util.FormCache.onPullSuccess(FormCache.java:150)
	at sun.reflect.GeneratedMethodAccessor11.invoke(Unknown Source)
	at sun.reflect.DelegatingMethodAccessorImpl.invoke(Unknown Source)
	at java.lang.reflect.Method.invoke(Unknown Source)
	at org.bushe.swing.event.annotation.BaseProxySubscriber.onEvent(BaseProxySubscriber.java:69)
	at org.bushe.swing.event.ThreadSafeEventService.publish(ThreadSafeEventService.java:971)
	at org.bushe.swing.event.SwingEventService.access$001(SwingEventService.java:31)
	at org.bushe.swing.event.SwingEventService$1.run(SwingEventService.java:88)
	at java.awt.event.InvocationEvent.dispatch(Unknown Source)
	at java.awt.EventQueue.dispatchEventImpl(Unknown Source)
	at java.awt.EventQueue.access$500(Unknown Source)
	at java.awt.EventQueue$3.run(Unknown Source)
	at java.awt.EventQueue$3.run(Unknown Source)
	at java.security.AccessController.doPrivileged(Native Method)
	at java.security.ProtectionDomain$JavaSecurityAccessImpl.doIntersectionPrivilege(Unknown Source)
	at java.awt.EventQueue.dispatchEvent(Unknown Source)
	at java.awt.EventDispatchThread.pumpOneEventForFilters(Unknown Source)
	at java.awt.EventDispatchThread.pumpEventsForFilter(Unknown Source)
	at java.awt.EventDispatchThread.pumpEventsForHierarchy(Unknown Source)
	at java.awt.EventDispatchThread.pumpEvents(Unknown Source)
	at java.awt.EventDispatchThread.pumpEvents(Unknown Source)
	at java.awt.EventDispatchThread.run(Unknown Source)
2025-12-16 10:05:41,380 [AWT-EventQueue-0] WARN  o.o.briefcase.util.FormCache - Can't parse form file
org.opendatakit.briefcase.util.BadFormDefinition: org.opendatakit.aggregate.exception.ODKIncompleteSubmissionData: org.javarosa.xform.parse.XFormParseException: XML Syntax Error at Line: 1, Column: 10266!
	at org.opendatakit.briefcase.model.BriefcaseFormDefinition.<init>(BriefcaseFormDefinition.java:297)
	at org.opendatakit.briefcase.util.FormCache.lambda$update$1(FormCache.java:123)
	at java.util.stream.ForEachOps$ForEachOp$OfRef.accept(Unknown Source)
	at java.util.stream.ReferencePipeline$2$1.accept(Unknown Source)
	at java.util.Iterator.forEachRemaining(Unknown Source)
	at java.util.Spliterators$IteratorSpliterator.forEachRemaining(Unknown Source)
	at java.util.stream.AbstractPipeline.copyInto(Unknown Source)
	at java.util.stream.AbstractPipeline.wrapAndCopyInto(Unknown Source)
	at java.util.stream.ForEachOps$ForEachOp.evaluateSequential(Unknown Source)
	at java.util.stream.ForEachOps$ForEachOp$OfRef.evaluateSequential(Unknown Source)
	at java.util.stream.AbstractPipeline.evaluate(Unknown Source)
	at java.util.stream.ReferencePipeline.forEach(Unknown Source)
	at org.opendatakit.briefcase.util.FormCache.lambda$update$2(FormCache.java:117)
	at java.util.Optional.ifPresent(Unknown Source)
	at org.opendatakit.briefcase.util.FormCache.update(FormCache.java:113)
	at org.opendatakit.briefcase.util.FormCache.onPullSuccess(FormCache.java:150)
	at sun.reflect.GeneratedMethodAccessor11.invoke(Unknown Source)
	at sun.reflect.DelegatingMethodAccessorImpl.invoke(Unknown Source)
	at java.lang.reflect.Method.invoke(Unknown Source)
	at org.bushe.swing.event.annotation.BaseProxySubscriber.onEvent(BaseProxySubscriber.java:69)
	at org.bushe.swing.event.ThreadSafeEventService.publish(ThreadSafeEventService.java:971)
	at org.bushe.swing.event.SwingEventService.access$001(SwingEventService.java:31)
	at org.bushe.swing.event.SwingEventService$1.run(SwingEventService.java:88)
	at java.awt.event.InvocationEvent.dispatch(Unknown Source)
	at java.awt.EventQueue.dispatchEventImpl(Unknown Source)
	at java.awt.EventQueue.access$500(Unknown Source)
	at java.awt.EventQueue$3.run(Unknown Source)
	at java.awt.EventQueue$3.run(Unknown Source)
	at java.security.AccessController.doPrivileged(Native Method)
	at java.security.ProtectionDomain$JavaSecurityAccessImpl.doIntersectionPrivilege(Unknown Source)
	at java.awt.EventQueue.dispatchEvent(Unknown Source)
	at java.awt.EventDispatchThread.pumpOneEventForFilters(Unknown Source)
	at java.awt.EventDispatchThread.pumpEventsForFilter(Unknown Source)
	at java.awt.EventDispatchThread.pumpEventsForHierarchy(Unknown Source)
	at java.awt.EventDispatchThread.pumpEvents(Unknown Source)
	at java.awt.EventDispatchThread.pumpEvents(Unknown Source)
	at java.awt.EventDispatchThread.run(Unknown Source)
Caused by: org.opendatakit.aggregate.exception.ODKIncompleteSubmissionData: org.javarosa.xform.parse.XFormParseException: XML Syntax Error at Line: 1, Column: 10266!
	at org.opendatakit.aggregate.parser.BaseFormParserForJavaRosa.parseFormDefinition(BaseFormParserForJavaRosa.java:210)
	at org.opendatakit.aggregate.parser.BaseFormParserForJavaRosa.<init>(BaseFormParserForJavaRosa.java:359)
	at org.opendatakit.briefcase.util.JavaRosaParserWrapper.<init>(JavaRosaParserWrapper.java:15)
	at org.opendatakit.briefcase.model.BriefcaseFormDefinition.<init>(BriefcaseFormDefinition.java:294)
	... 36 common frames omitted
Caused by: org.javarosa.xform.parse.XFormParseException: XML Syntax Error at Line: 1, Column: 10266!
	at org.javarosa.xform.parse.XFormParser.getXMLDocument(XFormParser.java:448)
	at org.javarosa.xform.parse.XFormParser.getXMLDocument(XFormParser.java:414)
	at org.opendatakit.aggregate.parser.BaseFormParserForJavaRosa.parseFormDefinition(BaseFormParserForJavaRosa.java:207)
	... 39 common frames omitted
2025-12-16 10:05:42,101 [ForkJoinPool-15-worker-8] INFO  o.o.b.p.a.PullFromAggregateTracker - Pull VIGILÂNCIA  AMBIENTAL - Got all the submission IDs
2025-12-16 10:05:42,106 [ForkJoinPool-15-worker-8] INFO  o.o.b.p.a.PullFromAggregateTracker - Push VIGILÂNCIA  AMBIENTAL - There are no submissions to download
2025-12-16 10:05:42,119 [ForkJoinPool-15-worker-8] INFO  o.o.b.p.a.PullFromAggregateTracker - Pull VIGILÂNCIA  AMBIENTAL - Success
2025-12-16 10:05:42,121 [ForkJoinPool-15-worker-13] INFO  o.o.b.p.a.PullFromAggregateTracker - Pull Formulário da Vigilancia Hospitalar - Form downloaded
2025-12-16 10:05:42,121 [ForkJoinPool-15-worker-13] INFO  o.o.b.p.a.PullFromAggregateTracker - Pull Formulário da Vigilancia Hospitalar - Start getting submission IDs
2025-12-16 10:05:42,194 [AWT-EventQueue-0] INFO  XFormParser - Reading XML and parsing with kXML2 finished in 23.240 ms
2025-12-16 10:05:42,205 [AWT-EventQueue-0] INFO  XFormParser - Consolidating text finished in 8.457 ms
2025-12-16 10:05:42,205 [AWT-EventQueue-0] INFO  XFormParser - Parsing form...
2025-12-16 10:05:42,205 [AWT-EventQueue-0] INFO  XFormParser - Title: "Formulário da Vigilancia Hospitalar"
2025-12-16 10:05:42,205 [AWT-EventQueue-0] WARN  XFormParser - XForm Parse Warning: Warning: 1 Unrecognized attributes found in Element [model] and will be ignored: [xforms-version] 
    Problem found at nodeset: /html/head/model
    With element <model xforms-version="1.0.0"><instance><data id="hospitalar_v4" version="1" prefix="hospitalar_v4" delimiter="$">...

2025-12-16 10:05:42,243 [AWT-EventQueue-0] INFO  XFormParser - Creating FormDef from parsed XML finished in 38.163 ms
2025-12-16 10:05:42,245 [AWT-EventQueue-0] ERROR XFormParser - XML Syntax Error at Line: 1, Column: 10266!
org.xmlpull.v1.XmlPullParserException: element stack empty (position:END_TAG </input>@1:10266 in java.io.StringReader@1eb7678) 
	at org.kxml2.io.KXmlParser.exception(Unknown Source)
	at org.kxml2.io.KXmlParser.error(Unknown Source)
	at org.kxml2.io.KXmlParser.parseEndTag(Unknown Source)
	at org.kxml2.io.KXmlParser.nextImpl(Unknown Source)
	at org.kxml2.io.KXmlParser.nextToken(Unknown Source)
	at org.kxml2.kdom.Element.parse(Unknown Source)
	at org.kxml2.kdom.Node.parse(Unknown Source)
	at org.kxml2.kdom.Document.parse(Unknown Source)
	at org.javarosa.xform.parse.XFormParser.getXMLDocument(XFormParser.java:444)
	at org.javarosa.xform.parse.XFormParser.getXMLDocument(XFormParser.java:414)
	at org.opendatakit.aggregate.parser.BaseFormParserForJavaRosa.parseFormDefinition(BaseFormParserForJavaRosa.java:207)
	at org.opendatakit.aggregate.parser.BaseFormParserForJavaRosa.<init>(BaseFormParserForJavaRosa.java:359)
	at org.opendatakit.briefcase.util.JavaRosaParserWrapper.<init>(JavaRosaParserWrapper.java:15)
	at org.opendatakit.briefcase.model.BriefcaseFormDefinition.<init>(BriefcaseFormDefinition.java:294)
	at org.opendatakit.briefcase.util.FormCache.lambda$update$1(FormCache.java:123)
	at java.util.stream.ForEachOps$ForEachOp$OfRef.accept(Unknown Source)
	at java.util.stream.ReferencePipeline$2$1.accept(Unknown Source)
	at java.util.Iterator.forEachRemaining(Unknown Source)
	at java.util.Spliterators$IteratorSpliterator.forEachRemaining(Unknown Source)
	at java.util.stream.AbstractPipeline.copyInto(Unknown Source)
	at java.util.stream.AbstractPipeline.wrapAndCopyInto(Unknown Source)
	at java.util.stream.ForEachOps$ForEachOp.evaluateSequential(Unknown Source)
	at java.util.stream.ForEachOps$ForEachOp$OfRef.evaluateSequential(Unknown Source)
	at java.util.stream.AbstractPipeline.evaluate(Unknown Source)
	at java.util.stream.ReferencePipeline.forEach(Unknown Source)
	at org.opendatakit.briefcase.util.FormCache.lambda$update$2(FormCache.java:117)
	at java.util.Optional.ifPresent(Unknown Source)
	at org.opendatakit.briefcase.util.FormCache.update(FormCache.java:113)
	at org.opendatakit.briefcase.util.FormCache.onPullSuccess(FormCache.java:150)
	at sun.reflect.GeneratedMethodAccessor11.invoke(Unknown Source)
	at sun.reflect.DelegatingMethodAccessorImpl.invoke(Unknown Source)
	at java.lang.reflect.Method.invoke(Unknown Source)
	at org.bushe.swing.event.annotation.BaseProxySubscriber.onEvent(BaseProxySubscriber.java:69)
	at org.bushe.swing.event.ThreadSafeEventService.publish(ThreadSafeEventService.java:971)
	at org.bushe.swing.event.SwingEventService.access$001(SwingEventService.java:31)
	at org.bushe.swing.event.SwingEventService$1.run(SwingEventService.java:88)
	at java.awt.event.InvocationEvent.dispatch(Unknown Source)
	at java.awt.EventQueue.dispatchEventImpl(Unknown Source)
	at java.awt.EventQueue.access$500(Unknown Source)
	at java.awt.EventQueue$3.run(Unknown Source)
	at java.awt.EventQueue$3.run(Unknown Source)
	at java.security.AccessController.doPrivileged(Native Method)
	at java.security.ProtectionDomain$JavaSecurityAccessImpl.doIntersectionPrivilege(Unknown Source)
	at java.awt.EventQueue.dispatchEvent(Unknown Source)
	at java.awt.EventDispatchThread.pumpOneEventForFilters(Unknown Source)
	at java.awt.EventDispatchThread.pumpEventsForFilter(Unknown Source)
	at java.awt.EventDispatchThread.pumpEventsForHierarchy(Unknown Source)
	at java.awt.EventDispatchThread.pumpEvents(Unknown Source)
	at java.awt.EventDispatchThread.pumpEvents(Unknown Source)
	at java.awt.EventDispatchThread.run(Unknown Source)
2025-12-16 10:05:42,247 [AWT-EventQueue-0] WARN  o.o.briefcase.util.FormCache - Can't parse form file
org.opendatakit.briefcase.util.BadFormDefinition: org.opendatakit.aggregate.exception.ODKIncompleteSubmissionData: org.javarosa.xform.parse.XFormParseException: XML Syntax Error at Line: 1, Column: 10266!
	at org.opendatakit.briefcase.model.BriefcaseFormDefinition.<init>(BriefcaseFormDefinition.java:297)
	at org.opendatakit.briefcase.util.FormCache.lambda$update$1(FormCache.java:123)
	at java.util.stream.ForEachOps$ForEachOp$OfRef.accept(Unknown Source)
	at java.util.stream.ReferencePipeline$2$1.accept(Unknown Source)
	at java.util.Iterator.forEachRemaining(Unknown Source)
	at java.util.Spliterators$IteratorSpliterator.forEachRemaining(Unknown Source)
	at java.util.stream.AbstractPipeline.copyInto(Unknown Source)
	at java.util.stream.AbstractPipeline.wrapAndCopyInto(Unknown Source)
	at java.util.stream.ForEachOps$ForEachOp.evaluateSequential(Unknown Source)
	at java.util.stream.ForEachOps$ForEachOp$OfRef.evaluateSequential(Unknown Source)
	at java.util.stream.AbstractPipeline.evaluate(Unknown Source)
	at java.util.stream.ReferencePipeline.forEach(Unknown Source)
	at org.opendatakit.briefcase.util.FormCache.lambda$update$2(FormCache.java:117)
	at java.util.Optional.ifPresent(Unknown Source)
	at org.opendatakit.briefcase.util.FormCache.update(FormCache.java:113)
	at org.opendatakit.briefcase.util.FormCache.onPullSuccess(FormCache.java:150)
	at sun.reflect.GeneratedMethodAccessor11.invoke(Unknown Source)
	at sun.reflect.DelegatingMethodAccessorImpl.invoke(Unknown Source)
	at java.lang.reflect.Method.invoke(Unknown Source)
	at org.bushe.swing.event.annotation.BaseProxySubscriber.onEvent(BaseProxySubscriber.java:69)
	at org.bushe.swing.event.ThreadSafeEventService.publish(ThreadSafeEventService.java:971)
	at org.bushe.swing.event.SwingEventService.access$001(SwingEventService.java:31)
	at org.bushe.swing.event.SwingEventService$1.run(SwingEventService.java:88)
	at java.awt.event.InvocationEvent.dispatch(Unknown Source)
	at java.awt.EventQueue.dispatchEventImpl(Unknown Source)
	at java.awt.EventQueue.access$500(Unknown Source)
	at java.awt.EventQueue$3.run(Unknown Source)
	at java.awt.EventQueue$3.run(Unknown Source)
	at java.security.AccessController.doPrivileged(Native Method)
	at java.security.ProtectionDomain$JavaSecurityAccessImpl.doIntersectionPrivilege(Unknown Source)
	at java.awt.EventQueue.dispatchEvent(Unknown Source)
	at java.awt.EventDispatchThread.pumpOneEventForFilters(Unknown Source)
	at java.awt.EventDispatchThread.pumpEventsForFilter(Unknown Source)
	at java.awt.EventDispatchThread.pumpEventsForHierarchy(Unknown Source)
	at java.awt.EventDispatchThread.pumpEvents(Unknown Source)
	at java.awt.EventDispatchThread.pumpEvents(Unknown Source)
	at java.awt.EventDispatchThread.run(Unknown Source)
Caused by: org.opendatakit.aggregate.exception.ODKIncompleteSubmissionData: org.javarosa.xform.parse.XFormParseException: XML Syntax Error at Line: 1, Column: 10266!
	at org.opendatakit.aggregate.parser.BaseFormParserForJavaRosa.parseFormDefinition(BaseFormParserForJavaRosa.java:210)
	at org.opendatakit.aggregate.parser.BaseFormParserForJavaRosa.<init>(BaseFormParserForJavaRosa.java:359)
	at org.opendatakit.briefcase.util.JavaRosaParserWrapper.<init>(JavaRosaParserWrapper.java:15)
	at org.opendatakit.briefcase.model.BriefcaseFormDefinition.<init>(BriefcaseFormDefinition.java:294)
	... 36 common frames omitted
Caused by: org.javarosa.xform.parse.XFormParseException: XML Syntax Error at Line: 1, Column: 10266!
	at org.javarosa.xform.parse.XFormParser.getXMLDocument(XFormParser.java:448)
	at org.javarosa.xform.parse.XFormParser.getXMLDocument(XFormParser.java:414)
	at org.opendatakit.aggregate.parser.BaseFormParserForJavaRosa.parseFormDefinition(BaseFormParserForJavaRosa.java:207)
	... 39 common frames omitted
2025-12-16 10:05:42,468 [ForkJoinPool-15-worker-15] INFO  o.o.b.p.a.PullFromAggregateTracker - Pull Resultados de testagem das vigilâncias - Form downloaded
2025-12-16 10:05:42,468 [ForkJoinPool-15-worker-15] INFO  o.o.b.p.a.PullFromAggregateTracker - Pull Resultados de testagem das vigilâncias - Start getting form manifest
2025-12-16 10:05:42,468 [ForkJoinPool-15-worker-11] INFO  o.o.b.p.a.PullFromAggregateTracker - Pull Formulário da Vigilancia Comunitaria - Form downloaded
2025-12-16 10:05:42,470 [ForkJoinPool-15-worker-11] INFO  o.o.b.p.a.PullFromAggregateTracker - Pull Formulário da Vigilancia Comunitaria - Start getting submission IDs
2025-12-16 10:05:42,609 [ForkJoinPool-15-worker-13] INFO  o.o.b.p.a.PullFromAggregateTracker - Pull Formulário da Vigilancia Hospitalar - Got all the submission IDs
2025-12-16 10:05:42,624 [ForkJoinPool-15-worker-3] INFO  o.o.b.p.a.PullFromAggregateTracker - Pull Formulário da Vigilancia Hospitalar - Form downloaded
2025-12-16 10:05:42,624 [ForkJoinPool-15-worker-3] INFO  o.o.b.p.a.PullFromAggregateTracker - Pull Formulário da Vigilancia Hospitalar - Start getting submission IDs
2025-12-16 10:05:42,687 [ForkJoinPool-15-worker-13] INFO  o.o.b.p.a.PullFromAggregateTracker - Push Formulário da Vigilancia Hospitalar - There are no submissions to download
2025-12-16 10:05:42,692 [ForkJoinPool-15-worker-13] INFO  o.o.b.p.a.PullFromAggregateTracker - Pull Formulário da Vigilancia Hospitalar - Success
2025-12-16 10:05:42,717 [ForkJoinPool-15-worker-15] INFO  o.o.b.p.a.PullFromAggregateTracker - Pull Resultados de testagem das vigilâncias - Got the form manifest
2025-12-16 10:05:42,720 [ForkJoinPool-15-worker-15] INFO  o.o.b.p.a.PullFromAggregateTracker - Pull Resultados de testagem das vigilâncias - Skipping 1 form attachments that have been already downloaded
2025-12-16 10:05:42,720 [ForkJoinPool-15-worker-15] INFO  o.o.b.p.a.PullFromAggregateTracker - Pull Resultados de testagem das vigilâncias - Start getting submission IDs
2025-12-16 10:05:42,738 [ForkJoinPool-15-worker-11] INFO  o.o.b.p.a.PullFromAggregateTracker - Pull Formulário da Vigilancia Comunitaria - Got all the submission IDs
2025-12-16 10:05:42,776 [AWT-EventQueue-0] INFO  XFormParser - Reading XML and parsing with kXML2 finished in 33.856 ms
2025-12-16 10:05:42,785 [AWT-EventQueue-0] INFO  XFormParser - Consolidating text finished in 10.483 ms
2025-12-16 10:05:42,791 [AWT-EventQueue-0] INFO  XFormParser - Parsing form...
2025-12-16 10:05:42,791 [AWT-EventQueue-0] INFO  XFormParser - Title: "Formulário da Vigilancia Comunitaria"
2025-12-16 10:05:42,791 [AWT-EventQueue-0] WARN  XFormParser - XForm Parse Warning: Warning: 1 Unrecognized attributes found in Element [model] and will be ignored: [xforms-version] 
    Problem found at nodeset: /html/head/model
    With element <model xforms-version="1.0.0"><instance><data id="Comunidade_v4" version="1" prefix="Comunidade_v4" delimiter="$">...

2025-12-16 10:05:42,817 [ForkJoinPool-15-worker-11] INFO  o.o.b.p.a.PullFromAggregateTracker - Push Formulário da Vigilancia Comunitaria - There are no submissions to download
2025-12-16 10:05:42,836 [ForkJoinPool-15-worker-11] INFO  o.o.b.p.a.PullFromAggregateTracker - Pull Formulário da Vigilancia Comunitaria - Success
2025-12-16 10:05:42,872 [AWT-EventQueue-0] INFO  XFormParser - Creating FormDef from parsed XML finished in 81.733 ms
2025-12-16 10:05:42,895 [AWT-EventQueue-0] INFO  XFormParser - Reading XML and parsing with kXML2 finished in 16.658 ms
2025-12-16 10:05:42,914 [AWT-EventQueue-0] INFO  XFormParser - Consolidating text finished in 7.495 ms
2025-12-16 10:05:42,914 [AWT-EventQueue-0] INFO  XFormParser - Parsing form...
2025-12-16 10:05:42,914 [AWT-EventQueue-0] INFO  XFormParser - Title: "Formulário da Vigilancia Hospitalar"
2025-12-16 10:05:42,914 [AWT-EventQueue-0] WARN  XFormParser - XForm Parse Warning: Warning: 1 Unrecognized attributes found in Element [model] and will be ignored: [xforms-version] 
    Problem found at nodeset: /html/head/model
    With element <model xforms-version="1.0.0"><instance><data id="hospitalar_v5" version="1" prefix="hospitalar_v5" delimiter="$">...

2025-12-16 10:05:42,943 [AWT-EventQueue-0] INFO  XFormParser - Creating FormDef from parsed XML finished in 29.022 ms
2025-12-16 10:05:42,945 [AWT-EventQueue-0] ERROR XFormParser - XML Syntax Error at Line: 1, Column: 10266!
org.xmlpull.v1.XmlPullParserException: element stack empty (position:END_TAG </input>@1:10266 in java.io.StringReader@1759aa) 
	at org.kxml2.io.KXmlParser.exception(Unknown Source)
	at org.kxml2.io.KXmlParser.error(Unknown Source)
	at org.kxml2.io.KXmlParser.parseEndTag(Unknown Source)
	at org.kxml2.io.KXmlParser.nextImpl(Unknown Source)
	at org.kxml2.io.KXmlParser.nextToken(Unknown Source)
	at org.kxml2.kdom.Element.parse(Unknown Source)
	at org.kxml2.kdom.Node.parse(Unknown Source)
	at org.kxml2.kdom.Document.parse(Unknown Source)
	at org.javarosa.xform.parse.XFormParser.getXMLDocument(XFormParser.java:444)
	at org.javarosa.xform.parse.XFormParser.getXMLDocument(XFormParser.java:414)
	at org.opendatakit.aggregate.parser.BaseFormParserForJavaRosa.parseFormDefinition(BaseFormParserForJavaRosa.java:207)
	at org.opendatakit.aggregate.parser.BaseFormParserForJavaRosa.<init>(BaseFormParserForJavaRosa.java:359)
	at org.opendatakit.briefcase.util.JavaRosaParserWrapper.<init>(JavaRosaParserWrapper.java:15)
	at org.opendatakit.briefcase.model.BriefcaseFormDefinition.<init>(BriefcaseFormDefinition.java:294)
	at org.opendatakit.briefcase.util.FormCache.lambda$update$1(FormCache.java:123)
	at java.util.stream.ForEachOps$ForEachOp$OfRef.accept(Unknown Source)
	at java.util.stream.ReferencePipeline$2$1.accept(Unknown Source)
	at java.util.Iterator.forEachRemaining(Unknown Source)
	at java.util.Spliterators$IteratorSpliterator.forEachRemaining(Unknown Source)
	at java.util.stream.AbstractPipeline.copyInto(Unknown Source)
	at java.util.stream.AbstractPipeline.wrapAndCopyInto(Unknown Source)
	at java.util.stream.ForEachOps$ForEachOp.evaluateSequential(Unknown Source)
	at java.util.stream.ForEachOps$ForEachOp$OfRef.evaluateSequential(Unknown Source)
	at java.util.stream.AbstractPipeline.evaluate(Unknown Source)
	at java.util.stream.ReferencePipeline.forEach(Unknown Source)
	at org.opendatakit.briefcase.util.FormCache.lambda$update$2(FormCache.java:117)
	at java.util.Optional.ifPresent(Unknown Source)
	at org.opendatakit.briefcase.util.FormCache.update(FormCache.java:113)
	at org.opendatakit.briefcase.util.FormCache.onPullSuccess(FormCache.java:150)
	at sun.reflect.GeneratedMethodAccessor11.invoke(Unknown Source)
	at sun.reflect.DelegatingMethodAccessorImpl.invoke(Unknown Source)
	at java.lang.reflect.Method.invoke(Unknown Source)
	at org.bushe.swing.event.annotation.BaseProxySubscriber.onEvent(BaseProxySubscriber.java:69)
	at org.bushe.swing.event.ThreadSafeEventService.publish(ThreadSafeEventService.java:971)
	at org.bushe.swing.event.SwingEventService.access$001(SwingEventService.java:31)
	at org.bushe.swing.event.SwingEventService$1.run(SwingEventService.java:88)
	at java.awt.event.InvocationEvent.dispatch(Unknown Source)
	at java.awt.EventQueue.dispatchEventImpl(Unknown Source)
	at java.awt.EventQueue.access$500(Unknown Source)
	at java.awt.EventQueue$3.run(Unknown Source)
	at java.awt.EventQueue$3.run(Unknown Source)
	at java.security.AccessController.doPrivileged(Native Method)
	at java.security.ProtectionDomain$JavaSecurityAccessImpl.doIntersectionPrivilege(Unknown Source)
	at java.awt.EventQueue.dispatchEvent(Unknown Source)
	at java.awt.EventDispatchThread.pumpOneEventForFilters(Unknown Source)
	at java.awt.EventDispatchThread.pumpEventsForFilter(Unknown Source)
	at java.awt.EventDispatchThread.pumpEventsForHierarchy(Unknown Source)
	at java.awt.EventDispatchThread.pumpEvents(Unknown Source)
	at java.awt.EventDispatchThread.pumpEvents(Unknown Source)
	at java.awt.EventDispatchThread.run(Unknown Source)
2025-12-16 10:05:42,945 [AWT-EventQueue-0] WARN  o.o.briefcase.util.FormCache - Can't parse form file
org.opendatakit.briefcase.util.BadFormDefinition: org.opendatakit.aggregate.exception.ODKIncompleteSubmissionData: org.javarosa.xform.parse.XFormParseException: XML Syntax Error at Line: 1, Column: 10266!
	at org.opendatakit.briefcase.model.BriefcaseFormDefinition.<init>(BriefcaseFormDefinition.java:297)
	at org.opendatakit.briefcase.util.FormCache.lambda$update$1(FormCache.java:123)
	at java.util.stream.ForEachOps$ForEachOp$OfRef.accept(Unknown Source)
	at java.util.stream.ReferencePipeline$2$1.accept(Unknown Source)
	at java.util.Iterator.forEachRemaining(Unknown Source)
	at java.util.Spliterators$IteratorSpliterator.forEachRemaining(Unknown Source)
	at java.util.stream.AbstractPipeline.copyInto(Unknown Source)
	at java.util.stream.AbstractPipeline.wrapAndCopyInto(Unknown Source)
	at java.util.stream.ForEachOps$ForEachOp.evaluateSequential(Unknown Source)
	at java.util.stream.ForEachOps$ForEachOp$OfRef.evaluateSequential(Unknown Source)
	at java.util.stream.AbstractPipeline.evaluate(Unknown Source)
	at java.util.stream.ReferencePipeline.forEach(Unknown Source)
	at org.opendatakit.briefcase.util.FormCache.lambda$update$2(FormCache.java:117)
	at java.util.Optional.ifPresent(Unknown Source)
	at org.opendatakit.briefcase.util.FormCache.update(FormCache.java:113)
	at org.opendatakit.briefcase.util.FormCache.onPullSuccess(FormCache.java:150)
	at sun.reflect.GeneratedMethodAccessor11.invoke(Unknown Source)
	at sun.reflect.DelegatingMethodAccessorImpl.invoke(Unknown Source)
	at java.lang.reflect.Method.invoke(Unknown Source)
	at org.bushe.swing.event.annotation.BaseProxySubscriber.onEvent(BaseProxySubscriber.java:69)
	at org.bushe.swing.event.ThreadSafeEventService.publish(ThreadSafeEventService.java:971)
	at org.bushe.swing.event.SwingEventService.access$001(SwingEventService.java:31)
	at org.bushe.swing.event.SwingEventService$1.run(SwingEventService.java:88)
	at java.awt.event.InvocationEvent.dispatch(Unknown Source)
	at java.awt.EventQueue.dispatchEventImpl(Unknown Source)
	at java.awt.EventQueue.access$500(Unknown Source)
	at java.awt.EventQueue$3.run(Unknown Source)
	at java.awt.EventQueue$3.run(Unknown Source)
	at java.security.AccessController.doPrivileged(Native Method)
	at java.security.ProtectionDomain$JavaSecurityAccessImpl.doIntersectionPrivilege(Unknown Source)
	at java.awt.EventQueue.dispatchEvent(Unknown Source)
	at java.awt.EventDispatchThread.pumpOneEventForFilters(Unknown Source)
	at java.awt.EventDispatchThread.pumpEventsForFilter(Unknown Source)
	at java.awt.EventDispatchThread.pumpEventsForHierarchy(Unknown Source)
	at java.awt.EventDispatchThread.pumpEvents(Unknown Source)
	at java.awt.EventDispatchThread.pumpEvents(Unknown Source)
	at java.awt.EventDispatchThread.run(Unknown Source)
Caused by: org.opendatakit.aggregate.exception.ODKIncompleteSubmissionData: org.javarosa.xform.parse.XFormParseException: XML Syntax Error at Line: 1, Column: 10266!
	at org.opendatakit.aggregate.parser.BaseFormParserForJavaRosa.parseFormDefinition(BaseFormParserForJavaRosa.java:210)
	at org.opendatakit.aggregate.parser.BaseFormParserForJavaRosa.<init>(BaseFormParserForJavaRosa.java:359)
	at org.opendatakit.briefcase.util.JavaRosaParserWrapper.<init>(JavaRosaParserWrapper.java:15)
	at org.opendatakit.briefcase.model.BriefcaseFormDefinition.<init>(BriefcaseFormDefinition.java:294)
	... 36 common frames omitted
Caused by: org.javarosa.xform.parse.XFormParseException: XML Syntax Error at Line: 1, Column: 10266!
	at org.javarosa.xform.parse.XFormParser.getXMLDocument(XFormParser.java:448)
	at org.javarosa.xform.parse.XFormParser.getXMLDocument(XFormParser.java:414)
	at org.opendatakit.aggregate.parser.BaseFormParserForJavaRosa.parseFormDefinition(BaseFormParserForJavaRosa.java:207)
	... 39 common frames omitted
2025-12-16 10:05:42,955 [ForkJoinPool-15-worker-3] INFO  o.o.b.p.a.PullFromAggregateTracker - Pull Formulário da Vigilancia Hospitalar - Got all the submission IDs
2025-12-16 10:05:43,110 [ForkJoinPool-15-worker-15] INFO  o.o.b.p.a.PullFromAggregateTracker - Pull Resultados de testagem das vigilâncias - Got all the submission IDs
2025-12-16 10:05:43,154 [ForkJoinPool-15-worker-3] INFO  o.o.b.p.a.PullFromAggregateTracker - Push Formulário da Vigilancia Hospitalar - There are no submissions to download
2025-12-16 10:05:43,154 [ForkJoinPool-15-worker-15] INFO  o.o.b.p.a.PullFromAggregateTracker - Push Resultados de testagem das vigilâncias - There are no submissions to download
2025-12-16 10:05:43,160 [ForkJoinPool-15-worker-3] INFO  o.o.b.p.a.PullFromAggregateTracker - Pull Formulário da Vigilancia Hospitalar - Success
2025-12-16 10:05:43,163 [ForkJoinPool-15-worker-15] INFO  o.o.b.p.a.PullFromAggregateTracker - Pull Resultados de testagem das vigilâncias - Success
2025-12-16 10:05:43,230 [AWT-EventQueue-0] ERROR XFormParser - XML Syntax Error at Line: 1, Column: 10266!
org.xmlpull.v1.XmlPullParserException: element stack empty (position:END_TAG </input>@1:10266 in java.io.StringReader@167de58) 
	at org.kxml2.io.KXmlParser.exception(Unknown Source)
	at org.kxml2.io.KXmlParser.error(Unknown Source)
	at org.kxml2.io.KXmlParser.parseEndTag(Unknown Source)
	at org.kxml2.io.KXmlParser.nextImpl(Unknown Source)
	at org.kxml2.io.KXmlParser.nextToken(Unknown Source)
	at org.kxml2.kdom.Element.parse(Unknown Source)
	at org.kxml2.kdom.Node.parse(Unknown Source)
	at org.kxml2.kdom.Document.parse(Unknown Source)
	at org.javarosa.xform.parse.XFormParser.getXMLDocument(XFormParser.java:444)
	at org.javarosa.xform.parse.XFormParser.getXMLDocument(XFormParser.java:414)
	at org.opendatakit.aggregate.parser.BaseFormParserForJavaRosa.parseFormDefinition(BaseFormParserForJavaRosa.java:207)
	at org.opendatakit.aggregate.parser.BaseFormParserForJavaRosa.<init>(BaseFormParserForJavaRosa.java:359)
	at org.opendatakit.briefcase.util.JavaRosaParserWrapper.<init>(JavaRosaParserWrapper.java:15)
	at org.opendatakit.briefcase.model.BriefcaseFormDefinition.<init>(BriefcaseFormDefinition.java:294)
	at org.opendatakit.briefcase.util.FormCache.lambda$update$1(FormCache.java:123)
	at java.util.stream.ForEachOps$ForEachOp$OfRef.accept(Unknown Source)
	at java.util.stream.ReferencePipeline$2$1.accept(Unknown Source)
	at java.util.Iterator.forEachRemaining(Unknown Source)
	at java.util.Spliterators$IteratorSpliterator.forEachRemaining(Unknown Source)
	at java.util.stream.AbstractPipeline.copyInto(Unknown Source)
	at java.util.stream.AbstractPipeline.wrapAndCopyInto(Unknown Source)
	at java.util.stream.ForEachOps$ForEachOp.evaluateSequential(Unknown Source)
	at java.util.stream.ForEachOps$ForEachOp$OfRef.evaluateSequential(Unknown Source)
	at java.util.stream.AbstractPipeline.evaluate(Unknown Source)
	at java.util.stream.ReferencePipeline.forEach(Unknown Source)
	at org.opendatakit.briefcase.util.FormCache.lambda$update$2(FormCache.java:117)
	at java.util.Optional.ifPresent(Unknown Source)
	at org.opendatakit.briefcase.util.FormCache.update(FormCache.java:113)
	at org.opendatakit.briefcase.util.FormCache.onPullSuccess(FormCache.java:150)
	at sun.reflect.GeneratedMethodAccessor11.invoke(Unknown Source)
	at sun.reflect.DelegatingMethodAccessorImpl.invoke(Unknown Source)
	at java.lang.reflect.Method.invoke(Unknown Source)
	at org.bushe.swing.event.annotation.BaseProxySubscriber.onEvent(BaseProxySubscriber.java:69)
	at org.bushe.swing.event.ThreadSafeEventService.publish(ThreadSafeEventService.java:971)
	at org.bushe.swing.event.SwingEventService.access$001(SwingEventService.java:31)
	at org.bushe.swing.event.SwingEventService$1.run(SwingEventService.java:88)
	at java.awt.event.InvocationEvent.dispatch(Unknown Source)
	at java.awt.EventQueue.dispatchEventImpl(Unknown Source)
	at java.awt.EventQueue.access$500(Unknown Source)
	at java.awt.EventQueue$3.run(Unknown Source)
	at java.awt.EventQueue$3.run(Unknown Source)
	at java.security.AccessController.doPrivileged(Native Method)
	at java.security.ProtectionDomain$JavaSecurityAccessImpl.doIntersectionPrivilege(Unknown Source)
	at java.awt.EventQueue.dispatchEvent(Unknown Source)
	at java.awt.EventDispatchThread.pumpOneEventForFilters(Unknown Source)
	at java.awt.EventDispatchThread.pumpEventsForFilter(Unknown Source)
	at java.awt.EventDispatchThread.pumpEventsForHierarchy(Unknown Source)
	at java.awt.EventDispatchThread.pumpEvents(Unknown Source)
	at java.awt.EventDispatchThread.pumpEvents(Unknown Source)
	at java.awt.EventDispatchThread.run(Unknown Source)
2025-12-16 10:05:43,230 [AWT-EventQueue-0] WARN  o.o.briefcase.util.FormCache - Can't parse form file
org.opendatakit.briefcase.util.BadFormDefinition: org.opendatakit.aggregate.exception.ODKIncompleteSubmissionData: org.javarosa.xform.parse.XFormParseException: XML Syntax Error at Line: 1, Column: 10266!
	at org.opendatakit.briefcase.model.BriefcaseFormDefinition.<init>(BriefcaseFormDefinition.java:297)
	at org.opendatakit.briefcase.util.FormCache.lambda$update$1(FormCache.java:123)
	at java.util.stream.ForEachOps$ForEachOp$OfRef.accept(Unknown Source)
	at java.util.stream.ReferencePipeline$2$1.accept(Unknown Source)
	at java.util.Iterator.forEachRemaining(Unknown Source)
	at java.util.Spliterators$IteratorSpliterator.forEachRemaining(Unknown Source)
	at java.util.stream.AbstractPipeline.copyInto(Unknown Source)
	at java.util.stream.AbstractPipeline.wrapAndCopyInto(Unknown Source)
	at java.util.stream.ForEachOps$ForEachOp.evaluateSequential(Unknown Source)
	at java.util.stream.ForEachOps$ForEachOp$OfRef.evaluateSequential(Unknown Source)
	at java.util.stream.AbstractPipeline.evaluate(Unknown Source)
	at java.util.stream.ReferencePipeline.forEach(Unknown Source)
	at org.opendatakit.briefcase.util.FormCache.lambda$update$2(FormCache.java:117)
	at java.util.Optional.ifPresent(Unknown Source)
	at org.opendatakit.briefcase.util.FormCache.update(FormCache.java:113)
	at org.opendatakit.briefcase.util.FormCache.onPullSuccess(FormCache.java:150)
	at sun.reflect.GeneratedMethodAccessor11.invoke(Unknown Source)
	at sun.reflect.DelegatingMethodAccessorImpl.invoke(Unknown Source)
	at java.lang.reflect.Method.invoke(Unknown Source)
	at org.bushe.swing.event.annotation.BaseProxySubscriber.onEvent(BaseProxySubscriber.java:69)
	at org.bushe.swing.event.ThreadSafeEventService.publish(ThreadSafeEventService.java:971)
	at org.bushe.swing.event.SwingEventService.access$001(SwingEventService.java:31)
	at org.bushe.swing.event.SwingEventService$1.run(SwingEventService.java:88)
	at java.awt.event.InvocationEvent.dispatch(Unknown Source)
	at java.awt.EventQueue.dispatchEventImpl(Unknown Source)
	at java.awt.EventQueue.access$500(Unknown Source)
	at java.awt.EventQueue$3.run(Unknown Source)
	at java.awt.EventQueue$3.run(Unknown Source)
	at java.security.AccessController.doPrivileged(Native Method)
	at java.security.ProtectionDomain$JavaSecurityAccessImpl.doIntersectionPrivilege(Unknown Source)
	at java.awt.EventQueue.dispatchEvent(Unknown Source)
	at java.awt.EventDispatchThread.pumpOneEventForFilters(Unknown Source)
	at java.awt.EventDispatchThread.pumpEventsForFilter(Unknown Source)
	at java.awt.EventDispatchThread.pumpEventsForHierarchy(Unknown Source)
	at java.awt.EventDispatchThread.pumpEvents(Unknown Source)
	at java.awt.EventDispatchThread.pumpEvents(Unknown Source)
	at java.awt.EventDispatchThread.run(Unknown Source)
Caused by: org.opendatakit.aggregate.exception.ODKIncompleteSubmissionData: org.javarosa.xform.parse.XFormParseException: XML Syntax Error at Line: 1, Column: 10266!
	at org.opendatakit.aggregate.parser.BaseFormParserForJavaRosa.parseFormDefinition(BaseFormParserForJavaRosa.java:210)
	at org.opendatakit.aggregate.parser.BaseFormParserForJavaRosa.<init>(BaseFormParserForJavaRosa.java:359)
	at org.opendatakit.briefcase.util.JavaRosaParserWrapper.<init>(JavaRosaParserWrapper.java:15)
	at org.opendatakit.briefcase.model.BriefcaseFormDefinition.<init>(BriefcaseFormDefinition.java:294)
	... 36 common frames omitted
Caused by: org.javarosa.xform.parse.XFormParseException: XML Syntax Error at Line: 1, Column: 10266!
	at org.javarosa.xform.parse.XFormParser.getXMLDocument(XFormParser.java:448)
	at org.javarosa.xform.parse.XFormParser.getXMLDocument(XFormParser.java:414)
	at org.opendatakit.aggregate.parser.BaseFormParserForJavaRosa.parseFormDefinition(BaseFormParserForJavaRosa.java:207)
	... 39 common frames omitted
2025-12-16 10:05:43,288 [AWT-EventQueue-0] ERROR XFormParser - XML Syntax Error at Line: 1, Column: 10266!
org.xmlpull.v1.XmlPullParserException: element stack empty (position:END_TAG </input>@1:10266 in java.io.StringReader@f8cabc) 
	at org.kxml2.io.KXmlParser.exception(Unknown Source)
	at org.kxml2.io.KXmlParser.error(Unknown Source)
	at org.kxml2.io.KXmlParser.parseEndTag(Unknown Source)
	at org.kxml2.io.KXmlParser.nextImpl(Unknown Source)
	at org.kxml2.io.KXmlParser.nextToken(Unknown Source)
	at org.kxml2.kdom.Element.parse(Unknown Source)
	at org.kxml2.kdom.Node.parse(Unknown Source)
	at org.kxml2.kdom.Document.parse(Unknown Source)
	at org.javarosa.xform.parse.XFormParser.getXMLDocument(XFormParser.java:444)
	at org.javarosa.xform.parse.XFormParser.getXMLDocument(XFormParser.java:414)
	at org.opendatakit.aggregate.parser.BaseFormParserForJavaRosa.parseFormDefinition(BaseFormParserForJavaRosa.java:207)
	at org.opendatakit.aggregate.parser.BaseFormParserForJavaRosa.<init>(BaseFormParserForJavaRosa.java:359)
	at org.opendatakit.briefcase.util.JavaRosaParserWrapper.<init>(JavaRosaParserWrapper.java:15)
	at org.opendatakit.briefcase.model.BriefcaseFormDefinition.<init>(BriefcaseFormDefinition.java:294)
	at org.opendatakit.briefcase.util.FormCache.lambda$update$1(FormCache.java:123)
	at java.util.stream.ForEachOps$ForEachOp$OfRef.accept(Unknown Source)
	at java.util.stream.ReferencePipeline$2$1.accept(Unknown Source)
	at java.util.Iterator.forEachRemaining(Unknown Source)
	at java.util.Spliterators$IteratorSpliterator.forEachRemaining(Unknown Source)
	at java.util.stream.AbstractPipeline.copyInto(Unknown Source)
	at java.util.stream.AbstractPipeline.wrapAndCopyInto(Unknown Source)
	at java.util.stream.ForEachOps$ForEachOp.evaluateSequential(Unknown Source)
	at java.util.stream.ForEachOps$ForEachOp$OfRef.evaluateSequential(Unknown Source)
	at java.util.stream.AbstractPipeline.evaluate(Unknown Source)
	at java.util.stream.ReferencePipeline.forEach(Unknown Source)
	at org.opendatakit.briefcase.util.FormCache.lambda$update$2(FormCache.java:117)
	at java.util.Optional.ifPresent(Unknown Source)
	at org.opendatakit.briefcase.util.FormCache.update(FormCache.java:113)
	at org.opendatakit.briefcase.util.FormCache.onPullSuccess(FormCache.java:150)
	at sun.reflect.GeneratedMethodAccessor11.invoke(Unknown Source)
	at sun.reflect.DelegatingMethodAccessorImpl.invoke(Unknown Source)
	at java.lang.reflect.Method.invoke(Unknown Source)
	at org.bushe.swing.event.annotation.BaseProxySubscriber.onEvent(BaseProxySubscriber.java:69)
	at org.bushe.swing.event.ThreadSafeEventService.publish(ThreadSafeEventService.java:971)
	at org.bushe.swing.event.SwingEventService.access$001(SwingEventService.java:31)
	at org.bushe.swing.event.SwingEventService$1.run(SwingEventService.java:88)
	at java.awt.event.InvocationEvent.dispatch(Unknown Source)
	at java.awt.EventQueue.dispatchEventImpl(Unknown Source)
	at java.awt.EventQueue.access$500(Unknown Source)
	at java.awt.EventQueue$3.run(Unknown Source)
	at java.awt.EventQueue$3.run(Unknown Source)
	at java.security.AccessController.doPrivileged(Native Method)
	at java.security.ProtectionDomain$JavaSecurityAccessImpl.doIntersectionPrivilege(Unknown Source)
	at java.awt.EventQueue.dispatchEvent(Unknown Source)
	at java.awt.EventDispatchThread.pumpOneEventForFilters(Unknown Source)
	at java.awt.EventDispatchThread.pumpEventsForFilter(Unknown Source)
	at java.awt.EventDispatchThread.pumpEventsForHierarchy(Unknown Source)
	at java.awt.EventDispatchThread.pumpEvents(Unknown Source)
	at java.awt.EventDispatchThread.pumpEvents(Unknown Source)
	at java.awt.EventDispatchThread.run(Unknown Source)
2025-12-16 10:05:43,288 [AWT-EventQueue-0] WARN  o.o.briefcase.util.FormCache - Can't parse form file
org.opendatakit.briefcase.util.BadFormDefinition: org.opendatakit.aggregate.exception.ODKIncompleteSubmissionData: org.javarosa.xform.parse.XFormParseException: XML Syntax Error at Line: 1, Column: 10266!
	at org.opendatakit.briefcase.model.BriefcaseFormDefinition.<init>(BriefcaseFormDefinition.java:297)
	at org.opendatakit.briefcase.util.FormCache.lambda$update$1(FormCache.java:123)
	at java.util.stream.ForEachOps$ForEachOp$OfRef.accept(Unknown Source)
	at java.util.stream.ReferencePipeline$2$1.accept(Unknown Source)
	at java.util.Iterator.forEachRemaining(Unknown Source)
	at java.util.Spliterators$IteratorSpliterator.forEachRemaining(Unknown Source)
	at java.util.stream.AbstractPipeline.copyInto(Unknown Source)
	at java.util.stream.AbstractPipeline.wrapAndCopyInto(Unknown Source)
	at java.util.stream.ForEachOps$ForEachOp.evaluateSequential(Unknown Source)
	at java.util.stream.ForEachOps$ForEachOp$OfRef.evaluateSequential(Unknown Source)
	at java.util.stream.AbstractPipeline.evaluate(Unknown Source)
	at java.util.stream.ReferencePipeline.forEach(Unknown Source)
	at org.opendatakit.briefcase.util.FormCache.lambda$update$2(FormCache.java:117)
	at java.util.Optional.ifPresent(Unknown Source)
	at org.opendatakit.briefcase.util.FormCache.update(FormCache.java:113)
	at org.opendatakit.briefcase.util.FormCache.onPullSuccess(FormCache.java:150)
	at sun.reflect.GeneratedMethodAccessor11.invoke(Unknown Source)
	at sun.reflect.DelegatingMethodAccessorImpl.invoke(Unknown Source)
	at java.lang.reflect.Method.invoke(Unknown Source)
	at org.bushe.swing.event.annotation.BaseProxySubscriber.onEvent(BaseProxySubscriber.java:69)
	at org.bushe.swing.event.ThreadSafeEventService.publish(ThreadSafeEventService.java:971)
	at org.bushe.swing.event.SwingEventService.access$001(SwingEventService.java:31)
	at org.bushe.swing.event.SwingEventService$1.run(SwingEventService.java:88)
	at java.awt.event.InvocationEvent.dispatch(Unknown Source)
	at java.awt.EventQueue.dispatchEventImpl(Unknown Source)
	at java.awt.EventQueue.access$500(Unknown Source)
	at java.awt.EventQueue$3.run(Unknown Source)
	at java.awt.EventQueue$3.run(Unknown Source)
	at java.security.AccessController.doPrivileged(Native Method)
	at java.security.ProtectionDomain$JavaSecurityAccessImpl.doIntersectionPrivilege(Unknown Source)
	at java.awt.EventQueue.dispatchEvent(Unknown Source)
	at java.awt.EventDispatchThread.pumpOneEventForFilters(Unknown Source)
	at java.awt.EventDispatchThread.pumpEventsForFilter(Unknown Source)
	at java.awt.EventDispatchThread.pumpEventsForHierarchy(Unknown Source)
	at java.awt.EventDispatchThread.pumpEvents(Unknown Source)
	at java.awt.EventDispatchThread.pumpEvents(Unknown Source)
	at java.awt.EventDispatchThread.run(Unknown Source)
Caused by: org.opendatakit.aggregate.exception.ODKIncompleteSubmissionData: org.javarosa.xform.parse.XFormParseException: XML Syntax Error at Line: 1, Column: 10266!
	at org.opendatakit.aggregate.parser.BaseFormParserForJavaRosa.parseFormDefinition(BaseFormParserForJavaRosa.java:210)
	at org.opendatakit.aggregate.parser.BaseFormParserForJavaRosa.<init>(BaseFormParserForJavaRosa.java:359)
	at org.opendatakit.briefcase.util.JavaRosaParserWrapper.<init>(JavaRosaParserWrapper.java:15)
	at org.opendatakit.briefcase.model.BriefcaseFormDefinition.<init>(BriefcaseFormDefinition.java:294)
	... 36 common frames omitted
Caused by: org.javarosa.xform.parse.XFormParseException: XML Syntax Error at Line: 1, Column: 10266!
	at org.javarosa.xform.parse.XFormParser.getXMLDocument(XFormParser.java:448)
	at org.javarosa.xform.parse.XFormParser.getXMLDocument(XFormParser.java:414)
	at org.opendatakit.aggregate.parser.BaseFormParserForJavaRosa.parseFormDefinition(BaseFormParserForJavaRosa.java:207)
	... 39 common frames omitted
2025-12-16 10:05:43,336 [AWT-EventQueue-0] ERROR XFormParser - XML Syntax Error at Line: 1, Column: 10266!
org.xmlpull.v1.XmlPullParserException: element stack empty (position:END_TAG </input>@1:10266 in java.io.StringReader@182b546) 
	at org.kxml2.io.KXmlParser.exception(Unknown Source)
	at org.kxml2.io.KXmlParser.error(Unknown Source)
	at org.kxml2.io.KXmlParser.parseEndTag(Unknown Source)
	at org.kxml2.io.KXmlParser.nextImpl(Unknown Source)
	at org.kxml2.io.KXmlParser.nextToken(Unknown Source)
	at org.kxml2.kdom.Element.parse(Unknown Source)
	at org.kxml2.kdom.Node.parse(Unknown Source)
	at org.kxml2.kdom.Document.parse(Unknown Source)
	at org.javarosa.xform.parse.XFormParser.getXMLDocument(XFormParser.java:444)
	at org.javarosa.xform.parse.XFormParser.getXMLDocument(XFormParser.java:414)
	at org.opendatakit.aggregate.parser.BaseFormParserForJavaRosa.parseFormDefinition(BaseFormParserForJavaRosa.java:207)
	at org.opendatakit.aggregate.parser.BaseFormParserForJavaRosa.<init>(BaseFormParserForJavaRosa.java:359)
	at org.opendatakit.briefcase.util.JavaRosaParserWrapper.<init>(JavaRosaParserWrapper.java:15)
	at org.opendatakit.briefcase.model.BriefcaseFormDefinition.<init>(BriefcaseFormDefinition.java:294)
	at org.opendatakit.briefcase.util.FormCache.lambda$update$1(FormCache.java:123)
	at java.util.stream.ForEachOps$ForEachOp$OfRef.accept(Unknown Source)
	at java.util.stream.ReferencePipeline$2$1.accept(Unknown Source)
	at java.util.Iterator.forEachRemaining(Unknown Source)
	at java.util.Spliterators$IteratorSpliterator.forEachRemaining(Unknown Source)
	at java.util.stream.AbstractPipeline.copyInto(Unknown Source)
	at java.util.stream.AbstractPipeline.wrapAndCopyInto(Unknown Source)
	at java.util.stream.ForEachOps$ForEachOp.evaluateSequential(Unknown Source)
	at java.util.stream.ForEachOps$ForEachOp$OfRef.evaluateSequential(Unknown Source)
	at java.util.stream.AbstractPipeline.evaluate(Unknown Source)
	at java.util.stream.ReferencePipeline.forEach(Unknown Source)
	at org.opendatakit.briefcase.util.FormCache.lambda$update$2(FormCache.java:117)
	at java.util.Optional.ifPresent(Unknown Source)
	at org.opendatakit.briefcase.util.FormCache.update(FormCache.java:113)
	at org.opendatakit.briefcase.util.FormCache.onPullSuccess(FormCache.java:150)
	at sun.reflect.GeneratedMethodAccessor11.invoke(Unknown Source)
	at sun.reflect.DelegatingMethodAccessorImpl.invoke(Unknown Source)
	at java.lang.reflect.Method.invoke(Unknown Source)
	at org.bushe.swing.event.annotation.BaseProxySubscriber.onEvent(BaseProxySubscriber.java:69)
	at org.bushe.swing.event.ThreadSafeEventService.publish(ThreadSafeEventService.java:971)
	at org.bushe.swing.event.SwingEventService.access$001(SwingEventService.java:31)
	at org.bushe.swing.event.SwingEventService$1.run(SwingEventService.java:88)
	at java.awt.event.InvocationEvent.dispatch(Unknown Source)
	at java.awt.EventQueue.dispatchEventImpl(Unknown Source)
	at java.awt.EventQueue.access$500(Unknown Source)
	at java.awt.EventQueue$3.run(Unknown Source)
	at java.awt.EventQueue$3.run(Unknown Source)
	at java.security.AccessController.doPrivileged(Native Method)
	at java.security.ProtectionDomain$JavaSecurityAccessImpl.doIntersectionPrivilege(Unknown Source)
	at java.awt.EventQueue.dispatchEvent(Unknown Source)
	at java.awt.EventDispatchThread.pumpOneEventForFilters(Unknown Source)
	at java.awt.EventDispatchThread.pumpEventsForFilter(Unknown Source)
	at java.awt.EventDispatchThread.pumpEventsForHierarchy(Unknown Source)
	at java.awt.EventDispatchThread.pumpEvents(Unknown Source)
	at java.awt.EventDispatchThread.pumpEvents(Unknown Source)
	at java.awt.EventDispatchThread.run(Unknown Source)
2025-12-16 10:05:43,336 [AWT-EventQueue-0] WARN  o.o.briefcase.util.FormCache - Can't parse form file
org.opendatakit.briefcase.util.BadFormDefinition: org.opendatakit.aggregate.exception.ODKIncompleteSubmissionData: org.javarosa.xform.parse.XFormParseException: XML Syntax Error at Line: 1, Column: 10266!
	at org.opendatakit.briefcase.model.BriefcaseFormDefinition.<init>(BriefcaseFormDefinition.java:297)
	at org.opendatakit.briefcase.util.FormCache.lambda$update$1(FormCache.java:123)
	at java.util.stream.ForEachOps$ForEachOp$OfRef.accept(Unknown Source)
	at java.util.stream.ReferencePipeline$2$1.accept(Unknown Source)
	at java.util.Iterator.forEachRemaining(Unknown Source)
	at java.util.Spliterators$IteratorSpliterator.forEachRemaining(Unknown Source)
	at java.util.stream.AbstractPipeline.copyInto(Unknown Source)
	at java.util.stream.AbstractPipeline.wrapAndCopyInto(Unknown Source)
	at java.util.stream.ForEachOps$ForEachOp.evaluateSequential(Unknown Source)
	at java.util.stream.ForEachOps$ForEachOp$OfRef.evaluateSequential(Unknown Source)
	at java.util.stream.AbstractPipeline.evaluate(Unknown Source)
	at java.util.stream.ReferencePipeline.forEach(Unknown Source)
	at org.opendatakit.briefcase.util.FormCache.lambda$update$2(FormCache.java:117)
	at java.util.Optional.ifPresent(Unknown Source)
	at org.opendatakit.briefcase.util.FormCache.update(FormCache.java:113)
	at org.opendatakit.briefcase.util.FormCache.onPullSuccess(FormCache.java:150)
	at sun.reflect.GeneratedMethodAccessor11.invoke(Unknown Source)
	at sun.reflect.DelegatingMethodAccessorImpl.invoke(Unknown Source)
	at java.lang.reflect.Method.invoke(Unknown Source)
	at org.bushe.swing.event.annotation.BaseProxySubscriber.onEvent(BaseProxySubscriber.java:69)
	at org.bushe.swing.event.ThreadSafeEventService.publish(ThreadSafeEventService.java:971)
	at org.bushe.swing.event.SwingEventService.access$001(SwingEventService.java:31)
	at org.bushe.swing.event.SwingEventService$1.run(SwingEventService.java:88)
	at java.awt.event.InvocationEvent.dispatch(Unknown Source)
	at java.awt.EventQueue.dispatchEventImpl(Unknown Source)
	at java.awt.EventQueue.access$500(Unknown Source)
	at java.awt.EventQueue$3.run(Unknown Source)
	at java.awt.EventQueue$3.run(Unknown Source)
	at java.security.AccessController.doPrivileged(Native Method)
	at java.security.ProtectionDomain$JavaSecurityAccessImpl.doIntersectionPrivilege(Unknown Source)
	at java.awt.EventQueue.dispatchEvent(Unknown Source)
	at java.awt.EventDispatchThread.pumpOneEventForFilters(Unknown Source)
	at java.awt.EventDispatchThread.pumpEventsForFilter(Unknown Source)
	at java.awt.EventDispatchThread.pumpEventsForHierarchy(Unknown Source)
	at java.awt.EventDispatchThread.pumpEvents(Unknown Source)
	at java.awt.EventDispatchThread.pumpEvents(Unknown Source)
	at java.awt.EventDispatchThread.run(Unknown Source)
Caused by: org.opendatakit.aggregate.exception.ODKIncompleteSubmissionData: org.javarosa.xform.parse.XFormParseException: XML Syntax Error at Line: 1, Column: 10266!
	at org.opendatakit.aggregate.parser.BaseFormParserForJavaRosa.parseFormDefinition(BaseFormParserForJavaRosa.java:210)
	at org.opendatakit.aggregate.parser.BaseFormParserForJavaRosa.<init>(BaseFormParserForJavaRosa.java:359)
	at org.opendatakit.briefcase.util.JavaRosaParserWrapper.<init>(JavaRosaParserWrapper.java:15)
	at org.opendatakit.briefcase.model.BriefcaseFormDefinition.<init>(BriefcaseFormDefinition.java:294)
	... 36 common frames omitted
Caused by: org.javarosa.xform.parse.XFormParseException: XML Syntax Error at Line: 1, Column: 10266!
	at org.javarosa.xform.parse.XFormParser.getXMLDocument(XFormParser.java:448)
	at org.javarosa.xform.parse.XFormParser.getXMLDocument(XFormParser.java:414)
	at org.opendatakit.aggregate.parser.BaseFormParserForJavaRosa.parseFormDefinition(BaseFormParserForJavaRosa.java:207)
	... 39 common frames omitted
2025-12-16 10:05:50,001 [ForkJoinPool-16-worker-2] INFO  o.o.b.p.a.PullFromAggregateTracker - Pull Formulário da Vigilancia Hospitalar - Start pulling form and submissions
2025-12-16 10:05:50,003 [ForkJoinPool-16-worker-2] INFO  o.o.b.p.a.PullFromAggregateTracker - Pull Formulário da Vigilancia Hospitalar - Start downloading form
2025-12-16 10:05:50,003 [ForkJoinPool-16-worker-11] INFO  o.o.b.p.a.PullFromAggregateTracker - Pull Formulário da Vigilancia Hospitalar - Start pulling form and submissions
2025-12-16 10:05:50,003 [ForkJoinPool-16-worker-9] INFO  o.o.b.p.a.PullFromAggregateTracker - Pull Formulário da Vigilancia Hospitalar - Laboratório - Start pulling form and submissions
2025-12-16 10:05:50,005 [ForkJoinPool-16-worker-11] INFO  o.o.b.p.a.PullFromAggregateTracker - Pull Formulário da Vigilancia Hospitalar - Start downloading form
2025-12-16 10:05:50,005 [ForkJoinPool-16-worker-4] INFO  o.o.b.p.a.PullFromAggregateTracker - Pull Formulário da Vigilancia Comunitaria - Start pulling form and submissions
2025-12-16 10:05:50,005 [ForkJoinPool-16-worker-4] INFO  o.o.b.p.a.PullFromAggregateTracker - Pull Formulário da Vigilancia Comunitaria - Start downloading form
2025-12-16 10:05:50,005 [ForkJoinPool-16-worker-13] INFO  o.o.b.p.a.PullFromAggregateTracker - Pull VIGILÂNCIA  AMBIENTAL - Start pulling form and submissions
2025-12-16 10:05:50,005 [ForkJoinPool-16-worker-13] INFO  o.o.b.p.a.PullFromAggregateTracker - Pull VIGILÂNCIA  AMBIENTAL - Start downloading form
2025-12-16 10:05:50,005 [ForkJoinPool-16-worker-9] INFO  o.o.b.p.a.PullFromAggregateTracker - Pull Formulário da Vigilancia Hospitalar - Laboratório - Start downloading form
2025-12-16 10:05:50,009 [ForkJoinPool-16-worker-15] INFO  o.o.b.p.a.PullFromAggregateTracker - Pull Formulário da Vigilancia Hospitalar - Start pulling form and submissions
2025-12-16 10:05:50,007 [ForkJoinPool-16-worker-6] INFO  o.o.b.p.a.PullFromAggregateTracker - Pull Resultados de testagem das vigilâncias - Start pulling form and submissions
2025-12-16 10:05:50,009 [ForkJoinPool-16-worker-15] INFO  o.o.b.p.a.PullFromAggregateTracker - Pull Formulário da Vigilancia Hospitalar - Start downloading form
2025-12-16 10:05:50,009 [ForkJoinPool-16-worker-8] INFO  o.o.b.p.a.PullFromAggregateTracker - Pull Formulario da  Componente  Genomica (IDS) - Start pulling form and submissions
2025-12-16 10:05:50,011 [ForkJoinPool-16-worker-6] INFO  o.o.b.p.a.PullFromAggregateTracker - Pull Resultados de testagem das vigilâncias - Start downloading form
2025-12-16 10:05:50,011 [ForkJoinPool-16-worker-8] INFO  o.o.b.p.a.PullFromAggregateTracker - Pull Formulario da  Componente  Genomica (IDS) - Start downloading form
2025-12-16 10:05:50,011 [ForkJoinPool-16-worker-1] INFO  o.o.b.p.a.PullFromAggregateTracker - Pull Formulário da Vigilancia Comunitaria - Start pulling form and submissions
2025-12-16 10:05:50,013 [ForkJoinPool-16-worker-1] INFO  o.o.b.p.a.PullFromAggregateTracker - Pull Formulário da Vigilancia Comunitaria - Start downloading form
2025-12-16 10:05:50,013 [ForkJoinPool-16-worker-10] INFO  o.o.b.p.a.PullFromAggregateTracker - Pull Formulário da Vigilancia Hospitalar - Laboratório - Start pulling form and submissions
2025-12-16 10:05:50,016 [ForkJoinPool-16-worker-3] INFO  o.o.b.p.a.PullFromAggregateTracker - Pull Formulário da Vigilancia Hospitalar - Start pulling form and submissions
2025-12-16 10:05:50,020 [ForkJoinPool-16-worker-10] INFO  o.o.b.p.a.PullFromAggregateTracker - Pull Formulário da Vigilancia Hospitalar - Laboratório - Start downloading form
2025-12-16 10:05:50,020 [ForkJoinPool-16-worker-3] INFO  o.o.b.p.a.PullFromAggregateTracker - Pull Formulário da Vigilancia Hospitalar - Start downloading form
2025-12-16 10:05:50,437 [ForkJoinPool-16-worker-9] INFO  o.o.b.p.a.PullFromAggregateTracker - Pull Formulário da Vigilancia Hospitalar - Laboratório - Form downloaded
2025-12-16 10:05:50,437 [ForkJoinPool-16-worker-9] INFO  o.o.b.p.a.PullFromAggregateTracker - Pull Formulário da Vigilancia Hospitalar - Laboratório - Start getting form manifest
2025-12-16 10:05:50,731 [ForkJoinPool-16-worker-13] INFO  o.o.b.p.a.PullFromAggregateTracker - Pull VIGILÂNCIA  AMBIENTAL - Form downloaded
2025-12-16 10:05:50,736 [ForkJoinPool-16-worker-13] INFO  o.o.b.p.a.PullFromAggregateTracker - Pull VIGILÂNCIA  AMBIENTAL - Start getting form manifest
2025-12-16 10:05:50,750 [ForkJoinPool-16-worker-8] INFO  o.o.b.p.a.PullFromAggregateTracker - Pull Formulario da  Componente  Genomica (IDS) - Form downloaded
2025-12-16 10:05:50,750 [ForkJoinPool-16-worker-8] INFO  o.o.b.p.a.PullFromAggregateTracker - Pull Formulario da  Componente  Genomica (IDS) - Start getting submission IDs
2025-12-16 10:05:51,100 [ForkJoinPool-16-worker-10] INFO  o.o.b.p.a.PullFromAggregateTracker - Pull Formulário da Vigilancia Hospitalar - Laboratório - Form downloaded
2025-12-16 10:05:51,101 [ForkJoinPool-16-worker-10] INFO  o.o.b.p.a.PullFromAggregateTracker - Pull Formulário da Vigilancia Hospitalar - Laboratório - Start getting submission IDs
2025-12-16 10:05:51,369 [ForkJoinPool-16-worker-11] INFO  o.o.b.p.a.PullFromAggregateTracker - Pull Formulário da Vigilancia Hospitalar - Form downloaded
2025-12-16 10:05:51,370 [ForkJoinPool-16-worker-11] INFO  o.o.b.p.a.PullFromAggregateTracker - Pull Formulário da Vigilancia Hospitalar - Start getting form manifest
2025-12-16 10:05:51,535 [ForkJoinPool-16-worker-9] INFO  o.o.b.p.a.PullFromAggregateTracker - Pull Formulário da Vigilancia Hospitalar - Laboratório - Got the form manifest
2025-12-16 10:05:51,535 [ForkJoinPool-16-worker-9] INFO  o.o.b.p.a.PullFromAggregateTracker - Pull Formulário da Vigilancia Hospitalar - Laboratório - Skipping 1 form attachments that have been already downloaded
2025-12-16 10:05:51,536 [ForkJoinPool-16-worker-9] INFO  o.o.b.p.a.PullFromAggregateTracker - Pull Formulário da Vigilancia Hospitalar - Laboratório - Start getting submission IDs
2025-12-16 10:05:51,616 [ForkJoinPool-16-worker-13] INFO  o.o.b.p.a.PullFromAggregateTracker - Pull VIGILÂNCIA  AMBIENTAL - Got the form manifest
2025-12-16 10:05:51,616 [ForkJoinPool-16-worker-13] INFO  o.o.b.p.a.PullFromAggregateTracker - Pull VIGILÂNCIA  AMBIENTAL - Skipping 1 form attachments that have been already downloaded
2025-12-16 10:05:51,616 [ForkJoinPool-16-worker-13] INFO  o.o.b.p.a.PullFromAggregateTracker - Pull VIGILÂNCIA  AMBIENTAL - Start getting submission IDs
2025-12-16 10:05:51,654 [ForkJoinPool-16-worker-2] INFO  o.o.b.p.a.PullFromAggregateTracker - Pull Formulário da Vigilancia Hospitalar - Form downloaded
2025-12-16 10:05:51,654 [ForkJoinPool-16-worker-2] INFO  o.o.b.p.a.PullFromAggregateTracker - Pull Formulário da Vigilancia Hospitalar - Start getting form manifest
2025-12-16 10:05:51,676 [ForkJoinPool-16-worker-6] INFO  o.o.b.p.a.PullFromAggregateTracker - Pull Resultados de testagem das vigilâncias - Form downloaded
2025-12-16 10:05:51,677 [ForkJoinPool-16-worker-6] INFO  o.o.b.p.a.PullFromAggregateTracker - Pull Resultados de testagem das vigilâncias - Start getting form manifest
2025-12-16 10:05:51,816 [ForkJoinPool-16-worker-8] INFO  o.o.b.p.a.PullFromAggregateTracker - Pull Formulario da  Componente  Genomica (IDS) - Got all the submission IDs
2025-12-16 10:05:51,831 [ForkJoinPool-16-worker-8] INFO  o.o.b.p.a.PullFromAggregateTracker - Push Formulario da  Componente  Genomica (IDS) - There are no submissions to download
2025-12-16 10:05:51,835 [ForkJoinPool-16-worker-8] INFO  o.o.b.p.a.PullFromAggregateTracker - Pull Formulario da  Componente  Genomica (IDS) - Success
2025-12-16 10:05:51,839 [ForkJoinPool-16-worker-8] INFO  o.o.b.p.a.PullFromAggregateTracker - Pull VIGILÂNCIA  AMBIENTAL - Start pulling form and submissions
2025-12-16 10:05:51,839 [ForkJoinPool-16-worker-8] INFO  o.o.b.p.a.PullFromAggregateTracker - Pull VIGILÂNCIA  AMBIENTAL - Start downloading form
2025-12-16 10:05:51,882 [ForkJoinPool-16-worker-11] INFO  o.o.b.p.a.PullFromAggregateTracker - Pull Formulário da Vigilancia Hospitalar - Got the form manifest
2025-12-16 10:05:51,883 [ForkJoinPool-16-worker-11] INFO  o.o.b.p.a.PullFromAggregateTracker - Pull Formulário da Vigilancia Hospitalar - Skipping 1 form attachments that have been already downloaded
2025-12-16 10:05:51,883 [ForkJoinPool-16-worker-11] INFO  o.o.b.p.a.PullFromAggregateTracker - Pull Formulário da Vigilancia Hospitalar - Start getting submission IDs
2025-12-16 10:05:51,887 [ForkJoinPool-16-worker-10] INFO  o.o.b.p.a.PullFromAggregateTracker - Pull Formulário da Vigilancia Hospitalar - Laboratório - Got all the submission IDs
2025-12-16 10:05:51,888 [ForkJoinPool-16-worker-10] INFO  o.o.b.p.a.PullFromAggregateTracker - Push Formulário da Vigilancia Hospitalar - Laboratório - There are no submissions to download
2025-12-16 10:05:51,889 [ForkJoinPool-16-worker-10] INFO  o.o.b.p.a.PullFromAggregateTracker - Pull Formulário da Vigilancia Hospitalar - Laboratório - Success
2025-12-16 10:05:51,891 [ForkJoinPool-16-worker-10] INFO  o.o.b.p.a.PullFromAggregateTracker - Pull VIGILÂNCIA  AMBIENTAL - Start pulling form and submissions
2025-12-16 10:05:51,891 [ForkJoinPool-16-worker-10] INFO  o.o.b.p.a.PullFromAggregateTracker - Pull VIGILÂNCIA  AMBIENTAL - Start downloading form
2025-12-16 10:05:51,907 [ForkJoinPool-16-worker-9] INFO  o.o.b.p.a.PullFromAggregateTracker - Pull Formulário da Vigilancia Hospitalar - Laboratório - Got all the submission IDs
2025-12-16 10:05:51,908 [ForkJoinPool-16-worker-9] INFO  o.o.b.p.a.PullFromAggregateTracker - Push Formulário da Vigilancia Hospitalar - Laboratório - There are no submissions to download
2025-12-16 10:05:51,908 [ForkJoinPool-16-worker-9] INFO  o.o.b.p.a.PullFromAggregateTracker - Pull Formulário da Vigilancia Hospitalar - Laboratório - Success
2025-12-16 10:05:51,910 [ForkJoinPool-16-worker-9] INFO  o.o.b.p.a.PullFromAggregateTracker - Pull Formulário da Vigilancia Comunitaria - Start pulling form and submissions
2025-12-16 10:05:51,910 [ForkJoinPool-16-worker-9] INFO  o.o.b.p.a.PullFromAggregateTracker - Pull Formulário da Vigilancia Comunitaria - Start downloading form
2025-12-16 10:05:51,922 [AWT-EventQueue-0] INFO  XFormParser - Reading XML and parsing with kXML2 finished in 15.317 ms
2025-12-16 10:05:51,929 [AWT-EventQueue-0] INFO  XFormParser - Consolidating text finished in 8.058 ms
2025-12-16 10:05:51,929 [AWT-EventQueue-0] INFO  XFormParser - Parsing form...
2025-12-16 10:05:51,929 [AWT-EventQueue-0] INFO  XFormParser - Title: "Formulário da Vigilancia Hospitalar"
2025-12-16 10:05:51,929 [AWT-EventQueue-0] WARN  XFormParser - XForm Parse Warning: Warning: 1 Unrecognized attributes found in Element [model] and will be ignored: [xforms-version] 
    Problem found at nodeset: /html/head/model
    With element <model xforms-version="1.0.0"><instance><data id="hospitalar" version="1" prefix="Hospitalar" delimiter="$">...

2025-12-16 10:05:51,965 [AWT-EventQueue-0] INFO  XFormParser - Creating FormDef from parsed XML finished in 35.161 ms
2025-12-16 10:05:51,977 [AWT-EventQueue-0] INFO  XFormParser - Reading XML and parsing with kXML2 finished in 1.216 ms
2025-12-16 10:05:51,977 [AWT-EventQueue-0] INFO  XFormParser - Consolidating text finished in 0.331 ms
2025-12-16 10:05:51,977 [AWT-EventQueue-0] INFO  XFormParser - Parsing form...
2025-12-16 10:05:51,980 [AWT-EventQueue-0] INFO  XFormParser - Title: "VIGILÂNCIA  AMBIENTAL"
2025-12-16 10:05:51,980 [AWT-EventQueue-0] WARN  XFormParser - XForm Parse Warning: Warning: 1 Unrecognized attributes found in Element [model] and will be ignored: [xforms-version] 
    Problem found at nodeset: /html/head/model
    With element <model xforms-version="1.0.0"><instance><data id="VIGILÂNCIA  AMBIENTAL" version="1" prefix="VIGILÂNCIA  AMBIENTAL" delimiter="$">...

2025-12-16 10:05:51,983 [AWT-EventQueue-0] INFO  XFormParser - Creating FormDef from parsed XML finished in 3.870 ms
2025-12-16 10:05:52,051 [ForkJoinPool-16-worker-15] INFO  o.o.b.p.a.PullFromAggregateTracker - Pull Formulário da Vigilancia Hospitalar - Form downloaded
2025-12-16 10:05:52,051 [ForkJoinPool-16-worker-1] INFO  o.o.b.p.a.PullFromAggregateTracker - Pull Formulário da Vigilancia Comunitaria - Form downloaded
2025-12-16 10:05:52,053 [ForkJoinPool-16-worker-1] INFO  o.o.b.p.a.PullFromAggregateTracker - Pull Formulário da Vigilancia Comunitaria - Start getting submission IDs
2025-12-16 10:05:52,053 [ForkJoinPool-16-worker-15] INFO  o.o.b.p.a.PullFromAggregateTracker - Pull Formulário da Vigilancia Hospitalar - Start getting form manifest
2025-12-16 10:05:52,071 [ForkJoinPool-16-worker-13] INFO  o.o.b.p.a.PullFromAggregateTracker - Pull VIGILÂNCIA  AMBIENTAL - Got all the submission IDs
2025-12-16 10:05:52,081 [ForkJoinPool-16-worker-13] INFO  o.o.b.p.a.PullFromAggregateTracker - Push VIGILÂNCIA  AMBIENTAL - There are no submissions to download
2025-12-16 10:05:52,085 [ForkJoinPool-16-worker-13] INFO  o.o.b.p.a.PullFromAggregateTracker - Pull VIGILÂNCIA  AMBIENTAL - Success
2025-12-16 10:05:52,087 [ForkJoinPool-16-worker-13] INFO  o.o.b.p.a.PullFromAggregateTracker - Pull Formulário da Vigilancia Hospitalar - Start pulling form and submissions
2025-12-16 10:05:52,087 [ForkJoinPool-16-worker-13] INFO  o.o.b.p.a.PullFromAggregateTracker - Pull Formulário da Vigilancia Hospitalar - Start downloading form
2025-12-16 10:05:52,106 [ForkJoinPool-16-worker-2] INFO  o.o.b.p.a.PullFromAggregateTracker - Pull Formulário da Vigilancia Hospitalar - Got the form manifest
2025-12-16 10:05:52,106 [ForkJoinPool-16-worker-2] INFO  o.o.b.p.a.PullFromAggregateTracker - Pull Formulário da Vigilancia Hospitalar - Skipping 1 form attachments that have been already downloaded
2025-12-16 10:05:52,109 [ForkJoinPool-16-worker-2] INFO  o.o.b.p.a.PullFromAggregateTracker - Pull Formulário da Vigilancia Hospitalar - Start getting submission IDs
2025-12-16 10:05:52,117 [ForkJoinPool-16-worker-6] INFO  o.o.b.p.a.PullFromAggregateTracker - Pull Resultados de testagem das vigilâncias - Got the form manifest
2025-12-16 10:05:52,119 [ForkJoinPool-16-worker-6] INFO  o.o.b.p.a.PullFromAggregateTracker - Pull Resultados de testagem das vigilâncias - Skipping 1 form attachments that have been already downloaded
2025-12-16 10:05:52,119 [ForkJoinPool-16-worker-6] INFO  o.o.b.p.a.PullFromAggregateTracker - Pull Resultados de testagem das vigilâncias - Start getting submission IDs
2025-12-16 10:05:52,119 [AWT-EventQueue-0] INFO  XFormParser - Reading XML and parsing with kXML2 finished in 16.465 ms
2025-12-16 10:05:52,127 [AWT-EventQueue-0] INFO  XFormParser - Consolidating text finished in 8.007 ms
2025-12-16 10:05:52,127 [AWT-EventQueue-0] INFO  XFormParser - Parsing form...
2025-12-16 10:05:52,129 [AWT-EventQueue-0] INFO  XFormParser - Title: "Formulário da Vigilancia Comunitaria"
2025-12-16 10:05:52,129 [AWT-EventQueue-0] WARN  XFormParser - XForm Parse Warning: Warning: 1 Unrecognized attributes found in Element [model] and will be ignored: [xforms-version] 
    Problem found at nodeset: /html/head/model
    With element <model xforms-version="1.0.0"><instance><data id="Comunidade_v2" version="2" prefix="Comunidade_v2" delimiter="$">...

2025-12-16 10:05:52,162 [ForkJoinPool-16-worker-8] INFO  o.o.b.p.a.PullFromAggregateTracker - Pull VIGILÂNCIA  AMBIENTAL - Form downloaded
2025-12-16 10:05:52,162 [ForkJoinPool-16-worker-8] INFO  o.o.b.p.a.PullFromAggregateTracker - Pull VIGILÂNCIA  AMBIENTAL - Start getting submission IDs
2025-12-16 10:05:52,163 [AWT-EventQueue-0] INFO  XFormParser - Creating FormDef from parsed XML finished in 34.607 ms
2025-12-16 10:05:52,202 [AWT-EventQueue-0] INFO  XFormParser - Reading XML and parsing with kXML2 finished in 25.311 ms
2025-12-16 10:05:52,209 [AWT-EventQueue-0] INFO  XFormParser - Consolidating text finished in 5.799 ms
2025-12-16 10:05:52,209 [AWT-EventQueue-0] INFO  XFormParser - Parsing form...
2025-12-16 10:05:52,210 [AWT-EventQueue-0] INFO  XFormParser - Title: "Formulário da Vigilancia Hospitalar"
2025-12-16 10:05:52,210 [AWT-EventQueue-0] WARN  XFormParser - XForm Parse Warning: Warning: 1 Unrecognized attributes found in Element [model] and will be ignored: [xforms-version] 
    Problem found at nodeset: /html/head/model
    With element <model xforms-version="1.0.0"><instance><data id="hospitalar_v2" version="1" prefix="Hospitalar" delimiter="$">...

2025-12-16 10:05:52,246 [AWT-EventQueue-0] INFO  XFormParser - Creating FormDef from parsed XML finished in 36.169 ms
2025-12-16 10:05:52,266 [AWT-EventQueue-0] INFO  XFormParser - Reading XML and parsing with kXML2 finished in 3.858 ms
2025-12-16 10:05:52,268 [AWT-EventQueue-0] INFO  XFormParser - Consolidating text finished in 1.165 ms
2025-12-16 10:05:52,268 [AWT-EventQueue-0] INFO  XFormParser - Parsing form...
2025-12-16 10:05:52,268 [AWT-EventQueue-0] INFO  XFormParser - Title: "VIGILÂNCIA  AMBIENTAL"
2025-12-16 10:05:52,268 [AWT-EventQueue-0] WARN  XFormParser - XForm Parse Warning: Warning: 1 Unrecognized attributes found in Element [model] and will be ignored: [xforms-version] 
    Problem found at nodeset: /html/head/model
    With element <model xforms-version="1.0.0"><instance><data id="VIGILÂNCIA  AMBIENTAL_v2" version="2" prefix="VIGILÂNCIA  AMBIENTAL_v2" delimiter="$">...

2025-12-16 10:05:52,274 [AWT-EventQueue-0] INFO  XFormParser - Creating FormDef from parsed XML finished in 6.178 ms
2025-12-16 10:05:52,299 [ForkJoinPool-16-worker-11] INFO  o.o.b.p.a.PullFromAggregateTracker - Pull Formulário da Vigilancia Hospitalar - Got all the submission IDs
2025-12-16 10:05:52,302 [ForkJoinPool-16-worker-10] INFO  o.o.b.p.a.PullFromAggregateTracker - Pull VIGILÂNCIA  AMBIENTAL - Form downloaded
2025-12-16 10:05:52,304 [ForkJoinPool-16-worker-10] INFO  o.o.b.p.a.PullFromAggregateTracker - Pull VIGILÂNCIA  AMBIENTAL - Start getting submission IDs
2025-12-16 10:05:52,373 [AWT-EventQueue-0] INFO  XFormParser - Reading XML and parsing with kXML2 finished in 32.527 ms
2025-12-16 10:05:52,375 [AWT-EventQueue-0] INFO  XFormParser - Consolidating text finished in 0.755 ms
2025-12-16 10:05:52,375 [AWT-EventQueue-0] INFO  XFormParser - Parsing form...
2025-12-16 10:05:52,375 [AWT-EventQueue-0] INFO  XFormParser - Title: "VIGILÂNCIA  AMBIENTAL"
2025-12-16 10:05:52,375 [AWT-EventQueue-0] WARN  XFormParser - XForm Parse Warning: Warning: 1 Unrecognized attributes found in Element [model] and will be ignored: [xforms-version] 
    Problem found at nodeset: /html/head/model
    With element <model xforms-version="1.0.0"><instance><data id="VIGILÂNCIA  AMBIENTAL_v3" version="3" prefix="VIGILÂNCIA  AMBIENTAL_v3" delimiter="$">...

2025-12-16 10:05:52,377 [ForkJoinPool-16-worker-15] INFO  o.o.b.p.a.PullFromAggregateTracker - Pull Formulário da Vigilancia Hospitalar - Got the form manifest
2025-12-16 10:05:52,377 [ForkJoinPool-16-worker-15] INFO  o.o.b.p.a.PullFromAggregateTracker - Pull Formulário da Vigilancia Hospitalar - Skipping 1 form attachments that have been already downloaded
2025-12-16 10:05:52,378 [ForkJoinPool-16-worker-15] INFO  o.o.b.p.a.PullFromAggregateTracker - Pull Formulário da Vigilancia Hospitalar - Start getting submission IDs
2025-12-16 10:05:52,390 [ForkJoinPool-16-worker-1] INFO  o.o.b.p.a.PullFromAggregateTracker - Pull Formulário da Vigilancia Comunitaria - Got all the submission IDs
2025-12-16 10:05:52,395 [AWT-EventQueue-0] INFO  XFormParser - Creating FormDef from parsed XML finished in 19.120 ms
2025-12-16 10:05:52,407 [ForkJoinPool-16-worker-11] INFO  o.o.b.p.a.PullFromAggregateTracker - Push Formulário da Vigilancia Hospitalar - There are no submissions to download
2025-12-16 10:05:52,411 [ForkJoinPool-16-worker-11] INFO  o.o.b.p.a.PullFromAggregateTracker - Pull Formulário da Vigilancia Hospitalar - Success
2025-12-16 10:05:52,415 [ForkJoinPool-16-worker-11] INFO  o.o.b.p.a.PullFromAggregateTracker - Pull VIGILÂNCIA  AMBIENTAL - Start pulling form and submissions
2025-12-16 10:05:52,415 [ForkJoinPool-16-worker-11] INFO  o.o.b.p.a.PullFromAggregateTracker - Pull VIGILÂNCIA  AMBIENTAL - Start downloading form
2025-12-16 10:05:52,472 [ForkJoinPool-16-worker-1] INFO  o.o.b.p.a.PullFromAggregateTracker - Push Formulário da Vigilancia Comunitaria - There are no submissions to download
2025-12-16 10:05:52,498 [ForkJoinPool-16-worker-1] INFO  o.o.b.p.a.PullFromAggregateTracker - Pull Formulário da Vigilancia Comunitaria - Success
2025-12-16 10:05:52,500 [ForkJoinPool-16-worker-1] INFO  o.o.b.p.a.PullFromAggregateTracker - Pull Formulário da Vigilancia Comunitaria - Start pulling form and submissions
2025-12-16 10:05:52,500 [ForkJoinPool-16-worker-1] INFO  o.o.b.p.a.PullFromAggregateTracker - Pull Formulário da Vigilancia Comunitaria - Start downloading form
2025-12-16 10:05:52,621 [ForkJoinPool-16-worker-2] INFO  o.o.b.p.a.PullFromAggregateTracker - Pull Formulário da Vigilancia Hospitalar - Got all the submission IDs
2025-12-16 10:05:52,622 [ForkJoinPool-16-worker-6] INFO  o.o.b.p.a.PullFromAggregateTracker - Pull Resultados de testagem das vigilâncias - Got all the submission IDs
2025-12-16 10:05:52,671 [ForkJoinPool-16-worker-6] INFO  o.o.b.p.a.PullFromAggregateTracker - Push Resultados de testagem das vigilâncias - There are no submissions to download
2025-12-16 10:05:52,671 [ForkJoinPool-16-worker-6] INFO  o.o.b.p.a.PullFromAggregateTracker - Pull Resultados de testagem das vigilâncias - Success
2025-12-16 10:05:52,677 [ForkJoinPool-16-worker-6] INFO  o.o.b.p.a.PullFromAggregateTracker - Pull Formulário da Vigilancia Hospitalar - Start pulling form and submissions
2025-12-16 10:05:52,678 [ForkJoinPool-16-worker-6] INFO  o.o.b.p.a.PullFromAggregateTracker - Pull Formulário da Vigilancia Hospitalar - Start downloading form
2025-12-16 10:05:52,711 [ForkJoinPool-16-worker-2] INFO  o.o.b.p.a.PullFromAggregateTracker - Push Formulário da Vigilancia Hospitalar - There are no submissions to download
2025-12-16 10:05:52,720 [ForkJoinPool-16-worker-2] INFO  o.o.b.p.a.PullFromAggregateTracker - Pull Formulário da Vigilancia Hospitalar - Success
2025-12-16 10:05:52,763 [ForkJoinPool-16-worker-10] INFO  o.o.b.p.a.PullFromAggregateTracker - Pull VIGILÂNCIA  AMBIENTAL - Got all the submission IDs
2025-12-16 10:05:52,763 [ForkJoinPool-16-worker-8] INFO  o.o.b.p.a.PullFromAggregateTracker - Pull VIGILÂNCIA  AMBIENTAL - Got all the submission IDs
2025-12-16 10:05:52,775 [ForkJoinPool-16-worker-10] INFO  o.o.b.p.a.PullFromAggregateTracker - Push VIGILÂNCIA  AMBIENTAL - There are no submissions to download
2025-12-16 10:05:52,775 [ForkJoinPool-16-worker-8] INFO  o.o.b.p.a.PullFromAggregateTracker - Push VIGILÂNCIA  AMBIENTAL - There are no submissions to download
2025-12-16 10:05:52,777 [ForkJoinPool-16-worker-10] INFO  o.o.b.p.a.PullFromAggregateTracker - Pull VIGILÂNCIA  AMBIENTAL - Success
2025-12-16 10:05:52,777 [ForkJoinPool-16-worker-8] INFO  o.o.b.p.a.PullFromAggregateTracker - Pull VIGILÂNCIA  AMBIENTAL - Success
2025-12-16 10:05:52,783 [ForkJoinPool-16-worker-13] INFO  o.o.b.p.a.PullFromAggregateTracker - Pull Formulário da Vigilancia Hospitalar - Form downloaded
2025-12-16 10:05:52,783 [ForkJoinPool-16-worker-13] INFO  o.o.b.p.a.PullFromAggregateTracker - Pull Formulário da Vigilancia Hospitalar - Start getting submission IDs
2025-12-16 10:05:52,853 [AWT-EventQueue-0] INFO  XFormParser - Reading XML and parsing with kXML2 finished in 15.622 ms
2025-12-16 10:05:52,863 [AWT-EventQueue-0] INFO  XFormParser - Consolidating text finished in 9.038 ms
2025-12-16 10:05:52,863 [AWT-EventQueue-0] INFO  XFormParser - Parsing form...
2025-12-16 10:05:52,863 [AWT-EventQueue-0] INFO  XFormParser - Title: "Formulário da Vigilancia Hospitalar"
2025-12-16 10:05:52,863 [AWT-EventQueue-0] WARN  XFormParser - XForm Parse Warning: Warning: 1 Unrecognized attributes found in Element [model] and will be ignored: [xforms-version] 
    Problem found at nodeset: /html/head/model
    With element <model xforms-version="1.0.0"><instance><data id="hospitalar_v4" version="1" prefix="hospitalar_v4" delimiter="$">...

2025-12-16 10:05:52,911 [ForkJoinPool-16-worker-15] INFO  o.o.b.p.a.PullFromAggregateTracker - Pull Formulário da Vigilancia Hospitalar - Got all the submission IDs
2025-12-16 10:05:52,914 [ForkJoinPool-16-worker-11] INFO  o.o.b.p.a.PullFromAggregateTracker - Pull VIGILÂNCIA  AMBIENTAL - Form downloaded
2025-12-16 10:05:52,915 [ForkJoinPool-16-worker-11] INFO  o.o.b.p.a.PullFromAggregateTracker - Pull VIGILÂNCIA  AMBIENTAL - Start getting submission IDs
2025-12-16 10:05:52,935 [AWT-EventQueue-0] INFO  XFormParser - Creating FormDef from parsed XML finished in 72.495 ms
2025-12-16 10:05:52,959 [AWT-EventQueue-0] INFO  XFormParser - Reading XML and parsing with kXML2 finished in 3.901 ms
2025-12-16 10:05:52,959 [AWT-EventQueue-0] INFO  XFormParser - Consolidating text finished in 1.630 ms
2025-12-16 10:05:52,962 [AWT-EventQueue-0] INFO  XFormParser - Parsing form...
2025-12-16 10:05:52,962 [AWT-EventQueue-0] INFO  XFormParser - Title: "VIGILÂNCIA  AMBIENTAL"
2025-12-16 10:05:52,962 [AWT-EventQueue-0] WARN  XFormParser - XForm Parse Warning: Warning: 1 Unrecognized attributes found in Element [model] and will be ignored: [xforms-version] 
    Problem found at nodeset: /html/head/model
    With element <model xforms-version="1.0.0"><instance><data id="VIGILÂNCIA AMBIENTAL_v4" version="4" prefix="VIGILÂNCIA AMBIENTAL_v4" delimiter="$">...

2025-12-16 10:05:52,979 [ForkJoinPool-16-worker-15] INFO  o.o.b.p.a.PullFromAggregateTracker - Push Formulário da Vigilancia Hospitalar - There are no submissions to download
2025-12-16 10:05:52,984 [ForkJoinPool-16-worker-15] INFO  o.o.b.p.a.PullFromAggregateTracker - Pull Formulário da Vigilancia Hospitalar - Success
2025-12-16 10:05:52,997 [AWT-EventQueue-0] INFO  XFormParser - Creating FormDef from parsed XML finished in 35.592 ms
2025-12-16 10:05:53,004 [ForkJoinPool-16-worker-4] INFO  o.o.b.p.a.PullFromAggregateTracker - Pull Formulário da Vigilancia Comunitaria - Form downloaded
2025-12-16 10:05:53,005 [ForkJoinPool-16-worker-4] INFO  o.o.b.p.a.PullFromAggregateTracker - Pull Formulário da Vigilancia Comunitaria - Start getting form manifest
2025-12-16 10:05:53,067 [AWT-EventQueue-0] INFO  XFormParser - Reading XML and parsing with kXML2 finished in 16.514 ms
2025-12-16 10:05:53,075 [AWT-EventQueue-0] INFO  XFormParser - Consolidating text finished in 7.178 ms
2025-12-16 10:05:53,075 [AWT-EventQueue-0] INFO  XFormParser - Parsing form...
2025-12-16 10:05:53,075 [AWT-EventQueue-0] INFO  XFormParser - Title: "Formulário da Vigilancia Comunitaria"
2025-12-16 10:05:53,075 [AWT-EventQueue-0] WARN  XFormParser - XForm Parse Warning: Warning: 1 Unrecognized attributes found in Element [model] and will be ignored: [xforms-version] 
    Problem found at nodeset: /html/head/model
    With element <model xforms-version="1.0.0"><instance><data id="Comunidade" version="1" prefix="Comunidade" delimiter="$">...

2025-12-16 10:05:53,107 [AWT-EventQueue-0] INFO  XFormParser - Creating FormDef from parsed XML finished in 30.205 ms
2025-12-16 10:05:53,276 [ForkJoinPool-16-worker-13] INFO  o.o.b.p.a.PullFromAggregateTracker - Pull Formulário da Vigilancia Hospitalar - Got all the submission IDs
2025-12-16 10:05:53,309 [ForkJoinPool-16-worker-11] INFO  o.o.b.p.a.PullFromAggregateTracker - Pull VIGILÂNCIA  AMBIENTAL - Got all the submission IDs
2025-12-16 10:05:53,313 [ForkJoinPool-16-worker-4] INFO  o.o.b.p.a.PullFromAggregateTracker - Pull Formulário da Vigilancia Comunitaria - Got the form manifest
2025-12-16 10:05:53,336 [ForkJoinPool-16-worker-4] INFO  o.o.b.p.a.PullFromAggregateTracker - Pull Formulário da Vigilancia Comunitaria - Skipping 1 form attachments that have been already downloaded
2025-12-16 10:05:53,346 [ForkJoinPool-16-worker-4] INFO  o.o.b.p.a.PullFromAggregateTracker - Pull Formulário da Vigilancia Comunitaria - Start getting submission IDs
2025-12-16 10:05:53,352 [ForkJoinPool-16-worker-11] INFO  o.o.b.p.a.PullFromAggregateTracker - Push VIGILÂNCIA  AMBIENTAL - There are no submissions to download
2025-12-16 10:05:53,392 [ForkJoinPool-16-worker-11] INFO  o.o.b.p.a.PullFromAggregateTracker - Pull VIGILÂNCIA  AMBIENTAL - Success
2025-12-16 10:05:53,404 [ForkJoinPool-16-worker-6] INFO  o.o.b.p.a.PullFromAggregateTracker - Pull Formulário da Vigilancia Hospitalar - Form downloaded
2025-12-16 10:05:53,404 [ForkJoinPool-16-worker-6] INFO  o.o.b.p.a.PullFromAggregateTracker - Pull Formulário da Vigilancia Hospitalar - Start getting submission IDs
2025-12-16 10:05:53,406 [ForkJoinPool-16-worker-13] INFO  o.o.b.p.a.PullFromAggregateTracker - Push Formulário da Vigilancia Hospitalar - There are no submissions to download
2025-12-16 10:05:53,414 [ForkJoinPool-16-worker-13] INFO  o.o.b.p.a.PullFromAggregateTracker - Pull Formulário da Vigilancia Hospitalar - Success
2025-12-16 10:05:53,471 [AWT-EventQueue-0] INFO  XFormParser - Reading XML and parsing with kXML2 finished in 15.610 ms
2025-12-16 10:05:53,480 [AWT-EventQueue-0] INFO  XFormParser - Consolidating text finished in 8.162 ms
2025-12-16 10:05:53,480 [AWT-EventQueue-0] INFO  XFormParser - Parsing form...
2025-12-16 10:05:53,480 [AWT-EventQueue-0] INFO  XFormParser - Title: "Formulário da Vigilancia Hospitalar"
2025-12-16 10:05:53,480 [AWT-EventQueue-0] WARN  XFormParser - XForm Parse Warning: Warning: 1 Unrecognized attributes found in Element [model] and will be ignored: [xforms-version] 
    Problem found at nodeset: /html/head/model
    With element <model xforms-version="1.0.0"><instance><data id="hospitalar_v5" version="1" prefix="hospitalar_v5" delimiter="$">...

2025-12-16 10:05:53,547 [ForkJoinPool-16-worker-9] INFO  o.o.b.p.a.PullFromAggregateTracker - Pull Formulário da Vigilancia Comunitaria - Form downloaded
2025-12-16 10:05:53,547 [ForkJoinPool-16-worker-9] INFO  o.o.b.p.a.PullFromAggregateTracker - Pull Formulário da Vigilancia Comunitaria - Start getting submission IDs
2025-12-16 10:05:53,565 [AWT-EventQueue-0] INFO  XFormParser - Creating FormDef from parsed XML finished in 82.554 ms
2025-12-16 10:05:53,602 [ForkJoinPool-16-worker-1] INFO  o.o.b.p.a.PullFromAggregateTracker - Pull Formulário da Vigilancia Comunitaria - Form downloaded
2025-12-16 10:05:53,602 [ForkJoinPool-16-worker-1] INFO  o.o.b.p.a.PullFromAggregateTracker - Pull Formulário da Vigilancia Comunitaria - Start getting submission IDs
2025-12-16 10:05:53,645 [AWT-EventQueue-0] INFO  XFormParser - Reading XML and parsing with kXML2 finished in 17.826 ms
2025-12-16 10:05:53,652 [AWT-EventQueue-0] INFO  XFormParser - Consolidating text finished in 7.341 ms
2025-12-16 10:05:53,652 [AWT-EventQueue-0] INFO  XFormParser - Parsing form...
2025-12-16 10:05:53,652 [AWT-EventQueue-0] INFO  XFormParser - Title: "Formulário da Vigilancia Comunitaria"
2025-12-16 10:05:53,652 [AWT-EventQueue-0] WARN  XFormParser - XForm Parse Warning: Warning: 1 Unrecognized attributes found in Element [model] and will be ignored: [xforms-version] 
    Problem found at nodeset: /html/head/model
    With element <model xforms-version="1.0.0"><instance><data id="Comunidade_v4" version="1" prefix="Comunidade_v4" delimiter="$">...

2025-12-16 10:05:53,808 [ForkJoinPool-16-worker-6] INFO  o.o.b.p.a.PullFromAggregateTracker - Pull Formulário da Vigilancia Hospitalar - Got all the submission IDs
2025-12-16 10:05:53,808 [ForkJoinPool-16-worker-4] INFO  o.o.b.p.a.PullFromAggregateTracker - Pull Formulário da Vigilancia Comunitaria - Got all the submission IDs
2025-12-16 10:05:53,822 [AWT-EventQueue-0] INFO  XFormParser - Creating FormDef from parsed XML finished in 170.537 ms
2025-12-16 10:05:53,892 [ForkJoinPool-16-worker-4] INFO  o.o.b.p.a.PullFromAggregateTracker - Push Formulário da Vigilancia Comunitaria - There are no submissions to download
2025-12-16 10:05:53,892 [ForkJoinPool-16-worker-6] INFO  o.o.b.p.a.PullFromAggregateTracker - Push Formulário da Vigilancia Hospitalar - There are no submissions to download
2025-12-16 10:05:53,894 [ForkJoinPool-16-worker-6] INFO  o.o.b.p.a.PullFromAggregateTracker - Pull Formulário da Vigilancia Hospitalar - Success
2025-12-16 10:05:53,894 [ForkJoinPool-16-worker-4] INFO  o.o.b.p.a.PullFromAggregateTracker - Pull Formulário da Vigilancia Comunitaria - Success
2025-12-16 10:05:53,929 [ForkJoinPool-16-worker-9] INFO  o.o.b.p.a.PullFromAggregateTracker - Pull Formulário da Vigilancia Comunitaria - Got all the submission IDs
2025-12-16 10:05:53,929 [ForkJoinPool-16-worker-1] INFO  o.o.b.p.a.PullFromAggregateTracker - Pull Formulário da Vigilancia Comunitaria - Got all the submission IDs
2025-12-16 10:05:54,030 [ForkJoinPool-16-worker-9] INFO  o.o.b.p.a.PullFromAggregateTracker - Push Formulário da Vigilancia Comunitaria - There are no submissions to download
2025-12-16 10:05:54,030 [ForkJoinPool-16-worker-1] INFO  o.o.b.p.a.PullFromAggregateTracker - Push Formulário da Vigilancia Comunitaria - There are no submissions to download
2025-12-16 10:05:54,032 [ForkJoinPool-16-worker-1] INFO  o.o.b.p.a.PullFromAggregateTracker - Pull Formulário da Vigilancia Comunitaria - Success
2025-12-16 10:05:54,032 [ForkJoinPool-16-worker-9] INFO  o.o.b.p.a.PullFromAggregateTracker - Pull Formulário da Vigilancia Comunitaria - Success
2025-12-16 10:05:55,099 [ForkJoinPool-16-worker-3] INFO  o.o.b.p.a.PullFromAggregateTracker - Pull Formulário da Vigilancia Hospitalar - Form downloaded
2025-12-16 10:05:55,101 [ForkJoinPool-16-worker-3] INFO  o.o.b.p.a.PullFromAggregateTracker - Pull Formulário da Vigilancia Hospitalar - Start getting submission IDs
2025-12-16 10:05:55,381 [ForkJoinPool-16-worker-3] INFO  o.o.b.p.a.PullFromAggregateTracker - Pull Formulário da Vigilancia Hospitalar - Got all the submission IDs
2025-12-16 10:05:55,438 [ForkJoinPool-16-worker-3] INFO  o.o.b.p.a.PullFromAggregateTracker - Push Formulário da Vigilancia Hospitalar - There are no submissions to download
2025-12-16 10:05:55,439 [ForkJoinPool-16-worker-3] INFO  o.o.b.p.a.PullFromAggregateTracker - Pull Formulário da Vigilancia Hospitalar - Success
2025-12-16 10:05:55,520 [AWT-EventQueue-0] INFO  XFormParser - Reading XML and parsing with kXML2 finished in 15.244 ms
2025-12-16 10:05:55,526 [AWT-EventQueue-0] INFO  XFormParser - Consolidating text finished in 5.821 ms
2025-12-16 10:05:55,526 [AWT-EventQueue-0] INFO  XFormParser - Parsing form...
2025-12-16 10:05:55,526 [AWT-EventQueue-0] INFO  XFormParser - Title: "Formulário da Vigilancia Hospitalar"
2025-12-16 10:05:55,526 [AWT-EventQueue-0] WARN  XFormParser - XForm Parse Warning: Warning: 1 Unrecognized attributes found in Element [model] and will be ignored: [xforms-version] 
    Problem found at nodeset: /html/head/model
    With element <model xforms-version="1.0.0"><instance><data id="hospitalar_v3" version="3" prefix="Hospitalar_v3" delimiter="$">...

2025-12-16 10:05:55,570 [AWT-EventQueue-0] INFO  XFormParser - Creating FormDef from parsed XML finished in 43.779 ms
2025-12-16 10:06:02,608 [ForkJoinPool-17-worker-9] INFO  o.o.b.p.a.PullFromAggregateTracker - Pull Formulário da Vigilancia Hospitalar - Start pulling form and submissions
2025-12-16 10:06:02,608 [ForkJoinPool-17-worker-9] INFO  o.o.b.p.a.PullFromAggregateTracker - Pull Formulário da Vigilancia Hospitalar - Start downloading form
2025-12-16 10:06:02,608 [ForkJoinPool-17-worker-11] INFO  o.o.b.p.a.PullFromAggregateTracker - Pull Formulário da Vigilancia Hospitalar - Start pulling form and submissions
2025-12-16 10:06:02,608 [ForkJoinPool-17-worker-2] INFO  o.o.b.p.a.PullFromAggregateTracker - Pull Formulário da Vigilancia Hospitalar - Laboratório - Start pulling form and submissions
2025-12-16 10:06:02,610 [ForkJoinPool-17-worker-13] INFO  o.o.b.p.a.PullFromAggregateTracker - Pull VIGILÂNCIA  AMBIENTAL - Start pulling form and submissions
2025-12-16 10:06:02,610 [ForkJoinPool-17-worker-13] INFO  o.o.b.p.a.PullFromAggregateTracker - Pull VIGILÂNCIA  AMBIENTAL - Start downloading form
2025-12-16 10:06:02,612 [ForkJoinPool-17-worker-6] INFO  o.o.b.p.a.PullFromAggregateTracker - Pull Resultados de testagem das vigilâncias - Start pulling form and submissions
2025-12-16 10:06:02,610 [ForkJoinPool-17-worker-11] INFO  o.o.b.p.a.PullFromAggregateTracker - Pull Formulário da Vigilancia Hospitalar - Start downloading form
2025-12-16 10:06:02,613 [ForkJoinPool-17-worker-6] INFO  o.o.b.p.a.PullFromAggregateTracker - Pull Resultados de testagem das vigilâncias - Start downloading form
2025-12-16 10:06:02,610 [ForkJoinPool-17-worker-2] INFO  o.o.b.p.a.PullFromAggregateTracker - Pull Formulário da Vigilancia Hospitalar - Laboratório - Start downloading form
2025-12-16 10:06:02,610 [ForkJoinPool-17-worker-4] INFO  o.o.b.p.a.PullFromAggregateTracker - Pull Formulário da Vigilancia Comunitaria - Start pulling form and submissions
2025-12-16 10:06:02,615 [ForkJoinPool-17-worker-4] INFO  o.o.b.p.a.PullFromAggregateTracker - Pull Formulário da Vigilancia Comunitaria - Start downloading form
2025-12-16 10:06:02,613 [ForkJoinPool-17-worker-8] INFO  o.o.b.p.a.PullFromAggregateTracker - Pull Formulario da  Componente  Genomica (IDS) - Start pulling form and submissions
2025-12-16 10:06:02,613 [ForkJoinPool-17-worker-10] INFO  o.o.b.p.a.PullFromAggregateTracker - Pull Formulário da Vigilancia Hospitalar - Laboratório - Start pulling form and submissions
2025-12-16 10:06:02,613 [ForkJoinPool-17-worker-15] INFO  o.o.b.p.a.PullFromAggregateTracker - Pull Formulário da Vigilancia Hospitalar - Start pulling form and submissions
2025-12-16 10:06:02,615 [ForkJoinPool-17-worker-1] INFO  o.o.b.p.a.PullFromAggregateTracker - Pull Formulário da Vigilancia Comunitaria - Start pulling form and submissions
2025-12-16 10:06:02,617 [ForkJoinPool-17-worker-15] INFO  o.o.b.p.a.PullFromAggregateTracker - Pull Formulário da Vigilancia Hospitalar - Start downloading form
2025-12-16 10:06:02,617 [ForkJoinPool-17-worker-1] INFO  o.o.b.p.a.PullFromAggregateTracker - Pull Formulário da Vigilancia Comunitaria - Start downloading form
2025-12-16 10:06:02,617 [ForkJoinPool-17-worker-3] INFO  o.o.b.p.a.PullFromAggregateTracker - Pull Formulário da Vigilancia Hospitalar - Start pulling form and submissions
2025-12-16 10:06:02,617 [ForkJoinPool-17-worker-8] INFO  o.o.b.p.a.PullFromAggregateTracker - Pull Formulario da  Componente  Genomica (IDS) - Start downloading form
2025-12-16 10:06:02,617 [ForkJoinPool-17-worker-3] INFO  o.o.b.p.a.PullFromAggregateTracker - Pull Formulário da Vigilancia Hospitalar - Start downloading form
2025-12-16 10:06:02,617 [ForkJoinPool-17-worker-10] INFO  o.o.b.p.a.PullFromAggregateTracker - Pull Formulário da Vigilancia Hospitalar - Laboratório - Start downloading form
2025-12-16 10:06:02,992 [ForkJoinPool-17-worker-2] INFO  o.o.b.p.a.PullFromAggregateTracker - Pull Formulário da Vigilancia Hospitalar - Laboratório - Form downloaded
2025-12-16 10:06:02,995 [ForkJoinPool-17-worker-2] INFO  o.o.b.p.a.PullFromAggregateTracker - Pull Formulário da Vigilancia Hospitalar - Laboratório - Start getting form manifest
2025-12-16 10:06:03,242 [ForkJoinPool-17-worker-13] INFO  o.o.b.p.a.PullFromAggregateTracker - Pull VIGILÂNCIA  AMBIENTAL - Form downloaded
2025-12-16 10:06:03,243 [ForkJoinPool-17-worker-13] INFO  o.o.b.p.a.PullFromAggregateTracker - Pull VIGILÂNCIA  AMBIENTAL - Start getting form manifest
2025-12-16 10:06:04,637 [ForkJoinPool-17-worker-8] INFO  o.o.b.p.a.PullFromAggregateTracker - Pull Formulario da  Componente  Genomica (IDS) - Form downloaded
2025-12-16 10:06:04,637 [ForkJoinPool-17-worker-8] INFO  o.o.b.p.a.PullFromAggregateTracker - Pull Formulario da  Componente  Genomica (IDS) - Start getting submission IDs
2025-12-16 10:06:04,816 [ForkJoinPool-17-worker-15] INFO  o.o.b.p.a.PullFromAggregateTracker - Pull Formulário da Vigilancia Hospitalar - Form downloaded
2025-12-16 10:06:04,816 [ForkJoinPool-17-worker-15] INFO  o.o.b.p.a.PullFromAggregateTracker - Pull Formulário da Vigilancia Hospitalar - Start getting form manifest
2025-12-16 10:06:04,818 [ForkJoinPool-17-worker-4] INFO  o.o.b.p.a.PullFromAggregateTracker - Pull Formulário da Vigilancia Comunitaria - Form downloaded
2025-12-16 10:06:04,818 [ForkJoinPool-17-worker-4] INFO  o.o.b.p.a.PullFromAggregateTracker - Pull Formulário da Vigilancia Comunitaria - Start getting form manifest
2025-12-16 10:06:05,030 [ForkJoinPool-17-worker-11] INFO  o.o.b.p.a.PullFromAggregateTracker - Pull Formulário da Vigilancia Hospitalar - Form downloaded
2025-12-16 10:06:05,035 [ForkJoinPool-17-worker-11] INFO  o.o.b.p.a.PullFromAggregateTracker - Pull Formulário da Vigilancia Hospitalar - Start getting form manifest
2025-12-16 10:06:05,071 [ForkJoinPool-17-worker-6] INFO  o.o.b.p.a.PullFromAggregateTracker - Pull Resultados de testagem das vigilâncias - Form downloaded
2025-12-16 10:06:05,071 [ForkJoinPool-17-worker-6] INFO  o.o.b.p.a.PullFromAggregateTracker - Pull Resultados de testagem das vigilâncias - Start getting form manifest
2025-12-16 10:06:05,206 [ForkJoinPool-17-worker-8] INFO  o.o.b.p.a.PullFromAggregateTracker - Pull Formulario da  Componente  Genomica (IDS) - Got all the submission IDs
2025-12-16 10:06:05,211 [ForkJoinPool-17-worker-2] INFO  o.o.b.p.a.PullFromAggregateTracker - Pull Formulário da Vigilancia Hospitalar - Laboratório - Got the form manifest
2025-12-16 10:06:05,211 [ForkJoinPool-17-worker-2] INFO  o.o.b.p.a.PullFromAggregateTracker - Pull Formulário da Vigilancia Hospitalar - Laboratório - Skipping 1 form attachments that have been already downloaded
2025-12-16 10:06:05,211 [ForkJoinPool-17-worker-10] INFO  o.o.b.p.a.PullFromAggregateTracker - Pull Formulário da Vigilancia Hospitalar - Laboratório - Form downloaded
2025-12-16 10:06:05,211 [ForkJoinPool-17-worker-2] INFO  o.o.b.p.a.PullFromAggregateTracker - Pull Formulário da Vigilancia Hospitalar - Laboratório - Start getting submission IDs
2025-12-16 10:06:05,211 [ForkJoinPool-17-worker-10] INFO  o.o.b.p.a.PullFromAggregateTracker - Pull Formulário da Vigilancia Hospitalar - Laboratório - Start getting submission IDs
2025-12-16 10:06:05,221 [ForkJoinPool-17-worker-8] INFO  o.o.b.p.a.PullFromAggregateTracker - Push Formulario da  Componente  Genomica (IDS) - There are no submissions to download
2025-12-16 10:06:05,221 [ForkJoinPool-17-worker-8] INFO  o.o.b.p.a.PullFromAggregateTracker - Pull Formulario da  Componente  Genomica (IDS) - Success
2025-12-16 10:06:05,225 [ForkJoinPool-17-worker-8] INFO  o.o.b.p.a.PullFromAggregateTracker - Pull VIGILÂNCIA  AMBIENTAL - Start pulling form and submissions
2025-12-16 10:06:05,225 [ForkJoinPool-17-worker-8] INFO  o.o.b.p.a.PullFromAggregateTracker - Pull VIGILÂNCIA  AMBIENTAL - Start downloading form
2025-12-16 10:06:05,292 [AWT-EventQueue-0] INFO  XFormParser - Reading XML and parsing with kXML2 finished in 25.437 ms
2025-12-16 10:06:05,300 [AWT-EventQueue-0] INFO  XFormParser - Consolidating text finished in 8.224 ms
2025-12-16 10:06:05,300 [AWT-EventQueue-0] INFO  XFormParser - Parsing form...
2025-12-16 10:06:05,300 [AWT-EventQueue-0] INFO  XFormParser - Title: "Formulário da Vigilancia Comunitaria"
2025-12-16 10:06:05,300 [AWT-EventQueue-0] WARN  XFormParser - XForm Parse Warning: Warning: 1 Unrecognized attributes found in Element [model] and will be ignored: [xforms-version] 
    Problem found at nodeset: /html/head/model
    With element <model xforms-version="1.0.0"><instance><data id="Comunidade" version="1" prefix="Comunidade" delimiter="$">...

2025-12-16 10:06:05,346 [AWT-EventQueue-0] INFO  XFormParser - Creating FormDef from parsed XML finished in 44.703 ms
2025-12-16 10:06:05,346 [ForkJoinPool-17-worker-3] INFO  o.o.b.p.a.PullFromAggregateTracker - Pull Formulário da Vigilancia Hospitalar - Form downloaded
2025-12-16 10:06:05,347 [ForkJoinPool-17-worker-3] INFO  o.o.b.p.a.PullFromAggregateTracker - Pull Formulário da Vigilancia Hospitalar - Start getting submission IDs
2025-12-16 10:06:05,368 [ForkJoinPool-17-worker-13] INFO  o.o.b.p.a.PullFromAggregateTracker - Pull VIGILÂNCIA  AMBIENTAL - Got the form manifest
2025-12-16 10:06:05,368 [ForkJoinPool-17-worker-15] INFO  o.o.b.p.a.PullFromAggregateTracker - Pull Formulário da Vigilancia Hospitalar - Got the form manifest
2025-12-16 10:06:05,368 [ForkJoinPool-17-worker-13] INFO  o.o.b.p.a.PullFromAggregateTracker - Pull VIGILÂNCIA  AMBIENTAL - Skipping 1 form attachments that have been already downloaded
2025-12-16 10:06:05,368 [ForkJoinPool-17-worker-15] INFO  o.o.b.p.a.PullFromAggregateTracker - Pull Formulário da Vigilancia Hospitalar - Skipping 1 form attachments that have been already downloaded
2025-12-16 10:06:05,368 [ForkJoinPool-17-worker-13] INFO  o.o.b.p.a.PullFromAggregateTracker - Pull VIGILÂNCIA  AMBIENTAL - Start getting submission IDs
2025-12-16 10:06:05,368 [ForkJoinPool-17-worker-15] INFO  o.o.b.p.a.PullFromAggregateTracker - Pull Formulário da Vigilancia Hospitalar - Start getting submission IDs
2025-12-16 10:06:05,371 [AWT-EventQueue-0] INFO  XFormParser - Reading XML and parsing with kXML2 finished in 3.027 ms
2025-12-16 10:06:05,372 [AWT-EventQueue-0] INFO  XFormParser - Consolidating text finished in 0.806 ms
2025-12-16 10:06:05,372 [AWT-EventQueue-0] INFO  XFormParser - Parsing form...
2025-12-16 10:06:05,372 [AWT-EventQueue-0] INFO  XFormParser - Title: "VIGILÂNCIA  AMBIENTAL"
2025-12-16 10:06:05,372 [AWT-EventQueue-0] WARN  XFormParser - XForm Parse Warning: Warning: 1 Unrecognized attributes found in Element [model] and will be ignored: [xforms-version] 
    Problem found at nodeset: /html/head/model
    With element <model xforms-version="1.0.0"><instance><data id="VIGILÂNCIA  AMBIENTAL" version="1" prefix="VIGILÂNCIA  AMBIENTAL" delimiter="$">...

2025-12-16 10:06:05,378 [AWT-EventQueue-0] INFO  XFormParser - Creating FormDef from parsed XML finished in 6.177 ms
2025-12-16 10:06:05,444 [ForkJoinPool-17-worker-1] INFO  o.o.b.p.a.PullFromAggregateTracker - Pull Formulário da Vigilancia Comunitaria - Form downloaded
2025-12-16 10:06:05,444 [ForkJoinPool-17-worker-1] INFO  o.o.b.p.a.PullFromAggregateTracker - Pull Formulário da Vigilancia Comunitaria - Start getting submission IDs
2025-12-16 10:06:05,483 [ForkJoinPool-17-worker-11] INFO  o.o.b.p.a.PullFromAggregateTracker - Pull Formulário da Vigilancia Hospitalar - Got the form manifest
2025-12-16 10:06:05,483 [ForkJoinPool-17-worker-4] INFO  o.o.b.p.a.PullFromAggregateTracker - Pull Formulário da Vigilancia Comunitaria - Got the form manifest
2025-12-16 10:06:05,486 [ForkJoinPool-17-worker-11] INFO  o.o.b.p.a.PullFromAggregateTracker - Pull Formulário da Vigilancia Hospitalar - Skipping 1 form attachments that have been already downloaded
2025-12-16 10:06:05,486 [ForkJoinPool-17-worker-4] INFO  o.o.b.p.a.PullFromAggregateTracker - Pull Formulário da Vigilancia Comunitaria - Skipping 1 form attachments that have been already downloaded
2025-12-16 10:06:05,489 [ForkJoinPool-17-worker-11] INFO  o.o.b.p.a.PullFromAggregateTracker - Pull Formulário da Vigilancia Hospitalar - Start getting submission IDs
2025-12-16 10:06:05,491 [ForkJoinPool-17-worker-4] INFO  o.o.b.p.a.PullFromAggregateTracker - Pull Formulário da Vigilancia Comunitaria - Start getting submission IDs
2025-12-16 10:06:05,502 [ForkJoinPool-17-worker-6] INFO  o.o.b.p.a.PullFromAggregateTracker - Pull Resultados de testagem das vigilâncias - Got the form manifest
2025-12-16 10:06:05,502 [ForkJoinPool-17-worker-6] INFO  o.o.b.p.a.PullFromAggregateTracker - Pull Resultados de testagem das vigilâncias - Skipping 1 form attachments that have been already downloaded
2025-12-16 10:06:05,502 [ForkJoinPool-17-worker-6] INFO  o.o.b.p.a.PullFromAggregateTracker - Pull Resultados de testagem das vigilâncias - Start getting submission IDs
2025-12-16 10:06:05,706 [ForkJoinPool-17-worker-2] INFO  o.o.b.p.a.PullFromAggregateTracker - Pull Formulário da Vigilancia Hospitalar - Laboratório - Got all the submission IDs
2025-12-16 10:06:05,709 [ForkJoinPool-17-worker-2] INFO  o.o.b.p.a.PullFromAggregateTracker - Push Formulário da Vigilancia Hospitalar - Laboratório - There are no submissions to download
2025-12-16 10:06:05,709 [ForkJoinPool-17-worker-2] INFO  o.o.b.p.a.PullFromAggregateTracker - Pull Formulário da Vigilancia Hospitalar - Laboratório - Success
2025-12-16 10:06:05,713 [ForkJoinPool-17-worker-2] INFO  o.o.b.p.a.PullFromAggregateTracker - Pull VIGILÂNCIA  AMBIENTAL - Start pulling form and submissions
2025-12-16 10:06:05,713 [ForkJoinPool-17-worker-2] INFO  o.o.b.p.a.PullFromAggregateTracker - Pull VIGILÂNCIA  AMBIENTAL - Start downloading form
2025-12-16 10:06:05,729 [ForkJoinPool-17-worker-15] INFO  o.o.b.p.a.PullFromAggregateTracker - Pull Formulário da Vigilancia Hospitalar - Got all the submission IDs
2025-12-16 10:06:05,729 [ForkJoinPool-17-worker-13] INFO  o.o.b.p.a.PullFromAggregateTracker - Pull VIGILÂNCIA  AMBIENTAL - Got all the submission IDs
2025-12-16 10:06:05,729 [ForkJoinPool-17-worker-3] INFO  o.o.b.p.a.PullFromAggregateTracker - Pull Formulário da Vigilancia Hospitalar - Got all the submission IDs
2025-12-16 10:06:05,729 [ForkJoinPool-17-worker-10] INFO  o.o.b.p.a.PullFromAggregateTracker - Pull Formulário da Vigilancia Hospitalar - Laboratório - Got all the submission IDs
2025-12-16 10:06:05,733 [ForkJoinPool-17-worker-10] INFO  o.o.b.p.a.PullFromAggregateTracker - Push Formulário da Vigilancia Hospitalar - Laboratório - There are no submissions to download
2025-12-16 10:06:05,733 [ForkJoinPool-17-worker-13] INFO  o.o.b.p.a.PullFromAggregateTracker - Push VIGILÂNCIA  AMBIENTAL - There are no submissions to download
2025-12-16 10:06:05,735 [ForkJoinPool-17-worker-13] INFO  o.o.b.p.a.PullFromAggregateTracker - Pull VIGILÂNCIA  AMBIENTAL - Success
2025-12-16 10:06:05,737 [ForkJoinPool-17-worker-13] INFO  o.o.b.p.a.PullFromAggregateTracker - Pull Formulário da Vigilancia Comunitaria - Start pulling form and submissions
2025-12-16 10:06:05,737 [ForkJoinPool-17-worker-13] INFO  o.o.b.p.a.PullFromAggregateTracker - Pull Formulário da Vigilancia Comunitaria - Start downloading form
2025-12-16 10:06:05,737 [ForkJoinPool-17-worker-8] INFO  o.o.b.p.a.PullFromAggregateTracker - Pull VIGILÂNCIA  AMBIENTAL - Form downloaded
2025-12-16 10:06:05,737 [ForkJoinPool-17-worker-8] INFO  o.o.b.p.a.PullFromAggregateTracker - Pull VIGILÂNCIA  AMBIENTAL - Start getting submission IDs
2025-12-16 10:06:05,738 [ForkJoinPool-17-worker-10] INFO  o.o.b.p.a.PullFromAggregateTracker - Pull Formulário da Vigilancia Hospitalar - Laboratório - Success
2025-12-16 10:06:05,740 [ForkJoinPool-17-worker-10] INFO  o.o.b.p.a.PullFromAggregateTracker - Pull Formulário da Vigilancia Hospitalar - Start pulling form and submissions
2025-12-16 10:06:05,740 [ForkJoinPool-17-worker-10] INFO  o.o.b.p.a.PullFromAggregateTracker - Pull Formulário da Vigilancia Hospitalar - Start downloading form
2025-12-16 10:06:05,743 [ForkJoinPool-17-worker-1] INFO  o.o.b.p.a.PullFromAggregateTracker - Pull Formulário da Vigilancia Comunitaria - Got all the submission IDs
2025-12-16 10:06:05,814 [ForkJoinPool-17-worker-3] INFO  o.o.b.p.a.PullFromAggregateTracker - Push Formulário da Vigilancia Hospitalar - There are no submissions to download
2025-12-16 10:06:05,814 [ForkJoinPool-17-worker-15] INFO  o.o.b.p.a.PullFromAggregateTracker - Push Formulário da Vigilancia Hospitalar - There are no submissions to download
2025-12-16 10:06:05,819 [ForkJoinPool-17-worker-15] INFO  o.o.b.p.a.PullFromAggregateTracker - Pull Formulário da Vigilancia Hospitalar - Success
2025-12-16 10:06:05,819 [ForkJoinPool-17-worker-3] INFO  o.o.b.p.a.PullFromAggregateTracker - Pull Formulário da Vigilancia Hospitalar - Success
2025-12-16 10:06:05,822 [ForkJoinPool-17-worker-15] INFO  o.o.b.p.a.PullFromAggregateTracker - Pull VIGILÂNCIA  AMBIENTAL - Start pulling form and submissions
2025-12-16 10:06:05,822 [ForkJoinPool-17-worker-3] INFO  o.o.b.p.a.PullFromAggregateTracker - Pull Formulário da Vigilancia Comunitaria - Start pulling form and submissions
2025-12-16 10:06:05,822 [ForkJoinPool-17-worker-15] INFO  o.o.b.p.a.PullFromAggregateTracker - Pull VIGILÂNCIA  AMBIENTAL - Start downloading form
2025-12-16 10:06:05,822 [ForkJoinPool-17-worker-3] INFO  o.o.b.p.a.PullFromAggregateTracker - Pull Formulário da Vigilancia Comunitaria - Start downloading form
2025-12-16 10:06:05,920 [ForkJoinPool-17-worker-1] INFO  o.o.b.p.a.PullFromAggregateTracker - Push Formulário da Vigilancia Comunitaria - There are no submissions to download
2025-12-16 10:06:05,923 [ForkJoinPool-17-worker-1] INFO  o.o.b.p.a.PullFromAggregateTracker - Pull Formulário da Vigilancia Comunitaria - Success
2025-12-16 10:06:05,927 [ForkJoinPool-17-worker-1] INFO  o.o.b.p.a.PullFromAggregateTracker - Pull Formulário da Vigilancia Hospitalar - Start pulling form and submissions
2025-12-16 10:06:05,927 [ForkJoinPool-17-worker-1] INFO  o.o.b.p.a.PullFromAggregateTracker - Pull Formulário da Vigilancia Hospitalar - Start downloading form
2025-12-16 10:06:05,929 [AWT-EventQueue-0] INFO  XFormParser - Reading XML and parsing with kXML2 finished in 22.446 ms
2025-12-16 10:06:05,938 [AWT-EventQueue-0] INFO  XFormParser - Consolidating text finished in 6.220 ms
2025-12-16 10:06:05,938 [AWT-EventQueue-0] INFO  XFormParser - Parsing form...
2025-12-16 10:06:05,938 [AWT-EventQueue-0] INFO  XFormParser - Title: "Formulário da Vigilancia Comunitaria"
2025-12-16 10:06:05,938 [AWT-EventQueue-0] WARN  XFormParser - XForm Parse Warning: Warning: 1 Unrecognized attributes found in Element [model] and will be ignored: [xforms-version] 
    Problem found at nodeset: /html/head/model
    With element <model xforms-version="1.0.0"><instance><data id="Comunidade_v2" version="2" prefix="Comunidade_v2" delimiter="$">...

2025-12-16 10:06:05,970 [AWT-EventQueue-0] INFO  XFormParser - Creating FormDef from parsed XML finished in 28.737 ms
2025-12-16 10:06:05,987 [AWT-EventQueue-0] INFO  XFormParser - Reading XML and parsing with kXML2 finished in 0.777 ms
2025-12-16 10:06:05,987 [AWT-EventQueue-0] INFO  XFormParser - Consolidating text finished in 0.448 ms
2025-12-16 10:06:05,987 [AWT-EventQueue-0] INFO  XFormParser - Parsing form...
2025-12-16 10:06:05,987 [AWT-EventQueue-0] INFO  XFormParser - Title: "VIGILÂNCIA  AMBIENTAL"
2025-12-16 10:06:05,987 [AWT-EventQueue-0] WARN  XFormParser - XForm Parse Warning: Warning: 1 Unrecognized attributes found in Element [model] and will be ignored: [xforms-version] 
    Problem found at nodeset: /html/head/model
    With element <model xforms-version="1.0.0"><instance><data id="VIGILÂNCIA  AMBIENTAL_v2" version="2" prefix="VIGILÂNCIA  AMBIENTAL_v2" delimiter="$">...

2025-12-16 10:06:05,993 [ForkJoinPool-17-worker-11] INFO  o.o.b.p.a.PullFromAggregateTracker - Pull Formulário da Vigilancia Hospitalar - Got all the submission IDs
2025-12-16 10:06:05,993 [ForkJoinPool-17-worker-4] INFO  o.o.b.p.a.PullFromAggregateTracker - Pull Formulário da Vigilancia Comunitaria - Got all the submission IDs
2025-12-16 10:06:05,995 [ForkJoinPool-17-worker-2] INFO  o.o.b.p.a.PullFromAggregateTracker - Pull VIGILÂNCIA  AMBIENTAL - Form downloaded
2025-12-16 10:06:05,995 [ForkJoinPool-17-worker-2] INFO  o.o.b.p.a.PullFromAggregateTracker - Pull VIGILÂNCIA  AMBIENTAL - Start getting submission IDs
2025-12-16 10:06:05,997 [ForkJoinPool-17-worker-6] INFO  o.o.b.p.a.PullFromAggregateTracker - Pull Resultados de testagem das vigilâncias - Got all the submission IDs
2025-12-16 10:06:05,997 [AWT-EventQueue-0] INFO  XFormParser - Creating FormDef from parsed XML finished in 6.303 ms
2025-12-16 10:06:06,001 [ForkJoinPool-17-worker-8] INFO  o.o.b.p.a.PullFromAggregateTracker - Pull VIGILÂNCIA  AMBIENTAL - Got all the submission IDs
2025-12-16 10:06:06,031 [ForkJoinPool-17-worker-8] INFO  o.o.b.p.a.PullFromAggregateTracker - Push VIGILÂNCIA  AMBIENTAL - There are no submissions to download
2025-12-16 10:06:06,036 [ForkJoinPool-17-worker-8] INFO  o.o.b.p.a.PullFromAggregateTracker - Pull VIGILÂNCIA  AMBIENTAL - Success
2025-12-16 10:06:06,080 [ForkJoinPool-17-worker-6] INFO  o.o.b.p.a.PullFromAggregateTracker - Push Resultados de testagem das vigilâncias - There are no submissions to download
2025-12-16 10:06:06,081 [ForkJoinPool-17-worker-6] INFO  o.o.b.p.a.PullFromAggregateTracker - Pull Resultados de testagem das vigilâncias - Success
2025-12-16 10:06:06,107 [ForkJoinPool-17-worker-11] INFO  o.o.b.p.a.PullFromAggregateTracker - Push Formulário da Vigilancia Hospitalar - There are no submissions to download
2025-12-16 10:06:06,107 [ForkJoinPool-17-worker-4] INFO  o.o.b.p.a.PullFromAggregateTracker - Push Formulário da Vigilancia Comunitaria - There are no submissions to download
2025-12-16 10:06:06,109 [ForkJoinPool-17-worker-11] INFO  o.o.b.p.a.PullFromAggregateTracker - Pull Formulário da Vigilancia Hospitalar - Success
2025-12-16 10:06:06,109 [ForkJoinPool-17-worker-4] INFO  o.o.b.p.a.PullFromAggregateTracker - Pull Formulário da Vigilancia Comunitaria - Success
2025-12-16 10:06:06,132 [AWT-EventQueue-0] INFO  XFormParser - Reading XML and parsing with kXML2 finished in 3.443 ms
2025-12-16 10:06:06,133 [AWT-EventQueue-0] INFO  XFormParser - Consolidating text finished in 1.378 ms
2025-12-16 10:06:06,135 [AWT-EventQueue-0] INFO  XFormParser - Parsing form...
2025-12-16 10:06:06,135 [AWT-EventQueue-0] INFO  XFormParser - Title: "VIGILÂNCIA  AMBIENTAL"
2025-12-16 10:06:06,135 [AWT-EventQueue-0] WARN  XFormParser - XForm Parse Warning: Warning: 1 Unrecognized attributes found in Element [model] and will be ignored: [xforms-version] 
    Problem found at nodeset: /html/head/model
    With element <model xforms-version="1.0.0"><instance><data id="VIGILÂNCIA  AMBIENTAL_v3" version="3" prefix="VIGILÂNCIA  AMBIENTAL_v3" delimiter="$">...

2025-12-16 10:06:06,150 [AWT-EventQueue-0] INFO  XFormParser - Creating FormDef from parsed XML finished in 16.387 ms
2025-12-16 10:06:06,279 [ForkJoinPool-17-worker-15] INFO  o.o.b.p.a.PullFromAggregateTracker - Pull VIGILÂNCIA  AMBIENTAL - Form downloaded
2025-12-16 10:06:06,281 [ForkJoinPool-17-worker-15] INFO  o.o.b.p.a.PullFromAggregateTracker - Pull VIGILÂNCIA  AMBIENTAL - Start getting submission IDs
2025-12-16 10:06:06,292 [AWT-EventQueue-0] INFO  XFormParser - Reading XML and parsing with kXML2 finished in 3.474 ms
2025-12-16 10:06:06,293 [AWT-EventQueue-0] INFO  XFormParser - Consolidating text finished in 1.073 ms
2025-12-16 10:06:06,293 [AWT-EventQueue-0] INFO  XFormParser - Parsing form...
2025-12-16 10:06:06,293 [AWT-EventQueue-0] INFO  XFormParser - Title: "VIGILÂNCIA  AMBIENTAL"
2025-12-16 10:06:06,294 [AWT-EventQueue-0] WARN  XFormParser - XForm Parse Warning: Warning: 1 Unrecognized attributes found in Element [model] and will be ignored: [xforms-version] 
    Problem found at nodeset: /html/head/model
    With element <model xforms-version="1.0.0"><instance><data id="VIGILÂNCIA AMBIENTAL_v4" version="4" prefix="VIGILÂNCIA AMBIENTAL_v4" delimiter="$">...

2025-12-16 10:06:06,302 [AWT-EventQueue-0] INFO  XFormParser - Creating FormDef from parsed XML finished in 9.626 ms
2025-12-16 10:06:06,320 [ForkJoinPool-17-worker-2] INFO  o.o.b.p.a.PullFromAggregateTracker - Pull VIGILÂNCIA  AMBIENTAL - Got all the submission IDs
2025-12-16 10:06:06,325 [ForkJoinPool-17-worker-2] INFO  o.o.b.p.a.PullFromAggregateTracker - Push VIGILÂNCIA  AMBIENTAL - There are no submissions to download
2025-12-16 10:06:06,326 [ForkJoinPool-17-worker-2] INFO  o.o.b.p.a.PullFromAggregateTracker - Pull VIGILÂNCIA  AMBIENTAL - Success
2025-12-16 10:06:06,709 [ForkJoinPool-17-worker-15] INFO  o.o.b.p.a.PullFromAggregateTracker - Pull VIGILÂNCIA  AMBIENTAL - Got all the submission IDs
2025-12-16 10:06:06,719 [ForkJoinPool-17-worker-15] INFO  o.o.b.p.a.PullFromAggregateTracker - Push VIGILÂNCIA  AMBIENTAL - There are no submissions to download
2025-12-16 10:06:06,719 [ForkJoinPool-17-worker-15] INFO  o.o.b.p.a.PullFromAggregateTracker - Pull VIGILÂNCIA  AMBIENTAL - Success
2025-12-16 10:06:07,119 [ForkJoinPool-17-worker-1] INFO  o.o.b.p.a.PullFromAggregateTracker - Pull Formulário da Vigilancia Hospitalar - Form downloaded
2025-12-16 10:06:07,120 [ForkJoinPool-17-worker-1] INFO  o.o.b.p.a.PullFromAggregateTracker - Pull Formulário da Vigilancia Hospitalar - Start getting submission IDs
2025-12-16 10:06:07,133 [ForkJoinPool-17-worker-10] INFO  o.o.b.p.a.PullFromAggregateTracker - Pull Formulário da Vigilancia Hospitalar - Form downloaded
2025-12-16 10:06:07,133 [ForkJoinPool-17-worker-10] INFO  o.o.b.p.a.PullFromAggregateTracker - Pull Formulário da Vigilancia Hospitalar - Start getting submission IDs
2025-12-16 10:06:07,138 [ForkJoinPool-17-worker-13] INFO  o.o.b.p.a.PullFromAggregateTracker - Pull Formulário da Vigilancia Comunitaria - Form downloaded
2025-12-16 10:06:07,138 [ForkJoinPool-17-worker-13] INFO  o.o.b.p.a.PullFromAggregateTracker - Pull Formulário da Vigilancia Comunitaria - Start getting submission IDs
2025-12-16 10:06:07,186 [ForkJoinPool-17-worker-3] INFO  o.o.b.p.a.PullFromAggregateTracker - Pull Formulário da Vigilancia Comunitaria - Form downloaded
2025-12-16 10:06:07,189 [ForkJoinPool-17-worker-3] INFO  o.o.b.p.a.PullFromAggregateTracker - Pull Formulário da Vigilancia Comunitaria - Start getting submission IDs
2025-12-16 10:06:07,421 [ForkJoinPool-17-worker-1] INFO  o.o.b.p.a.PullFromAggregateTracker - Pull Formulário da Vigilancia Hospitalar - Got all the submission IDs
2025-12-16 10:06:07,426 [ForkJoinPool-17-worker-10] INFO  o.o.b.p.a.PullFromAggregateTracker - Pull Formulário da Vigilancia Hospitalar - Got all the submission IDs
2025-12-16 10:06:07,427 [ForkJoinPool-17-worker-13] INFO  o.o.b.p.a.PullFromAggregateTracker - Pull Formulário da Vigilancia Comunitaria - Got all the submission IDs
2025-12-16 10:06:07,443 [ForkJoinPool-17-worker-3] INFO  o.o.b.p.a.PullFromAggregateTracker - Pull Formulário da Vigilancia Comunitaria - Got all the submission IDs
2025-12-16 10:06:07,553 [ForkJoinPool-17-worker-10] INFO  o.o.b.p.a.PullFromAggregateTracker - Push Formulário da Vigilancia Hospitalar - There are no submissions to download
2025-12-16 10:06:07,553 [ForkJoinPool-17-worker-1] INFO  o.o.b.p.a.PullFromAggregateTracker - Push Formulário da Vigilancia Hospitalar - There are no submissions to download
2025-12-16 10:06:07,553 [ForkJoinPool-17-worker-13] INFO  o.o.b.p.a.PullFromAggregateTracker - Push Formulário da Vigilancia Comunitaria - There are no submissions to download
2025-12-16 10:06:07,557 [ForkJoinPool-17-worker-1] INFO  o.o.b.p.a.PullFromAggregateTracker - Pull Formulário da Vigilancia Hospitalar - Success
2025-12-16 10:06:07,557 [ForkJoinPool-17-worker-10] INFO  o.o.b.p.a.PullFromAggregateTracker - Pull Formulário da Vigilancia Hospitalar - Success
2025-12-16 10:06:07,557 [ForkJoinPool-17-worker-13] INFO  o.o.b.p.a.PullFromAggregateTracker - Pull Formulário da Vigilancia Comunitaria - Success
2025-12-16 10:06:07,573 [ForkJoinPool-17-worker-3] INFO  o.o.b.p.a.PullFromAggregateTracker - Push Formulário da Vigilancia Comunitaria - There are no submissions to download
2025-12-16 10:06:07,576 [ForkJoinPool-17-worker-3] INFO  o.o.b.p.a.PullFromAggregateTracker - Pull Formulário da Vigilancia Comunitaria - Success
2025-12-16 10:06:07,652 [AWT-EventQueue-0] INFO  XFormParser - Reading XML and parsing with kXML2 finished in 15.024 ms
2025-12-16 10:06:07,665 [AWT-EventQueue-0] INFO  XFormParser - Consolidating text finished in 14.190 ms
2025-12-16 10:06:07,667 [AWT-EventQueue-0] INFO  XFormParser - Parsing form...
2025-12-16 10:06:07,667 [AWT-EventQueue-0] INFO  XFormParser - Title: "Formulário da Vigilancia Comunitaria"
2025-12-16 10:06:07,667 [AWT-EventQueue-0] WARN  XFormParser - XForm Parse Warning: Warning: 1 Unrecognized attributes found in Element [model] and will be ignored: [xforms-version] 
    Problem found at nodeset: /html/head/model
    With element <model xforms-version="1.0.0"><instance><data id="Comunidade_v4" version="1" prefix="Comunidade_v4" delimiter="$">...

2025-12-16 10:06:07,708 [AWT-EventQueue-0] INFO  XFormParser - Creating FormDef from parsed XML finished in 42.231 ms
2025-12-16 10:06:07,738 [AWT-EventQueue-0] INFO  XFormParser - Reading XML and parsing with kXML2 finished in 13.836 ms
2025-12-16 10:06:07,738 [AWT-EventQueue-0] INFO  XFormParser - Consolidating text finished in 4.482 ms
2025-12-16 10:06:07,738 [AWT-EventQueue-0] INFO  XFormParser - Parsing form...
2025-12-16 10:06:07,738 [AWT-EventQueue-0] INFO  XFormParser - Title: "Formulário da Vigilancia Hospitalar"
2025-12-16 10:06:07,738 [AWT-EventQueue-0] WARN  XFormParser - XForm Parse Warning: Warning: 1 Unrecognized attributes found in Element [model] and will be ignored: [xforms-version] 
    Problem found at nodeset: /html/head/model
    With element <model xforms-version="1.0.0"><instance><data id="hospitalar_v4" version="1" prefix="hospitalar_v4" delimiter="$">...

2025-12-16 10:06:07,794 [AWT-EventQueue-0] INFO  XFormParser - Creating FormDef from parsed XML finished in 50.208 ms
2025-12-16 10:06:10,533 [ForkJoinPool-17-worker-9] INFO  o.o.b.p.a.PullFromAggregateTracker - Pull Formulário da Vigilancia Hospitalar - Form downloaded
2025-12-16 10:06:10,535 [ForkJoinPool-17-worker-9] INFO  o.o.b.p.a.PullFromAggregateTracker - Pull Formulário da Vigilancia Hospitalar - Start getting form manifest
2025-12-16 10:06:10,829 [ForkJoinPool-17-worker-9] INFO  o.o.b.p.a.PullFromAggregateTracker - Pull Formulário da Vigilancia Hospitalar - Got the form manifest
2025-12-16 10:06:10,829 [ForkJoinPool-17-worker-9] INFO  o.o.b.p.a.PullFromAggregateTracker - Pull Formulário da Vigilancia Hospitalar - Skipping 1 form attachments that have been already downloaded
2025-12-16 10:06:10,829 [ForkJoinPool-17-worker-9] INFO  o.o.b.p.a.PullFromAggregateTracker - Pull Formulário da Vigilancia Hospitalar - Start getting submission IDs
2025-12-16 10:06:11,130 [ForkJoinPool-17-worker-9] INFO  o.o.b.p.a.PullFromAggregateTracker - Pull Formulário da Vigilancia Hospitalar - Got all the submission IDs
2025-12-16 10:06:11,189 [ForkJoinPool-17-worker-9] INFO  o.o.b.p.a.PullFromAggregateTracker - Push Formulário da Vigilancia Hospitalar - There are no submissions to download
2025-12-16 10:06:11,196 [ForkJoinPool-17-worker-9] INFO  o.o.b.p.a.PullFromAggregateTracker - Pull Formulário da Vigilancia Hospitalar - Success
2025-12-16 10:06:11,278 [AWT-EventQueue-0] INFO  XFormParser - Reading XML and parsing with kXML2 finished in 15.301 ms
2025-12-16 10:06:11,286 [AWT-EventQueue-0] INFO  XFormParser - Consolidating text finished in 8.819 ms
2025-12-16 10:06:11,286 [AWT-EventQueue-0] INFO  XFormParser - Parsing form...
2025-12-16 10:06:11,286 [AWT-EventQueue-0] INFO  XFormParser - Title: "Formulário da Vigilancia Hospitalar"
2025-12-16 10:06:11,286 [AWT-EventQueue-0] WARN  XFormParser - XForm Parse Warning: Warning: 1 Unrecognized attributes found in Element [model] and will be ignored: [xforms-version] 
    Problem found at nodeset: /html/head/model
    With element <model xforms-version="1.0.0"><instance><data id="hospitalar" version="1" prefix="Hospitalar" delimiter="$">...

2025-12-16 10:06:11,316 [AWT-EventQueue-0] INFO  XFormParser - Creating FormDef from parsed XML finished in 30.417 ms
2025-12-16 10:06:31,098 [Thread-21] INFO  org.javarosa.core.model.FormDef - Dynamic select question has no choices! [instance(dis)/root/item]. If this occurs while filling out a form (and not while saving an incomplete form), the filter condition may have eliminated all the choices. Is that what you intended?
2025-12-16 10:06:31,207 [Thread-21] INFO  org.javarosa.core.model.FormDef - Dynamic select question has no choices! [instance(Distrito_option_type)/root/item]. If this occurs while filling out a form (and not while saving an incomplete form), the filter condition may have eliminated all the choices. Is that what you intended?
2025-12-16 10:06:31,224 [Thread-21] INFO  org.javarosa.core.model.FormDef - Dynamic select question has no choices! [instance(Unidade_sanitaria_options)/root/item]. If this occurs while filling out a form (and not while saving an incomplete form), the filter condition may have eliminated all the choices. Is that what you intended?
2025-12-16 10:06:31,226 [Thread-21] INFO  org.javarosa.core.model.FormDef - Dynamic select question has no choices! [instance(tipo_amostra_options)/root/item]. If this occurs while filling out a form (and not while saving an incomplete form), the filter condition may have eliminated all the choices. Is that what you intended?
2025-12-16 10:06:31,255 [Thread-21] INFO  org.javarosa.core.model.FormDef - Dynamic select question has no choices! [instance(Distrito_option_type)/root/item]. If this occurs while filling out a form (and not while saving an incomplete form), the filter condition may have eliminated all the choices. Is that what you intended?
2025-12-16 10:06:31,669 [Thread-21] INFO  org.javarosa.core.model.FormDef - Dynamic select question has no choices! [instance(dis)/root/item]. If this occurs while filling out a form (and not while saving an incomplete form), the filter condition may have eliminated all the choices. Is that what you intended?
2025-12-16 10:06:31,679 [Thread-21] INFO  org.javarosa.core.model.FormDef - Dynamic select question has no choices! [instance(bairro)/root/item]. If this occurs while filling out a form (and not while saving an incomplete form), the filter condition may have eliminated all the choices. Is that what you intended?
2025-12-16 10:06:31,873 [ForkJoinPool-18-worker-2] INFO  o.o.b.export.ExportProcessTracker - Exported in 00:00:00.7287049
2025-12-16 10:06:31,985 [ForkJoinPool-18-worker-4] INFO  o.o.b.export.ExportProcessTracker - Exported in 00:00:00.7386412
2025-12-16 10:06:33,039 [ForkJoinPool-18-worker-13] INFO  o.o.b.export.ExportProcessTracker - Exported in 00:00:01.7770065
2025-12-16 10:06:38,919 [ForkJoinPool-18-worker-15] INFO  o.o.b.export.ExportProcessTracker - Exported in 00:00:07.1184005
2025-12-16 10:06:44,018 [ForkJoinPool-18-worker-9] INFO  o.o.b.export.ExportProcessTracker - Exported in 00:00:12.8967687
2025-12-16 10:06:47,223 [ForkJoinPool-18-worker-11] INFO  o.o.b.export.ExportProcessTracker - Exported in 00:00:15.9823708
2025-12-16 10:06:47,803 [ForkJoinPool-18-worker-6] INFO  o.o.b.export.ExportProcessTracker - Exported in 00:00:16.5345559
