2026-02-24 09:47:41,414 [ForkJoinPool-5-worker-9] INFO  o.o.b.p.a.PullFromAggregateTracker - Pull Formulário da Vigilancia Hospitalar - Start pulling form and submissions
2026-02-24 09:47:41,416 [ForkJoinPool-5-worker-11] INFO  o.o.b.p.a.PullFromAggregateTracker - Pull Formulário da Vigilancia Hospitalar - Start pulling form and submissions
2026-02-24 09:47:41,421 [ForkJoinPool-5-worker-8] INFO  o.o.b.p.a.PullFromAggregateTracker - Pull Formulário da Vigilancia Hospitalar - Start pulling form and submissions
2026-02-24 09:47:41,422 [ForkJoinPool-5-worker-3] INFO  o.o.b.p.a.PullFromAggregateTracker - Pull Formulário da Vigilancia Hospitalar - Laboratório - Start pulling form and submissions
2026-02-24 09:47:41,418 [ForkJoinPool-5-worker-13] INFO  o.o.b.p.a.PullFromAggregateTracker - Pull VIGILÂNCIA  AMBIENTAL - Start pulling form and submissions
2026-02-24 09:47:41,421 [ForkJoinPool-5-worker-15] INFO  o.o.b.p.a.PullFromAggregateTracker - Pull Formulário da Recepção da Amostra - Start pulling form and submissions
2026-02-24 09:47:41,418 [ForkJoinPool-5-worker-6] INFO  o.o.b.p.a.PullFromAggregateTracker - Pull Resultados de testagem das vigilâncias - Start pulling form and submissions
2026-02-24 09:47:41,421 [ForkJoinPool-5-worker-1] INFO  o.o.b.p.a.PullFromAggregateTracker - Pull Formulario da  Componente  Genomica (IDS) - Start pulling form and submissions
2026-02-24 09:47:41,421 [ForkJoinPool-5-worker-10] INFO  o.o.b.p.a.PullFromAggregateTracker - Pull Formulário da Vigilancia Comunitaria - Start pulling form and submissions
2026-02-24 09:47:41,441 [ForkJoinPool-5-worker-15] INFO  o.o.b.p.a.PullFromAggregateTracker - Pull Formulário da Recepção da Amostra - Start downloading form
2026-02-24 09:47:41,442 [ForkJoinPool-5-worker-1] INFO  o.o.b.p.a.PullFromAggregateTracker - Pull Formulario da  Componente  Genomica (IDS) - Start downloading form
2026-02-24 09:47:41,416 [ForkJoinPool-5-worker-2] INFO  o.o.b.p.a.PullFromAggregateTracker - Pull Formulário da Vigilancia Hospitalar - Laboratório - Start pulling form and submissions
2026-02-24 09:47:41,416 [ForkJoinPool-5-worker-4] INFO  o.o.b.p.a.PullFromAggregateTracker - Pull Formulário da Vigilancia Comunitaria - Start pulling form and submissions
2026-02-24 09:47:41,444 [ForkJoinPool-5-worker-4] INFO  o.o.b.p.a.PullFromAggregateTracker - Pull Formulário da Vigilancia Comunitaria - Start downloading form
2026-02-24 09:47:41,445 [ForkJoinPool-5-worker-10] INFO  o.o.b.p.a.PullFromAggregateTracker - Pull Formulário da Vigilancia Comunitaria - Start downloading form
2026-02-24 09:47:41,445 [ForkJoinPool-5-worker-9] INFO  o.o.b.p.a.PullFromAggregateTracker - Pull Formulário da Vigilancia Hospitalar - Start downloading form
2026-02-24 09:47:41,445 [ForkJoinPool-5-worker-6] INFO  o.o.b.p.a.PullFromAggregateTracker - Pull Resultados de testagem das vigilâncias - Start downloading form
2026-02-24 09:47:41,445 [ForkJoinPool-5-worker-13] INFO  o.o.b.p.a.PullFromAggregateTracker - Pull VIGILÂNCIA  AMBIENTAL - Start downloading form
2026-02-24 09:47:41,445 [ForkJoinPool-5-worker-3] INFO  o.o.b.p.a.PullFromAggregateTracker - Pull Formulário da Vigilancia Hospitalar - Laboratório - Start downloading form
2026-02-24 09:47:41,447 [ForkJoinPool-5-worker-8] INFO  o.o.b.p.a.PullFromAggregateTracker - Pull Formulário da Vigilancia Hospitalar - Start downloading form
2026-02-24 09:47:41,447 [ForkJoinPool-5-worker-2] INFO  o.o.b.p.a.PullFromAggregateTracker - Pull Formulário da Vigilancia Hospitalar - Laboratório - Start downloading form
2026-02-24 09:47:41,447 [ForkJoinPool-5-worker-11] INFO  o.o.b.p.a.PullFromAggregateTracker - Pull Formulário da Vigilancia Hospitalar - Start downloading form
2026-02-24 09:47:43,090 [ForkJoinPool-5-worker-3] INFO  o.o.b.p.a.PullFromAggregateTracker - Pull Formulário da Vigilancia Hospitalar - Laboratório - Form downloaded
2026-02-24 09:47:43,090 [ForkJoinPool-5-worker-2] INFO  o.o.b.p.a.PullFromAggregateTracker - Pull Formulário da Vigilancia Hospitalar - Laboratório - Form downloaded
2026-02-24 09:47:43,093 [ForkJoinPool-5-worker-2] INFO  o.o.b.p.a.PullFromAggregateTracker - Pull Formulário da Vigilancia Hospitalar - Laboratório - Start getting form manifest
2026-02-24 09:47:43,096 [ForkJoinPool-5-worker-3] INFO  o.o.b.p.a.PullFromAggregateTracker - Pull Formulário da Vigilancia Hospitalar - Laboratório - Start getting submission IDs
2026-02-24 09:47:43,449 [ForkJoinPool-5-worker-1] INFO  o.o.b.p.a.PullFromAggregateTracker - Pull Formulario da  Componente  Genomica (IDS) - Form downloaded
2026-02-24 09:47:43,449 [ForkJoinPool-5-worker-1] INFO  o.o.b.p.a.PullFromAggregateTracker - Pull Formulario da  Componente  Genomica (IDS) - Start getting submission IDs
2026-02-24 09:47:43,492 [ForkJoinPool-5-worker-15] INFO  o.o.b.p.a.PullFromAggregateTracker - Pull Formulário da Recepção da Amostra - Form downloaded
2026-02-24 09:47:43,492 [ForkJoinPool-5-worker-15] INFO  o.o.b.p.a.PullFromAggregateTracker - Pull Formulário da Recepção da Amostra - Start getting form manifest
2026-02-24 09:47:43,730 [ForkJoinPool-5-worker-2] INFO  o.o.b.p.a.PullFromAggregateTracker - Pull Formulário da Vigilancia Hospitalar - Laboratório - Got the form manifest
2026-02-24 09:47:43,732 [ForkJoinPool-5-worker-2] INFO  o.o.b.p.a.PullFromAggregateTracker - Pull Formulário da Vigilancia Hospitalar - Laboratório - Skipping 1 form attachments that have been already downloaded
2026-02-24 09:47:43,732 [ForkJoinPool-5-worker-2] INFO  o.o.b.p.a.PullFromAggregateTracker - Pull Formulário da Vigilancia Hospitalar - Laboratório - Start getting submission IDs
2026-02-24 09:47:43,842 [ForkJoinPool-5-worker-6] INFO  o.o.b.p.a.PullFromAggregateTracker - Pull Resultados de testagem das vigilâncias - Form downloaded
2026-02-24 09:47:43,842 [ForkJoinPool-5-worker-6] INFO  o.o.b.p.a.PullFromAggregateTracker - Pull Resultados de testagem das vigilâncias - Start getting form manifest
2026-02-24 09:47:43,959 [ForkJoinPool-5-worker-13] INFO  o.o.b.p.a.PullFromAggregateTracker - Pull VIGILÂNCIA  AMBIENTAL - Form downloaded
2026-02-24 09:47:43,961 [ForkJoinPool-5-worker-13] INFO  o.o.b.p.a.PullFromAggregateTracker - Pull VIGILÂNCIA  AMBIENTAL - Start getting form manifest
2026-02-24 09:47:44,056 [ForkJoinPool-5-worker-1] INFO  o.o.b.p.a.PullFromAggregateTracker - Pull Formulario da  Componente  Genomica (IDS) - Got all the submission IDs
2026-02-24 09:47:44,081 [ForkJoinPool-5-worker-1] INFO  o.o.b.p.a.PullFromAggregateTracker - Push Formulario da  Componente  Genomica (IDS) - There are no submissions to download
2026-02-24 09:47:44,098 [ForkJoinPool-5-worker-1] INFO  o.o.b.p.a.PullFromAggregateTracker - Pull Formulario da  Componente  Genomica (IDS) - Success
2026-02-24 09:47:44,107 [ForkJoinPool-5-worker-1] INFO  o.o.b.p.a.PullFromAggregateTracker - Pull Formulário da Vigilancia Hospitalar - Start pulling form and submissions
2026-02-24 09:47:44,107 [ForkJoinPool-5-worker-1] INFO  o.o.b.p.a.PullFromAggregateTracker - Pull Formulário da Vigilancia Hospitalar - Start downloading form
2026-02-24 09:47:44,169 [ForkJoinPool-5-worker-15] INFO  o.o.b.p.a.PullFromAggregateTracker - Pull Formulário da Recepção da Amostra - Got the form manifest
2026-02-24 09:47:44,169 [ForkJoinPool-5-worker-15] INFO  o.o.b.p.a.PullFromAggregateTracker - Pull Formulário da Recepção da Amostra - Skipping 1 form attachments that have been already downloaded
2026-02-24 09:47:44,169 [ForkJoinPool-5-worker-15] INFO  o.o.b.p.a.PullFromAggregateTracker - Pull Formulário da Recepção da Amostra - Start getting submission IDs
2026-02-24 09:47:44,193 [AWT-EventQueue-0] ERROR XFormParser - XML Syntax Error at Line: 1, Column: 8267!
org.xmlpull.v1.XmlPullParserException: expected: /select read: input (position:END_TAG </input>@1:8267 in java.io.StringReader@a130ae) 
	at org.kxml2.io.KXmlParser.exception(Unknown Source)
	at org.kxml2.io.KXmlParser.error(Unknown Source)
	at org.kxml2.io.KXmlParser.parseEndTag(Unknown Source)
	at org.kxml2.io.KXmlParser.nextImpl(Unknown Source)
	at org.kxml2.io.KXmlParser.nextToken(Unknown Source)
	at org.kxml2.kdom.Element.parse(Unknown Source)
	at org.kxml2.kdom.Node.parse(Unknown Source)
	at org.kxml2.kdom.Element.parse(Unknown Source)
	at org.kxml2.kdom.Node.parse(Unknown Source)
	at org.kxml2.kdom.Element.parse(Unknown Source)
	at org.kxml2.kdom.Node.parse(Unknown Source)
	at org.kxml2.kdom.Element.parse(Unknown Source)
	at org.kxml2.kdom.Node.parse(Unknown Source)
	at org.kxml2.kdom.Element.parse(Unknown Source)
	at org.kxml2.kdom.Node.parse(Unknown Source)
	at org.kxml2.kdom.Document.parse(Unknown Source)
	at org.javarosa.xform.parse.XFormParser.getXMLDocument(XFormParser.java:444)
	at org.javarosa.xform.parse.XFormParser.getXMLDocument(XFormParser.java:414)
	at org.opendatakit.aggregate.parser.BaseFormParserForJavaRosa.parseFormDefinition(BaseFormParserForJavaRosa.java:207)
	at org.opendatakit.aggregate.parser.BaseFormParserForJavaRosa.<init>(BaseFormParserForJavaRosa.java:359)
	at org.opendatakit.briefcase.util.JavaRosaParserWrapper.<init>(JavaRosaParserWrapper.java:15)
	at org.opendatakit.briefcase.model.BriefcaseFormDefinition.<init>(BriefcaseFormDefinition.java:294)
	at org.opendatakit.briefcase.util.FormCache.lambda$update$1(FormCache.java:123)
	at java.util.stream.ForEachOps$ForEachOp$OfRef.accept(Unknown Source)
	at java.util.stream.ReferencePipeline$2$1.accept(Unknown Source)
	at java.util.Iterator.forEachRemaining(Unknown Source)
	at java.util.Spliterators$IteratorSpliterator.forEachRemaining(Unknown Source)
	at java.util.stream.AbstractPipeline.copyInto(Unknown Source)
	at java.util.stream.AbstractPipeline.wrapAndCopyInto(Unknown Source)
	at java.util.stream.ForEachOps$ForEachOp.evaluateSequential(Unknown Source)
	at java.util.stream.ForEachOps$ForEachOp$OfRef.evaluateSequential(Unknown Source)
	at java.util.stream.AbstractPipeline.evaluate(Unknown Source)
	at java.util.stream.ReferencePipeline.forEach(Unknown Source)
	at org.opendatakit.briefcase.util.FormCache.lambda$update$2(FormCache.java:117)
	at java.util.Optional.ifPresent(Unknown Source)
	at org.opendatakit.briefcase.util.FormCache.update(FormCache.java:113)
	at org.opendatakit.briefcase.util.FormCache.onPullSuccess(FormCache.java:150)
	at sun.reflect.GeneratedMethodAccessor11.invoke(Unknown Source)
	at sun.reflect.DelegatingMethodAccessorImpl.invoke(Unknown Source)
	at java.lang.reflect.Method.invoke(Unknown Source)
	at org.bushe.swing.event.annotation.BaseProxySubscriber.onEvent(BaseProxySubscriber.java:69)
	at org.bushe.swing.event.ThreadSafeEventService.publish(ThreadSafeEventService.java:971)
	at org.bushe.swing.event.SwingEventService.access$001(SwingEventService.java:31)
	at org.bushe.swing.event.SwingEventService$1.run(SwingEventService.java:88)
	at java.awt.event.InvocationEvent.dispatch(Unknown Source)
	at java.awt.EventQueue.dispatchEventImpl(Unknown Source)
	at java.awt.EventQueue.access$500(Unknown Source)
	at java.awt.EventQueue$3.run(Unknown Source)
	at java.awt.EventQueue$3.run(Unknown Source)
	at java.security.AccessController.doPrivileged(Native Method)
	at java.security.ProtectionDomain$JavaSecurityAccessImpl.doIntersectionPrivilege(Unknown Source)
	at java.awt.EventQueue.dispatchEvent(Unknown Source)
	at java.awt.EventDispatchThread.pumpOneEventForFilters(Unknown Source)
	at java.awt.EventDispatchThread.pumpEventsForFilter(Unknown Source)
	at java.awt.EventDispatchThread.pumpEventsForHierarchy(Unknown Source)
	at java.awt.EventDispatchThread.pumpEvents(Unknown Source)
	at java.awt.EventDispatchThread.pumpEvents(Unknown Source)
	at java.awt.EventDispatchThread.run(Unknown Source)
2026-02-24 09:47:44,199 [AWT-EventQueue-0] WARN  o.o.briefcase.util.FormCache - Can't parse form file
org.opendatakit.briefcase.util.BadFormDefinition: org.opendatakit.aggregate.exception.ODKIncompleteSubmissionData: org.javarosa.xform.parse.XFormParseException: XML Syntax Error at Line: 1, Column: 8267!
	at org.opendatakit.briefcase.model.BriefcaseFormDefinition.<init>(BriefcaseFormDefinition.java:297)
	at org.opendatakit.briefcase.util.FormCache.lambda$update$1(FormCache.java:123)
	at java.util.stream.ForEachOps$ForEachOp$OfRef.accept(Unknown Source)
	at java.util.stream.ReferencePipeline$2$1.accept(Unknown Source)
	at java.util.Iterator.forEachRemaining(Unknown Source)
	at java.util.Spliterators$IteratorSpliterator.forEachRemaining(Unknown Source)
	at java.util.stream.AbstractPipeline.copyInto(Unknown Source)
	at java.util.stream.AbstractPipeline.wrapAndCopyInto(Unknown Source)
	at java.util.stream.ForEachOps$ForEachOp.evaluateSequential(Unknown Source)
	at java.util.stream.ForEachOps$ForEachOp$OfRef.evaluateSequential(Unknown Source)
	at java.util.stream.AbstractPipeline.evaluate(Unknown Source)
	at java.util.stream.ReferencePipeline.forEach(Unknown Source)
	at org.opendatakit.briefcase.util.FormCache.lambda$update$2(FormCache.java:117)
	at java.util.Optional.ifPresent(Unknown Source)
	at org.opendatakit.briefcase.util.FormCache.update(FormCache.java:113)
	at org.opendatakit.briefcase.util.FormCache.onPullSuccess(FormCache.java:150)
	at sun.reflect.GeneratedMethodAccessor11.invoke(Unknown Source)
	at sun.reflect.DelegatingMethodAccessorImpl.invoke(Unknown Source)
	at java.lang.reflect.Method.invoke(Unknown Source)
	at org.bushe.swing.event.annotation.BaseProxySubscriber.onEvent(BaseProxySubscriber.java:69)
	at org.bushe.swing.event.ThreadSafeEventService.publish(ThreadSafeEventService.java:971)
	at org.bushe.swing.event.SwingEventService.access$001(SwingEventService.java:31)
	at org.bushe.swing.event.SwingEventService$1.run(SwingEventService.java:88)
	at java.awt.event.InvocationEvent.dispatch(Unknown Source)
	at java.awt.EventQueue.dispatchEventImpl(Unknown Source)
	at java.awt.EventQueue.access$500(Unknown Source)
	at java.awt.EventQueue$3.run(Unknown Source)
	at java.awt.EventQueue$3.run(Unknown Source)
	at java.security.AccessController.doPrivileged(Native Method)
	at java.security.ProtectionDomain$JavaSecurityAccessImpl.doIntersectionPrivilege(Unknown Source)
	at java.awt.EventQueue.dispatchEvent(Unknown Source)
	at java.awt.EventDispatchThread.pumpOneEventForFilters(Unknown Source)
	at java.awt.EventDispatchThread.pumpEventsForFilter(Unknown Source)
	at java.awt.EventDispatchThread.pumpEventsForHierarchy(Unknown Source)
	at java.awt.EventDispatchThread.pumpEvents(Unknown Source)
	at java.awt.EventDispatchThread.pumpEvents(Unknown Source)
	at java.awt.EventDispatchThread.run(Unknown Source)
Caused by: org.opendatakit.aggregate.exception.ODKIncompleteSubmissionData: org.javarosa.xform.parse.XFormParseException: XML Syntax Error at Line: 1, Column: 8267!
	at org.opendatakit.aggregate.parser.BaseFormParserForJavaRosa.parseFormDefinition(BaseFormParserForJavaRosa.java:210)
	at org.opendatakit.aggregate.parser.BaseFormParserForJavaRosa.<init>(BaseFormParserForJavaRosa.java:359)
	at org.opendatakit.briefcase.util.JavaRosaParserWrapper.<init>(JavaRosaParserWrapper.java:15)
	at org.opendatakit.briefcase.model.BriefcaseFormDefinition.<init>(BriefcaseFormDefinition.java:294)
	... 36 common frames omitted
Caused by: org.javarosa.xform.parse.XFormParseException: XML Syntax Error at Line: 1, Column: 8267!
	at org.javarosa.xform.parse.XFormParser.getXMLDocument(XFormParser.java:448)
	at org.javarosa.xform.parse.XFormParser.getXMLDocument(XFormParser.java:414)
	at org.opendatakit.aggregate.parser.BaseFormParserForJavaRosa.parseFormDefinition(BaseFormParserForJavaRosa.java:207)
	... 39 common frames omitted
2026-02-24 09:47:44,247 [AWT-EventQueue-0] INFO  XFormParser - Reading XML and parsing with kXML2 finished in 15.791 ms
2026-02-24 09:47:44,270 [ForkJoinPool-5-worker-6] INFO  o.o.b.p.a.PullFromAggregateTracker - Pull Resultados de testagem das vigilâncias - Got the form manifest
2026-02-24 09:47:44,270 [ForkJoinPool-5-worker-6] INFO  o.o.b.p.a.PullFromAggregateTracker - Pull Resultados de testagem das vigilâncias - Skipping 1 form attachments that have been already downloaded
2026-02-24 09:47:44,270 [ForkJoinPool-5-worker-6] INFO  o.o.b.p.a.PullFromAggregateTracker - Pull Resultados de testagem das vigilâncias - Start getting submission IDs
2026-02-24 09:47:44,276 [AWT-EventQueue-0] INFO  XFormParser - Consolidating text finished in 26.649 ms
2026-02-24 09:47:44,276 [AWT-EventQueue-0] INFO  XFormParser - Parsing form...
2026-02-24 09:47:44,278 [AWT-EventQueue-0] INFO  XFormParser - Title: "Resultados de testagem das vigilâncias"
2026-02-24 09:47:44,278 [AWT-EventQueue-0] WARN  XFormParser - XForm Parse Warning: Warning: 1 Unrecognized attributes found in Element [model] and will be ignored: [xforms-version] 
    Problem found at nodeset: /html/head/model
    With element <model xforms-version="1.0.0"><instance><data id="hospitalar_LB" version="13" prefix="Hospitalar LB" delimiter="$">...

2026-02-24 09:47:44,372 [ForkJoinPool-5-worker-13] INFO  o.o.b.p.a.PullFromAggregateTracker - Pull VIGILÂNCIA  AMBIENTAL - Got the form manifest
2026-02-24 09:47:44,372 [ForkJoinPool-5-worker-13] INFO  o.o.b.p.a.PullFromAggregateTracker - Pull VIGILÂNCIA  AMBIENTAL - Skipping 1 form attachments that have been already downloaded
2026-02-24 09:47:44,372 [ForkJoinPool-5-worker-13] INFO  o.o.b.p.a.PullFromAggregateTracker - Pull VIGILÂNCIA  AMBIENTAL - Start getting submission IDs
2026-02-24 09:47:44,386 [ForkJoinPool-5-worker-3] INFO  o.o.b.p.a.PullFromAggregateTracker - Pull Formulário da Vigilancia Hospitalar - Laboratório - Got all the submission IDs
2026-02-24 09:47:44,402 [ForkJoinPool-5-worker-3] INFO  o.o.b.p.a.PullFromAggregateTracker - Pull Formulário da Vigilancia Hospitalar - Laboratório - Start downloading submission 1 of 6
2026-02-24 09:47:44,475 [ForkJoinPool-5-worker-10] INFO  o.o.b.p.a.PullFromAggregateTracker - Pull Formulário da Vigilancia Comunitaria - Form downloaded
2026-02-24 09:47:44,479 [ForkJoinPool-5-worker-10] INFO  o.o.b.p.a.PullFromAggregateTracker - Pull Formulário da Vigilancia Comunitaria - Start getting submission IDs
2026-02-24 09:47:44,517 [AWT-EventQueue-0] INFO  XFormParser - Creating FormDef from parsed XML finished in 240.197 ms
2026-02-24 09:47:44,522 [AWT-EventQueue-0] INFO  XFormParser - Reading XML and parsing with kXML2 finished in 2.974 ms
2026-02-24 09:47:44,526 [AWT-EventQueue-0] INFO  XFormParser - Consolidating text finished in 1.715 ms
2026-02-24 09:47:44,526 [AWT-EventQueue-0] INFO  XFormParser - Parsing form...
2026-02-24 09:47:44,526 [AWT-EventQueue-0] INFO  XFormParser - Title: "VIGILÂNCIA  AMBIENTAL"
2026-02-24 09:47:44,526 [AWT-EventQueue-0] WARN  XFormParser - XForm Parse Warning: Warning: 1 Unrecognized attributes found in Element [model] and will be ignored: [xforms-version] 
    Problem found at nodeset: /html/head/model
    With element <model xforms-version="1.0.0"><instance><data id="VIGILÂNCIA  AMBIENTAL" version="1" prefix="VIGILÂNCIA  AMBIENTAL" delimiter="$">...

2026-02-24 09:47:44,534 [AWT-EventQueue-0] INFO  XFormParser - Creating FormDef from parsed XML finished in 14.998 ms
2026-02-24 09:47:44,595 [ForkJoinPool-5-worker-15] INFO  o.o.b.p.a.PullFromAggregateTracker - Pull Formulário da Recepção da Amostra - Got all the submission IDs
2026-02-24 09:47:44,597 [ForkJoinPool-5-worker-15] INFO  o.o.b.p.a.PullFromAggregateTracker - Push Formulário da Recepção da Amostra - There are no submissions to download
2026-02-24 09:47:44,597 [ForkJoinPool-5-worker-2] INFO  o.o.b.p.a.PullFromAggregateTracker - Pull Formulário da Vigilancia Hospitalar - Laboratório - Got all the submission IDs
2026-02-24 09:47:44,600 [ForkJoinPool-5-worker-15] INFO  o.o.b.p.a.PullFromAggregateTracker - Pull Formulário da Recepção da Amostra - Success
2026-02-24 09:47:44,603 [ForkJoinPool-5-worker-2] INFO  o.o.b.p.a.PullFromAggregateTracker - Pull Formulário da Vigilancia Hospitalar - Laboratório - Start downloading submission 1 of 17
2026-02-24 09:47:44,603 [ForkJoinPool-5-worker-15] INFO  o.o.b.p.a.PullFromAggregateTracker - Pull VIGILÂNCIA  AMBIENTAL - Start pulling form and submissions
2026-02-24 09:47:44,603 [ForkJoinPool-5-worker-15] INFO  o.o.b.p.a.PullFromAggregateTracker - Pull VIGILÂNCIA  AMBIENTAL - Start downloading form
2026-02-24 09:47:44,620 [ForkJoinPool-5-worker-6] INFO  o.o.b.p.a.PullFromAggregateTracker - Pull Resultados de testagem das vigilâncias - Got all the submission IDs
2026-02-24 09:47:44,734 [ForkJoinPool-5-worker-6] INFO  o.o.b.p.a.PullFromAggregateTracker - Push Resultados de testagem das vigilâncias - There are no submissions to download
2026-02-24 09:47:44,739 [ForkJoinPool-5-worker-6] INFO  o.o.b.p.a.PullFromAggregateTracker - Pull Resultados de testagem das vigilâncias - Success
2026-02-24 09:47:44,745 [ForkJoinPool-5-worker-6] INFO  o.o.b.p.a.PullFromAggregateTracker - Pull VIGILÂNCIA  AMBIENTAL - Start pulling form and submissions
2026-02-24 09:47:44,745 [ForkJoinPool-5-worker-6] INFO  o.o.b.p.a.PullFromAggregateTracker - Pull VIGILÂNCIA  AMBIENTAL - Start downloading form
2026-02-24 09:47:44,790 [AWT-EventQueue-0] ERROR XFormParser - XML Syntax Error at Line: 1, Column: 8267!
org.xmlpull.v1.XmlPullParserException: expected: /select read: input (position:END_TAG </input>@1:8267 in java.io.StringReader@a1e92c) 
	at org.kxml2.io.KXmlParser.exception(Unknown Source)
	at org.kxml2.io.KXmlParser.error(Unknown Source)
	at org.kxml2.io.KXmlParser.parseEndTag(Unknown Source)
	at org.kxml2.io.KXmlParser.nextImpl(Unknown Source)
	at org.kxml2.io.KXmlParser.nextToken(Unknown Source)
	at org.kxml2.kdom.Element.parse(Unknown Source)
	at org.kxml2.kdom.Node.parse(Unknown Source)
	at org.kxml2.kdom.Element.parse(Unknown Source)
	at org.kxml2.kdom.Node.parse(Unknown Source)
	at org.kxml2.kdom.Element.parse(Unknown Source)
	at org.kxml2.kdom.Node.parse(Unknown Source)
	at org.kxml2.kdom.Element.parse(Unknown Source)
	at org.kxml2.kdom.Node.parse(Unknown Source)
	at org.kxml2.kdom.Element.parse(Unknown Source)
	at org.kxml2.kdom.Node.parse(Unknown Source)
	at org.kxml2.kdom.Document.parse(Unknown Source)
	at org.javarosa.xform.parse.XFormParser.getXMLDocument(XFormParser.java:444)
	at org.javarosa.xform.parse.XFormParser.getXMLDocument(XFormParser.java:414)
	at org.opendatakit.aggregate.parser.BaseFormParserForJavaRosa.parseFormDefinition(BaseFormParserForJavaRosa.java:207)
	at org.opendatakit.aggregate.parser.BaseFormParserForJavaRosa.<init>(BaseFormParserForJavaRosa.java:359)
	at org.opendatakit.briefcase.util.JavaRosaParserWrapper.<init>(JavaRosaParserWrapper.java:15)
	at org.opendatakit.briefcase.model.BriefcaseFormDefinition.<init>(BriefcaseFormDefinition.java:294)
	at org.opendatakit.briefcase.util.FormCache.lambda$update$1(FormCache.java:123)
	at java.util.stream.ForEachOps$ForEachOp$OfRef.accept(Unknown Source)
	at java.util.stream.ReferencePipeline$2$1.accept(Unknown Source)
	at java.util.Iterator.forEachRemaining(Unknown Source)
	at java.util.Spliterators$IteratorSpliterator.forEachRemaining(Unknown Source)
	at java.util.stream.AbstractPipeline.copyInto(Unknown Source)
	at java.util.stream.AbstractPipeline.wrapAndCopyInto(Unknown Source)
	at java.util.stream.ForEachOps$ForEachOp.evaluateSequential(Unknown Source)
	at java.util.stream.ForEachOps$ForEachOp$OfRef.evaluateSequential(Unknown Source)
	at java.util.stream.AbstractPipeline.evaluate(Unknown Source)
	at java.util.stream.ReferencePipeline.forEach(Unknown Source)
	at org.opendatakit.briefcase.util.FormCache.lambda$update$2(FormCache.java:117)
	at java.util.Optional.ifPresent(Unknown Source)
	at org.opendatakit.briefcase.util.FormCache.update(FormCache.java:113)
	at org.opendatakit.briefcase.util.FormCache.onPullSuccess(FormCache.java:150)
	at sun.reflect.GeneratedMethodAccessor11.invoke(Unknown Source)
	at sun.reflect.DelegatingMethodAccessorImpl.invoke(Unknown Source)
	at java.lang.reflect.Method.invoke(Unknown Source)
	at org.bushe.swing.event.annotation.BaseProxySubscriber.onEvent(BaseProxySubscriber.java:69)
	at org.bushe.swing.event.ThreadSafeEventService.publish(ThreadSafeEventService.java:971)
	at org.bushe.swing.event.SwingEventService.access$001(SwingEventService.java:31)
	at org.bushe.swing.event.SwingEventService$1.run(SwingEventService.java:88)
	at java.awt.event.InvocationEvent.dispatch(Unknown Source)
	at java.awt.EventQueue.dispatchEventImpl(Unknown Source)
	at java.awt.EventQueue.access$500(Unknown Source)
	at java.awt.EventQueue$3.run(Unknown Source)
	at java.awt.EventQueue$3.run(Unknown Source)
	at java.security.AccessController.doPrivileged(Native Method)
	at java.security.ProtectionDomain$JavaSecurityAccessImpl.doIntersectionPrivilege(Unknown Source)
	at java.awt.EventQueue.dispatchEvent(Unknown Source)
	at java.awt.EventDispatchThread.pumpOneEventForFilters(Unknown Source)
	at java.awt.EventDispatchThread.pumpEventsForFilter(Unknown Source)
	at java.awt.EventDispatchThread.pumpEventsForHierarchy(Unknown Source)
	at java.awt.EventDispatchThread.pumpEvents(Unknown Source)
	at java.awt.EventDispatchThread.pumpEvents(Unknown Source)
	at java.awt.EventDispatchThread.run(Unknown Source)
2026-02-24 09:47:44,791 [AWT-EventQueue-0] WARN  o.o.briefcase.util.FormCache - Can't parse form file
org.opendatakit.briefcase.util.BadFormDefinition: org.opendatakit.aggregate.exception.ODKIncompleteSubmissionData: org.javarosa.xform.parse.XFormParseException: XML Syntax Error at Line: 1, Column: 8267!
	at org.opendatakit.briefcase.model.BriefcaseFormDefinition.<init>(BriefcaseFormDefinition.java:297)
	at org.opendatakit.briefcase.util.FormCache.lambda$update$1(FormCache.java:123)
	at java.util.stream.ForEachOps$ForEachOp$OfRef.accept(Unknown Source)
	at java.util.stream.ReferencePipeline$2$1.accept(Unknown Source)
	at java.util.Iterator.forEachRemaining(Unknown Source)
	at java.util.Spliterators$IteratorSpliterator.forEachRemaining(Unknown Source)
	at java.util.stream.AbstractPipeline.copyInto(Unknown Source)
	at java.util.stream.AbstractPipeline.wrapAndCopyInto(Unknown Source)
	at java.util.stream.ForEachOps$ForEachOp.evaluateSequential(Unknown Source)
	at java.util.stream.ForEachOps$ForEachOp$OfRef.evaluateSequential(Unknown Source)
	at java.util.stream.AbstractPipeline.evaluate(Unknown Source)
	at java.util.stream.ReferencePipeline.forEach(Unknown Source)
	at org.opendatakit.briefcase.util.FormCache.lambda$update$2(FormCache.java:117)
	at java.util.Optional.ifPresent(Unknown Source)
	at org.opendatakit.briefcase.util.FormCache.update(FormCache.java:113)
	at org.opendatakit.briefcase.util.FormCache.onPullSuccess(FormCache.java:150)
	at sun.reflect.GeneratedMethodAccessor11.invoke(Unknown Source)
	at sun.reflect.DelegatingMethodAccessorImpl.invoke(Unknown Source)
	at java.lang.reflect.Method.invoke(Unknown Source)
	at org.bushe.swing.event.annotation.BaseProxySubscriber.onEvent(BaseProxySubscriber.java:69)
	at org.bushe.swing.event.ThreadSafeEventService.publish(ThreadSafeEventService.java:971)
	at org.bushe.swing.event.SwingEventService.access$001(SwingEventService.java:31)
	at org.bushe.swing.event.SwingEventService$1.run(SwingEventService.java:88)
	at java.awt.event.InvocationEvent.dispatch(Unknown Source)
	at java.awt.EventQueue.dispatchEventImpl(Unknown Source)
	at java.awt.EventQueue.access$500(Unknown Source)
	at java.awt.EventQueue$3.run(Unknown Source)
	at java.awt.EventQueue$3.run(Unknown Source)
	at java.security.AccessController.doPrivileged(Native Method)
	at java.security.ProtectionDomain$JavaSecurityAccessImpl.doIntersectionPrivilege(Unknown Source)
	at java.awt.EventQueue.dispatchEvent(Unknown Source)
	at java.awt.EventDispatchThread.pumpOneEventForFilters(Unknown Source)
	at java.awt.EventDispatchThread.pumpEventsForFilter(Unknown Source)
	at java.awt.EventDispatchThread.pumpEventsForHierarchy(Unknown Source)
	at java.awt.EventDispatchThread.pumpEvents(Unknown Source)
	at java.awt.EventDispatchThread.pumpEvents(Unknown Source)
	at java.awt.EventDispatchThread.run(Unknown Source)
Caused by: org.opendatakit.aggregate.exception.ODKIncompleteSubmissionData: org.javarosa.xform.parse.XFormParseException: XML Syntax Error at Line: 1, Column: 8267!
	at org.opendatakit.aggregate.parser.BaseFormParserForJavaRosa.parseFormDefinition(BaseFormParserForJavaRosa.java:210)
	at org.opendatakit.aggregate.parser.BaseFormParserForJavaRosa.<init>(BaseFormParserForJavaRosa.java:359)
	at org.opendatakit.briefcase.util.JavaRosaParserWrapper.<init>(JavaRosaParserWrapper.java:15)
	at org.opendatakit.briefcase.model.BriefcaseFormDefinition.<init>(BriefcaseFormDefinition.java:294)
	... 36 common frames omitted
Caused by: org.javarosa.xform.parse.XFormParseException: XML Syntax Error at Line: 1, Column: 8267!
	at org.javarosa.xform.parse.XFormParser.getXMLDocument(XFormParser.java:448)
	at org.javarosa.xform.parse.XFormParser.getXMLDocument(XFormParser.java:414)
	at org.opendatakit.aggregate.parser.BaseFormParserForJavaRosa.parseFormDefinition(BaseFormParserForJavaRosa.java:207)
	... 39 common frames omitted
2026-02-24 09:47:44,814 [ForkJoinPool-5-worker-13] INFO  o.o.b.p.a.PullFromAggregateTracker - Pull VIGILÂNCIA  AMBIENTAL - Got all the submission IDs
2026-02-24 09:47:44,829 [ForkJoinPool-5-worker-3] INFO  o.o.b.p.a.PullFromAggregateTracker - Pull Formulário da Vigilancia Hospitalar - Laboratório - Submission 1 of 6 downloaded
2026-02-24 09:47:44,836 [ForkJoinPool-5-worker-13] INFO  o.o.b.p.a.PullFromAggregateTracker - Push VIGILÂNCIA  AMBIENTAL - There are no submissions to download
2026-02-24 09:47:44,839 [ForkJoinPool-5-worker-3] INFO  o.o.b.p.a.PullFromAggregateTracker - Pull Formulário da Vigilancia Hospitalar - Laboratório - Start downloading submission 2 of 6
2026-02-24 09:47:44,838 [ForkJoinPool-5-worker-10] INFO  o.o.b.p.a.PullFromAggregateTracker - Pull Formulário da Vigilancia Comunitaria - Got all the submission IDs
2026-02-24 09:47:44,846 [ForkJoinPool-5-worker-13] INFO  o.o.b.p.a.PullFromAggregateTracker - Pull VIGILÂNCIA  AMBIENTAL - Success
2026-02-24 09:47:44,849 [ForkJoinPool-5-worker-13] INFO  o.o.b.p.a.PullFromAggregateTracker - Pull Formulário da Vigilancia Hospitalar - Laboratório - Start downloading submission 2 of 17
2026-02-24 09:47:44,979 [ForkJoinPool-5-worker-10] INFO  o.o.b.p.a.PullFromAggregateTracker - Push Formulário da Vigilancia Comunitaria - There are no submissions to download
2026-02-24 09:47:44,983 [ForkJoinPool-5-worker-10] INFO  o.o.b.p.a.PullFromAggregateTracker - Pull Formulário da Vigilancia Comunitaria - Success
2026-02-24 09:47:44,990 [ForkJoinPool-5-worker-10] INFO  o.o.b.p.a.PullFromAggregateTracker - Pull Formulário da Vigilancia Hospitalar - Laboratório - Start downloading submission 3 of 17
2026-02-24 09:47:45,012 [AWT-EventQueue-0] ERROR XFormParser - XML Syntax Error at Line: 1, Column: 8267!
org.xmlpull.v1.XmlPullParserException: expected: /select read: input (position:END_TAG </input>@1:8267 in java.io.StringReader@1a2d930) 
	at org.kxml2.io.KXmlParser.exception(Unknown Source)
	at org.kxml2.io.KXmlParser.error(Unknown Source)
	at org.kxml2.io.KXmlParser.parseEndTag(Unknown Source)
	at org.kxml2.io.KXmlParser.nextImpl(Unknown Source)
	at org.kxml2.io.KXmlParser.nextToken(Unknown Source)
	at org.kxml2.kdom.Element.parse(Unknown Source)
	at org.kxml2.kdom.Node.parse(Unknown Source)
	at org.kxml2.kdom.Element.parse(Unknown Source)
	at org.kxml2.kdom.Node.parse(Unknown Source)
	at org.kxml2.kdom.Element.parse(Unknown Source)
	at org.kxml2.kdom.Node.parse(Unknown Source)
	at org.kxml2.kdom.Element.parse(Unknown Source)
	at org.kxml2.kdom.Node.parse(Unknown Source)
	at org.kxml2.kdom.Element.parse(Unknown Source)
	at org.kxml2.kdom.Node.parse(Unknown Source)
	at org.kxml2.kdom.Document.parse(Unknown Source)
	at org.javarosa.xform.parse.XFormParser.getXMLDocument(XFormParser.java:444)
	at org.javarosa.xform.parse.XFormParser.getXMLDocument(XFormParser.java:414)
	at org.opendatakit.aggregate.parser.BaseFormParserForJavaRosa.parseFormDefinition(BaseFormParserForJavaRosa.java:207)
	at org.opendatakit.aggregate.parser.BaseFormParserForJavaRosa.<init>(BaseFormParserForJavaRosa.java:359)
	at org.opendatakit.briefcase.util.JavaRosaParserWrapper.<init>(JavaRosaParserWrapper.java:15)
	at org.opendatakit.briefcase.model.BriefcaseFormDefinition.<init>(BriefcaseFormDefinition.java:294)
	at org.opendatakit.briefcase.util.FormCache.lambda$update$1(FormCache.java:123)
	at java.util.stream.ForEachOps$ForEachOp$OfRef.accept(Unknown Source)
	at java.util.stream.ReferencePipeline$2$1.accept(Unknown Source)
	at java.util.Iterator.forEachRemaining(Unknown Source)
	at java.util.Spliterators$IteratorSpliterator.forEachRemaining(Unknown Source)
	at java.util.stream.AbstractPipeline.copyInto(Unknown Source)
	at java.util.stream.AbstractPipeline.wrapAndCopyInto(Unknown Source)
	at java.util.stream.ForEachOps$ForEachOp.evaluateSequential(Unknown Source)
	at java.util.stream.ForEachOps$ForEachOp$OfRef.evaluateSequential(Unknown Source)
	at java.util.stream.AbstractPipeline.evaluate(Unknown Source)
	at java.util.stream.ReferencePipeline.forEach(Unknown Source)
	at org.opendatakit.briefcase.util.FormCache.lambda$update$2(FormCache.java:117)
	at java.util.Optional.ifPresent(Unknown Source)
	at org.opendatakit.briefcase.util.FormCache.update(FormCache.java:113)
	at org.opendatakit.briefcase.util.FormCache.onPullSuccess(FormCache.java:150)
	at sun.reflect.GeneratedMethodAccessor11.invoke(Unknown Source)
	at sun.reflect.DelegatingMethodAccessorImpl.invoke(Unknown Source)
	at java.lang.reflect.Method.invoke(Unknown Source)
	at org.bushe.swing.event.annotation.BaseProxySubscriber.onEvent(BaseProxySubscriber.java:69)
	at org.bushe.swing.event.ThreadSafeEventService.publish(ThreadSafeEventService.java:971)
	at org.bushe.swing.event.SwingEventService.access$001(SwingEventService.java:31)
	at org.bushe.swing.event.SwingEventService$1.run(SwingEventService.java:88)
	at java.awt.event.InvocationEvent.dispatch(Unknown Source)
	at java.awt.EventQueue.dispatchEventImpl(Unknown Source)
	at java.awt.EventQueue.access$500(Unknown Source)
	at java.awt.EventQueue$3.run(Unknown Source)
	at java.awt.EventQueue$3.run(Unknown Source)
	at java.security.AccessController.doPrivileged(Native Method)
	at java.security.ProtectionDomain$JavaSecurityAccessImpl.doIntersectionPrivilege(Unknown Source)
	at java.awt.EventQueue.dispatchEvent(Unknown Source)
	at java.awt.EventDispatchThread.pumpOneEventForFilters(Unknown Source)
	at java.awt.EventDispatchThread.pumpEventsForFilter(Unknown Source)
	at java.awt.EventDispatchThread.pumpEventsForHierarchy(Unknown Source)
	at java.awt.EventDispatchThread.pumpEvents(Unknown Source)
	at java.awt.EventDispatchThread.pumpEvents(Unknown Source)
	at java.awt.EventDispatchThread.run(Unknown Source)
2026-02-24 09:47:45,014 [AWT-EventQueue-0] WARN  o.o.briefcase.util.FormCache - Can't parse form file
org.opendatakit.briefcase.util.BadFormDefinition: org.opendatakit.aggregate.exception.ODKIncompleteSubmissionData: org.javarosa.xform.parse.XFormParseException: XML Syntax Error at Line: 1, Column: 8267!
	at org.opendatakit.briefcase.model.BriefcaseFormDefinition.<init>(BriefcaseFormDefinition.java:297)
	at org.opendatakit.briefcase.util.FormCache.lambda$update$1(FormCache.java:123)
	at java.util.stream.ForEachOps$ForEachOp$OfRef.accept(Unknown Source)
	at java.util.stream.ReferencePipeline$2$1.accept(Unknown Source)
	at java.util.Iterator.forEachRemaining(Unknown Source)
	at java.util.Spliterators$IteratorSpliterator.forEachRemaining(Unknown Source)
	at java.util.stream.AbstractPipeline.copyInto(Unknown Source)
	at java.util.stream.AbstractPipeline.wrapAndCopyInto(Unknown Source)
	at java.util.stream.ForEachOps$ForEachOp.evaluateSequential(Unknown Source)
	at java.util.stream.ForEachOps$ForEachOp$OfRef.evaluateSequential(Unknown Source)
	at java.util.stream.AbstractPipeline.evaluate(Unknown Source)
	at java.util.stream.ReferencePipeline.forEach(Unknown Source)
	at org.opendatakit.briefcase.util.FormCache.lambda$update$2(FormCache.java:117)
	at java.util.Optional.ifPresent(Unknown Source)
	at org.opendatakit.briefcase.util.FormCache.update(FormCache.java:113)
	at org.opendatakit.briefcase.util.FormCache.onPullSuccess(FormCache.java:150)
	at sun.reflect.GeneratedMethodAccessor11.invoke(Unknown Source)
	at sun.reflect.DelegatingMethodAccessorImpl.invoke(Unknown Source)
	at java.lang.reflect.Method.invoke(Unknown Source)
	at org.bushe.swing.event.annotation.BaseProxySubscriber.onEvent(BaseProxySubscriber.java:69)
	at org.bushe.swing.event.ThreadSafeEventService.publish(ThreadSafeEventService.java:971)
	at org.bushe.swing.event.SwingEventService.access$001(SwingEventService.java:31)
	at org.bushe.swing.event.SwingEventService$1.run(SwingEventService.java:88)
	at java.awt.event.InvocationEvent.dispatch(Unknown Source)
	at java.awt.EventQueue.dispatchEventImpl(Unknown Source)
	at java.awt.EventQueue.access$500(Unknown Source)
	at java.awt.EventQueue$3.run(Unknown Source)
	at java.awt.EventQueue$3.run(Unknown Source)
	at java.security.AccessController.doPrivileged(Native Method)
	at java.security.ProtectionDomain$JavaSecurityAccessImpl.doIntersectionPrivilege(Unknown Source)
	at java.awt.EventQueue.dispatchEvent(Unknown Source)
	at java.awt.EventDispatchThread.pumpOneEventForFilters(Unknown Source)
	at java.awt.EventDispatchThread.pumpEventsForFilter(Unknown Source)
	at java.awt.EventDispatchThread.pumpEventsForHierarchy(Unknown Source)
	at java.awt.EventDispatchThread.pumpEvents(Unknown Source)
	at java.awt.EventDispatchThread.pumpEvents(Unknown Source)
	at java.awt.EventDispatchThread.run(Unknown Source)
Caused by: org.opendatakit.aggregate.exception.ODKIncompleteSubmissionData: org.javarosa.xform.parse.XFormParseException: XML Syntax Error at Line: 1, Column: 8267!
	at org.opendatakit.aggregate.parser.BaseFormParserForJavaRosa.parseFormDefinition(BaseFormParserForJavaRosa.java:210)
	at org.opendatakit.aggregate.parser.BaseFormParserForJavaRosa.<init>(BaseFormParserForJavaRosa.java:359)
	at org.opendatakit.briefcase.util.JavaRosaParserWrapper.<init>(JavaRosaParserWrapper.java:15)
	at org.opendatakit.briefcase.model.BriefcaseFormDefinition.<init>(BriefcaseFormDefinition.java:294)
	... 36 common frames omitted
Caused by: org.javarosa.xform.parse.XFormParseException: XML Syntax Error at Line: 1, Column: 8267!
	at org.javarosa.xform.parse.XFormParser.getXMLDocument(XFormParser.java:448)
	at org.javarosa.xform.parse.XFormParser.getXMLDocument(XFormParser.java:414)
	at org.opendatakit.aggregate.parser.BaseFormParserForJavaRosa.parseFormDefinition(BaseFormParserForJavaRosa.java:207)
	... 39 common frames omitted
2026-02-24 09:47:45,044 [ForkJoinPool-5-worker-2] INFO  o.o.b.p.a.PullFromAggregateTracker - Pull Formulário da Vigilancia Hospitalar - Laboratório - Submission 1 of 17 downloaded
2026-02-24 09:47:45,047 [ForkJoinPool-5-worker-2] INFO  o.o.b.p.a.PullFromAggregateTracker - Pull Formulário da Vigilancia Hospitalar - Laboratório - Start downloading submission 4 of 17
2026-02-24 09:47:45,055 [ForkJoinPool-5-worker-6] INFO  o.o.b.p.a.PullFromAggregateTracker - Pull VIGILÂNCIA  AMBIENTAL - Form downloaded
2026-02-24 09:47:45,055 [ForkJoinPool-5-worker-6] INFO  o.o.b.p.a.PullFromAggregateTracker - Pull VIGILÂNCIA  AMBIENTAL - Start getting submission IDs
2026-02-24 09:47:45,056 [ForkJoinPool-5-worker-11] INFO  o.o.b.p.a.PullFromAggregateTracker - Pull Formulário da Vigilancia Hospitalar - Form downloaded
2026-02-24 09:47:45,056 [ForkJoinPool-5-worker-11] INFO  o.o.b.p.a.PullFromAggregateTracker - Pull Formulário da Vigilancia Hospitalar - Start getting form manifest
2026-02-24 09:47:45,126 [AWT-EventQueue-0] INFO  XFormParser - Reading XML and parsing with kXML2 finished in 21.855 ms
2026-02-24 09:47:45,145 [AWT-EventQueue-0] INFO  XFormParser - Consolidating text finished in 14.684 ms
2026-02-24 09:47:45,146 [AWT-EventQueue-0] INFO  XFormParser - Parsing form...
2026-02-24 09:47:45,146 [AWT-EventQueue-0] INFO  XFormParser - Title: "Formulário da Vigilancia Hospitalar"
2026-02-24 09:47:45,146 [AWT-EventQueue-0] WARN  XFormParser - XForm Parse Warning: Warning: 1 Unrecognized attributes found in Element [model] and will be ignored: [xforms-version] 
    Problem found at nodeset: /html/head/model
    With element <model xforms-version="1.0.0"><instance><data id="hospitalar_v1" version="1" prefix="Hospitalar" delimiter="$">...

2026-02-24 09:47:45,566 [ForkJoinPool-5-worker-3] INFO  o.o.b.p.a.PullFromAggregateTracker - Pull Formulário da Vigilancia Hospitalar - Laboratório - Submission 2 of 6 downloaded
2026-02-24 09:47:45,568 [ForkJoinPool-5-worker-10] INFO  o.o.b.p.a.PullFromAggregateTracker - Pull Formulário da Vigilancia Hospitalar - Laboratório - Submission 3 of 17 downloaded
2026-02-24 09:47:45,575 [ForkJoinPool-5-worker-3] INFO  o.o.b.p.a.PullFromAggregateTracker - Pull Formulário da Vigilancia Hospitalar - Laboratório - Start downloading submission 3 of 6
2026-02-24 09:47:45,575 [ForkJoinPool-5-worker-10] INFO  o.o.b.p.a.PullFromAggregateTracker - Pull Formulário da Vigilancia Hospitalar - Laboratório - Start downloading submission 5 of 17
2026-02-24 09:47:45,575 [ForkJoinPool-5-worker-13] INFO  o.o.b.p.a.PullFromAggregateTracker - Pull Formulário da Vigilancia Hospitalar - Laboratório - Submission 2 of 17 downloaded
2026-02-24 09:47:45,577 [ForkJoinPool-5-worker-15] INFO  o.o.b.p.a.PullFromAggregateTracker - Pull VIGILÂNCIA  AMBIENTAL - Form downloaded
2026-02-24 09:47:45,579 [ForkJoinPool-5-worker-15] INFO  o.o.b.p.a.PullFromAggregateTracker - Pull VIGILÂNCIA  AMBIENTAL - Start getting submission IDs
2026-02-24 09:47:45,580 [ForkJoinPool-5-worker-13] INFO  o.o.b.p.a.PullFromAggregateTracker - Pull Formulário da Vigilancia Hospitalar - Laboratório - Start downloading submission 6 of 17
2026-02-24 09:47:45,603 [ForkJoinPool-5-worker-8] INFO  o.o.b.p.a.PullFromAggregateTracker - Pull Formulário da Vigilancia Hospitalar - Form downloaded
2026-02-24 09:47:45,603 [ForkJoinPool-5-worker-8] INFO  o.o.b.p.a.PullFromAggregateTracker - Pull Formulário da Vigilancia Hospitalar - Start getting form manifest
2026-02-24 09:47:45,626 [ForkJoinPool-5-worker-4] INFO  o.o.b.p.a.PullFromAggregateTracker - Pull Formulário da Vigilancia Comunitaria - Form downloaded
2026-02-24 09:47:45,628 [ForkJoinPool-5-worker-4] INFO  o.o.b.p.a.PullFromAggregateTracker - Pull Formulário da Vigilancia Comunitaria - Start getting form manifest
2026-02-24 09:47:45,636 [AWT-EventQueue-0] INFO  XFormParser - Creating FormDef from parsed XML finished in 491.516 ms
2026-02-24 09:47:45,645 [AWT-EventQueue-0] ERROR XFormParser - XML Syntax Error at Line: 1, Column: 8267!
org.xmlpull.v1.XmlPullParserException: expected: /select read: input (position:END_TAG </input>@1:8267 in java.io.StringReader@1bc3c4a) 
	at org.kxml2.io.KXmlParser.exception(Unknown Source)
	at org.kxml2.io.KXmlParser.error(Unknown Source)
	at org.kxml2.io.KXmlParser.parseEndTag(Unknown Source)
	at org.kxml2.io.KXmlParser.nextImpl(Unknown Source)
	at org.kxml2.io.KXmlParser.nextToken(Unknown Source)
	at org.kxml2.kdom.Element.parse(Unknown Source)
	at org.kxml2.kdom.Node.parse(Unknown Source)
	at org.kxml2.kdom.Element.parse(Unknown Source)
	at org.kxml2.kdom.Node.parse(Unknown Source)
	at org.kxml2.kdom.Element.parse(Unknown Source)
	at org.kxml2.kdom.Node.parse(Unknown Source)
	at org.kxml2.kdom.Element.parse(Unknown Source)
	at org.kxml2.kdom.Node.parse(Unknown Source)
	at org.kxml2.kdom.Element.parse(Unknown Source)
	at org.kxml2.kdom.Node.parse(Unknown Source)
	at org.kxml2.kdom.Document.parse(Unknown Source)
	at org.javarosa.xform.parse.XFormParser.getXMLDocument(XFormParser.java:444)
	at org.javarosa.xform.parse.XFormParser.getXMLDocument(XFormParser.java:414)
	at org.opendatakit.aggregate.parser.BaseFormParserForJavaRosa.parseFormDefinition(BaseFormParserForJavaRosa.java:207)
	at org.opendatakit.aggregate.parser.BaseFormParserForJavaRosa.<init>(BaseFormParserForJavaRosa.java:359)
	at org.opendatakit.briefcase.util.JavaRosaParserWrapper.<init>(JavaRosaParserWrapper.java:15)
	at org.opendatakit.briefcase.model.BriefcaseFormDefinition.<init>(BriefcaseFormDefinition.java:294)
	at org.opendatakit.briefcase.util.FormCache.lambda$update$1(FormCache.java:123)
	at java.util.stream.ForEachOps$ForEachOp$OfRef.accept(Unknown Source)
	at java.util.stream.ReferencePipeline$2$1.accept(Unknown Source)
	at java.util.Iterator.forEachRemaining(Unknown Source)
	at java.util.Spliterators$IteratorSpliterator.forEachRemaining(Unknown Source)
	at java.util.stream.AbstractPipeline.copyInto(Unknown Source)
	at java.util.stream.AbstractPipeline.wrapAndCopyInto(Unknown Source)
	at java.util.stream.ForEachOps$ForEachOp.evaluateSequential(Unknown Source)
	at java.util.stream.ForEachOps$ForEachOp$OfRef.evaluateSequential(Unknown Source)
	at java.util.stream.AbstractPipeline.evaluate(Unknown Source)
	at java.util.stream.ReferencePipeline.forEach(Unknown Source)
	at org.opendatakit.briefcase.util.FormCache.lambda$update$2(FormCache.java:117)
	at java.util.Optional.ifPresent(Unknown Source)
	at org.opendatakit.briefcase.util.FormCache.update(FormCache.java:113)
	at org.opendatakit.briefcase.util.FormCache.onPullSuccess(FormCache.java:150)
	at sun.reflect.GeneratedMethodAccessor11.invoke(Unknown Source)
	at sun.reflect.DelegatingMethodAccessorImpl.invoke(Unknown Source)
	at java.lang.reflect.Method.invoke(Unknown Source)
	at org.bushe.swing.event.annotation.BaseProxySubscriber.onEvent(BaseProxySubscriber.java:69)
	at org.bushe.swing.event.ThreadSafeEventService.publish(ThreadSafeEventService.java:971)
	at org.bushe.swing.event.SwingEventService.access$001(SwingEventService.java:31)
	at org.bushe.swing.event.SwingEventService$1.run(SwingEventService.java:88)
	at java.awt.event.InvocationEvent.dispatch(Unknown Source)
	at java.awt.EventQueue.dispatchEventImpl(Unknown Source)
	at java.awt.EventQueue.access$500(Unknown Source)
	at java.awt.EventQueue$3.run(Unknown Source)
	at java.awt.EventQueue$3.run(Unknown Source)
	at java.security.AccessController.doPrivileged(Native Method)
	at java.security.ProtectionDomain$JavaSecurityAccessImpl.doIntersectionPrivilege(Unknown Source)
	at java.awt.EventQueue.dispatchEvent(Unknown Source)
	at java.awt.EventDispatchThread.pumpOneEventForFilters(Unknown Source)
	at java.awt.EventDispatchThread.pumpEventsForFilter(Unknown Source)
	at java.awt.EventDispatchThread.pumpEventsForHierarchy(Unknown Source)
	at java.awt.EventDispatchThread.pumpEvents(Unknown Source)
	at java.awt.EventDispatchThread.pumpEvents(Unknown Source)
	at java.awt.EventDispatchThread.run(Unknown Source)
2026-02-24 09:47:45,646 [AWT-EventQueue-0] WARN  o.o.briefcase.util.FormCache - Can't parse form file
org.opendatakit.briefcase.util.BadFormDefinition: org.opendatakit.aggregate.exception.ODKIncompleteSubmissionData: org.javarosa.xform.parse.XFormParseException: XML Syntax Error at Line: 1, Column: 8267!
	at org.opendatakit.briefcase.model.BriefcaseFormDefinition.<init>(BriefcaseFormDefinition.java:297)
	at org.opendatakit.briefcase.util.FormCache.lambda$update$1(FormCache.java:123)
	at java.util.stream.ForEachOps$ForEachOp$OfRef.accept(Unknown Source)
	at java.util.stream.ReferencePipeline$2$1.accept(Unknown Source)
	at java.util.Iterator.forEachRemaining(Unknown Source)
	at java.util.Spliterators$IteratorSpliterator.forEachRemaining(Unknown Source)
	at java.util.stream.AbstractPipeline.copyInto(Unknown Source)
	at java.util.stream.AbstractPipeline.wrapAndCopyInto(Unknown Source)
	at java.util.stream.ForEachOps$ForEachOp.evaluateSequential(Unknown Source)
	at java.util.stream.ForEachOps$ForEachOp$OfRef.evaluateSequential(Unknown Source)
	at java.util.stream.AbstractPipeline.evaluate(Unknown Source)
	at java.util.stream.ReferencePipeline.forEach(Unknown Source)
	at org.opendatakit.briefcase.util.FormCache.lambda$update$2(FormCache.java:117)
	at java.util.Optional.ifPresent(Unknown Source)
	at org.opendatakit.briefcase.util.FormCache.update(FormCache.java:113)
	at org.opendatakit.briefcase.util.FormCache.onPullSuccess(FormCache.java:150)
	at sun.reflect.GeneratedMethodAccessor11.invoke(Unknown Source)
	at sun.reflect.DelegatingMethodAccessorImpl.invoke(Unknown Source)
	at java.lang.reflect.Method.invoke(Unknown Source)
	at org.bushe.swing.event.annotation.BaseProxySubscriber.onEvent(BaseProxySubscriber.java:69)
	at org.bushe.swing.event.ThreadSafeEventService.publish(ThreadSafeEventService.java:971)
	at org.bushe.swing.event.SwingEventService.access$001(SwingEventService.java:31)
	at org.bushe.swing.event.SwingEventService$1.run(SwingEventService.java:88)
	at java.awt.event.InvocationEvent.dispatch(Unknown Source)
	at java.awt.EventQueue.dispatchEventImpl(Unknown Source)
	at java.awt.EventQueue.access$500(Unknown Source)
	at java.awt.EventQueue$3.run(Unknown Source)
	at java.awt.EventQueue$3.run(Unknown Source)
	at java.security.AccessController.doPrivileged(Native Method)
	at java.security.ProtectionDomain$JavaSecurityAccessImpl.doIntersectionPrivilege(Unknown Source)
	at java.awt.EventQueue.dispatchEvent(Unknown Source)
	at java.awt.EventDispatchThread.pumpOneEventForFilters(Unknown Source)
	at java.awt.EventDispatchThread.pumpEventsForFilter(Unknown Source)
	at java.awt.EventDispatchThread.pumpEventsForHierarchy(Unknown Source)
	at java.awt.EventDispatchThread.pumpEvents(Unknown Source)
	at java.awt.EventDispatchThread.pumpEvents(Unknown Source)
	at java.awt.EventDispatchThread.run(Unknown Source)
Caused by: org.opendatakit.aggregate.exception.ODKIncompleteSubmissionData: org.javarosa.xform.parse.XFormParseException: XML Syntax Error at Line: 1, Column: 8267!
	at org.opendatakit.aggregate.parser.BaseFormParserForJavaRosa.parseFormDefinition(BaseFormParserForJavaRosa.java:210)
	at org.opendatakit.aggregate.parser.BaseFormParserForJavaRosa.<init>(BaseFormParserForJavaRosa.java:359)
	at org.opendatakit.briefcase.util.JavaRosaParserWrapper.<init>(JavaRosaParserWrapper.java:15)
	at org.opendatakit.briefcase.model.BriefcaseFormDefinition.<init>(BriefcaseFormDefinition.java:294)
	... 36 common frames omitted
Caused by: org.javarosa.xform.parse.XFormParseException: XML Syntax Error at Line: 1, Column: 8267!
	at org.javarosa.xform.parse.XFormParser.getXMLDocument(XFormParser.java:448)
	at org.javarosa.xform.parse.XFormParser.getXMLDocument(XFormParser.java:414)
	at org.opendatakit.aggregate.parser.BaseFormParserForJavaRosa.parseFormDefinition(BaseFormParserForJavaRosa.java:207)
	... 39 common frames omitted
2026-02-24 09:47:45,667 [AWT-EventQueue-0] INFO  XFormParser - Reading XML and parsing with kXML2 finished in 2.406 ms
2026-02-24 09:47:45,669 [AWT-EventQueue-0] INFO  XFormParser - Consolidating text finished in 2.375 ms
2026-02-24 09:47:45,669 [AWT-EventQueue-0] INFO  XFormParser - Parsing form...
2026-02-24 09:47:45,669 [AWT-EventQueue-0] INFO  XFormParser - Title: "VIGILÂNCIA  AMBIENTAL"
2026-02-24 09:47:45,669 [AWT-EventQueue-0] WARN  XFormParser - XForm Parse Warning: Warning: 1 Unrecognized attributes found in Element [model] and will be ignored: [xforms-version] 
    Problem found at nodeset: /html/head/model
    With element <model xforms-version="1.0.0"><instance><data id="VIGILÂNCIA  AMBIENTAL_v2" version="2" prefix="VIGILÂNCIA  AMBIENTAL_v2" delimiter="$">...

2026-02-24 09:47:45,682 [AWT-EventQueue-0] INFO  XFormParser - Creating FormDef from parsed XML finished in 13.494 ms
2026-02-24 09:47:45,726 [ForkJoinPool-5-worker-1] INFO  o.o.b.p.a.PullFromAggregateTracker - Pull Formulário da Vigilancia Hospitalar - Form downloaded
2026-02-24 09:47:45,727 [ForkJoinPool-5-worker-1] INFO  o.o.b.p.a.PullFromAggregateTracker - Pull Formulário da Vigilancia Hospitalar - Start getting submission IDs
2026-02-24 09:47:45,768 [ForkJoinPool-5-worker-11] INFO  o.o.b.p.a.PullFromAggregateTracker - Pull Formulário da Vigilancia Hospitalar - Got the form manifest
2026-02-24 09:47:45,768 [ForkJoinPool-5-worker-11] INFO  o.o.b.p.a.PullFromAggregateTracker - Pull Formulário da Vigilancia Hospitalar - Skipping 1 form attachments that have been already downloaded
2026-02-24 09:47:45,772 [ForkJoinPool-5-worker-11] INFO  o.o.b.p.a.PullFromAggregateTracker - Pull Formulário da Vigilancia Hospitalar - Start getting submission IDs
2026-02-24 09:47:45,777 [ForkJoinPool-5-worker-6] INFO  o.o.b.p.a.PullFromAggregateTracker - Pull VIGILÂNCIA  AMBIENTAL - Got all the submission IDs
2026-02-24 09:47:45,782 [ForkJoinPool-5-worker-2] INFO  o.o.b.p.a.PullFromAggregateTracker - Pull Formulário da Vigilancia Hospitalar - Laboratório - Submission 4 of 17 downloaded
2026-02-24 09:47:45,790 [ForkJoinPool-5-worker-2] INFO  o.o.b.p.a.PullFromAggregateTracker - Pull Formulário da Vigilancia Hospitalar - Laboratório - Start downloading submission 7 of 17
2026-02-24 09:47:45,801 [ForkJoinPool-5-worker-13] INFO  o.o.b.p.a.PullFromAggregateTracker - Pull Formulário da Vigilancia Hospitalar - Laboratório - Submission 6 of 17 downloaded
2026-02-24 09:47:45,801 [ForkJoinPool-5-worker-3] INFO  o.o.b.p.a.PullFromAggregateTracker - Pull Formulário da Vigilancia Hospitalar - Laboratório - Submission 3 of 6 downloaded
2026-02-24 09:47:45,803 [ForkJoinPool-5-worker-13] INFO  o.o.b.p.a.PullFromAggregateTracker - Pull Formulário da Vigilancia Hospitalar - Laboratório - Start downloading submission 8 of 17
2026-02-24 09:47:45,803 [ForkJoinPool-5-worker-3] INFO  o.o.b.p.a.PullFromAggregateTracker - Pull Formulário da Vigilancia Hospitalar - Laboratório - Start downloading submission 4 of 6
2026-02-24 09:47:45,805 [ForkJoinPool-5-worker-6] INFO  o.o.b.p.a.PullFromAggregateTracker - Push VIGILÂNCIA  AMBIENTAL - There are no submissions to download
2026-02-24 09:47:45,809 [ForkJoinPool-5-worker-6] INFO  o.o.b.p.a.PullFromAggregateTracker - Pull VIGILÂNCIA  AMBIENTAL - Success
2026-02-24 09:47:45,810 [ForkJoinPool-5-worker-6] INFO  o.o.b.p.a.PullFromAggregateTracker - Pull Formulário da Vigilancia Hospitalar - Laboratório - Start downloading submission 9 of 17
2026-02-24 09:47:45,810 [ForkJoinPool-5-worker-10] INFO  o.o.b.p.a.PullFromAggregateTracker - Pull Formulário da Vigilancia Hospitalar - Laboratório - Submission 5 of 17 downloaded
2026-02-24 09:47:45,812 [ForkJoinPool-5-worker-10] INFO  o.o.b.p.a.PullFromAggregateTracker - Pull Formulário da Vigilancia Hospitalar - Laboratório - Start downloading submission 10 of 17
2026-02-24 09:47:45,850 [AWT-EventQueue-0] INFO  XFormParser - Reading XML and parsing with kXML2 finished in 19.435 ms
2026-02-24 09:47:45,858 [AWT-EventQueue-0] INFO  XFormParser - Consolidating text finished in 11.156 ms
2026-02-24 09:47:45,858 [AWT-EventQueue-0] INFO  XFormParser - Parsing form...
2026-02-24 09:47:45,858 [AWT-EventQueue-0] INFO  XFormParser - Title: "Formulário da Vigilancia Comunitaria"
2026-02-24 09:47:45,858 [AWT-EventQueue-0] WARN  XFormParser - XForm Parse Warning: Warning: 1 Unrecognized attributes found in Element [model] and will be ignored: [xforms-version] 
    Problem found at nodeset: /html/head/model
    With element <model xforms-version="1.0.0"><instance><data id="Comunidade" version="1" prefix="Comunidade" delimiter="$">...

2026-02-24 09:47:45,966 [ForkJoinPool-5-worker-15] INFO  o.o.b.p.a.PullFromAggregateTracker - Pull VIGILÂNCIA  AMBIENTAL - Got all the submission IDs
2026-02-24 09:47:45,982 [ForkJoinPool-5-worker-8] INFO  o.o.b.p.a.PullFromAggregateTracker - Pull Formulário da Vigilancia Hospitalar - Got the form manifest
2026-02-24 09:47:45,982 [ForkJoinPool-5-worker-8] INFO  o.o.b.p.a.PullFromAggregateTracker - Pull Formulário da Vigilancia Hospitalar - Skipping 1 form attachments that have been already downloaded
2026-02-24 09:47:45,983 [ForkJoinPool-5-worker-8] INFO  o.o.b.p.a.PullFromAggregateTracker - Pull Formulário da Vigilancia Hospitalar - Start getting submission IDs
2026-02-24 09:47:45,988 [ForkJoinPool-5-worker-15] INFO  o.o.b.p.a.PullFromAggregateTracker - Push VIGILÂNCIA  AMBIENTAL - There are no submissions to download
2026-02-24 09:47:45,991 [ForkJoinPool-5-worker-4] INFO  o.o.b.p.a.PullFromAggregateTracker - Pull Formulário da Vigilancia Comunitaria - Got the form manifest
2026-02-24 09:47:45,991 [ForkJoinPool-5-worker-4] INFO  o.o.b.p.a.PullFromAggregateTracker - Pull Formulário da Vigilancia Comunitaria - Skipping 1 form attachments that have been already downloaded
2026-02-24 09:47:45,991 [ForkJoinPool-5-worker-4] INFO  o.o.b.p.a.PullFromAggregateTracker - Pull Formulário da Vigilancia Comunitaria - Start getting submission IDs
2026-02-24 09:47:45,991 [ForkJoinPool-5-worker-15] INFO  o.o.b.p.a.PullFromAggregateTracker - Pull VIGILÂNCIA  AMBIENTAL - Success
2026-02-24 09:47:45,996 [ForkJoinPool-5-worker-15] INFO  o.o.b.p.a.PullFromAggregateTracker - Pull Formulário da Vigilancia Hospitalar - Laboratório - Start downloading submission 11 of 17
2026-02-24 09:47:46,002 [AWT-EventQueue-0] INFO  XFormParser - Creating FormDef from parsed XML finished in 140.681 ms
2026-02-24 09:47:46,009 [ForkJoinPool-5-worker-2] INFO  o.o.b.p.a.PullFromAggregateTracker - Pull Formulário da Vigilancia Hospitalar - Laboratório - Submission 7 of 17 downloaded
2026-02-24 09:47:46,011 [ForkJoinPool-5-worker-2] INFO  o.o.b.p.a.PullFromAggregateTracker - Pull Formulário da Vigilancia Hospitalar - Laboratório - Start downloading submission 12 of 17
2026-02-24 09:47:46,019 [ForkJoinPool-5-worker-11] INFO  o.o.b.p.a.PullFromAggregateTracker - Pull Formulário da Vigilancia Hospitalar - Got all the submission IDs
2026-02-24 09:47:46,030 [ForkJoinPool-5-worker-13] INFO  o.o.b.p.a.PullFromAggregateTracker - Pull Formulário da Vigilancia Hospitalar - Laboratório - Submission 8 of 17 downloaded
2026-02-24 09:47:46,031 [ForkJoinPool-5-worker-13] INFO  o.o.b.p.a.PullFromAggregateTracker - Pull Formulário da Vigilancia Hospitalar - Laboratório - Start downloading submission 13 of 17
2026-02-24 09:47:46,048 [AWT-EventQueue-0] INFO  XFormParser - Reading XML and parsing with kXML2 finished in 24.122 ms
2026-02-24 09:47:46,099 [AWT-EventQueue-0] INFO  XFormParser - Consolidating text finished in 48.945 ms
2026-02-24 09:47:46,100 [AWT-EventQueue-0] INFO  XFormParser - Parsing form...
2026-02-24 09:47:46,100 [AWT-EventQueue-0] INFO  XFormParser - Title: "Formulário da Vigilancia Hospitalar"
2026-02-24 09:47:46,100 [AWT-EventQueue-0] WARN  XFormParser - XForm Parse Warning: Warning: 1 Unrecognized attributes found in Element [model] and will be ignored: [xforms-version] 
    Problem found at nodeset: /html/head/model
    With element <model xforms-version="1.0.0"><instance><data id="hospitalar_v3" version="3" prefix="Hospitalar_v3" delimiter="$">...

2026-02-24 09:47:46,159 [ForkJoinPool-5-worker-11] INFO  o.o.b.p.a.PullFromAggregateTracker - Push Formulário da Vigilancia Hospitalar - There are no submissions to download
2026-02-24 09:47:46,159 [ForkJoinPool-5-worker-11] INFO  o.o.b.p.a.PullFromAggregateTracker - Pull Formulário da Vigilancia Hospitalar - Success
2026-02-24 09:47:46,167 [ForkJoinPool-5-worker-11] INFO  o.o.b.p.a.PullFromAggregateTracker - Pull Formulário da Vigilancia Hospitalar - Laboratório - Start downloading submission 14 of 17
2026-02-24 09:47:46,196 [ForkJoinPool-5-worker-6] INFO  o.o.b.p.a.PullFromAggregateTracker - Pull Formulário da Vigilancia Hospitalar - Laboratório - Submission 9 of 17 downloaded
2026-02-24 09:47:46,196 [ForkJoinPool-5-worker-3] INFO  o.o.b.p.a.PullFromAggregateTracker - Pull Formulário da Vigilancia Hospitalar - Laboratório - Submission 4 of 6 downloaded
2026-02-24 09:47:46,198 [ForkJoinPool-5-worker-3] INFO  o.o.b.p.a.PullFromAggregateTracker - Pull Formulário da Vigilancia Hospitalar - Laboratório - Start downloading submission 5 of 6
2026-02-24 09:47:46,198 [ForkJoinPool-5-worker-6] INFO  o.o.b.p.a.PullFromAggregateTracker - Pull Formulário da Vigilancia Hospitalar - Laboratório - Start downloading submission 15 of 17
2026-02-24 09:47:46,203 [ForkJoinPool-5-worker-10] INFO  o.o.b.p.a.PullFromAggregateTracker - Pull Formulário da Vigilancia Hospitalar - Laboratório - Submission 10 of 17 downloaded
2026-02-24 09:47:46,204 [ForkJoinPool-5-worker-10] INFO  o.o.b.p.a.PullFromAggregateTracker - Pull Formulário da Vigilancia Hospitalar - Laboratório - Start downloading submission 16 of 17
2026-02-24 09:47:46,221 [AWT-EventQueue-0] INFO  XFormParser - Creating FormDef from parsed XML finished in 120.658 ms
2026-02-24 09:47:46,225 [AWT-EventQueue-0] ERROR XFormParser - XML Syntax Error at Line: 1, Column: 8267!
org.xmlpull.v1.XmlPullParserException: expected: /select read: input (position:END_TAG </input>@1:8267 in java.io.StringReader@1aa2db9) 
	at org.kxml2.io.KXmlParser.exception(Unknown Source)
	at org.kxml2.io.KXmlParser.error(Unknown Source)
	at org.kxml2.io.KXmlParser.parseEndTag(Unknown Source)
	at org.kxml2.io.KXmlParser.nextImpl(Unknown Source)
	at org.kxml2.io.KXmlParser.nextToken(Unknown Source)
	at org.kxml2.kdom.Element.parse(Unknown Source)
	at org.kxml2.kdom.Node.parse(Unknown Source)
	at org.kxml2.kdom.Element.parse(Unknown Source)
	at org.kxml2.kdom.Node.parse(Unknown Source)
	at org.kxml2.kdom.Element.parse(Unknown Source)
	at org.kxml2.kdom.Node.parse(Unknown Source)
	at org.kxml2.kdom.Element.parse(Unknown Source)
	at org.kxml2.kdom.Node.parse(Unknown Source)
	at org.kxml2.kdom.Element.parse(Unknown Source)
	at org.kxml2.kdom.Node.parse(Unknown Source)
	at org.kxml2.kdom.Document.parse(Unknown Source)
	at org.javarosa.xform.parse.XFormParser.getXMLDocument(XFormParser.java:444)
	at org.javarosa.xform.parse.XFormParser.getXMLDocument(XFormParser.java:414)
	at org.opendatakit.aggregate.parser.BaseFormParserForJavaRosa.parseFormDefinition(BaseFormParserForJavaRosa.java:207)
	at org.opendatakit.aggregate.parser.BaseFormParserForJavaRosa.<init>(BaseFormParserForJavaRosa.java:359)
	at org.opendatakit.briefcase.util.JavaRosaParserWrapper.<init>(JavaRosaParserWrapper.java:15)
	at org.opendatakit.briefcase.model.BriefcaseFormDefinition.<init>(BriefcaseFormDefinition.java:294)
	at org.opendatakit.briefcase.util.FormCache.lambda$update$1(FormCache.java:123)
	at java.util.stream.ForEachOps$ForEachOp$OfRef.accept(Unknown Source)
	at java.util.stream.ReferencePipeline$2$1.accept(Unknown Source)
	at java.util.Iterator.forEachRemaining(Unknown Source)
	at java.util.Spliterators$IteratorSpliterator.forEachRemaining(Unknown Source)
	at java.util.stream.AbstractPipeline.copyInto(Unknown Source)
	at java.util.stream.AbstractPipeline.wrapAndCopyInto(Unknown Source)
	at java.util.stream.ForEachOps$ForEachOp.evaluateSequential(Unknown Source)
	at java.util.stream.ForEachOps$ForEachOp$OfRef.evaluateSequential(Unknown Source)
	at java.util.stream.AbstractPipeline.evaluate(Unknown Source)
	at java.util.stream.ReferencePipeline.forEach(Unknown Source)
	at org.opendatakit.briefcase.util.FormCache.lambda$update$2(FormCache.java:117)
	at java.util.Optional.ifPresent(Unknown Source)
	at org.opendatakit.briefcase.util.FormCache.update(FormCache.java:113)
	at org.opendatakit.briefcase.util.FormCache.onPullSuccess(FormCache.java:150)
	at sun.reflect.GeneratedMethodAccessor11.invoke(Unknown Source)
	at sun.reflect.DelegatingMethodAccessorImpl.invoke(Unknown Source)
	at java.lang.reflect.Method.invoke(Unknown Source)
	at org.bushe.swing.event.annotation.BaseProxySubscriber.onEvent(BaseProxySubscriber.java:69)
	at org.bushe.swing.event.ThreadSafeEventService.publish(ThreadSafeEventService.java:971)
	at org.bushe.swing.event.SwingEventService.access$001(SwingEventService.java:31)
	at org.bushe.swing.event.SwingEventService$1.run(SwingEventService.java:88)
	at java.awt.event.InvocationEvent.dispatch(Unknown Source)
	at java.awt.EventQueue.dispatchEventImpl(Unknown Source)
	at java.awt.EventQueue.access$500(Unknown Source)
	at java.awt.EventQueue$3.run(Unknown Source)
	at java.awt.EventQueue$3.run(Unknown Source)
	at java.security.AccessController.doPrivileged(Native Method)
	at java.security.ProtectionDomain$JavaSecurityAccessImpl.doIntersectionPrivilege(Unknown Source)
	at java.awt.EventQueue.dispatchEvent(Unknown Source)
	at java.awt.EventDispatchThread.pumpOneEventForFilters(Unknown Source)
	at java.awt.EventDispatchThread.pumpEventsForFilter(Unknown Source)
	at java.awt.EventDispatchThread.pumpEventsForHierarchy(Unknown Source)
	at java.awt.EventDispatchThread.pumpEvents(Unknown Source)
	at java.awt.EventDispatchThread.pumpEvents(Unknown Source)
	at java.awt.EventDispatchThread.run(Unknown Source)
2026-02-24 09:47:46,225 [AWT-EventQueue-0] WARN  o.o.briefcase.util.FormCache - Can't parse form file
org.opendatakit.briefcase.util.BadFormDefinition: org.opendatakit.aggregate.exception.ODKIncompleteSubmissionData: org.javarosa.xform.parse.XFormParseException: XML Syntax Error at Line: 1, Column: 8267!
	at org.opendatakit.briefcase.model.BriefcaseFormDefinition.<init>(BriefcaseFormDefinition.java:297)
	at org.opendatakit.briefcase.util.FormCache.lambda$update$1(FormCache.java:123)
	at java.util.stream.ForEachOps$ForEachOp$OfRef.accept(Unknown Source)
	at java.util.stream.ReferencePipeline$2$1.accept(Unknown Source)
	at java.util.Iterator.forEachRemaining(Unknown Source)
	at java.util.Spliterators$IteratorSpliterator.forEachRemaining(Unknown Source)
	at java.util.stream.AbstractPipeline.copyInto(Unknown Source)
	at java.util.stream.AbstractPipeline.wrapAndCopyInto(Unknown Source)
	at java.util.stream.ForEachOps$ForEachOp.evaluateSequential(Unknown Source)
	at java.util.stream.ForEachOps$ForEachOp$OfRef.evaluateSequential(Unknown Source)
	at java.util.stream.AbstractPipeline.evaluate(Unknown Source)
	at java.util.stream.ReferencePipeline.forEach(Unknown Source)
	at org.opendatakit.briefcase.util.FormCache.lambda$update$2(FormCache.java:117)
	at java.util.Optional.ifPresent(Unknown Source)
	at org.opendatakit.briefcase.util.FormCache.update(FormCache.java:113)
	at org.opendatakit.briefcase.util.FormCache.onPullSuccess(FormCache.java:150)
	at sun.reflect.GeneratedMethodAccessor11.invoke(Unknown Source)
	at sun.reflect.DelegatingMethodAccessorImpl.invoke(Unknown Source)
	at java.lang.reflect.Method.invoke(Unknown Source)
	at org.bushe.swing.event.annotation.BaseProxySubscriber.onEvent(BaseProxySubscriber.java:69)
	at org.bushe.swing.event.ThreadSafeEventService.publish(ThreadSafeEventService.java:971)
	at org.bushe.swing.event.SwingEventService.access$001(SwingEventService.java:31)
	at org.bushe.swing.event.SwingEventService$1.run(SwingEventService.java:88)
	at java.awt.event.InvocationEvent.dispatch(Unknown Source)
	at java.awt.EventQueue.dispatchEventImpl(Unknown Source)
	at java.awt.EventQueue.access$500(Unknown Source)
	at java.awt.EventQueue$3.run(Unknown Source)
	at java.awt.EventQueue$3.run(Unknown Source)
	at java.security.AccessController.doPrivileged(Native Method)
	at java.security.ProtectionDomain$JavaSecurityAccessImpl.doIntersectionPrivilege(Unknown Source)
	at java.awt.EventQueue.dispatchEvent(Unknown Source)
	at java.awt.EventDispatchThread.pumpOneEventForFilters(Unknown Source)
	at java.awt.EventDispatchThread.pumpEventsForFilter(Unknown Source)
	at java.awt.EventDispatchThread.pumpEventsForHierarchy(Unknown Source)
	at java.awt.EventDispatchThread.pumpEvents(Unknown Source)
	at java.awt.EventDispatchThread.pumpEvents(Unknown Source)
	at java.awt.EventDispatchThread.run(Unknown Source)
Caused by: org.opendatakit.aggregate.exception.ODKIncompleteSubmissionData: org.javarosa.xform.parse.XFormParseException: XML Syntax Error at Line: 1, Column: 8267!
	at org.opendatakit.aggregate.parser.BaseFormParserForJavaRosa.parseFormDefinition(BaseFormParserForJavaRosa.java:210)
	at org.opendatakit.aggregate.parser.BaseFormParserForJavaRosa.<init>(BaseFormParserForJavaRosa.java:359)
	at org.opendatakit.briefcase.util.JavaRosaParserWrapper.<init>(JavaRosaParserWrapper.java:15)
	at org.opendatakit.briefcase.model.BriefcaseFormDefinition.<init>(BriefcaseFormDefinition.java:294)
	... 36 common frames omitted
Caused by: org.javarosa.xform.parse.XFormParseException: XML Syntax Error at Line: 1, Column: 8267!
	at org.javarosa.xform.parse.XFormParser.getXMLDocument(XFormParser.java:448)
	at org.javarosa.xform.parse.XFormParser.getXMLDocument(XFormParser.java:414)
	at org.opendatakit.aggregate.parser.BaseFormParserForJavaRosa.parseFormDefinition(BaseFormParserForJavaRosa.java:207)
	... 39 common frames omitted
2026-02-24 09:47:46,225 [ForkJoinPool-5-worker-8] INFO  o.o.b.p.a.PullFromAggregateTracker - Pull Formulário da Vigilancia Hospitalar - Got all the submission IDs
2026-02-24 09:47:46,235 [ForkJoinPool-5-worker-1] INFO  o.o.b.p.a.PullFromAggregateTracker - Pull Formulário da Vigilancia Hospitalar - Got all the submission IDs
2026-02-24 09:47:46,239 [ForkJoinPool-5-worker-15] INFO  o.o.b.p.a.PullFromAggregateTracker - Pull Formulário da Vigilancia Hospitalar - Laboratório - Submission 11 of 17 downloaded
2026-02-24 09:47:46,241 [ForkJoinPool-5-worker-15] INFO  o.o.b.p.a.PullFromAggregateTracker - Pull Formulário da Vigilancia Hospitalar - Laboratório - Start downloading submission 17 of 17
2026-02-24 09:47:46,359 [ForkJoinPool-5-worker-8] INFO  o.o.b.p.a.PullFromAggregateTracker - Push Formulário da Vigilancia Hospitalar - There are no submissions to download
2026-02-24 09:47:46,368 [ForkJoinPool-5-worker-8] INFO  o.o.b.p.a.PullFromAggregateTracker - Pull Formulário da Vigilancia Hospitalar - Success
2026-02-24 09:47:46,371 [ForkJoinPool-5-worker-8] INFO  o.o.b.p.a.PullFromAggregateTracker - Pull Formulário da Vigilancia Comunitaria - Start pulling form and submissions
2026-02-24 09:47:46,371 [ForkJoinPool-5-worker-8] INFO  o.o.b.p.a.PullFromAggregateTracker - Pull Formulário da Vigilancia Comunitaria - Start downloading form
2026-02-24 09:47:46,372 [ForkJoinPool-5-worker-1] INFO  o.o.b.p.a.PullFromAggregateTracker - Pull Formulário da Vigilancia Hospitalar - Start downloading submission 1 of 3
2026-02-24 09:47:46,414 [ForkJoinPool-5-worker-11] INFO  o.o.b.p.a.PullFromAggregateTracker - Pull Formulário da Vigilancia Hospitalar - Laboratório - Submission 14 of 17 downloaded
2026-02-24 09:47:46,414 [ForkJoinPool-5-worker-13] INFO  o.o.b.p.a.PullFromAggregateTracker - Pull Formulário da Vigilancia Hospitalar - Laboratório - Submission 13 of 17 downloaded
2026-02-24 09:47:46,416 [ForkJoinPool-5-worker-2] INFO  o.o.b.p.a.PullFromAggregateTracker - Pull Formulário da Vigilancia Hospitalar - Laboratório - Submission 12 of 17 downloaded
2026-02-24 09:47:46,418 [ForkJoinPool-5-worker-13] INFO  o.o.b.p.a.PullFromAggregateTracker - Pull Formulário da Vigilancia Hospitalar - Start downloading submission 2 of 3
2026-02-24 09:47:46,418 [ForkJoinPool-5-worker-11] INFO  o.o.b.p.a.PullFromAggregateTracker - Pull Formulário da Vigilancia Hospitalar - Laboratório - Start downloading submission 6 of 6
2026-02-24 09:47:46,439 [ForkJoinPool-5-worker-3] INFO  o.o.b.p.a.PullFromAggregateTracker - Pull Formulário da Vigilancia Hospitalar - Laboratório - Submission 5 of 6 downloaded
2026-02-24 09:47:46,442 [ForkJoinPool-5-worker-6] INFO  o.o.b.p.a.PullFromAggregateTracker - Pull Formulário da Vigilancia Hospitalar - Laboratório - Submission 15 of 17 downloaded
2026-02-24 09:47:46,443 [ForkJoinPool-5-worker-6] INFO  o.o.b.p.a.PullFromAggregateTracker - Pull Formulário da Vigilancia Hospitalar - Start pulling form and submissions
2026-02-24 09:47:46,443 [ForkJoinPool-5-worker-6] INFO  o.o.b.p.a.PullFromAggregateTracker - Pull Formulário da Vigilancia Hospitalar - Start downloading form
2026-02-24 09:47:46,446 [ForkJoinPool-5-worker-4] INFO  o.o.b.p.a.PullFromAggregateTracker - Pull Formulário da Vigilancia Comunitaria - Got all the submission IDs
2026-02-24 09:47:46,452 [ForkJoinPool-5-worker-10] INFO  o.o.b.p.a.PullFromAggregateTracker - Pull Formulário da Vigilancia Hospitalar - Laboratório - Submission 16 of 17 downloaded
2026-02-24 09:47:46,454 [ForkJoinPool-5-worker-10] INFO  o.o.b.p.a.PullFromAggregateTracker - Pull Formulário da Vigilancia Hospitalar - Start downloading submission 3 of 3
2026-02-24 09:47:46,478 [AWT-EventQueue-0] ERROR XFormParser - XML Syntax Error at Line: 1, Column: 8267!
org.xmlpull.v1.XmlPullParserException: expected: /select read: input (position:END_TAG </input>@1:8267 in java.io.StringReader@c5c62d) 
	at org.kxml2.io.KXmlParser.exception(Unknown Source)
	at org.kxml2.io.KXmlParser.error(Unknown Source)
	at org.kxml2.io.KXmlParser.parseEndTag(Unknown Source)
	at org.kxml2.io.KXmlParser.nextImpl(Unknown Source)
	at org.kxml2.io.KXmlParser.nextToken(Unknown Source)
	at org.kxml2.kdom.Element.parse(Unknown Source)
	at org.kxml2.kdom.Node.parse(Unknown Source)
	at org.kxml2.kdom.Element.parse(Unknown Source)
	at org.kxml2.kdom.Node.parse(Unknown Source)
	at org.kxml2.kdom.Element.parse(Unknown Source)
	at org.kxml2.kdom.Node.parse(Unknown Source)
	at org.kxml2.kdom.Element.parse(Unknown Source)
	at org.kxml2.kdom.Node.parse(Unknown Source)
	at org.kxml2.kdom.Element.parse(Unknown Source)
	at org.kxml2.kdom.Node.parse(Unknown Source)
	at org.kxml2.kdom.Document.parse(Unknown Source)
	at org.javarosa.xform.parse.XFormParser.getXMLDocument(XFormParser.java:444)
	at org.javarosa.xform.parse.XFormParser.getXMLDocument(XFormParser.java:414)
	at org.opendatakit.aggregate.parser.BaseFormParserForJavaRosa.parseFormDefinition(BaseFormParserForJavaRosa.java:207)
	at org.opendatakit.aggregate.parser.BaseFormParserForJavaRosa.<init>(BaseFormParserForJavaRosa.java:359)
	at org.opendatakit.briefcase.util.JavaRosaParserWrapper.<init>(JavaRosaParserWrapper.java:15)
	at org.opendatakit.briefcase.model.BriefcaseFormDefinition.<init>(BriefcaseFormDefinition.java:294)
	at org.opendatakit.briefcase.util.FormCache.lambda$update$1(FormCache.java:123)
	at java.util.stream.ForEachOps$ForEachOp$OfRef.accept(Unknown Source)
	at java.util.stream.ReferencePipeline$2$1.accept(Unknown Source)
	at java.util.Iterator.forEachRemaining(Unknown Source)
	at java.util.Spliterators$IteratorSpliterator.forEachRemaining(Unknown Source)
	at java.util.stream.AbstractPipeline.copyInto(Unknown Source)
	at java.util.stream.AbstractPipeline.wrapAndCopyInto(Unknown Source)
	at java.util.stream.ForEachOps$ForEachOp.evaluateSequential(Unknown Source)
	at java.util.stream.ForEachOps$ForEachOp$OfRef.evaluateSequential(Unknown Source)
	at java.util.stream.AbstractPipeline.evaluate(Unknown Source)
	at java.util.stream.ReferencePipeline.forEach(Unknown Source)
	at org.opendatakit.briefcase.util.FormCache.lambda$update$2(FormCache.java:117)
	at java.util.Optional.ifPresent(Unknown Source)
	at org.opendatakit.briefcase.util.FormCache.update(FormCache.java:113)
	at org.opendatakit.briefcase.util.FormCache.onPullSuccess(FormCache.java:150)
	at sun.reflect.GeneratedMethodAccessor11.invoke(Unknown Source)
	at sun.reflect.DelegatingMethodAccessorImpl.invoke(Unknown Source)
	at java.lang.reflect.Method.invoke(Unknown Source)
	at org.bushe.swing.event.annotation.BaseProxySubscriber.onEvent(BaseProxySubscriber.java:69)
	at org.bushe.swing.event.ThreadSafeEventService.publish(ThreadSafeEventService.java:971)
	at org.bushe.swing.event.SwingEventService.access$001(SwingEventService.java:31)
	at org.bushe.swing.event.SwingEventService$1.run(SwingEventService.java:88)
	at java.awt.event.InvocationEvent.dispatch(Unknown Source)
	at java.awt.EventQueue.dispatchEventImpl(Unknown Source)
	at java.awt.EventQueue.access$500(Unknown Source)
	at java.awt.EventQueue$3.run(Unknown Source)
	at java.awt.EventQueue$3.run(Unknown Source)
	at java.security.AccessController.doPrivileged(Native Method)
	at java.security.ProtectionDomain$JavaSecurityAccessImpl.doIntersectionPrivilege(Unknown Source)
	at java.awt.EventQueue.dispatchEvent(Unknown Source)
	at java.awt.EventDispatchThread.pumpOneEventForFilters(Unknown Source)
	at java.awt.EventDispatchThread.pumpEventsForFilter(Unknown Source)
	at java.awt.EventDispatchThread.pumpEventsForHierarchy(Unknown Source)
	at java.awt.EventDispatchThread.pumpEvents(Unknown Source)
	at java.awt.EventDispatchThread.pumpEvents(Unknown Source)
	at java.awt.EventDispatchThread.run(Unknown Source)
2026-02-24 09:47:46,478 [AWT-EventQueue-0] WARN  o.o.briefcase.util.FormCache - Can't parse form file
org.opendatakit.briefcase.util.BadFormDefinition: org.opendatakit.aggregate.exception.ODKIncompleteSubmissionData: org.javarosa.xform.parse.XFormParseException: XML Syntax Error at Line: 1, Column: 8267!
	at org.opendatakit.briefcase.model.BriefcaseFormDefinition.<init>(BriefcaseFormDefinition.java:297)
	at org.opendatakit.briefcase.util.FormCache.lambda$update$1(FormCache.java:123)
	at java.util.stream.ForEachOps$ForEachOp$OfRef.accept(Unknown Source)
	at java.util.stream.ReferencePipeline$2$1.accept(Unknown Source)
	at java.util.Iterator.forEachRemaining(Unknown Source)
	at java.util.Spliterators$IteratorSpliterator.forEachRemaining(Unknown Source)
	at java.util.stream.AbstractPipeline.copyInto(Unknown Source)
	at java.util.stream.AbstractPipeline.wrapAndCopyInto(Unknown Source)
	at java.util.stream.ForEachOps$ForEachOp.evaluateSequential(Unknown Source)
	at java.util.stream.ForEachOps$ForEachOp$OfRef.evaluateSequential(Unknown Source)
	at java.util.stream.AbstractPipeline.evaluate(Unknown Source)
	at java.util.stream.ReferencePipeline.forEach(Unknown Source)
	at org.opendatakit.briefcase.util.FormCache.lambda$update$2(FormCache.java:117)
	at java.util.Optional.ifPresent(Unknown Source)
	at org.opendatakit.briefcase.util.FormCache.update(FormCache.java:113)
	at org.opendatakit.briefcase.util.FormCache.onPullSuccess(FormCache.java:150)
	at sun.reflect.GeneratedMethodAccessor11.invoke(Unknown Source)
	at sun.reflect.DelegatingMethodAccessorImpl.invoke(Unknown Source)
	at java.lang.reflect.Method.invoke(Unknown Source)
	at org.bushe.swing.event.annotation.BaseProxySubscriber.onEvent(BaseProxySubscriber.java:69)
	at org.bushe.swing.event.ThreadSafeEventService.publish(ThreadSafeEventService.java:971)
	at org.bushe.swing.event.SwingEventService.access$001(SwingEventService.java:31)
	at org.bushe.swing.event.SwingEventService$1.run(SwingEventService.java:88)
	at java.awt.event.InvocationEvent.dispatch(Unknown Source)
	at java.awt.EventQueue.dispatchEventImpl(Unknown Source)
	at java.awt.EventQueue.access$500(Unknown Source)
	at java.awt.EventQueue$3.run(Unknown Source)
	at java.awt.EventQueue$3.run(Unknown Source)
	at java.security.AccessController.doPrivileged(Native Method)
	at java.security.ProtectionDomain$JavaSecurityAccessImpl.doIntersectionPrivilege(Unknown Source)
	at java.awt.EventQueue.dispatchEvent(Unknown Source)
	at java.awt.EventDispatchThread.pumpOneEventForFilters(Unknown Source)
	at java.awt.EventDispatchThread.pumpEventsForFilter(Unknown Source)
	at java.awt.EventDispatchThread.pumpEventsForHierarchy(Unknown Source)
	at java.awt.EventDispatchThread.pumpEvents(Unknown Source)
	at java.awt.EventDispatchThread.pumpEvents(Unknown Source)
	at java.awt.EventDispatchThread.run(Unknown Source)
Caused by: org.opendatakit.aggregate.exception.ODKIncompleteSubmissionData: org.javarosa.xform.parse.XFormParseException: XML Syntax Error at Line: 1, Column: 8267!
	at org.opendatakit.aggregate.parser.BaseFormParserForJavaRosa.parseFormDefinition(BaseFormParserForJavaRosa.java:210)
	at org.opendatakit.aggregate.parser.BaseFormParserForJavaRosa.<init>(BaseFormParserForJavaRosa.java:359)
	at org.opendatakit.briefcase.util.JavaRosaParserWrapper.<init>(JavaRosaParserWrapper.java:15)
	at org.opendatakit.briefcase.model.BriefcaseFormDefinition.<init>(BriefcaseFormDefinition.java:294)
	... 36 common frames omitted
Caused by: org.javarosa.xform.parse.XFormParseException: XML Syntax Error at Line: 1, Column: 8267!
	at org.javarosa.xform.parse.XFormParser.getXMLDocument(XFormParser.java:448)
	at org.javarosa.xform.parse.XFormParser.getXMLDocument(XFormParser.java:414)
	at org.opendatakit.aggregate.parser.BaseFormParserForJavaRosa.parseFormDefinition(BaseFormParserForJavaRosa.java:207)
	... 39 common frames omitted
2026-02-24 09:47:46,628 [ForkJoinPool-5-worker-15] INFO  o.o.b.p.a.PullFromAggregateTracker - Pull Formulário da Vigilancia Hospitalar - Laboratório - Submission 17 of 17 downloaded
2026-02-24 09:47:46,631 [ForkJoinPool-5-worker-15] INFO  o.o.b.p.a.PullFromAggregateTracker - Pull VIGILÂNCIA  AMBIENTAL - Start pulling form and submissions
2026-02-24 09:47:46,631 [ForkJoinPool-5-worker-2] INFO  o.o.b.p.a.PullFromAggregateTracker - Pull Formulário da Vigilancia Hospitalar - Laboratório - Success
2026-02-24 09:47:46,631 [ForkJoinPool-5-worker-15] INFO  o.o.b.p.a.PullFromAggregateTracker - Pull VIGILÂNCIA  AMBIENTAL - Start downloading form
2026-02-24 09:47:46,635 [ForkJoinPool-5-worker-2] INFO  o.o.b.p.a.PullFromAggregateTracker - Pull Formulário da Vigilancia Comunitaria - Start pulling form and submissions
2026-02-24 09:47:46,635 [ForkJoinPool-5-worker-2] INFO  o.o.b.p.a.PullFromAggregateTracker - Pull Formulário da Vigilancia Comunitaria - Start downloading form
2026-02-24 09:47:46,636 [ForkJoinPool-5-worker-4] INFO  o.o.b.p.a.PullFromAggregateTracker - Pull Formulário da Vigilancia Comunitaria - Start downloading submission 1 of 22
2026-02-24 09:47:46,646 [ForkJoinPool-5-worker-11] INFO  o.o.b.p.a.PullFromAggregateTracker - Pull Formulário da Vigilancia Hospitalar - Laboratório - Submission 6 of 6 downloaded
2026-02-24 09:47:46,650 [ForkJoinPool-5-worker-11] INFO  o.o.b.p.a.PullFromAggregateTracker - Pull Formulário da Vigilancia Comunitaria - Start downloading submission 2 of 22
2026-02-24 09:47:46,650 [ForkJoinPool-5-worker-3] INFO  o.o.b.p.a.PullFromAggregateTracker - Pull Formulário da Vigilancia Hospitalar - Laboratório - Success
2026-02-24 09:47:46,654 [ForkJoinPool-5-worker-3] INFO  o.o.b.p.a.PullFromAggregateTracker - Pull Formulário da Vigilancia Hospitalar - Start pulling form and submissions
2026-02-24 09:47:46,656 [ForkJoinPool-5-worker-3] INFO  o.o.b.p.a.PullFromAggregateTracker - Pull Formulário da Vigilancia Hospitalar - Start downloading form
2026-02-24 09:47:46,664 [ForkJoinPool-5-worker-1] INFO  o.o.b.p.a.PullFromAggregateTracker - Pull Formulário da Vigilancia Hospitalar - Submission 1 of 3 downloaded
2026-02-24 09:47:46,671 [ForkJoinPool-5-worker-13] INFO  o.o.b.p.a.PullFromAggregateTracker - Pull Formulário da Vigilancia Hospitalar - Submission 2 of 3 downloaded
2026-02-24 09:47:46,673 [ForkJoinPool-5-worker-13] INFO  o.o.b.p.a.PullFromAggregateTracker - Pull Resultados de testagem das vigilâncias - Start pulling form and submissions
2026-02-24 09:47:46,673 [ForkJoinPool-5-worker-13] INFO  o.o.b.p.a.PullFromAggregateTracker - Pull Resultados de testagem das vigilâncias - Start downloading form
2026-02-24 09:47:46,686 [ForkJoinPool-5-worker-10] INFO  o.o.b.p.a.PullFromAggregateTracker - Pull Formulário da Vigilancia Hospitalar - Submission 3 of 3 downloaded
2026-02-24 09:47:46,688 [ForkJoinPool-5-worker-10] INFO  o.o.b.p.a.PullFromAggregateTracker - Pull Formulário da Vigilancia Hospitalar - Start pulling form and submissions
2026-02-24 09:47:46,688 [ForkJoinPool-5-worker-10] INFO  o.o.b.p.a.PullFromAggregateTracker - Pull Formulário da Vigilancia Hospitalar - Start downloading form
2026-02-24 09:47:46,688 [ForkJoinPool-5-worker-1] INFO  o.o.b.p.a.PullFromAggregateTracker - Pull Formulário da Vigilancia Hospitalar - Success
2026-02-24 09:47:46,688 [ForkJoinPool-5-worker-1] INFO  o.o.b.p.a.PullFromAggregateTracker - Pull Formulário da Vigilancia Hospitalar - Laboratório - Start pulling form and submissions
2026-02-24 09:47:46,688 [ForkJoinPool-5-worker-1] INFO  o.o.b.p.a.PullFromAggregateTracker - Pull Formulário da Vigilancia Hospitalar - Laboratório - Start downloading form
2026-02-24 09:47:46,713 [AWT-EventQueue-0] ERROR XFormParser - XML Syntax Error at Line: 1, Column: 8267!
org.xmlpull.v1.XmlPullParserException: expected: /select read: input (position:END_TAG </input>@1:8267 in java.io.StringReader@1c4aca9) 
	at org.kxml2.io.KXmlParser.exception(Unknown Source)
	at org.kxml2.io.KXmlParser.error(Unknown Source)
	at org.kxml2.io.KXmlParser.parseEndTag(Unknown Source)
	at org.kxml2.io.KXmlParser.nextImpl(Unknown Source)
	at org.kxml2.io.KXmlParser.nextToken(Unknown Source)
	at org.kxml2.kdom.Element.parse(Unknown Source)
	at org.kxml2.kdom.Node.parse(Unknown Source)
	at org.kxml2.kdom.Element.parse(Unknown Source)
	at org.kxml2.kdom.Node.parse(Unknown Source)
	at org.kxml2.kdom.Element.parse(Unknown Source)
	at org.kxml2.kdom.Node.parse(Unknown Source)
	at org.kxml2.kdom.Element.parse(Unknown Source)
	at org.kxml2.kdom.Node.parse(Unknown Source)
	at org.kxml2.kdom.Element.parse(Unknown Source)
	at org.kxml2.kdom.Node.parse(Unknown Source)
	at org.kxml2.kdom.Document.parse(Unknown Source)
	at org.javarosa.xform.parse.XFormParser.getXMLDocument(XFormParser.java:444)
	at org.javarosa.xform.parse.XFormParser.getXMLDocument(XFormParser.java:414)
	at org.opendatakit.aggregate.parser.BaseFormParserForJavaRosa.parseFormDefinition(BaseFormParserForJavaRosa.java:207)
	at org.opendatakit.aggregate.parser.BaseFormParserForJavaRosa.<init>(BaseFormParserForJavaRosa.java:359)
	at org.opendatakit.briefcase.util.JavaRosaParserWrapper.<init>(JavaRosaParserWrapper.java:15)
	at org.opendatakit.briefcase.model.BriefcaseFormDefinition.<init>(BriefcaseFormDefinition.java:294)
	at org.opendatakit.briefcase.util.FormCache.lambda$update$1(FormCache.java:123)
	at java.util.stream.ForEachOps$ForEachOp$OfRef.accept(Unknown Source)
	at java.util.stream.ReferencePipeline$2$1.accept(Unknown Source)
	at java.util.Iterator.forEachRemaining(Unknown Source)
	at java.util.Spliterators$IteratorSpliterator.forEachRemaining(Unknown Source)
	at java.util.stream.AbstractPipeline.copyInto(Unknown Source)
	at java.util.stream.AbstractPipeline.wrapAndCopyInto(Unknown Source)
	at java.util.stream.ForEachOps$ForEachOp.evaluateSequential(Unknown Source)
	at java.util.stream.ForEachOps$ForEachOp$OfRef.evaluateSequential(Unknown Source)
	at java.util.stream.AbstractPipeline.evaluate(Unknown Source)
	at java.util.stream.ReferencePipeline.forEach(Unknown Source)
	at org.opendatakit.briefcase.util.FormCache.lambda$update$2(FormCache.java:117)
	at java.util.Optional.ifPresent(Unknown Source)
	at org.opendatakit.briefcase.util.FormCache.update(FormCache.java:113)
	at org.opendatakit.briefcase.util.FormCache.onPullSuccess(FormCache.java:150)
	at sun.reflect.GeneratedMethodAccessor11.invoke(Unknown Source)
	at sun.reflect.DelegatingMethodAccessorImpl.invoke(Unknown Source)
	at java.lang.reflect.Method.invoke(Unknown Source)
	at org.bushe.swing.event.annotation.BaseProxySubscriber.onEvent(BaseProxySubscriber.java:69)
	at org.bushe.swing.event.ThreadSafeEventService.publish(ThreadSafeEventService.java:971)
	at org.bushe.swing.event.SwingEventService.access$001(SwingEventService.java:31)
	at org.bushe.swing.event.SwingEventService$1.run(SwingEventService.java:88)
	at java.awt.event.InvocationEvent.dispatch(Unknown Source)
	at java.awt.EventQueue.dispatchEventImpl(Unknown Source)
	at java.awt.EventQueue.access$500(Unknown Source)
	at java.awt.EventQueue$3.run(Unknown Source)
	at java.awt.EventQueue$3.run(Unknown Source)
	at java.security.AccessController.doPrivileged(Native Method)
	at java.security.ProtectionDomain$JavaSecurityAccessImpl.doIntersectionPrivilege(Unknown Source)
	at java.awt.EventQueue.dispatchEvent(Unknown Source)
	at java.awt.EventDispatchThread.pumpOneEventForFilters(Unknown Source)
	at java.awt.EventDispatchThread.pumpEventsForFilter(Unknown Source)
	at java.awt.EventDispatchThread.pumpEventsForHierarchy(Unknown Source)
	at java.awt.EventDispatchThread.pumpEvents(Unknown Source)
	at java.awt.EventDispatchThread.pumpEvents(Unknown Source)
	at java.awt.EventDispatchThread.run(Unknown Source)
2026-02-24 09:47:46,713 [AWT-EventQueue-0] WARN  o.o.briefcase.util.FormCache - Can't parse form file
org.opendatakit.briefcase.util.BadFormDefinition: org.opendatakit.aggregate.exception.ODKIncompleteSubmissionData: org.javarosa.xform.parse.XFormParseException: XML Syntax Error at Line: 1, Column: 8267!
	at org.opendatakit.briefcase.model.BriefcaseFormDefinition.<init>(BriefcaseFormDefinition.java:297)
	at org.opendatakit.briefcase.util.FormCache.lambda$update$1(FormCache.java:123)
	at java.util.stream.ForEachOps$ForEachOp$OfRef.accept(Unknown Source)
	at java.util.stream.ReferencePipeline$2$1.accept(Unknown Source)
	at java.util.Iterator.forEachRemaining(Unknown Source)
	at java.util.Spliterators$IteratorSpliterator.forEachRemaining(Unknown Source)
	at java.util.stream.AbstractPipeline.copyInto(Unknown Source)
	at java.util.stream.AbstractPipeline.wrapAndCopyInto(Unknown Source)
	at java.util.stream.ForEachOps$ForEachOp.evaluateSequential(Unknown Source)
	at java.util.stream.ForEachOps$ForEachOp$OfRef.evaluateSequential(Unknown Source)
	at java.util.stream.AbstractPipeline.evaluate(Unknown Source)
	at java.util.stream.ReferencePipeline.forEach(Unknown Source)
	at org.opendatakit.briefcase.util.FormCache.lambda$update$2(FormCache.java:117)
	at java.util.Optional.ifPresent(Unknown Source)
	at org.opendatakit.briefcase.util.FormCache.update(FormCache.java:113)
	at org.opendatakit.briefcase.util.FormCache.onPullSuccess(FormCache.java:150)
	at sun.reflect.GeneratedMethodAccessor11.invoke(Unknown Source)
	at sun.reflect.DelegatingMethodAccessorImpl.invoke(Unknown Source)
	at java.lang.reflect.Method.invoke(Unknown Source)
	at org.bushe.swing.event.annotation.BaseProxySubscriber.onEvent(BaseProxySubscriber.java:69)
	at org.bushe.swing.event.ThreadSafeEventService.publish(ThreadSafeEventService.java:971)
	at org.bushe.swing.event.SwingEventService.access$001(SwingEventService.java:31)
	at org.bushe.swing.event.SwingEventService$1.run(SwingEventService.java:88)
	at java.awt.event.InvocationEvent.dispatch(Unknown Source)
	at java.awt.EventQueue.dispatchEventImpl(Unknown Source)
	at java.awt.EventQueue.access$500(Unknown Source)
	at java.awt.EventQueue$3.run(Unknown Source)
	at java.awt.EventQueue$3.run(Unknown Source)
	at java.security.AccessController.doPrivileged(Native Method)
	at java.security.ProtectionDomain$JavaSecurityAccessImpl.doIntersectionPrivilege(Unknown Source)
	at java.awt.EventQueue.dispatchEvent(Unknown Source)
	at java.awt.EventDispatchThread.pumpOneEventForFilters(Unknown Source)
	at java.awt.EventDispatchThread.pumpEventsForFilter(Unknown Source)
	at java.awt.EventDispatchThread.pumpEventsForHierarchy(Unknown Source)
	at java.awt.EventDispatchThread.pumpEvents(Unknown Source)
	at java.awt.EventDispatchThread.pumpEvents(Unknown Source)
	at java.awt.EventDispatchThread.run(Unknown Source)
Caused by: org.opendatakit.aggregate.exception.ODKIncompleteSubmissionData: org.javarosa.xform.parse.XFormParseException: XML Syntax Error at Line: 1, Column: 8267!
	at org.opendatakit.aggregate.parser.BaseFormParserForJavaRosa.parseFormDefinition(BaseFormParserForJavaRosa.java:210)
	at org.opendatakit.aggregate.parser.BaseFormParserForJavaRosa.<init>(BaseFormParserForJavaRosa.java:359)
	at org.opendatakit.briefcase.util.JavaRosaParserWrapper.<init>(JavaRosaParserWrapper.java:15)
	at org.opendatakit.briefcase.model.BriefcaseFormDefinition.<init>(BriefcaseFormDefinition.java:294)
	... 36 common frames omitted
Caused by: org.javarosa.xform.parse.XFormParseException: XML Syntax Error at Line: 1, Column: 8267!
	at org.javarosa.xform.parse.XFormParser.getXMLDocument(XFormParser.java:448)
	at org.javarosa.xform.parse.XFormParser.getXMLDocument(XFormParser.java:414)
	at org.opendatakit.aggregate.parser.BaseFormParserForJavaRosa.parseFormDefinition(BaseFormParserForJavaRosa.java:207)
	... 39 common frames omitted
2026-02-24 09:47:46,797 [AWT-EventQueue-0] ERROR XFormParser - XML Syntax Error at Line: 1, Column: 8267!
org.xmlpull.v1.XmlPullParserException: expected: /select read: input (position:END_TAG </input>@1:8267 in java.io.StringReader@13c6de1) 
	at org.kxml2.io.KXmlParser.exception(Unknown Source)
	at org.kxml2.io.KXmlParser.error(Unknown Source)
	at org.kxml2.io.KXmlParser.parseEndTag(Unknown Source)
	at org.kxml2.io.KXmlParser.nextImpl(Unknown Source)
	at org.kxml2.io.KXmlParser.nextToken(Unknown Source)
	at org.kxml2.kdom.Element.parse(Unknown Source)
	at org.kxml2.kdom.Node.parse(Unknown Source)
	at org.kxml2.kdom.Element.parse(Unknown Source)
	at org.kxml2.kdom.Node.parse(Unknown Source)
	at org.kxml2.kdom.Element.parse(Unknown Source)
	at org.kxml2.kdom.Node.parse(Unknown Source)
	at org.kxml2.kdom.Element.parse(Unknown Source)
	at org.kxml2.kdom.Node.parse(Unknown Source)
	at org.kxml2.kdom.Element.parse(Unknown Source)
	at org.kxml2.kdom.Node.parse(Unknown Source)
	at org.kxml2.kdom.Document.parse(Unknown Source)
	at org.javarosa.xform.parse.XFormParser.getXMLDocument(XFormParser.java:444)
	at org.javarosa.xform.parse.XFormParser.getXMLDocument(XFormParser.java:414)
	at org.opendatakit.aggregate.parser.BaseFormParserForJavaRosa.parseFormDefinition(BaseFormParserForJavaRosa.java:207)
	at org.opendatakit.aggregate.parser.BaseFormParserForJavaRosa.<init>(BaseFormParserForJavaRosa.java:359)
	at org.opendatakit.briefcase.util.JavaRosaParserWrapper.<init>(JavaRosaParserWrapper.java:15)
	at org.opendatakit.briefcase.model.BriefcaseFormDefinition.<init>(BriefcaseFormDefinition.java:294)
	at org.opendatakit.briefcase.util.FormCache.lambda$update$1(FormCache.java:123)
	at java.util.stream.ForEachOps$ForEachOp$OfRef.accept(Unknown Source)
	at java.util.stream.ReferencePipeline$2$1.accept(Unknown Source)
	at java.util.Iterator.forEachRemaining(Unknown Source)
	at java.util.Spliterators$IteratorSpliterator.forEachRemaining(Unknown Source)
	at java.util.stream.AbstractPipeline.copyInto(Unknown Source)
	at java.util.stream.AbstractPipeline.wrapAndCopyInto(Unknown Source)
	at java.util.stream.ForEachOps$ForEachOp.evaluateSequential(Unknown Source)
	at java.util.stream.ForEachOps$ForEachOp$OfRef.evaluateSequential(Unknown Source)
	at java.util.stream.AbstractPipeline.evaluate(Unknown Source)
	at java.util.stream.ReferencePipeline.forEach(Unknown Source)
	at org.opendatakit.briefcase.util.FormCache.lambda$update$2(FormCache.java:117)
	at java.util.Optional.ifPresent(Unknown Source)
	at org.opendatakit.briefcase.util.FormCache.update(FormCache.java:113)
	at org.opendatakit.briefcase.util.FormCache.onPullSuccess(FormCache.java:150)
	at sun.reflect.GeneratedMethodAccessor11.invoke(Unknown Source)
	at sun.reflect.DelegatingMethodAccessorImpl.invoke(Unknown Source)
	at java.lang.reflect.Method.invoke(Unknown Source)
	at org.bushe.swing.event.annotation.BaseProxySubscriber.onEvent(BaseProxySubscriber.java:69)
	at org.bushe.swing.event.ThreadSafeEventService.publish(ThreadSafeEventService.java:971)
	at org.bushe.swing.event.SwingEventService.access$001(SwingEventService.java:31)
	at org.bushe.swing.event.SwingEventService$1.run(SwingEventService.java:88)
	at java.awt.event.InvocationEvent.dispatch(Unknown Source)
	at java.awt.EventQueue.dispatchEventImpl(Unknown Source)
	at java.awt.EventQueue.access$500(Unknown Source)
	at java.awt.EventQueue$3.run(Unknown Source)
	at java.awt.EventQueue$3.run(Unknown Source)
	at java.security.AccessController.doPrivileged(Native Method)
	at java.security.ProtectionDomain$JavaSecurityAccessImpl.doIntersectionPrivilege(Unknown Source)
	at java.awt.EventQueue.dispatchEvent(Unknown Source)
	at java.awt.EventDispatchThread.pumpOneEventForFilters(Unknown Source)
	at java.awt.EventDispatchThread.pumpEventsForFilter(Unknown Source)
	at java.awt.EventDispatchThread.pumpEventsForHierarchy(Unknown Source)
	at java.awt.EventDispatchThread.pumpEvents(Unknown Source)
	at java.awt.EventDispatchThread.pumpEvents(Unknown Source)
	at java.awt.EventDispatchThread.run(Unknown Source)
2026-02-24 09:47:46,797 [AWT-EventQueue-0] WARN  o.o.briefcase.util.FormCache - Can't parse form file
org.opendatakit.briefcase.util.BadFormDefinition: org.opendatakit.aggregate.exception.ODKIncompleteSubmissionData: org.javarosa.xform.parse.XFormParseException: XML Syntax Error at Line: 1, Column: 8267!
	at org.opendatakit.briefcase.model.BriefcaseFormDefinition.<init>(BriefcaseFormDefinition.java:297)
	at org.opendatakit.briefcase.util.FormCache.lambda$update$1(FormCache.java:123)
	at java.util.stream.ForEachOps$ForEachOp$OfRef.accept(Unknown Source)
	at java.util.stream.ReferencePipeline$2$1.accept(Unknown Source)
	at java.util.Iterator.forEachRemaining(Unknown Source)
	at java.util.Spliterators$IteratorSpliterator.forEachRemaining(Unknown Source)
	at java.util.stream.AbstractPipeline.copyInto(Unknown Source)
	at java.util.stream.AbstractPipeline.wrapAndCopyInto(Unknown Source)
	at java.util.stream.ForEachOps$ForEachOp.evaluateSequential(Unknown Source)
	at java.util.stream.ForEachOps$ForEachOp$OfRef.evaluateSequential(Unknown Source)
	at java.util.stream.AbstractPipeline.evaluate(Unknown Source)
	at java.util.stream.ReferencePipeline.forEach(Unknown Source)
	at org.opendatakit.briefcase.util.FormCache.lambda$update$2(FormCache.java:117)
	at java.util.Optional.ifPresent(Unknown Source)
	at org.opendatakit.briefcase.util.FormCache.update(FormCache.java:113)
	at org.opendatakit.briefcase.util.FormCache.onPullSuccess(FormCache.java:150)
	at sun.reflect.GeneratedMethodAccessor11.invoke(Unknown Source)
	at sun.reflect.DelegatingMethodAccessorImpl.invoke(Unknown Source)
	at java.lang.reflect.Method.invoke(Unknown Source)
	at org.bushe.swing.event.annotation.BaseProxySubscriber.onEvent(BaseProxySubscriber.java:69)
	at org.bushe.swing.event.ThreadSafeEventService.publish(ThreadSafeEventService.java:971)
	at org.bushe.swing.event.SwingEventService.access$001(SwingEventService.java:31)
	at org.bushe.swing.event.SwingEventService$1.run(SwingEventService.java:88)
	at java.awt.event.InvocationEvent.dispatch(Unknown Source)
	at java.awt.EventQueue.dispatchEventImpl(Unknown Source)
	at java.awt.EventQueue.access$500(Unknown Source)
	at java.awt.EventQueue$3.run(Unknown Source)
	at java.awt.EventQueue$3.run(Unknown Source)
	at java.security.AccessController.doPrivileged(Native Method)
	at java.security.ProtectionDomain$JavaSecurityAccessImpl.doIntersectionPrivilege(Unknown Source)
	at java.awt.EventQueue.dispatchEvent(Unknown Source)
	at java.awt.EventDispatchThread.pumpOneEventForFilters(Unknown Source)
	at java.awt.EventDispatchThread.pumpEventsForFilter(Unknown Source)
	at java.awt.EventDispatchThread.pumpEventsForHierarchy(Unknown Source)
	at java.awt.EventDispatchThread.pumpEvents(Unknown Source)
	at java.awt.EventDispatchThread.pumpEvents(Unknown Source)
	at java.awt.EventDispatchThread.run(Unknown Source)
Caused by: org.opendatakit.aggregate.exception.ODKIncompleteSubmissionData: org.javarosa.xform.parse.XFormParseException: XML Syntax Error at Line: 1, Column: 8267!
	at org.opendatakit.aggregate.parser.BaseFormParserForJavaRosa.parseFormDefinition(BaseFormParserForJavaRosa.java:210)
	at org.opendatakit.aggregate.parser.BaseFormParserForJavaRosa.<init>(BaseFormParserForJavaRosa.java:359)
	at org.opendatakit.briefcase.util.JavaRosaParserWrapper.<init>(JavaRosaParserWrapper.java:15)
	at org.opendatakit.briefcase.model.BriefcaseFormDefinition.<init>(BriefcaseFormDefinition.java:294)
	... 36 common frames omitted
Caused by: org.javarosa.xform.parse.XFormParseException: XML Syntax Error at Line: 1, Column: 8267!
	at org.javarosa.xform.parse.XFormParser.getXMLDocument(XFormParser.java:448)
	at org.javarosa.xform.parse.XFormParser.getXMLDocument(XFormParser.java:414)
	at org.opendatakit.aggregate.parser.BaseFormParserForJavaRosa.parseFormDefinition(BaseFormParserForJavaRosa.java:207)
	... 39 common frames omitted
2026-02-24 09:47:46,890 [ForkJoinPool-5-worker-4] INFO  o.o.b.p.a.PullFromAggregateTracker - Pull Formulário da Vigilancia Comunitaria - Submission 1 of 22 downloaded
2026-02-24 09:47:46,890 [ForkJoinPool-5-worker-4] INFO  o.o.b.p.a.PullFromAggregateTracker - Pull Formulário da Vigilancia Comunitaria - Start downloading submission 3 of 22
2026-02-24 09:47:46,894 [AWT-EventQueue-0] ERROR XFormParser - XML Syntax Error at Line: 1, Column: 8267!
org.xmlpull.v1.XmlPullParserException: expected: /select read: input (position:END_TAG </input>@1:8267 in java.io.StringReader@193b2c4) 
	at org.kxml2.io.KXmlParser.exception(Unknown Source)
	at org.kxml2.io.KXmlParser.error(Unknown Source)
	at org.kxml2.io.KXmlParser.parseEndTag(Unknown Source)
	at org.kxml2.io.KXmlParser.nextImpl(Unknown Source)
	at org.kxml2.io.KXmlParser.nextToken(Unknown Source)
	at org.kxml2.kdom.Element.parse(Unknown Source)
	at org.kxml2.kdom.Node.parse(Unknown Source)
	at org.kxml2.kdom.Element.parse(Unknown Source)
	at org.kxml2.kdom.Node.parse(Unknown Source)
	at org.kxml2.kdom.Element.parse(Unknown Source)
	at org.kxml2.kdom.Node.parse(Unknown Source)
	at org.kxml2.kdom.Element.parse(Unknown Source)
	at org.kxml2.kdom.Node.parse(Unknown Source)
	at org.kxml2.kdom.Element.parse(Unknown Source)
	at org.kxml2.kdom.Node.parse(Unknown Source)
	at org.kxml2.kdom.Document.parse(Unknown Source)
	at org.javarosa.xform.parse.XFormParser.getXMLDocument(XFormParser.java:444)
	at org.javarosa.xform.parse.XFormParser.getXMLDocument(XFormParser.java:414)
	at org.opendatakit.aggregate.parser.BaseFormParserForJavaRosa.parseFormDefinition(BaseFormParserForJavaRosa.java:207)
	at org.opendatakit.aggregate.parser.BaseFormParserForJavaRosa.<init>(BaseFormParserForJavaRosa.java:359)
	at org.opendatakit.briefcase.util.JavaRosaParserWrapper.<init>(JavaRosaParserWrapper.java:15)
	at org.opendatakit.briefcase.model.BriefcaseFormDefinition.<init>(BriefcaseFormDefinition.java:294)
	at org.opendatakit.briefcase.util.FormCache.lambda$update$1(FormCache.java:123)
	at java.util.stream.ForEachOps$ForEachOp$OfRef.accept(Unknown Source)
	at java.util.stream.ReferencePipeline$2$1.accept(Unknown Source)
	at java.util.Iterator.forEachRemaining(Unknown Source)
	at java.util.Spliterators$IteratorSpliterator.forEachRemaining(Unknown Source)
	at java.util.stream.AbstractPipeline.copyInto(Unknown Source)
	at java.util.stream.AbstractPipeline.wrapAndCopyInto(Unknown Source)
	at java.util.stream.ForEachOps$ForEachOp.evaluateSequential(Unknown Source)
	at java.util.stream.ForEachOps$ForEachOp$OfRef.evaluateSequential(Unknown Source)
	at java.util.stream.AbstractPipeline.evaluate(Unknown Source)
	at java.util.stream.ReferencePipeline.forEach(Unknown Source)
	at org.opendatakit.briefcase.util.FormCache.lambda$update$2(FormCache.java:117)
	at java.util.Optional.ifPresent(Unknown Source)
	at org.opendatakit.briefcase.util.FormCache.update(FormCache.java:113)
	at org.opendatakit.briefcase.util.FormCache.onPullSuccess(FormCache.java:150)
	at sun.reflect.GeneratedMethodAccessor11.invoke(Unknown Source)
	at sun.reflect.DelegatingMethodAccessorImpl.invoke(Unknown Source)
	at java.lang.reflect.Method.invoke(Unknown Source)
	at org.bushe.swing.event.annotation.BaseProxySubscriber.onEvent(BaseProxySubscriber.java:69)
	at org.bushe.swing.event.ThreadSafeEventService.publish(ThreadSafeEventService.java:971)
	at org.bushe.swing.event.SwingEventService.access$001(SwingEventService.java:31)
	at org.bushe.swing.event.SwingEventService$1.run(SwingEventService.java:88)
	at java.awt.event.InvocationEvent.dispatch(Unknown Source)
	at java.awt.EventQueue.dispatchEventImpl(Unknown Source)
	at java.awt.EventQueue.access$500(Unknown Source)
	at java.awt.EventQueue$3.run(Unknown Source)
	at java.awt.EventQueue$3.run(Unknown Source)
	at java.security.AccessController.doPrivileged(Native Method)
	at java.security.ProtectionDomain$JavaSecurityAccessImpl.doIntersectionPrivilege(Unknown Source)
	at java.awt.EventQueue.dispatchEvent(Unknown Source)
	at java.awt.EventDispatchThread.pumpOneEventForFilters(Unknown Source)
	at java.awt.EventDispatchThread.pumpEventsForFilter(Unknown Source)
	at java.awt.EventDispatchThread.pumpEventsForHierarchy(Unknown Source)
	at java.awt.EventDispatchThread.pumpEvents(Unknown Source)
	at java.awt.EventDispatchThread.pumpEvents(Unknown Source)
	at java.awt.EventDispatchThread.run(Unknown Source)
2026-02-24 09:47:46,899 [AWT-EventQueue-0] WARN  o.o.briefcase.util.FormCache - Can't parse form file
org.opendatakit.briefcase.util.BadFormDefinition: org.opendatakit.aggregate.exception.ODKIncompleteSubmissionData: org.javarosa.xform.parse.XFormParseException: XML Syntax Error at Line: 1, Column: 8267!
	at org.opendatakit.briefcase.model.BriefcaseFormDefinition.<init>(BriefcaseFormDefinition.java:297)
	at org.opendatakit.briefcase.util.FormCache.lambda$update$1(FormCache.java:123)
	at java.util.stream.ForEachOps$ForEachOp$OfRef.accept(Unknown Source)
	at java.util.stream.ReferencePipeline$2$1.accept(Unknown Source)
	at java.util.Iterator.forEachRemaining(Unknown Source)
	at java.util.Spliterators$IteratorSpliterator.forEachRemaining(Unknown Source)
	at java.util.stream.AbstractPipeline.copyInto(Unknown Source)
	at java.util.stream.AbstractPipeline.wrapAndCopyInto(Unknown Source)
	at java.util.stream.ForEachOps$ForEachOp.evaluateSequential(Unknown Source)
	at java.util.stream.ForEachOps$ForEachOp$OfRef.evaluateSequential(Unknown Source)
	at java.util.stream.AbstractPipeline.evaluate(Unknown Source)
	at java.util.stream.ReferencePipeline.forEach(Unknown Source)
	at org.opendatakit.briefcase.util.FormCache.lambda$update$2(FormCache.java:117)
	at java.util.Optional.ifPresent(Unknown Source)
	at org.opendatakit.briefcase.util.FormCache.update(FormCache.java:113)
	at org.opendatakit.briefcase.util.FormCache.onPullSuccess(FormCache.java:150)
	at sun.reflect.GeneratedMethodAccessor11.invoke(Unknown Source)
	at sun.reflect.DelegatingMethodAccessorImpl.invoke(Unknown Source)
	at java.lang.reflect.Method.invoke(Unknown Source)
	at org.bushe.swing.event.annotation.BaseProxySubscriber.onEvent(BaseProxySubscriber.java:69)
	at org.bushe.swing.event.ThreadSafeEventService.publish(ThreadSafeEventService.java:971)
	at org.bushe.swing.event.SwingEventService.access$001(SwingEventService.java:31)
	at org.bushe.swing.event.SwingEventService$1.run(SwingEventService.java:88)
	at java.awt.event.InvocationEvent.dispatch(Unknown Source)
	at java.awt.EventQueue.dispatchEventImpl(Unknown Source)
	at java.awt.EventQueue.access$500(Unknown Source)
	at java.awt.EventQueue$3.run(Unknown Source)
	at java.awt.EventQueue$3.run(Unknown Source)
	at java.security.AccessController.doPrivileged(Native Method)
	at java.security.ProtectionDomain$JavaSecurityAccessImpl.doIntersectionPrivilege(Unknown Source)
	at java.awt.EventQueue.dispatchEvent(Unknown Source)
	at java.awt.EventDispatchThread.pumpOneEventForFilters(Unknown Source)
	at java.awt.EventDispatchThread.pumpEventsForFilter(Unknown Source)
	at java.awt.EventDispatchThread.pumpEventsForHierarchy(Unknown Source)
	at java.awt.EventDispatchThread.pumpEvents(Unknown Source)
	at java.awt.EventDispatchThread.pumpEvents(Unknown Source)
	at java.awt.EventDispatchThread.run(Unknown Source)
Caused by: org.opendatakit.aggregate.exception.ODKIncompleteSubmissionData: org.javarosa.xform.parse.XFormParseException: XML Syntax Error at Line: 1, Column: 8267!
	at org.opendatakit.aggregate.parser.BaseFormParserForJavaRosa.parseFormDefinition(BaseFormParserForJavaRosa.java:210)
	at org.opendatakit.aggregate.parser.BaseFormParserForJavaRosa.<init>(BaseFormParserForJavaRosa.java:359)
	at org.opendatakit.briefcase.util.JavaRosaParserWrapper.<init>(JavaRosaParserWrapper.java:15)
	at org.opendatakit.briefcase.model.BriefcaseFormDefinition.<init>(BriefcaseFormDefinition.java:294)
	... 36 common frames omitted
Caused by: org.javarosa.xform.parse.XFormParseException: XML Syntax Error at Line: 1, Column: 8267!
	at org.javarosa.xform.parse.XFormParser.getXMLDocument(XFormParser.java:448)
	at org.javarosa.xform.parse.XFormParser.getXMLDocument(XFormParser.java:414)
	at org.opendatakit.aggregate.parser.BaseFormParserForJavaRosa.parseFormDefinition(BaseFormParserForJavaRosa.java:207)
	... 39 common frames omitted
2026-02-24 09:47:46,906 [ForkJoinPool-5-worker-11] INFO  o.o.b.p.a.PullFromAggregateTracker - Pull Formulário da Vigilancia Comunitaria - Submission 2 of 22 downloaded
2026-02-24 09:47:46,906 [ForkJoinPool-5-worker-11] INFO  o.o.b.p.a.PullFromAggregateTracker - Pull Formulário da Vigilancia Comunitaria - Start downloading submission 4 of 22
2026-02-24 09:47:46,914 [ForkJoinPool-5-worker-6] INFO  o.o.b.p.a.PullFromAggregateTracker - Pull Formulário da Vigilancia Hospitalar - Form downloaded
2026-02-24 09:47:46,914 [ForkJoinPool-5-worker-6] INFO  o.o.b.p.a.PullFromAggregateTracker - Pull Formulário da Vigilancia Hospitalar - Start getting submission IDs
2026-02-24 09:47:47,036 [ForkJoinPool-5-worker-15] INFO  o.o.b.p.a.PullFromAggregateTracker - Pull VIGILÂNCIA  AMBIENTAL - Form downloaded
2026-02-24 09:47:47,037 [ForkJoinPool-5-worker-15] INFO  o.o.b.p.a.PullFromAggregateTracker - Pull VIGILÂNCIA  AMBIENTAL - Start getting submission IDs
2026-02-24 09:47:47,069 [AWT-EventQueue-0] INFO  XFormParser - Reading XML and parsing with kXML2 finished in 19.786 ms
2026-02-24 09:47:47,078 [AWT-EventQueue-0] INFO  XFormParser - Consolidating text finished in 10.231 ms
2026-02-24 09:47:47,078 [AWT-EventQueue-0] INFO  XFormParser - Parsing form...
2026-02-24 09:47:47,080 [AWT-EventQueue-0] INFO  XFormParser - Title: "Formulário da Vigilancia Hospitalar"
2026-02-24 09:47:47,080 [AWT-EventQueue-0] WARN  XFormParser - XForm Parse Warning: Warning: 1 Unrecognized attributes found in Element [model] and will be ignored: [xforms-version] 
    Problem found at nodeset: /html/head/model
    With element <model xforms-version="1.0.0"><instance><data id="hospitalar_v4" version="1" prefix="hospitalar_v4" delimiter="$">...

2026-02-24 09:47:47,167 [AWT-EventQueue-0] INFO  XFormParser - Creating FormDef from parsed XML finished in 84.718 ms
2026-02-24 09:47:47,175 [AWT-EventQueue-0] ERROR XFormParser - XML Syntax Error at Line: 1, Column: 8267!
org.xmlpull.v1.XmlPullParserException: expected: /select read: input (position:END_TAG </input>@1:8267 in java.io.StringReader@10e1fc4) 
	at org.kxml2.io.KXmlParser.exception(Unknown Source)
	at org.kxml2.io.KXmlParser.error(Unknown Source)
	at org.kxml2.io.KXmlParser.parseEndTag(Unknown Source)
	at org.kxml2.io.KXmlParser.nextImpl(Unknown Source)
	at org.kxml2.io.KXmlParser.nextToken(Unknown Source)
	at org.kxml2.kdom.Element.parse(Unknown Source)
	at org.kxml2.kdom.Node.parse(Unknown Source)
	at org.kxml2.kdom.Element.parse(Unknown Source)
	at org.kxml2.kdom.Node.parse(Unknown Source)
	at org.kxml2.kdom.Element.parse(Unknown Source)
	at org.kxml2.kdom.Node.parse(Unknown Source)
	at org.kxml2.kdom.Element.parse(Unknown Source)
	at org.kxml2.kdom.Node.parse(Unknown Source)
	at org.kxml2.kdom.Element.parse(Unknown Source)
	at org.kxml2.kdom.Node.parse(Unknown Source)
	at org.kxml2.kdom.Document.parse(Unknown Source)
	at org.javarosa.xform.parse.XFormParser.getXMLDocument(XFormParser.java:444)
	at org.javarosa.xform.parse.XFormParser.getXMLDocument(XFormParser.java:414)
	at org.opendatakit.aggregate.parser.BaseFormParserForJavaRosa.parseFormDefinition(BaseFormParserForJavaRosa.java:207)
	at org.opendatakit.aggregate.parser.BaseFormParserForJavaRosa.<init>(BaseFormParserForJavaRosa.java:359)
	at org.opendatakit.briefcase.util.JavaRosaParserWrapper.<init>(JavaRosaParserWrapper.java:15)
	at org.opendatakit.briefcase.model.BriefcaseFormDefinition.<init>(BriefcaseFormDefinition.java:294)
	at org.opendatakit.briefcase.util.FormCache.lambda$update$1(FormCache.java:123)
	at java.util.stream.ForEachOps$ForEachOp$OfRef.accept(Unknown Source)
	at java.util.stream.ReferencePipeline$2$1.accept(Unknown Source)
	at java.util.Iterator.forEachRemaining(Unknown Source)
	at java.util.Spliterators$IteratorSpliterator.forEachRemaining(Unknown Source)
	at java.util.stream.AbstractPipeline.copyInto(Unknown Source)
	at java.util.stream.AbstractPipeline.wrapAndCopyInto(Unknown Source)
	at java.util.stream.ForEachOps$ForEachOp.evaluateSequential(Unknown Source)
	at java.util.stream.ForEachOps$ForEachOp$OfRef.evaluateSequential(Unknown Source)
	at java.util.stream.AbstractPipeline.evaluate(Unknown Source)
	at java.util.stream.ReferencePipeline.forEach(Unknown Source)
	at org.opendatakit.briefcase.util.FormCache.lambda$update$2(FormCache.java:117)
	at java.util.Optional.ifPresent(Unknown Source)
	at org.opendatakit.briefcase.util.FormCache.update(FormCache.java:113)
	at org.opendatakit.briefcase.util.FormCache.onPullSuccess(FormCache.java:150)
	at sun.reflect.GeneratedMethodAccessor11.invoke(Unknown Source)
	at sun.reflect.DelegatingMethodAccessorImpl.invoke(Unknown Source)
	at java.lang.reflect.Method.invoke(Unknown Source)
	at org.bushe.swing.event.annotation.BaseProxySubscriber.onEvent(BaseProxySubscriber.java:69)
	at org.bushe.swing.event.ThreadSafeEventService.publish(ThreadSafeEventService.java:971)
	at org.bushe.swing.event.SwingEventService.access$001(SwingEventService.java:31)
	at org.bushe.swing.event.SwingEventService$1.run(SwingEventService.java:88)
	at java.awt.event.InvocationEvent.dispatch(Unknown Source)
	at java.awt.EventQueue.dispatchEventImpl(Unknown Source)
	at java.awt.EventQueue.access$500(Unknown Source)
	at java.awt.EventQueue$3.run(Unknown Source)
	at java.awt.EventQueue$3.run(Unknown Source)
	at java.security.AccessController.doPrivileged(Native Method)
	at java.security.ProtectionDomain$JavaSecurityAccessImpl.doIntersectionPrivilege(Unknown Source)
	at java.awt.EventQueue.dispatchEvent(Unknown Source)
	at java.awt.EventDispatchThread.pumpOneEventForFilters(Unknown Source)
	at java.awt.EventDispatchThread.pumpEventsForFilter(Unknown Source)
	at java.awt.EventDispatchThread.pumpEventsForHierarchy(Unknown Source)
	at java.awt.EventDispatchThread.pumpEvents(Unknown Source)
	at java.awt.EventDispatchThread.pumpEvents(Unknown Source)
	at java.awt.EventDispatchThread.run(Unknown Source)
2026-02-24 09:47:47,176 [AWT-EventQueue-0] WARN  o.o.briefcase.util.FormCache - Can't parse form file
org.opendatakit.briefcase.util.BadFormDefinition: org.opendatakit.aggregate.exception.ODKIncompleteSubmissionData: org.javarosa.xform.parse.XFormParseException: XML Syntax Error at Line: 1, Column: 8267!
	at org.opendatakit.briefcase.model.BriefcaseFormDefinition.<init>(BriefcaseFormDefinition.java:297)
	at org.opendatakit.briefcase.util.FormCache.lambda$update$1(FormCache.java:123)
	at java.util.stream.ForEachOps$ForEachOp$OfRef.accept(Unknown Source)
	at java.util.stream.ReferencePipeline$2$1.accept(Unknown Source)
	at java.util.Iterator.forEachRemaining(Unknown Source)
	at java.util.Spliterators$IteratorSpliterator.forEachRemaining(Unknown Source)
	at java.util.stream.AbstractPipeline.copyInto(Unknown Source)
	at java.util.stream.AbstractPipeline.wrapAndCopyInto(Unknown Source)
	at java.util.stream.ForEachOps$ForEachOp.evaluateSequential(Unknown Source)
	at java.util.stream.ForEachOps$ForEachOp$OfRef.evaluateSequential(Unknown Source)
	at java.util.stream.AbstractPipeline.evaluate(Unknown Source)
	at java.util.stream.ReferencePipeline.forEach(Unknown Source)
	at org.opendatakit.briefcase.util.FormCache.lambda$update$2(FormCache.java:117)
	at java.util.Optional.ifPresent(Unknown Source)
	at org.opendatakit.briefcase.util.FormCache.update(FormCache.java:113)
	at org.opendatakit.briefcase.util.FormCache.onPullSuccess(FormCache.java:150)
	at sun.reflect.GeneratedMethodAccessor11.invoke(Unknown Source)
	at sun.reflect.DelegatingMethodAccessorImpl.invoke(Unknown Source)
	at java.lang.reflect.Method.invoke(Unknown Source)
	at org.bushe.swing.event.annotation.BaseProxySubscriber.onEvent(BaseProxySubscriber.java:69)
	at org.bushe.swing.event.ThreadSafeEventService.publish(ThreadSafeEventService.java:971)
	at org.bushe.swing.event.SwingEventService.access$001(SwingEventService.java:31)
	at org.bushe.swing.event.SwingEventService$1.run(SwingEventService.java:88)
	at java.awt.event.InvocationEvent.dispatch(Unknown Source)
	at java.awt.EventQueue.dispatchEventImpl(Unknown Source)
	at java.awt.EventQueue.access$500(Unknown Source)
	at java.awt.EventQueue$3.run(Unknown Source)
	at java.awt.EventQueue$3.run(Unknown Source)
	at java.security.AccessController.doPrivileged(Native Method)
	at java.security.ProtectionDomain$JavaSecurityAccessImpl.doIntersectionPrivilege(Unknown Source)
	at java.awt.EventQueue.dispatchEvent(Unknown Source)
	at java.awt.EventDispatchThread.pumpOneEventForFilters(Unknown Source)
	at java.awt.EventDispatchThread.pumpEventsForFilter(Unknown Source)
	at java.awt.EventDispatchThread.pumpEventsForHierarchy(Unknown Source)
	at java.awt.EventDispatchThread.pumpEvents(Unknown Source)
	at java.awt.EventDispatchThread.pumpEvents(Unknown Source)
	at java.awt.EventDispatchThread.run(Unknown Source)
Caused by: org.opendatakit.aggregate.exception.ODKIncompleteSubmissionData: org.javarosa.xform.parse.XFormParseException: XML Syntax Error at Line: 1, Column: 8267!
	at org.opendatakit.aggregate.parser.BaseFormParserForJavaRosa.parseFormDefinition(BaseFormParserForJavaRosa.java:210)
	at org.opendatakit.aggregate.parser.BaseFormParserForJavaRosa.<init>(BaseFormParserForJavaRosa.java:359)
	at org.opendatakit.briefcase.util.JavaRosaParserWrapper.<init>(JavaRosaParserWrapper.java:15)
	at org.opendatakit.briefcase.model.BriefcaseFormDefinition.<init>(BriefcaseFormDefinition.java:294)
	... 36 common frames omitted
Caused by: org.javarosa.xform.parse.XFormParseException: XML Syntax Error at Line: 1, Column: 8267!
	at org.javarosa.xform.parse.XFormParser.getXMLDocument(XFormParser.java:448)
	at org.javarosa.xform.parse.XFormParser.getXMLDocument(XFormParser.java:414)
	at org.opendatakit.aggregate.parser.BaseFormParserForJavaRosa.parseFormDefinition(BaseFormParserForJavaRosa.java:207)
	... 39 common frames omitted
2026-02-24 09:47:47,190 [AWT-EventQueue-0] INFO  XFormParser - Reading XML and parsing with kXML2 finished in 2.669 ms
2026-02-24 09:47:47,194 [AWT-EventQueue-0] INFO  XFormParser - Consolidating text finished in 2.154 ms
2026-02-24 09:47:47,194 [AWT-EventQueue-0] INFO  XFormParser - Parsing form...
2026-02-24 09:47:47,194 [AWT-EventQueue-0] INFO  XFormParser - Title: "VIGILÂNCIA  AMBIENTAL"
2026-02-24 09:47:47,194 [AWT-EventQueue-0] WARN  XFormParser - XForm Parse Warning: Warning: 1 Unrecognized attributes found in Element [model] and will be ignored: [xforms-version] 
    Problem found at nodeset: /html/head/model
    With element <model xforms-version="1.0.0"><instance><data id="VIGILÂNCIA AMBIENTAL_v4" version="4" prefix="VIGILÂNCIA AMBIENTAL_v4" delimiter="$">...

2026-02-24 09:47:47,213 [AWT-EventQueue-0] INFO  XFormParser - Creating FormDef from parsed XML finished in 20.029 ms
2026-02-24 09:47:47,236 [ForkJoinPool-5-worker-10] INFO  o.o.b.p.a.PullFromAggregateTracker - Pull Formulário da Vigilancia Hospitalar - Form downloaded
2026-02-24 09:47:47,238 [ForkJoinPool-5-worker-10] INFO  o.o.b.p.a.PullFromAggregateTracker - Pull Formulário da Vigilancia Hospitalar - Start getting submission IDs
2026-02-24 09:47:47,253 [ForkJoinPool-5-worker-4] INFO  o.o.b.p.a.PullFromAggregateTracker - Pull Formulário da Vigilancia Comunitaria - Submission 3 of 22 downloaded
2026-02-24 09:47:47,255 [ForkJoinPool-5-worker-4] INFO  o.o.b.p.a.PullFromAggregateTracker - Pull Formulário da Vigilancia Comunitaria - Start downloading submission 5 of 22
2026-02-24 09:47:47,285 [ForkJoinPool-5-worker-13] INFO  o.o.b.p.a.PullFromAggregateTracker - Pull Resultados de testagem das vigilâncias - Form downloaded
2026-02-24 09:47:47,285 [ForkJoinPool-5-worker-13] INFO  o.o.b.p.a.PullFromAggregateTracker - Pull Resultados de testagem das vigilâncias - Start getting submission IDs
2026-02-24 09:47:47,327 [ForkJoinPool-5-worker-1] INFO  o.o.b.p.a.PullFromAggregateTracker - Pull Formulário da Vigilancia Hospitalar - Laboratório - Form downloaded
2026-02-24 09:47:47,327 [ForkJoinPool-5-worker-1] INFO  o.o.b.p.a.PullFromAggregateTracker - Pull Formulário da Vigilancia Hospitalar - Laboratório - Start getting submission IDs
2026-02-24 09:47:47,337 [AWT-EventQueue-0] INFO  XFormParser - Reading XML and parsing with kXML2 finished in 34.268 ms
2026-02-24 09:47:47,348 [AWT-EventQueue-0] INFO  XFormParser - Consolidating text finished in 10.698 ms
2026-02-24 09:47:47,348 [AWT-EventQueue-0] INFO  XFormParser - Parsing form...
2026-02-24 09:47:47,348 [AWT-EventQueue-0] INFO  XFormParser - Title: "Formulário da Vigilancia Hospitalar"
2026-02-24 09:47:47,351 [AWT-EventQueue-0] WARN  XFormParser - XForm Parse Warning: Warning: 1 Unrecognized attributes found in Element [model] and will be ignored: [xforms-version] 
    Problem found at nodeset: /html/head/model
    With element <model xforms-version="1.0.0"><instance><data id="hospitalar_v6" version="6" prefix="hospitalar_v6" delimiter="$">...

2026-02-24 09:47:47,362 [ForkJoinPool-5-worker-9] INFO  o.o.b.p.a.PullFromAggregateTracker - Pull Formulário da Vigilancia Hospitalar - Form downloaded
2026-02-24 09:47:47,362 [ForkJoinPool-5-worker-9] INFO  o.o.b.p.a.PullFromAggregateTracker - Pull Formulário da Vigilancia Hospitalar - Start getting form manifest
2026-02-24 09:47:47,439 [ForkJoinPool-5-worker-11] INFO  o.o.b.p.a.PullFromAggregateTracker - Pull Formulário da Vigilancia Comunitaria - Submission 4 of 22 downloaded
2026-02-24 09:47:47,441 [ForkJoinPool-5-worker-11] INFO  o.o.b.p.a.PullFromAggregateTracker - Pull Formulário da Vigilancia Comunitaria - Start downloading submission 6 of 22
2026-02-24 09:47:47,459 [AWT-EventQueue-0] INFO  XFormParser - Creating FormDef from parsed XML finished in 110.609 ms
2026-02-24 09:47:47,464 [AWT-EventQueue-0] INFO  XFormParser - Reading XML and parsing with kXML2 finished in 1.458 ms
2026-02-24 09:47:47,464 [AWT-EventQueue-0] INFO  XFormParser - Consolidating text finished in 0.497 ms
2026-02-24 09:47:47,464 [AWT-EventQueue-0] INFO  XFormParser - Parsing form...
2026-02-24 09:47:47,464 [AWT-EventQueue-0] INFO  XFormParser - Title: "Formulário da Vigilancia Hospitalar - Laboratório"
2026-02-24 09:47:47,464 [AWT-EventQueue-0] WARN  XFormParser - XForm Parse Warning: Warning: 1 Unrecognized attributes found in Element [model] and will be ignored: [xforms-version] 
    Problem found at nodeset: /html/head/model
    With element <model xforms-version="1.0.0"><instance><data id="hospitalar_ib_v2" version="1" prefix="hospitalar_ib_v2" delimiter="$">...

2026-02-24 09:47:47,474 [ForkJoinPool-5-worker-6] INFO  o.o.b.p.a.PullFromAggregateTracker - Pull Formulário da Vigilancia Hospitalar - Got all the submission IDs
2026-02-24 09:47:47,477 [AWT-EventQueue-0] INFO  XFormParser - Creating FormDef from parsed XML finished in 11.914 ms
2026-02-24 09:47:47,495 [ForkJoinPool-5-worker-15] INFO  o.o.b.p.a.PullFromAggregateTracker - Pull VIGILÂNCIA  AMBIENTAL - Got all the submission IDs
2026-02-24 09:47:47,498 [AWT-EventQueue-0] INFO  XFormParser - Reading XML and parsing with kXML2 finished in 3.306 ms
2026-02-24 09:47:47,505 [ForkJoinPool-5-worker-15] INFO  o.o.b.p.a.PullFromAggregateTracker - Push VIGILÂNCIA  AMBIENTAL - There are no submissions to download
2026-02-24 09:47:47,505 [AWT-EventQueue-0] INFO  XFormParser - Consolidating text finished in 7.226 ms
2026-02-24 09:47:47,507 [AWT-EventQueue-0] INFO  XFormParser - Parsing form...
2026-02-24 09:47:47,507 [AWT-EventQueue-0] INFO  XFormParser - Title: "Resultados de testagem das vigilâncias"
2026-02-24 09:47:47,507 [AWT-EventQueue-0] WARN  XFormParser - XForm Parse Warning: Warning: 1 Unrecognized attributes found in Element [model] and will be ignored: [xforms-version] 
    Problem found at nodeset: /html/head/model
    With element <model xforms-version="1.0.0"><instance><data id="hospitalar_LB_v2" version="2" prefix="Hospitalar LB_v2" delimiter="$">...

2026-02-24 09:47:47,507 [ForkJoinPool-5-worker-15] INFO  o.o.b.p.a.PullFromAggregateTracker - Pull VIGILÂNCIA  AMBIENTAL - Success
2026-02-24 09:47:47,512 [ForkJoinPool-5-worker-15] INFO  o.o.b.p.a.PullFromAggregateTracker - Pull Formulário da Vigilancia Hospitalar - Laboratório - Start pulling form and submissions
2026-02-24 09:47:47,512 [ForkJoinPool-5-worker-15] INFO  o.o.b.p.a.PullFromAggregateTracker - Pull Formulário da Vigilancia Hospitalar - Laboratório - Start downloading form
2026-02-24 09:47:47,571 [ForkJoinPool-5-worker-4] INFO  o.o.b.p.a.PullFromAggregateTracker - Pull Formulário da Vigilancia Comunitaria - Submission 5 of 22 downloaded
2026-02-24 09:47:47,573 [ForkJoinPool-5-worker-4] INFO  o.o.b.p.a.PullFromAggregateTracker - Pull Formulário da Vigilancia Comunitaria - Start downloading submission 7 of 22
2026-02-24 09:47:47,632 [ForkJoinPool-5-worker-6] INFO  o.o.b.p.a.PullFromAggregateTracker - Push Formulário da Vigilancia Hospitalar - There are no submissions to download
2026-02-24 09:47:47,635 [ForkJoinPool-5-worker-6] INFO  o.o.b.p.a.PullFromAggregateTracker - Pull Formulário da Vigilancia Hospitalar - Success
2026-02-24 09:47:47,647 [ForkJoinPool-5-worker-6] INFO  o.o.b.p.a.PullFromAggregateTracker - Pull Formulário da Vigilancia Comunitaria - Start downloading submission 8 of 22
2026-02-24 09:47:47,656 [ForkJoinPool-5-worker-13] INFO  o.o.b.p.a.PullFromAggregateTracker - Pull Resultados de testagem das vigilâncias - Got all the submission IDs
2026-02-24 09:47:47,669 [AWT-EventQueue-0] INFO  XFormParser - Creating FormDef from parsed XML finished in 157.872 ms
2026-02-24 09:47:47,673 [ForkJoinPool-5-worker-13] INFO  o.o.b.p.a.PullFromAggregateTracker - Push Resultados de testagem das vigilâncias - There are no submissions to download
2026-02-24 09:47:47,673 [ForkJoinPool-5-worker-13] INFO  o.o.b.p.a.PullFromAggregateTracker - Pull Resultados de testagem das vigilâncias - Success
2026-02-24 09:47:47,673 [ForkJoinPool-5-worker-13] INFO  o.o.b.p.a.PullFromAggregateTracker - Pull Formulário da Vigilancia Comunitaria - Start downloading submission 9 of 22
2026-02-24 09:47:47,684 [ForkJoinPool-5-worker-1] INFO  o.o.b.p.a.PullFromAggregateTracker - Pull Formulário da Vigilancia Hospitalar - Laboratório - Got all the submission IDs
2026-02-24 09:47:47,687 [ForkJoinPool-5-worker-1] INFO  o.o.b.p.a.PullFromAggregateTracker - Push Formulário da Vigilancia Hospitalar - Laboratório - There are no submissions to download
2026-02-24 09:47:47,688 [ForkJoinPool-5-worker-1] INFO  o.o.b.p.a.PullFromAggregateTracker - Pull Formulário da Vigilancia Hospitalar - Laboratório - Success
2026-02-24 09:47:47,690 [ForkJoinPool-5-worker-1] INFO  o.o.b.p.a.PullFromAggregateTracker - Pull Formulário da Vigilancia Comunitaria - Start downloading submission 10 of 22
2026-02-24 09:47:47,712 [ForkJoinPool-5-worker-9] INFO  o.o.b.p.a.PullFromAggregateTracker - Pull Formulário da Vigilancia Hospitalar - Got the form manifest
2026-02-24 09:47:47,720 [ForkJoinPool-5-worker-9] INFO  o.o.b.p.a.PullFromAggregateTracker - Pull Formulário da Vigilancia Hospitalar - Skipping 1 form attachments that have been already downloaded
2026-02-24 09:47:47,720 [ForkJoinPool-5-worker-9] INFO  o.o.b.p.a.PullFromAggregateTracker - Pull Formulário da Vigilancia Hospitalar - Start getting submission IDs
2026-02-24 09:47:47,786 [ForkJoinPool-5-worker-15] INFO  o.o.b.p.a.PullFromAggregateTracker - Pull Formulário da Vigilancia Hospitalar - Laboratório - Form downloaded
2026-02-24 09:47:47,786 [ForkJoinPool-5-worker-11] INFO  o.o.b.p.a.PullFromAggregateTracker - Pull Formulário da Vigilancia Comunitaria - Submission 6 of 22 downloaded
2026-02-24 09:47:47,788 [ForkJoinPool-5-worker-15] INFO  o.o.b.p.a.PullFromAggregateTracker - Pull Formulário da Vigilancia Hospitalar - Laboratório - Start getting submission IDs
2026-02-24 09:47:47,788 [ForkJoinPool-5-worker-11] INFO  o.o.b.p.a.PullFromAggregateTracker - Pull Formulário da Vigilancia Comunitaria - Start downloading submission 11 of 22
2026-02-24 09:47:47,801 [AWT-EventQueue-0] INFO  XFormParser - Reading XML and parsing with kXML2 finished in 24.462 ms
2026-02-24 09:47:47,812 [AWT-EventQueue-0] INFO  XFormParser - Consolidating text finished in 8.521 ms
2026-02-24 09:47:47,812 [AWT-EventQueue-0] INFO  XFormParser - Parsing form...
2026-02-24 09:47:47,812 [AWT-EventQueue-0] INFO  XFormParser - Title: "Formulário da Vigilancia Hospitalar"
2026-02-24 09:47:47,812 [AWT-EventQueue-0] WARN  XFormParser - XForm Parse Warning: Warning: 1 Unrecognized attributes found in Element [model] and will be ignored: [xforms-version] 
    Problem found at nodeset: /html/head/model
    With element <model xforms-version="1.0.0"><instance><data id="hospitalar" version="1" prefix="Hospitalar" delimiter="$">...

2026-02-24 09:47:47,822 [ForkJoinPool-5-worker-2] INFO  o.o.b.p.a.PullFromAggregateTracker - Pull Formulário da Vigilancia Comunitaria - Form downloaded
2026-02-24 09:47:47,823 [ForkJoinPool-5-worker-2] INFO  o.o.b.p.a.PullFromAggregateTracker - Pull Formulário da Vigilancia Comunitaria - Start getting submission IDs
2026-02-24 09:47:47,888 [ForkJoinPool-5-worker-10] INFO  o.o.b.p.a.PullFromAggregateTracker - Pull Formulário da Vigilancia Hospitalar - Got all the submission IDs
2026-02-24 09:47:47,890 [AWT-EventQueue-0] INFO  XFormParser - Creating FormDef from parsed XML finished in 77.892 ms
2026-02-24 09:47:47,894 [AWT-EventQueue-0] INFO  XFormParser - Reading XML and parsing with kXML2 finished in 0.609 ms
2026-02-24 09:47:47,895 [AWT-EventQueue-0] INFO  XFormParser - Consolidating text finished in 1.490 ms
2026-02-24 09:47:47,895 [AWT-EventQueue-0] INFO  XFormParser - Parsing form...
2026-02-24 09:47:47,895 [AWT-EventQueue-0] INFO  XFormParser - Title: "Formulário da Vigilancia Hospitalar - Laboratório"
2026-02-24 09:47:47,895 [AWT-EventQueue-0] WARN  XFormParser - XForm Parse Warning: Warning: 1 Unrecognized attributes found in Element [model] and will be ignored: [xforms-version] 
    Problem found at nodeset: /html/head/model
    With element <model xforms-version="1.0.0"><instance><data id="hospitalar_ib_v3" version="3" prefix="hospitalar_ib_v3" delimiter="$">...

2026-02-24 09:47:47,907 [AWT-EventQueue-0] INFO  XFormParser - Creating FormDef from parsed XML finished in 10.736 ms
2026-02-24 09:47:47,907 [ForkJoinPool-5-worker-4] INFO  o.o.b.p.a.PullFromAggregateTracker - Pull Formulário da Vigilancia Comunitaria - Submission 7 of 22 downloaded
2026-02-24 09:47:47,909 [ForkJoinPool-5-worker-4] INFO  o.o.b.p.a.PullFromAggregateTracker - Pull Formulário da Vigilancia Comunitaria - Start downloading submission 12 of 22
2026-02-24 09:47:47,927 [ForkJoinPool-5-worker-6] INFO  o.o.b.p.a.PullFromAggregateTracker - Pull Formulário da Vigilancia Comunitaria - Submission 8 of 22 downloaded
2026-02-24 09:47:47,929 [ForkJoinPool-5-worker-6] INFO  o.o.b.p.a.PullFromAggregateTracker - Pull Formulário da Vigilancia Comunitaria - Start downloading submission 13 of 22
2026-02-24 09:47:48,063 [ForkJoinPool-5-worker-9] INFO  o.o.b.p.a.PullFromAggregateTracker - Pull Formulário da Vigilancia Hospitalar - Got all the submission IDs
2026-02-24 09:47:48,074 [ForkJoinPool-5-worker-1] INFO  o.o.b.p.a.PullFromAggregateTracker - Pull Formulário da Vigilancia Comunitaria - Submission 10 of 22 downloaded
2026-02-24 09:47:48,074 [ForkJoinPool-5-worker-13] INFO  o.o.b.p.a.PullFromAggregateTracker - Pull Formulário da Vigilancia Comunitaria - Submission 9 of 22 downloaded
2026-02-24 09:47:48,076 [ForkJoinPool-5-worker-13] INFO  o.o.b.p.a.PullFromAggregateTracker - Pull Formulário da Vigilancia Comunitaria - Start downloading submission 14 of 22
2026-02-24 09:47:48,083 [ForkJoinPool-5-worker-1] INFO  o.o.b.p.a.PullFromAggregateTracker - Pull Formulário da Vigilancia Comunitaria - Start downloading submission 15 of 22
2026-02-24 09:47:48,111 [ForkJoinPool-5-worker-8] INFO  o.o.b.p.a.PullFromAggregateTracker - Pull Formulário da Vigilancia Comunitaria - Form downloaded
2026-02-24 09:47:48,111 [ForkJoinPool-5-worker-8] INFO  o.o.b.p.a.PullFromAggregateTracker - Pull Formulário da Vigilancia Comunitaria - Start getting submission IDs
2026-02-24 09:47:48,135 [ForkJoinPool-5-worker-10] INFO  o.o.b.p.a.PullFromAggregateTracker - Pull Formulário da Vigilancia Hospitalar - Start downloading submission 1 of 9
2026-02-24 09:47:48,148 [ForkJoinPool-5-worker-11] INFO  o.o.b.p.a.PullFromAggregateTracker - Pull Formulário da Vigilancia Comunitaria - Submission 11 of 22 downloaded
2026-02-24 09:47:48,150 [ForkJoinPool-5-worker-11] INFO  o.o.b.p.a.PullFromAggregateTracker - Pull Formulário da Vigilancia Comunitaria - Start downloading submission 16 of 22
2026-02-24 09:47:48,217 [ForkJoinPool-5-worker-9] INFO  o.o.b.p.a.PullFromAggregateTracker - Push Formulário da Vigilancia Hospitalar - There are no submissions to download
2026-02-24 09:47:48,219 [ForkJoinPool-5-worker-9] INFO  o.o.b.p.a.PullFromAggregateTracker - Pull Formulário da Vigilancia Hospitalar - Success
2026-02-24 09:47:48,222 [ForkJoinPool-5-worker-9] INFO  o.o.b.p.a.PullFromAggregateTracker - Pull Formulário da Vigilancia Comunitaria - Start downloading submission 17 of 22
2026-02-24 09:47:48,280 [ForkJoinPool-5-worker-4] INFO  o.o.b.p.a.PullFromAggregateTracker - Pull Formulário da Vigilancia Comunitaria - Submission 12 of 22 downloaded
2026-02-24 09:47:48,282 [ForkJoinPool-5-worker-4] INFO  o.o.b.p.a.PullFromAggregateTracker - Pull Formulário da Vigilancia Comunitaria - Start downloading submission 18 of 22
2026-02-24 09:47:48,282 [AWT-EventQueue-0] INFO  XFormParser - Reading XML and parsing with kXML2 finished in 22.953 ms
2026-02-24 09:47:48,289 [ForkJoinPool-5-worker-6] INFO  o.o.b.p.a.PullFromAggregateTracker - Pull Formulário da Vigilancia Comunitaria - Submission 13 of 22 downloaded
2026-02-24 09:47:48,291 [ForkJoinPool-5-worker-6] INFO  o.o.b.p.a.PullFromAggregateTracker - Pull Formulário da Vigilancia Comunitaria - Start downloading submission 19 of 22
2026-02-24 09:47:48,292 [AWT-EventQueue-0] INFO  XFormParser - Consolidating text finished in 10.019 ms
2026-02-24 09:47:48,294 [AWT-EventQueue-0] INFO  XFormParser - Parsing form...
2026-02-24 09:47:48,294 [AWT-EventQueue-0] INFO  XFormParser - Title: "Formulário da Vigilancia Comunitaria"
2026-02-24 09:47:48,294 [AWT-EventQueue-0] WARN  XFormParser - XForm Parse Warning: Warning: 1 Unrecognized attributes found in Element [model] and will be ignored: [xforms-version] 
    Problem found at nodeset: /html/head/model
    With element <model xforms-version="1.0.0"><instance><data id="Comunidade_v3" version="1" prefix="Comunidade_v3" delimiter="$">...

2026-02-24 09:47:48,307 [ForkJoinPool-5-worker-13] INFO  o.o.b.p.a.PullFromAggregateTracker - Pull Formulário da Vigilancia Comunitaria - Submission 14 of 22 downloaded
2026-02-24 09:47:48,311 [ForkJoinPool-5-worker-13] INFO  o.o.b.p.a.PullFromAggregateTracker - Pull Formulário da Vigilancia Comunitaria - Start downloading submission 20 of 22
2026-02-24 09:47:48,313 [ForkJoinPool-5-worker-1] INFO  o.o.b.p.a.PullFromAggregateTracker - Pull Formulário da Vigilancia Comunitaria - Submission 15 of 22 downloaded
2026-02-24 09:47:48,314 [ForkJoinPool-5-worker-1] INFO  o.o.b.p.a.PullFromAggregateTracker - Pull Formulário da Vigilancia Comunitaria - Start downloading submission 21 of 22
2026-02-24 09:47:48,332 [ForkJoinPool-5-worker-15] INFO  o.o.b.p.a.PullFromAggregateTracker - Pull Formulário da Vigilancia Hospitalar - Laboratório - Got all the submission IDs
2026-02-24 09:47:48,337 [ForkJoinPool-5-worker-15] INFO  o.o.b.p.a.PullFromAggregateTracker - Pull Formulário da Vigilancia Hospitalar - Laboratório - Start downloading submission 1 of 9
2026-02-24 09:47:48,359 [AWT-EventQueue-0] INFO  XFormParser - Creating FormDef from parsed XML finished in 66.189 ms
2026-02-24 09:47:48,369 [ForkJoinPool-5-worker-8] INFO  o.o.b.p.a.PullFromAggregateTracker - Pull Formulário da Vigilancia Comunitaria - Got all the submission IDs
2026-02-24 09:47:48,419 [ForkJoinPool-5-worker-10] INFO  o.o.b.p.a.PullFromAggregateTracker - Pull Formulário da Vigilancia Hospitalar - Submission 1 of 9 downloaded
2026-02-24 09:47:48,421 [ForkJoinPool-5-worker-10] INFO  o.o.b.p.a.PullFromAggregateTracker - Pull Formulário da Vigilancia Hospitalar - Start downloading submission 2 of 9
2026-02-24 09:47:48,488 [ForkJoinPool-5-worker-8] INFO  o.o.b.p.a.PullFromAggregateTracker - Push Formulário da Vigilancia Comunitaria - There are no submissions to download
2026-02-24 09:47:48,489 [ForkJoinPool-5-worker-8] INFO  o.o.b.p.a.PullFromAggregateTracker - Pull Formulário da Vigilancia Comunitaria - Success
2026-02-24 09:47:48,494 [ForkJoinPool-5-worker-8] INFO  o.o.b.p.a.PullFromAggregateTracker - Pull Formulário da Vigilancia Hospitalar - Start downloading submission 3 of 9
2026-02-24 09:47:48,510 [ForkJoinPool-5-worker-11] INFO  o.o.b.p.a.PullFromAggregateTracker - Pull Formulário da Vigilancia Comunitaria - Submission 16 of 22 downloaded
2026-02-24 09:47:48,512 [ForkJoinPool-5-worker-11] INFO  o.o.b.p.a.PullFromAggregateTracker - Pull Formulário da Vigilancia Comunitaria - Start downloading submission 22 of 22
2026-02-24 09:47:48,513 [ForkJoinPool-5-worker-2] INFO  o.o.b.p.a.PullFromAggregateTracker - Pull Formulário da Vigilancia Comunitaria - Got all the submission IDs
2026-02-24 09:47:48,526 [ForkJoinPool-5-worker-9] INFO  o.o.b.p.a.PullFromAggregateTracker - Pull Formulário da Vigilancia Comunitaria - Submission 17 of 22 downloaded
2026-02-24 09:47:48,529 [ForkJoinPool-5-worker-9] INFO  o.o.b.p.a.PullFromAggregateTracker - Pull Formulário da Vigilancia Hospitalar - Laboratório - Start downloading submission 2 of 9
2026-02-24 09:47:48,539 [ForkJoinPool-5-worker-4] INFO  o.o.b.p.a.PullFromAggregateTracker - Pull Formulário da Vigilancia Comunitaria - Submission 18 of 22 downloaded
2026-02-24 09:47:48,549 [ForkJoinPool-5-worker-6] INFO  o.o.b.p.a.PullFromAggregateTracker - Pull Formulário da Vigilancia Comunitaria - Submission 19 of 22 downloaded
2026-02-24 09:47:48,551 [ForkJoinPool-5-worker-6] INFO  o.o.b.p.a.PullFromAggregateTracker - Pull Formulário da Vigilancia Hospitalar - Laboratório - Start downloading submission 3 of 9
2026-02-24 09:47:48,611 [ForkJoinPool-5-worker-13] INFO  o.o.b.p.a.PullFromAggregateTracker - Pull Formulário da Vigilancia Comunitaria - Submission 20 of 22 downloaded
2026-02-24 09:47:48,615 [ForkJoinPool-5-worker-13] INFO  o.o.b.p.a.PullFromAggregateTracker - Pull Formulário da Vigilancia Hospitalar - Start downloading submission 4 of 9
2026-02-24 09:47:48,632 [ForkJoinPool-5-worker-1] INFO  o.o.b.p.a.PullFromAggregateTracker - Pull Formulário da Vigilancia Comunitaria - Submission 21 of 22 downloaded
2026-02-24 09:47:48,635 [ForkJoinPool-5-worker-1] INFO  o.o.b.p.a.PullFromAggregateTracker - Pull Formulário da Vigilancia Hospitalar - Start downloading submission 5 of 9
2026-02-24 09:47:48,676 [ForkJoinPool-5-worker-2] INFO  o.o.b.p.a.PullFromAggregateTracker - Pull Formulário da Vigilancia Comunitaria - Start downloading submission 1 of 3
2026-02-24 09:47:48,734 [ForkJoinPool-5-worker-15] INFO  o.o.b.p.a.PullFromAggregateTracker - Pull Formulário da Vigilancia Hospitalar - Laboratório - Submission 1 of 9 downloaded
2026-02-24 09:47:48,737 [ForkJoinPool-5-worker-15] INFO  o.o.b.p.a.PullFromAggregateTracker - Pull Formulário da Vigilancia Hospitalar - Laboratório - Start downloading submission 4 of 9
2026-02-24 09:47:48,760 [ForkJoinPool-5-worker-9] INFO  o.o.b.p.a.PullFromAggregateTracker - Pull Formulário da Vigilancia Hospitalar - Laboratório - Submission 2 of 9 downloaded
2026-02-24 09:47:48,762 [ForkJoinPool-5-worker-11] INFO  o.o.b.p.a.PullFromAggregateTracker - Pull Formulário da Vigilancia Comunitaria - Submission 22 of 22 downloaded
2026-02-24 09:47:48,762 [ForkJoinPool-5-worker-10] INFO  o.o.b.p.a.PullFromAggregateTracker - Pull Formulário da Vigilancia Hospitalar - Submission 2 of 9 downloaded
2026-02-24 09:47:48,762 [ForkJoinPool-5-worker-8] INFO  o.o.b.p.a.PullFromAggregateTracker - Pull Formulário da Vigilancia Hospitalar - Submission 3 of 9 downloaded
2026-02-24 09:47:48,764 [ForkJoinPool-5-worker-9] INFO  o.o.b.p.a.PullFromAggregateTracker - Pull Formulário da Vigilancia Hospitalar - Laboratório - Start downloading submission 5 of 9
2026-02-24 09:47:48,764 [ForkJoinPool-5-worker-10] INFO  o.o.b.p.a.PullFromAggregateTracker - Pull Formulário da Vigilancia Hospitalar - Start downloading submission 6 of 9
2026-02-24 09:47:48,766 [ForkJoinPool-5-worker-11] INFO  o.o.b.p.a.PullFromAggregateTracker - Pull Formulário da Vigilancia Comunitaria - Start downloading submission 2 of 3
2026-02-24 09:47:48,766 [ForkJoinPool-5-worker-4] INFO  o.o.b.p.a.PullFromAggregateTracker - Pull Formulário da Vigilancia Comunitaria - Success
2026-02-24 09:47:48,769 [ForkJoinPool-5-worker-8] INFO  o.o.b.p.a.PullFromAggregateTracker - Pull Formulário da Vigilancia Hospitalar - Start downloading submission 7 of 9
2026-02-24 09:47:48,777 [ForkJoinPool-5-worker-4] INFO  o.o.b.p.a.PullFromAggregateTracker - Pull Formulário da Vigilancia Comunitaria - Start downloading submission 3 of 3
2026-02-24 09:47:48,875 [ForkJoinPool-5-worker-6] INFO  o.o.b.p.a.PullFromAggregateTracker - Pull Formulário da Vigilancia Hospitalar - Laboratório - Submission 3 of 9 downloaded
2026-02-24 09:47:48,877 [ForkJoinPool-5-worker-6] INFO  o.o.b.p.a.PullFromAggregateTracker - Pull Formulário da Vigilancia Hospitalar - Laboratório - Start downloading submission 6 of 9
2026-02-24 09:47:48,880 [ForkJoinPool-5-worker-13] INFO  o.o.b.p.a.PullFromAggregateTracker - Pull Formulário da Vigilancia Hospitalar - Submission 4 of 9 downloaded
2026-02-24 09:47:48,884 [ForkJoinPool-5-worker-13] INFO  o.o.b.p.a.PullFromAggregateTracker - Pull Formulário da Vigilancia Hospitalar - Start downloading submission 8 of 9
2026-02-24 09:47:48,978 [ForkJoinPool-5-worker-15] INFO  o.o.b.p.a.PullFromAggregateTracker - Pull Formulário da Vigilancia Hospitalar - Laboratório - Submission 4 of 9 downloaded
2026-02-24 09:47:48,978 [ForkJoinPool-5-worker-15] INFO  o.o.b.p.a.PullFromAggregateTracker - Pull Formulário da Vigilancia Hospitalar - Laboratório - Start downloading submission 7 of 9
2026-02-24 09:47:48,981 [ForkJoinPool-5-worker-1] INFO  o.o.b.p.a.PullFromAggregateTracker - Pull Formulário da Vigilancia Hospitalar - Submission 5 of 9 downloaded
2026-02-24 09:47:48,982 [ForkJoinPool-5-worker-1] INFO  o.o.b.p.a.PullFromAggregateTracker - Pull Formulário da Vigilancia Hospitalar - Start downloading submission 9 of 9
2026-02-24 09:47:48,988 [ForkJoinPool-5-worker-2] INFO  o.o.b.p.a.PullFromAggregateTracker - Pull Formulário da Vigilancia Comunitaria - Submission 1 of 3 downloaded
2026-02-24 09:47:48,990 [ForkJoinPool-5-worker-9] INFO  o.o.b.p.a.PullFromAggregateTracker - Pull Formulário da Vigilancia Hospitalar - Laboratório - Submission 5 of 9 downloaded
2026-02-24 09:47:48,990 [ForkJoinPool-5-worker-9] INFO  o.o.b.p.a.PullFromAggregateTracker - Pull Formulário da Vigilancia Hospitalar - Laboratório - Start downloading submission 8 of 9
2026-02-24 09:47:49,000 [ForkJoinPool-5-worker-11] INFO  o.o.b.p.a.PullFromAggregateTracker - Pull Formulário da Vigilancia Comunitaria - Submission 2 of 3 downloaded
2026-02-24 09:47:49,001 [ForkJoinPool-5-worker-11] INFO  o.o.b.p.a.PullFromAggregateTracker - Pull Formulário da Vigilancia Hospitalar - Laboratório - Start downloading submission 9 of 9
2026-02-24 09:47:49,097 [ForkJoinPool-5-worker-6] INFO  o.o.b.p.a.PullFromAggregateTracker - Pull Formulário da Vigilancia Hospitalar - Laboratório - Submission 6 of 9 downloaded
2026-02-24 09:47:49,117 [ForkJoinPool-5-worker-8] INFO  o.o.b.p.a.PullFromAggregateTracker - Pull Formulário da Vigilancia Hospitalar - Submission 7 of 9 downloaded
2026-02-24 09:47:49,118 [ForkJoinPool-5-worker-3] INFO  o.o.b.p.a.PullFromAggregateTracker - Pull Formulário da Vigilancia Hospitalar - Form downloaded
2026-02-24 09:47:49,118 [ForkJoinPool-5-worker-3] INFO  o.o.b.p.a.PullFromAggregateTracker - Pull Formulário da Vigilancia Hospitalar - Start getting submission IDs
2026-02-24 09:47:49,208 [ForkJoinPool-5-worker-15] INFO  o.o.b.p.a.PullFromAggregateTracker - Pull Formulário da Vigilancia Hospitalar - Laboratório - Submission 7 of 9 downloaded
2026-02-24 09:47:49,208 [ForkJoinPool-5-worker-4] INFO  o.o.b.p.a.PullFromAggregateTracker - Pull Formulário da Vigilancia Comunitaria - Submission 3 of 3 downloaded
2026-02-24 09:47:49,213 [ForkJoinPool-5-worker-13] INFO  o.o.b.p.a.PullFromAggregateTracker - Pull Formulário da Vigilancia Hospitalar - Submission 8 of 9 downloaded
2026-02-24 09:47:49,208 [ForkJoinPool-5-worker-10] INFO  o.o.b.p.a.PullFromAggregateTracker - Pull Formulário da Vigilancia Hospitalar - Submission 6 of 9 downloaded
2026-02-24 09:47:49,215 [ForkJoinPool-5-worker-2] INFO  o.o.b.p.a.PullFromAggregateTracker - Pull Formulário da Vigilancia Comunitaria - Success
2026-02-24 09:47:49,231 [ForkJoinPool-5-worker-1] INFO  o.o.b.p.a.PullFromAggregateTracker - Pull Formulário da Vigilancia Hospitalar - Submission 9 of 9 downloaded
2026-02-24 09:47:49,239 [ForkJoinPool-5-worker-10] INFO  o.o.b.p.a.PullFromAggregateTracker - Pull Formulário da Vigilancia Hospitalar - Success
2026-02-24 09:47:49,313 [ForkJoinPool-5-worker-9] INFO  o.o.b.p.a.PullFromAggregateTracker - Pull Formulário da Vigilancia Hospitalar - Laboratório - Submission 8 of 9 downloaded
2026-02-24 09:47:49,317 [ForkJoinPool-5-worker-11] INFO  o.o.b.p.a.PullFromAggregateTracker - Pull Formulário da Vigilancia Hospitalar - Laboratório - Submission 9 of 9 downloaded
2026-02-24 09:47:49,318 [ForkJoinPool-5-worker-15] INFO  o.o.b.p.a.PullFromAggregateTracker - Pull Formulário da Vigilancia Hospitalar - Laboratório - Success
2026-02-24 09:47:49,329 [AWT-EventQueue-0] INFO  XFormParser - Reading XML and parsing with kXML2 finished in 31.335 ms
2026-02-24 09:47:49,337 [AWT-EventQueue-0] INFO  XFormParser - Consolidating text finished in 8.300 ms
2026-02-24 09:47:49,337 [AWT-EventQueue-0] INFO  XFormParser - Parsing form...
2026-02-24 09:47:49,337 [AWT-EventQueue-0] INFO  XFormParser - Title: "Formulário da Vigilancia Hospitalar"
2026-02-24 09:47:49,337 [AWT-EventQueue-0] WARN  XFormParser - XForm Parse Warning: Warning: 1 Unrecognized attributes found in Element [model] and will be ignored: [xforms-version] 
    Problem found at nodeset: /html/head/model
    With element <model xforms-version="1.0.0"><instance><data id="hospitalar_v5" version="1" prefix="hospitalar_v5" delimiter="$">...

2026-02-24 09:47:49,346 [ForkJoinPool-5-worker-3] INFO  o.o.b.p.a.PullFromAggregateTracker - Pull Formulário da Vigilancia Hospitalar - Got all the submission IDs
2026-02-24 09:47:49,446 [AWT-EventQueue-0] INFO  XFormParser - Creating FormDef from parsed XML finished in 106.868 ms
2026-02-24 09:47:49,588 [ForkJoinPool-5-worker-3] INFO  o.o.b.p.a.PullFromAggregateTracker - Push Formulário da Vigilancia Hospitalar - There are no submissions to download
2026-02-24 09:47:49,594 [ForkJoinPool-5-worker-3] INFO  o.o.b.p.a.PullFromAggregateTracker - Pull Formulário da Vigilancia Hospitalar - Success
2026-02-24 10:16:23,499 [Thread-9] INFO  org.javarosa.core.model.FormDef - Dynamic select question has no choices! [instance(dis)/root/item]. If this occurs while filling out a form (and not while saving an incomplete form), the filter condition may have eliminated all the choices. Is that what you intended?
2026-02-24 10:16:23,510 [Thread-9] INFO  org.javarosa.core.model.FormDef - Dynamic select question has no choices! [instance(bairro)/root/item]. If this occurs while filling out a form (and not while saving an incomplete form), the filter condition may have eliminated all the choices. Is that what you intended?
2026-02-24 10:16:23,591 [Thread-9] INFO  org.javarosa.core.model.FormDef - Dynamic select question has no choices! [instance(tipo_amostra_options)/root/item]. If this occurs while filling out a form (and not while saving an incomplete form), the filter condition may have eliminated all the choices. Is that what you intended?
2026-02-24 10:16:23,664 [ForkJoinPool-6-worker-2] INFO  o.o.b.export.ExportProcessTracker - Exported in 00:00:00.1214197
2026-02-24 10:16:23,734 [Thread-9] INFO  org.javarosa.core.model.FormDef - Dynamic select question has no choices! [instance(Distrito_option_type)/root/item]. If this occurs while filling out a form (and not while saving an incomplete form), the filter condition may have eliminated all the choices. Is that what you intended?
2026-02-24 10:16:23,919 [Thread-9] INFO  org.javarosa.core.model.FormDef - Dynamic select question has no choices! [instance(dis)/root/item]. If this occurs while filling out a form (and not while saving an incomplete form), the filter condition may have eliminated all the choices. Is that what you intended?
2026-02-24 10:16:23,983 [Thread-9] INFO  org.javarosa.core.model.FormDef - Dynamic select question has no choices! [instance(bairro)/root/item]. If this occurs while filling out a form (and not while saving an incomplete form), the filter condition may have eliminated all the choices. Is that what you intended?
2026-02-24 10:16:24,295 [ForkJoinPool-6-worker-11] INFO  o.o.b.export.ExportProcessTracker - Exported in 00:00:00.7274694
2026-02-24 10:16:24,316 [ForkJoinPool-6-worker-10] INFO  o.o.b.export.ExportProcessTracker - Exported in 00:00:00.6162719
2026-02-24 10:16:26,301 [ForkJoinPool-6-worker-2] INFO  o.o.b.export.ExportProcessTracker - Exported in 00:00:02.5526218
2026-02-24 10:16:36,525 [ForkJoinPool-6-worker-6] INFO  o.o.b.export.ExportProcessTracker - Exported in 00:00:12.2395874
2026-02-24 10:16:53,022 [ForkJoinPool-6-worker-9] INFO  o.o.b.export.ExportProcessTracker - Exported in 00:00:29.48628
2026-02-24 10:16:57,292 [ForkJoinPool-6-worker-8] INFO  o.o.b.export.ExportProcessTracker - Exported in 00:00:33.6267213
2026-02-24 10:16:58,096 [ForkJoinPool-6-worker-4] INFO  o.o.b.export.ExportProcessTracker - Exported in 00:00:34.3376008
2026-02-24 19:42:52,084 [ForkJoinPool-7-worker-11] INFO  o.o.b.p.a.PullFromAggregateTracker - Pull Formulário da Vigilancia Hospitalar - Start pulling form and submissions
2026-02-24 19:42:52,088 [ForkJoinPool-7-worker-15] INFO  o.o.b.p.a.PullFromAggregateTracker - Pull Formulário da Recepção da Amostra - Start pulling form and submissions
2026-02-24 19:42:52,084 [ForkJoinPool-7-worker-9] INFO  o.o.b.p.a.PullFromAggregateTracker - Pull Formulário da Vigilancia Hospitalar - Start pulling form and submissions
2026-02-24 19:42:52,085 [ForkJoinPool-7-worker-6] INFO  o.o.b.p.a.PullFromAggregateTracker - Pull Resultados de testagem das vigilâncias - Start pulling form and submissions
2026-02-24 19:42:52,085 [ForkJoinPool-7-worker-13] INFO  o.o.b.p.a.PullFromAggregateTracker - Pull VIGILÂNCIA  AMBIENTAL - Start pulling form and submissions
2026-02-24 19:42:52,085 [ForkJoinPool-7-worker-4] INFO  o.o.b.p.a.PullFromAggregateTracker - Pull Formulário da Vigilancia Comunitaria - Start pulling form and submissions
2026-02-24 19:42:52,084 [ForkJoinPool-7-worker-2] INFO  o.o.b.p.a.PullFromAggregateTracker - Pull Formulário da Vigilancia Hospitalar - Laboratório - Start pulling form and submissions
2026-02-24 19:42:52,088 [ForkJoinPool-7-worker-8] INFO  o.o.b.p.a.PullFromAggregateTracker - Pull Formulário da Vigilancia Hospitalar - Start pulling form and submissions
2026-02-24 19:42:52,088 [ForkJoinPool-7-worker-1] INFO  o.o.b.p.a.PullFromAggregateTracker - Pull Formulario da  Componente  Genomica (IDS) - Start pulling form and submissions
2026-02-24 19:42:52,088 [ForkJoinPool-7-worker-10] INFO  o.o.b.p.a.PullFromAggregateTracker - Pull Formulário da Vigilancia Comunitaria - Start pulling form and submissions
2026-02-24 19:42:52,088 [ForkJoinPool-7-worker-3] INFO  o.o.b.p.a.PullFromAggregateTracker - Pull Formulário da Vigilancia Hospitalar - Laboratório - Start pulling form and submissions
2026-02-24 19:42:52,091 [ForkJoinPool-7-worker-10] INFO  o.o.b.p.a.PullFromAggregateTracker - Pull Formulário da Vigilancia Comunitaria - Start downloading form
2026-02-24 19:42:52,091 [ForkJoinPool-7-worker-1] INFO  o.o.b.p.a.PullFromAggregateTracker - Pull Formulario da  Componente  Genomica (IDS) - Start downloading form
2026-02-24 19:42:52,091 [ForkJoinPool-7-worker-3] INFO  o.o.b.p.a.PullFromAggregateTracker - Pull Formulário da Vigilancia Hospitalar - Laboratório - Start downloading form
2026-02-24 19:42:52,092 [ForkJoinPool-7-worker-4] INFO  o.o.b.p.a.PullFromAggregateTracker - Pull Formulário da Vigilancia Comunitaria - Start downloading form
2026-02-24 19:42:52,092 [ForkJoinPool-7-worker-2] INFO  o.o.b.p.a.PullFromAggregateTracker - Pull Formulário da Vigilancia Hospitalar - Laboratório - Start downloading form
2026-02-24 19:42:52,092 [ForkJoinPool-7-worker-9] INFO  o.o.b.p.a.PullFromAggregateTracker - Pull Formulário da Vigilancia Hospitalar - Start downloading form
2026-02-24 19:42:52,092 [ForkJoinPool-7-worker-6] INFO  o.o.b.p.a.PullFromAggregateTracker - Pull Resultados de testagem das vigilâncias - Start downloading form
2026-02-24 19:42:52,092 [ForkJoinPool-7-worker-15] INFO  o.o.b.p.a.PullFromAggregateTracker - Pull Formulário da Recepção da Amostra - Start downloading form
2026-02-24 19:42:52,092 [ForkJoinPool-7-worker-13] INFO  o.o.b.p.a.PullFromAggregateTracker - Pull VIGILÂNCIA  AMBIENTAL - Start downloading form
2026-02-24 19:42:52,092 [ForkJoinPool-7-worker-8] INFO  o.o.b.p.a.PullFromAggregateTracker - Pull Formulário da Vigilancia Hospitalar - Start downloading form
2026-02-24 19:42:52,092 [ForkJoinPool-7-worker-11] INFO  o.o.b.p.a.PullFromAggregateTracker - Pull Formulário da Vigilancia Hospitalar - Start downloading form
2026-02-24 19:42:54,915 [ForkJoinPool-7-worker-15] INFO  o.o.b.p.a.PullFromAggregateTracker - Pull Formulário da Recepção da Amostra - Form downloaded
2026-02-24 19:42:54,915 [ForkJoinPool-7-worker-2] INFO  o.o.b.p.a.PullFromAggregateTracker - Pull Formulário da Vigilancia Hospitalar - Laboratório - Form downloaded
2026-02-24 19:42:54,915 [ForkJoinPool-7-worker-3] INFO  o.o.b.p.a.PullFromAggregateTracker - Pull Formulário da Vigilancia Hospitalar - Laboratório - Form downloaded
2026-02-24 19:42:54,915 [ForkJoinPool-7-worker-2] INFO  o.o.b.p.a.PullFromAggregateTracker - Pull Formulário da Vigilancia Hospitalar - Laboratório - Start getting form manifest
2026-02-24 19:42:54,917 [ForkJoinPool-7-worker-3] INFO  o.o.b.p.a.PullFromAggregateTracker - Pull Formulário da Vigilancia Hospitalar - Laboratório - Start getting submission IDs
2026-02-24 19:42:54,917 [ForkJoinPool-7-worker-15] INFO  o.o.b.p.a.PullFromAggregateTracker - Pull Formulário da Recepção da Amostra - Start getting form manifest
2026-02-24 19:42:56,584 [ForkJoinPool-7-worker-13] INFO  o.o.b.p.a.PullFromAggregateTracker - Pull VIGILÂNCIA  AMBIENTAL - Form downloaded
2026-02-24 19:42:56,586 [ForkJoinPool-7-worker-13] INFO  o.o.b.p.a.PullFromAggregateTracker - Pull VIGILÂNCIA  AMBIENTAL - Start getting form manifest
2026-02-24 19:42:56,838 [ForkJoinPool-7-worker-15] INFO  o.o.b.p.a.PullFromAggregateTracker - Pull Formulário da Recepção da Amostra - Got the form manifest
2026-02-24 19:42:56,840 [ForkJoinPool-7-worker-15] INFO  o.o.b.p.a.PullFromAggregateTracker - Pull Formulário da Recepção da Amostra - Skipping 1 form attachments that have been already downloaded
2026-02-24 19:42:56,840 [ForkJoinPool-7-worker-15] INFO  o.o.b.p.a.PullFromAggregateTracker - Pull Formulário da Recepção da Amostra - Start getting submission IDs
2026-02-24 19:42:57,047 [ForkJoinPool-7-worker-2] INFO  o.o.b.p.a.PullFromAggregateTracker - Pull Formulário da Vigilancia Hospitalar - Laboratório - Got the form manifest
2026-02-24 19:42:57,049 [ForkJoinPool-7-worker-2] INFO  o.o.b.p.a.PullFromAggregateTracker - Pull Formulário da Vigilancia Hospitalar - Laboratório - Skipping 1 form attachments that have been already downloaded
2026-02-24 19:42:57,049 [ForkJoinPool-7-worker-2] INFO  o.o.b.p.a.PullFromAggregateTracker - Pull Formulário da Vigilancia Hospitalar - Laboratório - Start getting submission IDs
2026-02-24 19:42:57,517 [ForkJoinPool-7-worker-13] INFO  o.o.b.p.a.PullFromAggregateTracker - Pull VIGILÂNCIA  AMBIENTAL - Got the form manifest
2026-02-24 19:42:57,517 [ForkJoinPool-7-worker-13] INFO  o.o.b.p.a.PullFromAggregateTracker - Pull VIGILÂNCIA  AMBIENTAL - Skipping 1 form attachments that have been already downloaded
2026-02-24 19:42:57,522 [ForkJoinPool-7-worker-13] INFO  o.o.b.p.a.PullFromAggregateTracker - Pull VIGILÂNCIA  AMBIENTAL - Start getting submission IDs
2026-02-24 19:42:57,524 [ForkJoinPool-7-worker-6] INFO  o.o.b.p.a.PullFromAggregateTracker - Pull Resultados de testagem das vigilâncias - Form downloaded
2026-02-24 19:42:57,526 [ForkJoinPool-7-worker-6] INFO  o.o.b.p.a.PullFromAggregateTracker - Pull Resultados de testagem das vigilâncias - Start getting form manifest
2026-02-24 19:42:57,615 [ForkJoinPool-7-worker-8] INFO  o.o.b.p.a.PullFromAggregateTracker - Pull Formulário da Vigilancia Hospitalar - Form downloaded
2026-02-24 19:42:57,617 [ForkJoinPool-7-worker-8] INFO  o.o.b.p.a.PullFromAggregateTracker - Pull Formulário da Vigilancia Hospitalar - Start getting form manifest
2026-02-24 19:42:57,753 [ForkJoinPool-7-worker-15] INFO  o.o.b.p.a.PullFromAggregateTracker - Pull Formulário da Recepção da Amostra - Got all the submission IDs
2026-02-24 19:42:57,754 [ForkJoinPool-7-worker-2] INFO  o.o.b.p.a.PullFromAggregateTracker - Pull Formulário da Vigilancia Hospitalar - Laboratório - Got all the submission IDs
2026-02-24 19:42:57,756 [ForkJoinPool-7-worker-15] INFO  o.o.b.p.a.PullFromAggregateTracker - Push Formulário da Recepção da Amostra - There are no submissions to download
2026-02-24 19:42:57,767 [ForkJoinPool-7-worker-2] INFO  o.o.b.p.a.PullFromAggregateTracker - Push Formulário da Vigilancia Hospitalar - Laboratório - There are no submissions to download
2026-02-24 19:42:57,790 [ForkJoinPool-7-worker-2] INFO  o.o.b.p.a.PullFromAggregateTracker - Pull Formulário da Vigilancia Hospitalar - Laboratório - Success
2026-02-24 19:42:57,791 [ForkJoinPool-7-worker-15] INFO  o.o.b.p.a.PullFromAggregateTracker - Pull Formulário da Recepção da Amostra - Success
2026-02-24 19:42:57,799 [ForkJoinPool-7-worker-15] INFO  o.o.b.p.a.PullFromAggregateTracker - Pull VIGILÂNCIA  AMBIENTAL - Start pulling form and submissions
2026-02-24 19:42:57,799 [ForkJoinPool-7-worker-2] INFO  o.o.b.p.a.PullFromAggregateTracker - Pull Formulário da Vigilancia Hospitalar - Start pulling form and submissions
2026-02-24 19:42:57,799 [ForkJoinPool-7-worker-15] INFO  o.o.b.p.a.PullFromAggregateTracker - Pull VIGILÂNCIA  AMBIENTAL - Start downloading form
2026-02-24 19:42:57,799 [ForkJoinPool-7-worker-2] INFO  o.o.b.p.a.PullFromAggregateTracker - Pull Formulário da Vigilancia Hospitalar - Start downloading form
2026-02-24 19:42:57,807 [ForkJoinPool-7-worker-3] INFO  o.o.b.p.a.PullFromAggregateTracker - Pull Formulário da Vigilancia Hospitalar - Laboratório - Got all the submission IDs
2026-02-24 19:42:57,841 [ForkJoinPool-7-worker-3] INFO  o.o.b.p.a.PullFromAggregateTracker - Pull Formulário da Vigilancia Hospitalar - Laboratório - Start downloading submission 1 of 26
2026-02-24 19:42:57,865 [ForkJoinPool-7-worker-9] INFO  o.o.b.p.a.PullFromAggregateTracker - Pull Formulário da Vigilancia Hospitalar - Form downloaded
2026-02-24 19:42:57,865 [ForkJoinPool-7-worker-9] INFO  o.o.b.p.a.PullFromAggregateTracker - Pull Formulário da Vigilancia Hospitalar - Start getting form manifest
2026-02-24 19:42:57,910 [AWT-EventQueue-0] INFO  XFormParser - Reading XML and parsing with kXML2 finished in 18.226 ms
2026-02-24 19:42:57,935 [AWT-EventQueue-0] INFO  XFormParser - Consolidating text finished in 23.333 ms
2026-02-24 19:42:57,935 [AWT-EventQueue-0] INFO  XFormParser - Parsing form...
2026-02-24 19:42:57,935 [AWT-EventQueue-0] INFO  XFormParser - Title: "Formulário da Vigilancia Hospitalar"
2026-02-24 19:42:57,935 [AWT-EventQueue-0] WARN  XFormParser - XForm Parse Warning: Warning: 1 Unrecognized attributes found in Element [model] and will be ignored: [xforms-version] 
    Problem found at nodeset: /html/head/model
    With element <model xforms-version="1.0.0"><instance><data id="hospitalar" version="1" prefix="Hospitalar" delimiter="$">...

2026-02-24 19:42:57,985 [ForkJoinPool-7-worker-6] INFO  o.o.b.p.a.PullFromAggregateTracker - Pull Resultados de testagem das vigilâncias - Got the form manifest
2026-02-24 19:42:57,985 [ForkJoinPool-7-worker-6] INFO  o.o.b.p.a.PullFromAggregateTracker - Pull Resultados de testagem das vigilâncias - Skipping 1 form attachments that have been already downloaded
2026-02-24 19:42:57,987 [ForkJoinPool-7-worker-6] INFO  o.o.b.p.a.PullFromAggregateTracker - Pull Resultados de testagem das vigilâncias - Start getting submission IDs
2026-02-24 19:42:57,989 [ForkJoinPool-7-worker-13] INFO  o.o.b.p.a.PullFromAggregateTracker - Pull VIGILÂNCIA  AMBIENTAL - Got all the submission IDs
2026-02-24 19:42:57,995 [ForkJoinPool-7-worker-1] INFO  o.o.b.p.a.PullFromAggregateTracker - Pull Formulario da  Componente  Genomica (IDS) - Form downloaded
2026-02-24 19:42:57,995 [ForkJoinPool-7-worker-1] INFO  o.o.b.p.a.PullFromAggregateTracker - Pull Formulario da  Componente  Genomica (IDS) - Start getting submission IDs
2026-02-24 19:42:57,997 [ForkJoinPool-7-worker-13] INFO  o.o.b.p.a.PullFromAggregateTracker - Push VIGILÂNCIA  AMBIENTAL - There are no submissions to download
2026-02-24 19:42:58,002 [ForkJoinPool-7-worker-13] INFO  o.o.b.p.a.PullFromAggregateTracker - Pull VIGILÂNCIA  AMBIENTAL - Success
2026-02-24 19:42:58,010 [ForkJoinPool-7-worker-13] INFO  o.o.b.p.a.PullFromAggregateTracker - Pull Formulário da Vigilancia Hospitalar - Laboratório - Start downloading submission 2 of 26
2026-02-24 19:42:58,053 [ForkJoinPool-7-worker-8] INFO  o.o.b.p.a.PullFromAggregateTracker - Pull Formulário da Vigilancia Hospitalar - Got the form manifest
2026-02-24 19:42:58,055 [ForkJoinPool-7-worker-8] INFO  o.o.b.p.a.PullFromAggregateTracker - Pull Formulário da Vigilancia Hospitalar - Skipping 1 form attachments that have been already downloaded
2026-02-24 19:42:58,056 [ForkJoinPool-7-worker-8] INFO  o.o.b.p.a.PullFromAggregateTracker - Pull Formulário da Vigilancia Hospitalar - Start getting submission IDs
2026-02-24 19:42:58,095 [AWT-EventQueue-0] INFO  XFormParser - Creating FormDef from parsed XML finished in 158.226 ms
2026-02-24 19:42:58,099 [AWT-EventQueue-0] ERROR XFormParser - XML Syntax Error at Line: 1, Column: 10266!
org.xmlpull.v1.XmlPullParserException: element stack empty (position:END_TAG </input>@1:10266 in java.io.StringReader@a09dc6) 
	at org.kxml2.io.KXmlParser.exception(Unknown Source)
	at org.kxml2.io.KXmlParser.error(Unknown Source)
	at org.kxml2.io.KXmlParser.parseEndTag(Unknown Source)
	at org.kxml2.io.KXmlParser.nextImpl(Unknown Source)
	at org.kxml2.io.KXmlParser.nextToken(Unknown Source)
	at org.kxml2.kdom.Element.parse(Unknown Source)
	at org.kxml2.kdom.Node.parse(Unknown Source)
	at org.kxml2.kdom.Document.parse(Unknown Source)
	at org.javarosa.xform.parse.XFormParser.getXMLDocument(XFormParser.java:444)
	at org.javarosa.xform.parse.XFormParser.getXMLDocument(XFormParser.java:414)
	at org.opendatakit.aggregate.parser.BaseFormParserForJavaRosa.parseFormDefinition(BaseFormParserForJavaRosa.java:207)
	at org.opendatakit.aggregate.parser.BaseFormParserForJavaRosa.<init>(BaseFormParserForJavaRosa.java:359)
	at org.opendatakit.briefcase.util.JavaRosaParserWrapper.<init>(JavaRosaParserWrapper.java:15)
	at org.opendatakit.briefcase.model.BriefcaseFormDefinition.<init>(BriefcaseFormDefinition.java:294)
	at org.opendatakit.briefcase.util.FormCache.lambda$update$1(FormCache.java:123)
	at java.util.stream.ForEachOps$ForEachOp$OfRef.accept(Unknown Source)
	at java.util.stream.ReferencePipeline$2$1.accept(Unknown Source)
	at java.util.Iterator.forEachRemaining(Unknown Source)
	at java.util.Spliterators$IteratorSpliterator.forEachRemaining(Unknown Source)
	at java.util.stream.AbstractPipeline.copyInto(Unknown Source)
	at java.util.stream.AbstractPipeline.wrapAndCopyInto(Unknown Source)
	at java.util.stream.ForEachOps$ForEachOp.evaluateSequential(Unknown Source)
	at java.util.stream.ForEachOps$ForEachOp$OfRef.evaluateSequential(Unknown Source)
	at java.util.stream.AbstractPipeline.evaluate(Unknown Source)
	at java.util.stream.ReferencePipeline.forEach(Unknown Source)
	at org.opendatakit.briefcase.util.FormCache.lambda$update$2(FormCache.java:117)
	at java.util.Optional.ifPresent(Unknown Source)
	at org.opendatakit.briefcase.util.FormCache.update(FormCache.java:113)
	at org.opendatakit.briefcase.util.FormCache.onPullSuccess(FormCache.java:150)
	at sun.reflect.GeneratedMethodAccessor11.invoke(Unknown Source)
	at sun.reflect.DelegatingMethodAccessorImpl.invoke(Unknown Source)
	at java.lang.reflect.Method.invoke(Unknown Source)
	at org.bushe.swing.event.annotation.BaseProxySubscriber.onEvent(BaseProxySubscriber.java:69)
	at org.bushe.swing.event.ThreadSafeEventService.publish(ThreadSafeEventService.java:971)
	at org.bushe.swing.event.SwingEventService.access$001(SwingEventService.java:31)
	at org.bushe.swing.event.SwingEventService$1.run(SwingEventService.java:88)
	at java.awt.event.InvocationEvent.dispatch(Unknown Source)
	at java.awt.EventQueue.dispatchEventImpl(Unknown Source)
	at java.awt.EventQueue.access$500(Unknown Source)
	at java.awt.EventQueue$3.run(Unknown Source)
	at java.awt.EventQueue$3.run(Unknown Source)
	at java.security.AccessController.doPrivileged(Native Method)
	at java.security.ProtectionDomain$JavaSecurityAccessImpl.doIntersectionPrivilege(Unknown Source)
	at java.awt.EventQueue.dispatchEvent(Unknown Source)
	at java.awt.EventDispatchThread.pumpOneEventForFilters(Unknown Source)
	at java.awt.EventDispatchThread.pumpEventsForFilter(Unknown Source)
	at java.awt.EventDispatchThread.pumpEventsForHierarchy(Unknown Source)
	at java.awt.EventDispatchThread.pumpEvents(Unknown Source)
	at java.awt.EventDispatchThread.pumpEvents(Unknown Source)
	at java.awt.EventDispatchThread.run(Unknown Source)
2026-02-24 19:42:58,099 [AWT-EventQueue-0] WARN  o.o.briefcase.util.FormCache - Can't parse form file
org.opendatakit.briefcase.util.BadFormDefinition: org.opendatakit.aggregate.exception.ODKIncompleteSubmissionData: org.javarosa.xform.parse.XFormParseException: XML Syntax Error at Line: 1, Column: 10266!
	at org.opendatakit.briefcase.model.BriefcaseFormDefinition.<init>(BriefcaseFormDefinition.java:297)
	at org.opendatakit.briefcase.util.FormCache.lambda$update$1(FormCache.java:123)
	at java.util.stream.ForEachOps$ForEachOp$OfRef.accept(Unknown Source)
	at java.util.stream.ReferencePipeline$2$1.accept(Unknown Source)
	at java.util.Iterator.forEachRemaining(Unknown Source)
	at java.util.Spliterators$IteratorSpliterator.forEachRemaining(Unknown Source)
	at java.util.stream.AbstractPipeline.copyInto(Unknown Source)
	at java.util.stream.AbstractPipeline.wrapAndCopyInto(Unknown Source)
	at java.util.stream.ForEachOps$ForEachOp.evaluateSequential(Unknown Source)
	at java.util.stream.ForEachOps$ForEachOp$OfRef.evaluateSequential(Unknown Source)
	at java.util.stream.AbstractPipeline.evaluate(Unknown Source)
	at java.util.stream.ReferencePipeline.forEach(Unknown Source)
	at org.opendatakit.briefcase.util.FormCache.lambda$update$2(FormCache.java:117)
	at java.util.Optional.ifPresent(Unknown Source)
	at org.opendatakit.briefcase.util.FormCache.update(FormCache.java:113)
	at org.opendatakit.briefcase.util.FormCache.onPullSuccess(FormCache.java:150)
	at sun.reflect.GeneratedMethodAccessor11.invoke(Unknown Source)
	at sun.reflect.DelegatingMethodAccessorImpl.invoke(Unknown Source)
	at java.lang.reflect.Method.invoke(Unknown Source)
	at org.bushe.swing.event.annotation.BaseProxySubscriber.onEvent(BaseProxySubscriber.java:69)
	at org.bushe.swing.event.ThreadSafeEventService.publish(ThreadSafeEventService.java:971)
	at org.bushe.swing.event.SwingEventService.access$001(SwingEventService.java:31)
	at org.bushe.swing.event.SwingEventService$1.run(SwingEventService.java:88)
	at java.awt.event.InvocationEvent.dispatch(Unknown Source)
	at java.awt.EventQueue.dispatchEventImpl(Unknown Source)
	at java.awt.EventQueue.access$500(Unknown Source)
	at java.awt.EventQueue$3.run(Unknown Source)
	at java.awt.EventQueue$3.run(Unknown Source)
	at java.security.AccessController.doPrivileged(Native Method)
	at java.security.ProtectionDomain$JavaSecurityAccessImpl.doIntersectionPrivilege(Unknown Source)
	at java.awt.EventQueue.dispatchEvent(Unknown Source)
	at java.awt.EventDispatchThread.pumpOneEventForFilters(Unknown Source)
	at java.awt.EventDispatchThread.pumpEventsForFilter(Unknown Source)
	at java.awt.EventDispatchThread.pumpEventsForHierarchy(Unknown Source)
	at java.awt.EventDispatchThread.pumpEvents(Unknown Source)
	at java.awt.EventDispatchThread.pumpEvents(Unknown Source)
	at java.awt.EventDispatchThread.run(Unknown Source)
Caused by: org.opendatakit.aggregate.exception.ODKIncompleteSubmissionData: org.javarosa.xform.parse.XFormParseException: XML Syntax Error at Line: 1, Column: 10266!
	at org.opendatakit.aggregate.parser.BaseFormParserForJavaRosa.parseFormDefinition(BaseFormParserForJavaRosa.java:210)
	at org.opendatakit.aggregate.parser.BaseFormParserForJavaRosa.<init>(BaseFormParserForJavaRosa.java:359)
	at org.opendatakit.briefcase.util.JavaRosaParserWrapper.<init>(JavaRosaParserWrapper.java:15)
	at org.opendatakit.briefcase.model.BriefcaseFormDefinition.<init>(BriefcaseFormDefinition.java:294)
	... 36 common frames omitted
Caused by: org.javarosa.xform.parse.XFormParseException: XML Syntax Error at Line: 1, Column: 10266!
	at org.javarosa.xform.parse.XFormParser.getXMLDocument(XFormParser.java:448)
	at org.javarosa.xform.parse.XFormParser.getXMLDocument(XFormParser.java:414)
	at org.opendatakit.aggregate.parser.BaseFormParserForJavaRosa.parseFormDefinition(BaseFormParserForJavaRosa.java:207)
	... 39 common frames omitted
2026-02-24 19:42:58,128 [AWT-EventQueue-0] INFO  XFormParser - Reading XML and parsing with kXML2 finished in 9.678 ms
2026-02-24 19:42:58,136 [AWT-EventQueue-0] INFO  XFormParser - Consolidating text finished in 6.590 ms
2026-02-24 19:42:58,136 [AWT-EventQueue-0] INFO  XFormParser - Parsing form...
2026-02-24 19:42:58,136 [AWT-EventQueue-0] INFO  XFormParser - Title: "Resultados de testagem das vigilâncias"
2026-02-24 19:42:58,136 [AWT-EventQueue-0] WARN  XFormParser - XForm Parse Warning: Warning: 1 Unrecognized attributes found in Element [model] and will be ignored: [xforms-version] 
    Problem found at nodeset: /html/head/model
    With element <model xforms-version="1.0.0"><instance><data id="hospitalar_LB" version="13" prefix="Hospitalar LB" delimiter="$">...

2026-02-24 19:42:58,195 [ForkJoinPool-7-worker-9] INFO  o.o.b.p.a.PullFromAggregateTracker - Pull Formulário da Vigilancia Hospitalar - Got the form manifest
2026-02-24 19:42:58,195 [ForkJoinPool-7-worker-9] INFO  o.o.b.p.a.PullFromAggregateTracker - Pull Formulário da Vigilancia Hospitalar - Skipping 1 form attachments that have been already downloaded
2026-02-24 19:42:58,195 [ForkJoinPool-7-worker-9] INFO  o.o.b.p.a.PullFromAggregateTracker - Pull Formulário da Vigilancia Hospitalar - Start getting submission IDs
2026-02-24 19:42:58,198 [ForkJoinPool-7-worker-15] INFO  o.o.b.p.a.PullFromAggregateTracker - Pull VIGILÂNCIA  AMBIENTAL - Form downloaded
2026-02-24 19:42:58,198 [ForkJoinPool-7-worker-15] INFO  o.o.b.p.a.PullFromAggregateTracker - Pull VIGILÂNCIA  AMBIENTAL - Start getting submission IDs
2026-02-24 19:42:58,236 [ForkJoinPool-7-worker-3] INFO  o.o.b.p.a.PullFromAggregateTracker - Pull Formulário da Vigilancia Hospitalar - Laboratório - Submission 1 of 26 downloaded
2026-02-24 19:42:58,245 [ForkJoinPool-7-worker-3] INFO  o.o.b.p.a.PullFromAggregateTracker - Pull Formulário da Vigilancia Hospitalar - Laboratório - Start downloading submission 3 of 26
2026-02-24 19:42:58,245 [ForkJoinPool-7-worker-6] INFO  o.o.b.p.a.PullFromAggregateTracker - Pull Resultados de testagem das vigilâncias - Got all the submission IDs
2026-02-24 19:42:58,315 [ForkJoinPool-7-worker-6] INFO  o.o.b.p.a.PullFromAggregateTracker - Push Resultados de testagem das vigilâncias - There are no submissions to download
2026-02-24 19:42:58,318 [AWT-EventQueue-0] INFO  XFormParser - Creating FormDef from parsed XML finished in 181.418 ms
2026-02-24 19:42:58,322 [ForkJoinPool-7-worker-6] INFO  o.o.b.p.a.PullFromAggregateTracker - Pull Resultados de testagem das vigilâncias - Success
2026-02-24 19:42:58,324 [ForkJoinPool-7-worker-6] INFO  o.o.b.p.a.PullFromAggregateTracker - Pull VIGILÂNCIA  AMBIENTAL - Start pulling form and submissions
2026-02-24 19:42:58,324 [ForkJoinPool-7-worker-6] INFO  o.o.b.p.a.PullFromAggregateTracker - Pull VIGILÂNCIA  AMBIENTAL - Start downloading form
2026-02-24 19:42:58,326 [AWT-EventQueue-0] INFO  XFormParser - Reading XML and parsing with kXML2 finished in 4.055 ms
2026-02-24 19:42:58,326 [AWT-EventQueue-0] INFO  XFormParser - Consolidating text finished in 0.807 ms
2026-02-24 19:42:58,326 [AWT-EventQueue-0] INFO  XFormParser - Parsing form...
2026-02-24 19:42:58,326 [AWT-EventQueue-0] INFO  XFormParser - Title: "VIGILÂNCIA  AMBIENTAL"
2026-02-24 19:42:58,326 [AWT-EventQueue-0] WARN  XFormParser - XForm Parse Warning: Warning: 1 Unrecognized attributes found in Element [model] and will be ignored: [xforms-version] 
    Problem found at nodeset: /html/head/model
    With element <model xforms-version="1.0.0"><instance><data id="VIGILÂNCIA  AMBIENTAL_v2" version="2" prefix="VIGILÂNCIA  AMBIENTAL_v2" delimiter="$">...

2026-02-24 19:42:58,336 [AWT-EventQueue-0] INFO  XFormParser - Creating FormDef from parsed XML finished in 14.280 ms
2026-02-24 19:42:58,381 [ForkJoinPool-7-worker-11] INFO  o.o.b.p.a.PullFromAggregateTracker - Pull Formulário da Vigilancia Hospitalar - Form downloaded
2026-02-24 19:42:58,384 [ForkJoinPool-7-worker-11] INFO  o.o.b.p.a.PullFromAggregateTracker - Pull Formulário da Vigilancia Hospitalar - Start getting form manifest
2026-02-24 19:42:58,422 [ForkJoinPool-7-worker-13] INFO  o.o.b.p.a.PullFromAggregateTracker - Pull Formulário da Vigilancia Hospitalar - Laboratório - Submission 2 of 26 downloaded
2026-02-24 19:42:58,422 [ForkJoinPool-7-worker-13] INFO  o.o.b.p.a.PullFromAggregateTracker - Pull Formulário da Vigilancia Hospitalar - Laboratório - Start downloading submission 4 of 26
2026-02-24 19:42:58,425 [ForkJoinPool-7-worker-1] INFO  o.o.b.p.a.PullFromAggregateTracker - Pull Formulario da  Componente  Genomica (IDS) - Got all the submission IDs
2026-02-24 19:42:58,432 [ForkJoinPool-7-worker-1] INFO  o.o.b.p.a.PullFromAggregateTracker - Push Formulario da  Componente  Genomica (IDS) - There are no submissions to download
2026-02-24 19:42:58,436 [ForkJoinPool-7-worker-1] INFO  o.o.b.p.a.PullFromAggregateTracker - Pull Formulario da  Componente  Genomica (IDS) - Success
2026-02-24 19:42:58,439 [ForkJoinPool-7-worker-1] INFO  o.o.b.p.a.PullFromAggregateTracker - Pull Formulário da Vigilancia Hospitalar - Laboratório - Start downloading submission 5 of 26
2026-02-24 19:42:58,448 [ForkJoinPool-7-worker-8] INFO  o.o.b.p.a.PullFromAggregateTracker - Pull Formulário da Vigilancia Hospitalar - Got all the submission IDs
2026-02-24 19:42:58,454 [ForkJoinPool-7-worker-9] INFO  o.o.b.p.a.PullFromAggregateTracker - Pull Formulário da Vigilancia Hospitalar - Got all the submission IDs
2026-02-24 19:42:58,456 [AWT-EventQueue-0] INFO  XFormParser - Reading XML and parsing with kXML2 finished in 14.043 ms
2026-02-24 19:42:58,510 [AWT-EventQueue-0] INFO  XFormParser - Consolidating text finished in 54.085 ms
2026-02-24 19:42:58,510 [AWT-EventQueue-0] INFO  XFormParser - Parsing form...
2026-02-24 19:42:58,510 [AWT-EventQueue-0] INFO  XFormParser - Title: "Formulário da Vigilancia Hospitalar"
2026-02-24 19:42:58,510 [AWT-EventQueue-0] WARN  XFormParser - XForm Parse Warning: Warning: 1 Unrecognized attributes found in Element [model] and will be ignored: [xforms-version] 
    Problem found at nodeset: /html/head/model
    With element <model xforms-version="1.0.0"><instance><data id="hospitalar_v1" version="1" prefix="Hospitalar" delimiter="$">...

2026-02-24 19:42:58,583 [ForkJoinPool-7-worker-15] INFO  o.o.b.p.a.PullFromAggregateTracker - Pull VIGILÂNCIA  AMBIENTAL - Got all the submission IDs
2026-02-24 19:42:58,592 [ForkJoinPool-7-worker-15] INFO  o.o.b.p.a.PullFromAggregateTracker - Push VIGILÂNCIA  AMBIENTAL - There are no submissions to download
2026-02-24 19:42:58,622 [ForkJoinPool-7-worker-15] INFO  o.o.b.p.a.PullFromAggregateTracker - Pull VIGILÂNCIA  AMBIENTAL - Success
2026-02-24 19:42:58,628 [ForkJoinPool-7-worker-15] INFO  o.o.b.p.a.PullFromAggregateTracker - Pull Formulário da Vigilancia Hospitalar - Laboratório - Start downloading submission 6 of 26
2026-02-24 19:42:58,636 [ForkJoinPool-7-worker-8] INFO  o.o.b.p.a.PullFromAggregateTracker - Push Formulário da Vigilancia Hospitalar - There are no submissions to download
2026-02-24 19:42:58,644 [ForkJoinPool-7-worker-3] INFO  o.o.b.p.a.PullFromAggregateTracker - Pull Formulário da Vigilancia Hospitalar - Laboratório - Submission 3 of 26 downloaded
2026-02-24 19:42:58,645 [ForkJoinPool-7-worker-3] INFO  o.o.b.p.a.PullFromAggregateTracker - Pull Formulário da Vigilancia Hospitalar - Laboratório - Start downloading submission 7 of 26
2026-02-24 19:42:58,648 [ForkJoinPool-7-worker-8] INFO  o.o.b.p.a.PullFromAggregateTracker - Pull Formulário da Vigilancia Hospitalar - Success
2026-02-24 19:42:58,649 [ForkJoinPool-7-worker-8] INFO  o.o.b.p.a.PullFromAggregateTracker - Pull Formulário da Vigilancia Comunitaria - Start pulling form and submissions
2026-02-24 19:42:58,649 [ForkJoinPool-7-worker-8] INFO  o.o.b.p.a.PullFromAggregateTracker - Pull Formulário da Vigilancia Comunitaria - Start downloading form
2026-02-24 19:42:58,652 [ForkJoinPool-7-worker-9] INFO  o.o.b.p.a.PullFromAggregateTracker - Push Formulário da Vigilancia Hospitalar - There are no submissions to download
2026-02-24 19:42:58,655 [ForkJoinPool-7-worker-9] INFO  o.o.b.p.a.PullFromAggregateTracker - Pull Formulário da Vigilancia Hospitalar - Success
2026-02-24 19:42:58,659 [ForkJoinPool-7-worker-9] INFO  o.o.b.p.a.PullFromAggregateTracker - Pull Formulário da Vigilancia Hospitalar - Laboratório - Skipping submission 8 of 26: already downloaded
2026-02-24 19:42:58,659 [ForkJoinPool-7-worker-9] INFO  o.o.b.p.a.PullFromAggregateTracker - Pull Formulário da Vigilancia Hospitalar - Laboratório - Skipping submission 9 of 26: already downloaded
2026-02-24 19:42:58,660 [ForkJoinPool-7-worker-9] INFO  o.o.b.p.a.PullFromAggregateTracker - Pull Formulário da Vigilancia Hospitalar - Laboratório - Skipping submission 10 of 26: already downloaded
2026-02-24 19:42:58,660 [ForkJoinPool-7-worker-9] INFO  o.o.b.p.a.PullFromAggregateTracker - Pull Formulário da Vigilancia Hospitalar - Laboratório - Start downloading submission 11 of 26
2026-02-24 19:42:58,667 [AWT-EventQueue-0] INFO  XFormParser - Creating FormDef from parsed XML finished in 157.409 ms
2026-02-24 19:42:58,668 [ForkJoinPool-7-worker-6] INFO  o.o.b.p.a.PullFromAggregateTracker - Pull VIGILÂNCIA  AMBIENTAL - Form downloaded
2026-02-24 19:42:58,668 [ForkJoinPool-7-worker-6] INFO  o.o.b.p.a.PullFromAggregateTracker - Pull VIGILÂNCIA  AMBIENTAL - Start getting submission IDs
2026-02-24 19:42:58,672 [AWT-EventQueue-0] ERROR XFormParser - XML Syntax Error at Line: 1, Column: 10266!
org.xmlpull.v1.XmlPullParserException: element stack empty (position:END_TAG </input>@1:10266 in java.io.StringReader@1c49c98) 
	at org.kxml2.io.KXmlParser.exception(Unknown Source)
	at org.kxml2.io.KXmlParser.error(Unknown Source)
	at org.kxml2.io.KXmlParser.parseEndTag(Unknown Source)
	at org.kxml2.io.KXmlParser.nextImpl(Unknown Source)
	at org.kxml2.io.KXmlParser.nextToken(Unknown Source)
	at org.kxml2.kdom.Element.parse(Unknown Source)
	at org.kxml2.kdom.Node.parse(Unknown Source)
	at org.kxml2.kdom.Document.parse(Unknown Source)
	at org.javarosa.xform.parse.XFormParser.getXMLDocument(XFormParser.java:444)
	at org.javarosa.xform.parse.XFormParser.getXMLDocument(XFormParser.java:414)
	at org.opendatakit.aggregate.parser.BaseFormParserForJavaRosa.parseFormDefinition(BaseFormParserForJavaRosa.java:207)
	at org.opendatakit.aggregate.parser.BaseFormParserForJavaRosa.<init>(BaseFormParserForJavaRosa.java:359)
	at org.opendatakit.briefcase.util.JavaRosaParserWrapper.<init>(JavaRosaParserWrapper.java:15)
	at org.opendatakit.briefcase.model.BriefcaseFormDefinition.<init>(BriefcaseFormDefinition.java:294)
	at org.opendatakit.briefcase.util.FormCache.lambda$update$1(FormCache.java:123)
	at java.util.stream.ForEachOps$ForEachOp$OfRef.accept(Unknown Source)
	at java.util.stream.ReferencePipeline$2$1.accept(Unknown Source)
	at java.util.Iterator.forEachRemaining(Unknown Source)
	at java.util.Spliterators$IteratorSpliterator.forEachRemaining(Unknown Source)
	at java.util.stream.AbstractPipeline.copyInto(Unknown Source)
	at java.util.stream.AbstractPipeline.wrapAndCopyInto(Unknown Source)
	at java.util.stream.ForEachOps$ForEachOp.evaluateSequential(Unknown Source)
	at java.util.stream.ForEachOps$ForEachOp$OfRef.evaluateSequential(Unknown Source)
	at java.util.stream.AbstractPipeline.evaluate(Unknown Source)
	at java.util.stream.ReferencePipeline.forEach(Unknown Source)
	at org.opendatakit.briefcase.util.FormCache.lambda$update$2(FormCache.java:117)
	at java.util.Optional.ifPresent(Unknown Source)
	at org.opendatakit.briefcase.util.FormCache.update(FormCache.java:113)
	at org.opendatakit.briefcase.util.FormCache.onPullSuccess(FormCache.java:150)
	at sun.reflect.GeneratedMethodAccessor11.invoke(Unknown Source)
	at sun.reflect.DelegatingMethodAccessorImpl.invoke(Unknown Source)
	at java.lang.reflect.Method.invoke(Unknown Source)
	at org.bushe.swing.event.annotation.BaseProxySubscriber.onEvent(BaseProxySubscriber.java:69)
	at org.bushe.swing.event.ThreadSafeEventService.publish(ThreadSafeEventService.java:971)
	at org.bushe.swing.event.SwingEventService.access$001(SwingEventService.java:31)
	at org.bushe.swing.event.SwingEventService$1.run(SwingEventService.java:88)
	at java.awt.event.InvocationEvent.dispatch(Unknown Source)
	at java.awt.EventQueue.dispatchEventImpl(Unknown Source)
	at java.awt.EventQueue.access$500(Unknown Source)
	at java.awt.EventQueue$3.run(Unknown Source)
	at java.awt.EventQueue$3.run(Unknown Source)
	at java.security.AccessController.doPrivileged(Native Method)
	at java.security.ProtectionDomain$JavaSecurityAccessImpl.doIntersectionPrivilege(Unknown Source)
	at java.awt.EventQueue.dispatchEvent(Unknown Source)
	at java.awt.EventDispatchThread.pumpOneEventForFilters(Unknown Source)
	at java.awt.EventDispatchThread.pumpEventsForFilter(Unknown Source)
	at java.awt.EventDispatchThread.pumpEventsForHierarchy(Unknown Source)
	at java.awt.EventDispatchThread.pumpEvents(Unknown Source)
	at java.awt.EventDispatchThread.pumpEvents(Unknown Source)
	at java.awt.EventDispatchThread.run(Unknown Source)
2026-02-24 19:42:58,672 [AWT-EventQueue-0] WARN  o.o.briefcase.util.FormCache - Can't parse form file
org.opendatakit.briefcase.util.BadFormDefinition: org.opendatakit.aggregate.exception.ODKIncompleteSubmissionData: org.javarosa.xform.parse.XFormParseException: XML Syntax Error at Line: 1, Column: 10266!
	at org.opendatakit.briefcase.model.BriefcaseFormDefinition.<init>(BriefcaseFormDefinition.java:297)
	at org.opendatakit.briefcase.util.FormCache.lambda$update$1(FormCache.java:123)
	at java.util.stream.ForEachOps$ForEachOp$OfRef.accept(Unknown Source)
	at java.util.stream.ReferencePipeline$2$1.accept(Unknown Source)
	at java.util.Iterator.forEachRemaining(Unknown Source)
	at java.util.Spliterators$IteratorSpliterator.forEachRemaining(Unknown Source)
	at java.util.stream.AbstractPipeline.copyInto(Unknown Source)
	at java.util.stream.AbstractPipeline.wrapAndCopyInto(Unknown Source)
	at java.util.stream.ForEachOps$ForEachOp.evaluateSequential(Unknown Source)
	at java.util.stream.ForEachOps$ForEachOp$OfRef.evaluateSequential(Unknown Source)
	at java.util.stream.AbstractPipeline.evaluate(Unknown Source)
	at java.util.stream.ReferencePipeline.forEach(Unknown Source)
	at org.opendatakit.briefcase.util.FormCache.lambda$update$2(FormCache.java:117)
	at java.util.Optional.ifPresent(Unknown Source)
	at org.opendatakit.briefcase.util.FormCache.update(FormCache.java:113)
	at org.opendatakit.briefcase.util.FormCache.onPullSuccess(FormCache.java:150)
	at sun.reflect.GeneratedMethodAccessor11.invoke(Unknown Source)
	at sun.reflect.DelegatingMethodAccessorImpl.invoke(Unknown Source)
	at java.lang.reflect.Method.invoke(Unknown Source)
	at org.bushe.swing.event.annotation.BaseProxySubscriber.onEvent(BaseProxySubscriber.java:69)
	at org.bushe.swing.event.ThreadSafeEventService.publish(ThreadSafeEventService.java:971)
	at org.bushe.swing.event.SwingEventService.access$001(SwingEventService.java:31)
	at org.bushe.swing.event.SwingEventService$1.run(SwingEventService.java:88)
	at java.awt.event.InvocationEvent.dispatch(Unknown Source)
	at java.awt.EventQueue.dispatchEventImpl(Unknown Source)
	at java.awt.EventQueue.access$500(Unknown Source)
	at java.awt.EventQueue$3.run(Unknown Source)
	at java.awt.EventQueue$3.run(Unknown Source)
	at java.security.AccessController.doPrivileged(Native Method)
	at java.security.ProtectionDomain$JavaSecurityAccessImpl.doIntersectionPrivilege(Unknown Source)
	at java.awt.EventQueue.dispatchEvent(Unknown Source)
	at java.awt.EventDispatchThread.pumpOneEventForFilters(Unknown Source)
	at java.awt.EventDispatchThread.pumpEventsForFilter(Unknown Source)
	at java.awt.EventDispatchThread.pumpEventsForHierarchy(Unknown Source)
	at java.awt.EventDispatchThread.pumpEvents(Unknown Source)
	at java.awt.EventDispatchThread.pumpEvents(Unknown Source)
	at java.awt.EventDispatchThread.run(Unknown Source)
Caused by: org.opendatakit.aggregate.exception.ODKIncompleteSubmissionData: org.javarosa.xform.parse.XFormParseException: XML Syntax Error at Line: 1, Column: 10266!
	at org.opendatakit.aggregate.parser.BaseFormParserForJavaRosa.parseFormDefinition(BaseFormParserForJavaRosa.java:210)
	at org.opendatakit.aggregate.parser.BaseFormParserForJavaRosa.<init>(BaseFormParserForJavaRosa.java:359)
	at org.opendatakit.briefcase.util.JavaRosaParserWrapper.<init>(JavaRosaParserWrapper.java:15)
	at org.opendatakit.briefcase.model.BriefcaseFormDefinition.<init>(BriefcaseFormDefinition.java:294)
	... 36 common frames omitted
Caused by: org.javarosa.xform.parse.XFormParseException: XML Syntax Error at Line: 1, Column: 10266!
	at org.javarosa.xform.parse.XFormParser.getXMLDocument(XFormParser.java:448)
	at org.javarosa.xform.parse.XFormParser.getXMLDocument(XFormParser.java:414)
	at org.opendatakit.aggregate.parser.BaseFormParserForJavaRosa.parseFormDefinition(BaseFormParserForJavaRosa.java:207)
	... 39 common frames omitted
2026-02-24 19:42:58,672 [ForkJoinPool-7-worker-11] INFO  o.o.b.p.a.PullFromAggregateTracker - Pull Formulário da Vigilancia Hospitalar - Got the form manifest
2026-02-24 19:42:58,672 [ForkJoinPool-7-worker-11] INFO  o.o.b.p.a.PullFromAggregateTracker - Pull Formulário da Vigilancia Hospitalar - Skipping 1 form attachments that have been already downloaded
2026-02-24 19:42:58,672 [ForkJoinPool-7-worker-11] INFO  o.o.b.p.a.PullFromAggregateTracker - Pull Formulário da Vigilancia Hospitalar - Start getting submission IDs
2026-02-24 19:42:58,684 [AWT-EventQueue-0] INFO  XFormParser - Reading XML and parsing with kXML2 finished in 1.769 ms
2026-02-24 19:42:58,686 [AWT-EventQueue-0] INFO  XFormParser - Consolidating text finished in 0.851 ms
2026-02-24 19:42:58,686 [AWT-EventQueue-0] INFO  XFormParser - Parsing form...
2026-02-24 19:42:58,686 [AWT-EventQueue-0] INFO  XFormParser - Title: "VIGILÂNCIA  AMBIENTAL"
2026-02-24 19:42:58,686 [AWT-EventQueue-0] WARN  XFormParser - XForm Parse Warning: Warning: 1 Unrecognized attributes found in Element [model] and will be ignored: [xforms-version] 
    Problem found at nodeset: /html/head/model
    With element <model xforms-version="1.0.0"><instance><data id="VIGILÂNCIA  AMBIENTAL_v3" version="3" prefix="VIGILÂNCIA  AMBIENTAL_v3" delimiter="$">...

2026-02-24 19:42:58,691 [ForkJoinPool-7-worker-13] INFO  o.o.b.p.a.PullFromAggregateTracker - Pull Formulário da Vigilancia Hospitalar - Laboratório - Submission 4 of 26 downloaded
2026-02-24 19:42:58,694 [ForkJoinPool-7-worker-13] INFO  o.o.b.p.a.PullFromAggregateTracker - Pull Formulário da Vigilancia Hospitalar - Laboratório - Start downloading submission 12 of 26
2026-02-24 19:42:58,705 [AWT-EventQueue-0] INFO  XFormParser - Creating FormDef from parsed XML finished in 19.097 ms
2026-02-24 19:42:58,779 [ForkJoinPool-7-worker-10] INFO  o.o.b.p.a.PullFromAggregateTracker - Pull Formulário da Vigilancia Comunitaria - Form downloaded
2026-02-24 19:42:58,779 [ForkJoinPool-7-worker-10] INFO  o.o.b.p.a.PullFromAggregateTracker - Pull Formulário da Vigilancia Comunitaria - Start getting submission IDs
2026-02-24 19:42:58,811 [ForkJoinPool-7-worker-1] INFO  o.o.b.p.a.PullFromAggregateTracker - Pull Formulário da Vigilancia Hospitalar - Laboratório - Submission 5 of 26 downloaded
2026-02-24 19:42:58,816 [ForkJoinPool-7-worker-1] INFO  o.o.b.p.a.PullFromAggregateTracker - Pull Formulário da Vigilancia Hospitalar - Laboratório - Start downloading submission 13 of 26
2026-02-24 19:42:58,845 [AWT-EventQueue-0] INFO  XFormParser - Reading XML and parsing with kXML2 finished in 14.461 ms
2026-02-24 19:42:58,850 [AWT-EventQueue-0] INFO  XFormParser - Consolidating text finished in 7.207 ms
2026-02-24 19:42:58,853 [AWT-EventQueue-0] INFO  XFormParser - Parsing form...
2026-02-24 19:42:58,853 [AWT-EventQueue-0] INFO  XFormParser - Title: "Formulário da Vigilancia Comunitaria"
2026-02-24 19:42:58,853 [AWT-EventQueue-0] WARN  XFormParser - XForm Parse Warning: Warning: 1 Unrecognized attributes found in Element [model] and will be ignored: [xforms-version] 
    Problem found at nodeset: /html/head/model
    With element <model xforms-version="1.0.0"><instance><data id="Comunidade_v2" version="2" prefix="Comunidade_v2" delimiter="$">...

2026-02-24 19:42:58,926 [AWT-EventQueue-0] INFO  XFormParser - Creating FormDef from parsed XML finished in 72.607 ms
2026-02-24 19:42:58,940 [AWT-EventQueue-0] ERROR XFormParser - XML Syntax Error at Line: 1, Column: 10266!
org.xmlpull.v1.XmlPullParserException: element stack empty (position:END_TAG </input>@1:10266 in java.io.StringReader@4375f6) 
	at org.kxml2.io.KXmlParser.exception(Unknown Source)
	at org.kxml2.io.KXmlParser.error(Unknown Source)
	at org.kxml2.io.KXmlParser.parseEndTag(Unknown Source)
	at org.kxml2.io.KXmlParser.nextImpl(Unknown Source)
	at org.kxml2.io.KXmlParser.nextToken(Unknown Source)
	at org.kxml2.kdom.Element.parse(Unknown Source)
	at org.kxml2.kdom.Node.parse(Unknown Source)
	at org.kxml2.kdom.Document.parse(Unknown Source)
	at org.javarosa.xform.parse.XFormParser.getXMLDocument(XFormParser.java:444)
	at org.javarosa.xform.parse.XFormParser.getXMLDocument(XFormParser.java:414)
	at org.opendatakit.aggregate.parser.BaseFormParserForJavaRosa.parseFormDefinition(BaseFormParserForJavaRosa.java:207)
	at org.opendatakit.aggregate.parser.BaseFormParserForJavaRosa.<init>(BaseFormParserForJavaRosa.java:359)
	at org.opendatakit.briefcase.util.JavaRosaParserWrapper.<init>(JavaRosaParserWrapper.java:15)
	at org.opendatakit.briefcase.model.BriefcaseFormDefinition.<init>(BriefcaseFormDefinition.java:294)
	at org.opendatakit.briefcase.util.FormCache.lambda$update$1(FormCache.java:123)
	at java.util.stream.ForEachOps$ForEachOp$OfRef.accept(Unknown Source)
	at java.util.stream.ReferencePipeline$2$1.accept(Unknown Source)
	at java.util.Iterator.forEachRemaining(Unknown Source)
	at java.util.Spliterators$IteratorSpliterator.forEachRemaining(Unknown Source)
	at java.util.stream.AbstractPipeline.copyInto(Unknown Source)
	at java.util.stream.AbstractPipeline.wrapAndCopyInto(Unknown Source)
	at java.util.stream.ForEachOps$ForEachOp.evaluateSequential(Unknown Source)
	at java.util.stream.ForEachOps$ForEachOp$OfRef.evaluateSequential(Unknown Source)
	at java.util.stream.AbstractPipeline.evaluate(Unknown Source)
	at java.util.stream.ReferencePipeline.forEach(Unknown Source)
	at org.opendatakit.briefcase.util.FormCache.lambda$update$2(FormCache.java:117)
	at java.util.Optional.ifPresent(Unknown Source)
	at org.opendatakit.briefcase.util.FormCache.update(FormCache.java:113)
	at org.opendatakit.briefcase.util.FormCache.onPullSuccess(FormCache.java:150)
	at sun.reflect.GeneratedMethodAccessor11.invoke(Unknown Source)
	at sun.reflect.DelegatingMethodAccessorImpl.invoke(Unknown Source)
	at java.lang.reflect.Method.invoke(Unknown Source)
	at org.bushe.swing.event.annotation.BaseProxySubscriber.onEvent(BaseProxySubscriber.java:69)
	at org.bushe.swing.event.ThreadSafeEventService.publish(ThreadSafeEventService.java:971)
	at org.bushe.swing.event.SwingEventService.access$001(SwingEventService.java:31)
	at org.bushe.swing.event.SwingEventService$1.run(SwingEventService.java:88)
	at java.awt.event.InvocationEvent.dispatch(Unknown Source)
	at java.awt.EventQueue.dispatchEventImpl(Unknown Source)
	at java.awt.EventQueue.access$500(Unknown Source)
	at java.awt.EventQueue$3.run(Unknown Source)
	at java.awt.EventQueue$3.run(Unknown Source)
	at java.security.AccessController.doPrivileged(Native Method)
	at java.security.ProtectionDomain$JavaSecurityAccessImpl.doIntersectionPrivilege(Unknown Source)
	at java.awt.EventQueue.dispatchEvent(Unknown Source)
	at java.awt.EventDispatchThread.pumpOneEventForFilters(Unknown Source)
	at java.awt.EventDispatchThread.pumpEventsForFilter(Unknown Source)
	at java.awt.EventDispatchThread.pumpEventsForHierarchy(Unknown Source)
	at java.awt.EventDispatchThread.pumpEvents(Unknown Source)
	at java.awt.EventDispatchThread.pumpEvents(Unknown Source)
	at java.awt.EventDispatchThread.run(Unknown Source)
2026-02-24 19:42:58,940 [AWT-EventQueue-0] WARN  o.o.briefcase.util.FormCache - Can't parse form file
org.opendatakit.briefcase.util.BadFormDefinition: org.opendatakit.aggregate.exception.ODKIncompleteSubmissionData: org.javarosa.xform.parse.XFormParseException: XML Syntax Error at Line: 1, Column: 10266!
	at org.opendatakit.briefcase.model.BriefcaseFormDefinition.<init>(BriefcaseFormDefinition.java:297)
	at org.opendatakit.briefcase.util.FormCache.lambda$update$1(FormCache.java:123)
	at java.util.stream.ForEachOps$ForEachOp$OfRef.accept(Unknown Source)
	at java.util.stream.ReferencePipeline$2$1.accept(Unknown Source)
	at java.util.Iterator.forEachRemaining(Unknown Source)
	at java.util.Spliterators$IteratorSpliterator.forEachRemaining(Unknown Source)
	at java.util.stream.AbstractPipeline.copyInto(Unknown Source)
	at java.util.stream.AbstractPipeline.wrapAndCopyInto(Unknown Source)
	at java.util.stream.ForEachOps$ForEachOp.evaluateSequential(Unknown Source)
	at java.util.stream.ForEachOps$ForEachOp$OfRef.evaluateSequential(Unknown Source)
	at java.util.stream.AbstractPipeline.evaluate(Unknown Source)
	at java.util.stream.ReferencePipeline.forEach(Unknown Source)
	at org.opendatakit.briefcase.util.FormCache.lambda$update$2(FormCache.java:117)
	at java.util.Optional.ifPresent(Unknown Source)
	at org.opendatakit.briefcase.util.FormCache.update(FormCache.java:113)
	at org.opendatakit.briefcase.util.FormCache.onPullSuccess(FormCache.java:150)
	at sun.reflect.GeneratedMethodAccessor11.invoke(Unknown Source)
	at sun.reflect.DelegatingMethodAccessorImpl.invoke(Unknown Source)
	at java.lang.reflect.Method.invoke(Unknown Source)
	at org.bushe.swing.event.annotation.BaseProxySubscriber.onEvent(BaseProxySubscriber.java:69)
	at org.bushe.swing.event.ThreadSafeEventService.publish(ThreadSafeEventService.java:971)
	at org.bushe.swing.event.SwingEventService.access$001(SwingEventService.java:31)
	at org.bushe.swing.event.SwingEventService$1.run(SwingEventService.java:88)
	at java.awt.event.InvocationEvent.dispatch(Unknown Source)
	at java.awt.EventQueue.dispatchEventImpl(Unknown Source)
	at java.awt.EventQueue.access$500(Unknown Source)
	at java.awt.EventQueue$3.run(Unknown Source)
	at java.awt.EventQueue$3.run(Unknown Source)
	at java.security.AccessController.doPrivileged(Native Method)
	at java.security.ProtectionDomain$JavaSecurityAccessImpl.doIntersectionPrivilege(Unknown Source)
	at java.awt.EventQueue.dispatchEvent(Unknown Source)
	at java.awt.EventDispatchThread.pumpOneEventForFilters(Unknown Source)
	at java.awt.EventDispatchThread.pumpEventsForFilter(Unknown Source)
	at java.awt.EventDispatchThread.pumpEventsForHierarchy(Unknown Source)
	at java.awt.EventDispatchThread.pumpEvents(Unknown Source)
	at java.awt.EventDispatchThread.pumpEvents(Unknown Source)
	at java.awt.EventDispatchThread.run(Unknown Source)
Caused by: org.opendatakit.aggregate.exception.ODKIncompleteSubmissionData: org.javarosa.xform.parse.XFormParseException: XML Syntax Error at Line: 1, Column: 10266!
	at org.opendatakit.aggregate.parser.BaseFormParserForJavaRosa.parseFormDefinition(BaseFormParserForJavaRosa.java:210)
	at org.opendatakit.aggregate.parser.BaseFormParserForJavaRosa.<init>(BaseFormParserForJavaRosa.java:359)
	at org.opendatakit.briefcase.util.JavaRosaParserWrapper.<init>(JavaRosaParserWrapper.java:15)
	at org.opendatakit.briefcase.model.BriefcaseFormDefinition.<init>(BriefcaseFormDefinition.java:294)
	... 36 common frames omitted
Caused by: org.javarosa.xform.parse.XFormParseException: XML Syntax Error at Line: 1, Column: 10266!
	at org.javarosa.xform.parse.XFormParser.getXMLDocument(XFormParser.java:448)
	at org.javarosa.xform.parse.XFormParser.getXMLDocument(XFormParser.java:414)
	at org.opendatakit.aggregate.parser.BaseFormParserForJavaRosa.parseFormDefinition(BaseFormParserForJavaRosa.java:207)
	... 39 common frames omitted
2026-02-24 19:42:58,964 [ForkJoinPool-7-worker-15] INFO  o.o.b.p.a.PullFromAggregateTracker - Pull Formulário da Vigilancia Hospitalar - Laboratório - Submission 6 of 26 downloaded
2026-02-24 19:42:58,964 [ForkJoinPool-7-worker-9] INFO  o.o.b.p.a.PullFromAggregateTracker - Pull Formulário da Vigilancia Hospitalar - Laboratório - Submission 11 of 26 downloaded
2026-02-24 19:42:58,964 [ForkJoinPool-7-worker-3] INFO  o.o.b.p.a.PullFromAggregateTracker - Pull Formulário da Vigilancia Hospitalar - Laboratório - Submission 7 of 26 downloaded
2026-02-24 19:42:58,966 [ForkJoinPool-7-worker-9] INFO  o.o.b.p.a.PullFromAggregateTracker - Pull Formulário da Vigilancia Hospitalar - Laboratório - Start downloading submission 14 of 26
2026-02-24 19:42:58,968 [ForkJoinPool-7-worker-15] INFO  o.o.b.p.a.PullFromAggregateTracker - Pull Formulário da Vigilancia Hospitalar - Laboratório - Start downloading submission 16 of 26
2026-02-24 19:42:58,966 [ForkJoinPool-7-worker-3] INFO  o.o.b.p.a.PullFromAggregateTracker - Pull Formulário da Vigilancia Hospitalar - Laboratório - Start downloading submission 15 of 26
2026-02-24 19:42:58,981 [ForkJoinPool-7-worker-6] INFO  o.o.b.p.a.PullFromAggregateTracker - Pull VIGILÂNCIA  AMBIENTAL - Got all the submission IDs
2026-02-24 19:42:58,993 [ForkJoinPool-7-worker-6] INFO  o.o.b.p.a.PullFromAggregateTracker - Push VIGILÂNCIA  AMBIENTAL - There are no submissions to download
2026-02-24 19:42:58,995 [ForkJoinPool-7-worker-6] INFO  o.o.b.p.a.PullFromAggregateTracker - Pull VIGILÂNCIA  AMBIENTAL - Success
2026-02-24 19:42:58,998 [ForkJoinPool-7-worker-6] INFO  o.o.b.p.a.PullFromAggregateTracker - Pull Formulário da Vigilancia Hospitalar - Laboratório - Start downloading submission 17 of 26
2026-02-24 19:42:59,021 [AWT-EventQueue-0] ERROR XFormParser - XML Syntax Error at Line: 1, Column: 10266!
org.xmlpull.v1.XmlPullParserException: element stack empty (position:END_TAG </input>@1:10266 in java.io.StringReader@6cf463) 
	at org.kxml2.io.KXmlParser.exception(Unknown Source)
	at org.kxml2.io.KXmlParser.error(Unknown Source)
	at org.kxml2.io.KXmlParser.parseEndTag(Unknown Source)
	at org.kxml2.io.KXmlParser.nextImpl(Unknown Source)
	at org.kxml2.io.KXmlParser.nextToken(Unknown Source)
	at org.kxml2.kdom.Element.parse(Unknown Source)
	at org.kxml2.kdom.Node.parse(Unknown Source)
	at org.kxml2.kdom.Document.parse(Unknown Source)
	at org.javarosa.xform.parse.XFormParser.getXMLDocument(XFormParser.java:444)
	at org.javarosa.xform.parse.XFormParser.getXMLDocument(XFormParser.java:414)
	at org.opendatakit.aggregate.parser.BaseFormParserForJavaRosa.parseFormDefinition(BaseFormParserForJavaRosa.java:207)
	at org.opendatakit.aggregate.parser.BaseFormParserForJavaRosa.<init>(BaseFormParserForJavaRosa.java:359)
	at org.opendatakit.briefcase.util.JavaRosaParserWrapper.<init>(JavaRosaParserWrapper.java:15)
	at org.opendatakit.briefcase.model.BriefcaseFormDefinition.<init>(BriefcaseFormDefinition.java:294)
	at org.opendatakit.briefcase.util.FormCache.lambda$update$1(FormCache.java:123)
	at java.util.stream.ForEachOps$ForEachOp$OfRef.accept(Unknown Source)
	at java.util.stream.ReferencePipeline$2$1.accept(Unknown Source)
	at java.util.Iterator.forEachRemaining(Unknown Source)
	at java.util.Spliterators$IteratorSpliterator.forEachRemaining(Unknown Source)
	at java.util.stream.AbstractPipeline.copyInto(Unknown Source)
	at java.util.stream.AbstractPipeline.wrapAndCopyInto(Unknown Source)
	at java.util.stream.ForEachOps$ForEachOp.evaluateSequential(Unknown Source)
	at java.util.stream.ForEachOps$ForEachOp$OfRef.evaluateSequential(Unknown Source)
	at java.util.stream.AbstractPipeline.evaluate(Unknown Source)
	at java.util.stream.ReferencePipeline.forEach(Unknown Source)
	at org.opendatakit.briefcase.util.FormCache.lambda$update$2(FormCache.java:117)
	at java.util.Optional.ifPresent(Unknown Source)
	at org.opendatakit.briefcase.util.FormCache.update(FormCache.java:113)
	at org.opendatakit.briefcase.util.FormCache.onPullSuccess(FormCache.java:150)
	at sun.reflect.GeneratedMethodAccessor11.invoke(Unknown Source)
	at sun.reflect.DelegatingMethodAccessorImpl.invoke(Unknown Source)
	at java.lang.reflect.Method.invoke(Unknown Source)
	at org.bushe.swing.event.annotation.BaseProxySubscriber.onEvent(BaseProxySubscriber.java:69)
	at org.bushe.swing.event.ThreadSafeEventService.publish(ThreadSafeEventService.java:971)
	at org.bushe.swing.event.SwingEventService.access$001(SwingEventService.java:31)
	at org.bushe.swing.event.SwingEventService$1.run(SwingEventService.java:88)
	at java.awt.event.InvocationEvent.dispatch(Unknown Source)
	at java.awt.EventQueue.dispatchEventImpl(Unknown Source)
	at java.awt.EventQueue.access$500(Unknown Source)
	at java.awt.EventQueue$3.run(Unknown Source)
	at java.awt.EventQueue$3.run(Unknown Source)
	at java.security.AccessController.doPrivileged(Native Method)
	at java.security.ProtectionDomain$JavaSecurityAccessImpl.doIntersectionPrivilege(Unknown Source)
	at java.awt.EventQueue.dispatchEvent(Unknown Source)
	at java.awt.EventDispatchThread.pumpOneEventForFilters(Unknown Source)
	at java.awt.EventDispatchThread.pumpEventsForFilter(Unknown Source)
	at java.awt.EventDispatchThread.pumpEventsForHierarchy(Unknown Source)
	at java.awt.EventDispatchThread.pumpEvents(Unknown Source)
	at java.awt.EventDispatchThread.pumpEvents(Unknown Source)
	at java.awt.EventDispatchThread.run(Unknown Source)
2026-02-24 19:42:59,021 [AWT-EventQueue-0] WARN  o.o.briefcase.util.FormCache - Can't parse form file
org.opendatakit.briefcase.util.BadFormDefinition: org.opendatakit.aggregate.exception.ODKIncompleteSubmissionData: org.javarosa.xform.parse.XFormParseException: XML Syntax Error at Line: 1, Column: 10266!
	at org.opendatakit.briefcase.model.BriefcaseFormDefinition.<init>(BriefcaseFormDefinition.java:297)
	at org.opendatakit.briefcase.util.FormCache.lambda$update$1(FormCache.java:123)
	at java.util.stream.ForEachOps$ForEachOp$OfRef.accept(Unknown Source)
	at java.util.stream.ReferencePipeline$2$1.accept(Unknown Source)
	at java.util.Iterator.forEachRemaining(Unknown Source)
	at java.util.Spliterators$IteratorSpliterator.forEachRemaining(Unknown Source)
	at java.util.stream.AbstractPipeline.copyInto(Unknown Source)
	at java.util.stream.AbstractPipeline.wrapAndCopyInto(Unknown Source)
	at java.util.stream.ForEachOps$ForEachOp.evaluateSequential(Unknown Source)
	at java.util.stream.ForEachOps$ForEachOp$OfRef.evaluateSequential(Unknown Source)
	at java.util.stream.AbstractPipeline.evaluate(Unknown Source)
	at java.util.stream.ReferencePipeline.forEach(Unknown Source)
	at org.opendatakit.briefcase.util.FormCache.lambda$update$2(FormCache.java:117)
	at java.util.Optional.ifPresent(Unknown Source)
	at org.opendatakit.briefcase.util.FormCache.update(FormCache.java:113)
	at org.opendatakit.briefcase.util.FormCache.onPullSuccess(FormCache.java:150)
	at sun.reflect.GeneratedMethodAccessor11.invoke(Unknown Source)
	at sun.reflect.DelegatingMethodAccessorImpl.invoke(Unknown Source)
	at java.lang.reflect.Method.invoke(Unknown Source)
	at org.bushe.swing.event.annotation.BaseProxySubscriber.onEvent(BaseProxySubscriber.java:69)
	at org.bushe.swing.event.ThreadSafeEventService.publish(ThreadSafeEventService.java:971)
	at org.bushe.swing.event.SwingEventService.access$001(SwingEventService.java:31)
	at org.bushe.swing.event.SwingEventService$1.run(SwingEventService.java:88)
	at java.awt.event.InvocationEvent.dispatch(Unknown Source)
	at java.awt.EventQueue.dispatchEventImpl(Unknown Source)
	at java.awt.EventQueue.access$500(Unknown Source)
	at java.awt.EventQueue$3.run(Unknown Source)
	at java.awt.EventQueue$3.run(Unknown Source)
	at java.security.AccessController.doPrivileged(Native Method)
	at java.security.ProtectionDomain$JavaSecurityAccessImpl.doIntersectionPrivilege(Unknown Source)
	at java.awt.EventQueue.dispatchEvent(Unknown Source)
	at java.awt.EventDispatchThread.pumpOneEventForFilters(Unknown Source)
	at java.awt.EventDispatchThread.pumpEventsForFilter(Unknown Source)
	at java.awt.EventDispatchThread.pumpEventsForHierarchy(Unknown Source)
	at java.awt.EventDispatchThread.pumpEvents(Unknown Source)
	at java.awt.EventDispatchThread.pumpEvents(Unknown Source)
	at java.awt.EventDispatchThread.run(Unknown Source)
Caused by: org.opendatakit.aggregate.exception.ODKIncompleteSubmissionData: org.javarosa.xform.parse.XFormParseException: XML Syntax Error at Line: 1, Column: 10266!
	at org.opendatakit.aggregate.parser.BaseFormParserForJavaRosa.parseFormDefinition(BaseFormParserForJavaRosa.java:210)
	at org.opendatakit.aggregate.parser.BaseFormParserForJavaRosa.<init>(BaseFormParserForJavaRosa.java:359)
	at org.opendatakit.briefcase.util.JavaRosaParserWrapper.<init>(JavaRosaParserWrapper.java:15)
	at org.opendatakit.briefcase.model.BriefcaseFormDefinition.<init>(BriefcaseFormDefinition.java:294)
	... 36 common frames omitted
Caused by: org.javarosa.xform.parse.XFormParseException: XML Syntax Error at Line: 1, Column: 10266!
	at org.javarosa.xform.parse.XFormParser.getXMLDocument(XFormParser.java:448)
	at org.javarosa.xform.parse.XFormParser.getXMLDocument(XFormParser.java:414)
	at org.opendatakit.aggregate.parser.BaseFormParserForJavaRosa.parseFormDefinition(BaseFormParserForJavaRosa.java:207)
	... 39 common frames omitted
2026-02-24 19:42:59,044 [ForkJoinPool-7-worker-11] INFO  o.o.b.p.a.PullFromAggregateTracker - Pull Formulário da Vigilancia Hospitalar - Got all the submission IDs
2026-02-24 19:42:59,319 [ForkJoinPool-7-worker-10] INFO  o.o.b.p.a.PullFromAggregateTracker - Pull Formulário da Vigilancia Comunitaria - Got all the submission IDs
2026-02-24 19:42:59,319 [ForkJoinPool-7-worker-13] INFO  o.o.b.p.a.PullFromAggregateTracker - Pull Formulário da Vigilancia Hospitalar - Laboratório - Submission 12 of 26 downloaded
2026-02-24 19:42:59,323 [ForkJoinPool-7-worker-13] INFO  o.o.b.p.a.PullFromAggregateTracker - Pull Formulário da Vigilancia Hospitalar - Laboratório - Start downloading submission 18 of 26
2026-02-24 19:42:59,325 [ForkJoinPool-7-worker-1] INFO  o.o.b.p.a.PullFromAggregateTracker - Pull Formulário da Vigilancia Hospitalar - Laboratório - Submission 13 of 26 downloaded
2026-02-24 19:42:59,326 [ForkJoinPool-7-worker-9] INFO  o.o.b.p.a.PullFromAggregateTracker - Pull Formulário da Vigilancia Hospitalar - Laboratório - Submission 14 of 26 downloaded
2026-02-24 19:42:59,329 [ForkJoinPool-7-worker-1] INFO  o.o.b.p.a.PullFromAggregateTracker - Pull Formulário da Vigilancia Hospitalar - Laboratório - Start downloading submission 19 of 26
2026-02-24 19:42:59,330 [ForkJoinPool-7-worker-9] INFO  o.o.b.p.a.PullFromAggregateTracker - Pull Formulário da Vigilancia Hospitalar - Laboratório - Start downloading submission 20 of 26
2026-02-24 19:42:59,343 [ForkJoinPool-7-worker-2] INFO  o.o.b.p.a.PullFromAggregateTracker - Pull Formulário da Vigilancia Hospitalar - Form downloaded
2026-02-24 19:42:59,343 [ForkJoinPool-7-worker-2] INFO  o.o.b.p.a.PullFromAggregateTracker - Pull Formulário da Vigilancia Hospitalar - Start getting submission IDs
2026-02-24 19:42:59,373 [ForkJoinPool-7-worker-11] INFO  o.o.b.p.a.PullFromAggregateTracker - Push Formulário da Vigilancia Hospitalar - There are no submissions to download
2026-02-24 19:42:59,378 [ForkJoinPool-7-worker-11] INFO  o.o.b.p.a.PullFromAggregateTracker - Pull Formulário da Vigilancia Hospitalar - Success
2026-02-24 19:42:59,385 [ForkJoinPool-7-worker-11] INFO  o.o.b.p.a.PullFromAggregateTracker - Pull Formulário da Vigilancia Hospitalar - Start pulling form and submissions
2026-02-24 19:42:59,385 [ForkJoinPool-7-worker-15] INFO  o.o.b.p.a.PullFromAggregateTracker - Pull Formulário da Vigilancia Hospitalar - Laboratório - Submission 16 of 26 downloaded
2026-02-24 19:42:59,385 [ForkJoinPool-7-worker-11] INFO  o.o.b.p.a.PullFromAggregateTracker - Pull Formulário da Vigilancia Hospitalar - Start downloading form
2026-02-24 19:42:59,385 [ForkJoinPool-7-worker-15] INFO  o.o.b.p.a.PullFromAggregateTracker - Pull VIGILÂNCIA  AMBIENTAL - Start pulling form and submissions
2026-02-24 19:42:59,385 [ForkJoinPool-7-worker-15] INFO  o.o.b.p.a.PullFromAggregateTracker - Pull VIGILÂNCIA  AMBIENTAL - Start downloading form
2026-02-24 19:42:59,388 [AWT-EventQueue-0] INFO  XFormParser - Reading XML and parsing with kXML2 finished in 23.311 ms
2026-02-24 19:42:59,410 [AWT-EventQueue-0] INFO  XFormParser - Consolidating text finished in 21.553 ms
2026-02-24 19:42:59,410 [AWT-EventQueue-0] INFO  XFormParser - Parsing form...
2026-02-24 19:42:59,410 [AWT-EventQueue-0] INFO  XFormParser - Title: "Formulário da Vigilancia Hospitalar"
2026-02-24 19:42:59,410 [AWT-EventQueue-0] WARN  XFormParser - XForm Parse Warning: Warning: 1 Unrecognized attributes found in Element [model] and will be ignored: [xforms-version] 
    Problem found at nodeset: /html/head/model
    With element <model xforms-version="1.0.0"><instance><data id="hospitalar_v3" version="3" prefix="Hospitalar_v3" delimiter="$">...

2026-02-24 19:42:59,423 [ForkJoinPool-7-worker-10] INFO  o.o.b.p.a.PullFromAggregateTracker - Push Formulário da Vigilancia Comunitaria - There are no submissions to download
2026-02-24 19:42:59,425 [ForkJoinPool-7-worker-10] INFO  o.o.b.p.a.PullFromAggregateTracker - Pull Formulário da Vigilancia Comunitaria - Success
2026-02-24 19:42:59,427 [ForkJoinPool-7-worker-10] INFO  o.o.b.p.a.PullFromAggregateTracker - Pull Formulário da Vigilancia Hospitalar - Laboratório - Start downloading submission 21 of 26
2026-02-24 19:42:59,454 [AWT-EventQueue-0] INFO  XFormParser - Creating FormDef from parsed XML finished in 42.444 ms
2026-02-24 19:42:59,458 [AWT-EventQueue-0] ERROR XFormParser - XML Syntax Error at Line: 1, Column: 10266!
org.xmlpull.v1.XmlPullParserException: element stack empty (position:END_TAG </input>@1:10266 in java.io.StringReader@8e50c7) 
	at org.kxml2.io.KXmlParser.exception(Unknown Source)
	at org.kxml2.io.KXmlParser.error(Unknown Source)
	at org.kxml2.io.KXmlParser.parseEndTag(Unknown Source)
	at org.kxml2.io.KXmlParser.nextImpl(Unknown Source)
	at org.kxml2.io.KXmlParser.nextToken(Unknown Source)
	at org.kxml2.kdom.Element.parse(Unknown Source)
	at org.kxml2.kdom.Node.parse(Unknown Source)
	at org.kxml2.kdom.Document.parse(Unknown Source)
	at org.javarosa.xform.parse.XFormParser.getXMLDocument(XFormParser.java:444)
	at org.javarosa.xform.parse.XFormParser.getXMLDocument(XFormParser.java:414)
	at org.opendatakit.aggregate.parser.BaseFormParserForJavaRosa.parseFormDefinition(BaseFormParserForJavaRosa.java:207)
	at org.opendatakit.aggregate.parser.BaseFormParserForJavaRosa.<init>(BaseFormParserForJavaRosa.java:359)
	at org.opendatakit.briefcase.util.JavaRosaParserWrapper.<init>(JavaRosaParserWrapper.java:15)
	at org.opendatakit.briefcase.model.BriefcaseFormDefinition.<init>(BriefcaseFormDefinition.java:294)
	at org.opendatakit.briefcase.util.FormCache.lambda$update$1(FormCache.java:123)
	at java.util.stream.ForEachOps$ForEachOp$OfRef.accept(Unknown Source)
	at java.util.stream.ReferencePipeline$2$1.accept(Unknown Source)
	at java.util.Iterator.forEachRemaining(Unknown Source)
	at java.util.Spliterators$IteratorSpliterator.forEachRemaining(Unknown Source)
	at java.util.stream.AbstractPipeline.copyInto(Unknown Source)
	at java.util.stream.AbstractPipeline.wrapAndCopyInto(Unknown Source)
	at java.util.stream.ForEachOps$ForEachOp.evaluateSequential(Unknown Source)
	at java.util.stream.ForEachOps$ForEachOp$OfRef.evaluateSequential(Unknown Source)
	at java.util.stream.AbstractPipeline.evaluate(Unknown Source)
	at java.util.stream.ReferencePipeline.forEach(Unknown Source)
	at org.opendatakit.briefcase.util.FormCache.lambda$update$2(FormCache.java:117)
	at java.util.Optional.ifPresent(Unknown Source)
	at org.opendatakit.briefcase.util.FormCache.update(FormCache.java:113)
	at org.opendatakit.briefcase.util.FormCache.onPullSuccess(FormCache.java:150)
	at sun.reflect.GeneratedMethodAccessor11.invoke(Unknown Source)
	at sun.reflect.DelegatingMethodAccessorImpl.invoke(Unknown Source)
	at java.lang.reflect.Method.invoke(Unknown Source)
	at org.bushe.swing.event.annotation.BaseProxySubscriber.onEvent(BaseProxySubscriber.java:69)
	at org.bushe.swing.event.ThreadSafeEventService.publish(ThreadSafeEventService.java:971)
	at org.bushe.swing.event.SwingEventService.access$001(SwingEventService.java:31)
	at org.bushe.swing.event.SwingEventService$1.run(SwingEventService.java:88)
	at java.awt.event.InvocationEvent.dispatch(Unknown Source)
	at java.awt.EventQueue.dispatchEventImpl(Unknown Source)
	at java.awt.EventQueue.access$500(Unknown Source)
	at java.awt.EventQueue$3.run(Unknown Source)
	at java.awt.EventQueue$3.run(Unknown Source)
	at java.security.AccessController.doPrivileged(Native Method)
	at java.security.ProtectionDomain$JavaSecurityAccessImpl.doIntersectionPrivilege(Unknown Source)
	at java.awt.EventQueue.dispatchEvent(Unknown Source)
	at java.awt.EventDispatchThread.pumpOneEventForFilters(Unknown Source)
	at java.awt.EventDispatchThread.pumpEventsForFilter(Unknown Source)
	at java.awt.EventDispatchThread.pumpEventsForHierarchy(Unknown Source)
	at java.awt.EventDispatchThread.pumpEvents(Unknown Source)
	at java.awt.EventDispatchThread.pumpEvents(Unknown Source)
	at java.awt.EventDispatchThread.run(Unknown Source)
2026-02-24 19:42:59,458 [AWT-EventQueue-0] WARN  o.o.briefcase.util.FormCache - Can't parse form file
org.opendatakit.briefcase.util.BadFormDefinition: org.opendatakit.aggregate.exception.ODKIncompleteSubmissionData: org.javarosa.xform.parse.XFormParseException: XML Syntax Error at Line: 1, Column: 10266!
	at org.opendatakit.briefcase.model.BriefcaseFormDefinition.<init>(BriefcaseFormDefinition.java:297)
	at org.opendatakit.briefcase.util.FormCache.lambda$update$1(FormCache.java:123)
	at java.util.stream.ForEachOps$ForEachOp$OfRef.accept(Unknown Source)
	at java.util.stream.ReferencePipeline$2$1.accept(Unknown Source)
	at java.util.Iterator.forEachRemaining(Unknown Source)
	at java.util.Spliterators$IteratorSpliterator.forEachRemaining(Unknown Source)
	at java.util.stream.AbstractPipeline.copyInto(Unknown Source)
	at java.util.stream.AbstractPipeline.wrapAndCopyInto(Unknown Source)
	at java.util.stream.ForEachOps$ForEachOp.evaluateSequential(Unknown Source)
	at java.util.stream.ForEachOps$ForEachOp$OfRef.evaluateSequential(Unknown Source)
	at java.util.stream.AbstractPipeline.evaluate(Unknown Source)
	at java.util.stream.ReferencePipeline.forEach(Unknown Source)
	at org.opendatakit.briefcase.util.FormCache.lambda$update$2(FormCache.java:117)
	at java.util.Optional.ifPresent(Unknown Source)
	at org.opendatakit.briefcase.util.FormCache.update(FormCache.java:113)
	at org.opendatakit.briefcase.util.FormCache.onPullSuccess(FormCache.java:150)
	at sun.reflect.GeneratedMethodAccessor11.invoke(Unknown Source)
	at sun.reflect.DelegatingMethodAccessorImpl.invoke(Unknown Source)
	at java.lang.reflect.Method.invoke(Unknown Source)
	at org.bushe.swing.event.annotation.BaseProxySubscriber.onEvent(BaseProxySubscriber.java:69)
	at org.bushe.swing.event.ThreadSafeEventService.publish(ThreadSafeEventService.java:971)
	at org.bushe.swing.event.SwingEventService.access$001(SwingEventService.java:31)
	at org.bushe.swing.event.SwingEventService$1.run(SwingEventService.java:88)
	at java.awt.event.InvocationEvent.dispatch(Unknown Source)
	at java.awt.EventQueue.dispatchEventImpl(Unknown Source)
	at java.awt.EventQueue.access$500(Unknown Source)
	at java.awt.EventQueue$3.run(Unknown Source)
	at java.awt.EventQueue$3.run(Unknown Source)
	at java.security.AccessController.doPrivileged(Native Method)
	at java.security.ProtectionDomain$JavaSecurityAccessImpl.doIntersectionPrivilege(Unknown Source)
	at java.awt.EventQueue.dispatchEvent(Unknown Source)
	at java.awt.EventDispatchThread.pumpOneEventForFilters(Unknown Source)
	at java.awt.EventDispatchThread.pumpEventsForFilter(Unknown Source)
	at java.awt.EventDispatchThread.pumpEventsForHierarchy(Unknown Source)
	at java.awt.EventDispatchThread.pumpEvents(Unknown Source)
	at java.awt.EventDispatchThread.pumpEvents(Unknown Source)
	at java.awt.EventDispatchThread.run(Unknown Source)
Caused by: org.opendatakit.aggregate.exception.ODKIncompleteSubmissionData: org.javarosa.xform.parse.XFormParseException: XML Syntax Error at Line: 1, Column: 10266!
	at org.opendatakit.aggregate.parser.BaseFormParserForJavaRosa.parseFormDefinition(BaseFormParserForJavaRosa.java:210)
	at org.opendatakit.aggregate.parser.BaseFormParserForJavaRosa.<init>(BaseFormParserForJavaRosa.java:359)
	at org.opendatakit.briefcase.util.JavaRosaParserWrapper.<init>(JavaRosaParserWrapper.java:15)
	at org.opendatakit.briefcase.model.BriefcaseFormDefinition.<init>(BriefcaseFormDefinition.java:294)
	... 36 common frames omitted
Caused by: org.javarosa.xform.parse.XFormParseException: XML Syntax Error at Line: 1, Column: 10266!
	at org.javarosa.xform.parse.XFormParser.getXMLDocument(XFormParser.java:448)
	at org.javarosa.xform.parse.XFormParser.getXMLDocument(XFormParser.java:414)
	at org.opendatakit.aggregate.parser.BaseFormParserForJavaRosa.parseFormDefinition(BaseFormParserForJavaRosa.java:207)
	... 39 common frames omitted
2026-02-24 19:42:59,555 [AWT-EventQueue-0] INFO  XFormParser - Reading XML and parsing with kXML2 finished in 30.249 ms
2026-02-24 19:42:59,561 [AWT-EventQueue-0] INFO  XFormParser - Consolidating text finished in 5.852 ms
2026-02-24 19:42:59,561 [AWT-EventQueue-0] INFO  XFormParser - Parsing form...
2026-02-24 19:42:59,561 [AWT-EventQueue-0] INFO  XFormParser - Title: "Formulário da Vigilancia Hospitalar"
2026-02-24 19:42:59,561 [AWT-EventQueue-0] WARN  XFormParser - XForm Parse Warning: Warning: 1 Unrecognized attributes found in Element [model] and will be ignored: [xforms-version] 
    Problem found at nodeset: /html/head/model
    With element <model xforms-version="1.0.0"><instance><data id="hospitalar_v3" version="3" prefix="Hospitalar_v3" delimiter="$">...

2026-02-24 19:42:59,604 [AWT-EventQueue-0] INFO  XFormParser - Creating FormDef from parsed XML finished in 43.709 ms
2026-02-24 19:42:59,609 [AWT-EventQueue-0] ERROR XFormParser - XML Syntax Error at Line: 1, Column: 10266!
org.xmlpull.v1.XmlPullParserException: element stack empty (position:END_TAG </input>@1:10266 in java.io.StringReader@1a26749) 
	at org.kxml2.io.KXmlParser.exception(Unknown Source)
	at org.kxml2.io.KXmlParser.error(Unknown Source)
	at org.kxml2.io.KXmlParser.parseEndTag(Unknown Source)
	at org.kxml2.io.KXmlParser.nextImpl(Unknown Source)
	at org.kxml2.io.KXmlParser.nextToken(Unknown Source)
	at org.kxml2.kdom.Element.parse(Unknown Source)
	at org.kxml2.kdom.Node.parse(Unknown Source)
	at org.kxml2.kdom.Document.parse(Unknown Source)
	at org.javarosa.xform.parse.XFormParser.getXMLDocument(XFormParser.java:444)
	at org.javarosa.xform.parse.XFormParser.getXMLDocument(XFormParser.java:414)
	at org.opendatakit.aggregate.parser.BaseFormParserForJavaRosa.parseFormDefinition(BaseFormParserForJavaRosa.java:207)
	at org.opendatakit.aggregate.parser.BaseFormParserForJavaRosa.<init>(BaseFormParserForJavaRosa.java:359)
	at org.opendatakit.briefcase.util.JavaRosaParserWrapper.<init>(JavaRosaParserWrapper.java:15)
	at org.opendatakit.briefcase.model.BriefcaseFormDefinition.<init>(BriefcaseFormDefinition.java:294)
	at org.opendatakit.briefcase.util.FormCache.lambda$update$1(FormCache.java:123)
	at java.util.stream.ForEachOps$ForEachOp$OfRef.accept(Unknown Source)
	at java.util.stream.ReferencePipeline$2$1.accept(Unknown Source)
	at java.util.Iterator.forEachRemaining(Unknown Source)
	at java.util.Spliterators$IteratorSpliterator.forEachRemaining(Unknown Source)
	at java.util.stream.AbstractPipeline.copyInto(Unknown Source)
	at java.util.stream.AbstractPipeline.wrapAndCopyInto(Unknown Source)
	at java.util.stream.ForEachOps$ForEachOp.evaluateSequential(Unknown Source)
	at java.util.stream.ForEachOps$ForEachOp$OfRef.evaluateSequential(Unknown Source)
	at java.util.stream.AbstractPipeline.evaluate(Unknown Source)
	at java.util.stream.ReferencePipeline.forEach(Unknown Source)
	at org.opendatakit.briefcase.util.FormCache.lambda$update$2(FormCache.java:117)
	at java.util.Optional.ifPresent(Unknown Source)
	at org.opendatakit.briefcase.util.FormCache.update(FormCache.java:113)
	at org.opendatakit.briefcase.util.FormCache.onPullSuccess(FormCache.java:150)
	at sun.reflect.GeneratedMethodAccessor11.invoke(Unknown Source)
	at sun.reflect.DelegatingMethodAccessorImpl.invoke(Unknown Source)
	at java.lang.reflect.Method.invoke(Unknown Source)
	at org.bushe.swing.event.annotation.BaseProxySubscriber.onEvent(BaseProxySubscriber.java:69)
	at org.bushe.swing.event.ThreadSafeEventService.publish(ThreadSafeEventService.java:971)
	at org.bushe.swing.event.SwingEventService.access$001(SwingEventService.java:31)
	at org.bushe.swing.event.SwingEventService$1.run(SwingEventService.java:88)
	at java.awt.event.InvocationEvent.dispatch(Unknown Source)
	at java.awt.EventQueue.dispatchEventImpl(Unknown Source)
	at java.awt.EventQueue.access$500(Unknown Source)
	at java.awt.EventQueue$3.run(Unknown Source)
	at java.awt.EventQueue$3.run(Unknown Source)
	at java.security.AccessController.doPrivileged(Native Method)
	at java.security.ProtectionDomain$JavaSecurityAccessImpl.doIntersectionPrivilege(Unknown Source)
	at java.awt.EventQueue.dispatchEvent(Unknown Source)
	at java.awt.EventDispatchThread.pumpOneEventForFilters(Unknown Source)
	at java.awt.EventDispatchThread.pumpEventsForFilter(Unknown Source)
	at java.awt.EventDispatchThread.pumpEventsForHierarchy(Unknown Source)
	at java.awt.EventDispatchThread.pumpEvents(Unknown Source)
	at java.awt.EventDispatchThread.pumpEvents(Unknown Source)
	at java.awt.EventDispatchThread.run(Unknown Source)
2026-02-24 19:42:59,609 [AWT-EventQueue-0] WARN  o.o.briefcase.util.FormCache - Can't parse form file
org.opendatakit.briefcase.util.BadFormDefinition: org.opendatakit.aggregate.exception.ODKIncompleteSubmissionData: org.javarosa.xform.parse.XFormParseException: XML Syntax Error at Line: 1, Column: 10266!
	at org.opendatakit.briefcase.model.BriefcaseFormDefinition.<init>(BriefcaseFormDefinition.java:297)
	at org.opendatakit.briefcase.util.FormCache.lambda$update$1(FormCache.java:123)
	at java.util.stream.ForEachOps$ForEachOp$OfRef.accept(Unknown Source)
	at java.util.stream.ReferencePipeline$2$1.accept(Unknown Source)
	at java.util.Iterator.forEachRemaining(Unknown Source)
	at java.util.Spliterators$IteratorSpliterator.forEachRemaining(Unknown Source)
	at java.util.stream.AbstractPipeline.copyInto(Unknown Source)
	at java.util.stream.AbstractPipeline.wrapAndCopyInto(Unknown Source)
	at java.util.stream.ForEachOps$ForEachOp.evaluateSequential(Unknown Source)
	at java.util.stream.ForEachOps$ForEachOp$OfRef.evaluateSequential(Unknown Source)
	at java.util.stream.AbstractPipeline.evaluate(Unknown Source)
	at java.util.stream.ReferencePipeline.forEach(Unknown Source)
	at org.opendatakit.briefcase.util.FormCache.lambda$update$2(FormCache.java:117)
	at java.util.Optional.ifPresent(Unknown Source)
	at org.opendatakit.briefcase.util.FormCache.update(FormCache.java:113)
	at org.opendatakit.briefcase.util.FormCache.onPullSuccess(FormCache.java:150)
	at sun.reflect.GeneratedMethodAccessor11.invoke(Unknown Source)
	at sun.reflect.DelegatingMethodAccessorImpl.invoke(Unknown Source)
	at java.lang.reflect.Method.invoke(Unknown Source)
	at org.bushe.swing.event.annotation.BaseProxySubscriber.onEvent(BaseProxySubscriber.java:69)
	at org.bushe.swing.event.ThreadSafeEventService.publish(ThreadSafeEventService.java:971)
	at org.bushe.swing.event.SwingEventService.access$001(SwingEventService.java:31)
	at org.bushe.swing.event.SwingEventService$1.run(SwingEventService.java:88)
	at java.awt.event.InvocationEvent.dispatch(Unknown Source)
	at java.awt.EventQueue.dispatchEventImpl(Unknown Source)
	at java.awt.EventQueue.access$500(Unknown Source)
	at java.awt.EventQueue$3.run(Unknown Source)
	at java.awt.EventQueue$3.run(Unknown Source)
	at java.security.AccessController.doPrivileged(Native Method)
	at java.security.ProtectionDomain$JavaSecurityAccessImpl.doIntersectionPrivilege(Unknown Source)
	at java.awt.EventQueue.dispatchEvent(Unknown Source)
	at java.awt.EventDispatchThread.pumpOneEventForFilters(Unknown Source)
	at java.awt.EventDispatchThread.pumpEventsForFilter(Unknown Source)
	at java.awt.EventDispatchThread.pumpEventsForHierarchy(Unknown Source)
	at java.awt.EventDispatchThread.pumpEvents(Unknown Source)
	at java.awt.EventDispatchThread.pumpEvents(Unknown Source)
	at java.awt.EventDispatchThread.run(Unknown Source)
Caused by: org.opendatakit.aggregate.exception.ODKIncompleteSubmissionData: org.javarosa.xform.parse.XFormParseException: XML Syntax Error at Line: 1, Column: 10266!
	at org.opendatakit.aggregate.parser.BaseFormParserForJavaRosa.parseFormDefinition(BaseFormParserForJavaRosa.java:210)
	at org.opendatakit.aggregate.parser.BaseFormParserForJavaRosa.<init>(BaseFormParserForJavaRosa.java:359)
	at org.opendatakit.briefcase.util.JavaRosaParserWrapper.<init>(JavaRosaParserWrapper.java:15)
	at org.opendatakit.briefcase.model.BriefcaseFormDefinition.<init>(BriefcaseFormDefinition.java:294)
	... 36 common frames omitted
Caused by: org.javarosa.xform.parse.XFormParseException: XML Syntax Error at Line: 1, Column: 10266!
	at org.javarosa.xform.parse.XFormParser.getXMLDocument(XFormParser.java:448)
	at org.javarosa.xform.parse.XFormParser.getXMLDocument(XFormParser.java:414)
	at org.opendatakit.aggregate.parser.BaseFormParserForJavaRosa.parseFormDefinition(BaseFormParserForJavaRosa.java:207)
	... 39 common frames omitted
2026-02-24 19:42:59,663 [AWT-EventQueue-0] ERROR XFormParser - XML Syntax Error at Line: 1, Column: 10266!
org.xmlpull.v1.XmlPullParserException: element stack empty (position:END_TAG </input>@1:10266 in java.io.StringReader@169dfd7) 
	at org.kxml2.io.KXmlParser.exception(Unknown Source)
	at org.kxml2.io.KXmlParser.error(Unknown Source)
	at org.kxml2.io.KXmlParser.parseEndTag(Unknown Source)
	at org.kxml2.io.KXmlParser.nextImpl(Unknown Source)
	at org.kxml2.io.KXmlParser.nextToken(Unknown Source)
	at org.kxml2.kdom.Element.parse(Unknown Source)
	at org.kxml2.kdom.Node.parse(Unknown Source)
	at org.kxml2.kdom.Document.parse(Unknown Source)
	at org.javarosa.xform.parse.XFormParser.getXMLDocument(XFormParser.java:444)
	at org.javarosa.xform.parse.XFormParser.getXMLDocument(XFormParser.java:414)
	at org.opendatakit.aggregate.parser.BaseFormParserForJavaRosa.parseFormDefinition(BaseFormParserForJavaRosa.java:207)
	at org.opendatakit.aggregate.parser.BaseFormParserForJavaRosa.<init>(BaseFormParserForJavaRosa.java:359)
	at org.opendatakit.briefcase.util.JavaRosaParserWrapper.<init>(JavaRosaParserWrapper.java:15)
	at org.opendatakit.briefcase.model.BriefcaseFormDefinition.<init>(BriefcaseFormDefinition.java:294)
	at org.opendatakit.briefcase.util.FormCache.lambda$update$1(FormCache.java:123)
	at java.util.stream.ForEachOps$ForEachOp$OfRef.accept(Unknown Source)
	at java.util.stream.ReferencePipeline$2$1.accept(Unknown Source)
	at java.util.Iterator.forEachRemaining(Unknown Source)
	at java.util.Spliterators$IteratorSpliterator.forEachRemaining(Unknown Source)
	at java.util.stream.AbstractPipeline.copyInto(Unknown Source)
	at java.util.stream.AbstractPipeline.wrapAndCopyInto(Unknown Source)
	at java.util.stream.ForEachOps$ForEachOp.evaluateSequential(Unknown Source)
	at java.util.stream.ForEachOps$ForEachOp$OfRef.evaluateSequential(Unknown Source)
	at java.util.stream.AbstractPipeline.evaluate(Unknown Source)
	at java.util.stream.ReferencePipeline.forEach(Unknown Source)
	at org.opendatakit.briefcase.util.FormCache.lambda$update$2(FormCache.java:117)
	at java.util.Optional.ifPresent(Unknown Source)
	at org.opendatakit.briefcase.util.FormCache.update(FormCache.java:113)
	at org.opendatakit.briefcase.util.FormCache.onPullSuccess(FormCache.java:150)
	at sun.reflect.GeneratedMethodAccessor11.invoke(Unknown Source)
	at sun.reflect.DelegatingMethodAccessorImpl.invoke(Unknown Source)
	at java.lang.reflect.Method.invoke(Unknown Source)
	at org.bushe.swing.event.annotation.BaseProxySubscriber.onEvent(BaseProxySubscriber.java:69)
	at org.bushe.swing.event.ThreadSafeEventService.publish(ThreadSafeEventService.java:971)
	at org.bushe.swing.event.SwingEventService.access$001(SwingEventService.java:31)
	at org.bushe.swing.event.SwingEventService$1.run(SwingEventService.java:88)
	at java.awt.event.InvocationEvent.dispatch(Unknown Source)
	at java.awt.EventQueue.dispatchEventImpl(Unknown Source)
	at java.awt.EventQueue.access$500(Unknown Source)
	at java.awt.EventQueue$3.run(Unknown Source)
	at java.awt.EventQueue$3.run(Unknown Source)
	at java.security.AccessController.doPrivileged(Native Method)
	at java.security.ProtectionDomain$JavaSecurityAccessImpl.doIntersectionPrivilege(Unknown Source)
	at java.awt.EventQueue.dispatchEvent(Unknown Source)
	at java.awt.EventDispatchThread.pumpOneEventForFilters(Unknown Source)
	at java.awt.EventDispatchThread.pumpEventsForFilter(Unknown Source)
	at java.awt.EventDispatchThread.pumpEventsForHierarchy(Unknown Source)
	at java.awt.EventDispatchThread.pumpEvents(Unknown Source)
	at java.awt.EventDispatchThread.pumpEvents(Unknown Source)
	at java.awt.EventDispatchThread.run(Unknown Source)
2026-02-24 19:42:59,665 [AWT-EventQueue-0] WARN  o.o.briefcase.util.FormCache - Can't parse form file
org.opendatakit.briefcase.util.BadFormDefinition: org.opendatakit.aggregate.exception.ODKIncompleteSubmissionData: org.javarosa.xform.parse.XFormParseException: XML Syntax Error at Line: 1, Column: 10266!
	at org.opendatakit.briefcase.model.BriefcaseFormDefinition.<init>(BriefcaseFormDefinition.java:297)
	at org.opendatakit.briefcase.util.FormCache.lambda$update$1(FormCache.java:123)
	at java.util.stream.ForEachOps$ForEachOp$OfRef.accept(Unknown Source)
	at java.util.stream.ReferencePipeline$2$1.accept(Unknown Source)
	at java.util.Iterator.forEachRemaining(Unknown Source)
	at java.util.Spliterators$IteratorSpliterator.forEachRemaining(Unknown Source)
	at java.util.stream.AbstractPipeline.copyInto(Unknown Source)
	at java.util.stream.AbstractPipeline.wrapAndCopyInto(Unknown Source)
	at java.util.stream.ForEachOps$ForEachOp.evaluateSequential(Unknown Source)
	at java.util.stream.ForEachOps$ForEachOp$OfRef.evaluateSequential(Unknown Source)
	at java.util.stream.AbstractPipeline.evaluate(Unknown Source)
	at java.util.stream.ReferencePipeline.forEach(Unknown Source)
	at org.opendatakit.briefcase.util.FormCache.lambda$update$2(FormCache.java:117)
	at java.util.Optional.ifPresent(Unknown Source)
	at org.opendatakit.briefcase.util.FormCache.update(FormCache.java:113)
	at org.opendatakit.briefcase.util.FormCache.onPullSuccess(FormCache.java:150)
	at sun.reflect.GeneratedMethodAccessor11.invoke(Unknown Source)
	at sun.reflect.DelegatingMethodAccessorImpl.invoke(Unknown Source)
	at java.lang.reflect.Method.invoke(Unknown Source)
	at org.bushe.swing.event.annotation.BaseProxySubscriber.onEvent(BaseProxySubscriber.java:69)
	at org.bushe.swing.event.ThreadSafeEventService.publish(ThreadSafeEventService.java:971)
	at org.bushe.swing.event.SwingEventService.access$001(SwingEventService.java:31)
	at org.bushe.swing.event.SwingEventService$1.run(SwingEventService.java:88)
	at java.awt.event.InvocationEvent.dispatch(Unknown Source)
	at java.awt.EventQueue.dispatchEventImpl(Unknown Source)
	at java.awt.EventQueue.access$500(Unknown Source)
	at java.awt.EventQueue$3.run(Unknown Source)
	at java.awt.EventQueue$3.run(Unknown Source)
	at java.security.AccessController.doPrivileged(Native Method)
	at java.security.ProtectionDomain$JavaSecurityAccessImpl.doIntersectionPrivilege(Unknown Source)
	at java.awt.EventQueue.dispatchEvent(Unknown Source)
	at java.awt.EventDispatchThread.pumpOneEventForFilters(Unknown Source)
	at java.awt.EventDispatchThread.pumpEventsForFilter(Unknown Source)
	at java.awt.EventDispatchThread.pumpEventsForHierarchy(Unknown Source)
	at java.awt.EventDispatchThread.pumpEvents(Unknown Source)
	at java.awt.EventDispatchThread.pumpEvents(Unknown Source)
	at java.awt.EventDispatchThread.run(Unknown Source)
Caused by: org.opendatakit.aggregate.exception.ODKIncompleteSubmissionData: org.javarosa.xform.parse.XFormParseException: XML Syntax Error at Line: 1, Column: 10266!
	at org.opendatakit.aggregate.parser.BaseFormParserForJavaRosa.parseFormDefinition(BaseFormParserForJavaRosa.java:210)
	at org.opendatakit.aggregate.parser.BaseFormParserForJavaRosa.<init>(BaseFormParserForJavaRosa.java:359)
	at org.opendatakit.briefcase.util.JavaRosaParserWrapper.<init>(JavaRosaParserWrapper.java:15)
	at org.opendatakit.briefcase.model.BriefcaseFormDefinition.<init>(BriefcaseFormDefinition.java:294)
	... 36 common frames omitted
Caused by: org.javarosa.xform.parse.XFormParseException: XML Syntax Error at Line: 1, Column: 10266!
	at org.javarosa.xform.parse.XFormParser.getXMLDocument(XFormParser.java:448)
	at org.javarosa.xform.parse.XFormParser.getXMLDocument(XFormParser.java:414)
	at org.opendatakit.aggregate.parser.BaseFormParserForJavaRosa.parseFormDefinition(BaseFormParserForJavaRosa.java:207)
	... 39 common frames omitted
2026-02-24 19:42:59,710 [AWT-EventQueue-0] ERROR XFormParser - XML Syntax Error at Line: 1, Column: 10266!
org.xmlpull.v1.XmlPullParserException: element stack empty (position:END_TAG </input>@1:10266 in java.io.StringReader@1dc0682) 
	at org.kxml2.io.KXmlParser.exception(Unknown Source)
	at org.kxml2.io.KXmlParser.error(Unknown Source)
	at org.kxml2.io.KXmlParser.parseEndTag(Unknown Source)
	at org.kxml2.io.KXmlParser.nextImpl(Unknown Source)
	at org.kxml2.io.KXmlParser.nextToken(Unknown Source)
	at org.kxml2.kdom.Element.parse(Unknown Source)
	at org.kxml2.kdom.Node.parse(Unknown Source)
	at org.kxml2.kdom.Document.parse(Unknown Source)
	at org.javarosa.xform.parse.XFormParser.getXMLDocument(XFormParser.java:444)
	at org.javarosa.xform.parse.XFormParser.getXMLDocument(XFormParser.java:414)
	at org.opendatakit.aggregate.parser.BaseFormParserForJavaRosa.parseFormDefinition(BaseFormParserForJavaRosa.java:207)
	at org.opendatakit.aggregate.parser.BaseFormParserForJavaRosa.<init>(BaseFormParserForJavaRosa.java:359)
	at org.opendatakit.briefcase.util.JavaRosaParserWrapper.<init>(JavaRosaParserWrapper.java:15)
	at org.opendatakit.briefcase.model.BriefcaseFormDefinition.<init>(BriefcaseFormDefinition.java:294)
	at org.opendatakit.briefcase.util.FormCache.lambda$update$1(FormCache.java:123)
	at java.util.stream.ForEachOps$ForEachOp$OfRef.accept(Unknown Source)
	at java.util.stream.ReferencePipeline$2$1.accept(Unknown Source)
	at java.util.Iterator.forEachRemaining(Unknown Source)
	at java.util.Spliterators$IteratorSpliterator.forEachRemaining(Unknown Source)
	at java.util.stream.AbstractPipeline.copyInto(Unknown Source)
	at java.util.stream.AbstractPipeline.wrapAndCopyInto(Unknown Source)
	at java.util.stream.ForEachOps$ForEachOp.evaluateSequential(Unknown Source)
	at java.util.stream.ForEachOps$ForEachOp$OfRef.evaluateSequential(Unknown Source)
	at java.util.stream.AbstractPipeline.evaluate(Unknown Source)
	at java.util.stream.ReferencePipeline.forEach(Unknown Source)
	at org.opendatakit.briefcase.util.FormCache.lambda$update$2(FormCache.java:117)
	at java.util.Optional.ifPresent(Unknown Source)
	at org.opendatakit.briefcase.util.FormCache.update(FormCache.java:113)
	at org.opendatakit.briefcase.util.FormCache.onPullSuccess(FormCache.java:150)
	at sun.reflect.GeneratedMethodAccessor11.invoke(Unknown Source)
	at sun.reflect.DelegatingMethodAccessorImpl.invoke(Unknown Source)
	at java.lang.reflect.Method.invoke(Unknown Source)
	at org.bushe.swing.event.annotation.BaseProxySubscriber.onEvent(BaseProxySubscriber.java:69)
	at org.bushe.swing.event.ThreadSafeEventService.publish(ThreadSafeEventService.java:971)
	at org.bushe.swing.event.SwingEventService.access$001(SwingEventService.java:31)
	at org.bushe.swing.event.SwingEventService$1.run(SwingEventService.java:88)
	at java.awt.event.InvocationEvent.dispatch(Unknown Source)
	at java.awt.EventQueue.dispatchEventImpl(Unknown Source)
	at java.awt.EventQueue.access$500(Unknown Source)
	at java.awt.EventQueue$3.run(Unknown Source)
	at java.awt.EventQueue$3.run(Unknown Source)
	at java.security.AccessController.doPrivileged(Native Method)
	at java.security.ProtectionDomain$JavaSecurityAccessImpl.doIntersectionPrivilege(Unknown Source)
	at java.awt.EventQueue.dispatchEvent(Unknown Source)
	at java.awt.EventDispatchThread.pumpOneEventForFilters(Unknown Source)
	at java.awt.EventDispatchThread.pumpEventsForFilter(Unknown Source)
	at java.awt.EventDispatchThread.pumpEventsForHierarchy(Unknown Source)
	at java.awt.EventDispatchThread.pumpEvents(Unknown Source)
	at java.awt.EventDispatchThread.pumpEvents(Unknown Source)
	at java.awt.EventDispatchThread.run(Unknown Source)
2026-02-24 19:42:59,710 [AWT-EventQueue-0] WARN  o.o.briefcase.util.FormCache - Can't parse form file
org.opendatakit.briefcase.util.BadFormDefinition: org.opendatakit.aggregate.exception.ODKIncompleteSubmissionData: org.javarosa.xform.parse.XFormParseException: XML Syntax Error at Line: 1, Column: 10266!
	at org.opendatakit.briefcase.model.BriefcaseFormDefinition.<init>(BriefcaseFormDefinition.java:297)
	at org.opendatakit.briefcase.util.FormCache.lambda$update$1(FormCache.java:123)
	at java.util.stream.ForEachOps$ForEachOp$OfRef.accept(Unknown Source)
	at java.util.stream.ReferencePipeline$2$1.accept(Unknown Source)
	at java.util.Iterator.forEachRemaining(Unknown Source)
	at java.util.Spliterators$IteratorSpliterator.forEachRemaining(Unknown Source)
	at java.util.stream.AbstractPipeline.copyInto(Unknown Source)
	at java.util.stream.AbstractPipeline.wrapAndCopyInto(Unknown Source)
	at java.util.stream.ForEachOps$ForEachOp.evaluateSequential(Unknown Source)
	at java.util.stream.ForEachOps$ForEachOp$OfRef.evaluateSequential(Unknown Source)
	at java.util.stream.AbstractPipeline.evaluate(Unknown Source)
	at java.util.stream.ReferencePipeline.forEach(Unknown Source)
	at org.opendatakit.briefcase.util.FormCache.lambda$update$2(FormCache.java:117)
	at java.util.Optional.ifPresent(Unknown Source)
	at org.opendatakit.briefcase.util.FormCache.update(FormCache.java:113)
	at org.opendatakit.briefcase.util.FormCache.onPullSuccess(FormCache.java:150)
	at sun.reflect.GeneratedMethodAccessor11.invoke(Unknown Source)
	at sun.reflect.DelegatingMethodAccessorImpl.invoke(Unknown Source)
	at java.lang.reflect.Method.invoke(Unknown Source)
	at org.bushe.swing.event.annotation.BaseProxySubscriber.onEvent(BaseProxySubscriber.java:69)
	at org.bushe.swing.event.ThreadSafeEventService.publish(ThreadSafeEventService.java:971)
	at org.bushe.swing.event.SwingEventService.access$001(SwingEventService.java:31)
	at org.bushe.swing.event.SwingEventService$1.run(SwingEventService.java:88)
	at java.awt.event.InvocationEvent.dispatch(Unknown Source)
	at java.awt.EventQueue.dispatchEventImpl(Unknown Source)
	at java.awt.EventQueue.access$500(Unknown Source)
	at java.awt.EventQueue$3.run(Unknown Source)
	at java.awt.EventQueue$3.run(Unknown Source)
	at java.security.AccessController.doPrivileged(Native Method)
	at java.security.ProtectionDomain$JavaSecurityAccessImpl.doIntersectionPrivilege(Unknown Source)
	at java.awt.EventQueue.dispatchEvent(Unknown Source)
	at java.awt.EventDispatchThread.pumpOneEventForFilters(Unknown Source)
	at java.awt.EventDispatchThread.pumpEventsForFilter(Unknown Source)
	at java.awt.EventDispatchThread.pumpEventsForHierarchy(Unknown Source)
	at java.awt.EventDispatchThread.pumpEvents(Unknown Source)
	at java.awt.EventDispatchThread.pumpEvents(Unknown Source)
	at java.awt.EventDispatchThread.run(Unknown Source)
Caused by: org.opendatakit.aggregate.exception.ODKIncompleteSubmissionData: org.javarosa.xform.parse.XFormParseException: XML Syntax Error at Line: 1, Column: 10266!
	at org.opendatakit.aggregate.parser.BaseFormParserForJavaRosa.parseFormDefinition(BaseFormParserForJavaRosa.java:210)
	at org.opendatakit.aggregate.parser.BaseFormParserForJavaRosa.<init>(BaseFormParserForJavaRosa.java:359)
	at org.opendatakit.briefcase.util.JavaRosaParserWrapper.<init>(JavaRosaParserWrapper.java:15)
	at org.opendatakit.briefcase.model.BriefcaseFormDefinition.<init>(BriefcaseFormDefinition.java:294)
	... 36 common frames omitted
Caused by: org.javarosa.xform.parse.XFormParseException: XML Syntax Error at Line: 1, Column: 10266!
	at org.javarosa.xform.parse.XFormParser.getXMLDocument(XFormParser.java:448)
	at org.javarosa.xform.parse.XFormParser.getXMLDocument(XFormParser.java:414)
	at org.opendatakit.aggregate.parser.BaseFormParserForJavaRosa.parseFormDefinition(BaseFormParserForJavaRosa.java:207)
	... 39 common frames omitted
2026-02-24 19:42:59,820 [AWT-EventQueue-0] ERROR XFormParser - XML Syntax Error at Line: 1, Column: 10266!
org.xmlpull.v1.XmlPullParserException: element stack empty (position:END_TAG </input>@1:10266 in java.io.StringReader@15a8ec3) 
	at org.kxml2.io.KXmlParser.exception(Unknown Source)
	at org.kxml2.io.KXmlParser.error(Unknown Source)
	at org.kxml2.io.KXmlParser.parseEndTag(Unknown Source)
	at org.kxml2.io.KXmlParser.nextImpl(Unknown Source)
	at org.kxml2.io.KXmlParser.nextToken(Unknown Source)
	at org.kxml2.kdom.Element.parse(Unknown Source)
	at org.kxml2.kdom.Node.parse(Unknown Source)
	at org.kxml2.kdom.Document.parse(Unknown Source)
	at org.javarosa.xform.parse.XFormParser.getXMLDocument(XFormParser.java:444)
	at org.javarosa.xform.parse.XFormParser.getXMLDocument(XFormParser.java:414)
	at org.opendatakit.aggregate.parser.BaseFormParserForJavaRosa.parseFormDefinition(BaseFormParserForJavaRosa.java:207)
	at org.opendatakit.aggregate.parser.BaseFormParserForJavaRosa.<init>(BaseFormParserForJavaRosa.java:359)
	at org.opendatakit.briefcase.util.JavaRosaParserWrapper.<init>(JavaRosaParserWrapper.java:15)
	at org.opendatakit.briefcase.model.BriefcaseFormDefinition.<init>(BriefcaseFormDefinition.java:294)
	at org.opendatakit.briefcase.util.FormCache.lambda$update$1(FormCache.java:123)
	at java.util.stream.ForEachOps$ForEachOp$OfRef.accept(Unknown Source)
	at java.util.stream.ReferencePipeline$2$1.accept(Unknown Source)
	at java.util.Iterator.forEachRemaining(Unknown Source)
	at java.util.Spliterators$IteratorSpliterator.forEachRemaining(Unknown Source)
	at java.util.stream.AbstractPipeline.copyInto(Unknown Source)
	at java.util.stream.AbstractPipeline.wrapAndCopyInto(Unknown Source)
	at java.util.stream.ForEachOps$ForEachOp.evaluateSequential(Unknown Source)
	at java.util.stream.ForEachOps$ForEachOp$OfRef.evaluateSequential(Unknown Source)
	at java.util.stream.AbstractPipeline.evaluate(Unknown Source)
	at java.util.stream.ReferencePipeline.forEach(Unknown Source)
	at org.opendatakit.briefcase.util.FormCache.lambda$update$2(FormCache.java:117)
	at java.util.Optional.ifPresent(Unknown Source)
	at org.opendatakit.briefcase.util.FormCache.update(FormCache.java:113)
	at org.opendatakit.briefcase.util.FormCache.onPullSuccess(FormCache.java:150)
	at sun.reflect.GeneratedMethodAccessor11.invoke(Unknown Source)
	at sun.reflect.DelegatingMethodAccessorImpl.invoke(Unknown Source)
	at java.lang.reflect.Method.invoke(Unknown Source)
	at org.bushe.swing.event.annotation.BaseProxySubscriber.onEvent(BaseProxySubscriber.java:69)
	at org.bushe.swing.event.ThreadSafeEventService.publish(ThreadSafeEventService.java:971)
	at org.bushe.swing.event.SwingEventService.access$001(SwingEventService.java:31)
	at org.bushe.swing.event.SwingEventService$1.run(SwingEventService.java:88)
	at java.awt.event.InvocationEvent.dispatch(Unknown Source)
	at java.awt.EventQueue.dispatchEventImpl(Unknown Source)
	at java.awt.EventQueue.access$500(Unknown Source)
	at java.awt.EventQueue$3.run(Unknown Source)
	at java.awt.EventQueue$3.run(Unknown Source)
	at java.security.AccessController.doPrivileged(Native Method)
	at java.security.ProtectionDomain$JavaSecurityAccessImpl.doIntersectionPrivilege(Unknown Source)
	at java.awt.EventQueue.dispatchEvent(Unknown Source)
	at java.awt.EventDispatchThread.pumpOneEventForFilters(Unknown Source)
	at java.awt.EventDispatchThread.pumpEventsForFilter(Unknown Source)
	at java.awt.EventDispatchThread.pumpEventsForHierarchy(Unknown Source)
	at java.awt.EventDispatchThread.pumpEvents(Unknown Source)
	at java.awt.EventDispatchThread.pumpEvents(Unknown Source)
	at java.awt.EventDispatchThread.run(Unknown Source)
2026-02-24 19:42:59,822 [AWT-EventQueue-0] WARN  o.o.briefcase.util.FormCache - Can't parse form file
org.opendatakit.briefcase.util.BadFormDefinition: org.opendatakit.aggregate.exception.ODKIncompleteSubmissionData: org.javarosa.xform.parse.XFormParseException: XML Syntax Error at Line: 1, Column: 10266!
	at org.opendatakit.briefcase.model.BriefcaseFormDefinition.<init>(BriefcaseFormDefinition.java:297)
	at org.opendatakit.briefcase.util.FormCache.lambda$update$1(FormCache.java:123)
	at java.util.stream.ForEachOps$ForEachOp$OfRef.accept(Unknown Source)
	at java.util.stream.ReferencePipeline$2$1.accept(Unknown Source)
	at java.util.Iterator.forEachRemaining(Unknown Source)
	at java.util.Spliterators$IteratorSpliterator.forEachRemaining(Unknown Source)
	at java.util.stream.AbstractPipeline.copyInto(Unknown Source)
	at java.util.stream.AbstractPipeline.wrapAndCopyInto(Unknown Source)
	at java.util.stream.ForEachOps$ForEachOp.evaluateSequential(Unknown Source)
	at java.util.stream.ForEachOps$ForEachOp$OfRef.evaluateSequential(Unknown Source)
	at java.util.stream.AbstractPipeline.evaluate(Unknown Source)
	at java.util.stream.ReferencePipeline.forEach(Unknown Source)
	at org.opendatakit.briefcase.util.FormCache.lambda$update$2(FormCache.java:117)
	at java.util.Optional.ifPresent(Unknown Source)
	at org.opendatakit.briefcase.util.FormCache.update(FormCache.java:113)
	at org.opendatakit.briefcase.util.FormCache.onPullSuccess(FormCache.java:150)
	at sun.reflect.GeneratedMethodAccessor11.invoke(Unknown Source)
	at sun.reflect.DelegatingMethodAccessorImpl.invoke(Unknown Source)
	at java.lang.reflect.Method.invoke(Unknown Source)
	at org.bushe.swing.event.annotation.BaseProxySubscriber.onEvent(BaseProxySubscriber.java:69)
	at org.bushe.swing.event.ThreadSafeEventService.publish(ThreadSafeEventService.java:971)
	at org.bushe.swing.event.SwingEventService.access$001(SwingEventService.java:31)
	at org.bushe.swing.event.SwingEventService$1.run(SwingEventService.java:88)
	at java.awt.event.InvocationEvent.dispatch(Unknown Source)
	at java.awt.EventQueue.dispatchEventImpl(Unknown Source)
	at java.awt.EventQueue.access$500(Unknown Source)
	at java.awt.EventQueue$3.run(Unknown Source)
	at java.awt.EventQueue$3.run(Unknown Source)
	at java.security.AccessController.doPrivileged(Native Method)
	at java.security.ProtectionDomain$JavaSecurityAccessImpl.doIntersectionPrivilege(Unknown Source)
	at java.awt.EventQueue.dispatchEvent(Unknown Source)
	at java.awt.EventDispatchThread.pumpOneEventForFilters(Unknown Source)
	at java.awt.EventDispatchThread.pumpEventsForFilter(Unknown Source)
	at java.awt.EventDispatchThread.pumpEventsForHierarchy(Unknown Source)
	at java.awt.EventDispatchThread.pumpEvents(Unknown Source)
	at java.awt.EventDispatchThread.pumpEvents(Unknown Source)
	at java.awt.EventDispatchThread.run(Unknown Source)
Caused by: org.opendatakit.aggregate.exception.ODKIncompleteSubmissionData: org.javarosa.xform.parse.XFormParseException: XML Syntax Error at Line: 1, Column: 10266!
	at org.opendatakit.aggregate.parser.BaseFormParserForJavaRosa.parseFormDefinition(BaseFormParserForJavaRosa.java:210)
	at org.opendatakit.aggregate.parser.BaseFormParserForJavaRosa.<init>(BaseFormParserForJavaRosa.java:359)
	at org.opendatakit.briefcase.util.JavaRosaParserWrapper.<init>(JavaRosaParserWrapper.java:15)
	at org.opendatakit.briefcase.model.BriefcaseFormDefinition.<init>(BriefcaseFormDefinition.java:294)
	... 36 common frames omitted
Caused by: org.javarosa.xform.parse.XFormParseException: XML Syntax Error at Line: 1, Column: 10266!
	at org.javarosa.xform.parse.XFormParser.getXMLDocument(XFormParser.java:448)
	at org.javarosa.xform.parse.XFormParser.getXMLDocument(XFormParser.java:414)
	at org.opendatakit.aggregate.parser.BaseFormParserForJavaRosa.parseFormDefinition(BaseFormParserForJavaRosa.java:207)
	... 39 common frames omitted
2026-02-24 19:42:59,898 [AWT-EventQueue-0] ERROR XFormParser - XML Syntax Error at Line: 1, Column: 10266!
org.xmlpull.v1.XmlPullParserException: element stack empty (position:END_TAG </input>@1:10266 in java.io.StringReader@13ba624) 
	at org.kxml2.io.KXmlParser.exception(Unknown Source)
	at org.kxml2.io.KXmlParser.error(Unknown Source)
	at org.kxml2.io.KXmlParser.parseEndTag(Unknown Source)
	at org.kxml2.io.KXmlParser.nextImpl(Unknown Source)
	at org.kxml2.io.KXmlParser.nextToken(Unknown Source)
	at org.kxml2.kdom.Element.parse(Unknown Source)
	at org.kxml2.kdom.Node.parse(Unknown Source)
	at org.kxml2.kdom.Document.parse(Unknown Source)
	at org.javarosa.xform.parse.XFormParser.getXMLDocument(XFormParser.java:444)
	at org.javarosa.xform.parse.XFormParser.getXMLDocument(XFormParser.java:414)
	at org.opendatakit.aggregate.parser.BaseFormParserForJavaRosa.parseFormDefinition(BaseFormParserForJavaRosa.java:207)
	at org.opendatakit.aggregate.parser.BaseFormParserForJavaRosa.<init>(BaseFormParserForJavaRosa.java:359)
	at org.opendatakit.briefcase.util.JavaRosaParserWrapper.<init>(JavaRosaParserWrapper.java:15)
	at org.opendatakit.briefcase.model.BriefcaseFormDefinition.<init>(BriefcaseFormDefinition.java:294)
	at org.opendatakit.briefcase.util.FormCache.lambda$update$1(FormCache.java:123)
	at java.util.stream.ForEachOps$ForEachOp$OfRef.accept(Unknown Source)
	at java.util.stream.ReferencePipeline$2$1.accept(Unknown Source)
	at java.util.Iterator.forEachRemaining(Unknown Source)
	at java.util.Spliterators$IteratorSpliterator.forEachRemaining(Unknown Source)
	at java.util.stream.AbstractPipeline.copyInto(Unknown Source)
	at java.util.stream.AbstractPipeline.wrapAndCopyInto(Unknown Source)
	at java.util.stream.ForEachOps$ForEachOp.evaluateSequential(Unknown Source)
	at java.util.stream.ForEachOps$ForEachOp$OfRef.evaluateSequential(Unknown Source)
	at java.util.stream.AbstractPipeline.evaluate(Unknown Source)
	at java.util.stream.ReferencePipeline.forEach(Unknown Source)
	at org.opendatakit.briefcase.util.FormCache.lambda$update$2(FormCache.java:117)
	at java.util.Optional.ifPresent(Unknown Source)
	at org.opendatakit.briefcase.util.FormCache.update(FormCache.java:113)
	at org.opendatakit.briefcase.util.FormCache.onPullSuccess(FormCache.java:150)
	at sun.reflect.GeneratedMethodAccessor11.invoke(Unknown Source)
	at sun.reflect.DelegatingMethodAccessorImpl.invoke(Unknown Source)
	at java.lang.reflect.Method.invoke(Unknown Source)
	at org.bushe.swing.event.annotation.BaseProxySubscriber.onEvent(BaseProxySubscriber.java:69)
	at org.bushe.swing.event.ThreadSafeEventService.publish(ThreadSafeEventService.java:971)
	at org.bushe.swing.event.SwingEventService.access$001(SwingEventService.java:31)
	at org.bushe.swing.event.SwingEventService$1.run(SwingEventService.java:88)
	at java.awt.event.InvocationEvent.dispatch(Unknown Source)
	at java.awt.EventQueue.dispatchEventImpl(Unknown Source)
	at java.awt.EventQueue.access$500(Unknown Source)
	at java.awt.EventQueue$3.run(Unknown Source)
	at java.awt.EventQueue$3.run(Unknown Source)
	at java.security.AccessController.doPrivileged(Native Method)
	at java.security.ProtectionDomain$JavaSecurityAccessImpl.doIntersectionPrivilege(Unknown Source)
	at java.awt.EventQueue.dispatchEvent(Unknown Source)
	at java.awt.EventDispatchThread.pumpOneEventForFilters(Unknown Source)
	at java.awt.EventDispatchThread.pumpEventsForFilter(Unknown Source)
	at java.awt.EventDispatchThread.pumpEventsForHierarchy(Unknown Source)
	at java.awt.EventDispatchThread.pumpEvents(Unknown Source)
	at java.awt.EventDispatchThread.pumpEvents(Unknown Source)
	at java.awt.EventDispatchThread.run(Unknown Source)
2026-02-24 19:42:59,900 [AWT-EventQueue-0] WARN  o.o.briefcase.util.FormCache - Can't parse form file
org.opendatakit.briefcase.util.BadFormDefinition: org.opendatakit.aggregate.exception.ODKIncompleteSubmissionData: org.javarosa.xform.parse.XFormParseException: XML Syntax Error at Line: 1, Column: 10266!
	at org.opendatakit.briefcase.model.BriefcaseFormDefinition.<init>(BriefcaseFormDefinition.java:297)
	at org.opendatakit.briefcase.util.FormCache.lambda$update$1(FormCache.java:123)
	at java.util.stream.ForEachOps$ForEachOp$OfRef.accept(Unknown Source)
	at java.util.stream.ReferencePipeline$2$1.accept(Unknown Source)
	at java.util.Iterator.forEachRemaining(Unknown Source)
	at java.util.Spliterators$IteratorSpliterator.forEachRemaining(Unknown Source)
	at java.util.stream.AbstractPipeline.copyInto(Unknown Source)
	at java.util.stream.AbstractPipeline.wrapAndCopyInto(Unknown Source)
	at java.util.stream.ForEachOps$ForEachOp.evaluateSequential(Unknown Source)
	at java.util.stream.ForEachOps$ForEachOp$OfRef.evaluateSequential(Unknown Source)
	at java.util.stream.AbstractPipeline.evaluate(Unknown Source)
	at java.util.stream.ReferencePipeline.forEach(Unknown Source)
	at org.opendatakit.briefcase.util.FormCache.lambda$update$2(FormCache.java:117)
	at java.util.Optional.ifPresent(Unknown Source)
	at org.opendatakit.briefcase.util.FormCache.update(FormCache.java:113)
	at org.opendatakit.briefcase.util.FormCache.onPullSuccess(FormCache.java:150)
	at sun.reflect.GeneratedMethodAccessor11.invoke(Unknown Source)
	at sun.reflect.DelegatingMethodAccessorImpl.invoke(Unknown Source)
	at java.lang.reflect.Method.invoke(Unknown Source)
	at org.bushe.swing.event.annotation.BaseProxySubscriber.onEvent(BaseProxySubscriber.java:69)
	at org.bushe.swing.event.ThreadSafeEventService.publish(ThreadSafeEventService.java:971)
	at org.bushe.swing.event.SwingEventService.access$001(SwingEventService.java:31)
	at org.bushe.swing.event.SwingEventService$1.run(SwingEventService.java:88)
	at java.awt.event.InvocationEvent.dispatch(Unknown Source)
	at java.awt.EventQueue.dispatchEventImpl(Unknown Source)
	at java.awt.EventQueue.access$500(Unknown Source)
	at java.awt.EventQueue$3.run(Unknown Source)
	at java.awt.EventQueue$3.run(Unknown Source)
	at java.security.AccessController.doPrivileged(Native Method)
	at java.security.ProtectionDomain$JavaSecurityAccessImpl.doIntersectionPrivilege(Unknown Source)
	at java.awt.EventQueue.dispatchEvent(Unknown Source)
	at java.awt.EventDispatchThread.pumpOneEventForFilters(Unknown Source)
	at java.awt.EventDispatchThread.pumpEventsForFilter(Unknown Source)
	at java.awt.EventDispatchThread.pumpEventsForHierarchy(Unknown Source)
	at java.awt.EventDispatchThread.pumpEvents(Unknown Source)
	at java.awt.EventDispatchThread.pumpEvents(Unknown Source)
	at java.awt.EventDispatchThread.run(Unknown Source)
Caused by: org.opendatakit.aggregate.exception.ODKIncompleteSubmissionData: org.javarosa.xform.parse.XFormParseException: XML Syntax Error at Line: 1, Column: 10266!
	at org.opendatakit.aggregate.parser.BaseFormParserForJavaRosa.parseFormDefinition(BaseFormParserForJavaRosa.java:210)
	at org.opendatakit.aggregate.parser.BaseFormParserForJavaRosa.<init>(BaseFormParserForJavaRosa.java:359)
	at org.opendatakit.briefcase.util.JavaRosaParserWrapper.<init>(JavaRosaParserWrapper.java:15)
	at org.opendatakit.briefcase.model.BriefcaseFormDefinition.<init>(BriefcaseFormDefinition.java:294)
	... 36 common frames omitted
Caused by: org.javarosa.xform.parse.XFormParseException: XML Syntax Error at Line: 1, Column: 10266!
	at org.javarosa.xform.parse.XFormParser.getXMLDocument(XFormParser.java:448)
	at org.javarosa.xform.parse.XFormParser.getXMLDocument(XFormParser.java:414)
	at org.opendatakit.aggregate.parser.BaseFormParserForJavaRosa.parseFormDefinition(BaseFormParserForJavaRosa.java:207)
	... 39 common frames omitted
2026-02-24 19:42:59,963 [AWT-EventQueue-0] ERROR XFormParser - XML Syntax Error at Line: 1, Column: 10266!
org.xmlpull.v1.XmlPullParserException: element stack empty (position:END_TAG </input>@1:10266 in java.io.StringReader@1e1915a) 
	at org.kxml2.io.KXmlParser.exception(Unknown Source)
	at org.kxml2.io.KXmlParser.error(Unknown Source)
	at org.kxml2.io.KXmlParser.parseEndTag(Unknown Source)
	at org.kxml2.io.KXmlParser.nextImpl(Unknown Source)
	at org.kxml2.io.KXmlParser.nextToken(Unknown Source)
	at org.kxml2.kdom.Element.parse(Unknown Source)
	at org.kxml2.kdom.Node.parse(Unknown Source)
	at org.kxml2.kdom.Document.parse(Unknown Source)
	at org.javarosa.xform.parse.XFormParser.getXMLDocument(XFormParser.java:444)
	at org.javarosa.xform.parse.XFormParser.getXMLDocument(XFormParser.java:414)
	at org.opendatakit.aggregate.parser.BaseFormParserForJavaRosa.parseFormDefinition(BaseFormParserForJavaRosa.java:207)
	at org.opendatakit.aggregate.parser.BaseFormParserForJavaRosa.<init>(BaseFormParserForJavaRosa.java:359)
	at org.opendatakit.briefcase.util.JavaRosaParserWrapper.<init>(JavaRosaParserWrapper.java:15)
	at org.opendatakit.briefcase.model.BriefcaseFormDefinition.<init>(BriefcaseFormDefinition.java:294)
	at org.opendatakit.briefcase.util.FormCache.lambda$update$1(FormCache.java:123)
	at java.util.stream.ForEachOps$ForEachOp$OfRef.accept(Unknown Source)
	at java.util.stream.ReferencePipeline$2$1.accept(Unknown Source)
	at java.util.Iterator.forEachRemaining(Unknown Source)
	at java.util.Spliterators$IteratorSpliterator.forEachRemaining(Unknown Source)
	at java.util.stream.AbstractPipeline.copyInto(Unknown Source)
	at java.util.stream.AbstractPipeline.wrapAndCopyInto(Unknown Source)
	at java.util.stream.ForEachOps$ForEachOp.evaluateSequential(Unknown Source)
	at java.util.stream.ForEachOps$ForEachOp$OfRef.evaluateSequential(Unknown Source)
	at java.util.stream.AbstractPipeline.evaluate(Unknown Source)
	at java.util.stream.ReferencePipeline.forEach(Unknown Source)
	at org.opendatakit.briefcase.util.FormCache.lambda$update$2(FormCache.java:117)
	at java.util.Optional.ifPresent(Unknown Source)
	at org.opendatakit.briefcase.util.FormCache.update(FormCache.java:113)
	at org.opendatakit.briefcase.util.FormCache.onPullSuccess(FormCache.java:150)
	at sun.reflect.GeneratedMethodAccessor11.invoke(Unknown Source)
	at sun.reflect.DelegatingMethodAccessorImpl.invoke(Unknown Source)
	at java.lang.reflect.Method.invoke(Unknown Source)
	at org.bushe.swing.event.annotation.BaseProxySubscriber.onEvent(BaseProxySubscriber.java:69)
	at org.bushe.swing.event.ThreadSafeEventService.publish(ThreadSafeEventService.java:971)
	at org.bushe.swing.event.SwingEventService.access$001(SwingEventService.java:31)
	at org.bushe.swing.event.SwingEventService$1.run(SwingEventService.java:88)
	at java.awt.event.InvocationEvent.dispatch(Unknown Source)
	at java.awt.EventQueue.dispatchEventImpl(Unknown Source)
	at java.awt.EventQueue.access$500(Unknown Source)
	at java.awt.EventQueue$3.run(Unknown Source)
	at java.awt.EventQueue$3.run(Unknown Source)
	at java.security.AccessController.doPrivileged(Native Method)
	at java.security.ProtectionDomain$JavaSecurityAccessImpl.doIntersectionPrivilege(Unknown Source)
	at java.awt.EventQueue.dispatchEvent(Unknown Source)
	at java.awt.EventDispatchThread.pumpOneEventForFilters(Unknown Source)
	at java.awt.EventDispatchThread.pumpEventsForFilter(Unknown Source)
	at java.awt.EventDispatchThread.pumpEventsForHierarchy(Unknown Source)
	at java.awt.EventDispatchThread.pumpEvents(Unknown Source)
	at java.awt.EventDispatchThread.pumpEvents(Unknown Source)
	at java.awt.EventDispatchThread.run(Unknown Source)
2026-02-24 19:42:59,963 [AWT-EventQueue-0] WARN  o.o.briefcase.util.FormCache - Can't parse form file
org.opendatakit.briefcase.util.BadFormDefinition: org.opendatakit.aggregate.exception.ODKIncompleteSubmissionData: org.javarosa.xform.parse.XFormParseException: XML Syntax Error at Line: 1, Column: 10266!
	at org.opendatakit.briefcase.model.BriefcaseFormDefinition.<init>(BriefcaseFormDefinition.java:297)
	at org.opendatakit.briefcase.util.FormCache.lambda$update$1(FormCache.java:123)
	at java.util.stream.ForEachOps$ForEachOp$OfRef.accept(Unknown Source)
	at java.util.stream.ReferencePipeline$2$1.accept(Unknown Source)
	at java.util.Iterator.forEachRemaining(Unknown Source)
	at java.util.Spliterators$IteratorSpliterator.forEachRemaining(Unknown Source)
	at java.util.stream.AbstractPipeline.copyInto(Unknown Source)
	at java.util.stream.AbstractPipeline.wrapAndCopyInto(Unknown Source)
	at java.util.stream.ForEachOps$ForEachOp.evaluateSequential(Unknown Source)
	at java.util.stream.ForEachOps$ForEachOp$OfRef.evaluateSequential(Unknown Source)
	at java.util.stream.AbstractPipeline.evaluate(Unknown Source)
	at java.util.stream.ReferencePipeline.forEach(Unknown Source)
	at org.opendatakit.briefcase.util.FormCache.lambda$update$2(FormCache.java:117)
	at java.util.Optional.ifPresent(Unknown Source)
	at org.opendatakit.briefcase.util.FormCache.update(FormCache.java:113)
	at org.opendatakit.briefcase.util.FormCache.onPullSuccess(FormCache.java:150)
	at sun.reflect.GeneratedMethodAccessor11.invoke(Unknown Source)
	at sun.reflect.DelegatingMethodAccessorImpl.invoke(Unknown Source)
	at java.lang.reflect.Method.invoke(Unknown Source)
	at org.bushe.swing.event.annotation.BaseProxySubscriber.onEvent(BaseProxySubscriber.java:69)
	at org.bushe.swing.event.ThreadSafeEventService.publish(ThreadSafeEventService.java:971)
	at org.bushe.swing.event.SwingEventService.access$001(SwingEventService.java:31)
	at org.bushe.swing.event.SwingEventService$1.run(SwingEventService.java:88)
	at java.awt.event.InvocationEvent.dispatch(Unknown Source)
	at java.awt.EventQueue.dispatchEventImpl(Unknown Source)
	at java.awt.EventQueue.access$500(Unknown Source)
	at java.awt.EventQueue$3.run(Unknown Source)
	at java.awt.EventQueue$3.run(Unknown Source)
	at java.security.AccessController.doPrivileged(Native Method)
	at java.security.ProtectionDomain$JavaSecurityAccessImpl.doIntersectionPrivilege(Unknown Source)
	at java.awt.EventQueue.dispatchEvent(Unknown Source)
	at java.awt.EventDispatchThread.pumpOneEventForFilters(Unknown Source)
	at java.awt.EventDispatchThread.pumpEventsForFilter(Unknown Source)
	at java.awt.EventDispatchThread.pumpEventsForHierarchy(Unknown Source)
	at java.awt.EventDispatchThread.pumpEvents(Unknown Source)
	at java.awt.EventDispatchThread.pumpEvents(Unknown Source)
	at java.awt.EventDispatchThread.run(Unknown Source)
Caused by: org.opendatakit.aggregate.exception.ODKIncompleteSubmissionData: org.javarosa.xform.parse.XFormParseException: XML Syntax Error at Line: 1, Column: 10266!
	at org.opendatakit.aggregate.parser.BaseFormParserForJavaRosa.parseFormDefinition(BaseFormParserForJavaRosa.java:210)
	at org.opendatakit.aggregate.parser.BaseFormParserForJavaRosa.<init>(BaseFormParserForJavaRosa.java:359)
	at org.opendatakit.briefcase.util.JavaRosaParserWrapper.<init>(JavaRosaParserWrapper.java:15)
	at org.opendatakit.briefcase.model.BriefcaseFormDefinition.<init>(BriefcaseFormDefinition.java:294)
	... 36 common frames omitted
Caused by: org.javarosa.xform.parse.XFormParseException: XML Syntax Error at Line: 1, Column: 10266!
	at org.javarosa.xform.parse.XFormParser.getXMLDocument(XFormParser.java:448)
	at org.javarosa.xform.parse.XFormParser.getXMLDocument(XFormParser.java:414)
	at org.opendatakit.aggregate.parser.BaseFormParserForJavaRosa.parseFormDefinition(BaseFormParserForJavaRosa.java:207)
	... 39 common frames omitted
2026-02-24 19:43:00,087 [ForkJoinPool-7-worker-1] INFO  o.o.b.p.a.PullFromAggregateTracker - Pull Formulário da Vigilancia Hospitalar - Laboratório - Submission 19 of 26 downloaded
2026-02-24 19:43:00,088 [ForkJoinPool-7-worker-9] INFO  o.o.b.p.a.PullFromAggregateTracker - Pull Formulário da Vigilancia Hospitalar - Laboratório - Submission 20 of 26 downloaded
2026-02-24 19:43:00,088 [ForkJoinPool-7-worker-13] INFO  o.o.b.p.a.PullFromAggregateTracker - Pull Formulário da Vigilancia Hospitalar - Laboratório - Submission 18 of 26 downloaded
2026-02-24 19:43:00,088 [ForkJoinPool-7-worker-6] INFO  o.o.b.p.a.PullFromAggregateTracker - Pull Formulário da Vigilancia Hospitalar - Laboratório - Submission 17 of 26 downloaded
2026-02-24 19:43:00,088 [ForkJoinPool-7-worker-3] INFO  o.o.b.p.a.PullFromAggregateTracker - Pull Formulário da Vigilancia Hospitalar - Laboratório - Submission 15 of 26 downloaded
2026-02-24 19:43:00,092 [ForkJoinPool-7-worker-1] INFO  o.o.b.p.a.PullFromAggregateTracker - Pull Formulário da Vigilancia Comunitaria - Start pulling form and submissions
2026-02-24 19:43:00,092 [ForkJoinPool-7-worker-1] INFO  o.o.b.p.a.PullFromAggregateTracker - Pull Formulário da Vigilancia Comunitaria - Start downloading form
2026-02-24 19:43:00,097 [ForkJoinPool-7-worker-9] INFO  o.o.b.p.a.PullFromAggregateTracker - Pull Formulário da Vigilancia Hospitalar - Laboratório - Start downloading submission 24 of 26
2026-02-24 19:43:00,097 [ForkJoinPool-7-worker-13] INFO  o.o.b.p.a.PullFromAggregateTracker - Pull Formulário da Vigilancia Hospitalar - Laboratório - Start downloading submission 22 of 26
2026-02-24 19:43:00,097 [ForkJoinPool-7-worker-3] INFO  o.o.b.p.a.PullFromAggregateTracker - Pull Formulário da Vigilancia Hospitalar - Laboratório - Start downloading submission 25 of 26
2026-02-24 19:43:00,097 [ForkJoinPool-7-worker-6] INFO  o.o.b.p.a.PullFromAggregateTracker - Pull Formulário da Vigilancia Hospitalar - Laboratório - Start downloading submission 23 of 26
2026-02-24 19:43:00,872 [ForkJoinPool-7-worker-2] INFO  o.o.b.p.a.PullFromAggregateTracker - Pull Formulário da Vigilancia Hospitalar - Got all the submission IDs
2026-02-24 19:43:00,960 [ForkJoinPool-7-worker-2] INFO  o.o.b.p.a.PullFromAggregateTracker - Pull Formulário da Vigilancia Hospitalar - Start downloading submission 1 of 19
2026-02-24 19:43:01,179 [ForkJoinPool-7-worker-10] INFO  o.o.b.p.a.PullFromAggregateTracker - Pull Formulário da Vigilancia Hospitalar - Laboratório - Submission 21 of 26 downloaded
2026-02-24 19:43:01,181 [ForkJoinPool-7-worker-6] INFO  o.o.b.p.a.PullFromAggregateTracker - Pull Formulário da Vigilancia Hospitalar - Laboratório - Submission 23 of 26 downloaded
2026-02-24 19:43:01,181 [ForkJoinPool-7-worker-15] INFO  o.o.b.p.a.PullFromAggregateTracker - Pull VIGILÂNCIA  AMBIENTAL - Form downloaded
2026-02-24 19:43:01,183 [ForkJoinPool-7-worker-10] INFO  o.o.b.p.a.PullFromAggregateTracker - Pull Formulário da Vigilancia Hospitalar - Start downloading submission 2 of 19
2026-02-24 19:43:01,184 [ForkJoinPool-7-worker-15] INFO  o.o.b.p.a.PullFromAggregateTracker - Pull VIGILÂNCIA  AMBIENTAL - Start getting submission IDs
2026-02-24 19:43:01,185 [ForkJoinPool-7-worker-6] INFO  o.o.b.p.a.PullFromAggregateTracker - Pull Formulário da Vigilancia Hospitalar - Laboratório - Start downloading submission 26 of 26
2026-02-24 19:43:01,480 [ForkJoinPool-7-worker-3] INFO  o.o.b.p.a.PullFromAggregateTracker - Pull Formulário da Vigilancia Hospitalar - Laboratório - Submission 25 of 26 downloaded
2026-02-24 19:43:01,639 [ForkJoinPool-7-worker-9] INFO  o.o.b.p.a.PullFromAggregateTracker - Pull Formulário da Vigilancia Hospitalar - Laboratório - Submission 24 of 26 downloaded
2026-02-24 19:43:01,641 [ForkJoinPool-7-worker-9] INFO  o.o.b.p.a.PullFromAggregateTracker - Pull Formulário da Vigilancia Hospitalar - Start downloading submission 3 of 19
2026-02-24 19:43:01,641 [ForkJoinPool-7-worker-13] INFO  o.o.b.p.a.PullFromAggregateTracker - Pull Formulário da Vigilancia Hospitalar - Laboratório - Submission 22 of 26 downloaded
2026-02-24 19:43:01,643 [ForkJoinPool-7-worker-13] INFO  o.o.b.p.a.PullFromAggregateTracker - Pull Formulário da Vigilancia Hospitalar - Start downloading submission 4 of 19
2026-02-24 19:43:01,643 [ForkJoinPool-7-worker-2] INFO  o.o.b.p.a.PullFromAggregateTracker - Pull Formulário da Vigilancia Hospitalar - Submission 1 of 19 downloaded
2026-02-24 19:43:01,643 [ForkJoinPool-7-worker-2] INFO  o.o.b.p.a.PullFromAggregateTracker - Pull Formulário da Vigilancia Hospitalar - Start downloading submission 5 of 19
2026-02-24 19:43:01,926 [ForkJoinPool-7-worker-6] INFO  o.o.b.p.a.PullFromAggregateTracker - Pull Formulário da Vigilancia Hospitalar - Laboratório - Submission 26 of 26 downloaded
2026-02-24 19:43:01,926 [ForkJoinPool-7-worker-6] INFO  o.o.b.p.a.PullFromAggregateTracker - Pull Formulário da Vigilancia Hospitalar - Start downloading submission 6 of 19
2026-02-24 19:43:01,926 [ForkJoinPool-7-worker-3] INFO  o.o.b.p.a.PullFromAggregateTracker - Pull Formulário da Vigilancia Hospitalar - Laboratório - Success
2026-02-24 19:43:01,926 [ForkJoinPool-7-worker-3] INFO  o.o.b.p.a.PullFromAggregateTracker - Pull Formulário da Vigilancia Hospitalar - Start downloading submission 7 of 19
2026-02-24 19:43:01,993 [AWT-EventQueue-0] ERROR XFormParser - XML Syntax Error at Line: 1, Column: 10266!
org.xmlpull.v1.XmlPullParserException: element stack empty (position:END_TAG </input>@1:10266 in java.io.StringReader@bd59aa) 
	at org.kxml2.io.KXmlParser.exception(Unknown Source)
	at org.kxml2.io.KXmlParser.error(Unknown Source)
	at org.kxml2.io.KXmlParser.parseEndTag(Unknown Source)
	at org.kxml2.io.KXmlParser.nextImpl(Unknown Source)
	at org.kxml2.io.KXmlParser.nextToken(Unknown Source)
	at org.kxml2.kdom.Element.parse(Unknown Source)
	at org.kxml2.kdom.Node.parse(Unknown Source)
	at org.kxml2.kdom.Document.parse(Unknown Source)
	at org.javarosa.xform.parse.XFormParser.getXMLDocument(XFormParser.java:444)
	at org.javarosa.xform.parse.XFormParser.getXMLDocument(XFormParser.java:414)
	at org.opendatakit.aggregate.parser.BaseFormParserForJavaRosa.parseFormDefinition(BaseFormParserForJavaRosa.java:207)
	at org.opendatakit.aggregate.parser.BaseFormParserForJavaRosa.<init>(BaseFormParserForJavaRosa.java:359)
	at org.opendatakit.briefcase.util.JavaRosaParserWrapper.<init>(JavaRosaParserWrapper.java:15)
	at org.opendatakit.briefcase.model.BriefcaseFormDefinition.<init>(BriefcaseFormDefinition.java:294)
	at org.opendatakit.briefcase.util.FormCache.lambda$update$1(FormCache.java:123)
	at java.util.stream.ForEachOps$ForEachOp$OfRef.accept(Unknown Source)
	at java.util.stream.ReferencePipeline$2$1.accept(Unknown Source)
	at java.util.Iterator.forEachRemaining(Unknown Source)
	at java.util.Spliterators$IteratorSpliterator.forEachRemaining(Unknown Source)
	at java.util.stream.AbstractPipeline.copyInto(Unknown Source)
	at java.util.stream.AbstractPipeline.wrapAndCopyInto(Unknown Source)
	at java.util.stream.ForEachOps$ForEachOp.evaluateSequential(Unknown Source)
	at java.util.stream.ForEachOps$ForEachOp$OfRef.evaluateSequential(Unknown Source)
	at java.util.stream.AbstractPipeline.evaluate(Unknown Source)
	at java.util.stream.ReferencePipeline.forEach(Unknown Source)
	at org.opendatakit.briefcase.util.FormCache.lambda$update$2(FormCache.java:117)
	at java.util.Optional.ifPresent(Unknown Source)
	at org.opendatakit.briefcase.util.FormCache.update(FormCache.java:113)
	at org.opendatakit.briefcase.util.FormCache.onPullSuccess(FormCache.java:150)
	at sun.reflect.GeneratedMethodAccessor11.invoke(Unknown Source)
	at sun.reflect.DelegatingMethodAccessorImpl.invoke(Unknown Source)
	at java.lang.reflect.Method.invoke(Unknown Source)
	at org.bushe.swing.event.annotation.BaseProxySubscriber.onEvent(BaseProxySubscriber.java:69)
	at org.bushe.swing.event.ThreadSafeEventService.publish(ThreadSafeEventService.java:971)
	at org.bushe.swing.event.SwingEventService.access$001(SwingEventService.java:31)
	at org.bushe.swing.event.SwingEventService$1.run(SwingEventService.java:88)
	at java.awt.event.InvocationEvent.dispatch(Unknown Source)
	at java.awt.EventQueue.dispatchEventImpl(Unknown Source)
	at java.awt.EventQueue.access$500(Unknown Source)
	at java.awt.EventQueue$3.run(Unknown Source)
	at java.awt.EventQueue$3.run(Unknown Source)
	at java.security.AccessController.doPrivileged(Native Method)
	at java.security.ProtectionDomain$JavaSecurityAccessImpl.doIntersectionPrivilege(Unknown Source)
	at java.awt.EventQueue.dispatchEvent(Unknown Source)
	at java.awt.EventDispatchThread.pumpOneEventForFilters(Unknown Source)
	at java.awt.EventDispatchThread.pumpEventsForFilter(Unknown Source)
	at java.awt.EventDispatchThread.pumpEventsForHierarchy(Unknown Source)
	at java.awt.EventDispatchThread.pumpEvents(Unknown Source)
	at java.awt.EventDispatchThread.pumpEvents(Unknown Source)
	at java.awt.EventDispatchThread.run(Unknown Source)
2026-02-24 19:43:01,995 [AWT-EventQueue-0] WARN  o.o.briefcase.util.FormCache - Can't parse form file
org.opendatakit.briefcase.util.BadFormDefinition: org.opendatakit.aggregate.exception.ODKIncompleteSubmissionData: org.javarosa.xform.parse.XFormParseException: XML Syntax Error at Line: 1, Column: 10266!
	at org.opendatakit.briefcase.model.BriefcaseFormDefinition.<init>(BriefcaseFormDefinition.java:297)
	at org.opendatakit.briefcase.util.FormCache.lambda$update$1(FormCache.java:123)
	at java.util.stream.ForEachOps$ForEachOp$OfRef.accept(Unknown Source)
	at java.util.stream.ReferencePipeline$2$1.accept(Unknown Source)
	at java.util.Iterator.forEachRemaining(Unknown Source)
	at java.util.Spliterators$IteratorSpliterator.forEachRemaining(Unknown Source)
	at java.util.stream.AbstractPipeline.copyInto(Unknown Source)
	at java.util.stream.AbstractPipeline.wrapAndCopyInto(Unknown Source)
	at java.util.stream.ForEachOps$ForEachOp.evaluateSequential(Unknown Source)
	at java.util.stream.ForEachOps$ForEachOp$OfRef.evaluateSequential(Unknown Source)
	at java.util.stream.AbstractPipeline.evaluate(Unknown Source)
	at java.util.stream.ReferencePipeline.forEach(Unknown Source)
	at org.opendatakit.briefcase.util.FormCache.lambda$update$2(FormCache.java:117)
	at java.util.Optional.ifPresent(Unknown Source)
	at org.opendatakit.briefcase.util.FormCache.update(FormCache.java:113)
	at org.opendatakit.briefcase.util.FormCache.onPullSuccess(FormCache.java:150)
	at sun.reflect.GeneratedMethodAccessor11.invoke(Unknown Source)
	at sun.reflect.DelegatingMethodAccessorImpl.invoke(Unknown Source)
	at java.lang.reflect.Method.invoke(Unknown Source)
	at org.bushe.swing.event.annotation.BaseProxySubscriber.onEvent(BaseProxySubscriber.java:69)
	at org.bushe.swing.event.ThreadSafeEventService.publish(ThreadSafeEventService.java:971)
	at org.bushe.swing.event.SwingEventService.access$001(SwingEventService.java:31)
	at org.bushe.swing.event.SwingEventService$1.run(SwingEventService.java:88)
	at java.awt.event.InvocationEvent.dispatch(Unknown Source)
	at java.awt.EventQueue.dispatchEventImpl(Unknown Source)
	at java.awt.EventQueue.access$500(Unknown Source)
	at java.awt.EventQueue$3.run(Unknown Source)
	at java.awt.EventQueue$3.run(Unknown Source)
	at java.security.AccessController.doPrivileged(Native Method)
	at java.security.ProtectionDomain$JavaSecurityAccessImpl.doIntersectionPrivilege(Unknown Source)
	at java.awt.EventQueue.dispatchEvent(Unknown Source)
	at java.awt.EventDispatchThread.pumpOneEventForFilters(Unknown Source)
	at java.awt.EventDispatchThread.pumpEventsForFilter(Unknown Source)
	at java.awt.EventDispatchThread.pumpEventsForHierarchy(Unknown Source)
	at java.awt.EventDispatchThread.pumpEvents(Unknown Source)
	at java.awt.EventDispatchThread.pumpEvents(Unknown Source)
	at java.awt.EventDispatchThread.run(Unknown Source)
Caused by: org.opendatakit.aggregate.exception.ODKIncompleteSubmissionData: org.javarosa.xform.parse.XFormParseException: XML Syntax Error at Line: 1, Column: 10266!
	at org.opendatakit.aggregate.parser.BaseFormParserForJavaRosa.parseFormDefinition(BaseFormParserForJavaRosa.java:210)
	at org.opendatakit.aggregate.parser.BaseFormParserForJavaRosa.<init>(BaseFormParserForJavaRosa.java:359)
	at org.opendatakit.briefcase.util.JavaRosaParserWrapper.<init>(JavaRosaParserWrapper.java:15)
	at org.opendatakit.briefcase.model.BriefcaseFormDefinition.<init>(BriefcaseFormDefinition.java:294)
	... 36 common frames omitted
Caused by: org.javarosa.xform.parse.XFormParseException: XML Syntax Error at Line: 1, Column: 10266!
	at org.javarosa.xform.parse.XFormParser.getXMLDocument(XFormParser.java:448)
	at org.javarosa.xform.parse.XFormParser.getXMLDocument(XFormParser.java:414)
	at org.opendatakit.aggregate.parser.BaseFormParserForJavaRosa.parseFormDefinition(BaseFormParserForJavaRosa.java:207)
	... 39 common frames omitted
2026-02-24 19:43:02,007 [AWT-EventQueue-0] INFO  XFormParser - Reading XML and parsing with kXML2 finished in 1.307 ms
2026-02-24 19:43:02,007 [AWT-EventQueue-0] INFO  XFormParser - Consolidating text finished in 1.337 ms
2026-02-24 19:43:02,009 [AWT-EventQueue-0] INFO  XFormParser - Parsing form...
2026-02-24 19:43:02,009 [AWT-EventQueue-0] INFO  XFormParser - Title: "VIGILÂNCIA  AMBIENTAL"
2026-02-24 19:43:02,009 [AWT-EventQueue-0] WARN  XFormParser - XForm Parse Warning: Warning: 1 Unrecognized attributes found in Element [model] and will be ignored: [xforms-version] 
    Problem found at nodeset: /html/head/model
    With element <model xforms-version="1.0.0"><instance><data id="VIGILÂNCIA AMBIENTAL_v4" version="4" prefix="VIGILÂNCIA AMBIENTAL_v4" delimiter="$">...

2026-02-24 19:43:02,019 [AWT-EventQueue-0] INFO  XFormParser - Creating FormDef from parsed XML finished in 12.986 ms
2026-02-24 19:43:02,324 [ForkJoinPool-7-worker-10] INFO  o.o.b.p.a.PullFromAggregateTracker - Pull Formulário da Vigilancia Hospitalar - Submission 2 of 19 downloaded
2026-02-24 19:43:02,324 [ForkJoinPool-7-worker-10] INFO  o.o.b.p.a.PullFromAggregateTracker - Pull Formulário da Vigilancia Hospitalar - Start downloading submission 8 of 19
2026-02-24 19:43:02,334 [ForkJoinPool-7-worker-9] INFO  o.o.b.p.a.PullFromAggregateTracker - Pull Formulário da Vigilancia Hospitalar - Submission 3 of 19 downloaded
2026-02-24 19:43:02,334 [ForkJoinPool-7-worker-9] INFO  o.o.b.p.a.PullFromAggregateTracker - Pull Formulário da Vigilancia Hospitalar - Start downloading submission 9 of 19
2026-02-24 19:43:02,631 [ForkJoinPool-7-worker-13] INFO  o.o.b.p.a.PullFromAggregateTracker - Pull Formulário da Vigilancia Hospitalar - Submission 4 of 19 downloaded
2026-02-24 19:43:02,633 [ForkJoinPool-7-worker-13] INFO  o.o.b.p.a.PullFromAggregateTracker - Pull Formulário da Vigilancia Hospitalar - Start downloading submission 10 of 19
2026-02-24 19:43:02,786 [ForkJoinPool-7-worker-6] INFO  o.o.b.p.a.PullFromAggregateTracker - Pull Formulário da Vigilancia Hospitalar - Submission 6 of 19 downloaded
2026-02-24 19:43:02,788 [ForkJoinPool-7-worker-2] INFO  o.o.b.p.a.PullFromAggregateTracker - Pull Formulário da Vigilancia Hospitalar - Submission 5 of 19 downloaded
2026-02-24 19:43:02,792 [ForkJoinPool-7-worker-6] INFO  o.o.b.p.a.PullFromAggregateTracker - Pull Formulário da Vigilancia Hospitalar - Start downloading submission 11 of 19
2026-02-24 19:43:02,793 [ForkJoinPool-7-worker-2] INFO  o.o.b.p.a.PullFromAggregateTracker - Pull Formulário da Vigilancia Hospitalar - Start downloading submission 12 of 19
2026-02-24 19:43:02,917 [ForkJoinPool-7-worker-3] INFO  o.o.b.p.a.PullFromAggregateTracker - Pull Formulário da Vigilancia Hospitalar - Submission 7 of 19 downloaded
2026-02-24 19:43:02,919 [ForkJoinPool-7-worker-3] INFO  o.o.b.p.a.PullFromAggregateTracker - Pull Formulário da Vigilancia Hospitalar - Start downloading submission 13 of 19
2026-02-24 19:43:03,025 [ForkJoinPool-7-worker-15] INFO  o.o.b.p.a.PullFromAggregateTracker - Pull VIGILÂNCIA  AMBIENTAL - Got all the submission IDs
2026-02-24 19:43:03,033 [ForkJoinPool-7-worker-15] INFO  o.o.b.p.a.PullFromAggregateTracker - Pull VIGILÂNCIA  AMBIENTAL - Start downloading submission 1 of 13
2026-02-24 19:43:03,230 [ForkJoinPool-7-worker-10] INFO  o.o.b.p.a.PullFromAggregateTracker - Pull Formulário da Vigilancia Hospitalar - Submission 8 of 19 downloaded
2026-02-24 19:43:03,230 [ForkJoinPool-7-worker-9] INFO  o.o.b.p.a.PullFromAggregateTracker - Pull Formulário da Vigilancia Hospitalar - Submission 9 of 19 downloaded
2026-02-24 19:43:03,230 [ForkJoinPool-7-worker-13] INFO  o.o.b.p.a.PullFromAggregateTracker - Pull Formulário da Vigilancia Hospitalar - Submission 10 of 19 downloaded
2026-02-24 19:43:03,235 [ForkJoinPool-7-worker-13] INFO  o.o.b.p.a.PullFromAggregateTracker - Pull Formulário da Vigilancia Hospitalar - Start downloading submission 14 of 19
2026-02-24 19:43:03,235 [ForkJoinPool-7-worker-9] INFO  o.o.b.p.a.PullFromAggregateTracker - Pull VIGILÂNCIA  AMBIENTAL - Start downloading submission 2 of 13
2026-02-24 19:43:03,235 [ForkJoinPool-7-worker-10] INFO  o.o.b.p.a.PullFromAggregateTracker - Pull Formulário da Vigilancia Hospitalar - Start downloading submission 15 of 19
2026-02-24 19:43:03,513 [ForkJoinPool-7-worker-2] INFO  o.o.b.p.a.PullFromAggregateTracker - Pull Formulário da Vigilancia Hospitalar - Submission 12 of 19 downloaded
2026-02-24 19:43:03,516 [ForkJoinPool-7-worker-2] INFO  o.o.b.p.a.PullFromAggregateTracker - Pull Formulário da Vigilancia Hospitalar - Start downloading submission 16 of 19
2026-02-24 19:43:03,530 [ForkJoinPool-7-worker-11] INFO  o.o.b.p.a.PullFromAggregateTracker - Pull Formulário da Vigilancia Hospitalar - Form downloaded
2026-02-24 19:43:03,532 [ForkJoinPool-7-worker-11] INFO  o.o.b.p.a.PullFromAggregateTracker - Pull Formulário da Vigilancia Hospitalar - Start getting submission IDs
2026-02-24 19:43:03,532 [ForkJoinPool-7-worker-3] INFO  o.o.b.p.a.PullFromAggregateTracker - Pull Formulário da Vigilancia Hospitalar - Submission 13 of 19 downloaded
2026-02-24 19:43:03,532 [ForkJoinPool-7-worker-6] INFO  o.o.b.p.a.PullFromAggregateTracker - Pull Formulário da Vigilancia Hospitalar - Submission 11 of 19 downloaded
2026-02-24 19:43:03,532 [ForkJoinPool-7-worker-3] INFO  o.o.b.p.a.PullFromAggregateTracker - Pull VIGILÂNCIA  AMBIENTAL - Start downloading submission 3 of 13
2026-02-24 19:43:03,534 [ForkJoinPool-7-worker-6] INFO  o.o.b.p.a.PullFromAggregateTracker - Pull Formulário da Vigilancia Hospitalar - Start downloading submission 17 of 19
2026-02-24 19:43:03,815 [ForkJoinPool-7-worker-15] INFO  o.o.b.p.a.PullFromAggregateTracker - Pull VIGILÂNCIA  AMBIENTAL - Submission 1 of 13 downloaded
2026-02-24 19:43:03,817 [ForkJoinPool-7-worker-15] INFO  o.o.b.p.a.PullFromAggregateTracker - Pull VIGILÂNCIA  AMBIENTAL - Start downloading submission 4 of 13
2026-02-24 19:43:03,827 [ForkJoinPool-7-worker-9] INFO  o.o.b.p.a.PullFromAggregateTracker - Pull VIGILÂNCIA  AMBIENTAL - Submission 2 of 13 downloaded
2026-02-24 19:43:03,829 [ForkJoinPool-7-worker-13] INFO  o.o.b.p.a.PullFromAggregateTracker - Pull Formulário da Vigilancia Hospitalar - Submission 14 of 19 downloaded
2026-02-24 19:43:03,829 [ForkJoinPool-7-worker-9] INFO  o.o.b.p.a.PullFromAggregateTracker - Pull VIGILÂNCIA  AMBIENTAL - Start downloading submission 5 of 13
2026-02-24 19:43:03,829 [ForkJoinPool-7-worker-13] INFO  o.o.b.p.a.PullFromAggregateTracker - Pull Formulário da Vigilancia Hospitalar - Start downloading submission 18 of 19
2026-02-24 19:43:04,107 [ForkJoinPool-7-worker-2] INFO  o.o.b.p.a.PullFromAggregateTracker - Pull Formulário da Vigilancia Hospitalar - Submission 16 of 19 downloaded
2026-02-24 19:43:04,110 [ForkJoinPool-7-worker-2] INFO  o.o.b.p.a.PullFromAggregateTracker - Pull Formulário da Vigilancia Hospitalar - Start downloading submission 19 of 19
2026-02-24 19:43:04,112 [ForkJoinPool-7-worker-10] INFO  o.o.b.p.a.PullFromAggregateTracker - Pull Formulário da Vigilancia Hospitalar - Submission 15 of 19 downloaded
2026-02-24 19:43:04,114 [ForkJoinPool-7-worker-10] INFO  o.o.b.p.a.PullFromAggregateTracker - Pull Formulário da Vigilancia Hospitalar - Start pulling form and submissions
2026-02-24 19:43:04,114 [ForkJoinPool-7-worker-10] INFO  o.o.b.p.a.PullFromAggregateTracker - Pull Formulário da Vigilancia Hospitalar - Start downloading form
2026-02-24 19:43:04,127 [ForkJoinPool-7-worker-11] INFO  o.o.b.p.a.PullFromAggregateTracker - Pull Formulário da Vigilancia Hospitalar - Got all the submission IDs
2026-02-24 19:43:04,209 [ForkJoinPool-7-worker-11] INFO  o.o.b.p.a.PullFromAggregateTracker - Push Formulário da Vigilancia Hospitalar - There are no submissions to download
2026-02-24 19:43:04,212 [ForkJoinPool-7-worker-11] INFO  o.o.b.p.a.PullFromAggregateTracker - Pull Formulário da Vigilancia Hospitalar - Success
2026-02-24 19:43:04,216 [ForkJoinPool-7-worker-11] INFO  o.o.b.p.a.PullFromAggregateTracker - Pull VIGILÂNCIA  AMBIENTAL - Start downloading submission 6 of 13
2026-02-24 19:43:04,289 [AWT-EventQueue-0] INFO  XFormParser - Reading XML and parsing with kXML2 finished in 16.238 ms
2026-02-24 19:43:04,300 [AWT-EventQueue-0] INFO  XFormParser - Consolidating text finished in 8.594 ms
2026-02-24 19:43:04,301 [AWT-EventQueue-0] INFO  XFormParser - Parsing form...
2026-02-24 19:43:04,302 [AWT-EventQueue-0] INFO  XFormParser - Title: "Formulário da Vigilancia Hospitalar"
2026-02-24 19:43:04,302 [AWT-EventQueue-0] WARN  XFormParser - XForm Parse Warning: Warning: 1 Unrecognized attributes found in Element [model] and will be ignored: [xforms-version] 
    Problem found at nodeset: /html/head/model
    With element <model xforms-version="1.0.0"><instance><data id="hospitalar_v4" version="1" prefix="hospitalar_v4" delimiter="$">...

2026-02-24 19:43:04,351 [AWT-EventQueue-0] INFO  XFormParser - Creating FormDef from parsed XML finished in 50.472 ms
2026-02-24 19:43:04,354 [AWT-EventQueue-0] ERROR XFormParser - XML Syntax Error at Line: 1, Column: 10266!
org.xmlpull.v1.XmlPullParserException: element stack empty (position:END_TAG </input>@1:10266 in java.io.StringReader@b8c9f) 
	at org.kxml2.io.KXmlParser.exception(Unknown Source)
	at org.kxml2.io.KXmlParser.error(Unknown Source)
	at org.kxml2.io.KXmlParser.parseEndTag(Unknown Source)
	at org.kxml2.io.KXmlParser.nextImpl(Unknown Source)
	at org.kxml2.io.KXmlParser.nextToken(Unknown Source)
	at org.kxml2.kdom.Element.parse(Unknown Source)
	at org.kxml2.kdom.Node.parse(Unknown Source)
	at org.kxml2.kdom.Document.parse(Unknown Source)
	at org.javarosa.xform.parse.XFormParser.getXMLDocument(XFormParser.java:444)
	at org.javarosa.xform.parse.XFormParser.getXMLDocument(XFormParser.java:414)
	at org.opendatakit.aggregate.parser.BaseFormParserForJavaRosa.parseFormDefinition(BaseFormParserForJavaRosa.java:207)
	at org.opendatakit.aggregate.parser.BaseFormParserForJavaRosa.<init>(BaseFormParserForJavaRosa.java:359)
	at org.opendatakit.briefcase.util.JavaRosaParserWrapper.<init>(JavaRosaParserWrapper.java:15)
	at org.opendatakit.briefcase.model.BriefcaseFormDefinition.<init>(BriefcaseFormDefinition.java:294)
	at org.opendatakit.briefcase.util.FormCache.lambda$update$1(FormCache.java:123)
	at java.util.stream.ForEachOps$ForEachOp$OfRef.accept(Unknown Source)
	at java.util.stream.ReferencePipeline$2$1.accept(Unknown Source)
	at java.util.Iterator.forEachRemaining(Unknown Source)
	at java.util.Spliterators$IteratorSpliterator.forEachRemaining(Unknown Source)
	at java.util.stream.AbstractPipeline.copyInto(Unknown Source)
	at java.util.stream.AbstractPipeline.wrapAndCopyInto(Unknown Source)
	at java.util.stream.ForEachOps$ForEachOp.evaluateSequential(Unknown Source)
	at java.util.stream.ForEachOps$ForEachOp$OfRef.evaluateSequential(Unknown Source)
	at java.util.stream.AbstractPipeline.evaluate(Unknown Source)
	at java.util.stream.ReferencePipeline.forEach(Unknown Source)
	at org.opendatakit.briefcase.util.FormCache.lambda$update$2(FormCache.java:117)
	at java.util.Optional.ifPresent(Unknown Source)
	at org.opendatakit.briefcase.util.FormCache.update(FormCache.java:113)
	at org.opendatakit.briefcase.util.FormCache.onPullSuccess(FormCache.java:150)
	at sun.reflect.GeneratedMethodAccessor11.invoke(Unknown Source)
	at sun.reflect.DelegatingMethodAccessorImpl.invoke(Unknown Source)
	at java.lang.reflect.Method.invoke(Unknown Source)
	at org.bushe.swing.event.annotation.BaseProxySubscriber.onEvent(BaseProxySubscriber.java:69)
	at org.bushe.swing.event.ThreadSafeEventService.publish(ThreadSafeEventService.java:971)
	at org.bushe.swing.event.SwingEventService.access$001(SwingEventService.java:31)
	at org.bushe.swing.event.SwingEventService$1.run(SwingEventService.java:88)
	at java.awt.event.InvocationEvent.dispatch(Unknown Source)
	at java.awt.EventQueue.dispatchEventImpl(Unknown Source)
	at java.awt.EventQueue.access$500(Unknown Source)
	at java.awt.EventQueue$3.run(Unknown Source)
	at java.awt.EventQueue$3.run(Unknown Source)
	at java.security.AccessController.doPrivileged(Native Method)
	at java.security.ProtectionDomain$JavaSecurityAccessImpl.doIntersectionPrivilege(Unknown Source)
	at java.awt.EventQueue.dispatchEvent(Unknown Source)
	at java.awt.EventDispatchThread.pumpOneEventForFilters(Unknown Source)
	at java.awt.EventDispatchThread.pumpEventsForFilter(Unknown Source)
	at java.awt.EventDispatchThread.pumpEventsForHierarchy(Unknown Source)
	at java.awt.EventDispatchThread.pumpEvents(Unknown Source)
	at java.awt.EventDispatchThread.pumpEvents(Unknown Source)
	at java.awt.EventDispatchThread.run(Unknown Source)
2026-02-24 19:43:04,354 [AWT-EventQueue-0] WARN  o.o.briefcase.util.FormCache - Can't parse form file
org.opendatakit.briefcase.util.BadFormDefinition: org.opendatakit.aggregate.exception.ODKIncompleteSubmissionData: org.javarosa.xform.parse.XFormParseException: XML Syntax Error at Line: 1, Column: 10266!
	at org.opendatakit.briefcase.model.BriefcaseFormDefinition.<init>(BriefcaseFormDefinition.java:297)
	at org.opendatakit.briefcase.util.FormCache.lambda$update$1(FormCache.java:123)
	at java.util.stream.ForEachOps$ForEachOp$OfRef.accept(Unknown Source)
	at java.util.stream.ReferencePipeline$2$1.accept(Unknown Source)
	at java.util.Iterator.forEachRemaining(Unknown Source)
	at java.util.Spliterators$IteratorSpliterator.forEachRemaining(Unknown Source)
	at java.util.stream.AbstractPipeline.copyInto(Unknown Source)
	at java.util.stream.AbstractPipeline.wrapAndCopyInto(Unknown Source)
	at java.util.stream.ForEachOps$ForEachOp.evaluateSequential(Unknown Source)
	at java.util.stream.ForEachOps$ForEachOp$OfRef.evaluateSequential(Unknown Source)
	at java.util.stream.AbstractPipeline.evaluate(Unknown Source)
	at java.util.stream.ReferencePipeline.forEach(Unknown Source)
	at org.opendatakit.briefcase.util.FormCache.lambda$update$2(FormCache.java:117)
	at java.util.Optional.ifPresent(Unknown Source)
	at org.opendatakit.briefcase.util.FormCache.update(FormCache.java:113)
	at org.opendatakit.briefcase.util.FormCache.onPullSuccess(FormCache.java:150)
	at sun.reflect.GeneratedMethodAccessor11.invoke(Unknown Source)
	at sun.reflect.DelegatingMethodAccessorImpl.invoke(Unknown Source)
	at java.lang.reflect.Method.invoke(Unknown Source)
	at org.bushe.swing.event.annotation.BaseProxySubscriber.onEvent(BaseProxySubscriber.java:69)
	at org.bushe.swing.event.ThreadSafeEventService.publish(ThreadSafeEventService.java:971)
	at org.bushe.swing.event.SwingEventService.access$001(SwingEventService.java:31)
	at org.bushe.swing.event.SwingEventService$1.run(SwingEventService.java:88)
	at java.awt.event.InvocationEvent.dispatch(Unknown Source)
	at java.awt.EventQueue.dispatchEventImpl(Unknown Source)
	at java.awt.EventQueue.access$500(Unknown Source)
	at java.awt.EventQueue$3.run(Unknown Source)
	at java.awt.EventQueue$3.run(Unknown Source)
	at java.security.AccessController.doPrivileged(Native Method)
	at java.security.ProtectionDomain$JavaSecurityAccessImpl.doIntersectionPrivilege(Unknown Source)
	at java.awt.EventQueue.dispatchEvent(Unknown Source)
	at java.awt.EventDispatchThread.pumpOneEventForFilters(Unknown Source)
	at java.awt.EventDispatchThread.pumpEventsForFilter(Unknown Source)
	at java.awt.EventDispatchThread.pumpEventsForHierarchy(Unknown Source)
	at java.awt.EventDispatchThread.pumpEvents(Unknown Source)
	at java.awt.EventDispatchThread.pumpEvents(Unknown Source)
	at java.awt.EventDispatchThread.run(Unknown Source)
Caused by: org.opendatakit.aggregate.exception.ODKIncompleteSubmissionData: org.javarosa.xform.parse.XFormParseException: XML Syntax Error at Line: 1, Column: 10266!
	at org.opendatakit.aggregate.parser.BaseFormParserForJavaRosa.parseFormDefinition(BaseFormParserForJavaRosa.java:210)
	at org.opendatakit.aggregate.parser.BaseFormParserForJavaRosa.<init>(BaseFormParserForJavaRosa.java:359)
	at org.opendatakit.briefcase.util.JavaRosaParserWrapper.<init>(JavaRosaParserWrapper.java:15)
	at org.opendatakit.briefcase.model.BriefcaseFormDefinition.<init>(BriefcaseFormDefinition.java:294)
	... 36 common frames omitted
Caused by: org.javarosa.xform.parse.XFormParseException: XML Syntax Error at Line: 1, Column: 10266!
	at org.javarosa.xform.parse.XFormParser.getXMLDocument(XFormParser.java:448)
	at org.javarosa.xform.parse.XFormParser.getXMLDocument(XFormParser.java:414)
	at org.opendatakit.aggregate.parser.BaseFormParserForJavaRosa.parseFormDefinition(BaseFormParserForJavaRosa.java:207)
	... 39 common frames omitted
2026-02-24 19:43:04,423 [ForkJoinPool-7-worker-15] INFO  o.o.b.p.a.PullFromAggregateTracker - Pull VIGILÂNCIA  AMBIENTAL - Submission 4 of 13 downloaded
2026-02-24 19:43:04,425 [ForkJoinPool-7-worker-9] INFO  o.o.b.p.a.PullFromAggregateTracker - Pull VIGILÂNCIA  AMBIENTAL - Submission 5 of 13 downloaded
2026-02-24 19:43:04,425 [ForkJoinPool-7-worker-15] INFO  o.o.b.p.a.PullFromAggregateTracker - Pull VIGILÂNCIA  AMBIENTAL - Start downloading submission 7 of 13
2026-02-24 19:43:04,425 [ForkJoinPool-7-worker-9] INFO  o.o.b.p.a.PullFromAggregateTracker - Pull VIGILÂNCIA  AMBIENTAL - Start downloading submission 8 of 13
2026-02-24 19:43:04,427 [ForkJoinPool-7-worker-6] INFO  o.o.b.p.a.PullFromAggregateTracker - Pull Formulário da Vigilancia Hospitalar - Submission 17 of 19 downloaded
2026-02-24 19:43:04,427 [ForkJoinPool-7-worker-6] INFO  o.o.b.p.a.PullFromAggregateTracker - Pull VIGILÂNCIA  AMBIENTAL - Start downloading submission 9 of 13
2026-02-24 19:43:04,723 [ForkJoinPool-7-worker-13] INFO  o.o.b.p.a.PullFromAggregateTracker - Pull Formulário da Vigilancia Hospitalar - Submission 18 of 19 downloaded
2026-02-24 19:43:04,723 [ForkJoinPool-7-worker-13] INFO  o.o.b.p.a.PullFromAggregateTracker - Pull VIGILÂNCIA  AMBIENTAL - Start downloading submission 10 of 13
2026-02-24 19:43:04,729 [ForkJoinPool-7-worker-11] INFO  o.o.b.p.a.PullFromAggregateTracker - Pull VIGILÂNCIA  AMBIENTAL - Submission 6 of 13 downloaded
2026-02-24 19:43:04,729 [ForkJoinPool-7-worker-11] INFO  o.o.b.p.a.PullFromAggregateTracker - Pull VIGILÂNCIA  AMBIENTAL - Start downloading submission 11 of 13
2026-02-24 19:43:04,729 [ForkJoinPool-7-worker-2] INFO  o.o.b.p.a.PullFromAggregateTracker - Pull Formulário da Vigilancia Hospitalar - Submission 19 of 19 downloaded
2026-02-24 19:43:04,729 [ForkJoinPool-7-worker-2] INFO  o.o.b.p.a.PullFromAggregateTracker - Pull Formulário da Vigilancia Hospitalar - Success
2026-02-24 19:43:04,734 [ForkJoinPool-7-worker-2] INFO  o.o.b.p.a.PullFromAggregateTracker - Pull VIGILÂNCIA  AMBIENTAL - Start downloading submission 12 of 13
2026-02-24 19:43:04,769 [AWT-EventQueue-0] ERROR XFormParser - XML Syntax Error at Line: 1, Column: 10266!
org.xmlpull.v1.XmlPullParserException: element stack empty (position:END_TAG </input>@1:10266 in java.io.StringReader@7576c9) 
	at org.kxml2.io.KXmlParser.exception(Unknown Source)
	at org.kxml2.io.KXmlParser.error(Unknown Source)
	at org.kxml2.io.KXmlParser.parseEndTag(Unknown Source)
	at org.kxml2.io.KXmlParser.nextImpl(Unknown Source)
	at org.kxml2.io.KXmlParser.nextToken(Unknown Source)
	at org.kxml2.kdom.Element.parse(Unknown Source)
	at org.kxml2.kdom.Node.parse(Unknown Source)
	at org.kxml2.kdom.Document.parse(Unknown Source)
	at org.javarosa.xform.parse.XFormParser.getXMLDocument(XFormParser.java:444)
	at org.javarosa.xform.parse.XFormParser.getXMLDocument(XFormParser.java:414)
	at org.opendatakit.aggregate.parser.BaseFormParserForJavaRosa.parseFormDefinition(BaseFormParserForJavaRosa.java:207)
	at org.opendatakit.aggregate.parser.BaseFormParserForJavaRosa.<init>(BaseFormParserForJavaRosa.java:359)
	at org.opendatakit.briefcase.util.JavaRosaParserWrapper.<init>(JavaRosaParserWrapper.java:15)
	at org.opendatakit.briefcase.model.BriefcaseFormDefinition.<init>(BriefcaseFormDefinition.java:294)
	at org.opendatakit.briefcase.util.FormCache.lambda$update$1(FormCache.java:123)
	at java.util.stream.ForEachOps$ForEachOp$OfRef.accept(Unknown Source)
	at java.util.stream.ReferencePipeline$2$1.accept(Unknown Source)
	at java.util.Iterator.forEachRemaining(Unknown Source)
	at java.util.Spliterators$IteratorSpliterator.forEachRemaining(Unknown Source)
	at java.util.stream.AbstractPipeline.copyInto(Unknown Source)
	at java.util.stream.AbstractPipeline.wrapAndCopyInto(Unknown Source)
	at java.util.stream.ForEachOps$ForEachOp.evaluateSequential(Unknown Source)
	at java.util.stream.ForEachOps$ForEachOp$OfRef.evaluateSequential(Unknown Source)
	at java.util.stream.AbstractPipeline.evaluate(Unknown Source)
	at java.util.stream.ReferencePipeline.forEach(Unknown Source)
	at org.opendatakit.briefcase.util.FormCache.lambda$update$2(FormCache.java:117)
	at java.util.Optional.ifPresent(Unknown Source)
	at org.opendatakit.briefcase.util.FormCache.update(FormCache.java:113)
	at org.opendatakit.briefcase.util.FormCache.onPullSuccess(FormCache.java:150)
	at sun.reflect.GeneratedMethodAccessor11.invoke(Unknown Source)
	at sun.reflect.DelegatingMethodAccessorImpl.invoke(Unknown Source)
	at java.lang.reflect.Method.invoke(Unknown Source)
	at org.bushe.swing.event.annotation.BaseProxySubscriber.onEvent(BaseProxySubscriber.java:69)
	at org.bushe.swing.event.ThreadSafeEventService.publish(ThreadSafeEventService.java:971)
	at org.bushe.swing.event.SwingEventService.access$001(SwingEventService.java:31)
	at org.bushe.swing.event.SwingEventService$1.run(SwingEventService.java:88)
	at java.awt.event.InvocationEvent.dispatch(Unknown Source)
	at java.awt.EventQueue.dispatchEventImpl(Unknown Source)
	at java.awt.EventQueue.access$500(Unknown Source)
	at java.awt.EventQueue$3.run(Unknown Source)
	at java.awt.EventQueue$3.run(Unknown Source)
	at java.security.AccessController.doPrivileged(Native Method)
	at java.security.ProtectionDomain$JavaSecurityAccessImpl.doIntersectionPrivilege(Unknown Source)
	at java.awt.EventQueue.dispatchEvent(Unknown Source)
	at java.awt.EventDispatchThread.pumpOneEventForFilters(Unknown Source)
	at java.awt.EventDispatchThread.pumpEventsForFilter(Unknown Source)
	at java.awt.EventDispatchThread.pumpEventsForHierarchy(Unknown Source)
	at java.awt.EventDispatchThread.pumpEvents(Unknown Source)
	at java.awt.EventDispatchThread.pumpEvents(Unknown Source)
	at java.awt.EventDispatchThread.run(Unknown Source)
2026-02-24 19:43:04,771 [AWT-EventQueue-0] WARN  o.o.briefcase.util.FormCache - Can't parse form file
org.opendatakit.briefcase.util.BadFormDefinition: org.opendatakit.aggregate.exception.ODKIncompleteSubmissionData: org.javarosa.xform.parse.XFormParseException: XML Syntax Error at Line: 1, Column: 10266!
	at org.opendatakit.briefcase.model.BriefcaseFormDefinition.<init>(BriefcaseFormDefinition.java:297)
	at org.opendatakit.briefcase.util.FormCache.lambda$update$1(FormCache.java:123)
	at java.util.stream.ForEachOps$ForEachOp$OfRef.accept(Unknown Source)
	at java.util.stream.ReferencePipeline$2$1.accept(Unknown Source)
	at java.util.Iterator.forEachRemaining(Unknown Source)
	at java.util.Spliterators$IteratorSpliterator.forEachRemaining(Unknown Source)
	at java.util.stream.AbstractPipeline.copyInto(Unknown Source)
	at java.util.stream.AbstractPipeline.wrapAndCopyInto(Unknown Source)
	at java.util.stream.ForEachOps$ForEachOp.evaluateSequential(Unknown Source)
	at java.util.stream.ForEachOps$ForEachOp$OfRef.evaluateSequential(Unknown Source)
	at java.util.stream.AbstractPipeline.evaluate(Unknown Source)
	at java.util.stream.ReferencePipeline.forEach(Unknown Source)
	at org.opendatakit.briefcase.util.FormCache.lambda$update$2(FormCache.java:117)
	at java.util.Optional.ifPresent(Unknown Source)
	at org.opendatakit.briefcase.util.FormCache.update(FormCache.java:113)
	at org.opendatakit.briefcase.util.FormCache.onPullSuccess(FormCache.java:150)
	at sun.reflect.GeneratedMethodAccessor11.invoke(Unknown Source)
	at sun.reflect.DelegatingMethodAccessorImpl.invoke(Unknown Source)
	at java.lang.reflect.Method.invoke(Unknown Source)
	at org.bushe.swing.event.annotation.BaseProxySubscriber.onEvent(BaseProxySubscriber.java:69)
	at org.bushe.swing.event.ThreadSafeEventService.publish(ThreadSafeEventService.java:971)
	at org.bushe.swing.event.SwingEventService.access$001(SwingEventService.java:31)
	at org.bushe.swing.event.SwingEventService$1.run(SwingEventService.java:88)
	at java.awt.event.InvocationEvent.dispatch(Unknown Source)
	at java.awt.EventQueue.dispatchEventImpl(Unknown Source)
	at java.awt.EventQueue.access$500(Unknown Source)
	at java.awt.EventQueue$3.run(Unknown Source)
	at java.awt.EventQueue$3.run(Unknown Source)
	at java.security.AccessController.doPrivileged(Native Method)
	at java.security.ProtectionDomain$JavaSecurityAccessImpl.doIntersectionPrivilege(Unknown Source)
	at java.awt.EventQueue.dispatchEvent(Unknown Source)
	at java.awt.EventDispatchThread.pumpOneEventForFilters(Unknown Source)
	at java.awt.EventDispatchThread.pumpEventsForFilter(Unknown Source)
	at java.awt.EventDispatchThread.pumpEventsForHierarchy(Unknown Source)
	at java.awt.EventDispatchThread.pumpEvents(Unknown Source)
	at java.awt.EventDispatchThread.pumpEvents(Unknown Source)
	at java.awt.EventDispatchThread.run(Unknown Source)
Caused by: org.opendatakit.aggregate.exception.ODKIncompleteSubmissionData: org.javarosa.xform.parse.XFormParseException: XML Syntax Error at Line: 1, Column: 10266!
	at org.opendatakit.aggregate.parser.BaseFormParserForJavaRosa.parseFormDefinition(BaseFormParserForJavaRosa.java:210)
	at org.opendatakit.aggregate.parser.BaseFormParserForJavaRosa.<init>(BaseFormParserForJavaRosa.java:359)
	at org.opendatakit.briefcase.util.JavaRosaParserWrapper.<init>(JavaRosaParserWrapper.java:15)
	at org.opendatakit.briefcase.model.BriefcaseFormDefinition.<init>(BriefcaseFormDefinition.java:294)
	... 36 common frames omitted
Caused by: org.javarosa.xform.parse.XFormParseException: XML Syntax Error at Line: 1, Column: 10266!
	at org.javarosa.xform.parse.XFormParser.getXMLDocument(XFormParser.java:448)
	at org.javarosa.xform.parse.XFormParser.getXMLDocument(XFormParser.java:414)
	at org.opendatakit.aggregate.parser.BaseFormParserForJavaRosa.parseFormDefinition(BaseFormParserForJavaRosa.java:207)
	... 39 common frames omitted
2026-02-24 19:43:05,265 [ForkJoinPool-7-worker-3] INFO  o.o.b.p.a.PullFromAggregateTracker - Pull VIGILÂNCIA  AMBIENTAL - Submission 3 of 13 downloaded
2026-02-24 19:43:05,269 [ForkJoinPool-7-worker-3] INFO  o.o.b.p.a.PullFromAggregateTracker - Pull Resultados de testagem das vigilâncias - Start pulling form and submissions
2026-02-24 19:43:05,269 [ForkJoinPool-7-worker-3] INFO  o.o.b.p.a.PullFromAggregateTracker - Pull Resultados de testagem das vigilâncias - Start downloading form
2026-02-24 19:43:05,580 [ForkJoinPool-7-worker-6] INFO  o.o.b.p.a.PullFromAggregateTracker - Pull VIGILÂNCIA  AMBIENTAL - Submission 9 of 13 downloaded
2026-02-24 19:43:05,580 [ForkJoinPool-7-worker-9] INFO  o.o.b.p.a.PullFromAggregateTracker - Pull VIGILÂNCIA  AMBIENTAL - Submission 8 of 13 downloaded
2026-02-24 19:43:05,580 [ForkJoinPool-7-worker-15] INFO  o.o.b.p.a.PullFromAggregateTracker - Pull VIGILÂNCIA  AMBIENTAL - Submission 7 of 13 downloaded
2026-02-24 19:43:05,580 [ForkJoinPool-7-worker-6] INFO  o.o.b.p.a.PullFromAggregateTracker - Pull Formulário da Vigilancia Hospitalar - Start pulling form and submissions
2026-02-24 19:43:05,582 [ForkJoinPool-7-worker-15] INFO  o.o.b.p.a.PullFromAggregateTracker - Pull VIGILÂNCIA  AMBIENTAL - Start downloading submission 13 of 13
2026-02-24 19:43:05,582 [ForkJoinPool-7-worker-6] INFO  o.o.b.p.a.PullFromAggregateTracker - Pull Formulário da Vigilancia Hospitalar - Start downloading form
2026-02-24 19:43:05,582 [ForkJoinPool-7-worker-9] INFO  o.o.b.p.a.PullFromAggregateTracker - Pull Formulário da Vigilancia Hospitalar - Laboratório - Start pulling form and submissions
2026-02-24 19:43:05,582 [ForkJoinPool-7-worker-9] INFO  o.o.b.p.a.PullFromAggregateTracker - Pull Formulário da Vigilancia Hospitalar - Laboratório - Start downloading form
2026-02-24 19:43:05,651 [ForkJoinPool-7-worker-13] INFO  o.o.b.p.a.PullFromAggregateTracker - Pull VIGILÂNCIA  AMBIENTAL - Submission 10 of 13 downloaded
2026-02-24 19:43:05,653 [ForkJoinPool-7-worker-13] INFO  o.o.b.p.a.PullFromAggregateTracker - Pull Formulário da Vigilancia Hospitalar - Laboratório - Start pulling form and submissions
2026-02-24 19:43:05,653 [ForkJoinPool-7-worker-13] INFO  o.o.b.p.a.PullFromAggregateTracker - Pull Formulário da Vigilancia Hospitalar - Laboratório - Start downloading form
2026-02-24 19:43:05,947 [ForkJoinPool-7-worker-2] INFO  o.o.b.p.a.PullFromAggregateTracker - Pull VIGILÂNCIA  AMBIENTAL - Submission 12 of 13 downloaded
2026-02-24 19:43:05,963 [ForkJoinPool-7-worker-11] INFO  o.o.b.p.a.PullFromAggregateTracker - Pull VIGILÂNCIA  AMBIENTAL - Submission 11 of 13 downloaded
2026-02-24 19:43:05,979 [ForkJoinPool-7-worker-15] INFO  o.o.b.p.a.PullFromAggregateTracker - Pull VIGILÂNCIA  AMBIENTAL - Submission 13 of 13 downloaded
2026-02-24 19:43:05,982 [ForkJoinPool-7-worker-15] INFO  o.o.b.p.a.PullFromAggregateTracker - Pull VIGILÂNCIA  AMBIENTAL - Success
2026-02-24 19:43:06,015 [AWT-EventQueue-0] ERROR XFormParser - XML Syntax Error at Line: 1, Column: 10266!
org.xmlpull.v1.XmlPullParserException: element stack empty (position:END_TAG </input>@1:10266 in java.io.StringReader@13adbd4) 
	at org.kxml2.io.KXmlParser.exception(Unknown Source)
	at org.kxml2.io.KXmlParser.error(Unknown Source)
	at org.kxml2.io.KXmlParser.parseEndTag(Unknown Source)
	at org.kxml2.io.KXmlParser.nextImpl(Unknown Source)
	at org.kxml2.io.KXmlParser.nextToken(Unknown Source)
	at org.kxml2.kdom.Element.parse(Unknown Source)
	at org.kxml2.kdom.Node.parse(Unknown Source)
	at org.kxml2.kdom.Document.parse(Unknown Source)
	at org.javarosa.xform.parse.XFormParser.getXMLDocument(XFormParser.java:444)
	at org.javarosa.xform.parse.XFormParser.getXMLDocument(XFormParser.java:414)
	at org.opendatakit.aggregate.parser.BaseFormParserForJavaRosa.parseFormDefinition(BaseFormParserForJavaRosa.java:207)
	at org.opendatakit.aggregate.parser.BaseFormParserForJavaRosa.<init>(BaseFormParserForJavaRosa.java:359)
	at org.opendatakit.briefcase.util.JavaRosaParserWrapper.<init>(JavaRosaParserWrapper.java:15)
	at org.opendatakit.briefcase.model.BriefcaseFormDefinition.<init>(BriefcaseFormDefinition.java:294)
	at org.opendatakit.briefcase.util.FormCache.lambda$update$1(FormCache.java:123)
	at java.util.stream.ForEachOps$ForEachOp$OfRef.accept(Unknown Source)
	at java.util.stream.ReferencePipeline$2$1.accept(Unknown Source)
	at java.util.Iterator.forEachRemaining(Unknown Source)
	at java.util.Spliterators$IteratorSpliterator.forEachRemaining(Unknown Source)
	at java.util.stream.AbstractPipeline.copyInto(Unknown Source)
	at java.util.stream.AbstractPipeline.wrapAndCopyInto(Unknown Source)
	at java.util.stream.ForEachOps$ForEachOp.evaluateSequential(Unknown Source)
	at java.util.stream.ForEachOps$ForEachOp$OfRef.evaluateSequential(Unknown Source)
	at java.util.stream.AbstractPipeline.evaluate(Unknown Source)
	at java.util.stream.ReferencePipeline.forEach(Unknown Source)
	at org.opendatakit.briefcase.util.FormCache.lambda$update$2(FormCache.java:117)
	at java.util.Optional.ifPresent(Unknown Source)
	at org.opendatakit.briefcase.util.FormCache.update(FormCache.java:113)
	at org.opendatakit.briefcase.util.FormCache.onPullSuccess(FormCache.java:150)
	at sun.reflect.GeneratedMethodAccessor11.invoke(Unknown Source)
	at sun.reflect.DelegatingMethodAccessorImpl.invoke(Unknown Source)
	at java.lang.reflect.Method.invoke(Unknown Source)
	at org.bushe.swing.event.annotation.BaseProxySubscriber.onEvent(BaseProxySubscriber.java:69)
	at org.bushe.swing.event.ThreadSafeEventService.publish(ThreadSafeEventService.java:971)
	at org.bushe.swing.event.SwingEventService.access$001(SwingEventService.java:31)
	at org.bushe.swing.event.SwingEventService$1.run(SwingEventService.java:88)
	at java.awt.event.InvocationEvent.dispatch(Unknown Source)
	at java.awt.EventQueue.dispatchEventImpl(Unknown Source)
	at java.awt.EventQueue.access$500(Unknown Source)
	at java.awt.EventQueue$3.run(Unknown Source)
	at java.awt.EventQueue$3.run(Unknown Source)
	at java.security.AccessController.doPrivileged(Native Method)
	at java.security.ProtectionDomain$JavaSecurityAccessImpl.doIntersectionPrivilege(Unknown Source)
	at java.awt.EventQueue.dispatchEvent(Unknown Source)
	at java.awt.EventDispatchThread.pumpOneEventForFilters(Unknown Source)
	at java.awt.EventDispatchThread.pumpEventsForFilter(Unknown Source)
	at java.awt.EventDispatchThread.pumpEventsForHierarchy(Unknown Source)
	at java.awt.EventDispatchThread.pumpEvents(Unknown Source)
	at java.awt.EventDispatchThread.pumpEvents(Unknown Source)
	at java.awt.EventDispatchThread.run(Unknown Source)
2026-02-24 19:43:06,015 [AWT-EventQueue-0] WARN  o.o.briefcase.util.FormCache - Can't parse form file
org.opendatakit.briefcase.util.BadFormDefinition: org.opendatakit.aggregate.exception.ODKIncompleteSubmissionData: org.javarosa.xform.parse.XFormParseException: XML Syntax Error at Line: 1, Column: 10266!
	at org.opendatakit.briefcase.model.BriefcaseFormDefinition.<init>(BriefcaseFormDefinition.java:297)
	at org.opendatakit.briefcase.util.FormCache.lambda$update$1(FormCache.java:123)
	at java.util.stream.ForEachOps$ForEachOp$OfRef.accept(Unknown Source)
	at java.util.stream.ReferencePipeline$2$1.accept(Unknown Source)
	at java.util.Iterator.forEachRemaining(Unknown Source)
	at java.util.Spliterators$IteratorSpliterator.forEachRemaining(Unknown Source)
	at java.util.stream.AbstractPipeline.copyInto(Unknown Source)
	at java.util.stream.AbstractPipeline.wrapAndCopyInto(Unknown Source)
	at java.util.stream.ForEachOps$ForEachOp.evaluateSequential(Unknown Source)
	at java.util.stream.ForEachOps$ForEachOp$OfRef.evaluateSequential(Unknown Source)
	at java.util.stream.AbstractPipeline.evaluate(Unknown Source)
	at java.util.stream.ReferencePipeline.forEach(Unknown Source)
	at org.opendatakit.briefcase.util.FormCache.lambda$update$2(FormCache.java:117)
	at java.util.Optional.ifPresent(Unknown Source)
	at org.opendatakit.briefcase.util.FormCache.update(FormCache.java:113)
	at org.opendatakit.briefcase.util.FormCache.onPullSuccess(FormCache.java:150)
	at sun.reflect.GeneratedMethodAccessor11.invoke(Unknown Source)
	at sun.reflect.DelegatingMethodAccessorImpl.invoke(Unknown Source)
	at java.lang.reflect.Method.invoke(Unknown Source)
	at org.bushe.swing.event.annotation.BaseProxySubscriber.onEvent(BaseProxySubscriber.java:69)
	at org.bushe.swing.event.ThreadSafeEventService.publish(ThreadSafeEventService.java:971)
	at org.bushe.swing.event.SwingEventService.access$001(SwingEventService.java:31)
	at org.bushe.swing.event.SwingEventService$1.run(SwingEventService.java:88)
	at java.awt.event.InvocationEvent.dispatch(Unknown Source)
	at java.awt.EventQueue.dispatchEventImpl(Unknown Source)
	at java.awt.EventQueue.access$500(Unknown Source)
	at java.awt.EventQueue$3.run(Unknown Source)
	at java.awt.EventQueue$3.run(Unknown Source)
	at java.security.AccessController.doPrivileged(Native Method)
	at java.security.ProtectionDomain$JavaSecurityAccessImpl.doIntersectionPrivilege(Unknown Source)
	at java.awt.EventQueue.dispatchEvent(Unknown Source)
	at java.awt.EventDispatchThread.pumpOneEventForFilters(Unknown Source)
	at java.awt.EventDispatchThread.pumpEventsForFilter(Unknown Source)
	at java.awt.EventDispatchThread.pumpEventsForHierarchy(Unknown Source)
	at java.awt.EventDispatchThread.pumpEvents(Unknown Source)
	at java.awt.EventDispatchThread.pumpEvents(Unknown Source)
	at java.awt.EventDispatchThread.run(Unknown Source)
Caused by: org.opendatakit.aggregate.exception.ODKIncompleteSubmissionData: org.javarosa.xform.parse.XFormParseException: XML Syntax Error at Line: 1, Column: 10266!
	at org.opendatakit.aggregate.parser.BaseFormParserForJavaRosa.parseFormDefinition(BaseFormParserForJavaRosa.java:210)
	at org.opendatakit.aggregate.parser.BaseFormParserForJavaRosa.<init>(BaseFormParserForJavaRosa.java:359)
	at org.opendatakit.briefcase.util.JavaRosaParserWrapper.<init>(JavaRosaParserWrapper.java:15)
	at org.opendatakit.briefcase.model.BriefcaseFormDefinition.<init>(BriefcaseFormDefinition.java:294)
	... 36 common frames omitted
Caused by: org.javarosa.xform.parse.XFormParseException: XML Syntax Error at Line: 1, Column: 10266!
	at org.javarosa.xform.parse.XFormParser.getXMLDocument(XFormParser.java:448)
	at org.javarosa.xform.parse.XFormParser.getXMLDocument(XFormParser.java:414)
	at org.opendatakit.aggregate.parser.BaseFormParserForJavaRosa.parseFormDefinition(BaseFormParserForJavaRosa.java:207)
	... 39 common frames omitted
2026-02-24 19:43:06,118 [ForkJoinPool-7-worker-1] INFO  o.o.b.p.a.PullFromAggregateTracker - Pull Formulário da Vigilancia Comunitaria - Form downloaded
2026-02-24 19:43:06,120 [ForkJoinPool-7-worker-1] INFO  o.o.b.p.a.PullFromAggregateTracker - Pull Formulário da Vigilancia Comunitaria - Start getting submission IDs
2026-02-24 19:43:06,168 [ForkJoinPool-7-worker-9] INFO  o.o.b.p.a.PullFromAggregateTracker - Pull Formulário da Vigilancia Hospitalar - Laboratório - Form downloaded
2026-02-24 19:43:06,170 [ForkJoinPool-7-worker-9] INFO  o.o.b.p.a.PullFromAggregateTracker - Pull Formulário da Vigilancia Hospitalar - Laboratório - Start getting submission IDs
2026-02-24 19:43:06,213 [ForkJoinPool-7-worker-13] INFO  o.o.b.p.a.PullFromAggregateTracker - Pull Formulário da Vigilancia Hospitalar - Laboratório - Form downloaded
2026-02-24 19:43:06,214 [ForkJoinPool-7-worker-13] INFO  o.o.b.p.a.PullFromAggregateTracker - Pull Formulário da Vigilancia Hospitalar - Laboratório - Start getting submission IDs
2026-02-24 19:43:06,366 [ForkJoinPool-7-worker-3] INFO  o.o.b.p.a.PullFromAggregateTracker - Pull Resultados de testagem das vigilâncias - Form downloaded
2026-02-24 19:43:06,368 [ForkJoinPool-7-worker-3] INFO  o.o.b.p.a.PullFromAggregateTracker - Pull Resultados de testagem das vigilâncias - Start getting submission IDs
2026-02-24 19:43:06,390 [ForkJoinPool-7-worker-9] INFO  o.o.b.p.a.PullFromAggregateTracker - Pull Formulário da Vigilancia Hospitalar - Laboratório - Got all the submission IDs
2026-02-24 19:43:06,394 [ForkJoinPool-7-worker-9] INFO  o.o.b.p.a.PullFromAggregateTracker - Push Formulário da Vigilancia Hospitalar - Laboratório - There are no submissions to download
2026-02-24 19:43:06,395 [ForkJoinPool-7-worker-9] INFO  o.o.b.p.a.PullFromAggregateTracker - Pull Formulário da Vigilancia Hospitalar - Laboratório - Success
2026-02-24 19:43:06,435 [AWT-EventQueue-0] INFO  XFormParser - Reading XML and parsing with kXML2 finished in 13.951 ms
2026-02-24 19:43:06,445 [AWT-EventQueue-0] INFO  XFormParser - Consolidating text finished in 9.344 ms
2026-02-24 19:43:06,445 [AWT-EventQueue-0] INFO  XFormParser - Parsing form...
2026-02-24 19:43:06,445 [AWT-EventQueue-0] INFO  XFormParser - Title: "Formulário da Vigilancia Comunitaria"
2026-02-24 19:43:06,447 [AWT-EventQueue-0] WARN  XFormParser - XForm Parse Warning: Warning: 1 Unrecognized attributes found in Element [model] and will be ignored: [xforms-version] 
    Problem found at nodeset: /html/head/model
    With element <model xforms-version="1.0.0"><instance><data id="Comunidade_v4" version="1" prefix="Comunidade_v4" delimiter="$">...

2026-02-24 19:43:06,463 [ForkJoinPool-7-worker-13] INFO  o.o.b.p.a.PullFromAggregateTracker - Pull Formulário da Vigilancia Hospitalar - Laboratório - Got all the submission IDs
2026-02-24 19:43:06,465 [ForkJoinPool-7-worker-13] INFO  o.o.b.p.a.PullFromAggregateTracker - Push Formulário da Vigilancia Hospitalar - Laboratório - There are no submissions to download
2026-02-24 19:43:06,465 [ForkJoinPool-7-worker-13] INFO  o.o.b.p.a.PullFromAggregateTracker - Pull Formulário da Vigilancia Hospitalar - Laboratório - Success
2026-02-24 19:43:06,596 [ForkJoinPool-7-worker-3] INFO  o.o.b.p.a.PullFromAggregateTracker - Pull Resultados de testagem das vigilâncias - Got all the submission IDs
2026-02-24 19:43:06,598 [ForkJoinPool-7-worker-1] INFO  o.o.b.p.a.PullFromAggregateTracker - Pull Formulário da Vigilancia Comunitaria - Got all the submission IDs
2026-02-24 19:43:06,626 [ForkJoinPool-7-worker-3] INFO  o.o.b.p.a.PullFromAggregateTracker - Push Resultados de testagem das vigilâncias - There are no submissions to download
2026-02-24 19:43:06,630 [AWT-EventQueue-0] INFO  XFormParser - Creating FormDef from parsed XML finished in 182.351 ms
2026-02-24 19:43:06,630 [ForkJoinPool-7-worker-3] INFO  o.o.b.p.a.PullFromAggregateTracker - Pull Resultados de testagem das vigilâncias - Success
2026-02-24 19:43:06,649 [AWT-EventQueue-0] INFO  XFormParser - Reading XML and parsing with kXML2 finished in 4.529 ms
2026-02-24 19:43:06,652 [AWT-EventQueue-0] INFO  XFormParser - Consolidating text finished in 1.457 ms
2026-02-24 19:43:06,652 [AWT-EventQueue-0] INFO  XFormParser - Parsing form...
2026-02-24 19:43:06,652 [AWT-EventQueue-0] INFO  XFormParser - Title: "Resultados de testagem das vigilâncias"
2026-02-24 19:43:06,654 [AWT-EventQueue-0] WARN  XFormParser - XForm Parse Warning: Warning: 1 Unrecognized attributes found in Element [model] and will be ignored: [xforms-version] 
    Problem found at nodeset: /html/head/model
    With element <model xforms-version="1.0.0"><instance><data id="hospitalar_LB_v2" version="2" prefix="Hospitalar LB_v2" delimiter="$">...

2026-02-24 19:43:06,702 [ForkJoinPool-7-worker-1] INFO  o.o.b.p.a.PullFromAggregateTracker - Pull Formulário da Vigilancia Comunitaria - Start downloading submission 1 of 2
2026-02-24 19:43:06,702 [ForkJoinPool-7-worker-3] INFO  o.o.b.p.a.PullFromAggregateTracker - Pull Formulário da Vigilancia Comunitaria - Start downloading submission 2 of 2
2026-02-24 19:43:06,734 [AWT-EventQueue-0] INFO  XFormParser - Creating FormDef from parsed XML finished in 81.390 ms
2026-02-24 19:43:06,978 [ForkJoinPool-7-worker-1] INFO  o.o.b.p.a.PullFromAggregateTracker - Pull Formulário da Vigilancia Comunitaria - Submission 1 of 2 downloaded
2026-02-24 19:43:06,978 [ForkJoinPool-7-worker-3] INFO  o.o.b.p.a.PullFromAggregateTracker - Pull Formulário da Vigilancia Comunitaria - Submission 2 of 2 downloaded
2026-02-24 19:43:06,979 [ForkJoinPool-7-worker-1] INFO  o.o.b.p.a.PullFromAggregateTracker - Pull Formulário da Vigilancia Comunitaria - Success
2026-02-24 19:43:06,991 [ForkJoinPool-7-worker-10] INFO  o.o.b.p.a.PullFromAggregateTracker - Pull Formulário da Vigilancia Hospitalar - Form downloaded
2026-02-24 19:43:06,993 [ForkJoinPool-7-worker-10] INFO  o.o.b.p.a.PullFromAggregateTracker - Pull Formulário da Vigilancia Hospitalar - Start getting submission IDs
2026-02-24 19:43:07,051 [AWT-EventQueue-0] INFO  XFormParser - Reading XML and parsing with kXML2 finished in 26.040 ms
2026-02-24 19:43:07,066 [AWT-EventQueue-0] INFO  XFormParser - Consolidating text finished in 10.029 ms
2026-02-24 19:43:07,066 [AWT-EventQueue-0] INFO  XFormParser - Parsing form...
2026-02-24 19:43:07,066 [AWT-EventQueue-0] INFO  XFormParser - Title: "Formulário da Vigilancia Hospitalar"
2026-02-24 19:43:07,067 [AWT-EventQueue-0] WARN  XFormParser - XForm Parse Warning: Warning: 1 Unrecognized attributes found in Element [model] and will be ignored: [xforms-version] 
    Problem found at nodeset: /html/head/model
    With element <model xforms-version="1.0.0"><instance><data id="hospitalar_v5" version="1" prefix="hospitalar_v5" delimiter="$">...

2026-02-24 19:43:07,102 [AWT-EventQueue-0] INFO  XFormParser - Creating FormDef from parsed XML finished in 35.895 ms
2026-02-24 19:43:07,212 [ForkJoinPool-7-worker-10] INFO  o.o.b.p.a.PullFromAggregateTracker - Pull Formulário da Vigilancia Hospitalar - Got all the submission IDs
2026-02-24 19:43:07,294 [ForkJoinPool-7-worker-10] INFO  o.o.b.p.a.PullFromAggregateTracker - Push Formulário da Vigilancia Hospitalar - There are no submissions to download
2026-02-24 19:43:07,295 [ForkJoinPool-7-worker-10] INFO  o.o.b.p.a.PullFromAggregateTracker - Pull Formulário da Vigilancia Hospitalar - Success
2026-02-24 19:43:08,017 [ForkJoinPool-7-worker-8] INFO  o.o.b.p.a.PullFromAggregateTracker - Pull Formulário da Vigilancia Comunitaria - Form downloaded
2026-02-24 19:43:08,017 [ForkJoinPool-7-worker-8] INFO  o.o.b.p.a.PullFromAggregateTracker - Pull Formulário da Vigilancia Comunitaria - Start getting submission IDs
2026-02-24 19:43:08,255 [ForkJoinPool-7-worker-8] INFO  o.o.b.p.a.PullFromAggregateTracker - Pull Formulário da Vigilancia Comunitaria - Got all the submission IDs
2026-02-24 19:43:08,335 [ForkJoinPool-7-worker-8] INFO  o.o.b.p.a.PullFromAggregateTracker - Push Formulário da Vigilancia Comunitaria - There are no submissions to download
2026-02-24 19:43:08,337 [ForkJoinPool-7-worker-8] INFO  o.o.b.p.a.PullFromAggregateTracker - Pull Formulário da Vigilancia Comunitaria - Success
2026-02-24 19:43:08,358 [ForkJoinPool-7-worker-6] INFO  o.o.b.p.a.PullFromAggregateTracker - Pull Formulário da Vigilancia Hospitalar - Form downloaded
2026-02-24 19:43:08,358 [ForkJoinPool-7-worker-6] INFO  o.o.b.p.a.PullFromAggregateTracker - Pull Formulário da Vigilancia Hospitalar - Start getting submission IDs
2026-02-24 19:43:08,421 [AWT-EventQueue-0] INFO  XFormParser - Reading XML and parsing with kXML2 finished in 17.192 ms
2026-02-24 19:43:08,427 [AWT-EventQueue-0] INFO  XFormParser - Consolidating text finished in 7.847 ms
2026-02-24 19:43:08,430 [AWT-EventQueue-0] INFO  XFormParser - Parsing form...
2026-02-24 19:43:08,430 [AWT-EventQueue-0] INFO  XFormParser - Title: "Formulário da Vigilancia Comunitaria"
2026-02-24 19:43:08,430 [AWT-EventQueue-0] WARN  XFormParser - XForm Parse Warning: Warning: 1 Unrecognized attributes found in Element [model] and will be ignored: [xforms-version] 
    Problem found at nodeset: /html/head/model
    With element <model xforms-version="1.0.0"><instance><data id="Comunidade_v3" version="1" prefix="Comunidade_v3" delimiter="$">...

2026-02-24 19:43:08,499 [AWT-EventQueue-0] INFO  XFormParser - Creating FormDef from parsed XML finished in 69.472 ms
2026-02-24 19:43:08,539 [AWT-EventQueue-0] INFO  XFormParser - Reading XML and parsing with kXML2 finished in 18.568 ms
2026-02-24 19:43:08,547 [AWT-EventQueue-0] INFO  XFormParser - Consolidating text finished in 7.331 ms
2026-02-24 19:43:08,547 [AWT-EventQueue-0] INFO  XFormParser - Parsing form...
2026-02-24 19:43:08,547 [AWT-EventQueue-0] INFO  XFormParser - Title: "Formulário da Vigilancia Hospitalar"
2026-02-24 19:43:08,547 [AWT-EventQueue-0] WARN  XFormParser - XForm Parse Warning: Warning: 1 Unrecognized attributes found in Element [model] and will be ignored: [xforms-version] 
    Problem found at nodeset: /html/head/model
    With element <model xforms-version="1.0.0"><instance><data id="hospitalar_v6" version="6" prefix="hospitalar_v6" delimiter="$">...

2026-02-24 19:43:08,625 [AWT-EventQueue-0] INFO  XFormParser - Creating FormDef from parsed XML finished in 76.467 ms
2026-02-24 19:43:08,700 [ForkJoinPool-7-worker-6] INFO  o.o.b.p.a.PullFromAggregateTracker - Pull Formulário da Vigilancia Hospitalar - Got all the submission IDs
2026-02-24 19:43:08,906 [ForkJoinPool-7-worker-6] INFO  o.o.b.p.a.PullFromAggregateTracker - Push Formulário da Vigilancia Hospitalar - There are no submissions to download
2026-02-24 19:43:08,910 [ForkJoinPool-7-worker-6] INFO  o.o.b.p.a.PullFromAggregateTracker - Pull Formulário da Vigilancia Hospitalar - Success
2026-02-24 19:43:08,918 [ForkJoinPool-7-worker-4] INFO  o.o.b.p.a.PullFromAggregateTracker - Pull Formulário da Vigilancia Comunitaria - Form downloaded
2026-02-24 19:43:08,918 [ForkJoinPool-7-worker-4] INFO  o.o.b.p.a.PullFromAggregateTracker - Pull Formulário da Vigilancia Comunitaria - Start getting form manifest
2026-02-24 19:43:08,979 [AWT-EventQueue-0] INFO  XFormParser - Reading XML and parsing with kXML2 finished in 15.976 ms
2026-02-24 19:43:08,986 [AWT-EventQueue-0] INFO  XFormParser - Consolidating text finished in 7.280 ms
2026-02-24 19:43:08,986 [AWT-EventQueue-0] INFO  XFormParser - Parsing form...
2026-02-24 19:43:08,986 [AWT-EventQueue-0] INFO  XFormParser - Title: "Formulário da Vigilancia Comunitaria"
2026-02-24 19:43:08,986 [AWT-EventQueue-0] WARN  XFormParser - XForm Parse Warning: Warning: 1 Unrecognized attributes found in Element [model] and will be ignored: [xforms-version] 
    Problem found at nodeset: /html/head/model
    With element <model xforms-version="1.0.0"><instance><data id="Comunidade" version="1" prefix="Comunidade" delimiter="$">...

2026-02-24 19:43:09,030 [AWT-EventQueue-0] INFO  XFormParser - Creating FormDef from parsed XML finished in 41.311 ms
2026-02-24 19:43:09,409 [ForkJoinPool-7-worker-4] INFO  o.o.b.p.a.PullFromAggregateTracker - Pull Formulário da Vigilancia Comunitaria - Got the form manifest
2026-02-24 19:43:09,411 [ForkJoinPool-7-worker-4] INFO  o.o.b.p.a.PullFromAggregateTracker - Pull Formulário da Vigilancia Comunitaria - Skipping 1 form attachments that have been already downloaded
2026-02-24 19:43:09,411 [ForkJoinPool-7-worker-4] INFO  o.o.b.p.a.PullFromAggregateTracker - Pull Formulário da Vigilancia Comunitaria - Start getting submission IDs
2026-02-24 19:43:09,672 [ForkJoinPool-7-worker-4] INFO  o.o.b.p.a.PullFromAggregateTracker - Pull Formulário da Vigilancia Comunitaria - Got all the submission IDs
2026-02-24 19:43:09,741 [ForkJoinPool-7-worker-4] INFO  o.o.b.p.a.PullFromAggregateTracker - Push Formulário da Vigilancia Comunitaria - There are no submissions to download
2026-02-24 19:43:09,746 [ForkJoinPool-7-worker-4] INFO  o.o.b.p.a.PullFromAggregateTracker - Pull Formulário da Vigilancia Comunitaria - Success
2026-02-24 19:43:35,479 [Thread-11] INFO  org.javarosa.core.model.FormDef - Dynamic select question has no choices! [instance(dis)/root/item]. If this occurs while filling out a form (and not while saving an incomplete form), the filter condition may have eliminated all the choices. Is that what you intended?
2026-02-24 19:43:35,488 [Thread-11] INFO  org.javarosa.core.model.FormDef - Dynamic select question has no choices! [instance(bairro)/root/item]. If this occurs while filling out a form (and not while saving an incomplete form), the filter condition may have eliminated all the choices. Is that what you intended?
2026-02-24 19:43:35,582 [Thread-11] INFO  org.javarosa.core.model.FormDef - Dynamic select question has no choices! [instance(tipo_amostra_options)/root/item]. If this occurs while filling out a form (and not while saving an incomplete form), the filter condition may have eliminated all the choices. Is that what you intended?
2026-02-24 19:43:35,651 [ForkJoinPool-8-worker-2] INFO  o.o.b.export.ExportProcessTracker - Exported in 00:00:00.1165747
2026-02-24 19:43:35,672 [Thread-11] INFO  org.javarosa.core.model.FormDef - Dynamic select question has no choices! [instance(Distrito_option_type)/root/item]. If this occurs while filling out a form (and not while saving an incomplete form), the filter condition may have eliminated all the choices. Is that what you intended?
2026-02-24 19:43:35,880 [Thread-11] INFO  org.javarosa.core.model.FormDef - Dynamic select question has no choices! [instance(dis)/root/item]. If this occurs while filling out a form (and not while saving an incomplete form), the filter condition may have eliminated all the choices. Is that what you intended?
2026-02-24 19:43:35,890 [Thread-11] INFO  org.javarosa.core.model.FormDef - Dynamic select question has no choices! [instance(bairro)/root/item]. If this occurs while filling out a form (and not while saving an incomplete form), the filter condition may have eliminated all the choices. Is that what you intended?
2026-02-24 19:43:36,202 [ForkJoinPool-8-worker-11] INFO  o.o.b.export.ExportProcessTracker - Exported in 00:00:00.6423029
2026-02-24 19:43:36,210 [ForkJoinPool-8-worker-10] INFO  o.o.b.export.ExportProcessTracker - Exported in 00:00:00.5563531
2026-02-24 19:43:37,929 [ForkJoinPool-8-worker-2] INFO  o.o.b.export.ExportProcessTracker - Exported in 00:00:02.234767
2026-02-24 19:43:51,181 [ForkJoinPool-8-worker-3] INFO  o.o.b.export.ExportProcessTracker - Exported in 00:00:15.1794907
2026-02-24 19:44:02,388 [ForkJoinPool-8-worker-9] INFO  o.o.b.export.ExportProcessTracker - Exported in 00:00:26.8617607
2026-02-24 19:44:03,183 [ForkJoinPool-8-worker-6] INFO  o.o.b.export.ExportProcessTracker - Exported in 00:00:27.5538463
2026-02-24 19:44:03,908 [ForkJoinPool-8-worker-13] INFO  o.o.b.export.ExportProcessTracker - Exported in 00:00:28.1749316
