2026-02-26 09:20:51,747 [ForkJoinPool-14-worker-8] INFO  o.o.b.p.a.PullFromAggregateTracker - Pull Formulário da Vigilancia Hospitalar - Start pulling form and submissions
2026-02-26 09:20:51,747 [ForkJoinPool-14-worker-1] INFO  o.o.b.p.a.PullFromAggregateTracker - Pull Formulario da  Componente  Genomica (IDS) - Start pulling form and submissions
2026-02-26 09:20:51,763 [ForkJoinPool-14-worker-10] INFO  o.o.b.p.a.PullFromAggregateTracker - Pull Formulário da Vigilancia Comunitaria - Start pulling form and submissions
2026-02-26 09:20:51,722 [ForkJoinPool-14-worker-2] INFO  o.o.b.p.a.PullFromAggregateTracker - Pull Formulário da Vigilancia Hospitalar - Laboratório - Start pulling form and submissions
2026-02-26 09:20:51,747 [ForkJoinPool-14-worker-13] INFO  o.o.b.p.a.PullFromAggregateTracker - Pull VIGILÂNCIA  AMBIENTAL - Start pulling form and submissions
2026-02-26 09:20:51,747 [ForkJoinPool-14-worker-15] INFO  o.o.b.p.a.PullFromAggregateTracker - Pull Resultados de testagem das vigilâncias - Start pulling form and submissions
2026-02-26 09:20:51,730 [ForkJoinPool-14-worker-4] INFO  o.o.b.p.a.PullFromAggregateTracker - Pull Formulário da Vigilancia Comunitaria - Start pulling form and submissions
2026-02-26 09:20:51,747 [ForkJoinPool-14-worker-6] INFO  o.o.b.p.a.PullFromAggregateTracker - Pull Formulário da Recepção da Amostra - Start pulling form and submissions
2026-02-26 09:20:51,763 [ForkJoinPool-14-worker-3] INFO  o.o.b.p.a.PullFromAggregateTracker - Pull Formulário da Vigilancia Hospitalar - Laboratório - Start pulling form and submissions
2026-02-26 09:20:51,730 [ForkJoinPool-14-worker-11] INFO  o.o.b.p.a.PullFromAggregateTracker - Pull Formulário da Vigilancia Hospitalar - Start pulling form and submissions
2026-02-26 09:20:51,722 [ForkJoinPool-14-worker-9] INFO  o.o.b.p.a.PullFromAggregateTracker - Pull Formulário da Vigilancia Hospitalar - Start pulling form and submissions
2026-02-26 09:20:51,858 [ForkJoinPool-14-worker-3] INFO  o.o.b.p.a.PullFromAggregateTracker - Pull Formulário da Vigilancia Hospitalar - Laboratório - Start downloading form
2026-02-26 09:20:51,858 [ForkJoinPool-14-worker-4] INFO  o.o.b.p.a.PullFromAggregateTracker - Pull Formulário da Vigilancia Comunitaria - Start downloading form
2026-02-26 09:20:51,858 [ForkJoinPool-14-worker-6] INFO  o.o.b.p.a.PullFromAggregateTracker - Pull Formulário da Recepção da Amostra - Start downloading form
2026-02-26 09:20:51,859 [ForkJoinPool-14-worker-2] INFO  o.o.b.p.a.PullFromAggregateTracker - Pull Formulário da Vigilancia Hospitalar - Laboratório - Start downloading form
2026-02-26 09:20:51,859 [ForkJoinPool-14-worker-1] INFO  o.o.b.p.a.PullFromAggregateTracker - Pull Formulario da  Componente  Genomica (IDS) - Start downloading form
2026-02-26 09:20:51,859 [ForkJoinPool-14-worker-13] INFO  o.o.b.p.a.PullFromAggregateTracker - Pull VIGILÂNCIA  AMBIENTAL - Start downloading form
2026-02-26 09:20:51,859 [ForkJoinPool-14-worker-10] INFO  o.o.b.p.a.PullFromAggregateTracker - Pull Formulário da Vigilancia Comunitaria - Start downloading form
2026-02-26 09:20:51,861 [ForkJoinPool-14-worker-8] INFO  o.o.b.p.a.PullFromAggregateTracker - Pull Formulário da Vigilancia Hospitalar - Start downloading form
2026-02-26 09:20:51,861 [ForkJoinPool-14-worker-9] INFO  o.o.b.p.a.PullFromAggregateTracker - Pull Formulário da Vigilancia Hospitalar - Start downloading form
2026-02-26 09:20:51,861 [ForkJoinPool-14-worker-11] INFO  o.o.b.p.a.PullFromAggregateTracker - Pull Formulário da Vigilancia Hospitalar - Start downloading form
2026-02-26 09:20:51,861 [ForkJoinPool-14-worker-15] INFO  o.o.b.p.a.PullFromAggregateTracker - Pull Resultados de testagem das vigilâncias - Start downloading form
2026-02-26 09:20:53,369 [ForkJoinPool-14-worker-3] INFO  o.o.b.p.a.PullFromAggregateTracker - Pull Formulário da Vigilancia Hospitalar - Laboratório - Form downloaded
2026-02-26 09:20:53,369 [ForkJoinPool-14-worker-2] INFO  o.o.b.p.a.PullFromAggregateTracker - Pull Formulário da Vigilancia Hospitalar - Laboratório - Form downloaded
2026-02-26 09:20:53,370 [ForkJoinPool-14-worker-2] INFO  o.o.b.p.a.PullFromAggregateTracker - Pull Formulário da Vigilancia Hospitalar - Laboratório - Start getting form manifest
2026-02-26 09:20:53,370 [ForkJoinPool-14-worker-3] INFO  o.o.b.p.a.PullFromAggregateTracker - Pull Formulário da Vigilancia Hospitalar - Laboratório - Start getting submission IDs
2026-02-26 09:20:53,602 [ForkJoinPool-14-worker-13] INFO  o.o.b.p.a.PullFromAggregateTracker - Pull VIGILÂNCIA  AMBIENTAL - Form downloaded
2026-02-26 09:20:53,604 [ForkJoinPool-14-worker-13] INFO  o.o.b.p.a.PullFromAggregateTracker - Pull VIGILÂNCIA  AMBIENTAL - Start getting form manifest
2026-02-26 09:20:53,609 [ForkJoinPool-14-worker-1] INFO  o.o.b.p.a.PullFromAggregateTracker - Pull Formulario da  Componente  Genomica (IDS) - Form downloaded
2026-02-26 09:20:53,611 [ForkJoinPool-14-worker-1] INFO  o.o.b.p.a.PullFromAggregateTracker - Pull Formulario da  Componente  Genomica (IDS) - Start getting submission IDs
2026-02-26 09:20:53,852 [ForkJoinPool-14-worker-6] INFO  o.o.b.p.a.PullFromAggregateTracker - Pull Formulário da Recepção da Amostra - Form downloaded
2026-02-26 09:20:53,852 [ForkJoinPool-14-worker-6] INFO  o.o.b.p.a.PullFromAggregateTracker - Pull Formulário da Recepção da Amostra - Start getting form manifest
2026-02-26 09:20:53,866 [ForkJoinPool-14-worker-2] INFO  o.o.b.p.a.PullFromAggregateTracker - Pull Formulário da Vigilancia Hospitalar - Laboratório - Got the form manifest
2026-02-26 09:20:53,866 [ForkJoinPool-14-worker-2] INFO  o.o.b.p.a.PullFromAggregateTracker - Pull Formulário da Vigilancia Hospitalar - Laboratório - Skipping 1 form attachments that have been already downloaded
2026-02-26 09:20:53,866 [ForkJoinPool-14-worker-2] INFO  o.o.b.p.a.PullFromAggregateTracker - Pull Formulário da Vigilancia Hospitalar - Laboratório - Start getting submission IDs
2026-02-26 09:20:54,085 [ForkJoinPool-14-worker-13] INFO  o.o.b.p.a.PullFromAggregateTracker - Pull VIGILÂNCIA  AMBIENTAL - Got the form manifest
2026-02-26 09:20:54,087 [ForkJoinPool-14-worker-13] INFO  o.o.b.p.a.PullFromAggregateTracker - Pull VIGILÂNCIA  AMBIENTAL - Skipping 1 form attachments that have been already downloaded
2026-02-26 09:20:54,087 [ForkJoinPool-14-worker-13] INFO  o.o.b.p.a.PullFromAggregateTracker - Pull VIGILÂNCIA  AMBIENTAL - Start getting submission IDs
2026-02-26 09:20:54,316 [ForkJoinPool-14-worker-6] INFO  o.o.b.p.a.PullFromAggregateTracker - Pull Formulário da Recepção da Amostra - Got the form manifest
2026-02-26 09:20:54,316 [ForkJoinPool-14-worker-6] INFO  o.o.b.p.a.PullFromAggregateTracker - Pull Formulário da Recepção da Amostra - Skipping 1 form attachments that have been already downloaded
2026-02-26 09:20:54,316 [ForkJoinPool-14-worker-6] INFO  o.o.b.p.a.PullFromAggregateTracker - Pull Formulário da Recepção da Amostra - Start getting submission IDs
2026-02-26 09:20:54,323 [ForkJoinPool-14-worker-1] INFO  o.o.b.p.a.PullFromAggregateTracker - Pull Formulario da  Componente  Genomica (IDS) - Got all the submission IDs
2026-02-26 09:20:54,374 [ForkJoinPool-14-worker-1] INFO  o.o.b.p.a.PullFromAggregateTracker - Push Formulario da  Componente  Genomica (IDS) - There are no submissions to download
2026-02-26 09:20:54,401 [ForkJoinPool-14-worker-1] INFO  o.o.b.p.a.PullFromAggregateTracker - Pull Formulario da  Componente  Genomica (IDS) - Success
2026-02-26 09:20:54,404 [ForkJoinPool-14-worker-10] INFO  o.o.b.p.a.PullFromAggregateTracker - Pull Formulário da Vigilancia Comunitaria - Form downloaded
2026-02-26 09:20:54,404 [ForkJoinPool-14-worker-10] INFO  o.o.b.p.a.PullFromAggregateTracker - Pull Formulário da Vigilancia Comunitaria - Start getting submission IDs
2026-02-26 09:20:54,413 [ForkJoinPool-14-worker-1] INFO  o.o.b.p.a.PullFromAggregateTracker - Pull Formulário da Vigilancia Hospitalar - Start pulling form and submissions
2026-02-26 09:20:54,413 [ForkJoinPool-14-worker-1] INFO  o.o.b.p.a.PullFromAggregateTracker - Pull Formulário da Vigilancia Hospitalar - Start downloading form
2026-02-26 09:20:54,457 [ForkJoinPool-14-worker-9] INFO  o.o.b.p.a.PullFromAggregateTracker - Pull Formulário da Vigilancia Hospitalar - Form downloaded
2026-02-26 09:20:54,459 [ForkJoinPool-14-worker-9] INFO  o.o.b.p.a.PullFromAggregateTracker - Pull Formulário da Vigilancia Hospitalar - Start getting form manifest
2026-02-26 09:20:54,478 [AWT-EventQueue-0] INFO  XFormParser - Reading XML and parsing with kXML2 finished in 23.716 ms
2026-02-26 09:20:54,490 [AWT-EventQueue-0] INFO  XFormParser - Consolidating text finished in 10.974 ms
2026-02-26 09:20:54,491 [AWT-EventQueue-0] INFO  XFormParser - Parsing form...
2026-02-26 09:20:54,492 [AWT-EventQueue-0] INFO  XFormParser - Title: "Formulário da Vigilancia Comunitaria"
2026-02-26 09:20:54,494 [AWT-EventQueue-0] WARN  XFormParser - XForm Parse Warning: Warning: 1 Unrecognized attributes found in Element [model] and will be ignored: [xforms-version] 
    Problem found at nodeset: /html/head/model
    With element <model xforms-version="1.0.0"><instance><data id="Comunidade_v2" version="2" prefix="Comunidade_v2" delimiter="$">...

2026-02-26 09:20:54,555 [ForkJoinPool-14-worker-13] INFO  o.o.b.p.a.PullFromAggregateTracker - Pull VIGILÂNCIA  AMBIENTAL - Got all the submission IDs
2026-02-26 09:20:54,560 [ForkJoinPool-14-worker-13] INFO  o.o.b.p.a.PullFromAggregateTracker - Push VIGILÂNCIA  AMBIENTAL - There are no submissions to download
2026-02-26 09:20:54,565 [ForkJoinPool-14-worker-13] INFO  o.o.b.p.a.PullFromAggregateTracker - Pull VIGILÂNCIA  AMBIENTAL - Success
2026-02-26 09:20:54,569 [ForkJoinPool-14-worker-13] INFO  o.o.b.p.a.PullFromAggregateTracker - Pull VIGILÂNCIA  AMBIENTAL - Start pulling form and submissions
2026-02-26 09:20:54,570 [ForkJoinPool-14-worker-13] INFO  o.o.b.p.a.PullFromAggregateTracker - Pull VIGILÂNCIA  AMBIENTAL - Start downloading form
2026-02-26 09:20:54,570 [AWT-EventQueue-0] INFO  XFormParser - Creating FormDef from parsed XML finished in 79.566 ms
2026-02-26 09:20:54,636 [ForkJoinPool-14-worker-3] INFO  o.o.b.p.a.PullFromAggregateTracker - Pull Formulário da Vigilancia Hospitalar - Laboratório - Got all the submission IDs
2026-02-26 09:20:54,636 [AWT-EventQueue-0] INFO  XFormParser - Reading XML and parsing with kXML2 finished in 63.749 ms
2026-02-26 09:20:54,653 [AWT-EventQueue-0] INFO  XFormParser - Consolidating text finished in 9.146 ms
2026-02-26 09:20:54,653 [AWT-EventQueue-0] INFO  XFormParser - Parsing form...
2026-02-26 09:20:54,653 [AWT-EventQueue-0] INFO  XFormParser - Title: "Formulário da Vigilancia Hospitalar"
2026-02-26 09:20:54,653 [AWT-EventQueue-0] WARN  XFormParser - XForm Parse Warning: Warning: 1 Unrecognized attributes found in Element [model] and will be ignored: [xforms-version] 
    Problem found at nodeset: /html/head/model
    With element <model xforms-version="1.0.0"><instance><data id="hospitalar" version="1" prefix="Hospitalar" delimiter="$">...

2026-02-26 09:20:54,663 [ForkJoinPool-14-worker-4] INFO  o.o.b.p.a.PullFromAggregateTracker - Pull Formulário da Vigilancia Comunitaria - Form downloaded
2026-02-26 09:20:54,663 [ForkJoinPool-14-worker-6] INFO  o.o.b.p.a.PullFromAggregateTracker - Pull Formulário da Recepção da Amostra - Got all the submission IDs
2026-02-26 09:20:54,663 [ForkJoinPool-14-worker-4] INFO  o.o.b.p.a.PullFromAggregateTracker - Pull Formulário da Vigilancia Comunitaria - Start getting form manifest
2026-02-26 09:20:54,663 [ForkJoinPool-14-worker-6] INFO  o.o.b.p.a.PullFromAggregateTracker - Push Formulário da Recepção da Amostra - There are no submissions to download
2026-02-26 09:20:54,663 [ForkJoinPool-14-worker-3] INFO  o.o.b.p.a.PullFromAggregateTracker - Pull Formulário da Vigilancia Hospitalar - Laboratório - Start downloading submission 1 of 9
2026-02-26 09:20:54,676 [ForkJoinPool-14-worker-6] INFO  o.o.b.p.a.PullFromAggregateTracker - Pull Formulário da Recepção da Amostra - Success
2026-02-26 09:20:54,678 [AWT-EventQueue-0] INFO  XFormParser - Creating FormDef from parsed XML finished in 23.744 ms
2026-02-26 09:20:54,680 [ForkJoinPool-14-worker-6] INFO  o.o.b.p.a.PullFromAggregateTracker - Pull Formulário da Vigilancia Hospitalar - Laboratório - Start downloading submission 2 of 9
2026-02-26 09:20:54,684 [AWT-EventQueue-0] INFO  XFormParser - Reading XML and parsing with kXML2 finished in 1.267 ms
2026-02-26 09:20:54,684 [AWT-EventQueue-0] INFO  XFormParser - Consolidating text finished in 0.245 ms
2026-02-26 09:20:54,684 [AWT-EventQueue-0] INFO  XFormParser - Parsing form...
2026-02-26 09:20:54,684 [AWT-EventQueue-0] INFO  XFormParser - Title: "Formulário da Vigilancia Hospitalar - Laboratório"
2026-02-26 09:20:54,684 [AWT-EventQueue-0] WARN  XFormParser - XForm Parse Warning: Warning: 1 Unrecognized attributes found in Element [model] and will be ignored: [xforms-version] 
    Problem found at nodeset: /html/head/model
    With element <model xforms-version="1.0.0"><instance><data id="hospitalar_ib_v1" version="2" prefix="Hospitalar LB" delimiter="$">...

2026-02-26 09:20:54,688 [AWT-EventQueue-0] INFO  XFormParser - Creating FormDef from parsed XML finished in 4.223 ms
2026-02-26 09:20:54,702 [AWT-EventQueue-0] INFO  XFormParser - Reading XML and parsing with kXML2 finished in 3.092 ms
2026-02-26 09:20:54,704 [AWT-EventQueue-0] INFO  XFormParser - Consolidating text finished in 0.813 ms
2026-02-26 09:20:54,704 [AWT-EventQueue-0] INFO  XFormParser - Parsing form...
2026-02-26 09:20:54,704 [AWT-EventQueue-0] INFO  XFormParser - Title: "VIGILÂNCIA  AMBIENTAL"
2026-02-26 09:20:54,704 [AWT-EventQueue-0] WARN  XFormParser - XForm Parse Warning: Warning: 1 Unrecognized attributes found in Element [model] and will be ignored: [xforms-version] 
    Problem found at nodeset: /html/head/model
    With element <model xforms-version="1.0.0"><instance><data id="VIGILÂNCIA  AMBIENTAL" version="1" prefix="VIGILÂNCIA  AMBIENTAL" delimiter="$">...

2026-02-26 09:20:54,709 [AWT-EventQueue-0] INFO  XFormParser - Creating FormDef from parsed XML finished in 6.041 ms
2026-02-26 09:20:54,823 [AWT-EventQueue-0] INFO  XFormParser - Reading XML and parsing with kXML2 finished in 13.531 ms
2026-02-26 09:20:54,829 [AWT-EventQueue-0] INFO  XFormParser - Consolidating text finished in 5.929 ms
2026-02-26 09:20:54,829 [AWT-EventQueue-0] INFO  XFormParser - Parsing form...
2026-02-26 09:20:54,829 [AWT-EventQueue-0] INFO  XFormParser - Title: "Formulário da Vigilancia Comunitaria"
2026-02-26 09:20:54,829 [AWT-EventQueue-0] WARN  XFormParser - XForm Parse Warning: Warning: 1 Unrecognized attributes found in Element [model] and will be ignored: [xforms-version] 
    Problem found at nodeset: /html/head/model
    With element <model xforms-version="1.0.0"><instance><data id="Comunidade" version="1" prefix="Comunidade" delimiter="$">...

2026-02-26 09:20:54,883 [ForkJoinPool-14-worker-10] INFO  o.o.b.p.a.PullFromAggregateTracker - Pull Formulário da Vigilancia Comunitaria - Got all the submission IDs
2026-02-26 09:20:54,896 [ForkJoinPool-14-worker-9] INFO  o.o.b.p.a.PullFromAggregateTracker - Pull Formulário da Vigilancia Hospitalar - Got the form manifest
2026-02-26 09:20:54,896 [ForkJoinPool-14-worker-9] INFO  o.o.b.p.a.PullFromAggregateTracker - Pull Formulário da Vigilancia Hospitalar - Skipping 1 form attachments that have been already downloaded
2026-02-26 09:20:54,897 [ForkJoinPool-14-worker-9] INFO  o.o.b.p.a.PullFromAggregateTracker - Pull Formulário da Vigilancia Hospitalar - Start getting submission IDs
2026-02-26 09:20:54,905 [ForkJoinPool-14-worker-15] INFO  o.o.b.p.a.PullFromAggregateTracker - Pull Resultados de testagem das vigilâncias - Form downloaded
2026-02-26 09:20:54,910 [ForkJoinPool-14-worker-15] INFO  o.o.b.p.a.PullFromAggregateTracker - Pull Resultados de testagem das vigilâncias - Start getting form manifest
2026-02-26 09:20:54,914 [ForkJoinPool-14-worker-2] INFO  o.o.b.p.a.PullFromAggregateTracker - Pull Formulário da Vigilancia Hospitalar - Laboratório - Got all the submission IDs
2026-02-26 09:20:54,919 [ForkJoinPool-14-worker-13] INFO  o.o.b.p.a.PullFromAggregateTracker - Pull VIGILÂNCIA  AMBIENTAL - Form downloaded
2026-02-26 09:20:54,921 [ForkJoinPool-14-worker-13] INFO  o.o.b.p.a.PullFromAggregateTracker - Pull VIGILÂNCIA  AMBIENTAL - Start getting submission IDs
2026-02-26 09:20:54,927 [AWT-EventQueue-0] INFO  XFormParser - Creating FormDef from parsed XML finished in 97.092 ms
2026-02-26 09:20:54,927 [ForkJoinPool-14-worker-2] INFO  o.o.b.p.a.PullFromAggregateTracker - Pull Formulário da Vigilancia Hospitalar - Laboratório - Start downloading submission 1 of 4
2026-02-26 09:20:54,945 [ForkJoinPool-14-worker-10] INFO  o.o.b.p.a.PullFromAggregateTracker - Push Formulário da Vigilancia Comunitaria - There are no submissions to download
2026-02-26 09:20:54,949 [ForkJoinPool-14-worker-10] INFO  o.o.b.p.a.PullFromAggregateTracker - Pull Formulário da Vigilancia Comunitaria - Success
2026-02-26 09:20:54,956 [ForkJoinPool-14-worker-10] INFO  o.o.b.p.a.PullFromAggregateTracker - Pull Formulário da Vigilancia Hospitalar - Laboratório - Start downloading submission 2 of 4
2026-02-26 09:20:54,982 [AWT-EventQueue-0] INFO  XFormParser - Reading XML and parsing with kXML2 finished in 32.124 ms
2026-02-26 09:20:54,989 [AWT-EventQueue-0] INFO  XFormParser - Consolidating text finished in 5.099 ms
2026-02-26 09:20:54,989 [AWT-EventQueue-0] INFO  XFormParser - Parsing form...
2026-02-26 09:20:54,989 [AWT-EventQueue-0] INFO  XFormParser - Title: "Resultados de testagem das vigilâncias"
2026-02-26 09:20:54,989 [AWT-EventQueue-0] WARN  XFormParser - XForm Parse Warning: Warning: 1 Unrecognized attributes found in Element [model] and will be ignored: [xforms-version] 
    Problem found at nodeset: /html/head/model
    With element <model xforms-version="1.0.0"><instance><data id="hospitalar_LB" version="13" prefix="Hospitalar LB" delimiter="$">...

2026-02-26 09:20:55,059 [AWT-EventQueue-0] INFO  XFormParser - Creating FormDef from parsed XML finished in 69.818 ms
2026-02-26 09:20:55,063 [AWT-EventQueue-0] INFO  XFormParser - Reading XML and parsing with kXML2 finished in 1.279 ms
2026-02-26 09:20:55,063 [AWT-EventQueue-0] INFO  XFormParser - Consolidating text finished in 0.489 ms
2026-02-26 09:20:55,063 [AWT-EventQueue-0] INFO  XFormParser - Parsing form...
2026-02-26 09:20:55,063 [AWT-EventQueue-0] INFO  XFormParser - Title: "VIGILÂNCIA  AMBIENTAL"
2026-02-26 09:20:55,063 [AWT-EventQueue-0] WARN  XFormParser - XForm Parse Warning: Warning: 1 Unrecognized attributes found in Element [model] and will be ignored: [xforms-version] 
    Problem found at nodeset: /html/head/model
    With element <model xforms-version="1.0.0"><instance><data id="VIGILÂNCIA  AMBIENTAL_v2" version="2" prefix="VIGILÂNCIA  AMBIENTAL_v2" delimiter="$">...

2026-02-26 09:20:55,065 [AWT-EventQueue-0] INFO  XFormParser - Creating FormDef from parsed XML finished in 3.184 ms
2026-02-26 09:20:55,150 [ForkJoinPool-14-worker-15] INFO  o.o.b.p.a.PullFromAggregateTracker - Pull Resultados de testagem das vigilâncias - Got the form manifest
2026-02-26 09:20:55,150 [ForkJoinPool-14-worker-4] INFO  o.o.b.p.a.PullFromAggregateTracker - Pull Formulário da Vigilancia Comunitaria - Got the form manifest
2026-02-26 09:20:55,150 [ForkJoinPool-14-worker-15] INFO  o.o.b.p.a.PullFromAggregateTracker - Pull Resultados de testagem das vigilâncias - Skipping 1 form attachments that have been already downloaded
2026-02-26 09:20:55,150 [ForkJoinPool-14-worker-4] INFO  o.o.b.p.a.PullFromAggregateTracker - Pull Formulário da Vigilancia Comunitaria - Skipping 1 form attachments that have been already downloaded
2026-02-26 09:20:55,152 [ForkJoinPool-14-worker-15] INFO  o.o.b.p.a.PullFromAggregateTracker - Pull Resultados de testagem das vigilâncias - Start getting submission IDs
2026-02-26 09:20:55,152 [ForkJoinPool-14-worker-4] INFO  o.o.b.p.a.PullFromAggregateTracker - Pull Formulário da Vigilancia Comunitaria - Start getting submission IDs
2026-02-26 09:20:55,160 [ForkJoinPool-14-worker-3] INFO  o.o.b.p.a.PullFromAggregateTracker - Pull Formulário da Vigilancia Hospitalar - Laboratório - Submission 1 of 9 downloaded
2026-02-26 09:20:55,162 [ForkJoinPool-14-worker-6] INFO  o.o.b.p.a.PullFromAggregateTracker - Pull Formulário da Vigilancia Hospitalar - Laboratório - Submission 2 of 9 downloaded
2026-02-26 09:20:55,164 [ForkJoinPool-14-worker-3] INFO  o.o.b.p.a.PullFromAggregateTracker - Pull Formulário da Vigilancia Hospitalar - Laboratório - Start downloading submission 3 of 9
2026-02-26 09:20:55,164 [ForkJoinPool-14-worker-9] INFO  o.o.b.p.a.PullFromAggregateTracker - Pull Formulário da Vigilancia Hospitalar - Got all the submission IDs
2026-02-26 09:20:55,164 [ForkJoinPool-14-worker-6] INFO  o.o.b.p.a.PullFromAggregateTracker - Pull Formulário da Vigilancia Hospitalar - Laboratório - Start downloading submission 4 of 9
2026-02-26 09:20:56,055 [ForkJoinPool-14-worker-13] INFO  o.o.b.p.a.PullFromAggregateTracker - Pull VIGILÂNCIA  AMBIENTAL - Got all the submission IDs
2026-02-26 09:20:56,063 [ForkJoinPool-14-worker-10] INFO  o.o.b.p.a.PullFromAggregateTracker - Pull Formulário da Vigilancia Hospitalar - Laboratório - Submission 2 of 4 downloaded
2026-02-26 09:20:56,063 [ForkJoinPool-14-worker-2] INFO  o.o.b.p.a.PullFromAggregateTracker - Pull Formulário da Vigilancia Hospitalar - Laboratório - Submission 1 of 4 downloaded
2026-02-26 09:20:56,065 [ForkJoinPool-14-worker-15] INFO  o.o.b.p.a.PullFromAggregateTracker - Pull Resultados de testagem das vigilâncias - Got all the submission IDs
2026-02-26 09:20:56,071 [ForkJoinPool-14-worker-10] INFO  o.o.b.p.a.PullFromAggregateTracker - Pull Formulário da Vigilancia Hospitalar - Laboratório - Start downloading submission 3 of 4
2026-02-26 09:20:56,071 [ForkJoinPool-14-worker-2] INFO  o.o.b.p.a.PullFromAggregateTracker - Pull Formulário da Vigilancia Hospitalar - Laboratório - Start downloading submission 4 of 4
2026-02-26 09:20:56,079 [ForkJoinPool-14-worker-13] INFO  o.o.b.p.a.PullFromAggregateTracker - Push VIGILÂNCIA  AMBIENTAL - There are no submissions to download
2026-02-26 09:20:56,079 [ForkJoinPool-14-worker-11] INFO  o.o.b.p.a.PullFromAggregateTracker - Pull Formulário da Vigilancia Hospitalar - Form downloaded
2026-02-26 09:20:56,079 [ForkJoinPool-14-worker-11] INFO  o.o.b.p.a.PullFromAggregateTracker - Pull Formulário da Vigilancia Hospitalar - Start getting form manifest
2026-02-26 09:20:56,081 [ForkJoinPool-14-worker-13] INFO  o.o.b.p.a.PullFromAggregateTracker - Pull VIGILÂNCIA  AMBIENTAL - Success
2026-02-26 09:20:56,083 [ForkJoinPool-14-worker-13] INFO  o.o.b.p.a.PullFromAggregateTracker - Pull Formulário da Vigilancia Hospitalar - Laboratório - Start downloading submission 5 of 9
2026-02-26 09:20:56,111 [ForkJoinPool-14-worker-9] INFO  o.o.b.p.a.PullFromAggregateTracker - Push Formulário da Vigilancia Hospitalar - There are no submissions to download
2026-02-26 09:20:56,115 [ForkJoinPool-14-worker-9] INFO  o.o.b.p.a.PullFromAggregateTracker - Pull Formulário da Vigilancia Hospitalar - Success
2026-02-26 09:20:56,115 [ForkJoinPool-14-worker-15] INFO  o.o.b.p.a.PullFromAggregateTracker - Push Resultados de testagem das vigilâncias - There are no submissions to download
2026-02-26 09:20:56,117 [ForkJoinPool-14-worker-9] INFO  o.o.b.p.a.PullFromAggregateTracker - Pull Formulário da Vigilancia Hospitalar - Laboratório - Start downloading submission 6 of 9
2026-02-26 09:20:56,119 [ForkJoinPool-14-worker-15] INFO  o.o.b.p.a.PullFromAggregateTracker - Pull Resultados de testagem das vigilâncias - Success
2026-02-26 09:20:56,120 [ForkJoinPool-14-worker-15] INFO  o.o.b.p.a.PullFromAggregateTracker - Pull Formulário da Vigilancia Hospitalar - Laboratório - Start downloading submission 7 of 9
2026-02-26 09:20:56,123 [ForkJoinPool-14-worker-1] INFO  o.o.b.p.a.PullFromAggregateTracker - Pull Formulário da Vigilancia Hospitalar - Form downloaded
2026-02-26 09:20:56,123 [ForkJoinPool-14-worker-1] INFO  o.o.b.p.a.PullFromAggregateTracker - Pull Formulário da Vigilancia Hospitalar - Start getting submission IDs
2026-02-26 09:20:56,149 [AWT-EventQueue-0] INFO  XFormParser - Reading XML and parsing with kXML2 finished in 18.074 ms
2026-02-26 09:20:56,157 [AWT-EventQueue-0] INFO  XFormParser - Consolidating text finished in 7.383 ms
2026-02-26 09:20:56,157 [AWT-EventQueue-0] INFO  XFormParser - Parsing form...
2026-02-26 09:20:56,157 [AWT-EventQueue-0] INFO  XFormParser - Title: "Formulário da Vigilancia Hospitalar"
2026-02-26 09:20:56,157 [AWT-EventQueue-0] WARN  XFormParser - XForm Parse Warning: Warning: 1 Unrecognized attributes found in Element [model] and will be ignored: [xforms-version] 
    Problem found at nodeset: /html/head/model
    With element <model xforms-version="1.0.0"><instance><data id="hospitalar_v3" version="3" prefix="Hospitalar_v3" delimiter="$">...

2026-02-26 09:20:56,202 [AWT-EventQueue-0] INFO  XFormParser - Creating FormDef from parsed XML finished in 44.401 ms
2026-02-26 09:20:56,321 [ForkJoinPool-14-worker-3] INFO  o.o.b.p.a.PullFromAggregateTracker - Pull Formulário da Vigilancia Hospitalar - Laboratório - Submission 3 of 9 downloaded
2026-02-26 09:20:56,321 [ForkJoinPool-14-worker-2] INFO  o.o.b.p.a.PullFromAggregateTracker - Pull Formulário da Vigilancia Hospitalar - Laboratório - Submission 4 of 4 downloaded
2026-02-26 09:20:56,319 [ForkJoinPool-14-worker-6] INFO  o.o.b.p.a.PullFromAggregateTracker - Pull Formulário da Vigilancia Hospitalar - Laboratório - Submission 4 of 9 downloaded
2026-02-26 09:20:56,321 [ForkJoinPool-14-worker-4] INFO  o.o.b.p.a.PullFromAggregateTracker - Pull Formulário da Vigilancia Comunitaria - Got all the submission IDs
2026-02-26 09:20:56,321 [ForkJoinPool-14-worker-11] INFO  o.o.b.p.a.PullFromAggregateTracker - Pull Formulário da Vigilancia Hospitalar - Got the form manifest
2026-02-26 09:20:56,323 [ForkJoinPool-14-worker-11] INFO  o.o.b.p.a.PullFromAggregateTracker - Pull Formulário da Vigilancia Hospitalar - Skipping 1 form attachments that have been already downloaded
2026-02-26 09:20:56,323 [ForkJoinPool-14-worker-11] INFO  o.o.b.p.a.PullFromAggregateTracker - Pull Formulário da Vigilancia Hospitalar - Start getting submission IDs
2026-02-26 09:20:56,323 [ForkJoinPool-14-worker-10] INFO  o.o.b.p.a.PullFromAggregateTracker - Pull Formulário da Vigilancia Hospitalar - Laboratório - Submission 3 of 4 downloaded
2026-02-26 09:20:56,323 [ForkJoinPool-14-worker-6] INFO  o.o.b.p.a.PullFromAggregateTracker - Pull VIGILÂNCIA  AMBIENTAL - Start pulling form and submissions
2026-02-26 09:20:56,323 [ForkJoinPool-14-worker-6] INFO  o.o.b.p.a.PullFromAggregateTracker - Pull VIGILÂNCIA  AMBIENTAL - Start downloading form
2026-02-26 09:20:56,326 [ForkJoinPool-14-worker-3] INFO  o.o.b.p.a.PullFromAggregateTracker - Pull Formulário da Vigilancia Hospitalar - Laboratório - Start downloading submission 8 of 9
2026-02-26 09:20:56,327 [ForkJoinPool-14-worker-10] INFO  o.o.b.p.a.PullFromAggregateTracker - Pull Formulário da Vigilancia Hospitalar - Laboratório - Start downloading submission 9 of 9
2026-02-26 09:20:56,327 [ForkJoinPool-14-worker-2] INFO  o.o.b.p.a.PullFromAggregateTracker - Pull Formulário da Vigilancia Hospitalar - Laboratório - Success
2026-02-26 09:20:56,359 [ForkJoinPool-14-worker-2] INFO  o.o.b.p.a.PullFromAggregateTracker - Pull Formulário da Vigilancia Comunitaria - Start pulling form and submissions
2026-02-26 09:20:56,361 [ForkJoinPool-14-worker-2] INFO  o.o.b.p.a.PullFromAggregateTracker - Pull Formulário da Vigilancia Comunitaria - Start downloading form
2026-02-26 09:20:56,365 [ForkJoinPool-14-worker-13] INFO  o.o.b.p.a.PullFromAggregateTracker - Pull Formulário da Vigilancia Hospitalar - Laboratório - Submission 5 of 9 downloaded
2026-02-26 09:20:56,367 [ForkJoinPool-14-worker-13] INFO  o.o.b.p.a.PullFromAggregateTracker - Pull Formulário da Vigilancia Hospitalar - Start pulling form and submissions
2026-02-26 09:20:56,367 [ForkJoinPool-14-worker-13] INFO  o.o.b.p.a.PullFromAggregateTracker - Pull Formulário da Vigilancia Hospitalar - Start downloading form
2026-02-26 09:20:56,403 [AWT-EventQueue-0] INFO  XFormParser - Reading XML and parsing with kXML2 finished in 13.294 ms
2026-02-26 09:20:56,409 [ForkJoinPool-14-worker-4] INFO  o.o.b.p.a.PullFromAggregateTracker - Pull Formulário da Vigilancia Comunitaria - Start downloading submission 1 of 4
2026-02-26 09:20:56,410 [AWT-EventQueue-0] INFO  XFormParser - Consolidating text finished in 7.282 ms
2026-02-26 09:20:56,410 [AWT-EventQueue-0] INFO  XFormParser - Parsing form...
2026-02-26 09:20:56,410 [AWT-EventQueue-0] INFO  XFormParser - Title: "Formulário da Vigilancia Hospitalar"
2026-02-26 09:20:56,410 [AWT-EventQueue-0] WARN  XFormParser - XForm Parse Warning: Warning: 1 Unrecognized attributes found in Element [model] and will be ignored: [xforms-version] 
    Problem found at nodeset: /html/head/model
    With element <model xforms-version="1.0.0"><instance><data id="hospitalar_v3" version="3" prefix="Hospitalar_v3" delimiter="$">...

2026-02-26 09:20:56,463 [AWT-EventQueue-0] INFO  XFormParser - Creating FormDef from parsed XML finished in 52.322 ms
2026-02-26 09:20:56,579 [ForkJoinPool-14-worker-15] INFO  o.o.b.p.a.PullFromAggregateTracker - Pull Formulário da Vigilancia Hospitalar - Laboratório - Submission 7 of 9 downloaded
2026-02-26 09:20:56,579 [ForkJoinPool-14-worker-9] INFO  o.o.b.p.a.PullFromAggregateTracker - Pull Formulário da Vigilancia Hospitalar - Laboratório - Submission 6 of 9 downloaded
2026-02-26 09:20:56,587 [ForkJoinPool-14-worker-15] INFO  o.o.b.p.a.PullFromAggregateTracker - Pull Formulário da Vigilancia Comunitaria - Start downloading submission 2 of 4
2026-02-26 09:20:56,587 [ForkJoinPool-14-worker-9] INFO  o.o.b.p.a.PullFromAggregateTracker - Pull Formulário da Vigilancia Comunitaria - Start downloading submission 3 of 4
2026-02-26 09:20:56,587 [ForkJoinPool-14-worker-11] INFO  o.o.b.p.a.PullFromAggregateTracker - Pull Formulário da Vigilancia Hospitalar - Got all the submission IDs
2026-02-26 09:20:56,589 [ForkJoinPool-14-worker-10] INFO  o.o.b.p.a.PullFromAggregateTracker - Pull Formulário da Vigilancia Hospitalar - Laboratório - Submission 9 of 9 downloaded
2026-02-26 09:20:56,593 [ForkJoinPool-14-worker-10] INFO  o.o.b.p.a.PullFromAggregateTracker - Pull Formulário da Vigilancia Comunitaria - Start downloading submission 4 of 4
2026-02-26 09:20:56,597 [ForkJoinPool-14-worker-3] INFO  o.o.b.p.a.PullFromAggregateTracker - Pull Formulário da Vigilancia Hospitalar - Laboratório - Submission 8 of 9 downloaded
2026-02-26 09:20:56,600 [ForkJoinPool-14-worker-3] INFO  o.o.b.p.a.PullFromAggregateTracker - Pull Formulário da Vigilancia Hospitalar - Laboratório - Success
2026-02-26 09:20:56,602 [ForkJoinPool-14-worker-3] INFO  o.o.b.p.a.PullFromAggregateTracker - Pull VIGILÂNCIA  AMBIENTAL - Start pulling form and submissions
2026-02-26 09:20:56,602 [ForkJoinPool-14-worker-3] INFO  o.o.b.p.a.PullFromAggregateTracker - Pull VIGILÂNCIA  AMBIENTAL - Start downloading form
2026-02-26 09:20:56,652 [ForkJoinPool-14-worker-11] INFO  o.o.b.p.a.PullFromAggregateTracker - Push Formulário da Vigilancia Hospitalar - There are no submissions to download
2026-02-26 09:20:56,656 [ForkJoinPool-14-worker-11] INFO  o.o.b.p.a.PullFromAggregateTracker - Pull Formulário da Vigilancia Hospitalar - Success
2026-02-26 09:20:56,658 [ForkJoinPool-14-worker-11] INFO  o.o.b.p.a.PullFromAggregateTracker - Pull Formulário da Vigilancia Comunitaria - Start pulling form and submissions
2026-02-26 09:20:56,660 [ForkJoinPool-14-worker-11] INFO  o.o.b.p.a.PullFromAggregateTracker - Pull Formulário da Vigilancia Comunitaria - Start downloading form
2026-02-26 09:20:56,828 [ForkJoinPool-14-worker-8] INFO  o.o.b.p.a.PullFromAggregateTracker - Pull Formulário da Vigilancia Hospitalar - Form downloaded
2026-02-26 09:20:56,828 [ForkJoinPool-14-worker-8] INFO  o.o.b.p.a.PullFromAggregateTracker - Pull Formulário da Vigilancia Hospitalar - Start getting form manifest
2026-02-26 09:20:56,868 [ForkJoinPool-14-worker-1] INFO  o.o.b.p.a.PullFromAggregateTracker - Pull Formulário da Vigilancia Hospitalar - Got all the submission IDs
2026-02-26 09:20:56,870 [ForkJoinPool-14-worker-6] INFO  o.o.b.p.a.PullFromAggregateTracker - Pull VIGILÂNCIA  AMBIENTAL - Form downloaded
2026-02-26 09:20:56,874 [ForkJoinPool-14-worker-6] INFO  o.o.b.p.a.PullFromAggregateTracker - Pull VIGILÂNCIA  AMBIENTAL - Start getting submission IDs
2026-02-26 09:20:56,874 [ForkJoinPool-14-worker-4] INFO  o.o.b.p.a.PullFromAggregateTracker - Pull Formulário da Vigilancia Comunitaria - Submission 1 of 4 downloaded
2026-02-26 09:20:56,876 [ForkJoinPool-14-worker-15] INFO  o.o.b.p.a.PullFromAggregateTracker - Pull Formulário da Vigilancia Comunitaria - Submission 2 of 4 downloaded
2026-02-26 09:20:56,876 [ForkJoinPool-14-worker-9] INFO  o.o.b.p.a.PullFromAggregateTracker - Pull Formulário da Vigilancia Comunitaria - Submission 3 of 4 downloaded
2026-02-26 09:20:56,878 [ForkJoinPool-14-worker-9] INFO  o.o.b.p.a.PullFromAggregateTracker - Pull Formulário da Vigilancia Hospitalar - Start pulling form and submissions
2026-02-26 09:20:56,878 [ForkJoinPool-14-worker-9] INFO  o.o.b.p.a.PullFromAggregateTracker - Pull Formulário da Vigilancia Hospitalar - Start downloading form
2026-02-26 09:20:56,878 [ForkJoinPool-14-worker-15] INFO  o.o.b.p.a.PullFromAggregateTracker - Pull Resultados de testagem das vigilâncias - Start pulling form and submissions
2026-02-26 09:20:56,878 [ForkJoinPool-14-worker-15] INFO  o.o.b.p.a.PullFromAggregateTracker - Pull Resultados de testagem das vigilâncias - Start downloading form
2026-02-26 09:20:56,890 [AWT-EventQueue-0] INFO  XFormParser - Reading XML and parsing with kXML2 finished in 15.943 ms
2026-02-26 09:20:56,900 [AWT-EventQueue-0] INFO  XFormParser - Consolidating text finished in 9.128 ms
2026-02-26 09:20:56,900 [AWT-EventQueue-0] INFO  XFormParser - Parsing form...
2026-02-26 09:20:56,900 [AWT-EventQueue-0] INFO  XFormParser - Title: "Formulário da Vigilancia Hospitalar"
2026-02-26 09:20:56,900 [AWT-EventQueue-0] WARN  XFormParser - XForm Parse Warning: Warning: 1 Unrecognized attributes found in Element [model] and will be ignored: [xforms-version] 
    Problem found at nodeset: /html/head/model
    With element <model xforms-version="1.0.0"><instance><data id="hospitalar_v2" version="1" prefix="Hospitalar" delimiter="$">...

2026-02-26 09:20:57,191 [ForkJoinPool-14-worker-6] INFO  o.o.b.p.a.PullFromAggregateTracker - Pull VIGILÂNCIA  AMBIENTAL - Got all the submission IDs
2026-02-26 09:20:57,195 [ForkJoinPool-14-worker-10] INFO  o.o.b.p.a.PullFromAggregateTracker - Pull Formulário da Vigilancia Comunitaria - Submission 4 of 4 downloaded
2026-02-26 09:20:57,195 [ForkJoinPool-14-worker-3] INFO  o.o.b.p.a.PullFromAggregateTracker - Pull VIGILÂNCIA  AMBIENTAL - Form downloaded
2026-02-26 09:20:57,195 [ForkJoinPool-14-worker-3] INFO  o.o.b.p.a.PullFromAggregateTracker - Pull VIGILÂNCIA  AMBIENTAL - Start getting submission IDs
2026-02-26 09:20:57,195 [ForkJoinPool-14-worker-6] INFO  o.o.b.p.a.PullFromAggregateTracker - Push VIGILÂNCIA  AMBIENTAL - There are no submissions to download
2026-02-26 09:20:57,197 [ForkJoinPool-14-worker-10] INFO  o.o.b.p.a.PullFromAggregateTracker - Pull Formulário da Vigilancia Hospitalar - Start pulling form and submissions
2026-02-26 09:20:57,197 [ForkJoinPool-14-worker-10] INFO  o.o.b.p.a.PullFromAggregateTracker - Pull Formulário da Vigilancia Hospitalar - Start downloading form
2026-02-26 09:20:57,211 [ForkJoinPool-14-worker-8] INFO  o.o.b.p.a.PullFromAggregateTracker - Pull Formulário da Vigilancia Hospitalar - Got the form manifest
2026-02-26 09:20:57,211 [ForkJoinPool-14-worker-4] INFO  o.o.b.p.a.PullFromAggregateTracker - Pull Formulário da Vigilancia Comunitaria - Success
2026-02-26 09:20:57,211 [ForkJoinPool-14-worker-8] INFO  o.o.b.p.a.PullFromAggregateTracker - Pull Formulário da Vigilancia Hospitalar - Skipping 1 form attachments that have been already downloaded
2026-02-26 09:20:57,213 [ForkJoinPool-14-worker-8] INFO  o.o.b.p.a.PullFromAggregateTracker - Pull Formulário da Vigilancia Hospitalar - Start getting submission IDs
2026-02-26 09:20:57,213 [ForkJoinPool-14-worker-6] INFO  o.o.b.p.a.PullFromAggregateTracker - Pull VIGILÂNCIA  AMBIENTAL - Success
2026-02-26 09:20:57,217 [ForkJoinPool-14-worker-4] INFO  o.o.b.p.a.PullFromAggregateTracker - Pull Formulário da Vigilancia Hospitalar - Laboratório - Start pulling form and submissions
2026-02-26 09:20:57,217 [ForkJoinPool-14-worker-6] INFO  o.o.b.p.a.PullFromAggregateTracker - Pull Formulário da Vigilancia Hospitalar - Laboratório - Start pulling form and submissions
2026-02-26 09:20:57,217 [ForkJoinPool-14-worker-4] INFO  o.o.b.p.a.PullFromAggregateTracker - Pull Formulário da Vigilancia Hospitalar - Laboratório - Start downloading form
2026-02-26 09:20:57,217 [ForkJoinPool-14-worker-6] INFO  o.o.b.p.a.PullFromAggregateTracker - Pull Formulário da Vigilancia Hospitalar - Laboratório - Start downloading form
2026-02-26 09:20:57,225 [ForkJoinPool-14-worker-1] INFO  o.o.b.p.a.PullFromAggregateTracker - Pull Formulário da Vigilancia Hospitalar - Start downloading submission 1 of 5
2026-02-26 09:20:57,237 [AWT-EventQueue-0] INFO  XFormParser - Creating FormDef from parsed XML finished in 336.732 ms
2026-02-26 09:20:57,256 [AWT-EventQueue-0] INFO  XFormParser - Reading XML and parsing with kXML2 finished in 2.775 ms
2026-02-26 09:20:57,256 [AWT-EventQueue-0] INFO  XFormParser - Consolidating text finished in 1.098 ms
2026-02-26 09:20:57,258 [AWT-EventQueue-0] INFO  XFormParser - Parsing form...
2026-02-26 09:20:57,258 [AWT-EventQueue-0] INFO  XFormParser - Title: "VIGILÂNCIA  AMBIENTAL"
2026-02-26 09:20:57,258 [AWT-EventQueue-0] WARN  XFormParser - XForm Parse Warning: Warning: 1 Unrecognized attributes found in Element [model] and will be ignored: [xforms-version] 
    Problem found at nodeset: /html/head/model
    With element <model xforms-version="1.0.0"><instance><data id="VIGILÂNCIA AMBIENTAL_v4" version="4" prefix="VIGILÂNCIA AMBIENTAL_v4" delimiter="$">...

2026-02-26 09:20:57,262 [AWT-EventQueue-0] INFO  XFormParser - Creating FormDef from parsed XML finished in 4.425 ms
2026-02-26 09:20:57,650 [ForkJoinPool-14-worker-3] INFO  o.o.b.p.a.PullFromAggregateTracker - Pull VIGILÂNCIA  AMBIENTAL - Got all the submission IDs
2026-02-26 09:20:57,660 [ForkJoinPool-14-worker-4] INFO  o.o.b.p.a.PullFromAggregateTracker - Pull Formulário da Vigilancia Hospitalar - Laboratório - Form downloaded
2026-02-26 09:20:57,661 [ForkJoinPool-14-worker-4] INFO  o.o.b.p.a.PullFromAggregateTracker - Pull Formulário da Vigilancia Hospitalar - Laboratório - Start getting submission IDs
2026-02-26 09:20:57,662 [ForkJoinPool-14-worker-3] INFO  o.o.b.p.a.PullFromAggregateTracker - Push VIGILÂNCIA  AMBIENTAL - There are no submissions to download
2026-02-26 09:20:57,664 [ForkJoinPool-14-worker-13] INFO  o.o.b.p.a.PullFromAggregateTracker - Pull Formulário da Vigilancia Hospitalar - Form downloaded
2026-02-26 09:20:57,667 [ForkJoinPool-14-worker-13] INFO  o.o.b.p.a.PullFromAggregateTracker - Pull Formulário da Vigilancia Hospitalar - Start getting submission IDs
2026-02-26 09:20:57,668 [ForkJoinPool-14-worker-15] INFO  o.o.b.p.a.PullFromAggregateTracker - Pull Resultados de testagem das vigilâncias - Form downloaded
2026-02-26 09:20:57,670 [ForkJoinPool-14-worker-15] INFO  o.o.b.p.a.PullFromAggregateTracker - Pull Resultados de testagem das vigilâncias - Start getting submission IDs
2026-02-26 09:20:57,671 [ForkJoinPool-14-worker-2] INFO  o.o.b.p.a.PullFromAggregateTracker - Pull Formulário da Vigilancia Comunitaria - Form downloaded
2026-02-26 09:20:57,675 [ForkJoinPool-14-worker-2] INFO  o.o.b.p.a.PullFromAggregateTracker - Pull Formulário da Vigilancia Comunitaria - Start getting submission IDs
2026-02-26 09:20:57,676 [ForkJoinPool-14-worker-3] INFO  o.o.b.p.a.PullFromAggregateTracker - Pull VIGILÂNCIA  AMBIENTAL - Success
2026-02-26 09:20:57,680 [ForkJoinPool-14-worker-3] INFO  o.o.b.p.a.PullFromAggregateTracker - Pull Formulário da Vigilancia Hospitalar - Start downloading submission 2 of 5
2026-02-26 09:20:57,686 [ForkJoinPool-14-worker-6] INFO  o.o.b.p.a.PullFromAggregateTracker - Pull Formulário da Vigilancia Hospitalar - Laboratório - Form downloaded
2026-02-26 09:20:57,686 [ForkJoinPool-14-worker-6] INFO  o.o.b.p.a.PullFromAggregateTracker - Pull Formulário da Vigilancia Hospitalar - Laboratório - Start getting submission IDs
2026-02-26 09:20:57,715 [AWT-EventQueue-0] INFO  XFormParser - Reading XML and parsing with kXML2 finished in 20.736 ms
2026-02-26 09:20:57,729 [AWT-EventQueue-0] INFO  XFormParser - Consolidating text finished in 13.369 ms
2026-02-26 09:20:57,729 [AWT-EventQueue-0] INFO  XFormParser - Parsing form...
2026-02-26 09:20:57,729 [AWT-EventQueue-0] INFO  XFormParser - Title: "Formulário da Vigilancia Comunitaria"
2026-02-26 09:20:57,729 [AWT-EventQueue-0] WARN  XFormParser - XForm Parse Warning: Warning: 1 Unrecognized attributes found in Element [model] and will be ignored: [xforms-version] 
    Problem found at nodeset: /html/head/model
    With element <model xforms-version="1.0.0"><instance><data id="Comunidade_v3" version="1" prefix="Comunidade_v3" delimiter="$">...

2026-02-26 09:20:57,774 [AWT-EventQueue-0] INFO  XFormParser - Creating FormDef from parsed XML finished in 43.815 ms
2026-02-26 09:20:57,810 [AWT-EventQueue-0] INFO  XFormParser - Reading XML and parsing with kXML2 finished in 21.080 ms
2026-02-26 09:20:57,818 [AWT-EventQueue-0] INFO  XFormParser - Consolidating text finished in 8.243 ms
2026-02-26 09:20:57,818 [AWT-EventQueue-0] INFO  XFormParser - Parsing form...
2026-02-26 09:20:57,818 [AWT-EventQueue-0] INFO  XFormParser - Title: "Formulário da Vigilancia Hospitalar"
2026-02-26 09:20:57,818 [AWT-EventQueue-0] WARN  XFormParser - XForm Parse Warning: Warning: 1 Unrecognized attributes found in Element [model] and will be ignored: [xforms-version] 
    Problem found at nodeset: /html/head/model
    With element <model xforms-version="1.0.0"><instance><data id="hospitalar_v4" version="1" prefix="hospitalar_v4" delimiter="$">...

2026-02-26 09:20:57,909 [ForkJoinPool-14-worker-13] INFO  o.o.b.p.a.PullFromAggregateTracker - Pull Formulário da Vigilancia Hospitalar - Got all the submission IDs
2026-02-26 09:20:57,909 [ForkJoinPool-14-worker-4] INFO  o.o.b.p.a.PullFromAggregateTracker - Pull Formulário da Vigilancia Hospitalar - Laboratório - Got all the submission IDs
2026-02-26 09:20:57,911 [ForkJoinPool-14-worker-8] INFO  o.o.b.p.a.PullFromAggregateTracker - Pull Formulário da Vigilancia Hospitalar - Got all the submission IDs
2026-02-26 09:20:57,915 [ForkJoinPool-14-worker-4] INFO  o.o.b.p.a.PullFromAggregateTracker - Push Formulário da Vigilancia Hospitalar - Laboratório - There are no submissions to download
2026-02-26 09:20:57,923 [ForkJoinPool-14-worker-4] INFO  o.o.b.p.a.PullFromAggregateTracker - Pull Formulário da Vigilancia Hospitalar - Laboratório - Success
2026-02-26 09:20:57,923 [ForkJoinPool-14-worker-1] INFO  o.o.b.p.a.PullFromAggregateTracker - Pull Formulário da Vigilancia Hospitalar - Submission 1 of 5 downloaded
2026-02-26 09:20:57,925 [ForkJoinPool-14-worker-4] INFO  o.o.b.p.a.PullFromAggregateTracker - Pull Formulário da Vigilancia Hospitalar - Start downloading submission 3 of 5
2026-02-26 09:20:57,926 [ForkJoinPool-14-worker-1] INFO  o.o.b.p.a.PullFromAggregateTracker - Pull Formulário da Vigilancia Hospitalar - Start downloading submission 4 of 5
2026-02-26 09:20:57,943 [ForkJoinPool-14-worker-15] INFO  o.o.b.p.a.PullFromAggregateTracker - Pull Resultados de testagem das vigilâncias - Got all the submission IDs
2026-02-26 09:20:57,948 [ForkJoinPool-14-worker-15] INFO  o.o.b.p.a.PullFromAggregateTracker - Push Resultados de testagem das vigilâncias - There are no submissions to download
2026-02-26 09:20:58,011 [ForkJoinPool-14-worker-15] INFO  o.o.b.p.a.PullFromAggregateTracker - Pull Resultados de testagem das vigilâncias - Success
2026-02-26 09:20:58,013 [ForkJoinPool-14-worker-15] INFO  o.o.b.p.a.PullFromAggregateTracker - Pull Formulário da Vigilancia Hospitalar - Start downloading submission 5 of 5
2026-02-26 09:20:58,014 [AWT-EventQueue-0] INFO  XFormParser - Creating FormDef from parsed XML finished in 195.564 ms
2026-02-26 09:20:58,019 [AWT-EventQueue-0] INFO  XFormParser - Reading XML and parsing with kXML2 finished in 0.701 ms
2026-02-26 09:20:58,019 [AWT-EventQueue-0] INFO  XFormParser - Consolidating text finished in 0.312 ms
2026-02-26 09:20:58,019 [AWT-EventQueue-0] INFO  XFormParser - Parsing form...
2026-02-26 09:20:58,019 [AWT-EventQueue-0] INFO  XFormParser - Title: "Formulário da Vigilancia Hospitalar - Laboratório"
2026-02-26 09:20:58,019 [AWT-EventQueue-0] WARN  XFormParser - XForm Parse Warning: Warning: 1 Unrecognized attributes found in Element [model] and will be ignored: [xforms-version] 
    Problem found at nodeset: /html/head/model
    With element <model xforms-version="1.0.0"><instance><data id="hospitalar_ib_v3" version="3" prefix="hospitalar_ib_v3" delimiter="$">...

2026-02-26 09:20:58,032 [AWT-EventQueue-0] INFO  XFormParser - Creating FormDef from parsed XML finished in 11.469 ms
2026-02-26 09:20:58,039 [ForkJoinPool-14-worker-13] INFO  o.o.b.p.a.PullFromAggregateTracker - Push Formulário da Vigilancia Hospitalar - There are no submissions to download
2026-02-26 09:20:58,045 [ForkJoinPool-14-worker-13] INFO  o.o.b.p.a.PullFromAggregateTracker - Pull Formulário da Vigilancia Hospitalar - Success
2026-02-26 09:20:58,045 [ForkJoinPool-14-worker-8] INFO  o.o.b.p.a.PullFromAggregateTracker - Push Formulário da Vigilancia Hospitalar - There are no submissions to download
2026-02-26 09:20:58,046 [ForkJoinPool-14-worker-8] INFO  o.o.b.p.a.PullFromAggregateTracker - Pull Formulário da Vigilancia Hospitalar - Success
2026-02-26 09:20:58,058 [AWT-EventQueue-0] INFO  XFormParser - Reading XML and parsing with kXML2 finished in 5.368 ms
2026-02-26 09:20:58,059 [AWT-EventQueue-0] INFO  XFormParser - Consolidating text finished in 1.747 ms
2026-02-26 09:20:58,060 [AWT-EventQueue-0] INFO  XFormParser - Parsing form...
2026-02-26 09:20:58,060 [AWT-EventQueue-0] INFO  XFormParser - Title: "Resultados de testagem das vigilâncias"
2026-02-26 09:20:58,060 [AWT-EventQueue-0] WARN  XFormParser - XForm Parse Warning: Warning: 1 Unrecognized attributes found in Element [model] and will be ignored: [xforms-version] 
    Problem found at nodeset: /html/head/model
    With element <model xforms-version="1.0.0"><instance><data id="hospitalar_LB_v2" version="2" prefix="Hospitalar LB_v2" delimiter="$">...

2026-02-26 09:20:58,078 [ForkJoinPool-14-worker-11] INFO  o.o.b.p.a.PullFromAggregateTracker - Pull Formulário da Vigilancia Comunitaria - Form downloaded
2026-02-26 09:20:58,078 [ForkJoinPool-14-worker-11] INFO  o.o.b.p.a.PullFromAggregateTracker - Pull Formulário da Vigilancia Comunitaria - Start getting submission IDs
2026-02-26 09:20:58,137 [AWT-EventQueue-0] INFO  XFormParser - Creating FormDef from parsed XML finished in 77.043 ms
2026-02-26 09:20:58,166 [ForkJoinPool-14-worker-2] INFO  o.o.b.p.a.PullFromAggregateTracker - Pull Formulário da Vigilancia Comunitaria - Got all the submission IDs
2026-02-26 09:20:58,178 [ForkJoinPool-14-worker-3] INFO  o.o.b.p.a.PullFromAggregateTracker - Pull Formulário da Vigilancia Hospitalar - Submission 2 of 5 downloaded
2026-02-26 09:20:58,189 [ForkJoinPool-14-worker-1] INFO  o.o.b.p.a.PullFromAggregateTracker - Pull Formulário da Vigilancia Hospitalar - Submission 4 of 5 downloaded
2026-02-26 09:20:58,189 [ForkJoinPool-14-worker-4] INFO  o.o.b.p.a.PullFromAggregateTracker - Pull Formulário da Vigilancia Hospitalar - Submission 3 of 5 downloaded
2026-02-26 09:20:58,204 [AWT-EventQueue-0] INFO  XFormParser - Reading XML and parsing with kXML2 finished in 12.643 ms
2026-02-26 09:20:58,251 [AWT-EventQueue-0] INFO  XFormParser - Consolidating text finished in 46.922 ms
2026-02-26 09:20:58,251 [AWT-EventQueue-0] INFO  XFormParser - Parsing form...
2026-02-26 09:20:58,251 [AWT-EventQueue-0] INFO  XFormParser - Title: "Formulário da Vigilancia Comunitaria"
2026-02-26 09:20:58,251 [AWT-EventQueue-0] WARN  XFormParser - XForm Parse Warning: Warning: 1 Unrecognized attributes found in Element [model] and will be ignored: [xforms-version] 
    Problem found at nodeset: /html/head/model
    With element <model xforms-version="1.0.0"><instance><data id="Comunidade_v4" version="1" prefix="Comunidade_v4" delimiter="$">...

2026-02-26 09:20:58,254 [ForkJoinPool-14-worker-2] INFO  o.o.b.p.a.PullFromAggregateTracker - Push Formulário da Vigilancia Comunitaria - There are no submissions to download
2026-02-26 09:20:58,300 [AWT-EventQueue-0] INFO  XFormParser - Creating FormDef from parsed XML finished in 47.821 ms
2026-02-26 09:20:58,306 [ForkJoinPool-14-worker-15] INFO  o.o.b.p.a.PullFromAggregateTracker - Pull Formulário da Vigilancia Hospitalar - Submission 5 of 5 downloaded
2026-02-26 09:20:58,396 [ForkJoinPool-14-worker-6] INFO  o.o.b.p.a.PullFromAggregateTracker - Pull Formulário da Vigilancia Hospitalar - Laboratório - Got all the submission IDs
2026-02-26 09:20:58,405 [ForkJoinPool-14-worker-6] INFO  o.o.b.p.a.PullFromAggregateTracker - Pull Formulário da Vigilancia Hospitalar - Laboratório - Start downloading submission 1 of 11
2026-02-26 09:20:58,406 [ForkJoinPool-14-worker-8] INFO  o.o.b.p.a.PullFromAggregateTracker - Pull Formulário da Vigilancia Hospitalar - Laboratório - Start downloading submission 6 of 11
2026-02-26 09:20:58,406 [ForkJoinPool-14-worker-3] INFO  o.o.b.p.a.PullFromAggregateTracker - Pull Formulário da Vigilancia Hospitalar - Laboratório - Start downloading submission 5 of 11
2026-02-26 09:20:58,406 [ForkJoinPool-14-worker-13] INFO  o.o.b.p.a.PullFromAggregateTracker - Pull Formulário da Vigilancia Hospitalar - Laboratório - Start downloading submission 2 of 11
2026-02-26 09:20:58,406 [ForkJoinPool-14-worker-4] INFO  o.o.b.p.a.PullFromAggregateTracker - Pull Formulário da Vigilancia Hospitalar - Laboratório - Start downloading submission 3 of 11
2026-02-26 09:20:58,406 [ForkJoinPool-14-worker-15] INFO  o.o.b.p.a.PullFromAggregateTracker - Pull Formulário da Vigilancia Hospitalar - Laboratório - Start downloading submission 4 of 11
2026-02-26 09:20:58,409 [ForkJoinPool-14-worker-2] INFO  o.o.b.p.a.PullFromAggregateTracker - Pull Formulário da Vigilancia Comunitaria - Success
2026-02-26 09:20:58,411 [ForkJoinPool-14-worker-1] INFO  o.o.b.p.a.PullFromAggregateTracker - Pull Formulário da Vigilancia Hospitalar - Success
2026-02-26 09:20:58,431 [ForkJoinPool-14-worker-1] INFO  o.o.b.p.a.PullFromAggregateTracker - Pull Formulário da Vigilancia Hospitalar - Laboratório - Start downloading submission 7 of 11
2026-02-26 09:20:58,431 [ForkJoinPool-14-worker-2] INFO  o.o.b.p.a.PullFromAggregateTracker - Pull Formulário da Vigilancia Hospitalar - Laboratório - Start downloading submission 8 of 11
2026-02-26 09:20:58,674 [ForkJoinPool-14-worker-15] INFO  o.o.b.p.a.PullFromAggregateTracker - Pull Formulário da Vigilancia Hospitalar - Laboratório - Submission 4 of 11 downloaded
2026-02-26 09:20:58,675 [ForkJoinPool-14-worker-15] INFO  o.o.b.p.a.PullFromAggregateTracker - Pull Formulário da Vigilancia Hospitalar - Laboratório - Start downloading submission 9 of 11
2026-02-26 09:20:58,677 [ForkJoinPool-14-worker-4] INFO  o.o.b.p.a.PullFromAggregateTracker - Pull Formulário da Vigilancia Hospitalar - Laboratório - Submission 3 of 11 downloaded
2026-02-26 09:20:58,679 [ForkJoinPool-14-worker-4] INFO  o.o.b.p.a.PullFromAggregateTracker - Pull Formulário da Vigilancia Hospitalar - Laboratório - Start downloading submission 10 of 11
2026-02-26 09:20:58,684 [ForkJoinPool-14-worker-9] INFO  o.o.b.p.a.PullFromAggregateTracker - Pull Formulário da Vigilancia Hospitalar - Form downloaded
2026-02-26 09:20:58,687 [ForkJoinPool-14-worker-8] INFO  o.o.b.p.a.PullFromAggregateTracker - Pull Formulário da Vigilancia Hospitalar - Laboratório - Submission 6 of 11 downloaded
2026-02-26 09:20:58,689 [ForkJoinPool-14-worker-9] INFO  o.o.b.p.a.PullFromAggregateTracker - Pull Formulário da Vigilancia Hospitalar - Start getting submission IDs
2026-02-26 09:20:58,687 [ForkJoinPool-14-worker-3] INFO  o.o.b.p.a.PullFromAggregateTracker - Pull Formulário da Vigilancia Hospitalar - Laboratório - Submission 5 of 11 downloaded
2026-02-26 09:20:58,689 [ForkJoinPool-14-worker-13] INFO  o.o.b.p.a.PullFromAggregateTracker - Pull Formulário da Vigilancia Hospitalar - Laboratório - Submission 2 of 11 downloaded
2026-02-26 09:20:58,687 [ForkJoinPool-14-worker-6] INFO  o.o.b.p.a.PullFromAggregateTracker - Pull Formulário da Vigilancia Hospitalar - Laboratório - Submission 1 of 11 downloaded
2026-02-26 09:20:58,690 [ForkJoinPool-14-worker-8] INFO  o.o.b.p.a.PullFromAggregateTracker - Pull Formulário da Vigilancia Hospitalar - Laboratório - Start downloading submission 11 of 11
2026-02-26 09:20:58,797 [AWT-EventQueue-0] INFO  XFormParser - Reading XML and parsing with kXML2 finished in 19.269 ms
2026-02-26 09:20:58,809 [AWT-EventQueue-0] INFO  XFormParser - Consolidating text finished in 11.438 ms
2026-02-26 09:20:58,811 [AWT-EventQueue-0] INFO  XFormParser - Parsing form...
2026-02-26 09:20:58,811 [AWT-EventQueue-0] INFO  XFormParser - Title: "Formulário da Vigilancia Hospitalar"
2026-02-26 09:20:58,811 [AWT-EventQueue-0] WARN  XFormParser - XForm Parse Warning: Warning: 1 Unrecognized attributes found in Element [model] and will be ignored: [xforms-version] 
    Problem found at nodeset: /html/head/model
    With element <model xforms-version="1.0.0"><instance><data id="hospitalar_v5" version="1" prefix="hospitalar_v5" delimiter="$">...

2026-02-26 09:20:58,849 [AWT-EventQueue-0] INFO  XFormParser - Creating FormDef from parsed XML finished in 39.093 ms
2026-02-26 09:20:58,915 [ForkJoinPool-14-worker-11] INFO  o.o.b.p.a.PullFromAggregateTracker - Pull Formulário da Vigilancia Comunitaria - Got all the submission IDs
2026-02-26 09:20:58,917 [ForkJoinPool-14-worker-1] INFO  o.o.b.p.a.PullFromAggregateTracker - Pull Formulário da Vigilancia Hospitalar - Laboratório - Submission 7 of 11 downloaded
2026-02-26 09:20:58,917 [ForkJoinPool-14-worker-2] INFO  o.o.b.p.a.PullFromAggregateTracker - Pull Formulário da Vigilancia Hospitalar - Laboratório - Submission 8 of 11 downloaded
2026-02-26 09:20:58,945 [ForkJoinPool-14-worker-15] INFO  o.o.b.p.a.PullFromAggregateTracker - Pull Formulário da Vigilancia Hospitalar - Laboratório - Submission 9 of 11 downloaded
2026-02-26 09:20:58,945 [ForkJoinPool-14-worker-8] INFO  o.o.b.p.a.PullFromAggregateTracker - Pull Formulário da Vigilancia Hospitalar - Laboratório - Submission 11 of 11 downloaded
2026-02-26 09:20:58,945 [ForkJoinPool-14-worker-4] INFO  o.o.b.p.a.PullFromAggregateTracker - Pull Formulário da Vigilancia Hospitalar - Laboratório - Submission 10 of 11 downloaded
2026-02-26 09:20:58,965 [ForkJoinPool-14-worker-6] INFO  o.o.b.p.a.PullFromAggregateTracker - Pull Formulário da Vigilancia Hospitalar - Laboratório - Success
2026-02-26 09:20:59,000 [ForkJoinPool-14-worker-11] INFO  o.o.b.p.a.PullFromAggregateTracker - Pull Formulário da Vigilancia Comunitaria - Start downloading submission 1 of 3
2026-02-26 09:20:59,003 [ForkJoinPool-14-worker-15] INFO  o.o.b.p.a.PullFromAggregateTracker - Pull Formulário da Vigilancia Comunitaria - Start downloading submission 2 of 3
2026-02-26 09:20:59,003 [ForkJoinPool-14-worker-6] INFO  o.o.b.p.a.PullFromAggregateTracker - Pull Formulário da Vigilancia Comunitaria - Start downloading submission 3 of 3
2026-02-26 09:20:59,191 [ForkJoinPool-14-worker-9] INFO  o.o.b.p.a.PullFromAggregateTracker - Pull Formulário da Vigilancia Hospitalar - Got all the submission IDs
2026-02-26 09:20:59,269 [ForkJoinPool-14-worker-9] INFO  o.o.b.p.a.PullFromAggregateTracker - Pull Formulário da Vigilancia Hospitalar - Start downloading submission 1 of 3
2026-02-26 09:20:59,269 [ForkJoinPool-14-worker-4] INFO  o.o.b.p.a.PullFromAggregateTracker - Pull Formulário da Vigilancia Hospitalar - Start downloading submission 3 of 3
2026-02-26 09:20:59,269 [ForkJoinPool-14-worker-8] INFO  o.o.b.p.a.PullFromAggregateTracker - Pull Formulário da Vigilancia Hospitalar - Start downloading submission 2 of 3
2026-02-26 09:20:59,314 [ForkJoinPool-14-worker-6] INFO  o.o.b.p.a.PullFromAggregateTracker - Pull Formulário da Vigilancia Comunitaria - Submission 3 of 3 downloaded
2026-02-26 09:20:59,314 [ForkJoinPool-14-worker-11] INFO  o.o.b.p.a.PullFromAggregateTracker - Pull Formulário da Vigilancia Comunitaria - Submission 1 of 3 downloaded
2026-02-26 09:20:59,314 [ForkJoinPool-14-worker-15] INFO  o.o.b.p.a.PullFromAggregateTracker - Pull Formulário da Vigilancia Comunitaria - Submission 2 of 3 downloaded
2026-02-26 09:20:59,318 [ForkJoinPool-14-worker-11] INFO  o.o.b.p.a.PullFromAggregateTracker - Pull Formulário da Vigilancia Comunitaria - Success
2026-02-26 09:20:59,562 [ForkJoinPool-14-worker-8] INFO  o.o.b.p.a.PullFromAggregateTracker - Pull Formulário da Vigilancia Hospitalar - Submission 2 of 3 downloaded
2026-02-26 09:20:59,570 [ForkJoinPool-14-worker-9] INFO  o.o.b.p.a.PullFromAggregateTracker - Pull Formulário da Vigilancia Hospitalar - Submission 1 of 3 downloaded
2026-02-26 09:20:59,572 [ForkJoinPool-14-worker-4] INFO  o.o.b.p.a.PullFromAggregateTracker - Pull Formulário da Vigilancia Hospitalar - Submission 3 of 3 downloaded
2026-02-26 09:20:59,576 [ForkJoinPool-14-worker-9] INFO  o.o.b.p.a.PullFromAggregateTracker - Pull Formulário da Vigilancia Hospitalar - Success
2026-02-26 09:21:01,096 [ForkJoinPool-14-worker-10] INFO  o.o.b.p.a.PullFromAggregateTracker - Pull Formulário da Vigilancia Hospitalar - Form downloaded
2026-02-26 09:21:01,098 [ForkJoinPool-14-worker-10] INFO  o.o.b.p.a.PullFromAggregateTracker - Pull Formulário da Vigilancia Hospitalar - Start getting submission IDs
2026-02-26 09:21:01,595 [ForkJoinPool-14-worker-10] INFO  o.o.b.p.a.PullFromAggregateTracker - Pull Formulário da Vigilancia Hospitalar - Got all the submission IDs
2026-02-26 09:21:01,676 [ForkJoinPool-14-worker-10] INFO  o.o.b.p.a.PullFromAggregateTracker - Pull Formulário da Vigilancia Hospitalar - Start downloading submission 1 of 11
2026-02-26 09:21:01,678 [ForkJoinPool-14-worker-11] INFO  o.o.b.p.a.PullFromAggregateTracker - Pull Formulário da Vigilancia Hospitalar - Start downloading submission 10 of 11
2026-02-26 09:21:01,680 [ForkJoinPool-14-worker-15] INFO  o.o.b.p.a.PullFromAggregateTracker - Pull Formulário da Vigilancia Hospitalar - Start downloading submission 9 of 11
2026-02-26 09:21:01,682 [ForkJoinPool-14-worker-8] INFO  o.o.b.p.a.PullFromAggregateTracker - Pull Formulário da Vigilancia Hospitalar - Start downloading submission 11 of 11
2026-02-26 09:21:01,682 [ForkJoinPool-14-worker-1] INFO  o.o.b.p.a.PullFromAggregateTracker - Pull Formulário da Vigilancia Hospitalar - Start downloading submission 8 of 11
2026-02-26 09:21:01,682 [ForkJoinPool-14-worker-2] INFO  o.o.b.p.a.PullFromAggregateTracker - Pull Formulário da Vigilancia Hospitalar - Start downloading submission 7 of 11
2026-02-26 09:21:01,684 [ForkJoinPool-14-worker-6] INFO  o.o.b.p.a.PullFromAggregateTracker - Pull Formulário da Vigilancia Hospitalar - Start downloading submission 5 of 11
2026-02-26 09:21:01,684 [ForkJoinPool-14-worker-3] INFO  o.o.b.p.a.PullFromAggregateTracker - Pull Formulário da Vigilancia Hospitalar - Start downloading submission 6 of 11
2026-02-26 09:21:01,688 [ForkJoinPool-14-worker-13] INFO  o.o.b.p.a.PullFromAggregateTracker - Pull Formulário da Vigilancia Hospitalar - Start downloading submission 4 of 11
2026-02-26 09:21:01,688 [ForkJoinPool-14-worker-4] INFO  o.o.b.p.a.PullFromAggregateTracker - Pull Formulário da Vigilancia Hospitalar - Start downloading submission 2 of 11
2026-02-26 09:21:01,688 [ForkJoinPool-14-worker-9] INFO  o.o.b.p.a.PullFromAggregateTracker - Pull Formulário da Vigilancia Hospitalar - Start downloading submission 3 of 11
2026-02-26 09:21:01,991 [ForkJoinPool-14-worker-2] INFO  o.o.b.p.a.PullFromAggregateTracker - Pull Formulário da Vigilancia Hospitalar - Submission 7 of 11 downloaded
2026-02-26 09:21:01,991 [ForkJoinPool-14-worker-9] INFO  o.o.b.p.a.PullFromAggregateTracker - Pull Formulário da Vigilancia Hospitalar - Submission 3 of 11 downloaded
2026-02-26 09:21:01,991 [ForkJoinPool-14-worker-10] INFO  o.o.b.p.a.PullFromAggregateTracker - Pull Formulário da Vigilancia Hospitalar - Submission 1 of 11 downloaded
2026-02-26 09:21:01,994 [ForkJoinPool-14-worker-15] INFO  o.o.b.p.a.PullFromAggregateTracker - Pull Formulário da Vigilancia Hospitalar - Submission 9 of 11 downloaded
2026-02-26 09:21:01,997 [ForkJoinPool-14-worker-6] INFO  o.o.b.p.a.PullFromAggregateTracker - Pull Formulário da Vigilancia Hospitalar - Submission 5 of 11 downloaded
2026-02-26 09:21:02,001 [ForkJoinPool-14-worker-11] INFO  o.o.b.p.a.PullFromAggregateTracker - Pull Formulário da Vigilancia Hospitalar - Submission 10 of 11 downloaded
2026-02-26 09:21:02,001 [ForkJoinPool-14-worker-4] INFO  o.o.b.p.a.PullFromAggregateTracker - Pull Formulário da Vigilancia Hospitalar - Submission 2 of 11 downloaded
2026-02-26 09:21:02,002 [ForkJoinPool-14-worker-13] INFO  o.o.b.p.a.PullFromAggregateTracker - Pull Formulário da Vigilancia Hospitalar - Submission 4 of 11 downloaded
2026-02-26 09:21:02,266 [ForkJoinPool-14-worker-8] INFO  o.o.b.p.a.PullFromAggregateTracker - Pull Formulário da Vigilancia Hospitalar - Submission 11 of 11 downloaded
2026-02-26 09:21:02,266 [ForkJoinPool-14-worker-1] INFO  o.o.b.p.a.PullFromAggregateTracker - Pull Formulário da Vigilancia Hospitalar - Submission 8 of 11 downloaded
2026-02-26 09:21:02,268 [ForkJoinPool-14-worker-3] INFO  o.o.b.p.a.PullFromAggregateTracker - Pull Formulário da Vigilancia Hospitalar - Submission 6 of 11 downloaded
2026-02-26 09:21:02,269 [ForkJoinPool-14-worker-10] INFO  o.o.b.p.a.PullFromAggregateTracker - Pull Formulário da Vigilancia Hospitalar - Success
2026-02-26 09:21:02,357 [AWT-EventQueue-0] INFO  XFormParser - Reading XML and parsing with kXML2 finished in 37.331 ms
2026-02-26 09:21:02,366 [AWT-EventQueue-0] INFO  XFormParser - Consolidating text finished in 7.555 ms
2026-02-26 09:21:02,366 [AWT-EventQueue-0] INFO  XFormParser - Parsing form...
2026-02-26 09:21:02,366 [AWT-EventQueue-0] INFO  XFormParser - Title: "Formulário da Vigilancia Hospitalar"
2026-02-26 09:21:02,366 [AWT-EventQueue-0] WARN  XFormParser - XForm Parse Warning: Warning: 1 Unrecognized attributes found in Element [model] and will be ignored: [xforms-version] 
    Problem found at nodeset: /html/head/model
    With element <model xforms-version="1.0.0"><instance><data id="hospitalar_v6" version="6" prefix="hospitalar_v6" delimiter="$">...

2026-02-26 09:21:02,437 [AWT-EventQueue-0] INFO  XFormParser - Creating FormDef from parsed XML finished in 72.572 ms
2026-02-26 09:21:15,216 [Thread-18] INFO  org.javarosa.core.model.FormDef - Dynamic select question has no choices! [instance(dis)/root/item]. If this occurs while filling out a form (and not while saving an incomplete form), the filter condition may have eliminated all the choices. Is that what you intended?
2026-02-26 09:21:15,226 [Thread-18] INFO  org.javarosa.core.model.FormDef - Dynamic select question has no choices! [instance(bairro)/root/item]. If this occurs while filling out a form (and not while saving an incomplete form), the filter condition may have eliminated all the choices. Is that what you intended?
2026-02-26 09:21:15,282 [Thread-18] INFO  org.javarosa.core.model.FormDef - Dynamic select question has no choices! [instance(tipo_amostra_options)/root/item]. If this occurs while filling out a form (and not while saving an incomplete form), the filter condition may have eliminated all the choices. Is that what you intended?
2026-02-26 09:21:15,356 [Thread-18] INFO  org.javarosa.core.model.FormDef - Dynamic select question has no choices! [instance(Distrito_option_type)/root/item]. If this occurs while filling out a form (and not while saving an incomplete form), the filter condition may have eliminated all the choices. Is that what you intended?
2026-02-26 09:21:15,440 [Thread-18] INFO  org.javarosa.core.model.FormDef - Dynamic select question has no choices! [instance(dis)/root/item]. If this occurs while filling out a form (and not while saving an incomplete form), the filter condition may have eliminated all the choices. Is that what you intended?
2026-02-26 09:21:15,444 [Thread-18] INFO  org.javarosa.core.model.FormDef - Dynamic select question has no choices! [instance(bairro)/root/item]. If this occurs while filling out a form (and not while saving an incomplete form), the filter condition may have eliminated all the choices. Is that what you intended?
2026-02-26 09:21:15,787 [ForkJoinPool-15-worker-2] INFO  o.o.b.export.ExportProcessTracker - Exported in 00:00:00.518838501
2026-02-26 09:21:15,888 [ForkJoinPool-15-worker-4] INFO  o.o.b.export.ExportProcessTracker - Exported in 00:00:00.5427833
2026-02-26 09:21:17,522 [ForkJoinPool-15-worker-13] INFO  o.o.b.export.ExportProcessTracker - Exported in 00:00:02.158088401
2026-02-26 09:21:22,635 [ForkJoinPool-15-worker-10] INFO  o.o.b.export.ExportProcessTracker - Exported in 00:00:07.1814413
2026-02-26 09:21:34,629 [ForkJoinPool-15-worker-9] INFO  o.o.b.export.ExportProcessTracker - Exported in 00:00:19.380746
2026-02-26 09:21:47,213 [ForkJoinPool-15-worker-11] INFO  o.o.b.export.ExportProcessTracker - Exported in 00:00:31.8791265
2026-02-26 09:21:47,386 [ForkJoinPool-15-worker-6] INFO  o.o.b.export.ExportProcessTracker - Exported in 00:00:32.0105712
2026-02-26 17:06:48,769 [ForkJoinPool-16-worker-9] INFO  o.o.b.p.a.PullFromAggregateTracker - Pull Formulário da Vigilancia Hospitalar - Start pulling form and submissions
2026-02-26 17:06:48,771 [ForkJoinPool-16-worker-13] INFO  o.o.b.p.a.PullFromAggregateTracker - Pull VIGILÂNCIA  AMBIENTAL - Start pulling form and submissions
2026-02-26 17:06:48,771 [ForkJoinPool-16-worker-6] INFO  o.o.b.p.a.PullFromAggregateTracker - Pull Resultados de testagem das vigilâncias - Start pulling form and submissions
2026-02-26 17:06:48,773 [ForkJoinPool-16-worker-13] INFO  o.o.b.p.a.PullFromAggregateTracker - Pull VIGILÂNCIA  AMBIENTAL - Start downloading form
2026-02-26 17:06:48,771 [ForkJoinPool-16-worker-4] INFO  o.o.b.p.a.PullFromAggregateTracker - Pull Formulário da Vigilancia Comunitaria - Start pulling form and submissions
2026-02-26 17:06:48,773 [ForkJoinPool-16-worker-1] INFO  o.o.b.p.a.PullFromAggregateTracker - Pull Formulario da  Componente  Genomica (IDS) - Start pulling form and submissions
2026-02-26 17:06:48,771 [ForkJoinPool-16-worker-2] INFO  o.o.b.p.a.PullFromAggregateTracker - Pull Formulário da Vigilancia Hospitalar - Start pulling form and submissions
2026-02-26 17:06:48,773 [ForkJoinPool-16-worker-4] INFO  o.o.b.p.a.PullFromAggregateTracker - Pull Formulário da Vigilancia Comunitaria - Start downloading form
2026-02-26 17:06:48,773 [ForkJoinPool-16-worker-1] INFO  o.o.b.p.a.PullFromAggregateTracker - Pull Formulario da  Componente  Genomica (IDS) - Start downloading form
2026-02-26 17:06:48,773 [ForkJoinPool-16-worker-2] INFO  o.o.b.p.a.PullFromAggregateTracker - Pull Formulário da Vigilancia Hospitalar - Start downloading form
2026-02-26 17:06:48,771 [ForkJoinPool-16-worker-11] INFO  o.o.b.p.a.PullFromAggregateTracker - Pull Formulário da Vigilancia Hospitalar - Laboratório - Start pulling form and submissions
2026-02-26 17:06:48,773 [ForkJoinPool-16-worker-6] INFO  o.o.b.p.a.PullFromAggregateTracker - Pull Resultados de testagem das vigilâncias - Start downloading form
2026-02-26 17:06:48,771 [ForkJoinPool-16-worker-15] INFO  o.o.b.p.a.PullFromAggregateTracker - Pull Formulário da Recepção da Amostra - Start pulling form and submissions
2026-02-26 17:06:48,773 [ForkJoinPool-16-worker-11] INFO  o.o.b.p.a.PullFromAggregateTracker - Pull Formulário da Vigilancia Hospitalar - Laboratório - Start downloading form
2026-02-26 17:06:48,771 [ForkJoinPool-16-worker-8] INFO  o.o.b.p.a.PullFromAggregateTracker - Pull Formulário da Vigilancia Hospitalar - Start pulling form and submissions
2026-02-26 17:06:48,773 [ForkJoinPool-16-worker-9] INFO  o.o.b.p.a.PullFromAggregateTracker - Pull Formulário da Vigilancia Hospitalar - Start downloading form
2026-02-26 17:06:48,775 [ForkJoinPool-16-worker-15] INFO  o.o.b.p.a.PullFromAggregateTracker - Pull Formulário da Recepção da Amostra - Start downloading form
2026-02-26 17:06:48,775 [ForkJoinPool-16-worker-8] INFO  o.o.b.p.a.PullFromAggregateTracker - Pull Formulário da Vigilancia Hospitalar - Start downloading form
2026-02-26 17:06:48,775 [ForkJoinPool-16-worker-10] INFO  o.o.b.p.a.PullFromAggregateTracker - Pull Formulário da Vigilancia Comunitaria - Start pulling form and submissions
2026-02-26 17:06:48,775 [ForkJoinPool-16-worker-10] INFO  o.o.b.p.a.PullFromAggregateTracker - Pull Formulário da Vigilancia Comunitaria - Start downloading form
2026-02-26 17:06:48,775 [ForkJoinPool-16-worker-3] INFO  o.o.b.p.a.PullFromAggregateTracker - Pull Formulário da Vigilancia Hospitalar - Laboratório - Start pulling form and submissions
2026-02-26 17:06:48,775 [ForkJoinPool-16-worker-3] INFO  o.o.b.p.a.PullFromAggregateTracker - Pull Formulário da Vigilancia Hospitalar - Laboratório - Start downloading form
2026-02-26 17:06:50,647 [ForkJoinPool-16-worker-15] INFO  o.o.b.p.a.PullFromAggregateTracker - Pull Formulário da Recepção da Amostra - Form downloaded
2026-02-26 17:06:50,647 [ForkJoinPool-16-worker-11] INFO  o.o.b.p.a.PullFromAggregateTracker - Pull Formulário da Vigilancia Hospitalar - Laboratório - Form downloaded
2026-02-26 17:06:50,647 [ForkJoinPool-16-worker-3] INFO  o.o.b.p.a.PullFromAggregateTracker - Pull Formulário da Vigilancia Hospitalar - Laboratório - Form downloaded
2026-02-26 17:06:50,647 [ForkJoinPool-16-worker-15] INFO  o.o.b.p.a.PullFromAggregateTracker - Pull Formulário da Recepção da Amostra - Start getting form manifest
2026-02-26 17:06:50,647 [ForkJoinPool-16-worker-11] INFO  o.o.b.p.a.PullFromAggregateTracker - Pull Formulário da Vigilancia Hospitalar - Laboratório - Start getting form manifest
2026-02-26 17:06:50,647 [ForkJoinPool-16-worker-3] INFO  o.o.b.p.a.PullFromAggregateTracker - Pull Formulário da Vigilancia Hospitalar - Laboratório - Start getting submission IDs
2026-02-26 17:06:50,850 [ForkJoinPool-16-worker-1] INFO  o.o.b.p.a.PullFromAggregateTracker - Pull Formulario da  Componente  Genomica (IDS) - Form downloaded
2026-02-26 17:06:50,851 [ForkJoinPool-16-worker-1] INFO  o.o.b.p.a.PullFromAggregateTracker - Pull Formulario da  Componente  Genomica (IDS) - Start getting submission IDs
2026-02-26 17:06:51,147 [ForkJoinPool-16-worker-11] INFO  o.o.b.p.a.PullFromAggregateTracker - Pull Formulário da Vigilancia Hospitalar - Laboratório - Got the form manifest
2026-02-26 17:06:51,147 [ForkJoinPool-16-worker-11] INFO  o.o.b.p.a.PullFromAggregateTracker - Pull Formulário da Vigilancia Hospitalar - Laboratório - Skipping 1 form attachments that have been already downloaded
2026-02-26 17:06:51,147 [ForkJoinPool-16-worker-11] INFO  o.o.b.p.a.PullFromAggregateTracker - Pull Formulário da Vigilancia Hospitalar - Laboratório - Start getting submission IDs
2026-02-26 17:06:51,453 [ForkJoinPool-16-worker-15] INFO  o.o.b.p.a.PullFromAggregateTracker - Pull Formulário da Recepção da Amostra - Got the form manifest
2026-02-26 17:06:51,454 [ForkJoinPool-16-worker-15] INFO  o.o.b.p.a.PullFromAggregateTracker - Pull Formulário da Recepção da Amostra - Skipping 1 form attachments that have been already downloaded
2026-02-26 17:06:51,454 [ForkJoinPool-16-worker-15] INFO  o.o.b.p.a.PullFromAggregateTracker - Pull Formulário da Recepção da Amostra - Start getting submission IDs
2026-02-26 17:06:51,456 [ForkJoinPool-16-worker-13] INFO  o.o.b.p.a.PullFromAggregateTracker - Pull VIGILÂNCIA  AMBIENTAL - Form downloaded
2026-02-26 17:06:51,456 [ForkJoinPool-16-worker-13] INFO  o.o.b.p.a.PullFromAggregateTracker - Pull VIGILÂNCIA  AMBIENTAL - Start getting form manifest
2026-02-26 17:06:51,684 [ForkJoinPool-16-worker-4] INFO  o.o.b.p.a.PullFromAggregateTracker - Pull Formulário da Vigilancia Comunitaria - Form downloaded
2026-02-26 17:06:51,684 [ForkJoinPool-16-worker-4] INFO  o.o.b.p.a.PullFromAggregateTracker - Pull Formulário da Vigilancia Comunitaria - Start getting form manifest
2026-02-26 17:06:51,769 [ForkJoinPool-16-worker-1] INFO  o.o.b.p.a.PullFromAggregateTracker - Pull Formulario da  Componente  Genomica (IDS) - Got all the submission IDs
2026-02-26 17:06:51,780 [ForkJoinPool-16-worker-1] INFO  o.o.b.p.a.PullFromAggregateTracker - Push Formulario da  Componente  Genomica (IDS) - There are no submissions to download
2026-02-26 17:06:51,801 [ForkJoinPool-16-worker-1] INFO  o.o.b.p.a.PullFromAggregateTracker - Pull Formulario da  Componente  Genomica (IDS) - Success
2026-02-26 17:06:51,838 [ForkJoinPool-16-worker-1] INFO  o.o.b.p.a.PullFromAggregateTracker - Pull Formulário da Vigilancia Hospitalar - Start pulling form and submissions
2026-02-26 17:06:51,838 [ForkJoinPool-16-worker-1] INFO  o.o.b.p.a.PullFromAggregateTracker - Pull Formulário da Vigilancia Hospitalar - Start downloading form
2026-02-26 17:06:51,895 [ForkJoinPool-16-worker-9] INFO  o.o.b.p.a.PullFromAggregateTracker - Pull Formulário da Vigilancia Hospitalar - Form downloaded
2026-02-26 17:06:51,895 [ForkJoinPool-16-worker-9] INFO  o.o.b.p.a.PullFromAggregateTracker - Pull Formulário da Vigilancia Hospitalar - Start getting form manifest
2026-02-26 17:06:51,920 [AWT-EventQueue-0] INFO  XFormParser - Reading XML and parsing with kXML2 finished in 17.948 ms
2026-02-26 17:06:51,941 [AWT-EventQueue-0] INFO  XFormParser - Consolidating text finished in 21.657 ms
2026-02-26 17:06:51,941 [AWT-EventQueue-0] INFO  XFormParser - Parsing form...
2026-02-26 17:06:51,943 [AWT-EventQueue-0] INFO  XFormParser - Title: "Formulário da Vigilancia Comunitaria"
2026-02-26 17:06:51,943 [AWT-EventQueue-0] WARN  XFormParser - XForm Parse Warning: Warning: 1 Unrecognized attributes found in Element [model] and will be ignored: [xforms-version] 
    Problem found at nodeset: /html/head/model
    With element <model xforms-version="1.0.0"><instance><data id="Comunidade" version="1" prefix="Comunidade" delimiter="$">...

2026-02-26 17:06:51,958 [ForkJoinPool-16-worker-11] INFO  o.o.b.p.a.PullFromAggregateTracker - Pull Formulário da Vigilancia Hospitalar - Laboratório - Got all the submission IDs
2026-02-26 17:06:51,961 [ForkJoinPool-16-worker-11] INFO  o.o.b.p.a.PullFromAggregateTracker - Push Formulário da Vigilancia Hospitalar - Laboratório - There are no submissions to download
2026-02-26 17:06:51,972 [ForkJoinPool-16-worker-11] INFO  o.o.b.p.a.PullFromAggregateTracker - Pull Formulário da Vigilancia Hospitalar - Laboratório - Success
2026-02-26 17:06:51,976 [ForkJoinPool-16-worker-11] INFO  o.o.b.p.a.PullFromAggregateTracker - Pull VIGILÂNCIA  AMBIENTAL - Start pulling form and submissions
2026-02-26 17:06:51,976 [ForkJoinPool-16-worker-11] INFO  o.o.b.p.a.PullFromAggregateTracker - Pull VIGILÂNCIA  AMBIENTAL - Start downloading form
2026-02-26 17:06:52,055 [AWT-EventQueue-0] INFO  XFormParser - Creating FormDef from parsed XML finished in 112.663 ms
2026-02-26 17:06:52,064 [ForkJoinPool-16-worker-15] INFO  o.o.b.p.a.PullFromAggregateTracker - Pull Formulário da Recepção da Amostra - Got all the submission IDs
2026-02-26 17:06:52,066 [ForkJoinPool-16-worker-13] INFO  o.o.b.p.a.PullFromAggregateTracker - Pull VIGILÂNCIA  AMBIENTAL - Got the form manifest
2026-02-26 17:06:52,067 [ForkJoinPool-16-worker-15] INFO  o.o.b.p.a.PullFromAggregateTracker - Push Formulário da Recepção da Amostra - There are no submissions to download
2026-02-26 17:06:52,067 [ForkJoinPool-16-worker-13] INFO  o.o.b.p.a.PullFromAggregateTracker - Pull VIGILÂNCIA  AMBIENTAL - Skipping 1 form attachments that have been already downloaded
2026-02-26 17:06:52,067 [ForkJoinPool-16-worker-13] INFO  o.o.b.p.a.PullFromAggregateTracker - Pull VIGILÂNCIA  AMBIENTAL - Start getting submission IDs
2026-02-26 17:06:52,069 [ForkJoinPool-16-worker-15] INFO  o.o.b.p.a.PullFromAggregateTracker - Pull Formulário da Recepção da Amostra - Success
2026-02-26 17:06:52,074 [ForkJoinPool-16-worker-15] INFO  o.o.b.p.a.PullFromAggregateTracker - Pull VIGILÂNCIA  AMBIENTAL - Start pulling form and submissions
2026-02-26 17:06:52,074 [ForkJoinPool-16-worker-15] INFO  o.o.b.p.a.PullFromAggregateTracker - Pull VIGILÂNCIA  AMBIENTAL - Start downloading form
2026-02-26 17:06:52,090 [AWT-EventQueue-0] INFO  XFormParser - Reading XML and parsing with kXML2 finished in 12.763 ms
2026-02-26 17:06:52,098 [AWT-EventQueue-0] INFO  XFormParser - Consolidating text finished in 8.048 ms
2026-02-26 17:06:52,098 [AWT-EventQueue-0] INFO  XFormParser - Parsing form...
2026-02-26 17:06:52,098 [AWT-EventQueue-0] INFO  XFormParser - Title: "Formulário da Vigilancia Hospitalar"
2026-02-26 17:06:52,098 [AWT-EventQueue-0] WARN  XFormParser - XForm Parse Warning: Warning: 1 Unrecognized attributes found in Element [model] and will be ignored: [xforms-version] 
    Problem found at nodeset: /html/head/model
    With element <model xforms-version="1.0.0"><instance><data id="hospitalar" version="1" prefix="Hospitalar" delimiter="$">...

2026-02-26 17:06:52,167 [ForkJoinPool-16-worker-4] INFO  o.o.b.p.a.PullFromAggregateTracker - Pull Formulário da Vigilancia Comunitaria - Got the form manifest
2026-02-26 17:06:52,169 [ForkJoinPool-16-worker-4] INFO  o.o.b.p.a.PullFromAggregateTracker - Pull Formulário da Vigilancia Comunitaria - Skipping 1 form attachments that have been already downloaded
2026-02-26 17:06:52,169 [ForkJoinPool-16-worker-4] INFO  o.o.b.p.a.PullFromAggregateTracker - Pull Formulário da Vigilancia Comunitaria - Start getting submission IDs
2026-02-26 17:06:52,188 [ForkJoinPool-16-worker-2] INFO  o.o.b.p.a.PullFromAggregateTracker - Pull Formulário da Vigilancia Hospitalar - Form downloaded
2026-02-26 17:06:52,188 [ForkJoinPool-16-worker-2] INFO  o.o.b.p.a.PullFromAggregateTracker - Pull Formulário da Vigilancia Hospitalar - Start getting form manifest
2026-02-26 17:06:52,216 [AWT-EventQueue-0] INFO  XFormParser - Creating FormDef from parsed XML finished in 119.331 ms
2026-02-26 17:06:52,237 [AWT-EventQueue-0] ERROR XFormParser - XML Syntax Error at Line: 1, Column: 8387!
org.xmlpull.v1.XmlPullParserException: expected: /input read: select (position:END_TAG </select>@1:8387 in java.io.StringReader@1f6665c) 
	at org.kxml2.io.KXmlParser.exception(Unknown Source)
	at org.kxml2.io.KXmlParser.error(Unknown Source)
	at org.kxml2.io.KXmlParser.parseEndTag(Unknown Source)
	at org.kxml2.io.KXmlParser.nextImpl(Unknown Source)
	at org.kxml2.io.KXmlParser.nextToken(Unknown Source)
	at org.kxml2.kdom.Element.parse(Unknown Source)
	at org.kxml2.kdom.Node.parse(Unknown Source)
	at org.kxml2.kdom.Element.parse(Unknown Source)
	at org.kxml2.kdom.Node.parse(Unknown Source)
	at org.kxml2.kdom.Element.parse(Unknown Source)
	at org.kxml2.kdom.Node.parse(Unknown Source)
	at org.kxml2.kdom.Element.parse(Unknown Source)
	at org.kxml2.kdom.Node.parse(Unknown Source)
	at org.kxml2.kdom.Element.parse(Unknown Source)
	at org.kxml2.kdom.Node.parse(Unknown Source)
	at org.kxml2.kdom.Document.parse(Unknown Source)
	at org.javarosa.xform.parse.XFormParser.getXMLDocument(XFormParser.java:444)
	at org.javarosa.xform.parse.XFormParser.getXMLDocument(XFormParser.java:414)
	at org.opendatakit.aggregate.parser.BaseFormParserForJavaRosa.parseFormDefinition(BaseFormParserForJavaRosa.java:207)
	at org.opendatakit.aggregate.parser.BaseFormParserForJavaRosa.<init>(BaseFormParserForJavaRosa.java:359)
	at org.opendatakit.briefcase.util.JavaRosaParserWrapper.<init>(JavaRosaParserWrapper.java:15)
	at org.opendatakit.briefcase.model.BriefcaseFormDefinition.<init>(BriefcaseFormDefinition.java:294)
	at org.opendatakit.briefcase.util.FormCache.lambda$update$1(FormCache.java:123)
	at java.util.stream.ForEachOps$ForEachOp$OfRef.accept(Unknown Source)
	at java.util.stream.ReferencePipeline$2$1.accept(Unknown Source)
	at java.util.Iterator.forEachRemaining(Unknown Source)
	at java.util.Spliterators$IteratorSpliterator.forEachRemaining(Unknown Source)
	at java.util.stream.AbstractPipeline.copyInto(Unknown Source)
	at java.util.stream.AbstractPipeline.wrapAndCopyInto(Unknown Source)
	at java.util.stream.ForEachOps$ForEachOp.evaluateSequential(Unknown Source)
	at java.util.stream.ForEachOps$ForEachOp$OfRef.evaluateSequential(Unknown Source)
	at java.util.stream.AbstractPipeline.evaluate(Unknown Source)
	at java.util.stream.ReferencePipeline.forEach(Unknown Source)
	at org.opendatakit.briefcase.util.FormCache.lambda$update$2(FormCache.java:117)
	at java.util.Optional.ifPresent(Unknown Source)
	at org.opendatakit.briefcase.util.FormCache.update(FormCache.java:113)
	at org.opendatakit.briefcase.util.FormCache.onPullSuccess(FormCache.java:150)
	at sun.reflect.GeneratedMethodAccessor11.invoke(Unknown Source)
	at sun.reflect.DelegatingMethodAccessorImpl.invoke(Unknown Source)
	at java.lang.reflect.Method.invoke(Unknown Source)
	at org.bushe.swing.event.annotation.BaseProxySubscriber.onEvent(BaseProxySubscriber.java:69)
	at org.bushe.swing.event.ThreadSafeEventService.publish(ThreadSafeEventService.java:971)
	at org.bushe.swing.event.SwingEventService.access$001(SwingEventService.java:31)
	at org.bushe.swing.event.SwingEventService$1.run(SwingEventService.java:88)
	at java.awt.event.InvocationEvent.dispatch(Unknown Source)
	at java.awt.EventQueue.dispatchEventImpl(Unknown Source)
	at java.awt.EventQueue.access$500(Unknown Source)
	at java.awt.EventQueue$3.run(Unknown Source)
	at java.awt.EventQueue$3.run(Unknown Source)
	at java.security.AccessController.doPrivileged(Native Method)
	at java.security.ProtectionDomain$JavaSecurityAccessImpl.doIntersectionPrivilege(Unknown Source)
	at java.awt.EventQueue.dispatchEvent(Unknown Source)
	at java.awt.EventDispatchThread.pumpOneEventForFilters(Unknown Source)
	at java.awt.EventDispatchThread.pumpEventsForFilter(Unknown Source)
	at java.awt.EventDispatchThread.pumpEventsForHierarchy(Unknown Source)
	at java.awt.EventDispatchThread.pumpEvents(Unknown Source)
	at java.awt.EventDispatchThread.pumpEvents(Unknown Source)
	at java.awt.EventDispatchThread.run(Unknown Source)
2026-02-26 17:06:52,237 [AWT-EventQueue-0] WARN  o.o.briefcase.util.FormCache - Can't parse form file
org.opendatakit.briefcase.util.BadFormDefinition: org.opendatakit.aggregate.exception.ODKIncompleteSubmissionData: org.javarosa.xform.parse.XFormParseException: XML Syntax Error at Line: 1, Column: 8387!
	at org.opendatakit.briefcase.model.BriefcaseFormDefinition.<init>(BriefcaseFormDefinition.java:297)
	at org.opendatakit.briefcase.util.FormCache.lambda$update$1(FormCache.java:123)
	at java.util.stream.ForEachOps$ForEachOp$OfRef.accept(Unknown Source)
	at java.util.stream.ReferencePipeline$2$1.accept(Unknown Source)
	at java.util.Iterator.forEachRemaining(Unknown Source)
	at java.util.Spliterators$IteratorSpliterator.forEachRemaining(Unknown Source)
	at java.util.stream.AbstractPipeline.copyInto(Unknown Source)
	at java.util.stream.AbstractPipeline.wrapAndCopyInto(Unknown Source)
	at java.util.stream.ForEachOps$ForEachOp.evaluateSequential(Unknown Source)
	at java.util.stream.ForEachOps$ForEachOp$OfRef.evaluateSequential(Unknown Source)
	at java.util.stream.AbstractPipeline.evaluate(Unknown Source)
	at java.util.stream.ReferencePipeline.forEach(Unknown Source)
	at org.opendatakit.briefcase.util.FormCache.lambda$update$2(FormCache.java:117)
	at java.util.Optional.ifPresent(Unknown Source)
	at org.opendatakit.briefcase.util.FormCache.update(FormCache.java:113)
	at org.opendatakit.briefcase.util.FormCache.onPullSuccess(FormCache.java:150)
	at sun.reflect.GeneratedMethodAccessor11.invoke(Unknown Source)
	at sun.reflect.DelegatingMethodAccessorImpl.invoke(Unknown Source)
	at java.lang.reflect.Method.invoke(Unknown Source)
	at org.bushe.swing.event.annotation.BaseProxySubscriber.onEvent(BaseProxySubscriber.java:69)
	at org.bushe.swing.event.ThreadSafeEventService.publish(ThreadSafeEventService.java:971)
	at org.bushe.swing.event.SwingEventService.access$001(SwingEventService.java:31)
	at org.bushe.swing.event.SwingEventService$1.run(SwingEventService.java:88)
	at java.awt.event.InvocationEvent.dispatch(Unknown Source)
	at java.awt.EventQueue.dispatchEventImpl(Unknown Source)
	at java.awt.EventQueue.access$500(Unknown Source)
	at java.awt.EventQueue$3.run(Unknown Source)
	at java.awt.EventQueue$3.run(Unknown Source)
	at java.security.AccessController.doPrivileged(Native Method)
	at java.security.ProtectionDomain$JavaSecurityAccessImpl.doIntersectionPrivilege(Unknown Source)
	at java.awt.EventQueue.dispatchEvent(Unknown Source)
	at java.awt.EventDispatchThread.pumpOneEventForFilters(Unknown Source)
	at java.awt.EventDispatchThread.pumpEventsForFilter(Unknown Source)
	at java.awt.EventDispatchThread.pumpEventsForHierarchy(Unknown Source)
	at java.awt.EventDispatchThread.pumpEvents(Unknown Source)
	at java.awt.EventDispatchThread.pumpEvents(Unknown Source)
	at java.awt.EventDispatchThread.run(Unknown Source)
Caused by: org.opendatakit.aggregate.exception.ODKIncompleteSubmissionData: org.javarosa.xform.parse.XFormParseException: XML Syntax Error at Line: 1, Column: 8387!
	at org.opendatakit.aggregate.parser.BaseFormParserForJavaRosa.parseFormDefinition(BaseFormParserForJavaRosa.java:210)
	at org.opendatakit.aggregate.parser.BaseFormParserForJavaRosa.<init>(BaseFormParserForJavaRosa.java:359)
	at org.opendatakit.briefcase.util.JavaRosaParserWrapper.<init>(JavaRosaParserWrapper.java:15)
	at org.opendatakit.briefcase.model.BriefcaseFormDefinition.<init>(BriefcaseFormDefinition.java:294)
	... 36 common frames omitted
Caused by: org.javarosa.xform.parse.XFormParseException: XML Syntax Error at Line: 1, Column: 8387!
	at org.javarosa.xform.parse.XFormParser.getXMLDocument(XFormParser.java:448)
	at org.javarosa.xform.parse.XFormParser.getXMLDocument(XFormParser.java:414)
	at org.opendatakit.aggregate.parser.BaseFormParserForJavaRosa.parseFormDefinition(BaseFormParserForJavaRosa.java:207)
	... 39 common frames omitted
2026-02-26 17:06:52,258 [AWT-EventQueue-0] INFO  XFormParser - Reading XML and parsing with kXML2 finished in 2.498 ms
2026-02-26 17:06:52,258 [AWT-EventQueue-0] INFO  XFormParser - Consolidating text finished in 1.130 ms
2026-02-26 17:06:52,258 [AWT-EventQueue-0] INFO  XFormParser - Parsing form...
2026-02-26 17:06:52,258 [AWT-EventQueue-0] INFO  XFormParser - Title: "VIGILÂNCIA  AMBIENTAL"
2026-02-26 17:06:52,258 [AWT-EventQueue-0] WARN  XFormParser - XForm Parse Warning: Warning: 1 Unrecognized attributes found in Element [model] and will be ignored: [xforms-version] 
    Problem found at nodeset: /html/head/model
    With element <model xforms-version="1.0.0"><instance><data id="VIGILÂNCIA  AMBIENTAL" version="1" prefix="VIGILÂNCIA  AMBIENTAL" delimiter="$">...

2026-02-26 17:06:52,270 [AWT-EventQueue-0] INFO  XFormParser - Creating FormDef from parsed XML finished in 12.046 ms
2026-02-26 17:06:52,421 [ForkJoinPool-16-worker-9] INFO  o.o.b.p.a.PullFromAggregateTracker - Pull Formulário da Vigilancia Hospitalar - Got the form manifest
2026-02-26 17:06:52,421 [ForkJoinPool-16-worker-9] INFO  o.o.b.p.a.PullFromAggregateTracker - Pull Formulário da Vigilancia Hospitalar - Skipping 1 form attachments that have been already downloaded
2026-02-26 17:06:52,421 [ForkJoinPool-16-worker-9] INFO  o.o.b.p.a.PullFromAggregateTracker - Pull Formulário da Vigilancia Hospitalar - Start getting submission IDs
2026-02-26 17:06:52,476 [AWT-EventQueue-0] INFO  XFormParser - Reading XML and parsing with kXML2 finished in 13.284 ms
2026-02-26 17:06:52,481 [AWT-EventQueue-0] INFO  XFormParser - Consolidating text finished in 4.941 ms
2026-02-26 17:06:52,481 [AWT-EventQueue-0] INFO  XFormParser - Parsing form...
2026-02-26 17:06:52,481 [AWT-EventQueue-0] INFO  XFormParser - Title: "Formulário da Vigilancia Hospitalar"
2026-02-26 17:06:52,481 [AWT-EventQueue-0] WARN  XFormParser - XForm Parse Warning: Warning: 1 Unrecognized attributes found in Element [model] and will be ignored: [xforms-version] 
    Problem found at nodeset: /html/head/model
    With element <model xforms-version="1.0.0"><instance><data id="hospitalar_v1" version="1" prefix="Hospitalar" delimiter="$">...

2026-02-26 17:06:52,514 [AWT-EventQueue-0] INFO  XFormParser - Creating FormDef from parsed XML finished in 33.424 ms
2026-02-26 17:06:52,519 [AWT-EventQueue-0] ERROR XFormParser - XML Syntax Error at Line: 1, Column: 8387!
org.xmlpull.v1.XmlPullParserException: expected: /input read: select (position:END_TAG </select>@1:8387 in java.io.StringReader@19b4215) 
	at org.kxml2.io.KXmlParser.exception(Unknown Source)
	at org.kxml2.io.KXmlParser.error(Unknown Source)
	at org.kxml2.io.KXmlParser.parseEndTag(Unknown Source)
	at org.kxml2.io.KXmlParser.nextImpl(Unknown Source)
	at org.kxml2.io.KXmlParser.nextToken(Unknown Source)
	at org.kxml2.kdom.Element.parse(Unknown Source)
	at org.kxml2.kdom.Node.parse(Unknown Source)
	at org.kxml2.kdom.Element.parse(Unknown Source)
	at org.kxml2.kdom.Node.parse(Unknown Source)
	at org.kxml2.kdom.Element.parse(Unknown Source)
	at org.kxml2.kdom.Node.parse(Unknown Source)
	at org.kxml2.kdom.Element.parse(Unknown Source)
	at org.kxml2.kdom.Node.parse(Unknown Source)
	at org.kxml2.kdom.Element.parse(Unknown Source)
	at org.kxml2.kdom.Node.parse(Unknown Source)
	at org.kxml2.kdom.Document.parse(Unknown Source)
	at org.javarosa.xform.parse.XFormParser.getXMLDocument(XFormParser.java:444)
	at org.javarosa.xform.parse.XFormParser.getXMLDocument(XFormParser.java:414)
	at org.opendatakit.aggregate.parser.BaseFormParserForJavaRosa.parseFormDefinition(BaseFormParserForJavaRosa.java:207)
	at org.opendatakit.aggregate.parser.BaseFormParserForJavaRosa.<init>(BaseFormParserForJavaRosa.java:359)
	at org.opendatakit.briefcase.util.JavaRosaParserWrapper.<init>(JavaRosaParserWrapper.java:15)
	at org.opendatakit.briefcase.model.BriefcaseFormDefinition.<init>(BriefcaseFormDefinition.java:294)
	at org.opendatakit.briefcase.util.FormCache.lambda$update$1(FormCache.java:123)
	at java.util.stream.ForEachOps$ForEachOp$OfRef.accept(Unknown Source)
	at java.util.stream.ReferencePipeline$2$1.accept(Unknown Source)
	at java.util.Iterator.forEachRemaining(Unknown Source)
	at java.util.Spliterators$IteratorSpliterator.forEachRemaining(Unknown Source)
	at java.util.stream.AbstractPipeline.copyInto(Unknown Source)
	at java.util.stream.AbstractPipeline.wrapAndCopyInto(Unknown Source)
	at java.util.stream.ForEachOps$ForEachOp.evaluateSequential(Unknown Source)
	at java.util.stream.ForEachOps$ForEachOp$OfRef.evaluateSequential(Unknown Source)
	at java.util.stream.AbstractPipeline.evaluate(Unknown Source)
	at java.util.stream.ReferencePipeline.forEach(Unknown Source)
	at org.opendatakit.briefcase.util.FormCache.lambda$update$2(FormCache.java:117)
	at java.util.Optional.ifPresent(Unknown Source)
	at org.opendatakit.briefcase.util.FormCache.update(FormCache.java:113)
	at org.opendatakit.briefcase.util.FormCache.onPullSuccess(FormCache.java:150)
	at sun.reflect.GeneratedMethodAccessor11.invoke(Unknown Source)
	at sun.reflect.DelegatingMethodAccessorImpl.invoke(Unknown Source)
	at java.lang.reflect.Method.invoke(Unknown Source)
	at org.bushe.swing.event.annotation.BaseProxySubscriber.onEvent(BaseProxySubscriber.java:69)
	at org.bushe.swing.event.ThreadSafeEventService.publish(ThreadSafeEventService.java:971)
	at org.bushe.swing.event.SwingEventService.access$001(SwingEventService.java:31)
	at org.bushe.swing.event.SwingEventService$1.run(SwingEventService.java:88)
	at java.awt.event.InvocationEvent.dispatch(Unknown Source)
	at java.awt.EventQueue.dispatchEventImpl(Unknown Source)
	at java.awt.EventQueue.access$500(Unknown Source)
	at java.awt.EventQueue$3.run(Unknown Source)
	at java.awt.EventQueue$3.run(Unknown Source)
	at java.security.AccessController.doPrivileged(Native Method)
	at java.security.ProtectionDomain$JavaSecurityAccessImpl.doIntersectionPrivilege(Unknown Source)
	at java.awt.EventQueue.dispatchEvent(Unknown Source)
	at java.awt.EventDispatchThread.pumpOneEventForFilters(Unknown Source)
	at java.awt.EventDispatchThread.pumpEventsForFilter(Unknown Source)
	at java.awt.EventDispatchThread.pumpEventsForHierarchy(Unknown Source)
	at java.awt.EventDispatchThread.pumpEvents(Unknown Source)
	at java.awt.EventDispatchThread.pumpEvents(Unknown Source)
	at java.awt.EventDispatchThread.run(Unknown Source)
2026-02-26 17:06:52,519 [AWT-EventQueue-0] WARN  o.o.briefcase.util.FormCache - Can't parse form file
org.opendatakit.briefcase.util.BadFormDefinition: org.opendatakit.aggregate.exception.ODKIncompleteSubmissionData: org.javarosa.xform.parse.XFormParseException: XML Syntax Error at Line: 1, Column: 8387!
	at org.opendatakit.briefcase.model.BriefcaseFormDefinition.<init>(BriefcaseFormDefinition.java:297)
	at org.opendatakit.briefcase.util.FormCache.lambda$update$1(FormCache.java:123)
	at java.util.stream.ForEachOps$ForEachOp$OfRef.accept(Unknown Source)
	at java.util.stream.ReferencePipeline$2$1.accept(Unknown Source)
	at java.util.Iterator.forEachRemaining(Unknown Source)
	at java.util.Spliterators$IteratorSpliterator.forEachRemaining(Unknown Source)
	at java.util.stream.AbstractPipeline.copyInto(Unknown Source)
	at java.util.stream.AbstractPipeline.wrapAndCopyInto(Unknown Source)
	at java.util.stream.ForEachOps$ForEachOp.evaluateSequential(Unknown Source)
	at java.util.stream.ForEachOps$ForEachOp$OfRef.evaluateSequential(Unknown Source)
	at java.util.stream.AbstractPipeline.evaluate(Unknown Source)
	at java.util.stream.ReferencePipeline.forEach(Unknown Source)
	at org.opendatakit.briefcase.util.FormCache.lambda$update$2(FormCache.java:117)
	at java.util.Optional.ifPresent(Unknown Source)
	at org.opendatakit.briefcase.util.FormCache.update(FormCache.java:113)
	at org.opendatakit.briefcase.util.FormCache.onPullSuccess(FormCache.java:150)
	at sun.reflect.GeneratedMethodAccessor11.invoke(Unknown Source)
	at sun.reflect.DelegatingMethodAccessorImpl.invoke(Unknown Source)
	at java.lang.reflect.Method.invoke(Unknown Source)
	at org.bushe.swing.event.annotation.BaseProxySubscriber.onEvent(BaseProxySubscriber.java:69)
	at org.bushe.swing.event.ThreadSafeEventService.publish(ThreadSafeEventService.java:971)
	at org.bushe.swing.event.SwingEventService.access$001(SwingEventService.java:31)
	at org.bushe.swing.event.SwingEventService$1.run(SwingEventService.java:88)
	at java.awt.event.InvocationEvent.dispatch(Unknown Source)
	at java.awt.EventQueue.dispatchEventImpl(Unknown Source)
	at java.awt.EventQueue.access$500(Unknown Source)
	at java.awt.EventQueue$3.run(Unknown Source)
	at java.awt.EventQueue$3.run(Unknown Source)
	at java.security.AccessController.doPrivileged(Native Method)
	at java.security.ProtectionDomain$JavaSecurityAccessImpl.doIntersectionPrivilege(Unknown Source)
	at java.awt.EventQueue.dispatchEvent(Unknown Source)
	at java.awt.EventDispatchThread.pumpOneEventForFilters(Unknown Source)
	at java.awt.EventDispatchThread.pumpEventsForFilter(Unknown Source)
	at java.awt.EventDispatchThread.pumpEventsForHierarchy(Unknown Source)
	at java.awt.EventDispatchThread.pumpEvents(Unknown Source)
	at java.awt.EventDispatchThread.pumpEvents(Unknown Source)
	at java.awt.EventDispatchThread.run(Unknown Source)
Caused by: org.opendatakit.aggregate.exception.ODKIncompleteSubmissionData: org.javarosa.xform.parse.XFormParseException: XML Syntax Error at Line: 1, Column: 8387!
	at org.opendatakit.aggregate.parser.BaseFormParserForJavaRosa.parseFormDefinition(BaseFormParserForJavaRosa.java:210)
	at org.opendatakit.aggregate.parser.BaseFormParserForJavaRosa.<init>(BaseFormParserForJavaRosa.java:359)
	at org.opendatakit.briefcase.util.JavaRosaParserWrapper.<init>(JavaRosaParserWrapper.java:15)
	at org.opendatakit.briefcase.model.BriefcaseFormDefinition.<init>(BriefcaseFormDefinition.java:294)
	... 36 common frames omitted
Caused by: org.javarosa.xform.parse.XFormParseException: XML Syntax Error at Line: 1, Column: 8387!
	at org.javarosa.xform.parse.XFormParser.getXMLDocument(XFormParser.java:448)
	at org.javarosa.xform.parse.XFormParser.getXMLDocument(XFormParser.java:414)
	at org.opendatakit.aggregate.parser.BaseFormParserForJavaRosa.parseFormDefinition(BaseFormParserForJavaRosa.java:207)
	... 39 common frames omitted
2026-02-26 17:06:52,580 [AWT-EventQueue-0] ERROR XFormParser - XML Syntax Error at Line: 1, Column: 8387!
org.xmlpull.v1.XmlPullParserException: expected: /input read: select (position:END_TAG </select>@1:8387 in java.io.StringReader@10557e4) 
	at org.kxml2.io.KXmlParser.exception(Unknown Source)
	at org.kxml2.io.KXmlParser.error(Unknown Source)
	at org.kxml2.io.KXmlParser.parseEndTag(Unknown Source)
	at org.kxml2.io.KXmlParser.nextImpl(Unknown Source)
	at org.kxml2.io.KXmlParser.nextToken(Unknown Source)
	at org.kxml2.kdom.Element.parse(Unknown Source)
	at org.kxml2.kdom.Node.parse(Unknown Source)
	at org.kxml2.kdom.Element.parse(Unknown Source)
	at org.kxml2.kdom.Node.parse(Unknown Source)
	at org.kxml2.kdom.Element.parse(Unknown Source)
	at org.kxml2.kdom.Node.parse(Unknown Source)
	at org.kxml2.kdom.Element.parse(Unknown Source)
	at org.kxml2.kdom.Node.parse(Unknown Source)
	at org.kxml2.kdom.Element.parse(Unknown Source)
	at org.kxml2.kdom.Node.parse(Unknown Source)
	at org.kxml2.kdom.Document.parse(Unknown Source)
	at org.javarosa.xform.parse.XFormParser.getXMLDocument(XFormParser.java:444)
	at org.javarosa.xform.parse.XFormParser.getXMLDocument(XFormParser.java:414)
	at org.opendatakit.aggregate.parser.BaseFormParserForJavaRosa.parseFormDefinition(BaseFormParserForJavaRosa.java:207)
	at org.opendatakit.aggregate.parser.BaseFormParserForJavaRosa.<init>(BaseFormParserForJavaRosa.java:359)
	at org.opendatakit.briefcase.util.JavaRosaParserWrapper.<init>(JavaRosaParserWrapper.java:15)
	at org.opendatakit.briefcase.model.BriefcaseFormDefinition.<init>(BriefcaseFormDefinition.java:294)
	at org.opendatakit.briefcase.util.FormCache.lambda$update$1(FormCache.java:123)
	at java.util.stream.ForEachOps$ForEachOp$OfRef.accept(Unknown Source)
	at java.util.stream.ReferencePipeline$2$1.accept(Unknown Source)
	at java.util.Iterator.forEachRemaining(Unknown Source)
	at java.util.Spliterators$IteratorSpliterator.forEachRemaining(Unknown Source)
	at java.util.stream.AbstractPipeline.copyInto(Unknown Source)
	at java.util.stream.AbstractPipeline.wrapAndCopyInto(Unknown Source)
	at java.util.stream.ForEachOps$ForEachOp.evaluateSequential(Unknown Source)
	at java.util.stream.ForEachOps$ForEachOp$OfRef.evaluateSequential(Unknown Source)
	at java.util.stream.AbstractPipeline.evaluate(Unknown Source)
	at java.util.stream.ReferencePipeline.forEach(Unknown Source)
	at org.opendatakit.briefcase.util.FormCache.lambda$update$2(FormCache.java:117)
	at java.util.Optional.ifPresent(Unknown Source)
	at org.opendatakit.briefcase.util.FormCache.update(FormCache.java:113)
	at org.opendatakit.briefcase.util.FormCache.onPullSuccess(FormCache.java:150)
	at sun.reflect.GeneratedMethodAccessor11.invoke(Unknown Source)
	at sun.reflect.DelegatingMethodAccessorImpl.invoke(Unknown Source)
	at java.lang.reflect.Method.invoke(Unknown Source)
	at org.bushe.swing.event.annotation.BaseProxySubscriber.onEvent(BaseProxySubscriber.java:69)
	at org.bushe.swing.event.ThreadSafeEventService.publish(ThreadSafeEventService.java:971)
	at org.bushe.swing.event.SwingEventService.access$001(SwingEventService.java:31)
	at org.bushe.swing.event.SwingEventService$1.run(SwingEventService.java:88)
	at java.awt.event.InvocationEvent.dispatch(Unknown Source)
	at java.awt.EventQueue.dispatchEventImpl(Unknown Source)
	at java.awt.EventQueue.access$500(Unknown Source)
	at java.awt.EventQueue$3.run(Unknown Source)
	at java.awt.EventQueue$3.run(Unknown Source)
	at java.security.AccessController.doPrivileged(Native Method)
	at java.security.ProtectionDomain$JavaSecurityAccessImpl.doIntersectionPrivilege(Unknown Source)
	at java.awt.EventQueue.dispatchEvent(Unknown Source)
	at java.awt.EventDispatchThread.pumpOneEventForFilters(Unknown Source)
	at java.awt.EventDispatchThread.pumpEventsForFilter(Unknown Source)
	at java.awt.EventDispatchThread.pumpEventsForHierarchy(Unknown Source)
	at java.awt.EventDispatchThread.pumpEvents(Unknown Source)
	at java.awt.EventDispatchThread.pumpEvents(Unknown Source)
	at java.awt.EventDispatchThread.run(Unknown Source)
2026-02-26 17:06:52,580 [AWT-EventQueue-0] WARN  o.o.briefcase.util.FormCache - Can't parse form file
org.opendatakit.briefcase.util.BadFormDefinition: org.opendatakit.aggregate.exception.ODKIncompleteSubmissionData: org.javarosa.xform.parse.XFormParseException: XML Syntax Error at Line: 1, Column: 8387!
	at org.opendatakit.briefcase.model.BriefcaseFormDefinition.<init>(BriefcaseFormDefinition.java:297)
	at org.opendatakit.briefcase.util.FormCache.lambda$update$1(FormCache.java:123)
	at java.util.stream.ForEachOps$ForEachOp$OfRef.accept(Unknown Source)
	at java.util.stream.ReferencePipeline$2$1.accept(Unknown Source)
	at java.util.Iterator.forEachRemaining(Unknown Source)
	at java.util.Spliterators$IteratorSpliterator.forEachRemaining(Unknown Source)
	at java.util.stream.AbstractPipeline.copyInto(Unknown Source)
	at java.util.stream.AbstractPipeline.wrapAndCopyInto(Unknown Source)
	at java.util.stream.ForEachOps$ForEachOp.evaluateSequential(Unknown Source)
	at java.util.stream.ForEachOps$ForEachOp$OfRef.evaluateSequential(Unknown Source)
	at java.util.stream.AbstractPipeline.evaluate(Unknown Source)
	at java.util.stream.ReferencePipeline.forEach(Unknown Source)
	at org.opendatakit.briefcase.util.FormCache.lambda$update$2(FormCache.java:117)
	at java.util.Optional.ifPresent(Unknown Source)
	at org.opendatakit.briefcase.util.FormCache.update(FormCache.java:113)
	at org.opendatakit.briefcase.util.FormCache.onPullSuccess(FormCache.java:150)
	at sun.reflect.GeneratedMethodAccessor11.invoke(Unknown Source)
	at sun.reflect.DelegatingMethodAccessorImpl.invoke(Unknown Source)
	at java.lang.reflect.Method.invoke(Unknown Source)
	at org.bushe.swing.event.annotation.BaseProxySubscriber.onEvent(BaseProxySubscriber.java:69)
	at org.bushe.swing.event.ThreadSafeEventService.publish(ThreadSafeEventService.java:971)
	at org.bushe.swing.event.SwingEventService.access$001(SwingEventService.java:31)
	at org.bushe.swing.event.SwingEventService$1.run(SwingEventService.java:88)
	at java.awt.event.InvocationEvent.dispatch(Unknown Source)
	at java.awt.EventQueue.dispatchEventImpl(Unknown Source)
	at java.awt.EventQueue.access$500(Unknown Source)
	at java.awt.EventQueue$3.run(Unknown Source)
	at java.awt.EventQueue$3.run(Unknown Source)
	at java.security.AccessController.doPrivileged(Native Method)
	at java.security.ProtectionDomain$JavaSecurityAccessImpl.doIntersectionPrivilege(Unknown Source)
	at java.awt.EventQueue.dispatchEvent(Unknown Source)
	at java.awt.EventDispatchThread.pumpOneEventForFilters(Unknown Source)
	at java.awt.EventDispatchThread.pumpEventsForFilter(Unknown Source)
	at java.awt.EventDispatchThread.pumpEventsForHierarchy(Unknown Source)
	at java.awt.EventDispatchThread.pumpEvents(Unknown Source)
	at java.awt.EventDispatchThread.pumpEvents(Unknown Source)
	at java.awt.EventDispatchThread.run(Unknown Source)
Caused by: org.opendatakit.aggregate.exception.ODKIncompleteSubmissionData: org.javarosa.xform.parse.XFormParseException: XML Syntax Error at Line: 1, Column: 8387!
	at org.opendatakit.aggregate.parser.BaseFormParserForJavaRosa.parseFormDefinition(BaseFormParserForJavaRosa.java:210)
	at org.opendatakit.aggregate.parser.BaseFormParserForJavaRosa.<init>(BaseFormParserForJavaRosa.java:359)
	at org.opendatakit.briefcase.util.JavaRosaParserWrapper.<init>(JavaRosaParserWrapper.java:15)
	at org.opendatakit.briefcase.model.BriefcaseFormDefinition.<init>(BriefcaseFormDefinition.java:294)
	... 36 common frames omitted
Caused by: org.javarosa.xform.parse.XFormParseException: XML Syntax Error at Line: 1, Column: 8387!
	at org.javarosa.xform.parse.XFormParser.getXMLDocument(XFormParser.java:448)
	at org.javarosa.xform.parse.XFormParser.getXMLDocument(XFormParser.java:414)
	at org.opendatakit.aggregate.parser.BaseFormParserForJavaRosa.parseFormDefinition(BaseFormParserForJavaRosa.java:207)
	... 39 common frames omitted
2026-02-26 17:06:52,608 [ForkJoinPool-16-worker-13] INFO  o.o.b.p.a.PullFromAggregateTracker - Pull VIGILÂNCIA  AMBIENTAL - Got all the submission IDs
2026-02-26 17:06:52,614 [ForkJoinPool-16-worker-13] INFO  o.o.b.p.a.PullFromAggregateTracker - Push VIGILÂNCIA  AMBIENTAL - There are no submissions to download
2026-02-26 17:06:52,620 [ForkJoinPool-16-worker-13] INFO  o.o.b.p.a.PullFromAggregateTracker - Pull VIGILÂNCIA  AMBIENTAL - Success
2026-02-26 17:06:52,620 [ForkJoinPool-16-worker-13] INFO  o.o.b.p.a.PullFromAggregateTracker - Pull Formulário da Vigilancia Comunitaria - Start pulling form and submissions
2026-02-26 17:06:52,620 [ForkJoinPool-16-worker-13] INFO  o.o.b.p.a.PullFromAggregateTracker - Pull Formulário da Vigilancia Comunitaria - Start downloading form
2026-02-26 17:06:52,706 [AWT-EventQueue-0] ERROR XFormParser - XML Syntax Error at Line: 1, Column: 8387!
org.xmlpull.v1.XmlPullParserException: expected: /input read: select (position:END_TAG </select>@1:8387 in java.io.StringReader@30ce0d) 
	at org.kxml2.io.KXmlParser.exception(Unknown Source)
	at org.kxml2.io.KXmlParser.error(Unknown Source)
	at org.kxml2.io.KXmlParser.parseEndTag(Unknown Source)
	at org.kxml2.io.KXmlParser.nextImpl(Unknown Source)
	at org.kxml2.io.KXmlParser.nextToken(Unknown Source)
	at org.kxml2.kdom.Element.parse(Unknown Source)
	at org.kxml2.kdom.Node.parse(Unknown Source)
	at org.kxml2.kdom.Element.parse(Unknown Source)
	at org.kxml2.kdom.Node.parse(Unknown Source)
	at org.kxml2.kdom.Element.parse(Unknown Source)
	at org.kxml2.kdom.Node.parse(Unknown Source)
	at org.kxml2.kdom.Element.parse(Unknown Source)
	at org.kxml2.kdom.Node.parse(Unknown Source)
	at org.kxml2.kdom.Element.parse(Unknown Source)
	at org.kxml2.kdom.Node.parse(Unknown Source)
	at org.kxml2.kdom.Document.parse(Unknown Source)
	at org.javarosa.xform.parse.XFormParser.getXMLDocument(XFormParser.java:444)
	at org.javarosa.xform.parse.XFormParser.getXMLDocument(XFormParser.java:414)
	at org.opendatakit.aggregate.parser.BaseFormParserForJavaRosa.parseFormDefinition(BaseFormParserForJavaRosa.java:207)
	at org.opendatakit.aggregate.parser.BaseFormParserForJavaRosa.<init>(BaseFormParserForJavaRosa.java:359)
	at org.opendatakit.briefcase.util.JavaRosaParserWrapper.<init>(JavaRosaParserWrapper.java:15)
	at org.opendatakit.briefcase.model.BriefcaseFormDefinition.<init>(BriefcaseFormDefinition.java:294)
	at org.opendatakit.briefcase.util.FormCache.lambda$update$1(FormCache.java:123)
	at java.util.stream.ForEachOps$ForEachOp$OfRef.accept(Unknown Source)
	at java.util.stream.ReferencePipeline$2$1.accept(Unknown Source)
	at java.util.Iterator.forEachRemaining(Unknown Source)
	at java.util.Spliterators$IteratorSpliterator.forEachRemaining(Unknown Source)
	at java.util.stream.AbstractPipeline.copyInto(Unknown Source)
	at java.util.stream.AbstractPipeline.wrapAndCopyInto(Unknown Source)
	at java.util.stream.ForEachOps$ForEachOp.evaluateSequential(Unknown Source)
	at java.util.stream.ForEachOps$ForEachOp$OfRef.evaluateSequential(Unknown Source)
	at java.util.stream.AbstractPipeline.evaluate(Unknown Source)
	at java.util.stream.ReferencePipeline.forEach(Unknown Source)
	at org.opendatakit.briefcase.util.FormCache.lambda$update$2(FormCache.java:117)
	at java.util.Optional.ifPresent(Unknown Source)
	at org.opendatakit.briefcase.util.FormCache.update(FormCache.java:113)
	at org.opendatakit.briefcase.util.FormCache.onPullSuccess(FormCache.java:150)
	at sun.reflect.GeneratedMethodAccessor11.invoke(Unknown Source)
	at sun.reflect.DelegatingMethodAccessorImpl.invoke(Unknown Source)
	at java.lang.reflect.Method.invoke(Unknown Source)
	at org.bushe.swing.event.annotation.BaseProxySubscriber.onEvent(BaseProxySubscriber.java:69)
	at org.bushe.swing.event.ThreadSafeEventService.publish(ThreadSafeEventService.java:971)
	at org.bushe.swing.event.SwingEventService.access$001(SwingEventService.java:31)
	at org.bushe.swing.event.SwingEventService$1.run(SwingEventService.java:88)
	at java.awt.event.InvocationEvent.dispatch(Unknown Source)
	at java.awt.EventQueue.dispatchEventImpl(Unknown Source)
	at java.awt.EventQueue.access$500(Unknown Source)
	at java.awt.EventQueue$3.run(Unknown Source)
	at java.awt.EventQueue$3.run(Unknown Source)
	at java.security.AccessController.doPrivileged(Native Method)
	at java.security.ProtectionDomain$JavaSecurityAccessImpl.doIntersectionPrivilege(Unknown Source)
	at java.awt.EventQueue.dispatchEvent(Unknown Source)
	at java.awt.EventDispatchThread.pumpOneEventForFilters(Unknown Source)
	at java.awt.EventDispatchThread.pumpEventsForFilter(Unknown Source)
	at java.awt.EventDispatchThread.pumpEventsForHierarchy(Unknown Source)
	at java.awt.EventDispatchThread.pumpEvents(Unknown Source)
	at java.awt.EventDispatchThread.pumpEvents(Unknown Source)
	at java.awt.EventDispatchThread.run(Unknown Source)
2026-02-26 17:06:52,706 [AWT-EventQueue-0] WARN  o.o.briefcase.util.FormCache - Can't parse form file
org.opendatakit.briefcase.util.BadFormDefinition: org.opendatakit.aggregate.exception.ODKIncompleteSubmissionData: org.javarosa.xform.parse.XFormParseException: XML Syntax Error at Line: 1, Column: 8387!
	at org.opendatakit.briefcase.model.BriefcaseFormDefinition.<init>(BriefcaseFormDefinition.java:297)
	at org.opendatakit.briefcase.util.FormCache.lambda$update$1(FormCache.java:123)
	at java.util.stream.ForEachOps$ForEachOp$OfRef.accept(Unknown Source)
	at java.util.stream.ReferencePipeline$2$1.accept(Unknown Source)
	at java.util.Iterator.forEachRemaining(Unknown Source)
	at java.util.Spliterators$IteratorSpliterator.forEachRemaining(Unknown Source)
	at java.util.stream.AbstractPipeline.copyInto(Unknown Source)
	at java.util.stream.AbstractPipeline.wrapAndCopyInto(Unknown Source)
	at java.util.stream.ForEachOps$ForEachOp.evaluateSequential(Unknown Source)
	at java.util.stream.ForEachOps$ForEachOp$OfRef.evaluateSequential(Unknown Source)
	at java.util.stream.AbstractPipeline.evaluate(Unknown Source)
	at java.util.stream.ReferencePipeline.forEach(Unknown Source)
	at org.opendatakit.briefcase.util.FormCache.lambda$update$2(FormCache.java:117)
	at java.util.Optional.ifPresent(Unknown Source)
	at org.opendatakit.briefcase.util.FormCache.update(FormCache.java:113)
	at org.opendatakit.briefcase.util.FormCache.onPullSuccess(FormCache.java:150)
	at sun.reflect.GeneratedMethodAccessor11.invoke(Unknown Source)
	at sun.reflect.DelegatingMethodAccessorImpl.invoke(Unknown Source)
	at java.lang.reflect.Method.invoke(Unknown Source)
	at org.bushe.swing.event.annotation.BaseProxySubscriber.onEvent(BaseProxySubscriber.java:69)
	at org.bushe.swing.event.ThreadSafeEventService.publish(ThreadSafeEventService.java:971)
	at org.bushe.swing.event.SwingEventService.access$001(SwingEventService.java:31)
	at org.bushe.swing.event.SwingEventService$1.run(SwingEventService.java:88)
	at java.awt.event.InvocationEvent.dispatch(Unknown Source)
	at java.awt.EventQueue.dispatchEventImpl(Unknown Source)
	at java.awt.EventQueue.access$500(Unknown Source)
	at java.awt.EventQueue$3.run(Unknown Source)
	at java.awt.EventQueue$3.run(Unknown Source)
	at java.security.AccessController.doPrivileged(Native Method)
	at java.security.ProtectionDomain$JavaSecurityAccessImpl.doIntersectionPrivilege(Unknown Source)
	at java.awt.EventQueue.dispatchEvent(Unknown Source)
	at java.awt.EventDispatchThread.pumpOneEventForFilters(Unknown Source)
	at java.awt.EventDispatchThread.pumpEventsForFilter(Unknown Source)
	at java.awt.EventDispatchThread.pumpEventsForHierarchy(Unknown Source)
	at java.awt.EventDispatchThread.pumpEvents(Unknown Source)
	at java.awt.EventDispatchThread.pumpEvents(Unknown Source)
	at java.awt.EventDispatchThread.run(Unknown Source)
Caused by: org.opendatakit.aggregate.exception.ODKIncompleteSubmissionData: org.javarosa.xform.parse.XFormParseException: XML Syntax Error at Line: 1, Column: 8387!
	at org.opendatakit.aggregate.parser.BaseFormParserForJavaRosa.parseFormDefinition(BaseFormParserForJavaRosa.java:210)
	at org.opendatakit.aggregate.parser.BaseFormParserForJavaRosa.<init>(BaseFormParserForJavaRosa.java:359)
	at org.opendatakit.briefcase.util.JavaRosaParserWrapper.<init>(JavaRosaParserWrapper.java:15)
	at org.opendatakit.briefcase.model.BriefcaseFormDefinition.<init>(BriefcaseFormDefinition.java:294)
	... 36 common frames omitted
Caused by: org.javarosa.xform.parse.XFormParseException: XML Syntax Error at Line: 1, Column: 8387!
	at org.javarosa.xform.parse.XFormParser.getXMLDocument(XFormParser.java:448)
	at org.javarosa.xform.parse.XFormParser.getXMLDocument(XFormParser.java:414)
	at org.opendatakit.aggregate.parser.BaseFormParserForJavaRosa.parseFormDefinition(BaseFormParserForJavaRosa.java:207)
	... 39 common frames omitted
2026-02-26 17:06:52,730 [ForkJoinPool-16-worker-15] INFO  o.o.b.p.a.PullFromAggregateTracker - Pull VIGILÂNCIA  AMBIENTAL - Form downloaded
2026-02-26 17:06:52,730 [ForkJoinPool-16-worker-15] INFO  o.o.b.p.a.PullFromAggregateTracker - Pull VIGILÂNCIA  AMBIENTAL - Start getting submission IDs
2026-02-26 17:06:52,784 [ForkJoinPool-16-worker-3] INFO  o.o.b.p.a.PullFromAggregateTracker - Pull Formulário da Vigilancia Hospitalar - Laboratório - Got all the submission IDs
2026-02-26 17:06:52,796 [ForkJoinPool-16-worker-3] INFO  o.o.b.p.a.PullFromAggregateTracker - Pull Formulário da Vigilancia Hospitalar - Laboratório - Start downloading submission 1 of 21
2026-02-26 17:06:52,874 [ForkJoinPool-16-worker-4] INFO  o.o.b.p.a.PullFromAggregateTracker - Pull Formulário da Vigilancia Comunitaria - Got all the submission IDs
2026-02-26 17:06:52,938 [ForkJoinPool-16-worker-4] INFO  o.o.b.p.a.PullFromAggregateTracker - Push Formulário da Vigilancia Comunitaria - There are no submissions to download
2026-02-26 17:06:52,943 [ForkJoinPool-16-worker-4] INFO  o.o.b.p.a.PullFromAggregateTracker - Pull Formulário da Vigilancia Comunitaria - Success
2026-02-26 17:06:52,951 [ForkJoinPool-16-worker-4] INFO  o.o.b.p.a.PullFromAggregateTracker - Pull Formulário da Vigilancia Hospitalar - Laboratório - Start downloading submission 2 of 21
2026-02-26 17:06:52,990 [ForkJoinPool-16-worker-2] INFO  o.o.b.p.a.PullFromAggregateTracker - Pull Formulário da Vigilancia Hospitalar - Got the form manifest
2026-02-26 17:06:52,990 [ForkJoinPool-16-worker-2] INFO  o.o.b.p.a.PullFromAggregateTracker - Pull Formulário da Vigilancia Hospitalar - Skipping 1 form attachments that have been already downloaded
2026-02-26 17:06:52,990 [ForkJoinPool-16-worker-2] INFO  o.o.b.p.a.PullFromAggregateTracker - Pull Formulário da Vigilancia Hospitalar - Start getting submission IDs
2026-02-26 17:06:53,008 [AWT-EventQueue-0] ERROR XFormParser - XML Syntax Error at Line: 1, Column: 8387!
org.xmlpull.v1.XmlPullParserException: expected: /input read: select (position:END_TAG </select>@1:8387 in java.io.StringReader@19acfad) 
	at org.kxml2.io.KXmlParser.exception(Unknown Source)
	at org.kxml2.io.KXmlParser.error(Unknown Source)
	at org.kxml2.io.KXmlParser.parseEndTag(Unknown Source)
	at org.kxml2.io.KXmlParser.nextImpl(Unknown Source)
	at org.kxml2.io.KXmlParser.nextToken(Unknown Source)
	at org.kxml2.kdom.Element.parse(Unknown Source)
	at org.kxml2.kdom.Node.parse(Unknown Source)
	at org.kxml2.kdom.Element.parse(Unknown Source)
	at org.kxml2.kdom.Node.parse(Unknown Source)
	at org.kxml2.kdom.Element.parse(Unknown Source)
	at org.kxml2.kdom.Node.parse(Unknown Source)
	at org.kxml2.kdom.Element.parse(Unknown Source)
	at org.kxml2.kdom.Node.parse(Unknown Source)
	at org.kxml2.kdom.Element.parse(Unknown Source)
	at org.kxml2.kdom.Node.parse(Unknown Source)
	at org.kxml2.kdom.Document.parse(Unknown Source)
	at org.javarosa.xform.parse.XFormParser.getXMLDocument(XFormParser.java:444)
	at org.javarosa.xform.parse.XFormParser.getXMLDocument(XFormParser.java:414)
	at org.opendatakit.aggregate.parser.BaseFormParserForJavaRosa.parseFormDefinition(BaseFormParserForJavaRosa.java:207)
	at org.opendatakit.aggregate.parser.BaseFormParserForJavaRosa.<init>(BaseFormParserForJavaRosa.java:359)
	at org.opendatakit.briefcase.util.JavaRosaParserWrapper.<init>(JavaRosaParserWrapper.java:15)
	at org.opendatakit.briefcase.model.BriefcaseFormDefinition.<init>(BriefcaseFormDefinition.java:294)
	at org.opendatakit.briefcase.util.FormCache.lambda$update$1(FormCache.java:123)
	at java.util.stream.ForEachOps$ForEachOp$OfRef.accept(Unknown Source)
	at java.util.stream.ReferencePipeline$2$1.accept(Unknown Source)
	at java.util.Iterator.forEachRemaining(Unknown Source)
	at java.util.Spliterators$IteratorSpliterator.forEachRemaining(Unknown Source)
	at java.util.stream.AbstractPipeline.copyInto(Unknown Source)
	at java.util.stream.AbstractPipeline.wrapAndCopyInto(Unknown Source)
	at java.util.stream.ForEachOps$ForEachOp.evaluateSequential(Unknown Source)
	at java.util.stream.ForEachOps$ForEachOp$OfRef.evaluateSequential(Unknown Source)
	at java.util.stream.AbstractPipeline.evaluate(Unknown Source)
	at java.util.stream.ReferencePipeline.forEach(Unknown Source)
	at org.opendatakit.briefcase.util.FormCache.lambda$update$2(FormCache.java:117)
	at java.util.Optional.ifPresent(Unknown Source)
	at org.opendatakit.briefcase.util.FormCache.update(FormCache.java:113)
	at org.opendatakit.briefcase.util.FormCache.onPullSuccess(FormCache.java:150)
	at sun.reflect.GeneratedMethodAccessor11.invoke(Unknown Source)
	at sun.reflect.DelegatingMethodAccessorImpl.invoke(Unknown Source)
	at java.lang.reflect.Method.invoke(Unknown Source)
	at org.bushe.swing.event.annotation.BaseProxySubscriber.onEvent(BaseProxySubscriber.java:69)
	at org.bushe.swing.event.ThreadSafeEventService.publish(ThreadSafeEventService.java:971)
	at org.bushe.swing.event.SwingEventService.access$001(SwingEventService.java:31)
	at org.bushe.swing.event.SwingEventService$1.run(SwingEventService.java:88)
	at java.awt.event.InvocationEvent.dispatch(Unknown Source)
	at java.awt.EventQueue.dispatchEventImpl(Unknown Source)
	at java.awt.EventQueue.access$500(Unknown Source)
	at java.awt.EventQueue$3.run(Unknown Source)
	at java.awt.EventQueue$3.run(Unknown Source)
	at java.security.AccessController.doPrivileged(Native Method)
	at java.security.ProtectionDomain$JavaSecurityAccessImpl.doIntersectionPrivilege(Unknown Source)
	at java.awt.EventQueue.dispatchEvent(Unknown Source)
	at java.awt.EventDispatchThread.pumpOneEventForFilters(Unknown Source)
	at java.awt.EventDispatchThread.pumpEventsForFilter(Unknown Source)
	at java.awt.EventDispatchThread.pumpEventsForHierarchy(Unknown Source)
	at java.awt.EventDispatchThread.pumpEvents(Unknown Source)
	at java.awt.EventDispatchThread.pumpEvents(Unknown Source)
	at java.awt.EventDispatchThread.run(Unknown Source)
2026-02-26 17:06:53,008 [AWT-EventQueue-0] WARN  o.o.briefcase.util.FormCache - Can't parse form file
org.opendatakit.briefcase.util.BadFormDefinition: org.opendatakit.aggregate.exception.ODKIncompleteSubmissionData: org.javarosa.xform.parse.XFormParseException: XML Syntax Error at Line: 1, Column: 8387!
	at org.opendatakit.briefcase.model.BriefcaseFormDefinition.<init>(BriefcaseFormDefinition.java:297)
	at org.opendatakit.briefcase.util.FormCache.lambda$update$1(FormCache.java:123)
	at java.util.stream.ForEachOps$ForEachOp$OfRef.accept(Unknown Source)
	at java.util.stream.ReferencePipeline$2$1.accept(Unknown Source)
	at java.util.Iterator.forEachRemaining(Unknown Source)
	at java.util.Spliterators$IteratorSpliterator.forEachRemaining(Unknown Source)
	at java.util.stream.AbstractPipeline.copyInto(Unknown Source)
	at java.util.stream.AbstractPipeline.wrapAndCopyInto(Unknown Source)
	at java.util.stream.ForEachOps$ForEachOp.evaluateSequential(Unknown Source)
	at java.util.stream.ForEachOps$ForEachOp$OfRef.evaluateSequential(Unknown Source)
	at java.util.stream.AbstractPipeline.evaluate(Unknown Source)
	at java.util.stream.ReferencePipeline.forEach(Unknown Source)
	at org.opendatakit.briefcase.util.FormCache.lambda$update$2(FormCache.java:117)
	at java.util.Optional.ifPresent(Unknown Source)
	at org.opendatakit.briefcase.util.FormCache.update(FormCache.java:113)
	at org.opendatakit.briefcase.util.FormCache.onPullSuccess(FormCache.java:150)
	at sun.reflect.GeneratedMethodAccessor11.invoke(Unknown Source)
	at sun.reflect.DelegatingMethodAccessorImpl.invoke(Unknown Source)
	at java.lang.reflect.Method.invoke(Unknown Source)
	at org.bushe.swing.event.annotation.BaseProxySubscriber.onEvent(BaseProxySubscriber.java:69)
	at org.bushe.swing.event.ThreadSafeEventService.publish(ThreadSafeEventService.java:971)
	at org.bushe.swing.event.SwingEventService.access$001(SwingEventService.java:31)
	at org.bushe.swing.event.SwingEventService$1.run(SwingEventService.java:88)
	at java.awt.event.InvocationEvent.dispatch(Unknown Source)
	at java.awt.EventQueue.dispatchEventImpl(Unknown Source)
	at java.awt.EventQueue.access$500(Unknown Source)
	at java.awt.EventQueue$3.run(Unknown Source)
	at java.awt.EventQueue$3.run(Unknown Source)
	at java.security.AccessController.doPrivileged(Native Method)
	at java.security.ProtectionDomain$JavaSecurityAccessImpl.doIntersectionPrivilege(Unknown Source)
	at java.awt.EventQueue.dispatchEvent(Unknown Source)
	at java.awt.EventDispatchThread.pumpOneEventForFilters(Unknown Source)
	at java.awt.EventDispatchThread.pumpEventsForFilter(Unknown Source)
	at java.awt.EventDispatchThread.pumpEventsForHierarchy(Unknown Source)
	at java.awt.EventDispatchThread.pumpEvents(Unknown Source)
	at java.awt.EventDispatchThread.pumpEvents(Unknown Source)
	at java.awt.EventDispatchThread.run(Unknown Source)
Caused by: org.opendatakit.aggregate.exception.ODKIncompleteSubmissionData: org.javarosa.xform.parse.XFormParseException: XML Syntax Error at Line: 1, Column: 8387!
	at org.opendatakit.aggregate.parser.BaseFormParserForJavaRosa.parseFormDefinition(BaseFormParserForJavaRosa.java:210)
	at org.opendatakit.aggregate.parser.BaseFormParserForJavaRosa.<init>(BaseFormParserForJavaRosa.java:359)
	at org.opendatakit.briefcase.util.JavaRosaParserWrapper.<init>(JavaRosaParserWrapper.java:15)
	at org.opendatakit.briefcase.model.BriefcaseFormDefinition.<init>(BriefcaseFormDefinition.java:294)
	... 36 common frames omitted
Caused by: org.javarosa.xform.parse.XFormParseException: XML Syntax Error at Line: 1, Column: 8387!
	at org.javarosa.xform.parse.XFormParser.getXMLDocument(XFormParser.java:448)
	at org.javarosa.xform.parse.XFormParser.getXMLDocument(XFormParser.java:414)
	at org.opendatakit.aggregate.parser.BaseFormParserForJavaRosa.parseFormDefinition(BaseFormParserForJavaRosa.java:207)
	... 39 common frames omitted
2026-02-26 17:06:53,019 [AWT-EventQueue-0] INFO  XFormParser - Reading XML and parsing with kXML2 finished in 2.191 ms
2026-02-26 17:06:53,022 [AWT-EventQueue-0] INFO  XFormParser - Consolidating text finished in 1.766 ms
2026-02-26 17:06:53,022 [AWT-EventQueue-0] INFO  XFormParser - Parsing form...
2026-02-26 17:06:53,022 [AWT-EventQueue-0] INFO  XFormParser - Title: "VIGILÂNCIA  AMBIENTAL"
2026-02-26 17:06:53,022 [AWT-EventQueue-0] WARN  XFormParser - XForm Parse Warning: Warning: 1 Unrecognized attributes found in Element [model] and will be ignored: [xforms-version] 
    Problem found at nodeset: /html/head/model
    With element <model xforms-version="1.0.0"><instance><data id="VIGILÂNCIA  AMBIENTAL_v3" version="3" prefix="VIGILÂNCIA  AMBIENTAL_v3" delimiter="$">...

2026-02-26 17:06:53,035 [AWT-EventQueue-0] INFO  XFormParser - Creating FormDef from parsed XML finished in 12.365 ms
2026-02-26 17:06:53,079 [ForkJoinPool-16-worker-9] INFO  o.o.b.p.a.PullFromAggregateTracker - Pull Formulário da Vigilancia Hospitalar - Got all the submission IDs
2026-02-26 17:06:53,196 [ForkJoinPool-16-worker-9] INFO  o.o.b.p.a.PullFromAggregateTracker - Push Formulário da Vigilancia Hospitalar - There are no submissions to download
2026-02-26 17:06:53,206 [ForkJoinPool-16-worker-11] INFO  o.o.b.p.a.PullFromAggregateTracker - Pull VIGILÂNCIA  AMBIENTAL - Form downloaded
2026-02-26 17:06:53,206 [ForkJoinPool-16-worker-9] INFO  o.o.b.p.a.PullFromAggregateTracker - Pull Formulário da Vigilancia Hospitalar - Success
2026-02-26 17:06:53,206 [ForkJoinPool-16-worker-11] INFO  o.o.b.p.a.PullFromAggregateTracker - Pull VIGILÂNCIA  AMBIENTAL - Start getting submission IDs
2026-02-26 17:06:53,210 [ForkJoinPool-16-worker-9] INFO  o.o.b.p.a.PullFromAggregateTracker - Pull Formulário da Vigilancia Hospitalar - Start pulling form and submissions
2026-02-26 17:06:53,210 [ForkJoinPool-16-worker-9] INFO  o.o.b.p.a.PullFromAggregateTracker - Pull Formulário da Vigilancia Hospitalar - Start downloading form
2026-02-26 17:06:53,228 [ForkJoinPool-16-worker-10] INFO  o.o.b.p.a.PullFromAggregateTracker - Pull Formulário da Vigilancia Comunitaria - Form downloaded
2026-02-26 17:06:53,228 [ForkJoinPool-16-worker-10] INFO  o.o.b.p.a.PullFromAggregateTracker - Pull Formulário da Vigilancia Comunitaria - Start getting submission IDs
2026-02-26 17:06:53,280 [AWT-EventQueue-0] INFO  XFormParser - Reading XML and parsing with kXML2 finished in 15.978 ms
2026-02-26 17:06:53,307 [ForkJoinPool-16-worker-15] INFO  o.o.b.p.a.PullFromAggregateTracker - Pull VIGILÂNCIA  AMBIENTAL - Got all the submission IDs
2026-02-26 17:06:53,307 [AWT-EventQueue-0] INFO  XFormParser - Consolidating text finished in 24.439 ms
2026-02-26 17:06:53,307 [AWT-EventQueue-0] INFO  XFormParser - Parsing form...
2026-02-26 17:06:53,307 [AWT-EventQueue-0] INFO  XFormParser - Title: "Formulário da Vigilancia Comunitaria"
2026-02-26 17:06:53,307 [AWT-EventQueue-0] WARN  XFormParser - XForm Parse Warning: Warning: 1 Unrecognized attributes found in Element [model] and will be ignored: [xforms-version] 
    Problem found at nodeset: /html/head/model
    With element <model xforms-version="1.0.0"><instance><data id="Comunidade_v2" version="2" prefix="Comunidade_v2" delimiter="$">...

2026-02-26 17:06:53,320 [ForkJoinPool-16-worker-15] INFO  o.o.b.p.a.PullFromAggregateTracker - Push VIGILÂNCIA  AMBIENTAL - There are no submissions to download
2026-02-26 17:06:53,326 [ForkJoinPool-16-worker-15] INFO  o.o.b.p.a.PullFromAggregateTracker - Pull VIGILÂNCIA  AMBIENTAL - Success
2026-02-26 17:06:53,329 [ForkJoinPool-16-worker-15] INFO  o.o.b.p.a.PullFromAggregateTracker - Pull Formulário da Vigilancia Hospitalar - Laboratório - Start downloading submission 3 of 21
2026-02-26 17:06:53,360 [AWT-EventQueue-0] INFO  XFormParser - Creating FormDef from parsed XML finished in 53.925 ms
2026-02-26 17:06:53,374 [AWT-EventQueue-0] ERROR XFormParser - XML Syntax Error at Line: 1, Column: 8387!
org.xmlpull.v1.XmlPullParserException: expected: /input read: select (position:END_TAG </select>@1:8387 in java.io.StringReader@b3086b) 
	at org.kxml2.io.KXmlParser.exception(Unknown Source)
	at org.kxml2.io.KXmlParser.error(Unknown Source)
	at org.kxml2.io.KXmlParser.parseEndTag(Unknown Source)
	at org.kxml2.io.KXmlParser.nextImpl(Unknown Source)
	at org.kxml2.io.KXmlParser.nextToken(Unknown Source)
	at org.kxml2.kdom.Element.parse(Unknown Source)
	at org.kxml2.kdom.Node.parse(Unknown Source)
	at org.kxml2.kdom.Element.parse(Unknown Source)
	at org.kxml2.kdom.Node.parse(Unknown Source)
	at org.kxml2.kdom.Element.parse(Unknown Source)
	at org.kxml2.kdom.Node.parse(Unknown Source)
	at org.kxml2.kdom.Element.parse(Unknown Source)
	at org.kxml2.kdom.Node.parse(Unknown Source)
	at org.kxml2.kdom.Element.parse(Unknown Source)
	at org.kxml2.kdom.Node.parse(Unknown Source)
	at org.kxml2.kdom.Document.parse(Unknown Source)
	at org.javarosa.xform.parse.XFormParser.getXMLDocument(XFormParser.java:444)
	at org.javarosa.xform.parse.XFormParser.getXMLDocument(XFormParser.java:414)
	at org.opendatakit.aggregate.parser.BaseFormParserForJavaRosa.parseFormDefinition(BaseFormParserForJavaRosa.java:207)
	at org.opendatakit.aggregate.parser.BaseFormParserForJavaRosa.<init>(BaseFormParserForJavaRosa.java:359)
	at org.opendatakit.briefcase.util.JavaRosaParserWrapper.<init>(JavaRosaParserWrapper.java:15)
	at org.opendatakit.briefcase.model.BriefcaseFormDefinition.<init>(BriefcaseFormDefinition.java:294)
	at org.opendatakit.briefcase.util.FormCache.lambda$update$1(FormCache.java:123)
	at java.util.stream.ForEachOps$ForEachOp$OfRef.accept(Unknown Source)
	at java.util.stream.ReferencePipeline$2$1.accept(Unknown Source)
	at java.util.Iterator.forEachRemaining(Unknown Source)
	at java.util.Spliterators$IteratorSpliterator.forEachRemaining(Unknown Source)
	at java.util.stream.AbstractPipeline.copyInto(Unknown Source)
	at java.util.stream.AbstractPipeline.wrapAndCopyInto(Unknown Source)
	at java.util.stream.ForEachOps$ForEachOp.evaluateSequential(Unknown Source)
	at java.util.stream.ForEachOps$ForEachOp$OfRef.evaluateSequential(Unknown Source)
	at java.util.stream.AbstractPipeline.evaluate(Unknown Source)
	at java.util.stream.ReferencePipeline.forEach(Unknown Source)
	at org.opendatakit.briefcase.util.FormCache.lambda$update$2(FormCache.java:117)
	at java.util.Optional.ifPresent(Unknown Source)
	at org.opendatakit.briefcase.util.FormCache.update(FormCache.java:113)
	at org.opendatakit.briefcase.util.FormCache.onPullSuccess(FormCache.java:150)
	at sun.reflect.GeneratedMethodAccessor11.invoke(Unknown Source)
	at sun.reflect.DelegatingMethodAccessorImpl.invoke(Unknown Source)
	at java.lang.reflect.Method.invoke(Unknown Source)
	at org.bushe.swing.event.annotation.BaseProxySubscriber.onEvent(BaseProxySubscriber.java:69)
	at org.bushe.swing.event.ThreadSafeEventService.publish(ThreadSafeEventService.java:971)
	at org.bushe.swing.event.SwingEventService.access$001(SwingEventService.java:31)
	at org.bushe.swing.event.SwingEventService$1.run(SwingEventService.java:88)
	at java.awt.event.InvocationEvent.dispatch(Unknown Source)
	at java.awt.EventQueue.dispatchEventImpl(Unknown Source)
	at java.awt.EventQueue.access$500(Unknown Source)
	at java.awt.EventQueue$3.run(Unknown Source)
	at java.awt.EventQueue$3.run(Unknown Source)
	at java.security.AccessController.doPrivileged(Native Method)
	at java.security.ProtectionDomain$JavaSecurityAccessImpl.doIntersectionPrivilege(Unknown Source)
	at java.awt.EventQueue.dispatchEvent(Unknown Source)
	at java.awt.EventDispatchThread.pumpOneEventForFilters(Unknown Source)
	at java.awt.EventDispatchThread.pumpEventsForFilter(Unknown Source)
	at java.awt.EventDispatchThread.pumpEventsForHierarchy(Unknown Source)
	at java.awt.EventDispatchThread.pumpEvents(Unknown Source)
	at java.awt.EventDispatchThread.pumpEvents(Unknown Source)
	at java.awt.EventDispatchThread.run(Unknown Source)
2026-02-26 17:06:53,374 [AWT-EventQueue-0] WARN  o.o.briefcase.util.FormCache - Can't parse form file
org.opendatakit.briefcase.util.BadFormDefinition: org.opendatakit.aggregate.exception.ODKIncompleteSubmissionData: org.javarosa.xform.parse.XFormParseException: XML Syntax Error at Line: 1, Column: 8387!
	at org.opendatakit.briefcase.model.BriefcaseFormDefinition.<init>(BriefcaseFormDefinition.java:297)
	at org.opendatakit.briefcase.util.FormCache.lambda$update$1(FormCache.java:123)
	at java.util.stream.ForEachOps$ForEachOp$OfRef.accept(Unknown Source)
	at java.util.stream.ReferencePipeline$2$1.accept(Unknown Source)
	at java.util.Iterator.forEachRemaining(Unknown Source)
	at java.util.Spliterators$IteratorSpliterator.forEachRemaining(Unknown Source)
	at java.util.stream.AbstractPipeline.copyInto(Unknown Source)
	at java.util.stream.AbstractPipeline.wrapAndCopyInto(Unknown Source)
	at java.util.stream.ForEachOps$ForEachOp.evaluateSequential(Unknown Source)
	at java.util.stream.ForEachOps$ForEachOp$OfRef.evaluateSequential(Unknown Source)
	at java.util.stream.AbstractPipeline.evaluate(Unknown Source)
	at java.util.stream.ReferencePipeline.forEach(Unknown Source)
	at org.opendatakit.briefcase.util.FormCache.lambda$update$2(FormCache.java:117)
	at java.util.Optional.ifPresent(Unknown Source)
	at org.opendatakit.briefcase.util.FormCache.update(FormCache.java:113)
	at org.opendatakit.briefcase.util.FormCache.onPullSuccess(FormCache.java:150)
	at sun.reflect.GeneratedMethodAccessor11.invoke(Unknown Source)
	at sun.reflect.DelegatingMethodAccessorImpl.invoke(Unknown Source)
	at java.lang.reflect.Method.invoke(Unknown Source)
	at org.bushe.swing.event.annotation.BaseProxySubscriber.onEvent(BaseProxySubscriber.java:69)
	at org.bushe.swing.event.ThreadSafeEventService.publish(ThreadSafeEventService.java:971)
	at org.bushe.swing.event.SwingEventService.access$001(SwingEventService.java:31)
	at org.bushe.swing.event.SwingEventService$1.run(SwingEventService.java:88)
	at java.awt.event.InvocationEvent.dispatch(Unknown Source)
	at java.awt.EventQueue.dispatchEventImpl(Unknown Source)
	at java.awt.EventQueue.access$500(Unknown Source)
	at java.awt.EventQueue$3.run(Unknown Source)
	at java.awt.EventQueue$3.run(Unknown Source)
	at java.security.AccessController.doPrivileged(Native Method)
	at java.security.ProtectionDomain$JavaSecurityAccessImpl.doIntersectionPrivilege(Unknown Source)
	at java.awt.EventQueue.dispatchEvent(Unknown Source)
	at java.awt.EventDispatchThread.pumpOneEventForFilters(Unknown Source)
	at java.awt.EventDispatchThread.pumpEventsForFilter(Unknown Source)
	at java.awt.EventDispatchThread.pumpEventsForHierarchy(Unknown Source)
	at java.awt.EventDispatchThread.pumpEvents(Unknown Source)
	at java.awt.EventDispatchThread.pumpEvents(Unknown Source)
	at java.awt.EventDispatchThread.run(Unknown Source)
Caused by: org.opendatakit.aggregate.exception.ODKIncompleteSubmissionData: org.javarosa.xform.parse.XFormParseException: XML Syntax Error at Line: 1, Column: 8387!
	at org.opendatakit.aggregate.parser.BaseFormParserForJavaRosa.parseFormDefinition(BaseFormParserForJavaRosa.java:210)
	at org.opendatakit.aggregate.parser.BaseFormParserForJavaRosa.<init>(BaseFormParserForJavaRosa.java:359)
	at org.opendatakit.briefcase.util.JavaRosaParserWrapper.<init>(JavaRosaParserWrapper.java:15)
	at org.opendatakit.briefcase.model.BriefcaseFormDefinition.<init>(BriefcaseFormDefinition.java:294)
	... 36 common frames omitted
Caused by: org.javarosa.xform.parse.XFormParseException: XML Syntax Error at Line: 1, Column: 8387!
	at org.javarosa.xform.parse.XFormParser.getXMLDocument(XFormParser.java:448)
	at org.javarosa.xform.parse.XFormParser.getXMLDocument(XFormParser.java:414)
	at org.opendatakit.aggregate.parser.BaseFormParserForJavaRosa.parseFormDefinition(BaseFormParserForJavaRosa.java:207)
	... 39 common frames omitted
2026-02-26 17:06:53,389 [AWT-EventQueue-0] INFO  XFormParser - Reading XML and parsing with kXML2 finished in 3.348 ms
2026-02-26 17:06:53,390 [AWT-EventQueue-0] INFO  XFormParser - Consolidating text finished in 1.080 ms
2026-02-26 17:06:53,390 [AWT-EventQueue-0] INFO  XFormParser - Parsing form...
2026-02-26 17:06:53,390 [AWT-EventQueue-0] INFO  XFormParser - Title: "VIGILÂNCIA  AMBIENTAL"
2026-02-26 17:06:53,390 [ForkJoinPool-16-worker-3] INFO  o.o.b.p.a.PullFromAggregateTracker - Pull Formulário da Vigilancia Hospitalar - Laboratório - Submission 1 of 21 downloaded
2026-02-26 17:06:53,392 [AWT-EventQueue-0] WARN  XFormParser - XForm Parse Warning: Warning: 1 Unrecognized attributes found in Element [model] and will be ignored: [xforms-version] 
    Problem found at nodeset: /html/head/model
    With element <model xforms-version="1.0.0"><instance><data id="VIGILÂNCIA  AMBIENTAL_v2" version="2" prefix="VIGILÂNCIA  AMBIENTAL_v2" delimiter="$">...

2026-02-26 17:06:53,397 [ForkJoinPool-16-worker-3] INFO  o.o.b.p.a.PullFromAggregateTracker - Pull Formulário da Vigilancia Hospitalar - Laboratório - Start downloading submission 4 of 21
2026-02-26 17:06:53,411 [AWT-EventQueue-0] INFO  XFormParser - Creating FormDef from parsed XML finished in 20.295 ms
2026-02-26 17:06:53,492 [AWT-EventQueue-0] ERROR XFormParser - XML Syntax Error at Line: 1, Column: 8387!
org.xmlpull.v1.XmlPullParserException: expected: /input read: select (position:END_TAG </select>@1:8387 in java.io.StringReader@e9ce28) 
	at org.kxml2.io.KXmlParser.exception(Unknown Source)
	at org.kxml2.io.KXmlParser.error(Unknown Source)
	at org.kxml2.io.KXmlParser.parseEndTag(Unknown Source)
	at org.kxml2.io.KXmlParser.nextImpl(Unknown Source)
	at org.kxml2.io.KXmlParser.nextToken(Unknown Source)
	at org.kxml2.kdom.Element.parse(Unknown Source)
	at org.kxml2.kdom.Node.parse(Unknown Source)
	at org.kxml2.kdom.Element.parse(Unknown Source)
	at org.kxml2.kdom.Node.parse(Unknown Source)
	at org.kxml2.kdom.Element.parse(Unknown Source)
	at org.kxml2.kdom.Node.parse(Unknown Source)
	at org.kxml2.kdom.Element.parse(Unknown Source)
	at org.kxml2.kdom.Node.parse(Unknown Source)
	at org.kxml2.kdom.Element.parse(Unknown Source)
	at org.kxml2.kdom.Node.parse(Unknown Source)
	at org.kxml2.kdom.Document.parse(Unknown Source)
	at org.javarosa.xform.parse.XFormParser.getXMLDocument(XFormParser.java:444)
	at org.javarosa.xform.parse.XFormParser.getXMLDocument(XFormParser.java:414)
	at org.opendatakit.aggregate.parser.BaseFormParserForJavaRosa.parseFormDefinition(BaseFormParserForJavaRosa.java:207)
	at org.opendatakit.aggregate.parser.BaseFormParserForJavaRosa.<init>(BaseFormParserForJavaRosa.java:359)
	at org.opendatakit.briefcase.util.JavaRosaParserWrapper.<init>(JavaRosaParserWrapper.java:15)
	at org.opendatakit.briefcase.model.BriefcaseFormDefinition.<init>(BriefcaseFormDefinition.java:294)
	at org.opendatakit.briefcase.util.FormCache.lambda$update$1(FormCache.java:123)
	at java.util.stream.ForEachOps$ForEachOp$OfRef.accept(Unknown Source)
	at java.util.stream.ReferencePipeline$2$1.accept(Unknown Source)
	at java.util.Iterator.forEachRemaining(Unknown Source)
	at java.util.Spliterators$IteratorSpliterator.forEachRemaining(Unknown Source)
	at java.util.stream.AbstractPipeline.copyInto(Unknown Source)
	at java.util.stream.AbstractPipeline.wrapAndCopyInto(Unknown Source)
	at java.util.stream.ForEachOps$ForEachOp.evaluateSequential(Unknown Source)
	at java.util.stream.ForEachOps$ForEachOp$OfRef.evaluateSequential(Unknown Source)
	at java.util.stream.AbstractPipeline.evaluate(Unknown Source)
	at java.util.stream.ReferencePipeline.forEach(Unknown Source)
	at org.opendatakit.briefcase.util.FormCache.lambda$update$2(FormCache.java:117)
	at java.util.Optional.ifPresent(Unknown Source)
	at org.opendatakit.briefcase.util.FormCache.update(FormCache.java:113)
	at org.opendatakit.briefcase.util.FormCache.onPullSuccess(FormCache.java:150)
	at sun.reflect.GeneratedMethodAccessor11.invoke(Unknown Source)
	at sun.reflect.DelegatingMethodAccessorImpl.invoke(Unknown Source)
	at java.lang.reflect.Method.invoke(Unknown Source)
	at org.bushe.swing.event.annotation.BaseProxySubscriber.onEvent(BaseProxySubscriber.java:69)
	at org.bushe.swing.event.ThreadSafeEventService.publish(ThreadSafeEventService.java:971)
	at org.bushe.swing.event.SwingEventService.access$001(SwingEventService.java:31)
	at org.bushe.swing.event.SwingEventService$1.run(SwingEventService.java:88)
	at java.awt.event.InvocationEvent.dispatch(Unknown Source)
	at java.awt.EventQueue.dispatchEventImpl(Unknown Source)
	at java.awt.EventQueue.access$500(Unknown Source)
	at java.awt.EventQueue$3.run(Unknown Source)
	at java.awt.EventQueue$3.run(Unknown Source)
	at java.security.AccessController.doPrivileged(Native Method)
	at java.security.ProtectionDomain$JavaSecurityAccessImpl.doIntersectionPrivilege(Unknown Source)
	at java.awt.EventQueue.dispatchEvent(Unknown Source)
	at java.awt.EventDispatchThread.pumpOneEventForFilters(Unknown Source)
	at java.awt.EventDispatchThread.pumpEventsForFilter(Unknown Source)
	at java.awt.EventDispatchThread.pumpEventsForHierarchy(Unknown Source)
	at java.awt.EventDispatchThread.pumpEvents(Unknown Source)
	at java.awt.EventDispatchThread.pumpEvents(Unknown Source)
	at java.awt.EventDispatchThread.run(Unknown Source)
2026-02-26 17:06:53,492 [AWT-EventQueue-0] WARN  o.o.briefcase.util.FormCache - Can't parse form file
org.opendatakit.briefcase.util.BadFormDefinition: org.opendatakit.aggregate.exception.ODKIncompleteSubmissionData: org.javarosa.xform.parse.XFormParseException: XML Syntax Error at Line: 1, Column: 8387!
	at org.opendatakit.briefcase.model.BriefcaseFormDefinition.<init>(BriefcaseFormDefinition.java:297)
	at org.opendatakit.briefcase.util.FormCache.lambda$update$1(FormCache.java:123)
	at java.util.stream.ForEachOps$ForEachOp$OfRef.accept(Unknown Source)
	at java.util.stream.ReferencePipeline$2$1.accept(Unknown Source)
	at java.util.Iterator.forEachRemaining(Unknown Source)
	at java.util.Spliterators$IteratorSpliterator.forEachRemaining(Unknown Source)
	at java.util.stream.AbstractPipeline.copyInto(Unknown Source)
	at java.util.stream.AbstractPipeline.wrapAndCopyInto(Unknown Source)
	at java.util.stream.ForEachOps$ForEachOp.evaluateSequential(Unknown Source)
	at java.util.stream.ForEachOps$ForEachOp$OfRef.evaluateSequential(Unknown Source)
	at java.util.stream.AbstractPipeline.evaluate(Unknown Source)
	at java.util.stream.ReferencePipeline.forEach(Unknown Source)
	at org.opendatakit.briefcase.util.FormCache.lambda$update$2(FormCache.java:117)
	at java.util.Optional.ifPresent(Unknown Source)
	at org.opendatakit.briefcase.util.FormCache.update(FormCache.java:113)
	at org.opendatakit.briefcase.util.FormCache.onPullSuccess(FormCache.java:150)
	at sun.reflect.GeneratedMethodAccessor11.invoke(Unknown Source)
	at sun.reflect.DelegatingMethodAccessorImpl.invoke(Unknown Source)
	at java.lang.reflect.Method.invoke(Unknown Source)
	at org.bushe.swing.event.annotation.BaseProxySubscriber.onEvent(BaseProxySubscriber.java:69)
	at org.bushe.swing.event.ThreadSafeEventService.publish(ThreadSafeEventService.java:971)
	at org.bushe.swing.event.SwingEventService.access$001(SwingEventService.java:31)
	at org.bushe.swing.event.SwingEventService$1.run(SwingEventService.java:88)
	at java.awt.event.InvocationEvent.dispatch(Unknown Source)
	at java.awt.EventQueue.dispatchEventImpl(Unknown Source)
	at java.awt.EventQueue.access$500(Unknown Source)
	at java.awt.EventQueue$3.run(Unknown Source)
	at java.awt.EventQueue$3.run(Unknown Source)
	at java.security.AccessController.doPrivileged(Native Method)
	at java.security.ProtectionDomain$JavaSecurityAccessImpl.doIntersectionPrivilege(Unknown Source)
	at java.awt.EventQueue.dispatchEvent(Unknown Source)
	at java.awt.EventDispatchThread.pumpOneEventForFilters(Unknown Source)
	at java.awt.EventDispatchThread.pumpEventsForFilter(Unknown Source)
	at java.awt.EventDispatchThread.pumpEventsForHierarchy(Unknown Source)
	at java.awt.EventDispatchThread.pumpEvents(Unknown Source)
	at java.awt.EventDispatchThread.pumpEvents(Unknown Source)
	at java.awt.EventDispatchThread.run(Unknown Source)
Caused by: org.opendatakit.aggregate.exception.ODKIncompleteSubmissionData: org.javarosa.xform.parse.XFormParseException: XML Syntax Error at Line: 1, Column: 8387!
	at org.opendatakit.aggregate.parser.BaseFormParserForJavaRosa.parseFormDefinition(BaseFormParserForJavaRosa.java:210)
	at org.opendatakit.aggregate.parser.BaseFormParserForJavaRosa.<init>(BaseFormParserForJavaRosa.java:359)
	at org.opendatakit.briefcase.util.JavaRosaParserWrapper.<init>(JavaRosaParserWrapper.java:15)
	at org.opendatakit.briefcase.model.BriefcaseFormDefinition.<init>(BriefcaseFormDefinition.java:294)
	... 36 common frames omitted
Caused by: org.javarosa.xform.parse.XFormParseException: XML Syntax Error at Line: 1, Column: 8387!
	at org.javarosa.xform.parse.XFormParser.getXMLDocument(XFormParser.java:448)
	at org.javarosa.xform.parse.XFormParser.getXMLDocument(XFormParser.java:414)
	at org.opendatakit.aggregate.parser.BaseFormParserForJavaRosa.parseFormDefinition(BaseFormParserForJavaRosa.java:207)
	... 39 common frames omitted
2026-02-26 17:06:53,498 [ForkJoinPool-16-worker-2] INFO  o.o.b.p.a.PullFromAggregateTracker - Pull Formulário da Vigilancia Hospitalar - Got all the submission IDs
2026-02-26 17:06:53,501 [ForkJoinPool-16-worker-4] INFO  o.o.b.p.a.PullFromAggregateTracker - Pull Formulário da Vigilancia Hospitalar - Laboratório - Submission 2 of 21 downloaded
2026-02-26 17:06:53,502 [ForkJoinPool-16-worker-4] INFO  o.o.b.p.a.PullFromAggregateTracker - Pull Formulário da Vigilancia Hospitalar - Laboratório - Start downloading submission 5 of 21
2026-02-26 17:06:53,510 [ForkJoinPool-16-worker-8] INFO  o.o.b.p.a.PullFromAggregateTracker - Pull Formulário da Vigilancia Hospitalar - Form downloaded
2026-02-26 17:06:53,510 [ForkJoinPool-16-worker-8] INFO  o.o.b.p.a.PullFromAggregateTracker - Pull Formulário da Vigilancia Hospitalar - Start getting form manifest
2026-02-26 17:06:53,516 [ForkJoinPool-16-worker-13] INFO  o.o.b.p.a.PullFromAggregateTracker - Pull Formulário da Vigilancia Comunitaria - Form downloaded
2026-02-26 17:06:53,516 [ForkJoinPool-16-worker-13] INFO  o.o.b.p.a.PullFromAggregateTracker - Pull Formulário da Vigilancia Comunitaria - Start getting submission IDs
2026-02-26 17:06:53,586 [ForkJoinPool-16-worker-1] INFO  o.o.b.p.a.PullFromAggregateTracker - Pull Formulário da Vigilancia Hospitalar - Form downloaded
2026-02-26 17:06:53,586 [ForkJoinPool-16-worker-1] INFO  o.o.b.p.a.PullFromAggregateTracker - Pull Formulário da Vigilancia Hospitalar - Start getting submission IDs
2026-02-26 17:06:53,595 [ForkJoinPool-16-worker-11] INFO  o.o.b.p.a.PullFromAggregateTracker - Pull VIGILÂNCIA  AMBIENTAL - Got all the submission IDs
2026-02-26 17:06:53,601 [ForkJoinPool-16-worker-11] INFO  o.o.b.p.a.PullFromAggregateTracker - Push VIGILÂNCIA  AMBIENTAL - There are no submissions to download
2026-02-26 17:06:53,603 [ForkJoinPool-16-worker-2] INFO  o.o.b.p.a.PullFromAggregateTracker - Push Formulário da Vigilancia Hospitalar - There are no submissions to download
2026-02-26 17:06:53,605 [ForkJoinPool-16-worker-2] INFO  o.o.b.p.a.PullFromAggregateTracker - Pull Formulário da Vigilancia Hospitalar - Success
2026-02-26 17:06:53,605 [ForkJoinPool-16-worker-11] INFO  o.o.b.p.a.PullFromAggregateTracker - Pull VIGILÂNCIA  AMBIENTAL - Success
2026-02-26 17:06:53,607 [ForkJoinPool-16-worker-2] INFO  o.o.b.p.a.PullFromAggregateTracker - Pull VIGILÂNCIA  AMBIENTAL - Start pulling form and submissions
2026-02-26 17:06:53,607 [ForkJoinPool-16-worker-2] INFO  o.o.b.p.a.PullFromAggregateTracker - Pull VIGILÂNCIA  AMBIENTAL - Start downloading form
2026-02-26 17:06:53,609 [ForkJoinPool-16-worker-11] INFO  o.o.b.p.a.PullFromAggregateTracker - Pull Formulário da Vigilancia Hospitalar - Laboratório - Start downloading submission 6 of 21
2026-02-26 17:06:53,668 [AWT-EventQueue-0] INFO  XFormParser - Reading XML and parsing with kXML2 finished in 13.970 ms
2026-02-26 17:06:53,674 [AWT-EventQueue-0] INFO  XFormParser - Consolidating text finished in 6.346 ms
2026-02-26 17:06:53,674 [AWT-EventQueue-0] INFO  XFormParser - Parsing form...
2026-02-26 17:06:53,675 [AWT-EventQueue-0] INFO  XFormParser - Title: "Formulário da Vigilancia Comunitaria"
2026-02-26 17:06:53,676 [AWT-EventQueue-0] WARN  XFormParser - XForm Parse Warning: Warning: 1 Unrecognized attributes found in Element [model] and will be ignored: [xforms-version] 
    Problem found at nodeset: /html/head/model
    With element <model xforms-version="1.0.0"><instance><data id="Comunidade_v3" version="1" prefix="Comunidade_v3" delimiter="$">...

2026-02-26 17:06:53,741 [AWT-EventQueue-0] INFO  XFormParser - Creating FormDef from parsed XML finished in 65.643 ms
2026-02-26 17:06:53,774 [AWT-EventQueue-0] INFO  XFormParser - Reading XML and parsing with kXML2 finished in 15.934 ms
2026-02-26 17:06:53,781 [AWT-EventQueue-0] INFO  XFormParser - Consolidating text finished in 6.737 ms
2026-02-26 17:06:53,781 [AWT-EventQueue-0] INFO  XFormParser - Parsing form...
2026-02-26 17:06:53,783 [AWT-EventQueue-0] INFO  XFormParser - Title: "Formulário da Vigilancia Hospitalar"
2026-02-26 17:06:53,783 [AWT-EventQueue-0] WARN  XFormParser - XForm Parse Warning: Warning: 1 Unrecognized attributes found in Element [model] and will be ignored: [xforms-version] 
    Problem found at nodeset: /html/head/model
    With element <model xforms-version="1.0.0"><instance><data id="hospitalar_v3" version="3" prefix="Hospitalar_v3" delimiter="$">...

2026-02-26 17:06:53,800 [ForkJoinPool-16-worker-10] INFO  o.o.b.p.a.PullFromAggregateTracker - Pull Formulário da Vigilancia Comunitaria - Got all the submission IDs
2026-02-26 17:06:53,802 [ForkJoinPool-16-worker-4] INFO  o.o.b.p.a.PullFromAggregateTracker - Pull Formulário da Vigilancia Hospitalar - Laboratório - Submission 5 of 21 downloaded
2026-02-26 17:06:53,806 [ForkJoinPool-16-worker-3] INFO  o.o.b.p.a.PullFromAggregateTracker - Pull Formulário da Vigilancia Hospitalar - Laboratório - Submission 4 of 21 downloaded
2026-02-26 17:06:53,806 [ForkJoinPool-16-worker-15] INFO  o.o.b.p.a.PullFromAggregateTracker - Pull Formulário da Vigilancia Hospitalar - Laboratório - Submission 3 of 21 downloaded
2026-02-26 17:06:53,807 [ForkJoinPool-16-worker-4] INFO  o.o.b.p.a.PullFromAggregateTracker - Pull Formulário da Vigilancia Hospitalar - Laboratório - Start downloading submission 7 of 21
2026-02-26 17:06:53,809 [ForkJoinPool-16-worker-8] INFO  o.o.b.p.a.PullFromAggregateTracker - Pull Formulário da Vigilancia Hospitalar - Got the form manifest
2026-02-26 17:06:53,809 [ForkJoinPool-16-worker-8] INFO  o.o.b.p.a.PullFromAggregateTracker - Pull Formulário da Vigilancia Hospitalar - Skipping 1 form attachments that have been already downloaded
2026-02-26 17:06:53,809 [ForkJoinPool-16-worker-15] INFO  o.o.b.p.a.PullFromAggregateTracker - Pull Formulário da Vigilancia Hospitalar - Laboratório - Start downloading submission 8 of 21
2026-02-26 17:06:53,810 [ForkJoinPool-16-worker-8] INFO  o.o.b.p.a.PullFromAggregateTracker - Pull Formulário da Vigilancia Hospitalar - Start getting submission IDs
2026-02-26 17:06:53,812 [ForkJoinPool-16-worker-3] INFO  o.o.b.p.a.PullFromAggregateTracker - Pull Formulário da Vigilancia Hospitalar - Laboratório - Start downloading submission 9 of 21
2026-02-26 17:06:53,822 [AWT-EventQueue-0] INFO  XFormParser - Creating FormDef from parsed XML finished in 39.253 ms
2026-02-26 17:06:53,824 [AWT-EventQueue-0] ERROR XFormParser - XML Syntax Error at Line: 1, Column: 8387!
org.xmlpull.v1.XmlPullParserException: expected: /input read: select (position:END_TAG </select>@1:8387 in java.io.StringReader@17706b7) 
	at org.kxml2.io.KXmlParser.exception(Unknown Source)
	at org.kxml2.io.KXmlParser.error(Unknown Source)
	at org.kxml2.io.KXmlParser.parseEndTag(Unknown Source)
	at org.kxml2.io.KXmlParser.nextImpl(Unknown Source)
	at org.kxml2.io.KXmlParser.nextToken(Unknown Source)
	at org.kxml2.kdom.Element.parse(Unknown Source)
	at org.kxml2.kdom.Node.parse(Unknown Source)
	at org.kxml2.kdom.Element.parse(Unknown Source)
	at org.kxml2.kdom.Node.parse(Unknown Source)
	at org.kxml2.kdom.Element.parse(Unknown Source)
	at org.kxml2.kdom.Node.parse(Unknown Source)
	at org.kxml2.kdom.Element.parse(Unknown Source)
	at org.kxml2.kdom.Node.parse(Unknown Source)
	at org.kxml2.kdom.Element.parse(Unknown Source)
	at org.kxml2.kdom.Node.parse(Unknown Source)
	at org.kxml2.kdom.Document.parse(Unknown Source)
	at org.javarosa.xform.parse.XFormParser.getXMLDocument(XFormParser.java:444)
	at org.javarosa.xform.parse.XFormParser.getXMLDocument(XFormParser.java:414)
	at org.opendatakit.aggregate.parser.BaseFormParserForJavaRosa.parseFormDefinition(BaseFormParserForJavaRosa.java:207)
	at org.opendatakit.aggregate.parser.BaseFormParserForJavaRosa.<init>(BaseFormParserForJavaRosa.java:359)
	at org.opendatakit.briefcase.util.JavaRosaParserWrapper.<init>(JavaRosaParserWrapper.java:15)
	at org.opendatakit.briefcase.model.BriefcaseFormDefinition.<init>(BriefcaseFormDefinition.java:294)
	at org.opendatakit.briefcase.util.FormCache.lambda$update$1(FormCache.java:123)
	at java.util.stream.ForEachOps$ForEachOp$OfRef.accept(Unknown Source)
	at java.util.stream.ReferencePipeline$2$1.accept(Unknown Source)
	at java.util.Iterator.forEachRemaining(Unknown Source)
	at java.util.Spliterators$IteratorSpliterator.forEachRemaining(Unknown Source)
	at java.util.stream.AbstractPipeline.copyInto(Unknown Source)
	at java.util.stream.AbstractPipeline.wrapAndCopyInto(Unknown Source)
	at java.util.stream.ForEachOps$ForEachOp.evaluateSequential(Unknown Source)
	at java.util.stream.ForEachOps$ForEachOp$OfRef.evaluateSequential(Unknown Source)
	at java.util.stream.AbstractPipeline.evaluate(Unknown Source)
	at java.util.stream.ReferencePipeline.forEach(Unknown Source)
	at org.opendatakit.briefcase.util.FormCache.lambda$update$2(FormCache.java:117)
	at java.util.Optional.ifPresent(Unknown Source)
	at org.opendatakit.briefcase.util.FormCache.update(FormCache.java:113)
	at org.opendatakit.briefcase.util.FormCache.onPullSuccess(FormCache.java:150)
	at sun.reflect.GeneratedMethodAccessor11.invoke(Unknown Source)
	at sun.reflect.DelegatingMethodAccessorImpl.invoke(Unknown Source)
	at java.lang.reflect.Method.invoke(Unknown Source)
	at org.bushe.swing.event.annotation.BaseProxySubscriber.onEvent(BaseProxySubscriber.java:69)
	at org.bushe.swing.event.ThreadSafeEventService.publish(ThreadSafeEventService.java:971)
	at org.bushe.swing.event.SwingEventService.access$001(SwingEventService.java:31)
	at org.bushe.swing.event.SwingEventService$1.run(SwingEventService.java:88)
	at java.awt.event.InvocationEvent.dispatch(Unknown Source)
	at java.awt.EventQueue.dispatchEventImpl(Unknown Source)
	at java.awt.EventQueue.access$500(Unknown Source)
	at java.awt.EventQueue$3.run(Unknown Source)
	at java.awt.EventQueue$3.run(Unknown Source)
	at java.security.AccessController.doPrivileged(Native Method)
	at java.security.ProtectionDomain$JavaSecurityAccessImpl.doIntersectionPrivilege(Unknown Source)
	at java.awt.EventQueue.dispatchEvent(Unknown Source)
	at java.awt.EventDispatchThread.pumpOneEventForFilters(Unknown Source)
	at java.awt.EventDispatchThread.pumpEventsForFilter(Unknown Source)
	at java.awt.EventDispatchThread.pumpEventsForHierarchy(Unknown Source)
	at java.awt.EventDispatchThread.pumpEvents(Unknown Source)
	at java.awt.EventDispatchThread.pumpEvents(Unknown Source)
	at java.awt.EventDispatchThread.run(Unknown Source)
2026-02-26 17:06:53,824 [AWT-EventQueue-0] WARN  o.o.briefcase.util.FormCache - Can't parse form file
org.opendatakit.briefcase.util.BadFormDefinition: org.opendatakit.aggregate.exception.ODKIncompleteSubmissionData: org.javarosa.xform.parse.XFormParseException: XML Syntax Error at Line: 1, Column: 8387!
	at org.opendatakit.briefcase.model.BriefcaseFormDefinition.<init>(BriefcaseFormDefinition.java:297)
	at org.opendatakit.briefcase.util.FormCache.lambda$update$1(FormCache.java:123)
	at java.util.stream.ForEachOps$ForEachOp$OfRef.accept(Unknown Source)
	at java.util.stream.ReferencePipeline$2$1.accept(Unknown Source)
	at java.util.Iterator.forEachRemaining(Unknown Source)
	at java.util.Spliterators$IteratorSpliterator.forEachRemaining(Unknown Source)
	at java.util.stream.AbstractPipeline.copyInto(Unknown Source)
	at java.util.stream.AbstractPipeline.wrapAndCopyInto(Unknown Source)
	at java.util.stream.ForEachOps$ForEachOp.evaluateSequential(Unknown Source)
	at java.util.stream.ForEachOps$ForEachOp$OfRef.evaluateSequential(Unknown Source)
	at java.util.stream.AbstractPipeline.evaluate(Unknown Source)
	at java.util.stream.ReferencePipeline.forEach(Unknown Source)
	at org.opendatakit.briefcase.util.FormCache.lambda$update$2(FormCache.java:117)
	at java.util.Optional.ifPresent(Unknown Source)
	at org.opendatakit.briefcase.util.FormCache.update(FormCache.java:113)
	at org.opendatakit.briefcase.util.FormCache.onPullSuccess(FormCache.java:150)
	at sun.reflect.GeneratedMethodAccessor11.invoke(Unknown Source)
	at sun.reflect.DelegatingMethodAccessorImpl.invoke(Unknown Source)
	at java.lang.reflect.Method.invoke(Unknown Source)
	at org.bushe.swing.event.annotation.BaseProxySubscriber.onEvent(BaseProxySubscriber.java:69)
	at org.bushe.swing.event.ThreadSafeEventService.publish(ThreadSafeEventService.java:971)
	at org.bushe.swing.event.SwingEventService.access$001(SwingEventService.java:31)
	at org.bushe.swing.event.SwingEventService$1.run(SwingEventService.java:88)
	at java.awt.event.InvocationEvent.dispatch(Unknown Source)
	at java.awt.EventQueue.dispatchEventImpl(Unknown Source)
	at java.awt.EventQueue.access$500(Unknown Source)
	at java.awt.EventQueue$3.run(Unknown Source)
	at java.awt.EventQueue$3.run(Unknown Source)
	at java.security.AccessController.doPrivileged(Native Method)
	at java.security.ProtectionDomain$JavaSecurityAccessImpl.doIntersectionPrivilege(Unknown Source)
	at java.awt.EventQueue.dispatchEvent(Unknown Source)
	at java.awt.EventDispatchThread.pumpOneEventForFilters(Unknown Source)
	at java.awt.EventDispatchThread.pumpEventsForFilter(Unknown Source)
	at java.awt.EventDispatchThread.pumpEventsForHierarchy(Unknown Source)
	at java.awt.EventDispatchThread.pumpEvents(Unknown Source)
	at java.awt.EventDispatchThread.pumpEvents(Unknown Source)
	at java.awt.EventDispatchThread.run(Unknown Source)
Caused by: org.opendatakit.aggregate.exception.ODKIncompleteSubmissionData: org.javarosa.xform.parse.XFormParseException: XML Syntax Error at Line: 1, Column: 8387!
	at org.opendatakit.aggregate.parser.BaseFormParserForJavaRosa.parseFormDefinition(BaseFormParserForJavaRosa.java:210)
	at org.opendatakit.aggregate.parser.BaseFormParserForJavaRosa.<init>(BaseFormParserForJavaRosa.java:359)
	at org.opendatakit.briefcase.util.JavaRosaParserWrapper.<init>(JavaRosaParserWrapper.java:15)
	at org.opendatakit.briefcase.model.BriefcaseFormDefinition.<init>(BriefcaseFormDefinition.java:294)
	... 36 common frames omitted
Caused by: org.javarosa.xform.parse.XFormParseException: XML Syntax Error at Line: 1, Column: 8387!
	at org.javarosa.xform.parse.XFormParser.getXMLDocument(XFormParser.java:448)
	at org.javarosa.xform.parse.XFormParser.getXMLDocument(XFormParser.java:414)
	at org.opendatakit.aggregate.parser.BaseFormParserForJavaRosa.parseFormDefinition(BaseFormParserForJavaRosa.java:207)
	... 39 common frames omitted
2026-02-26 17:06:53,894 [ForkJoinPool-16-worker-10] INFO  o.o.b.p.a.PullFromAggregateTracker - Push Formulário da Vigilancia Comunitaria - There are no submissions to download
2026-02-26 17:06:53,897 [ForkJoinPool-16-worker-10] INFO  o.o.b.p.a.PullFromAggregateTracker - Pull Formulário da Vigilancia Comunitaria - Success
2026-02-26 17:06:53,901 [ForkJoinPool-16-worker-10] INFO  o.o.b.p.a.PullFromAggregateTracker - Pull Formulário da Vigilancia Hospitalar - Laboratório - Start downloading submission 10 of 21
2026-02-26 17:06:53,902 [ForkJoinPool-16-worker-13] INFO  o.o.b.p.a.PullFromAggregateTracker - Pull Formulário da Vigilancia Comunitaria - Got all the submission IDs
2026-02-26 17:06:53,923 [AWT-EventQueue-0] ERROR XFormParser - XML Syntax Error at Line: 1, Column: 8387!
org.xmlpull.v1.XmlPullParserException: expected: /input read: select (position:END_TAG </select>@1:8387 in java.io.StringReader@1695d4b) 
	at org.kxml2.io.KXmlParser.exception(Unknown Source)
	at org.kxml2.io.KXmlParser.error(Unknown Source)
	at org.kxml2.io.KXmlParser.parseEndTag(Unknown Source)
	at org.kxml2.io.KXmlParser.nextImpl(Unknown Source)
	at org.kxml2.io.KXmlParser.nextToken(Unknown Source)
	at org.kxml2.kdom.Element.parse(Unknown Source)
	at org.kxml2.kdom.Node.parse(Unknown Source)
	at org.kxml2.kdom.Element.parse(Unknown Source)
	at org.kxml2.kdom.Node.parse(Unknown Source)
	at org.kxml2.kdom.Element.parse(Unknown Source)
	at org.kxml2.kdom.Node.parse(Unknown Source)
	at org.kxml2.kdom.Element.parse(Unknown Source)
	at org.kxml2.kdom.Node.parse(Unknown Source)
	at org.kxml2.kdom.Element.parse(Unknown Source)
	at org.kxml2.kdom.Node.parse(Unknown Source)
	at org.kxml2.kdom.Document.parse(Unknown Source)
	at org.javarosa.xform.parse.XFormParser.getXMLDocument(XFormParser.java:444)
	at org.javarosa.xform.parse.XFormParser.getXMLDocument(XFormParser.java:414)
	at org.opendatakit.aggregate.parser.BaseFormParserForJavaRosa.parseFormDefinition(BaseFormParserForJavaRosa.java:207)
	at org.opendatakit.aggregate.parser.BaseFormParserForJavaRosa.<init>(BaseFormParserForJavaRosa.java:359)
	at org.opendatakit.briefcase.util.JavaRosaParserWrapper.<init>(JavaRosaParserWrapper.java:15)
	at org.opendatakit.briefcase.model.BriefcaseFormDefinition.<init>(BriefcaseFormDefinition.java:294)
	at org.opendatakit.briefcase.util.FormCache.lambda$update$1(FormCache.java:123)
	at java.util.stream.ForEachOps$ForEachOp$OfRef.accept(Unknown Source)
	at java.util.stream.ReferencePipeline$2$1.accept(Unknown Source)
	at java.util.Iterator.forEachRemaining(Unknown Source)
	at java.util.Spliterators$IteratorSpliterator.forEachRemaining(Unknown Source)
	at java.util.stream.AbstractPipeline.copyInto(Unknown Source)
	at java.util.stream.AbstractPipeline.wrapAndCopyInto(Unknown Source)
	at java.util.stream.ForEachOps$ForEachOp.evaluateSequential(Unknown Source)
	at java.util.stream.ForEachOps$ForEachOp$OfRef.evaluateSequential(Unknown Source)
	at java.util.stream.AbstractPipeline.evaluate(Unknown Source)
	at java.util.stream.ReferencePipeline.forEach(Unknown Source)
	at org.opendatakit.briefcase.util.FormCache.lambda$update$2(FormCache.java:117)
	at java.util.Optional.ifPresent(Unknown Source)
	at org.opendatakit.briefcase.util.FormCache.update(FormCache.java:113)
	at org.opendatakit.briefcase.util.FormCache.onPullSuccess(FormCache.java:150)
	at sun.reflect.GeneratedMethodAccessor11.invoke(Unknown Source)
	at sun.reflect.DelegatingMethodAccessorImpl.invoke(Unknown Source)
	at java.lang.reflect.Method.invoke(Unknown Source)
	at org.bushe.swing.event.annotation.BaseProxySubscriber.onEvent(BaseProxySubscriber.java:69)
	at org.bushe.swing.event.ThreadSafeEventService.publish(ThreadSafeEventService.java:971)
	at org.bushe.swing.event.SwingEventService.access$001(SwingEventService.java:31)
	at org.bushe.swing.event.SwingEventService$1.run(SwingEventService.java:88)
	at java.awt.event.InvocationEvent.dispatch(Unknown Source)
	at java.awt.EventQueue.dispatchEventImpl(Unknown Source)
	at java.awt.EventQueue.access$500(Unknown Source)
	at java.awt.EventQueue$3.run(Unknown Source)
	at java.awt.EventQueue$3.run(Unknown Source)
	at java.security.AccessController.doPrivileged(Native Method)
	at java.security.ProtectionDomain$JavaSecurityAccessImpl.doIntersectionPrivilege(Unknown Source)
	at java.awt.EventQueue.dispatchEvent(Unknown Source)
	at java.awt.EventDispatchThread.pumpOneEventForFilters(Unknown Source)
	at java.awt.EventDispatchThread.pumpEventsForFilter(Unknown Source)
	at java.awt.EventDispatchThread.pumpEventsForHierarchy(Unknown Source)
	at java.awt.EventDispatchThread.pumpEvents(Unknown Source)
	at java.awt.EventDispatchThread.pumpEvents(Unknown Source)
	at java.awt.EventDispatchThread.run(Unknown Source)
2026-02-26 17:06:53,925 [AWT-EventQueue-0] WARN  o.o.briefcase.util.FormCache - Can't parse form file
org.opendatakit.briefcase.util.BadFormDefinition: org.opendatakit.aggregate.exception.ODKIncompleteSubmissionData: org.javarosa.xform.parse.XFormParseException: XML Syntax Error at Line: 1, Column: 8387!
	at org.opendatakit.briefcase.model.BriefcaseFormDefinition.<init>(BriefcaseFormDefinition.java:297)
	at org.opendatakit.briefcase.util.FormCache.lambda$update$1(FormCache.java:123)
	at java.util.stream.ForEachOps$ForEachOp$OfRef.accept(Unknown Source)
	at java.util.stream.ReferencePipeline$2$1.accept(Unknown Source)
	at java.util.Iterator.forEachRemaining(Unknown Source)
	at java.util.Spliterators$IteratorSpliterator.forEachRemaining(Unknown Source)
	at java.util.stream.AbstractPipeline.copyInto(Unknown Source)
	at java.util.stream.AbstractPipeline.wrapAndCopyInto(Unknown Source)
	at java.util.stream.ForEachOps$ForEachOp.evaluateSequential(Unknown Source)
	at java.util.stream.ForEachOps$ForEachOp$OfRef.evaluateSequential(Unknown Source)
	at java.util.stream.AbstractPipeline.evaluate(Unknown Source)
	at java.util.stream.ReferencePipeline.forEach(Unknown Source)
	at org.opendatakit.briefcase.util.FormCache.lambda$update$2(FormCache.java:117)
	at java.util.Optional.ifPresent(Unknown Source)
	at org.opendatakit.briefcase.util.FormCache.update(FormCache.java:113)
	at org.opendatakit.briefcase.util.FormCache.onPullSuccess(FormCache.java:150)
	at sun.reflect.GeneratedMethodAccessor11.invoke(Unknown Source)
	at sun.reflect.DelegatingMethodAccessorImpl.invoke(Unknown Source)
	at java.lang.reflect.Method.invoke(Unknown Source)
	at org.bushe.swing.event.annotation.BaseProxySubscriber.onEvent(BaseProxySubscriber.java:69)
	at org.bushe.swing.event.ThreadSafeEventService.publish(ThreadSafeEventService.java:971)
	at org.bushe.swing.event.SwingEventService.access$001(SwingEventService.java:31)
	at org.bushe.swing.event.SwingEventService$1.run(SwingEventService.java:88)
	at java.awt.event.InvocationEvent.dispatch(Unknown Source)
	at java.awt.EventQueue.dispatchEventImpl(Unknown Source)
	at java.awt.EventQueue.access$500(Unknown Source)
	at java.awt.EventQueue$3.run(Unknown Source)
	at java.awt.EventQueue$3.run(Unknown Source)
	at java.security.AccessController.doPrivileged(Native Method)
	at java.security.ProtectionDomain$JavaSecurityAccessImpl.doIntersectionPrivilege(Unknown Source)
	at java.awt.EventQueue.dispatchEvent(Unknown Source)
	at java.awt.EventDispatchThread.pumpOneEventForFilters(Unknown Source)
	at java.awt.EventDispatchThread.pumpEventsForFilter(Unknown Source)
	at java.awt.EventDispatchThread.pumpEventsForHierarchy(Unknown Source)
	at java.awt.EventDispatchThread.pumpEvents(Unknown Source)
	at java.awt.EventDispatchThread.pumpEvents(Unknown Source)
	at java.awt.EventDispatchThread.run(Unknown Source)
Caused by: org.opendatakit.aggregate.exception.ODKIncompleteSubmissionData: org.javarosa.xform.parse.XFormParseException: XML Syntax Error at Line: 1, Column: 8387!
	at org.opendatakit.aggregate.parser.BaseFormParserForJavaRosa.parseFormDefinition(BaseFormParserForJavaRosa.java:210)
	at org.opendatakit.aggregate.parser.BaseFormParserForJavaRosa.<init>(BaseFormParserForJavaRosa.java:359)
	at org.opendatakit.briefcase.util.JavaRosaParserWrapper.<init>(JavaRosaParserWrapper.java:15)
	at org.opendatakit.briefcase.model.BriefcaseFormDefinition.<init>(BriefcaseFormDefinition.java:294)
	... 36 common frames omitted
Caused by: org.javarosa.xform.parse.XFormParseException: XML Syntax Error at Line: 1, Column: 8387!
	at org.javarosa.xform.parse.XFormParser.getXMLDocument(XFormParser.java:448)
	at org.javarosa.xform.parse.XFormParser.getXMLDocument(XFormParser.java:414)
	at org.opendatakit.aggregate.parser.BaseFormParserForJavaRosa.parseFormDefinition(BaseFormParserForJavaRosa.java:207)
	... 39 common frames omitted
2026-02-26 17:06:53,972 [ForkJoinPool-16-worker-13] INFO  o.o.b.p.a.PullFromAggregateTracker - Push Formulário da Vigilancia Comunitaria - There are no submissions to download
2026-02-26 17:06:53,973 [ForkJoinPool-16-worker-13] INFO  o.o.b.p.a.PullFromAggregateTracker - Pull Formulário da Vigilancia Comunitaria - Success
2026-02-26 17:06:53,980 [ForkJoinPool-16-worker-13] INFO  o.o.b.p.a.PullFromAggregateTracker - Pull Formulário da Vigilancia Comunitaria - Start pulling form and submissions
2026-02-26 17:06:53,981 [ForkJoinPool-16-worker-13] INFO  o.o.b.p.a.PullFromAggregateTracker - Pull Formulário da Vigilancia Comunitaria - Start downloading form
2026-02-26 17:06:54,037 [ForkJoinPool-16-worker-9] INFO  o.o.b.p.a.PullFromAggregateTracker - Pull Formulário da Vigilancia Hospitalar - Form downloaded
2026-02-26 17:06:54,037 [ForkJoinPool-16-worker-9] INFO  o.o.b.p.a.PullFromAggregateTracker - Pull Formulário da Vigilancia Hospitalar - Start getting submission IDs
2026-02-26 17:06:54,082 [AWT-EventQueue-0] INFO  XFormParser - Reading XML and parsing with kXML2 finished in 19.138 ms
2026-02-26 17:06:54,093 [AWT-EventQueue-0] INFO  XFormParser - Consolidating text finished in 8.797 ms
2026-02-26 17:06:54,093 [AWT-EventQueue-0] INFO  XFormParser - Parsing form...
2026-02-26 17:06:54,093 [AWT-EventQueue-0] INFO  XFormParser - Title: "Formulário da Vigilancia Hospitalar"
2026-02-26 17:06:54,093 [AWT-EventQueue-0] WARN  XFormParser - XForm Parse Warning: Warning: 1 Unrecognized attributes found in Element [model] and will be ignored: [xforms-version] 
    Problem found at nodeset: /html/head/model
    With element <model xforms-version="1.0.0"><instance><data id="hospitalar_v4" version="1" prefix="hospitalar_v4" delimiter="$">...

2026-02-26 17:06:54,109 [ForkJoinPool-16-worker-4] INFO  o.o.b.p.a.PullFromAggregateTracker - Pull Formulário da Vigilancia Hospitalar - Laboratório - Submission 7 of 21 downloaded
2026-02-26 17:06:54,111 [ForkJoinPool-16-worker-15] INFO  o.o.b.p.a.PullFromAggregateTracker - Pull Formulário da Vigilancia Hospitalar - Laboratório - Submission 8 of 21 downloaded
2026-02-26 17:06:54,111 [ForkJoinPool-16-worker-11] INFO  o.o.b.p.a.PullFromAggregateTracker - Pull Formulário da Vigilancia Hospitalar - Laboratório - Submission 6 of 21 downloaded
2026-02-26 17:06:54,113 [ForkJoinPool-16-worker-2] INFO  o.o.b.p.a.PullFromAggregateTracker - Pull VIGILÂNCIA  AMBIENTAL - Form downloaded
2026-02-26 17:06:54,114 [ForkJoinPool-16-worker-2] INFO  o.o.b.p.a.PullFromAggregateTracker - Pull VIGILÂNCIA  AMBIENTAL - Start getting submission IDs
2026-02-26 17:06:54,115 [ForkJoinPool-16-worker-4] INFO  o.o.b.p.a.PullFromAggregateTracker - Pull Formulário da Vigilancia Hospitalar - Laboratório - Start downloading submission 11 of 21
2026-02-26 17:06:54,115 [ForkJoinPool-16-worker-11] INFO  o.o.b.p.a.PullFromAggregateTracker - Pull Formulário da Vigilancia Hospitalar - Laboratório - Start downloading submission 13 of 21
2026-02-26 17:06:54,116 [ForkJoinPool-16-worker-15] INFO  o.o.b.p.a.PullFromAggregateTracker - Pull Formulário da Vigilancia Hospitalar - Laboratório - Start downloading submission 12 of 21
2026-02-26 17:06:54,144 [AWT-EventQueue-0] INFO  XFormParser - Creating FormDef from parsed XML finished in 50.155 ms
2026-02-26 17:06:54,147 [AWT-EventQueue-0] ERROR XFormParser - XML Syntax Error at Line: 1, Column: 8387!
org.xmlpull.v1.XmlPullParserException: expected: /input read: select (position:END_TAG </select>@1:8387 in java.io.StringReader@6baa8b) 
	at org.kxml2.io.KXmlParser.exception(Unknown Source)
	at org.kxml2.io.KXmlParser.error(Unknown Source)
	at org.kxml2.io.KXmlParser.parseEndTag(Unknown Source)
	at org.kxml2.io.KXmlParser.nextImpl(Unknown Source)
	at org.kxml2.io.KXmlParser.nextToken(Unknown Source)
	at org.kxml2.kdom.Element.parse(Unknown Source)
	at org.kxml2.kdom.Node.parse(Unknown Source)
	at org.kxml2.kdom.Element.parse(Unknown Source)
	at org.kxml2.kdom.Node.parse(Unknown Source)
	at org.kxml2.kdom.Element.parse(Unknown Source)
	at org.kxml2.kdom.Node.parse(Unknown Source)
	at org.kxml2.kdom.Element.parse(Unknown Source)
	at org.kxml2.kdom.Node.parse(Unknown Source)
	at org.kxml2.kdom.Element.parse(Unknown Source)
	at org.kxml2.kdom.Node.parse(Unknown Source)
	at org.kxml2.kdom.Document.parse(Unknown Source)
	at org.javarosa.xform.parse.XFormParser.getXMLDocument(XFormParser.java:444)
	at org.javarosa.xform.parse.XFormParser.getXMLDocument(XFormParser.java:414)
	at org.opendatakit.aggregate.parser.BaseFormParserForJavaRosa.parseFormDefinition(BaseFormParserForJavaRosa.java:207)
	at org.opendatakit.aggregate.parser.BaseFormParserForJavaRosa.<init>(BaseFormParserForJavaRosa.java:359)
	at org.opendatakit.briefcase.util.JavaRosaParserWrapper.<init>(JavaRosaParserWrapper.java:15)
	at org.opendatakit.briefcase.model.BriefcaseFormDefinition.<init>(BriefcaseFormDefinition.java:294)
	at org.opendatakit.briefcase.util.FormCache.lambda$update$1(FormCache.java:123)
	at java.util.stream.ForEachOps$ForEachOp$OfRef.accept(Unknown Source)
	at java.util.stream.ReferencePipeline$2$1.accept(Unknown Source)
	at java.util.Iterator.forEachRemaining(Unknown Source)
	at java.util.Spliterators$IteratorSpliterator.forEachRemaining(Unknown Source)
	at java.util.stream.AbstractPipeline.copyInto(Unknown Source)
	at java.util.stream.AbstractPipeline.wrapAndCopyInto(Unknown Source)
	at java.util.stream.ForEachOps$ForEachOp.evaluateSequential(Unknown Source)
	at java.util.stream.ForEachOps$ForEachOp$OfRef.evaluateSequential(Unknown Source)
	at java.util.stream.AbstractPipeline.evaluate(Unknown Source)
	at java.util.stream.ReferencePipeline.forEach(Unknown Source)
	at org.opendatakit.briefcase.util.FormCache.lambda$update$2(FormCache.java:117)
	at java.util.Optional.ifPresent(Unknown Source)
	at org.opendatakit.briefcase.util.FormCache.update(FormCache.java:113)
	at org.opendatakit.briefcase.util.FormCache.onPullSuccess(FormCache.java:150)
	at sun.reflect.GeneratedMethodAccessor11.invoke(Unknown Source)
	at sun.reflect.DelegatingMethodAccessorImpl.invoke(Unknown Source)
	at java.lang.reflect.Method.invoke(Unknown Source)
	at org.bushe.swing.event.annotation.BaseProxySubscriber.onEvent(BaseProxySubscriber.java:69)
	at org.bushe.swing.event.ThreadSafeEventService.publish(ThreadSafeEventService.java:971)
	at org.bushe.swing.event.SwingEventService.access$001(SwingEventService.java:31)
	at org.bushe.swing.event.SwingEventService$1.run(SwingEventService.java:88)
	at java.awt.event.InvocationEvent.dispatch(Unknown Source)
	at java.awt.EventQueue.dispatchEventImpl(Unknown Source)
	at java.awt.EventQueue.access$500(Unknown Source)
	at java.awt.EventQueue$3.run(Unknown Source)
	at java.awt.EventQueue$3.run(Unknown Source)
	at java.security.AccessController.doPrivileged(Native Method)
	at java.security.ProtectionDomain$JavaSecurityAccessImpl.doIntersectionPrivilege(Unknown Source)
	at java.awt.EventQueue.dispatchEvent(Unknown Source)
	at java.awt.EventDispatchThread.pumpOneEventForFilters(Unknown Source)
	at java.awt.EventDispatchThread.pumpEventsForFilter(Unknown Source)
	at java.awt.EventDispatchThread.pumpEventsForHierarchy(Unknown Source)
	at java.awt.EventDispatchThread.pumpEvents(Unknown Source)
	at java.awt.EventDispatchThread.pumpEvents(Unknown Source)
	at java.awt.EventDispatchThread.run(Unknown Source)
2026-02-26 17:06:54,147 [AWT-EventQueue-0] WARN  o.o.briefcase.util.FormCache - Can't parse form file
org.opendatakit.briefcase.util.BadFormDefinition: org.opendatakit.aggregate.exception.ODKIncompleteSubmissionData: org.javarosa.xform.parse.XFormParseException: XML Syntax Error at Line: 1, Column: 8387!
	at org.opendatakit.briefcase.model.BriefcaseFormDefinition.<init>(BriefcaseFormDefinition.java:297)
	at org.opendatakit.briefcase.util.FormCache.lambda$update$1(FormCache.java:123)
	at java.util.stream.ForEachOps$ForEachOp$OfRef.accept(Unknown Source)
	at java.util.stream.ReferencePipeline$2$1.accept(Unknown Source)
	at java.util.Iterator.forEachRemaining(Unknown Source)
	at java.util.Spliterators$IteratorSpliterator.forEachRemaining(Unknown Source)
	at java.util.stream.AbstractPipeline.copyInto(Unknown Source)
	at java.util.stream.AbstractPipeline.wrapAndCopyInto(Unknown Source)
	at java.util.stream.ForEachOps$ForEachOp.evaluateSequential(Unknown Source)
	at java.util.stream.ForEachOps$ForEachOp$OfRef.evaluateSequential(Unknown Source)
	at java.util.stream.AbstractPipeline.evaluate(Unknown Source)
	at java.util.stream.ReferencePipeline.forEach(Unknown Source)
	at org.opendatakit.briefcase.util.FormCache.lambda$update$2(FormCache.java:117)
	at java.util.Optional.ifPresent(Unknown Source)
	at org.opendatakit.briefcase.util.FormCache.update(FormCache.java:113)
	at org.opendatakit.briefcase.util.FormCache.onPullSuccess(FormCache.java:150)
	at sun.reflect.GeneratedMethodAccessor11.invoke(Unknown Source)
	at sun.reflect.DelegatingMethodAccessorImpl.invoke(Unknown Source)
	at java.lang.reflect.Method.invoke(Unknown Source)
	at org.bushe.swing.event.annotation.BaseProxySubscriber.onEvent(BaseProxySubscriber.java:69)
	at org.bushe.swing.event.ThreadSafeEventService.publish(ThreadSafeEventService.java:971)
	at org.bushe.swing.event.SwingEventService.access$001(SwingEventService.java:31)
	at org.bushe.swing.event.SwingEventService$1.run(SwingEventService.java:88)
	at java.awt.event.InvocationEvent.dispatch(Unknown Source)
	at java.awt.EventQueue.dispatchEventImpl(Unknown Source)
	at java.awt.EventQueue.access$500(Unknown Source)
	at java.awt.EventQueue$3.run(Unknown Source)
	at java.awt.EventQueue$3.run(Unknown Source)
	at java.security.AccessController.doPrivileged(Native Method)
	at java.security.ProtectionDomain$JavaSecurityAccessImpl.doIntersectionPrivilege(Unknown Source)
	at java.awt.EventQueue.dispatchEvent(Unknown Source)
	at java.awt.EventDispatchThread.pumpOneEventForFilters(Unknown Source)
	at java.awt.EventDispatchThread.pumpEventsForFilter(Unknown Source)
	at java.awt.EventDispatchThread.pumpEventsForHierarchy(Unknown Source)
	at java.awt.EventDispatchThread.pumpEvents(Unknown Source)
	at java.awt.EventDispatchThread.pumpEvents(Unknown Source)
	at java.awt.EventDispatchThread.run(Unknown Source)
Caused by: org.opendatakit.aggregate.exception.ODKIncompleteSubmissionData: org.javarosa.xform.parse.XFormParseException: XML Syntax Error at Line: 1, Column: 8387!
	at org.opendatakit.aggregate.parser.BaseFormParserForJavaRosa.parseFormDefinition(BaseFormParserForJavaRosa.java:210)
	at org.opendatakit.aggregate.parser.BaseFormParserForJavaRosa.<init>(BaseFormParserForJavaRosa.java:359)
	at org.opendatakit.briefcase.util.JavaRosaParserWrapper.<init>(JavaRosaParserWrapper.java:15)
	at org.opendatakit.briefcase.model.BriefcaseFormDefinition.<init>(BriefcaseFormDefinition.java:294)
	... 36 common frames omitted
Caused by: org.javarosa.xform.parse.XFormParseException: XML Syntax Error at Line: 1, Column: 8387!
	at org.javarosa.xform.parse.XFormParser.getXMLDocument(XFormParser.java:448)
	at org.javarosa.xform.parse.XFormParser.getXMLDocument(XFormParser.java:414)
	at org.opendatakit.aggregate.parser.BaseFormParserForJavaRosa.parseFormDefinition(BaseFormParserForJavaRosa.java:207)
	... 39 common frames omitted
2026-02-26 17:06:54,156 [AWT-EventQueue-0] INFO  XFormParser - Reading XML and parsing with kXML2 finished in 1.375 ms
2026-02-26 17:06:54,157 [AWT-EventQueue-0] INFO  XFormParser - Consolidating text finished in 0.381 ms
2026-02-26 17:06:54,157 [AWT-EventQueue-0] INFO  XFormParser - Parsing form...
2026-02-26 17:06:54,157 [AWT-EventQueue-0] INFO  XFormParser - Title: "VIGILÂNCIA  AMBIENTAL"
2026-02-26 17:06:54,157 [AWT-EventQueue-0] WARN  XFormParser - XForm Parse Warning: Warning: 1 Unrecognized attributes found in Element [model] and will be ignored: [xforms-version] 
    Problem found at nodeset: /html/head/model
    With element <model xforms-version="1.0.0"><instance><data id="VIGILÂNCIA AMBIENTAL_v4" version="4" prefix="VIGILÂNCIA AMBIENTAL_v4" delimiter="$">...

2026-02-26 17:06:54,163 [AWT-EventQueue-0] INFO  XFormParser - Creating FormDef from parsed XML finished in 6.139 ms
2026-02-26 17:06:54,206 [ForkJoinPool-16-worker-8] INFO  o.o.b.p.a.PullFromAggregateTracker - Pull Formulário da Vigilancia Hospitalar - Got all the submission IDs
2026-02-26 17:06:54,214 [AWT-EventQueue-0] ERROR XFormParser - XML Syntax Error at Line: 1, Column: 8387!
org.xmlpull.v1.XmlPullParserException: expected: /input read: select (position:END_TAG </select>@1:8387 in java.io.StringReader@883f24) 
	at org.kxml2.io.KXmlParser.exception(Unknown Source)
	at org.kxml2.io.KXmlParser.error(Unknown Source)
	at org.kxml2.io.KXmlParser.parseEndTag(Unknown Source)
	at org.kxml2.io.KXmlParser.nextImpl(Unknown Source)
	at org.kxml2.io.KXmlParser.nextToken(Unknown Source)
	at org.kxml2.kdom.Element.parse(Unknown Source)
	at org.kxml2.kdom.Node.parse(Unknown Source)
	at org.kxml2.kdom.Element.parse(Unknown Source)
	at org.kxml2.kdom.Node.parse(Unknown Source)
	at org.kxml2.kdom.Element.parse(Unknown Source)
	at org.kxml2.kdom.Node.parse(Unknown Source)
	at org.kxml2.kdom.Element.parse(Unknown Source)
	at org.kxml2.kdom.Node.parse(Unknown Source)
	at org.kxml2.kdom.Element.parse(Unknown Source)
	at org.kxml2.kdom.Node.parse(Unknown Source)
	at org.kxml2.kdom.Document.parse(Unknown Source)
	at org.javarosa.xform.parse.XFormParser.getXMLDocument(XFormParser.java:444)
	at org.javarosa.xform.parse.XFormParser.getXMLDocument(XFormParser.java:414)
	at org.opendatakit.aggregate.parser.BaseFormParserForJavaRosa.parseFormDefinition(BaseFormParserForJavaRosa.java:207)
	at org.opendatakit.aggregate.parser.BaseFormParserForJavaRosa.<init>(BaseFormParserForJavaRosa.java:359)
	at org.opendatakit.briefcase.util.JavaRosaParserWrapper.<init>(JavaRosaParserWrapper.java:15)
	at org.opendatakit.briefcase.model.BriefcaseFormDefinition.<init>(BriefcaseFormDefinition.java:294)
	at org.opendatakit.briefcase.util.FormCache.lambda$update$1(FormCache.java:123)
	at java.util.stream.ForEachOps$ForEachOp$OfRef.accept(Unknown Source)
	at java.util.stream.ReferencePipeline$2$1.accept(Unknown Source)
	at java.util.Iterator.forEachRemaining(Unknown Source)
	at java.util.Spliterators$IteratorSpliterator.forEachRemaining(Unknown Source)
	at java.util.stream.AbstractPipeline.copyInto(Unknown Source)
	at java.util.stream.AbstractPipeline.wrapAndCopyInto(Unknown Source)
	at java.util.stream.ForEachOps$ForEachOp.evaluateSequential(Unknown Source)
	at java.util.stream.ForEachOps$ForEachOp$OfRef.evaluateSequential(Unknown Source)
	at java.util.stream.AbstractPipeline.evaluate(Unknown Source)
	at java.util.stream.ReferencePipeline.forEach(Unknown Source)
	at org.opendatakit.briefcase.util.FormCache.lambda$update$2(FormCache.java:117)
	at java.util.Optional.ifPresent(Unknown Source)
	at org.opendatakit.briefcase.util.FormCache.update(FormCache.java:113)
	at org.opendatakit.briefcase.util.FormCache.onPullSuccess(FormCache.java:150)
	at sun.reflect.GeneratedMethodAccessor11.invoke(Unknown Source)
	at sun.reflect.DelegatingMethodAccessorImpl.invoke(Unknown Source)
	at java.lang.reflect.Method.invoke(Unknown Source)
	at org.bushe.swing.event.annotation.BaseProxySubscriber.onEvent(BaseProxySubscriber.java:69)
	at org.bushe.swing.event.ThreadSafeEventService.publish(ThreadSafeEventService.java:971)
	at org.bushe.swing.event.SwingEventService.access$001(SwingEventService.java:31)
	at org.bushe.swing.event.SwingEventService$1.run(SwingEventService.java:88)
	at java.awt.event.InvocationEvent.dispatch(Unknown Source)
	at java.awt.EventQueue.dispatchEventImpl(Unknown Source)
	at java.awt.EventQueue.access$500(Unknown Source)
	at java.awt.EventQueue$3.run(Unknown Source)
	at java.awt.EventQueue$3.run(Unknown Source)
	at java.security.AccessController.doPrivileged(Native Method)
	at java.security.ProtectionDomain$JavaSecurityAccessImpl.doIntersectionPrivilege(Unknown Source)
	at java.awt.EventQueue.dispatchEvent(Unknown Source)
	at java.awt.EventDispatchThread.pumpOneEventForFilters(Unknown Source)
	at java.awt.EventDispatchThread.pumpEventsForFilter(Unknown Source)
	at java.awt.EventDispatchThread.pumpEventsForHierarchy(Unknown Source)
	at java.awt.EventDispatchThread.pumpEvents(Unknown Source)
	at java.awt.EventDispatchThread.pumpEvents(Unknown Source)
	at java.awt.EventDispatchThread.run(Unknown Source)
2026-02-26 17:06:54,214 [AWT-EventQueue-0] WARN  o.o.briefcase.util.FormCache - Can't parse form file
org.opendatakit.briefcase.util.BadFormDefinition: org.opendatakit.aggregate.exception.ODKIncompleteSubmissionData: org.javarosa.xform.parse.XFormParseException: XML Syntax Error at Line: 1, Column: 8387!
	at org.opendatakit.briefcase.model.BriefcaseFormDefinition.<init>(BriefcaseFormDefinition.java:297)
	at org.opendatakit.briefcase.util.FormCache.lambda$update$1(FormCache.java:123)
	at java.util.stream.ForEachOps$ForEachOp$OfRef.accept(Unknown Source)
	at java.util.stream.ReferencePipeline$2$1.accept(Unknown Source)
	at java.util.Iterator.forEachRemaining(Unknown Source)
	at java.util.Spliterators$IteratorSpliterator.forEachRemaining(Unknown Source)
	at java.util.stream.AbstractPipeline.copyInto(Unknown Source)
	at java.util.stream.AbstractPipeline.wrapAndCopyInto(Unknown Source)
	at java.util.stream.ForEachOps$ForEachOp.evaluateSequential(Unknown Source)
	at java.util.stream.ForEachOps$ForEachOp$OfRef.evaluateSequential(Unknown Source)
	at java.util.stream.AbstractPipeline.evaluate(Unknown Source)
	at java.util.stream.ReferencePipeline.forEach(Unknown Source)
	at org.opendatakit.briefcase.util.FormCache.lambda$update$2(FormCache.java:117)
	at java.util.Optional.ifPresent(Unknown Source)
	at org.opendatakit.briefcase.util.FormCache.update(FormCache.java:113)
	at org.opendatakit.briefcase.util.FormCache.onPullSuccess(FormCache.java:150)
	at sun.reflect.GeneratedMethodAccessor11.invoke(Unknown Source)
	at sun.reflect.DelegatingMethodAccessorImpl.invoke(Unknown Source)
	at java.lang.reflect.Method.invoke(Unknown Source)
	at org.bushe.swing.event.annotation.BaseProxySubscriber.onEvent(BaseProxySubscriber.java:69)
	at org.bushe.swing.event.ThreadSafeEventService.publish(ThreadSafeEventService.java:971)
	at org.bushe.swing.event.SwingEventService.access$001(SwingEventService.java:31)
	at org.bushe.swing.event.SwingEventService$1.run(SwingEventService.java:88)
	at java.awt.event.InvocationEvent.dispatch(Unknown Source)
	at java.awt.EventQueue.dispatchEventImpl(Unknown Source)
	at java.awt.EventQueue.access$500(Unknown Source)
	at java.awt.EventQueue$3.run(Unknown Source)
	at java.awt.EventQueue$3.run(Unknown Source)
	at java.security.AccessController.doPrivileged(Native Method)
	at java.security.ProtectionDomain$JavaSecurityAccessImpl.doIntersectionPrivilege(Unknown Source)
	at java.awt.EventQueue.dispatchEvent(Unknown Source)
	at java.awt.EventDispatchThread.pumpOneEventForFilters(Unknown Source)
	at java.awt.EventDispatchThread.pumpEventsForFilter(Unknown Source)
	at java.awt.EventDispatchThread.pumpEventsForHierarchy(Unknown Source)
	at java.awt.EventDispatchThread.pumpEvents(Unknown Source)
	at java.awt.EventDispatchThread.pumpEvents(Unknown Source)
	at java.awt.EventDispatchThread.run(Unknown Source)
Caused by: org.opendatakit.aggregate.exception.ODKIncompleteSubmissionData: org.javarosa.xform.parse.XFormParseException: XML Syntax Error at Line: 1, Column: 8387!
	at org.opendatakit.aggregate.parser.BaseFormParserForJavaRosa.parseFormDefinition(BaseFormParserForJavaRosa.java:210)
	at org.opendatakit.aggregate.parser.BaseFormParserForJavaRosa.<init>(BaseFormParserForJavaRosa.java:359)
	at org.opendatakit.briefcase.util.JavaRosaParserWrapper.<init>(JavaRosaParserWrapper.java:15)
	at org.opendatakit.briefcase.model.BriefcaseFormDefinition.<init>(BriefcaseFormDefinition.java:294)
	... 36 common frames omitted
Caused by: org.javarosa.xform.parse.XFormParseException: XML Syntax Error at Line: 1, Column: 8387!
	at org.javarosa.xform.parse.XFormParser.getXMLDocument(XFormParser.java:448)
	at org.javarosa.xform.parse.XFormParser.getXMLDocument(XFormParser.java:414)
	at org.opendatakit.aggregate.parser.BaseFormParserForJavaRosa.parseFormDefinition(BaseFormParserForJavaRosa.java:207)
	... 39 common frames omitted
2026-02-26 17:06:54,281 [ForkJoinPool-16-worker-8] INFO  o.o.b.p.a.PullFromAggregateTracker - Push Formulário da Vigilancia Hospitalar - There are no submissions to download
2026-02-26 17:06:54,283 [ForkJoinPool-16-worker-8] INFO  o.o.b.p.a.PullFromAggregateTracker - Pull Formulário da Vigilancia Hospitalar - Success
2026-02-26 17:06:54,285 [ForkJoinPool-16-worker-8] INFO  o.o.b.p.a.PullFromAggregateTracker - Pull Formulário da Vigilancia Hospitalar - Laboratório - Start downloading submission 14 of 21
2026-02-26 17:06:54,306 [ForkJoinPool-16-worker-3] INFO  o.o.b.p.a.PullFromAggregateTracker - Pull Formulário da Vigilancia Hospitalar - Laboratório - Submission 9 of 21 downloaded
2026-02-26 17:06:54,313 [ForkJoinPool-16-worker-3] INFO  o.o.b.p.a.PullFromAggregateTracker - Pull Formulário da Vigilancia Hospitalar - Laboratório - Start downloading submission 15 of 21
2026-02-26 17:06:54,340 [AWT-EventQueue-0] ERROR XFormParser - XML Syntax Error at Line: 1, Column: 8387!
org.xmlpull.v1.XmlPullParserException: expected: /input read: select (position:END_TAG </select>@1:8387 in java.io.StringReader@e37c0b) 
	at org.kxml2.io.KXmlParser.exception(Unknown Source)
	at org.kxml2.io.KXmlParser.error(Unknown Source)
	at org.kxml2.io.KXmlParser.parseEndTag(Unknown Source)
	at org.kxml2.io.KXmlParser.nextImpl(Unknown Source)
	at org.kxml2.io.KXmlParser.nextToken(Unknown Source)
	at org.kxml2.kdom.Element.parse(Unknown Source)
	at org.kxml2.kdom.Node.parse(Unknown Source)
	at org.kxml2.kdom.Element.parse(Unknown Source)
	at org.kxml2.kdom.Node.parse(Unknown Source)
	at org.kxml2.kdom.Element.parse(Unknown Source)
	at org.kxml2.kdom.Node.parse(Unknown Source)
	at org.kxml2.kdom.Element.parse(Unknown Source)
	at org.kxml2.kdom.Node.parse(Unknown Source)
	at org.kxml2.kdom.Element.parse(Unknown Source)
	at org.kxml2.kdom.Node.parse(Unknown Source)
	at org.kxml2.kdom.Document.parse(Unknown Source)
	at org.javarosa.xform.parse.XFormParser.getXMLDocument(XFormParser.java:444)
	at org.javarosa.xform.parse.XFormParser.getXMLDocument(XFormParser.java:414)
	at org.opendatakit.aggregate.parser.BaseFormParserForJavaRosa.parseFormDefinition(BaseFormParserForJavaRosa.java:207)
	at org.opendatakit.aggregate.parser.BaseFormParserForJavaRosa.<init>(BaseFormParserForJavaRosa.java:359)
	at org.opendatakit.briefcase.util.JavaRosaParserWrapper.<init>(JavaRosaParserWrapper.java:15)
	at org.opendatakit.briefcase.model.BriefcaseFormDefinition.<init>(BriefcaseFormDefinition.java:294)
	at org.opendatakit.briefcase.util.FormCache.lambda$update$1(FormCache.java:123)
	at java.util.stream.ForEachOps$ForEachOp$OfRef.accept(Unknown Source)
	at java.util.stream.ReferencePipeline$2$1.accept(Unknown Source)
	at java.util.Iterator.forEachRemaining(Unknown Source)
	at java.util.Spliterators$IteratorSpliterator.forEachRemaining(Unknown Source)
	at java.util.stream.AbstractPipeline.copyInto(Unknown Source)
	at java.util.stream.AbstractPipeline.wrapAndCopyInto(Unknown Source)
	at java.util.stream.ForEachOps$ForEachOp.evaluateSequential(Unknown Source)
	at java.util.stream.ForEachOps$ForEachOp$OfRef.evaluateSequential(Unknown Source)
	at java.util.stream.AbstractPipeline.evaluate(Unknown Source)
	at java.util.stream.ReferencePipeline.forEach(Unknown Source)
	at org.opendatakit.briefcase.util.FormCache.lambda$update$2(FormCache.java:117)
	at java.util.Optional.ifPresent(Unknown Source)
	at org.opendatakit.briefcase.util.FormCache.update(FormCache.java:113)
	at org.opendatakit.briefcase.util.FormCache.onPullSuccess(FormCache.java:150)
	at sun.reflect.GeneratedMethodAccessor11.invoke(Unknown Source)
	at sun.reflect.DelegatingMethodAccessorImpl.invoke(Unknown Source)
	at java.lang.reflect.Method.invoke(Unknown Source)
	at org.bushe.swing.event.annotation.BaseProxySubscriber.onEvent(BaseProxySubscriber.java:69)
	at org.bushe.swing.event.ThreadSafeEventService.publish(ThreadSafeEventService.java:971)
	at org.bushe.swing.event.SwingEventService.access$001(SwingEventService.java:31)
	at org.bushe.swing.event.SwingEventService$1.run(SwingEventService.java:88)
	at java.awt.event.InvocationEvent.dispatch(Unknown Source)
	at java.awt.EventQueue.dispatchEventImpl(Unknown Source)
	at java.awt.EventQueue.access$500(Unknown Source)
	at java.awt.EventQueue$3.run(Unknown Source)
	at java.awt.EventQueue$3.run(Unknown Source)
	at java.security.AccessController.doPrivileged(Native Method)
	at java.security.ProtectionDomain$JavaSecurityAccessImpl.doIntersectionPrivilege(Unknown Source)
	at java.awt.EventQueue.dispatchEvent(Unknown Source)
	at java.awt.EventDispatchThread.pumpOneEventForFilters(Unknown Source)
	at java.awt.EventDispatchThread.pumpEventsForFilter(Unknown Source)
	at java.awt.EventDispatchThread.pumpEventsForHierarchy(Unknown Source)
	at java.awt.EventDispatchThread.pumpEvents(Unknown Source)
	at java.awt.EventDispatchThread.pumpEvents(Unknown Source)
	at java.awt.EventDispatchThread.run(Unknown Source)
2026-02-26 17:06:54,340 [AWT-EventQueue-0] WARN  o.o.briefcase.util.FormCache - Can't parse form file
org.opendatakit.briefcase.util.BadFormDefinition: org.opendatakit.aggregate.exception.ODKIncompleteSubmissionData: org.javarosa.xform.parse.XFormParseException: XML Syntax Error at Line: 1, Column: 8387!
	at org.opendatakit.briefcase.model.BriefcaseFormDefinition.<init>(BriefcaseFormDefinition.java:297)
	at org.opendatakit.briefcase.util.FormCache.lambda$update$1(FormCache.java:123)
	at java.util.stream.ForEachOps$ForEachOp$OfRef.accept(Unknown Source)
	at java.util.stream.ReferencePipeline$2$1.accept(Unknown Source)
	at java.util.Iterator.forEachRemaining(Unknown Source)
	at java.util.Spliterators$IteratorSpliterator.forEachRemaining(Unknown Source)
	at java.util.stream.AbstractPipeline.copyInto(Unknown Source)
	at java.util.stream.AbstractPipeline.wrapAndCopyInto(Unknown Source)
	at java.util.stream.ForEachOps$ForEachOp.evaluateSequential(Unknown Source)
	at java.util.stream.ForEachOps$ForEachOp$OfRef.evaluateSequential(Unknown Source)
	at java.util.stream.AbstractPipeline.evaluate(Unknown Source)
	at java.util.stream.ReferencePipeline.forEach(Unknown Source)
	at org.opendatakit.briefcase.util.FormCache.lambda$update$2(FormCache.java:117)
	at java.util.Optional.ifPresent(Unknown Source)
	at org.opendatakit.briefcase.util.FormCache.update(FormCache.java:113)
	at org.opendatakit.briefcase.util.FormCache.onPullSuccess(FormCache.java:150)
	at sun.reflect.GeneratedMethodAccessor11.invoke(Unknown Source)
	at sun.reflect.DelegatingMethodAccessorImpl.invoke(Unknown Source)
	at java.lang.reflect.Method.invoke(Unknown Source)
	at org.bushe.swing.event.annotation.BaseProxySubscriber.onEvent(BaseProxySubscriber.java:69)
	at org.bushe.swing.event.ThreadSafeEventService.publish(ThreadSafeEventService.java:971)
	at org.bushe.swing.event.SwingEventService.access$001(SwingEventService.java:31)
	at org.bushe.swing.event.SwingEventService$1.run(SwingEventService.java:88)
	at java.awt.event.InvocationEvent.dispatch(Unknown Source)
	at java.awt.EventQueue.dispatchEventImpl(Unknown Source)
	at java.awt.EventQueue.access$500(Unknown Source)
	at java.awt.EventQueue$3.run(Unknown Source)
	at java.awt.EventQueue$3.run(Unknown Source)
	at java.security.AccessController.doPrivileged(Native Method)
	at java.security.ProtectionDomain$JavaSecurityAccessImpl.doIntersectionPrivilege(Unknown Source)
	at java.awt.EventQueue.dispatchEvent(Unknown Source)
	at java.awt.EventDispatchThread.pumpOneEventForFilters(Unknown Source)
	at java.awt.EventDispatchThread.pumpEventsForFilter(Unknown Source)
	at java.awt.EventDispatchThread.pumpEventsForHierarchy(Unknown Source)
	at java.awt.EventDispatchThread.pumpEvents(Unknown Source)
	at java.awt.EventDispatchThread.pumpEvents(Unknown Source)
	at java.awt.EventDispatchThread.run(Unknown Source)
Caused by: org.opendatakit.aggregate.exception.ODKIncompleteSubmissionData: org.javarosa.xform.parse.XFormParseException: XML Syntax Error at Line: 1, Column: 8387!
	at org.opendatakit.aggregate.parser.BaseFormParserForJavaRosa.parseFormDefinition(BaseFormParserForJavaRosa.java:210)
	at org.opendatakit.aggregate.parser.BaseFormParserForJavaRosa.<init>(BaseFormParserForJavaRosa.java:359)
	at org.opendatakit.briefcase.util.JavaRosaParserWrapper.<init>(JavaRosaParserWrapper.java:15)
	at org.opendatakit.briefcase.model.BriefcaseFormDefinition.<init>(BriefcaseFormDefinition.java:294)
	... 36 common frames omitted
Caused by: org.javarosa.xform.parse.XFormParseException: XML Syntax Error at Line: 1, Column: 8387!
	at org.javarosa.xform.parse.XFormParser.getXMLDocument(XFormParser.java:448)
	at org.javarosa.xform.parse.XFormParser.getXMLDocument(XFormParser.java:414)
	at org.opendatakit.aggregate.parser.BaseFormParserForJavaRosa.parseFormDefinition(BaseFormParserForJavaRosa.java:207)
	... 39 common frames omitted
2026-02-26 17:06:54,414 [ForkJoinPool-16-worker-1] INFO  o.o.b.p.a.PullFromAggregateTracker - Pull Formulário da Vigilancia Hospitalar - Got all the submission IDs
2026-02-26 17:06:54,414 [ForkJoinPool-16-worker-9] INFO  o.o.b.p.a.PullFromAggregateTracker - Pull Formulário da Vigilancia Hospitalar - Got all the submission IDs
2026-02-26 17:06:54,416 [ForkJoinPool-16-worker-2] INFO  o.o.b.p.a.PullFromAggregateTracker - Pull VIGILÂNCIA  AMBIENTAL - Got all the submission IDs
2026-02-26 17:06:54,416 [ForkJoinPool-16-worker-10] INFO  o.o.b.p.a.PullFromAggregateTracker - Pull Formulário da Vigilancia Hospitalar - Laboratório - Submission 10 of 21 downloaded
2026-02-26 17:06:54,418 [ForkJoinPool-16-worker-10] INFO  o.o.b.p.a.PullFromAggregateTracker - Pull Formulário da Vigilancia Hospitalar - Laboratório - Start downloading submission 16 of 21
2026-02-26 17:06:54,521 [ForkJoinPool-16-worker-2] INFO  o.o.b.p.a.PullFromAggregateTracker - Push VIGILÂNCIA  AMBIENTAL - There are no submissions to download
2026-02-26 17:06:54,536 [ForkJoinPool-16-worker-4] INFO  o.o.b.p.a.PullFromAggregateTracker - Pull Formulário da Vigilancia Hospitalar - Laboratório - Submission 11 of 21 downloaded
2026-02-26 17:06:54,541 [ForkJoinPool-16-worker-4] INFO  o.o.b.p.a.PullFromAggregateTracker - Pull Formulário da Vigilancia Hospitalar - Laboratório - Start downloading submission 17 of 21
2026-02-26 17:06:54,541 [ForkJoinPool-16-worker-2] INFO  o.o.b.p.a.PullFromAggregateTracker - Pull VIGILÂNCIA  AMBIENTAL - Success
2026-02-26 17:06:54,550 [ForkJoinPool-16-worker-2] INFO  o.o.b.p.a.PullFromAggregateTracker - Pull Formulário da Vigilancia Hospitalar - Laboratório - Start downloading submission 18 of 21
2026-02-26 17:06:54,623 [ForkJoinPool-16-worker-9] INFO  o.o.b.p.a.PullFromAggregateTracker - Push Formulário da Vigilancia Hospitalar - There are no submissions to download
2026-02-26 17:06:54,626 [ForkJoinPool-16-worker-9] INFO  o.o.b.p.a.PullFromAggregateTracker - Pull Formulário da Vigilancia Hospitalar - Success
2026-02-26 17:06:54,627 [ForkJoinPool-16-worker-11] INFO  o.o.b.p.a.PullFromAggregateTracker - Pull Formulário da Vigilancia Hospitalar - Laboratório - Submission 13 of 21 downloaded
2026-02-26 17:06:54,633 [ForkJoinPool-16-worker-1] INFO  o.o.b.p.a.PullFromAggregateTracker - Pull Formulário da Vigilancia Hospitalar - Start downloading submission 1 of 6
2026-02-26 17:06:54,633 [ForkJoinPool-16-worker-9] INFO  o.o.b.p.a.PullFromAggregateTracker - Pull Formulário da Vigilancia Hospitalar - Start downloading submission 3 of 6
2026-02-26 17:06:54,635 [ForkJoinPool-16-worker-11] INFO  o.o.b.p.a.PullFromAggregateTracker - Pull Formulário da Vigilancia Hospitalar - Start downloading submission 2 of 6
2026-02-26 17:06:54,653 [AWT-EventQueue-0] ERROR XFormParser - XML Syntax Error at Line: 1, Column: 8387!
org.xmlpull.v1.XmlPullParserException: expected: /input read: select (position:END_TAG </select>@1:8387 in java.io.StringReader@10d22f5) 
	at org.kxml2.io.KXmlParser.exception(Unknown Source)
	at org.kxml2.io.KXmlParser.error(Unknown Source)
	at org.kxml2.io.KXmlParser.parseEndTag(Unknown Source)
	at org.kxml2.io.KXmlParser.nextImpl(Unknown Source)
	at org.kxml2.io.KXmlParser.nextToken(Unknown Source)
	at org.kxml2.kdom.Element.parse(Unknown Source)
	at org.kxml2.kdom.Node.parse(Unknown Source)
	at org.kxml2.kdom.Element.parse(Unknown Source)
	at org.kxml2.kdom.Node.parse(Unknown Source)
	at org.kxml2.kdom.Element.parse(Unknown Source)
	at org.kxml2.kdom.Node.parse(Unknown Source)
	at org.kxml2.kdom.Element.parse(Unknown Source)
	at org.kxml2.kdom.Node.parse(Unknown Source)
	at org.kxml2.kdom.Element.parse(Unknown Source)
	at org.kxml2.kdom.Node.parse(Unknown Source)
	at org.kxml2.kdom.Document.parse(Unknown Source)
	at org.javarosa.xform.parse.XFormParser.getXMLDocument(XFormParser.java:444)
	at org.javarosa.xform.parse.XFormParser.getXMLDocument(XFormParser.java:414)
	at org.opendatakit.aggregate.parser.BaseFormParserForJavaRosa.parseFormDefinition(BaseFormParserForJavaRosa.java:207)
	at org.opendatakit.aggregate.parser.BaseFormParserForJavaRosa.<init>(BaseFormParserForJavaRosa.java:359)
	at org.opendatakit.briefcase.util.JavaRosaParserWrapper.<init>(JavaRosaParserWrapper.java:15)
	at org.opendatakit.briefcase.model.BriefcaseFormDefinition.<init>(BriefcaseFormDefinition.java:294)
	at org.opendatakit.briefcase.util.FormCache.lambda$update$1(FormCache.java:123)
	at java.util.stream.ForEachOps$ForEachOp$OfRef.accept(Unknown Source)
	at java.util.stream.ReferencePipeline$2$1.accept(Unknown Source)
	at java.util.Iterator.forEachRemaining(Unknown Source)
	at java.util.Spliterators$IteratorSpliterator.forEachRemaining(Unknown Source)
	at java.util.stream.AbstractPipeline.copyInto(Unknown Source)
	at java.util.stream.AbstractPipeline.wrapAndCopyInto(Unknown Source)
	at java.util.stream.ForEachOps$ForEachOp.evaluateSequential(Unknown Source)
	at java.util.stream.ForEachOps$ForEachOp$OfRef.evaluateSequential(Unknown Source)
	at java.util.stream.AbstractPipeline.evaluate(Unknown Source)
	at java.util.stream.ReferencePipeline.forEach(Unknown Source)
	at org.opendatakit.briefcase.util.FormCache.lambda$update$2(FormCache.java:117)
	at java.util.Optional.ifPresent(Unknown Source)
	at org.opendatakit.briefcase.util.FormCache.update(FormCache.java:113)
	at org.opendatakit.briefcase.util.FormCache.onPullSuccess(FormCache.java:150)
	at sun.reflect.GeneratedMethodAccessor11.invoke(Unknown Source)
	at sun.reflect.DelegatingMethodAccessorImpl.invoke(Unknown Source)
	at java.lang.reflect.Method.invoke(Unknown Source)
	at org.bushe.swing.event.annotation.BaseProxySubscriber.onEvent(BaseProxySubscriber.java:69)
	at org.bushe.swing.event.ThreadSafeEventService.publish(ThreadSafeEventService.java:971)
	at org.bushe.swing.event.SwingEventService.access$001(SwingEventService.java:31)
	at org.bushe.swing.event.SwingEventService$1.run(SwingEventService.java:88)
	at java.awt.event.InvocationEvent.dispatch(Unknown Source)
	at java.awt.EventQueue.dispatchEventImpl(Unknown Source)
	at java.awt.EventQueue.access$500(Unknown Source)
	at java.awt.EventQueue$3.run(Unknown Source)
	at java.awt.EventQueue$3.run(Unknown Source)
	at java.security.AccessController.doPrivileged(Native Method)
	at java.security.ProtectionDomain$JavaSecurityAccessImpl.doIntersectionPrivilege(Unknown Source)
	at java.awt.EventQueue.dispatchEvent(Unknown Source)
	at java.awt.EventDispatchThread.pumpOneEventForFilters(Unknown Source)
	at java.awt.EventDispatchThread.pumpEventsForFilter(Unknown Source)
	at java.awt.EventDispatchThread.pumpEventsForHierarchy(Unknown Source)
	at java.awt.EventDispatchThread.pumpEvents(Unknown Source)
	at java.awt.EventDispatchThread.pumpEvents(Unknown Source)
	at java.awt.EventDispatchThread.run(Unknown Source)
2026-02-26 17:06:54,653 [AWT-EventQueue-0] WARN  o.o.briefcase.util.FormCache - Can't parse form file
org.opendatakit.briefcase.util.BadFormDefinition: org.opendatakit.aggregate.exception.ODKIncompleteSubmissionData: org.javarosa.xform.parse.XFormParseException: XML Syntax Error at Line: 1, Column: 8387!
	at org.opendatakit.briefcase.model.BriefcaseFormDefinition.<init>(BriefcaseFormDefinition.java:297)
	at org.opendatakit.briefcase.util.FormCache.lambda$update$1(FormCache.java:123)
	at java.util.stream.ForEachOps$ForEachOp$OfRef.accept(Unknown Source)
	at java.util.stream.ReferencePipeline$2$1.accept(Unknown Source)
	at java.util.Iterator.forEachRemaining(Unknown Source)
	at java.util.Spliterators$IteratorSpliterator.forEachRemaining(Unknown Source)
	at java.util.stream.AbstractPipeline.copyInto(Unknown Source)
	at java.util.stream.AbstractPipeline.wrapAndCopyInto(Unknown Source)
	at java.util.stream.ForEachOps$ForEachOp.evaluateSequential(Unknown Source)
	at java.util.stream.ForEachOps$ForEachOp$OfRef.evaluateSequential(Unknown Source)
	at java.util.stream.AbstractPipeline.evaluate(Unknown Source)
	at java.util.stream.ReferencePipeline.forEach(Unknown Source)
	at org.opendatakit.briefcase.util.FormCache.lambda$update$2(FormCache.java:117)
	at java.util.Optional.ifPresent(Unknown Source)
	at org.opendatakit.briefcase.util.FormCache.update(FormCache.java:113)
	at org.opendatakit.briefcase.util.FormCache.onPullSuccess(FormCache.java:150)
	at sun.reflect.GeneratedMethodAccessor11.invoke(Unknown Source)
	at sun.reflect.DelegatingMethodAccessorImpl.invoke(Unknown Source)
	at java.lang.reflect.Method.invoke(Unknown Source)
	at org.bushe.swing.event.annotation.BaseProxySubscriber.onEvent(BaseProxySubscriber.java:69)
	at org.bushe.swing.event.ThreadSafeEventService.publish(ThreadSafeEventService.java:971)
	at org.bushe.swing.event.SwingEventService.access$001(SwingEventService.java:31)
	at org.bushe.swing.event.SwingEventService$1.run(SwingEventService.java:88)
	at java.awt.event.InvocationEvent.dispatch(Unknown Source)
	at java.awt.EventQueue.dispatchEventImpl(Unknown Source)
	at java.awt.EventQueue.access$500(Unknown Source)
	at java.awt.EventQueue$3.run(Unknown Source)
	at java.awt.EventQueue$3.run(Unknown Source)
	at java.security.AccessController.doPrivileged(Native Method)
	at java.security.ProtectionDomain$JavaSecurityAccessImpl.doIntersectionPrivilege(Unknown Source)
	at java.awt.EventQueue.dispatchEvent(Unknown Source)
	at java.awt.EventDispatchThread.pumpOneEventForFilters(Unknown Source)
	at java.awt.EventDispatchThread.pumpEventsForFilter(Unknown Source)
	at java.awt.EventDispatchThread.pumpEventsForHierarchy(Unknown Source)
	at java.awt.EventDispatchThread.pumpEvents(Unknown Source)
	at java.awt.EventDispatchThread.pumpEvents(Unknown Source)
	at java.awt.EventDispatchThread.run(Unknown Source)
Caused by: org.opendatakit.aggregate.exception.ODKIncompleteSubmissionData: org.javarosa.xform.parse.XFormParseException: XML Syntax Error at Line: 1, Column: 8387!
	at org.opendatakit.aggregate.parser.BaseFormParserForJavaRosa.parseFormDefinition(BaseFormParserForJavaRosa.java:210)
	at org.opendatakit.aggregate.parser.BaseFormParserForJavaRosa.<init>(BaseFormParserForJavaRosa.java:359)
	at org.opendatakit.briefcase.util.JavaRosaParserWrapper.<init>(JavaRosaParserWrapper.java:15)
	at org.opendatakit.briefcase.model.BriefcaseFormDefinition.<init>(BriefcaseFormDefinition.java:294)
	... 36 common frames omitted
Caused by: org.javarosa.xform.parse.XFormParseException: XML Syntax Error at Line: 1, Column: 8387!
	at org.javarosa.xform.parse.XFormParser.getXMLDocument(XFormParser.java:448)
	at org.javarosa.xform.parse.XFormParser.getXMLDocument(XFormParser.java:414)
	at org.opendatakit.aggregate.parser.BaseFormParserForJavaRosa.parseFormDefinition(BaseFormParserForJavaRosa.java:207)
	... 39 common frames omitted
2026-02-26 17:06:54,724 [ForkJoinPool-16-worker-8] INFO  o.o.b.p.a.PullFromAggregateTracker - Pull Formulário da Vigilancia Hospitalar - Laboratório - Submission 14 of 21 downloaded
2026-02-26 17:06:54,724 [ForkJoinPool-16-worker-15] INFO  o.o.b.p.a.PullFromAggregateTracker - Pull Formulário da Vigilancia Hospitalar - Laboratório - Submission 12 of 21 downloaded
2026-02-26 17:06:54,725 [ForkJoinPool-16-worker-3] INFO  o.o.b.p.a.PullFromAggregateTracker - Pull Formulário da Vigilancia Hospitalar - Laboratório - Submission 15 of 21 downloaded
2026-02-26 17:06:54,725 [ForkJoinPool-16-worker-8] INFO  o.o.b.p.a.PullFromAggregateTracker - Pull Formulário da Vigilancia Hospitalar - Start downloading submission 4 of 6
2026-02-26 17:06:54,725 [ForkJoinPool-16-worker-15] INFO  o.o.b.p.a.PullFromAggregateTracker - Pull Formulário da Vigilancia Hospitalar - Laboratório - Start downloading submission 19 of 21
2026-02-26 17:06:54,727 [ForkJoinPool-16-worker-3] INFO  o.o.b.p.a.PullFromAggregateTracker - Pull Formulário da Vigilancia Hospitalar - Laboratório - Start downloading submission 20 of 21
2026-02-26 17:06:54,745 [AWT-EventQueue-0] ERROR XFormParser - XML Syntax Error at Line: 1, Column: 8387!
org.xmlpull.v1.XmlPullParserException: expected: /input read: select (position:END_TAG </select>@1:8387 in java.io.StringReader@25b014) 
	at org.kxml2.io.KXmlParser.exception(Unknown Source)
	at org.kxml2.io.KXmlParser.error(Unknown Source)
	at org.kxml2.io.KXmlParser.parseEndTag(Unknown Source)
	at org.kxml2.io.KXmlParser.nextImpl(Unknown Source)
	at org.kxml2.io.KXmlParser.nextToken(Unknown Source)
	at org.kxml2.kdom.Element.parse(Unknown Source)
	at org.kxml2.kdom.Node.parse(Unknown Source)
	at org.kxml2.kdom.Element.parse(Unknown Source)
	at org.kxml2.kdom.Node.parse(Unknown Source)
	at org.kxml2.kdom.Element.parse(Unknown Source)
	at org.kxml2.kdom.Node.parse(Unknown Source)
	at org.kxml2.kdom.Element.parse(Unknown Source)
	at org.kxml2.kdom.Node.parse(Unknown Source)
	at org.kxml2.kdom.Element.parse(Unknown Source)
	at org.kxml2.kdom.Node.parse(Unknown Source)
	at org.kxml2.kdom.Document.parse(Unknown Source)
	at org.javarosa.xform.parse.XFormParser.getXMLDocument(XFormParser.java:444)
	at org.javarosa.xform.parse.XFormParser.getXMLDocument(XFormParser.java:414)
	at org.opendatakit.aggregate.parser.BaseFormParserForJavaRosa.parseFormDefinition(BaseFormParserForJavaRosa.java:207)
	at org.opendatakit.aggregate.parser.BaseFormParserForJavaRosa.<init>(BaseFormParserForJavaRosa.java:359)
	at org.opendatakit.briefcase.util.JavaRosaParserWrapper.<init>(JavaRosaParserWrapper.java:15)
	at org.opendatakit.briefcase.model.BriefcaseFormDefinition.<init>(BriefcaseFormDefinition.java:294)
	at org.opendatakit.briefcase.util.FormCache.lambda$update$1(FormCache.java:123)
	at java.util.stream.ForEachOps$ForEachOp$OfRef.accept(Unknown Source)
	at java.util.stream.ReferencePipeline$2$1.accept(Unknown Source)
	at java.util.Iterator.forEachRemaining(Unknown Source)
	at java.util.Spliterators$IteratorSpliterator.forEachRemaining(Unknown Source)
	at java.util.stream.AbstractPipeline.copyInto(Unknown Source)
	at java.util.stream.AbstractPipeline.wrapAndCopyInto(Unknown Source)
	at java.util.stream.ForEachOps$ForEachOp.evaluateSequential(Unknown Source)
	at java.util.stream.ForEachOps$ForEachOp$OfRef.evaluateSequential(Unknown Source)
	at java.util.stream.AbstractPipeline.evaluate(Unknown Source)
	at java.util.stream.ReferencePipeline.forEach(Unknown Source)
	at org.opendatakit.briefcase.util.FormCache.lambda$update$2(FormCache.java:117)
	at java.util.Optional.ifPresent(Unknown Source)
	at org.opendatakit.briefcase.util.FormCache.update(FormCache.java:113)
	at org.opendatakit.briefcase.util.FormCache.onPullSuccess(FormCache.java:150)
	at sun.reflect.GeneratedMethodAccessor11.invoke(Unknown Source)
	at sun.reflect.DelegatingMethodAccessorImpl.invoke(Unknown Source)
	at java.lang.reflect.Method.invoke(Unknown Source)
	at org.bushe.swing.event.annotation.BaseProxySubscriber.onEvent(BaseProxySubscriber.java:69)
	at org.bushe.swing.event.ThreadSafeEventService.publish(ThreadSafeEventService.java:971)
	at org.bushe.swing.event.SwingEventService.access$001(SwingEventService.java:31)
	at org.bushe.swing.event.SwingEventService$1.run(SwingEventService.java:88)
	at java.awt.event.InvocationEvent.dispatch(Unknown Source)
	at java.awt.EventQueue.dispatchEventImpl(Unknown Source)
	at java.awt.EventQueue.access$500(Unknown Source)
	at java.awt.EventQueue$3.run(Unknown Source)
	at java.awt.EventQueue$3.run(Unknown Source)
	at java.security.AccessController.doPrivileged(Native Method)
	at java.security.ProtectionDomain$JavaSecurityAccessImpl.doIntersectionPrivilege(Unknown Source)
	at java.awt.EventQueue.dispatchEvent(Unknown Source)
	at java.awt.EventDispatchThread.pumpOneEventForFilters(Unknown Source)
	at java.awt.EventDispatchThread.pumpEventsForFilter(Unknown Source)
	at java.awt.EventDispatchThread.pumpEventsForHierarchy(Unknown Source)
	at java.awt.EventDispatchThread.pumpEvents(Unknown Source)
	at java.awt.EventDispatchThread.pumpEvents(Unknown Source)
	at java.awt.EventDispatchThread.run(Unknown Source)
2026-02-26 17:06:54,747 [AWT-EventQueue-0] WARN  o.o.briefcase.util.FormCache - Can't parse form file
org.opendatakit.briefcase.util.BadFormDefinition: org.opendatakit.aggregate.exception.ODKIncompleteSubmissionData: org.javarosa.xform.parse.XFormParseException: XML Syntax Error at Line: 1, Column: 8387!
	at org.opendatakit.briefcase.model.BriefcaseFormDefinition.<init>(BriefcaseFormDefinition.java:297)
	at org.opendatakit.briefcase.util.FormCache.lambda$update$1(FormCache.java:123)
	at java.util.stream.ForEachOps$ForEachOp$OfRef.accept(Unknown Source)
	at java.util.stream.ReferencePipeline$2$1.accept(Unknown Source)
	at java.util.Iterator.forEachRemaining(Unknown Source)
	at java.util.Spliterators$IteratorSpliterator.forEachRemaining(Unknown Source)
	at java.util.stream.AbstractPipeline.copyInto(Unknown Source)
	at java.util.stream.AbstractPipeline.wrapAndCopyInto(Unknown Source)
	at java.util.stream.ForEachOps$ForEachOp.evaluateSequential(Unknown Source)
	at java.util.stream.ForEachOps$ForEachOp$OfRef.evaluateSequential(Unknown Source)
	at java.util.stream.AbstractPipeline.evaluate(Unknown Source)
	at java.util.stream.ReferencePipeline.forEach(Unknown Source)
	at org.opendatakit.briefcase.util.FormCache.lambda$update$2(FormCache.java:117)
	at java.util.Optional.ifPresent(Unknown Source)
	at org.opendatakit.briefcase.util.FormCache.update(FormCache.java:113)
	at org.opendatakit.briefcase.util.FormCache.onPullSuccess(FormCache.java:150)
	at sun.reflect.GeneratedMethodAccessor11.invoke(Unknown Source)
	at sun.reflect.DelegatingMethodAccessorImpl.invoke(Unknown Source)
	at java.lang.reflect.Method.invoke(Unknown Source)
	at org.bushe.swing.event.annotation.BaseProxySubscriber.onEvent(BaseProxySubscriber.java:69)
	at org.bushe.swing.event.ThreadSafeEventService.publish(ThreadSafeEventService.java:971)
	at org.bushe.swing.event.SwingEventService.access$001(SwingEventService.java:31)
	at org.bushe.swing.event.SwingEventService$1.run(SwingEventService.java:88)
	at java.awt.event.InvocationEvent.dispatch(Unknown Source)
	at java.awt.EventQueue.dispatchEventImpl(Unknown Source)
	at java.awt.EventQueue.access$500(Unknown Source)
	at java.awt.EventQueue$3.run(Unknown Source)
	at java.awt.EventQueue$3.run(Unknown Source)
	at java.security.AccessController.doPrivileged(Native Method)
	at java.security.ProtectionDomain$JavaSecurityAccessImpl.doIntersectionPrivilege(Unknown Source)
	at java.awt.EventQueue.dispatchEvent(Unknown Source)
	at java.awt.EventDispatchThread.pumpOneEventForFilters(Unknown Source)
	at java.awt.EventDispatchThread.pumpEventsForFilter(Unknown Source)
	at java.awt.EventDispatchThread.pumpEventsForHierarchy(Unknown Source)
	at java.awt.EventDispatchThread.pumpEvents(Unknown Source)
	at java.awt.EventDispatchThread.pumpEvents(Unknown Source)
	at java.awt.EventDispatchThread.run(Unknown Source)
Caused by: org.opendatakit.aggregate.exception.ODKIncompleteSubmissionData: org.javarosa.xform.parse.XFormParseException: XML Syntax Error at Line: 1, Column: 8387!
	at org.opendatakit.aggregate.parser.BaseFormParserForJavaRosa.parseFormDefinition(BaseFormParserForJavaRosa.java:210)
	at org.opendatakit.aggregate.parser.BaseFormParserForJavaRosa.<init>(BaseFormParserForJavaRosa.java:359)
	at org.opendatakit.briefcase.util.JavaRosaParserWrapper.<init>(JavaRosaParserWrapper.java:15)
	at org.opendatakit.briefcase.model.BriefcaseFormDefinition.<init>(BriefcaseFormDefinition.java:294)
	... 36 common frames omitted
Caused by: org.javarosa.xform.parse.XFormParseException: XML Syntax Error at Line: 1, Column: 8387!
	at org.javarosa.xform.parse.XFormParser.getXMLDocument(XFormParser.java:448)
	at org.javarosa.xform.parse.XFormParser.getXMLDocument(XFormParser.java:414)
	at org.opendatakit.aggregate.parser.BaseFormParserForJavaRosa.parseFormDefinition(BaseFormParserForJavaRosa.java:207)
	... 39 common frames omitted
2026-02-26 17:06:55,474 [ForkJoinPool-16-worker-2] INFO  o.o.b.p.a.PullFromAggregateTracker - Pull Formulário da Vigilancia Hospitalar - Laboratório - Submission 18 of 21 downloaded
2026-02-26 17:06:55,474 [ForkJoinPool-16-worker-4] INFO  o.o.b.p.a.PullFromAggregateTracker - Pull Formulário da Vigilancia Hospitalar - Laboratório - Submission 17 of 21 downloaded
2026-02-26 17:06:55,474 [ForkJoinPool-16-worker-10] INFO  o.o.b.p.a.PullFromAggregateTracker - Pull Formulário da Vigilancia Hospitalar - Laboratório - Submission 16 of 21 downloaded
2026-02-26 17:06:55,477 [ForkJoinPool-16-worker-1] INFO  o.o.b.p.a.PullFromAggregateTracker - Pull Formulário da Vigilancia Hospitalar - Submission 1 of 6 downloaded
2026-02-26 17:06:55,479 [ForkJoinPool-16-worker-1] INFO  o.o.b.p.a.PullFromAggregateTracker - Pull Formulário da Vigilancia Hospitalar - Start downloading submission 6 of 6
2026-02-26 17:06:55,479 [ForkJoinPool-16-worker-4] INFO  o.o.b.p.a.PullFromAggregateTracker - Pull Formulário da Vigilancia Hospitalar - Start downloading submission 5 of 6
2026-02-26 17:06:55,479 [ForkJoinPool-16-worker-2] INFO  o.o.b.p.a.PullFromAggregateTracker - Pull Formulário da Vigilancia Hospitalar - Laboratório - Start downloading submission 21 of 21
2026-02-26 17:06:55,479 [ForkJoinPool-16-worker-10] INFO  o.o.b.p.a.PullFromAggregateTracker - Pull Formulário da Vigilancia Hospitalar - Start pulling form and submissions
2026-02-26 17:06:55,481 [ForkJoinPool-16-worker-10] INFO  o.o.b.p.a.PullFromAggregateTracker - Pull Formulário da Vigilancia Hospitalar - Start downloading form
2026-02-26 17:06:55,491 [ForkJoinPool-16-worker-13] INFO  o.o.b.p.a.PullFromAggregateTracker - Pull Formulário da Vigilancia Comunitaria - Form downloaded
2026-02-26 17:06:55,491 [ForkJoinPool-16-worker-13] INFO  o.o.b.p.a.PullFromAggregateTracker - Pull Formulário da Vigilancia Comunitaria - Start getting submission IDs
2026-02-26 17:06:55,751 [ForkJoinPool-16-worker-1] INFO  o.o.b.p.a.PullFromAggregateTracker - Pull Formulário da Vigilancia Hospitalar - Submission 6 of 6 downloaded
2026-02-26 17:06:55,751 [ForkJoinPool-16-worker-3] INFO  o.o.b.p.a.PullFromAggregateTracker - Pull Formulário da Vigilancia Hospitalar - Laboratório - Submission 20 of 21 downloaded
2026-02-26 17:06:55,751 [ForkJoinPool-16-worker-8] INFO  o.o.b.p.a.PullFromAggregateTracker - Pull Formulário da Vigilancia Hospitalar - Submission 4 of 6 downloaded
2026-02-26 17:06:55,751 [ForkJoinPool-16-worker-15] INFO  o.o.b.p.a.PullFromAggregateTracker - Pull Formulário da Vigilancia Hospitalar - Laboratório - Submission 19 of 21 downloaded
2026-02-26 17:06:55,752 [ForkJoinPool-16-worker-15] INFO  o.o.b.p.a.PullFromAggregateTracker - Pull Resultados de testagem das vigilâncias - Start pulling form and submissions
2026-02-26 17:06:55,752 [ForkJoinPool-16-worker-15] INFO  o.o.b.p.a.PullFromAggregateTracker - Pull Resultados de testagem das vigilâncias - Start downloading form
2026-02-26 17:06:55,754 [ForkJoinPool-16-worker-8] INFO  o.o.b.p.a.PullFromAggregateTracker - Pull Formulário da Vigilancia Hospitalar - Start pulling form and submissions
2026-02-26 17:06:55,754 [ForkJoinPool-16-worker-8] INFO  o.o.b.p.a.PullFromAggregateTracker - Pull Formulário da Vigilancia Hospitalar - Start downloading form
2026-02-26 17:06:55,847 [ForkJoinPool-16-worker-9] INFO  o.o.b.p.a.PullFromAggregateTracker - Pull Formulário da Vigilancia Hospitalar - Submission 3 of 6 downloaded
2026-02-26 17:06:55,847 [ForkJoinPool-16-worker-9] INFO  o.o.b.p.a.PullFromAggregateTracker - Pull Formulário da Vigilancia Hospitalar - Laboratório - Start pulling form and submissions
2026-02-26 17:06:55,847 [ForkJoinPool-16-worker-9] INFO  o.o.b.p.a.PullFromAggregateTracker - Pull Formulário da Vigilancia Hospitalar - Laboratório - Start downloading form
2026-02-26 17:06:55,950 [ForkJoinPool-16-worker-11] INFO  o.o.b.p.a.PullFromAggregateTracker - Pull Formulário da Vigilancia Hospitalar - Submission 2 of 6 downloaded
2026-02-26 17:06:55,951 [ForkJoinPool-16-worker-11] INFO  o.o.b.p.a.PullFromAggregateTracker - Pull Formulário da Vigilancia Hospitalar - Laboratório - Start pulling form and submissions
2026-02-26 17:06:55,951 [ForkJoinPool-16-worker-11] INFO  o.o.b.p.a.PullFromAggregateTracker - Pull Formulário da Vigilancia Hospitalar - Laboratório - Start downloading form
2026-02-26 17:06:56,076 [ForkJoinPool-16-worker-2] INFO  o.o.b.p.a.PullFromAggregateTracker - Pull Formulário da Vigilancia Hospitalar - Laboratório - Submission 21 of 21 downloaded
2026-02-26 17:06:56,084 [ForkJoinPool-16-worker-4] INFO  o.o.b.p.a.PullFromAggregateTracker - Pull Formulário da Vigilancia Hospitalar - Submission 5 of 6 downloaded
2026-02-26 17:06:56,089 [ForkJoinPool-16-worker-15] INFO  o.o.b.p.a.PullFromAggregateTracker - Pull Resultados de testagem das vigilâncias - Form downloaded
2026-02-26 17:06:56,089 [ForkJoinPool-16-worker-3] INFO  o.o.b.p.a.PullFromAggregateTracker - Pull Formulário da Vigilancia Hospitalar - Laboratório - Success
2026-02-26 17:06:56,089 [ForkJoinPool-16-worker-15] INFO  o.o.b.p.a.PullFromAggregateTracker - Pull Resultados de testagem das vigilâncias - Start getting submission IDs
2026-02-26 17:06:56,091 [ForkJoinPool-16-worker-1] INFO  o.o.b.p.a.PullFromAggregateTracker - Pull Formulário da Vigilancia Hospitalar - Success
2026-02-26 17:06:56,154 [AWT-EventQueue-0] INFO  XFormParser - Reading XML and parsing with kXML2 finished in 17.029 ms
2026-02-26 17:06:56,162 [AWT-EventQueue-0] INFO  XFormParser - Consolidating text finished in 7.940 ms
2026-02-26 17:06:56,162 [AWT-EventQueue-0] INFO  XFormParser - Parsing form...
2026-02-26 17:06:56,162 [AWT-EventQueue-0] INFO  XFormParser - Title: "Formulário da Vigilancia Comunitaria"
2026-02-26 17:06:56,162 [AWT-EventQueue-0] WARN  XFormParser - XForm Parse Warning: Warning: 1 Unrecognized attributes found in Element [model] and will be ignored: [xforms-version] 
    Problem found at nodeset: /html/head/model
    With element <model xforms-version="1.0.0"><instance><data id="Comunidade_v4" version="1" prefix="Comunidade_v4" delimiter="$">...

2026-02-26 17:06:56,206 [AWT-EventQueue-0] INFO  XFormParser - Creating FormDef from parsed XML finished in 44.400 ms
2026-02-26 17:06:56,216 [AWT-EventQueue-0] ERROR XFormParser - XML Syntax Error at Line: 1, Column: 8387!
org.xmlpull.v1.XmlPullParserException: expected: /input read: select (position:END_TAG </select>@1:8387 in java.io.StringReader@ff008b) 
	at org.kxml2.io.KXmlParser.exception(Unknown Source)
	at org.kxml2.io.KXmlParser.error(Unknown Source)
	at org.kxml2.io.KXmlParser.parseEndTag(Unknown Source)
	at org.kxml2.io.KXmlParser.nextImpl(Unknown Source)
	at org.kxml2.io.KXmlParser.nextToken(Unknown Source)
	at org.kxml2.kdom.Element.parse(Unknown Source)
	at org.kxml2.kdom.Node.parse(Unknown Source)
	at org.kxml2.kdom.Element.parse(Unknown Source)
	at org.kxml2.kdom.Node.parse(Unknown Source)
	at org.kxml2.kdom.Element.parse(Unknown Source)
	at org.kxml2.kdom.Node.parse(Unknown Source)
	at org.kxml2.kdom.Element.parse(Unknown Source)
	at org.kxml2.kdom.Node.parse(Unknown Source)
	at org.kxml2.kdom.Element.parse(Unknown Source)
	at org.kxml2.kdom.Node.parse(Unknown Source)
	at org.kxml2.kdom.Document.parse(Unknown Source)
	at org.javarosa.xform.parse.XFormParser.getXMLDocument(XFormParser.java:444)
	at org.javarosa.xform.parse.XFormParser.getXMLDocument(XFormParser.java:414)
	at org.opendatakit.aggregate.parser.BaseFormParserForJavaRosa.parseFormDefinition(BaseFormParserForJavaRosa.java:207)
	at org.opendatakit.aggregate.parser.BaseFormParserForJavaRosa.<init>(BaseFormParserForJavaRosa.java:359)
	at org.opendatakit.briefcase.util.JavaRosaParserWrapper.<init>(JavaRosaParserWrapper.java:15)
	at org.opendatakit.briefcase.model.BriefcaseFormDefinition.<init>(BriefcaseFormDefinition.java:294)
	at org.opendatakit.briefcase.util.FormCache.lambda$update$1(FormCache.java:123)
	at java.util.stream.ForEachOps$ForEachOp$OfRef.accept(Unknown Source)
	at java.util.stream.ReferencePipeline$2$1.accept(Unknown Source)
	at java.util.Iterator.forEachRemaining(Unknown Source)
	at java.util.Spliterators$IteratorSpliterator.forEachRemaining(Unknown Source)
	at java.util.stream.AbstractPipeline.copyInto(Unknown Source)
	at java.util.stream.AbstractPipeline.wrapAndCopyInto(Unknown Source)
	at java.util.stream.ForEachOps$ForEachOp.evaluateSequential(Unknown Source)
	at java.util.stream.ForEachOps$ForEachOp$OfRef.evaluateSequential(Unknown Source)
	at java.util.stream.AbstractPipeline.evaluate(Unknown Source)
	at java.util.stream.ReferencePipeline.forEach(Unknown Source)
	at org.opendatakit.briefcase.util.FormCache.lambda$update$2(FormCache.java:117)
	at java.util.Optional.ifPresent(Unknown Source)
	at org.opendatakit.briefcase.util.FormCache.update(FormCache.java:113)
	at org.opendatakit.briefcase.util.FormCache.onPullSuccess(FormCache.java:150)
	at sun.reflect.GeneratedMethodAccessor11.invoke(Unknown Source)
	at sun.reflect.DelegatingMethodAccessorImpl.invoke(Unknown Source)
	at java.lang.reflect.Method.invoke(Unknown Source)
	at org.bushe.swing.event.annotation.BaseProxySubscriber.onEvent(BaseProxySubscriber.java:69)
	at org.bushe.swing.event.ThreadSafeEventService.publish(ThreadSafeEventService.java:971)
	at org.bushe.swing.event.SwingEventService.access$001(SwingEventService.java:31)
	at org.bushe.swing.event.SwingEventService$1.run(SwingEventService.java:88)
	at java.awt.event.InvocationEvent.dispatch(Unknown Source)
	at java.awt.EventQueue.dispatchEventImpl(Unknown Source)
	at java.awt.EventQueue.access$500(Unknown Source)
	at java.awt.EventQueue$3.run(Unknown Source)
	at java.awt.EventQueue$3.run(Unknown Source)
	at java.security.AccessController.doPrivileged(Native Method)
	at java.security.ProtectionDomain$JavaSecurityAccessImpl.doIntersectionPrivilege(Unknown Source)
	at java.awt.EventQueue.dispatchEvent(Unknown Source)
	at java.awt.EventDispatchThread.pumpOneEventForFilters(Unknown Source)
	at java.awt.EventDispatchThread.pumpEventsForFilter(Unknown Source)
	at java.awt.EventDispatchThread.pumpEventsForHierarchy(Unknown Source)
	at java.awt.EventDispatchThread.pumpEvents(Unknown Source)
	at java.awt.EventDispatchThread.pumpEvents(Unknown Source)
	at java.awt.EventDispatchThread.run(Unknown Source)
2026-02-26 17:06:56,216 [AWT-EventQueue-0] WARN  o.o.briefcase.util.FormCache - Can't parse form file
org.opendatakit.briefcase.util.BadFormDefinition: org.opendatakit.aggregate.exception.ODKIncompleteSubmissionData: org.javarosa.xform.parse.XFormParseException: XML Syntax Error at Line: 1, Column: 8387!
	at org.opendatakit.briefcase.model.BriefcaseFormDefinition.<init>(BriefcaseFormDefinition.java:297)
	at org.opendatakit.briefcase.util.FormCache.lambda$update$1(FormCache.java:123)
	at java.util.stream.ForEachOps$ForEachOp$OfRef.accept(Unknown Source)
	at java.util.stream.ReferencePipeline$2$1.accept(Unknown Source)
	at java.util.Iterator.forEachRemaining(Unknown Source)
	at java.util.Spliterators$IteratorSpliterator.forEachRemaining(Unknown Source)
	at java.util.stream.AbstractPipeline.copyInto(Unknown Source)
	at java.util.stream.AbstractPipeline.wrapAndCopyInto(Unknown Source)
	at java.util.stream.ForEachOps$ForEachOp.evaluateSequential(Unknown Source)
	at java.util.stream.ForEachOps$ForEachOp$OfRef.evaluateSequential(Unknown Source)
	at java.util.stream.AbstractPipeline.evaluate(Unknown Source)
	at java.util.stream.ReferencePipeline.forEach(Unknown Source)
	at org.opendatakit.briefcase.util.FormCache.lambda$update$2(FormCache.java:117)
	at java.util.Optional.ifPresent(Unknown Source)
	at org.opendatakit.briefcase.util.FormCache.update(FormCache.java:113)
	at org.opendatakit.briefcase.util.FormCache.onPullSuccess(FormCache.java:150)
	at sun.reflect.GeneratedMethodAccessor11.invoke(Unknown Source)
	at sun.reflect.DelegatingMethodAccessorImpl.invoke(Unknown Source)
	at java.lang.reflect.Method.invoke(Unknown Source)
	at org.bushe.swing.event.annotation.BaseProxySubscriber.onEvent(BaseProxySubscriber.java:69)
	at org.bushe.swing.event.ThreadSafeEventService.publish(ThreadSafeEventService.java:971)
	at org.bushe.swing.event.SwingEventService.access$001(SwingEventService.java:31)
	at org.bushe.swing.event.SwingEventService$1.run(SwingEventService.java:88)
	at java.awt.event.InvocationEvent.dispatch(Unknown Source)
	at java.awt.EventQueue.dispatchEventImpl(Unknown Source)
	at java.awt.EventQueue.access$500(Unknown Source)
	at java.awt.EventQueue$3.run(Unknown Source)
	at java.awt.EventQueue$3.run(Unknown Source)
	at java.security.AccessController.doPrivileged(Native Method)
	at java.security.ProtectionDomain$JavaSecurityAccessImpl.doIntersectionPrivilege(Unknown Source)
	at java.awt.EventQueue.dispatchEvent(Unknown Source)
	at java.awt.EventDispatchThread.pumpOneEventForFilters(Unknown Source)
	at java.awt.EventDispatchThread.pumpEventsForFilter(Unknown Source)
	at java.awt.EventDispatchThread.pumpEventsForHierarchy(Unknown Source)
	at java.awt.EventDispatchThread.pumpEvents(Unknown Source)
	at java.awt.EventDispatchThread.pumpEvents(Unknown Source)
	at java.awt.EventDispatchThread.run(Unknown Source)
Caused by: org.opendatakit.aggregate.exception.ODKIncompleteSubmissionData: org.javarosa.xform.parse.XFormParseException: XML Syntax Error at Line: 1, Column: 8387!
	at org.opendatakit.aggregate.parser.BaseFormParserForJavaRosa.parseFormDefinition(BaseFormParserForJavaRosa.java:210)
	at org.opendatakit.aggregate.parser.BaseFormParserForJavaRosa.<init>(BaseFormParserForJavaRosa.java:359)
	at org.opendatakit.briefcase.util.JavaRosaParserWrapper.<init>(JavaRosaParserWrapper.java:15)
	at org.opendatakit.briefcase.model.BriefcaseFormDefinition.<init>(BriefcaseFormDefinition.java:294)
	... 36 common frames omitted
Caused by: org.javarosa.xform.parse.XFormParseException: XML Syntax Error at Line: 1, Column: 8387!
	at org.javarosa.xform.parse.XFormParser.getXMLDocument(XFormParser.java:448)
	at org.javarosa.xform.parse.XFormParser.getXMLDocument(XFormParser.java:414)
	at org.opendatakit.aggregate.parser.BaseFormParserForJavaRosa.parseFormDefinition(BaseFormParserForJavaRosa.java:207)
	... 39 common frames omitted
2026-02-26 17:06:56,265 [AWT-EventQueue-0] ERROR XFormParser - XML Syntax Error at Line: 1, Column: 8387!
org.xmlpull.v1.XmlPullParserException: expected: /input read: select (position:END_TAG </select>@1:8387 in java.io.StringReader@66c3e) 
	at org.kxml2.io.KXmlParser.exception(Unknown Source)
	at org.kxml2.io.KXmlParser.error(Unknown Source)
	at org.kxml2.io.KXmlParser.parseEndTag(Unknown Source)
	at org.kxml2.io.KXmlParser.nextImpl(Unknown Source)
	at org.kxml2.io.KXmlParser.nextToken(Unknown Source)
	at org.kxml2.kdom.Element.parse(Unknown Source)
	at org.kxml2.kdom.Node.parse(Unknown Source)
	at org.kxml2.kdom.Element.parse(Unknown Source)
	at org.kxml2.kdom.Node.parse(Unknown Source)
	at org.kxml2.kdom.Element.parse(Unknown Source)
	at org.kxml2.kdom.Node.parse(Unknown Source)
	at org.kxml2.kdom.Element.parse(Unknown Source)
	at org.kxml2.kdom.Node.parse(Unknown Source)
	at org.kxml2.kdom.Element.parse(Unknown Source)
	at org.kxml2.kdom.Node.parse(Unknown Source)
	at org.kxml2.kdom.Document.parse(Unknown Source)
	at org.javarosa.xform.parse.XFormParser.getXMLDocument(XFormParser.java:444)
	at org.javarosa.xform.parse.XFormParser.getXMLDocument(XFormParser.java:414)
	at org.opendatakit.aggregate.parser.BaseFormParserForJavaRosa.parseFormDefinition(BaseFormParserForJavaRosa.java:207)
	at org.opendatakit.aggregate.parser.BaseFormParserForJavaRosa.<init>(BaseFormParserForJavaRosa.java:359)
	at org.opendatakit.briefcase.util.JavaRosaParserWrapper.<init>(JavaRosaParserWrapper.java:15)
	at org.opendatakit.briefcase.model.BriefcaseFormDefinition.<init>(BriefcaseFormDefinition.java:294)
	at org.opendatakit.briefcase.util.FormCache.lambda$update$1(FormCache.java:123)
	at java.util.stream.ForEachOps$ForEachOp$OfRef.accept(Unknown Source)
	at java.util.stream.ReferencePipeline$2$1.accept(Unknown Source)
	at java.util.Iterator.forEachRemaining(Unknown Source)
	at java.util.Spliterators$IteratorSpliterator.forEachRemaining(Unknown Source)
	at java.util.stream.AbstractPipeline.copyInto(Unknown Source)
	at java.util.stream.AbstractPipeline.wrapAndCopyInto(Unknown Source)
	at java.util.stream.ForEachOps$ForEachOp.evaluateSequential(Unknown Source)
	at java.util.stream.ForEachOps$ForEachOp$OfRef.evaluateSequential(Unknown Source)
	at java.util.stream.AbstractPipeline.evaluate(Unknown Source)
	at java.util.stream.ReferencePipeline.forEach(Unknown Source)
	at org.opendatakit.briefcase.util.FormCache.lambda$update$2(FormCache.java:117)
	at java.util.Optional.ifPresent(Unknown Source)
	at org.opendatakit.briefcase.util.FormCache.update(FormCache.java:113)
	at org.opendatakit.briefcase.util.FormCache.onPullSuccess(FormCache.java:150)
	at sun.reflect.GeneratedMethodAccessor11.invoke(Unknown Source)
	at sun.reflect.DelegatingMethodAccessorImpl.invoke(Unknown Source)
	at java.lang.reflect.Method.invoke(Unknown Source)
	at org.bushe.swing.event.annotation.BaseProxySubscriber.onEvent(BaseProxySubscriber.java:69)
	at org.bushe.swing.event.ThreadSafeEventService.publish(ThreadSafeEventService.java:971)
	at org.bushe.swing.event.SwingEventService.access$001(SwingEventService.java:31)
	at org.bushe.swing.event.SwingEventService$1.run(SwingEventService.java:88)
	at java.awt.event.InvocationEvent.dispatch(Unknown Source)
	at java.awt.EventQueue.dispatchEventImpl(Unknown Source)
	at java.awt.EventQueue.access$500(Unknown Source)
	at java.awt.EventQueue$3.run(Unknown Source)
	at java.awt.EventQueue$3.run(Unknown Source)
	at java.security.AccessController.doPrivileged(Native Method)
	at java.security.ProtectionDomain$JavaSecurityAccessImpl.doIntersectionPrivilege(Unknown Source)
	at java.awt.EventQueue.dispatchEvent(Unknown Source)
	at java.awt.EventDispatchThread.pumpOneEventForFilters(Unknown Source)
	at java.awt.EventDispatchThread.pumpEventsForFilter(Unknown Source)
	at java.awt.EventDispatchThread.pumpEventsForHierarchy(Unknown Source)
	at java.awt.EventDispatchThread.pumpEvents(Unknown Source)
	at java.awt.EventDispatchThread.pumpEvents(Unknown Source)
	at java.awt.EventDispatchThread.run(Unknown Source)
2026-02-26 17:06:56,265 [AWT-EventQueue-0] WARN  o.o.briefcase.util.FormCache - Can't parse form file
org.opendatakit.briefcase.util.BadFormDefinition: org.opendatakit.aggregate.exception.ODKIncompleteSubmissionData: org.javarosa.xform.parse.XFormParseException: XML Syntax Error at Line: 1, Column: 8387!
	at org.opendatakit.briefcase.model.BriefcaseFormDefinition.<init>(BriefcaseFormDefinition.java:297)
	at org.opendatakit.briefcase.util.FormCache.lambda$update$1(FormCache.java:123)
	at java.util.stream.ForEachOps$ForEachOp$OfRef.accept(Unknown Source)
	at java.util.stream.ReferencePipeline$2$1.accept(Unknown Source)
	at java.util.Iterator.forEachRemaining(Unknown Source)
	at java.util.Spliterators$IteratorSpliterator.forEachRemaining(Unknown Source)
	at java.util.stream.AbstractPipeline.copyInto(Unknown Source)
	at java.util.stream.AbstractPipeline.wrapAndCopyInto(Unknown Source)
	at java.util.stream.ForEachOps$ForEachOp.evaluateSequential(Unknown Source)
	at java.util.stream.ForEachOps$ForEachOp$OfRef.evaluateSequential(Unknown Source)
	at java.util.stream.AbstractPipeline.evaluate(Unknown Source)
	at java.util.stream.ReferencePipeline.forEach(Unknown Source)
	at org.opendatakit.briefcase.util.FormCache.lambda$update$2(FormCache.java:117)
	at java.util.Optional.ifPresent(Unknown Source)
	at org.opendatakit.briefcase.util.FormCache.update(FormCache.java:113)
	at org.opendatakit.briefcase.util.FormCache.onPullSuccess(FormCache.java:150)
	at sun.reflect.GeneratedMethodAccessor11.invoke(Unknown Source)
	at sun.reflect.DelegatingMethodAccessorImpl.invoke(Unknown Source)
	at java.lang.reflect.Method.invoke(Unknown Source)
	at org.bushe.swing.event.annotation.BaseProxySubscriber.onEvent(BaseProxySubscriber.java:69)
	at org.bushe.swing.event.ThreadSafeEventService.publish(ThreadSafeEventService.java:971)
	at org.bushe.swing.event.SwingEventService.access$001(SwingEventService.java:31)
	at org.bushe.swing.event.SwingEventService$1.run(SwingEventService.java:88)
	at java.awt.event.InvocationEvent.dispatch(Unknown Source)
	at java.awt.EventQueue.dispatchEventImpl(Unknown Source)
	at java.awt.EventQueue.access$500(Unknown Source)
	at java.awt.EventQueue$3.run(Unknown Source)
	at java.awt.EventQueue$3.run(Unknown Source)
	at java.security.AccessController.doPrivileged(Native Method)
	at java.security.ProtectionDomain$JavaSecurityAccessImpl.doIntersectionPrivilege(Unknown Source)
	at java.awt.EventQueue.dispatchEvent(Unknown Source)
	at java.awt.EventDispatchThread.pumpOneEventForFilters(Unknown Source)
	at java.awt.EventDispatchThread.pumpEventsForFilter(Unknown Source)
	at java.awt.EventDispatchThread.pumpEventsForHierarchy(Unknown Source)
	at java.awt.EventDispatchThread.pumpEvents(Unknown Source)
	at java.awt.EventDispatchThread.pumpEvents(Unknown Source)
	at java.awt.EventDispatchThread.run(Unknown Source)
Caused by: org.opendatakit.aggregate.exception.ODKIncompleteSubmissionData: org.javarosa.xform.parse.XFormParseException: XML Syntax Error at Line: 1, Column: 8387!
	at org.opendatakit.aggregate.parser.BaseFormParserForJavaRosa.parseFormDefinition(BaseFormParserForJavaRosa.java:210)
	at org.opendatakit.aggregate.parser.BaseFormParserForJavaRosa.<init>(BaseFormParserForJavaRosa.java:359)
	at org.opendatakit.briefcase.util.JavaRosaParserWrapper.<init>(JavaRosaParserWrapper.java:15)
	at org.opendatakit.briefcase.model.BriefcaseFormDefinition.<init>(BriefcaseFormDefinition.java:294)
	... 36 common frames omitted
Caused by: org.javarosa.xform.parse.XFormParseException: XML Syntax Error at Line: 1, Column: 8387!
	at org.javarosa.xform.parse.XFormParser.getXMLDocument(XFormParser.java:448)
	at org.javarosa.xform.parse.XFormParser.getXMLDocument(XFormParser.java:414)
	at org.opendatakit.aggregate.parser.BaseFormParserForJavaRosa.parseFormDefinition(BaseFormParserForJavaRosa.java:207)
	... 39 common frames omitted
2026-02-26 17:06:56,285 [ForkJoinPool-16-worker-10] INFO  o.o.b.p.a.PullFromAggregateTracker - Pull Formulário da Vigilancia Hospitalar - Form downloaded
2026-02-26 17:06:56,286 [ForkJoinPool-16-worker-10] INFO  o.o.b.p.a.PullFromAggregateTracker - Pull Formulário da Vigilancia Hospitalar - Start getting submission IDs
2026-02-26 17:06:56,356 [ForkJoinPool-16-worker-15] INFO  o.o.b.p.a.PullFromAggregateTracker - Pull Resultados de testagem das vigilâncias - Got all the submission IDs
2026-02-26 17:06:56,358 [ForkJoinPool-16-worker-13] INFO  o.o.b.p.a.PullFromAggregateTracker - Pull Formulário da Vigilancia Comunitaria - Got all the submission IDs
2026-02-26 17:06:56,378 [ForkJoinPool-16-worker-11] INFO  o.o.b.p.a.PullFromAggregateTracker - Pull Formulário da Vigilancia Hospitalar - Laboratório - Form downloaded
2026-02-26 17:06:56,380 [ForkJoinPool-16-worker-11] INFO  o.o.b.p.a.PullFromAggregateTracker - Pull Formulário da Vigilancia Hospitalar - Laboratório - Start getting submission IDs
2026-02-26 17:06:56,389 [ForkJoinPool-16-worker-15] INFO  o.o.b.p.a.PullFromAggregateTracker - Push Resultados de testagem das vigilâncias - There are no submissions to download
2026-02-26 17:06:56,395 [ForkJoinPool-16-worker-15] INFO  o.o.b.p.a.PullFromAggregateTracker - Pull Resultados de testagem das vigilâncias - Success
2026-02-26 17:06:56,422 [ForkJoinPool-16-worker-13] INFO  o.o.b.p.a.PullFromAggregateTracker - Pull Formulário da Vigilancia Comunitaria - Start downloading submission 1 of 1
2026-02-26 17:06:56,468 [AWT-EventQueue-0] INFO  XFormParser - Reading XML and parsing with kXML2 finished in 21.394 ms
2026-02-26 17:06:56,477 [AWT-EventQueue-0] INFO  XFormParser - Consolidating text finished in 8.271 ms
2026-02-26 17:06:56,477 [AWT-EventQueue-0] INFO  XFormParser - Parsing form...
2026-02-26 17:06:56,477 [AWT-EventQueue-0] INFO  XFormParser - Title: "Formulário da Vigilancia Hospitalar"
2026-02-26 17:06:56,477 [AWT-EventQueue-0] WARN  XFormParser - XForm Parse Warning: Warning: 1 Unrecognized attributes found in Element [model] and will be ignored: [xforms-version] 
    Problem found at nodeset: /html/head/model
    With element <model xforms-version="1.0.0"><instance><data id="hospitalar_v5" version="1" prefix="hospitalar_v5" delimiter="$">...

2026-02-26 17:06:56,520 [AWT-EventQueue-0] INFO  XFormParser - Creating FormDef from parsed XML finished in 43.984 ms
2026-02-26 17:06:56,563 [ForkJoinPool-16-worker-10] INFO  o.o.b.p.a.PullFromAggregateTracker - Pull Formulário da Vigilancia Hospitalar - Got all the submission IDs
2026-02-26 17:06:56,638 [ForkJoinPool-16-worker-10] INFO  o.o.b.p.a.PullFromAggregateTracker - Push Formulário da Vigilancia Hospitalar - There are no submissions to download
2026-02-26 17:06:56,641 [ForkJoinPool-16-worker-10] INFO  o.o.b.p.a.PullFromAggregateTracker - Pull Formulário da Vigilancia Hospitalar - Success
2026-02-26 17:06:56,672 [ForkJoinPool-16-worker-9] INFO  o.o.b.p.a.PullFromAggregateTracker - Pull Formulário da Vigilancia Hospitalar - Laboratório - Form downloaded
2026-02-26 17:06:56,672 [ForkJoinPool-16-worker-9] INFO  o.o.b.p.a.PullFromAggregateTracker - Pull Formulário da Vigilancia Hospitalar - Laboratório - Start getting submission IDs
2026-02-26 17:06:56,699 [AWT-EventQueue-0] INFO  XFormParser - Reading XML and parsing with kXML2 finished in 1.596 ms
2026-02-26 17:06:56,702 [AWT-EventQueue-0] INFO  XFormParser - Consolidating text finished in 0.316 ms
2026-02-26 17:06:56,702 [AWT-EventQueue-0] INFO  XFormParser - Parsing form...
2026-02-26 17:06:56,702 [AWT-EventQueue-0] INFO  XFormParser - Title: "Formulário da Vigilancia Hospitalar - Laboratório"
2026-02-26 17:06:56,702 [AWT-EventQueue-0] WARN  XFormParser - XForm Parse Warning: Warning: 1 Unrecognized attributes found in Element [model] and will be ignored: [xforms-version] 
    Problem found at nodeset: /html/head/model
    With element <model xforms-version="1.0.0"><instance><data id="hospitalar_ib_v2" version="1" prefix="hospitalar_ib_v2" delimiter="$">...

2026-02-26 17:06:56,713 [AWT-EventQueue-0] INFO  XFormParser - Creating FormDef from parsed XML finished in 12.196 ms
2026-02-26 17:06:56,768 [ForkJoinPool-16-worker-13] INFO  o.o.b.p.a.PullFromAggregateTracker - Pull Formulário da Vigilancia Comunitaria - Submission 1 of 1 downloaded
2026-02-26 17:06:56,770 [ForkJoinPool-16-worker-13] INFO  o.o.b.p.a.PullFromAggregateTracker - Pull Formulário da Vigilancia Comunitaria - Success
2026-02-26 17:06:56,971 [ForkJoinPool-16-worker-9] INFO  o.o.b.p.a.PullFromAggregateTracker - Pull Formulário da Vigilancia Hospitalar - Laboratório - Got all the submission IDs
2026-02-26 17:06:56,971 [ForkJoinPool-16-worker-11] INFO  o.o.b.p.a.PullFromAggregateTracker - Pull Formulário da Vigilancia Hospitalar - Laboratório - Got all the submission IDs
2026-02-26 17:06:56,976 [ForkJoinPool-16-worker-9] INFO  o.o.b.p.a.PullFromAggregateTracker - Push Formulário da Vigilancia Hospitalar - Laboratório - There are no submissions to download
2026-02-26 17:06:56,980 [ForkJoinPool-16-worker-11] INFO  o.o.b.p.a.PullFromAggregateTracker - Pull Formulário da Vigilancia Hospitalar - Laboratório - Start downloading submission 1 of 9
2026-02-26 17:06:56,986 [ForkJoinPool-16-worker-4] INFO  o.o.b.p.a.PullFromAggregateTracker - Pull Formulário da Vigilancia Hospitalar - Laboratório - Start downloading submission 6 of 9
2026-02-26 17:06:56,986 [ForkJoinPool-16-worker-15] INFO  o.o.b.p.a.PullFromAggregateTracker - Pull Formulário da Vigilancia Hospitalar - Laboratório - Start downloading submission 8 of 9
2026-02-26 17:06:56,986 [ForkJoinPool-16-worker-3] INFO  o.o.b.p.a.PullFromAggregateTracker - Pull Formulário da Vigilancia Hospitalar - Laboratório - Start downloading submission 5 of 9
2026-02-26 17:06:56,986 [ForkJoinPool-16-worker-10] INFO  o.o.b.p.a.PullFromAggregateTracker - Pull Formulário da Vigilancia Hospitalar - Laboratório - Start downloading submission 7 of 9
2026-02-26 17:06:56,987 [ForkJoinPool-16-worker-1] INFO  o.o.b.p.a.PullFromAggregateTracker - Pull Formulário da Vigilancia Hospitalar - Laboratório - Start downloading submission 3 of 9
2026-02-26 17:06:56,987 [ForkJoinPool-16-worker-2] INFO  o.o.b.p.a.PullFromAggregateTracker - Pull Formulário da Vigilancia Hospitalar - Laboratório - Start downloading submission 4 of 9
2026-02-26 17:06:56,992 [ForkJoinPool-16-worker-13] INFO  o.o.b.p.a.PullFromAggregateTracker - Pull Formulário da Vigilancia Hospitalar - Laboratório - Start downloading submission 2 of 9
2026-02-26 17:06:56,992 [ForkJoinPool-16-worker-9] INFO  o.o.b.p.a.PullFromAggregateTracker - Pull Formulário da Vigilancia Hospitalar - Laboratório - Success
2026-02-26 17:06:57,013 [ForkJoinPool-16-worker-9] INFO  o.o.b.p.a.PullFromAggregateTracker - Pull Formulário da Vigilancia Hospitalar - Laboratório - Start downloading submission 9 of 9
2026-02-26 17:06:57,286 [ForkJoinPool-16-worker-3] INFO  o.o.b.p.a.PullFromAggregateTracker - Pull Formulário da Vigilancia Hospitalar - Laboratório - Submission 5 of 9 downloaded
2026-02-26 17:06:57,286 [ForkJoinPool-16-worker-15] INFO  o.o.b.p.a.PullFromAggregateTracker - Pull Formulário da Vigilancia Hospitalar - Laboratório - Submission 8 of 9 downloaded
2026-02-26 17:06:57,289 [ForkJoinPool-16-worker-13] INFO  o.o.b.p.a.PullFromAggregateTracker - Pull Formulário da Vigilancia Hospitalar - Laboratório - Submission 2 of 9 downloaded
2026-02-26 17:06:57,289 [ForkJoinPool-16-worker-11] INFO  o.o.b.p.a.PullFromAggregateTracker - Pull Formulário da Vigilancia Hospitalar - Laboratório - Submission 1 of 9 downloaded
2026-02-26 17:06:57,290 [ForkJoinPool-16-worker-2] INFO  o.o.b.p.a.PullFromAggregateTracker - Pull Formulário da Vigilancia Hospitalar - Laboratório - Submission 4 of 9 downloaded
2026-02-26 17:06:57,292 [ForkJoinPool-16-worker-4] INFO  o.o.b.p.a.PullFromAggregateTracker - Pull Formulário da Vigilancia Hospitalar - Laboratório - Submission 6 of 9 downloaded
2026-02-26 17:06:57,591 [ForkJoinPool-16-worker-10] INFO  o.o.b.p.a.PullFromAggregateTracker - Pull Formulário da Vigilancia Hospitalar - Laboratório - Submission 7 of 9 downloaded
2026-02-26 17:06:57,599 [ForkJoinPool-16-worker-9] INFO  o.o.b.p.a.PullFromAggregateTracker - Pull Formulário da Vigilancia Hospitalar - Laboratório - Submission 9 of 9 downloaded
2026-02-26 17:06:57,599 [ForkJoinPool-16-worker-6] INFO  o.o.b.p.a.PullFromAggregateTracker - Pull Resultados de testagem das vigilâncias - Form downloaded
2026-02-26 17:06:57,600 [ForkJoinPool-16-worker-6] INFO  o.o.b.p.a.PullFromAggregateTracker - Pull Resultados de testagem das vigilâncias - Start getting form manifest
2026-02-26 17:06:57,600 [ForkJoinPool-16-worker-1] INFO  o.o.b.p.a.PullFromAggregateTracker - Pull Formulário da Vigilancia Hospitalar - Laboratório - Submission 3 of 9 downloaded
2026-02-26 17:06:57,602 [ForkJoinPool-16-worker-11] INFO  o.o.b.p.a.PullFromAggregateTracker - Pull Formulário da Vigilancia Hospitalar - Laboratório - Success
2026-02-26 17:06:57,673 [AWT-EventQueue-0] INFO  XFormParser - Reading XML and parsing with kXML2 finished in 12.688 ms
2026-02-26 17:06:57,679 [AWT-EventQueue-0] INFO  XFormParser - Consolidating text finished in 6.051 ms
2026-02-26 17:06:57,679 [AWT-EventQueue-0] INFO  XFormParser - Parsing form...
2026-02-26 17:06:57,679 [AWT-EventQueue-0] INFO  XFormParser - Title: "Resultados de testagem das vigilâncias"
2026-02-26 17:06:57,679 [AWT-EventQueue-0] WARN  XFormParser - XForm Parse Warning: Warning: 1 Unrecognized attributes found in Element [model] and will be ignored: [xforms-version] 
    Problem found at nodeset: /html/head/model
    With element <model xforms-version="1.0.0"><instance><data id="hospitalar_LB" version="13" prefix="Hospitalar LB" delimiter="$">...

2026-02-26 17:06:57,752 [AWT-EventQueue-0] INFO  XFormParser - Creating FormDef from parsed XML finished in 72.676 ms
2026-02-26 17:06:57,948 [ForkJoinPool-16-worker-6] INFO  o.o.b.p.a.PullFromAggregateTracker - Pull Resultados de testagem das vigilâncias - Got the form manifest
2026-02-26 17:06:57,950 [ForkJoinPool-16-worker-6] INFO  o.o.b.p.a.PullFromAggregateTracker - Pull Resultados de testagem das vigilâncias - Skipping 1 form attachments that have been already downloaded
2026-02-26 17:06:57,950 [ForkJoinPool-16-worker-6] INFO  o.o.b.p.a.PullFromAggregateTracker - Pull Resultados de testagem das vigilâncias - Start getting submission IDs
2026-02-26 17:06:58,212 [ForkJoinPool-16-worker-6] INFO  o.o.b.p.a.PullFromAggregateTracker - Pull Resultados de testagem das vigilâncias - Got all the submission IDs
2026-02-26 17:06:58,253 [ForkJoinPool-16-worker-6] INFO  o.o.b.p.a.PullFromAggregateTracker - Push Resultados de testagem das vigilâncias - There are no submissions to download
2026-02-26 17:06:58,257 [ForkJoinPool-16-worker-6] INFO  o.o.b.p.a.PullFromAggregateTracker - Pull Resultados de testagem das vigilâncias - Success
2026-02-26 17:06:59,654 [ForkJoinPool-16-worker-8] INFO  o.o.b.p.a.PullFromAggregateTracker - Pull Formulário da Vigilancia Hospitalar - Form downloaded
2026-02-26 17:06:59,656 [ForkJoinPool-16-worker-8] INFO  o.o.b.p.a.PullFromAggregateTracker - Pull Formulário da Vigilancia Hospitalar - Start getting submission IDs
2026-02-26 17:07:00,245 [ForkJoinPool-16-worker-8] INFO  o.o.b.p.a.PullFromAggregateTracker - Pull Formulário da Vigilancia Hospitalar - Got all the submission IDs
2026-02-26 17:07:00,334 [ForkJoinPool-16-worker-8] INFO  o.o.b.p.a.PullFromAggregateTracker - Pull Formulário da Vigilancia Hospitalar - Start downloading submission 1 of 26
2026-02-26 17:07:00,338 [ForkJoinPool-16-worker-15] INFO  o.o.b.p.a.PullFromAggregateTracker - Pull Formulário da Vigilancia Hospitalar - Start downloading submission 11 of 26
2026-02-26 17:07:00,339 [ForkJoinPool-16-worker-9] INFO  o.o.b.p.a.PullFromAggregateTracker - Pull Formulário da Vigilancia Hospitalar - Start downloading submission 9 of 26
2026-02-26 17:07:00,340 [ForkJoinPool-16-worker-10] INFO  o.o.b.p.a.PullFromAggregateTracker - Pull Formulário da Vigilancia Hospitalar - Start downloading submission 8 of 26
2026-02-26 17:07:00,339 [ForkJoinPool-16-worker-3] INFO  o.o.b.p.a.PullFromAggregateTracker - Pull Formulário da Vigilancia Hospitalar - Start downloading submission 10 of 26
2026-02-26 17:07:00,342 [ForkJoinPool-16-worker-2] INFO  o.o.b.p.a.PullFromAggregateTracker - Pull Formulário da Vigilancia Hospitalar - Start downloading submission 6 of 26
2026-02-26 17:07:00,340 [ForkJoinPool-16-worker-4] INFO  o.o.b.p.a.PullFromAggregateTracker - Pull Formulário da Vigilancia Hospitalar - Start downloading submission 7 of 26
2026-02-26 17:07:00,342 [ForkJoinPool-16-worker-13] INFO  o.o.b.p.a.PullFromAggregateTracker - Pull Formulário da Vigilancia Hospitalar - Start downloading submission 5 of 26
2026-02-26 17:07:00,342 [ForkJoinPool-16-worker-1] INFO  o.o.b.p.a.PullFromAggregateTracker - Pull Formulário da Vigilancia Hospitalar - Start downloading submission 4 of 26
2026-02-26 17:07:00,342 [ForkJoinPool-16-worker-11] INFO  o.o.b.p.a.PullFromAggregateTracker - Pull Formulário da Vigilancia Hospitalar - Start downloading submission 3 of 26
2026-02-26 17:07:00,342 [ForkJoinPool-16-worker-6] INFO  o.o.b.p.a.PullFromAggregateTracker - Pull Formulário da Vigilancia Hospitalar - Start downloading submission 2 of 26
2026-02-26 17:07:00,933 [ForkJoinPool-16-worker-4] INFO  o.o.b.p.a.PullFromAggregateTracker - Pull Formulário da Vigilancia Hospitalar - Submission 7 of 26 downloaded
2026-02-26 17:07:00,933 [ForkJoinPool-16-worker-4] INFO  o.o.b.p.a.PullFromAggregateTracker - Pull Formulário da Vigilancia Hospitalar - Start downloading submission 12 of 26
2026-02-26 17:07:01,175 [ForkJoinPool-16-worker-8] INFO  o.o.b.p.a.PullFromAggregateTracker - Pull Formulário da Vigilancia Hospitalar - Submission 1 of 26 downloaded
2026-02-26 17:07:01,176 [ForkJoinPool-16-worker-8] INFO  o.o.b.p.a.PullFromAggregateTracker - Pull Formulário da Vigilancia Hospitalar - Start downloading attachment 1 of 1 of submission 1 of 26
2026-02-26 17:07:01,291 [ForkJoinPool-16-worker-13] INFO  o.o.b.p.a.PullFromAggregateTracker - Pull Formulário da Vigilancia Hospitalar - Submission 5 of 26 downloaded
2026-02-26 17:07:01,292 [ForkJoinPool-16-worker-6] INFO  o.o.b.p.a.PullFromAggregateTracker - Pull Formulário da Vigilancia Hospitalar - Submission 2 of 26 downloaded
2026-02-26 17:07:01,292 [ForkJoinPool-16-worker-2] INFO  o.o.b.p.a.PullFromAggregateTracker - Pull Formulário da Vigilancia Hospitalar - Submission 6 of 26 downloaded
2026-02-26 17:07:01,291 [ForkJoinPool-16-worker-3] INFO  o.o.b.p.a.PullFromAggregateTracker - Pull Formulário da Vigilancia Hospitalar - Submission 10 of 26 downloaded
2026-02-26 17:07:01,291 [ForkJoinPool-16-worker-11] INFO  o.o.b.p.a.PullFromAggregateTracker - Pull Formulário da Vigilancia Hospitalar - Submission 3 of 26 downloaded
2026-02-26 17:07:01,291 [ForkJoinPool-16-worker-9] INFO  o.o.b.p.a.PullFromAggregateTracker - Pull Formulário da Vigilancia Hospitalar - Submission 9 of 26 downloaded
2026-02-26 17:07:01,292 [ForkJoinPool-16-worker-10] INFO  o.o.b.p.a.PullFromAggregateTracker - Pull Formulário da Vigilancia Hospitalar - Submission 8 of 26 downloaded
2026-02-26 17:07:01,295 [ForkJoinPool-16-worker-2] INFO  o.o.b.p.a.PullFromAggregateTracker - Pull Formulário da Vigilancia Hospitalar - Start downloading submission 15 of 26
2026-02-26 17:07:01,295 [ForkJoinPool-16-worker-10] INFO  o.o.b.p.a.PullFromAggregateTracker - Pull Formulário da Vigilancia Hospitalar - Start downloading submission 16 of 26
2026-02-26 17:07:01,295 [ForkJoinPool-16-worker-11] INFO  o.o.b.p.a.PullFromAggregateTracker - Pull Formulário da Vigilancia Hospitalar - Start downloading submission 14 of 26
2026-02-26 17:07:01,297 [ForkJoinPool-16-worker-13] INFO  o.o.b.p.a.PullFromAggregateTracker - Pull Formulário da Vigilancia Hospitalar - Start downloading submission 13 of 26
2026-02-26 17:07:01,297 [ForkJoinPool-16-worker-9] INFO  o.o.b.p.a.PullFromAggregateTracker - Pull Formulário da Vigilancia Hospitalar - Start downloading submission 19 of 26
2026-02-26 17:07:01,297 [ForkJoinPool-16-worker-3] INFO  o.o.b.p.a.PullFromAggregateTracker - Pull Formulário da Vigilancia Hospitalar - Start downloading submission 18 of 26
2026-02-26 17:07:01,297 [ForkJoinPool-16-worker-6] INFO  o.o.b.p.a.PullFromAggregateTracker - Pull Formulário da Vigilancia Hospitalar - Start downloading submission 17 of 26
2026-02-26 17:07:01,484 [ForkJoinPool-16-worker-15] INFO  o.o.b.p.a.PullFromAggregateTracker - Pull Formulário da Vigilancia Hospitalar - Submission 11 of 26 downloaded
2026-02-26 17:07:01,485 [ForkJoinPool-16-worker-15] INFO  o.o.b.p.a.PullFromAggregateTracker - Pull Formulário da Vigilancia Hospitalar - Start downloading submission 20 of 26
2026-02-26 17:07:01,689 [ForkJoinPool-16-worker-2] INFO  o.o.b.p.a.PullFromAggregateTracker - Pull Formulário da Vigilancia Hospitalar - Submission 15 of 26 downloaded
2026-02-26 17:07:01,689 [ForkJoinPool-16-worker-11] INFO  o.o.b.p.a.PullFromAggregateTracker - Pull Formulário da Vigilancia Hospitalar - Submission 14 of 26 downloaded
2026-02-26 17:07:01,689 [ForkJoinPool-16-worker-4] INFO  o.o.b.p.a.PullFromAggregateTracker - Pull Formulário da Vigilancia Hospitalar - Submission 12 of 26 downloaded
2026-02-26 17:07:01,689 [ForkJoinPool-16-worker-6] INFO  o.o.b.p.a.PullFromAggregateTracker - Pull Formulário da Vigilancia Hospitalar - Submission 17 of 26 downloaded
2026-02-26 17:07:01,690 [ForkJoinPool-16-worker-1] INFO  o.o.b.p.a.PullFromAggregateTracker - Pull Formulário da Vigilancia Hospitalar - Submission 4 of 26 downloaded
2026-02-26 17:07:01,690 [ForkJoinPool-16-worker-2] INFO  o.o.b.p.a.PullFromAggregateTracker - Pull Formulário da Vigilancia Hospitalar - Start downloading submission 21 of 26
2026-02-26 17:07:01,692 [ForkJoinPool-16-worker-4] INFO  o.o.b.p.a.PullFromAggregateTracker - Pull Formulário da Vigilancia Hospitalar - Start downloading submission 23 of 26
2026-02-26 17:07:01,692 [ForkJoinPool-16-worker-11] INFO  o.o.b.p.a.PullFromAggregateTracker - Pull Formulário da Vigilancia Hospitalar - Start downloading submission 24 of 26
2026-02-26 17:07:01,692 [ForkJoinPool-16-worker-6] INFO  o.o.b.p.a.PullFromAggregateTracker - Pull Formulário da Vigilancia Hospitalar - Start downloading submission 25 of 26
2026-02-26 17:07:01,692 [ForkJoinPool-16-worker-1] INFO  o.o.b.p.a.PullFromAggregateTracker - Pull Formulário da Vigilancia Hospitalar - Start downloading submission 22 of 26
2026-02-26 17:07:01,888 [ForkJoinPool-16-worker-10] INFO  o.o.b.p.a.PullFromAggregateTracker - Pull Formulário da Vigilancia Hospitalar - Submission 16 of 26 downloaded
2026-02-26 17:07:01,889 [ForkJoinPool-16-worker-9] INFO  o.o.b.p.a.PullFromAggregateTracker - Pull Formulário da Vigilancia Hospitalar - Submission 19 of 26 downloaded
2026-02-26 17:07:01,889 [ForkJoinPool-16-worker-10] INFO  o.o.b.p.a.PullFromAggregateTracker - Pull Formulário da Vigilancia Hospitalar - Start downloading submission 26 of 26
2026-02-26 17:07:02,012 [ForkJoinPool-16-worker-2] INFO  o.o.b.p.a.PullFromAggregateTracker - Pull Formulário da Vigilancia Hospitalar - Submission 21 of 26 downloaded
2026-02-26 17:07:02,012 [ForkJoinPool-16-worker-13] INFO  o.o.b.p.a.PullFromAggregateTracker - Pull Formulário da Vigilancia Hospitalar - Submission 13 of 26 downloaded
2026-02-26 17:07:02,012 [ForkJoinPool-16-worker-15] INFO  o.o.b.p.a.PullFromAggregateTracker - Pull Formulário da Vigilancia Hospitalar - Submission 20 of 26 downloaded
2026-02-26 17:07:02,012 [ForkJoinPool-16-worker-3] INFO  o.o.b.p.a.PullFromAggregateTracker - Pull Formulário da Vigilancia Hospitalar - Submission 18 of 26 downloaded
2026-02-26 17:07:02,017 [ForkJoinPool-16-worker-4] INFO  o.o.b.p.a.PullFromAggregateTracker - Pull Formulário da Vigilancia Hospitalar - Submission 23 of 26 downloaded
2026-02-26 17:07:02,200 [ForkJoinPool-16-worker-6] INFO  o.o.b.p.a.PullFromAggregateTracker - Pull Formulário da Vigilancia Hospitalar - Submission 25 of 26 downloaded
2026-02-26 17:07:02,200 [ForkJoinPool-16-worker-11] INFO  o.o.b.p.a.PullFromAggregateTracker - Pull Formulário da Vigilancia Hospitalar - Submission 24 of 26 downloaded
2026-02-26 17:07:02,396 [ForkJoinPool-16-worker-1] INFO  o.o.b.p.a.PullFromAggregateTracker - Pull Formulário da Vigilancia Hospitalar - Submission 22 of 26 downloaded
2026-02-26 17:07:02,396 [ForkJoinPool-16-worker-10] INFO  o.o.b.p.a.PullFromAggregateTracker - Pull Formulário da Vigilancia Hospitalar - Submission 26 of 26 downloaded
2026-02-26 17:08:08,556 [ForkJoinPool-16-worker-8] INFO  o.o.b.p.a.PullFromAggregateTracker - Pull Formulário da Vigilancia Hospitalar - Attachment 1 of 1 of submission 1 of 26 downloaded
2026-02-26 17:08:08,568 [ForkJoinPool-16-worker-8] INFO  o.o.b.p.a.PullFromAggregateTracker - Pull Formulário da Vigilancia Hospitalar - Success
2026-02-26 17:08:08,712 [AWT-EventQueue-0] INFO  XFormParser - Reading XML and parsing with kXML2 finished in 30.816 ms
2026-02-26 17:08:08,726 [AWT-EventQueue-0] INFO  XFormParser - Consolidating text finished in 12.235 ms
2026-02-26 17:08:08,726 [AWT-EventQueue-0] INFO  XFormParser - Parsing form...
2026-02-26 17:08:08,726 [AWT-EventQueue-0] INFO  XFormParser - Title: "Formulário da Vigilancia Hospitalar"
2026-02-26 17:08:08,727 [AWT-EventQueue-0] WARN  XFormParser - XForm Parse Warning: Warning: 1 Unrecognized attributes found in Element [model] and will be ignored: [xforms-version] 
    Problem found at nodeset: /html/head/model
    With element <model xforms-version="1.0.0"><instance><data id="hospitalar_v6" version="6" prefix="hospitalar_v6" delimiter="$">...

2026-02-26 17:08:08,851 [AWT-EventQueue-0] INFO  XFormParser - Creating FormDef from parsed XML finished in 124.400 ms
2026-02-26 17:08:27,818 [Thread-20] INFO  org.javarosa.core.model.FormDef - Dynamic select question has no choices! [instance(dis)/root/item]. If this occurs while filling out a form (and not while saving an incomplete form), the filter condition may have eliminated all the choices. Is that what you intended?
2026-02-26 17:08:27,823 [Thread-20] INFO  org.javarosa.core.model.FormDef - Dynamic select question has no choices! [instance(bairro)/root/item]. If this occurs while filling out a form (and not while saving an incomplete form), the filter condition may have eliminated all the choices. Is that what you intended?
2026-02-26 17:08:27,959 [Thread-20] INFO  org.javarosa.core.model.FormDef - Dynamic select question has no choices! [instance(Distrito_option_type)/root/item]. If this occurs while filling out a form (and not while saving an incomplete form), the filter condition may have eliminated all the choices. Is that what you intended?
2026-02-26 17:08:27,975 [Thread-20] INFO  org.javarosa.core.model.FormDef - Dynamic select question has no choices! [instance(Unidade_sanitaria_options)/root/item]. If this occurs while filling out a form (and not while saving an incomplete form), the filter condition may have eliminated all the choices. Is that what you intended?
2026-02-26 17:08:27,979 [Thread-20] INFO  org.javarosa.core.model.FormDef - Dynamic select question has no choices! [instance(tipo_amostra_options)/root/item]. If this occurs while filling out a form (and not while saving an incomplete form), the filter condition may have eliminated all the choices. Is that what you intended?
2026-02-26 17:08:28,014 [Thread-20] INFO  org.javarosa.core.model.FormDef - Dynamic select question has no choices! [instance(Distrito_option_type)/root/item]. If this occurs while filling out a form (and not while saving an incomplete form), the filter condition may have eliminated all the choices. Is that what you intended?
2026-02-26 17:08:28,243 [Thread-20] INFO  org.javarosa.core.model.FormDef - Dynamic select question has no choices! [instance(dis)/root/item]. If this occurs while filling out a form (and not while saving an incomplete form), the filter condition may have eliminated all the choices. Is that what you intended?
2026-02-26 17:08:28,310 [Thread-20] INFO  org.javarosa.core.model.FormDef - Dynamic select question has no choices! [instance(bairro)/root/item]. If this occurs while filling out a form (and not while saving an incomplete form), the filter condition may have eliminated all the choices. Is that what you intended?
2026-02-26 17:08:28,447 [ForkJoinPool-17-worker-2] INFO  o.o.b.export.ExportProcessTracker - Exported in 00:00:00.5746363
2026-02-26 17:08:28,525 [ForkJoinPool-17-worker-4] INFO  o.o.b.export.ExportProcessTracker - Exported in 00:00:00.5194655
2026-02-26 17:08:30,492 [ForkJoinPool-17-worker-13] INFO  o.o.b.export.ExportProcessTracker - Exported in 00:00:02.469696
2026-02-26 17:08:40,740 [ForkJoinPool-17-worker-8] INFO  o.o.b.export.ExportProcessTracker - Exported in 00:00:12.3707017
2026-02-26 17:08:48,871 [ForkJoinPool-17-worker-9] INFO  o.o.b.export.ExportProcessTracker - Exported in 00:00:21.0237891
2026-02-26 17:08:54,922 [ForkJoinPool-17-worker-11] INFO  o.o.b.export.ExportProcessTracker - Exported in 00:00:26.9254524
2026-02-26 17:08:59,908 [ForkJoinPool-17-worker-6] INFO  o.o.b.export.ExportProcessTracker - Exported in 00:00:31.876593
