SubmissionDate,WHOTA-DATE,WHOTA-codigo_paciente,WHOTA-coordenadas_IDS-Latitude,WHOTA-coordenadas_IDS-Longitude,WHOTA-coordenadas_IDS-Altitude,WHOTA-coordenadas_IDS-Accuracy,WHOTA-provincia_colheita,WHOTA-dist_colheita,WHOTA-LO_COLHEITA,WHOTA-ptdcol,WHOTA-tipmast,WHOTA-teccol,WHOTA-tembie,WHOTA-temag,WHOTA-humreab,WHOTA-ph,WHOTA-Turbidez,WHOTA-condelec,WHOTA-conamon,WHOTA-conortf,WHOTA-oxigenio,WHOTA-destorco,WHOTA-descfras,WHOTA-nota12.1,WHOTA-tiossulfato_de_sodio,WHOTA-acido_nitrico,WHOTA-consdtr,WHOTA-nota12,WHOTA-SARS_COV_2,WHOTA-Influenza,WHOTA-Poliovirus,WHOTA-Colera,WHOTA-Febre_tifoide,WHOTA-Outros,WHOTA-Outros_other,WHOTA-TEC_RES_COLHEITA,WHOTA-Observacao,meta-instanceID,KEY
"Mar 18, 2025 10:54:39 AM","Mar 18, 2025 9:40:00 AM",IDSW100001,-25.9189897000,32.5389447000,26.8000000000,1.7400000000,Maputo_Cidade,kamubukwana,ETAR,Cam_Cistern_CC,Aguas_residuais,Torpidos,24.7,40,67,"","","","","","","",Sim,"","","",Sim,"",Sim,Sim,"","","","","",Diocreciano Inocêncio,"",uuid:d47040fa-6ec5-4fd2-932a-41f82ac29084,uuid:d47040fa-6ec5-4fd2-932a-41f82ac29084
"Mar 18, 2025 10:54:39 AM","Mar 18, 2025 8:43:00 AM",IDSW100002,-25.9190583000,32.5388917000,-4.4000000000,3.9000000000,Maputo_Cidade,kamubukwana,ETAR,Cam_Cistern_CC,Aguas_residuais,Moore_swab,24.7,40,67,"","","","","","","",Sim,"","","",Sim,"",Sim,Sim,"","","","","",Diocreciano Inocêncio,"",uuid:9f15f10c-4de0-46a6-a1bd-548e05b850ba,uuid:9f15f10c-4de0-46a6-a1bd-548e05b850ba
"Mar 18, 2025 10:54:39 AM","Mar 18, 2025 8:49:00 AM",IDSW100003,-25.9189365000,32.5388787000,2.1000000000,4.4500000000,Maputo_Cidade,kamubukwana,ETAR,Cam_Cistern_CC,Aguas_residuais,Grag_sample,24.7,40,67,"","","","","","","",Sim,"","","",Sim,"",Sim,Sim,"","","","","",Diocreciano Inocêncio,"",uuid:07d0b960-f33e-4357-9fe4-9c0a0a13e1a6,uuid:07d0b960-f33e-4357-9fe4-9c0a0a13e1a6
"Mar 18, 2025 10:54:40 AM","Mar 18, 2025 10:00:00 AM",IDSW100004,-25.9184000000,32.5390850000,2.8000000000,5.0000000000,Maputo_Cidade,kamubukwana,ETAR,Entrada_ETAR,Aguas_residuais,Grag_sample,24.7,40,67,"","","","","","","",Sim,"","","",Sim,"",Sim,Sim,"","","","","","","",uuid:20d3e33d-4e8b-41bb-ae5c-f6e141e787ea,uuid:20d3e33d-4e8b-41bb-ae5c-f6e141e787ea
"Mar 18, 2025 10:54:40 AM","Mar 18, 2025 10:00:00 AM",IDSW100005,-25.9186717000,32.5388367000,3.5000000000,4.9000000000,Maputo_Cidade,kamubukwana,ETAR,Entrada_ETAR,Aguas_residuais,Moore_swab,24.7,40,67,"","","","","","","",Sim,"","","",Sim,"",Sim,Sim,"","","","","",Diocreciano Inocêncio,"",uuid:1b141ce2-66b5-4c5d-a383-57aba6722cfe,uuid:1b141ce2-66b5-4c5d-a383-57aba6722cfe
"Mar 18, 2025 10:54:40 AM","Mar 18, 2025 11:13:00 AM",IDSW100006,-25.9184958000,32.5392230000,3.5000000000,3.7500000000,Maputo_Cidade,kamubukwana,ETAR,Entrada_ETAR,Aguas_residuais,Torpidos,24.7,40,67,"","","","","","","",Sim,"","","",Sim,"",Sim,Sim,"","","","","",Diocreciano Inocêncio,"",uuid:7d5a37e5-c8c1-43bd-baee-bdfc0dbaf05a,uuid:7d5a37e5-c8c1-43bd-baee-bdfc0dbaf05a
"Mar 18, 2025 10:54:40 AM","Mar 18, 2025 10:20:00 AM",IDSW100007,-25.9177070000,32.5382868000,25.7000007629,3.1000000000,Maputo_Cidade,kamubukwana,ETAR,Vala_esgoto_VE,Aguas_residuais,Torpidos,24.7,40,67,"","","","","","","",Sim,"","","",Sim,"",Sim,Sim,"","","","","",Diocreciano Inocêncio,"",uuid:0770a8a6-8c2c-4b8e-8474-228a91bc1532,uuid:0770a8a6-8c2c-4b8e-8474-228a91bc1532
"Mar 18, 2025 10:54:41 AM","Mar 18, 2025 10:22:00 AM",IDSW100007,-25.9177073000,32.5383303000,25.7000007629,3.6420000000,Maputo_Cidade,kamubukwana,ETAR,Vala_esgoto_VE,Aguas_residuais,Moore_swab,24.7,40,67,"","","","","","","",Sim,"","","",Sim,"",Sim,Sim,"","","","","",Diocreciano Inocêncio,"",uuid:6db16d74-7f65-4a03-b32d-1806b281ec53,uuid:6db16d74-7f65-4a03-b32d-1806b281ec53
"Mar 18, 2025 10:54:41 AM","Mar 18, 2025 10:24:00 AM",IDSW100009,-25.9177331000,32.5383052000,25.7000007629,2.5000000000,Maputo_Cidade,kamubukwana,ETAR,Vala_esgoto_VE,Aguas_residuais,Grag_sample,24.7,40,67,"","","","","","","",Sim,"","","",Sim,"",Sim,Sim,"","","","","",Diocreciano Inocêncio,"",uuid:5f4da18f-bd57-4696-a3d4-cd4865352131,uuid:5f4da18f-bd57-4696-a3d4-cd4865352131
"Mar 27, 2025 6:45:11 AM","Mar 25, 2025 8:11:00 AM",IDSW100010,-25.9189918000,32.5389136000,26.4000000000,4.2000000000,Maputo_Cidade,kamubukwana,ETAR,Cam_Cistern_CC,Aguas_residuais,Torpidos,20.1,40,17,"","","","","","","",Sim,"","","",Sim,"",Sim,Sim,"","","","","",Diocreciano Inocêncio,"",uuid:8d0b0cc3-98e8-473a-9631-282ebd615e77,uuid:8d0b0cc3-98e8-473a-9631-282ebd615e77
"Mar 27, 2025 6:45:12 AM","Mar 25, 2025 8:17:00 AM",IDSW100011,-25.9189974000,32.5388759000,13.6000000000,4.9000000000,Maputo_Cidade,kamubukwana,ETAR,Cam_Cistern_CC,Aguas_residuais,Moore_swab,20.1,40,17,"","","","","","","",Sim,"","","",Sim,"",Sim,Sim,"","",Sim,"","",Diocreciano Inocêncio,"",uuid:6c7161f0-f2ce-46b8-978f-ee20471036da,uuid:6c7161f0-f2ce-46b8-978f-ee20471036da
"Mar 27, 2025 6:45:12 AM","Mar 25, 2025 8:22:00 AM",IDSW100012,-25.9189833000,32.5389117000,26.9000000000,4.4000000000,Maputo_Cidade,kamubukwana,ETAR,Cam_Cistern_CC,Aguas_residuais,Grag_sample,20.1,40,17,"","","","","","","",Sim,"","","",Sim,"",Sim,Sim,"","",Sim,"","",Diocreciano Inocêncio,"",uuid:a5c6ccdb-4765-4c41-b1c2-c56e38d2a163,uuid:a5c6ccdb-4765-4c41-b1c2-c56e38d2a163
"Mar 27, 2025 6:45:12 AM","Mar 25, 2025 8:26:00 AM",IDSW100013,-25.9184551000,32.5392905000,29.5000000000,4.5000000000,Maputo_Cidade,kamubukwana,ETAR,Entrada_ETAR,Aguas_residuais,Torpidos,20.1,40,17,"","","","","","","",Sim,"","","",Sim,"",Sim,Sim,"",Sim,Sim,"","",Diocreciano/Inocêncio,"",uuid:9311414d-4fe7-4934-8c9a-41b47d5f4185,uuid:9311414d-4fe7-4934-8c9a-41b47d5f4185
"Mar 27, 2025 6:45:13 AM","Mar 25, 2025 8:31:00 AM",IASW100014,-25.9184575000,32.5391355000,29.2000000000,4.2000000000,Maputo_Cidade,kamubukwana,ETAR,Entrada_ETAR,Aguas_residuais,Moore_swab,20.1,40,17,"","","","","","","",Sim,"","","",Sim,"",Sim,Sim,"",Sim,Sim,"","",Diocreciano Inocêncio,"",uuid:4868c1f2-4e77-4db5-8a39-aa508a0984d5,uuid:4868c1f2-4e77-4db5-8a39-aa508a0984d5
"Mar 27, 2025 6:45:13 AM","Mar 25, 2025 8:35:00 AM",IDSW100015,-25.9183639000,32.5391879000,28.4000000000,3.5500000000,Maputo_Cidade,kamubukwana,ETAR,Entrada_ETAR,Aguas_residuais,Grag_sample,20.1,40,17,"","","","","","","",Sim,"","","",Sim,"",Sim,Sim,"",Sim,Sim,"","",DIOCRECIANO INOCÊNCIO,"",uuid:ff42a7d4-8212-484a-8776-d6c64b1fe893,uuid:ff42a7d4-8212-484a-8776-d6c64b1fe893
"Mar 27, 2025 6:45:13 AM","Mar 25, 2025 8:41:00 AM",IDSW100016,-25.9177106000,32.5383676000,25.7000007629,4.9160000000,Maputo_Cidade,kamubukwana,ETAR,Vala_esgoto_VE,Aguas_residuais,Torpidos,20.1,40,17,"","","","","","","",Sim,"","","",Sim,"",Sim,Sim,"",Nao,"","","",DIOCRECIANO INOCÊNCIO,"",uuid:403c9b02-0546-4cd2-9faa-a4f99ee66ff7,uuid:403c9b02-0546-4cd2-9faa-a4f99ee66ff7
"Mar 27, 2025 6:45:13 AM","Mar 25, 2025 8:43:00 AM",IDSW100017,-25.9177628000,32.5382950000,25.7000007629,2.9830000000,Maputo_Cidade,kamubukwana,ETAR,Vala_esgoto_VE,Aguas_residuais,Moore_swab,20.1,40,17,"","","","","","","",Sim,"","","",Sim,"",Sim,Sim,"",Sim,Sim,"","",Diocreciano Inocêncio,"",uuid:4be07008-e085-4f4e-8003-bf5308c3c2c6,uuid:4be07008-e085-4f4e-8003-bf5308c3c2c6
"Mar 27, 2025 6:45:14 AM","Mar 25, 2025 8:45:00 AM",IDSW100018,-25.9177429000,32.5382996000,25.6000003815,2.7600000000,Maputo_Cidade,kamubukwana,ETAR,Vala_esgoto_VE,Aguas_residuais,Grag_sample,20.1,40,17,"","","","","","","",Sim,"","","",Sim,"",Sim,Sim,"",Sim,Sim,"","",Diocreciano Inocêncio,"",uuid:d5c5a49a-6fc4-4925-b333-6d2caa15990c,uuid:d5c5a49a-6fc4-4925-b333-6d2caa15990c
"Apr 1, 2025 12:42:48 PM","Apr 1, 2025 8:28:00 AM",IDSW100019,-25.9190344000,32.5389174000,20.5000000000,4.0500000000,Maputo_Cidade,kamubukwana,ETAR,Cam_Cistern_CC,Aguas_residuais,Torpidos,20.1,17,40,"","","","","","","",Sim,"","","",Sim,"",Sim,Sim,"","","","","",INOCÊNCIO,"",uuid:c08deb6f-e99f-4434-b61b-1bcb0bd6896e,uuid:c08deb6f-e99f-4434-b61b-1bcb0bd6896e
"Apr 1, 2025 12:42:48 PM","Apr 1, 2025 8:36:00 AM",IDSW100020,-25.9189966000,32.5389543000,37.3000000000,4.4330000000,Maputo_Cidade,kamubukwana,ETAR,Cam_Cistern_CC,Aguas_residuais,Moore_swab,20.1,40,17,"","","","","","","",Sim,"","","",Sim,"",Sim,Sim,"",Sim,Sim,"","",Inocêncio,"",uuid:c086fdcb-faed-406b-8b3a-e5c25da8d190,uuid:c086fdcb-faed-406b-8b3a-e5c25da8d190
"Apr 1, 2025 12:42:49 PM","Apr 1, 2025 8:46:00 AM",IDSW100021,-25.9188686000,32.5389353000,23.1000000000,4.1330000000,Maputo_Cidade,kamubukwana,ETAR,Cam_Cistern_CC,Aguas_residuais,Grag_sample,20.1,40,17,"","","","","","","",Sim,"","","",Sim,"",Sim,Sim,"",Sim,Sim,"","",INOCÊNCIO,"",uuid:985c301f-9e53-4bfa-8c91-c8cdc2ba5bb9,uuid:985c301f-9e53-4bfa-8c91-c8cdc2ba5bb9
"Apr 1, 2025 12:42:49 PM","Apr 1, 2025 8:48:00 AM",IDSW100022,-25.9183456000,32.5392557000,25.0000000000,4.9500000000,Maputo_Cidade,kamubukwana,ETAR,Entrada_ETAR,Aguas_residuais,Moore_swab,20.1,40,17,"","","","","","","",Sim,"","","",Sim,"",Sim,Sim,"",Sim,Sim,"","",INOCÊNCIO,"",uuid:bde3ee18-2e25-4dfe-bc3b-5353dc0d3f65,uuid:bde3ee18-2e25-4dfe-bc3b-5353dc0d3f65
"Apr 1, 2025 12:42:49 PM","Apr 1, 2025 8:52:00 AM",IDSW100023,-25.9184386000,32.5392567000,25.4000000000,4.9600000000,Maputo_Cidade,kamubukwana,ETAR,Entrada_ETAR,Aguas_residuais,Torpidos,20.1,40,17,"","","","","","","",Sim,"","","",Sim,"",Sim,Sim,"","","","","",INOCÊNCIO,"",uuid:05ba749f-cd5f-4c59-bb57-0e30b8797251,uuid:05ba749f-cd5f-4c59-bb57-0e30b8797251
"Apr 1, 2025 12:42:50 PM","Apr 1, 2025 8:56:00 AM",IDSW100024,-25.9183450000,32.5393948000,28.9000000000,7.3000000000,Maputo_Cidade,kamubukwana,ETAR,Entrada_ETAR,Aguas_residuais,Grag_sample,20.1,40,17,"","","","","","","",Sim,"","","",Sim,"",Sim,Sim,"",Sim,Sim,"","",INOCÊNCIO,"",uuid:a34021c6-a477-45cd-914b-3fbbbebcdc93,uuid:a34021c6-a477-45cd-914b-3fbbbebcdc93
"Apr 1, 2025 12:42:50 PM","Apr 1, 2025 9:00:00 AM",IDSW100025,-25.9177907000,32.5383454000,39.6000000000,4.8830000000,Maputo_Cidade,kamubukwana,ETAR,Vala_esgoto_VE,Aguas_residuais,Moore_swab,20.1,40,17,"","","","","","","",Sim,"","","",Sim,"",Sim,Sim,"",Sim,Sim,"","",INOCÊNCIO,"",uuid:95f2f155-93e8-4370-86c9-9c379e556c28,uuid:95f2f155-93e8-4370-86c9-9c379e556c28
"Apr 1, 2025 12:42:50 PM","Apr 1, 2025 9:08:00 AM",IDSW100026,-25.9177509000,32.5383532000,32.9000000000,4.7400000000,Maputo_Cidade,kamubukwana,ETAR,Vala_esgoto_VE,Aguas_residuais,Torpidos,20.1,40,17,"","","","","","","",Sim,"","","",Sim,"",Sim,Sim,"","","","","",INOCÊNCIO,"",uuid:bd6f3cfa-d806-451a-9475-36d1b915044a,uuid:bd6f3cfa-d806-451a-9475-36d1b915044a
"Apr 1, 2025 12:42:51 PM","Apr 1, 2025 9:10:00 AM",IDSW100027,-25.9177540000,32.5383433000,31.8000000000,4.8800000000,Maputo_Cidade,kamubukwana,ETAR,Vala_esgoto_VE,Aguas_residuais,Grag_sample,20.1,40,17,"","","","","","","",Sim,"","","",Sim,"",Sim,Sim,"",Sim,Sim,"","",INOCÊNCIO,"",uuid:80065cac-7821-4bb7-8b18-8060e579b291,uuid:80065cac-7821-4bb7-8b18-8060e579b291
"Apr 9, 2025 11:02:09 AM","Apr 9, 2025 8:50:00 AM",IDSW100028,-25.9189917000,32.5389317000,72.6999969482,4.1000000000,Maputo_Cidade,kamubukwana,ETAR,Cam_Cistern_CC,Aguas_residuais,Torpidos,34,40,77,"","","","","","","",Sim,"","","",Sim,"",Sim,Sim,"","","","","",INOCÊNCIO,"",uuid:0d196832-252f-4c41-a0f1-cc48e2dd4bb1,uuid:0d196832-252f-4c41-a0f1-cc48e2dd4bb1
"Apr 9, 2025 11:02:09 AM","Apr 9, 2025 8:52:00 AM",IDSW100029,-25.9190254000,32.5389076000,34.9000000000,4.9400000000,Maputo_Cidade,kamubukwana,ETAR,Cam_Cistern_CC,Aguas_residuais,Moore_swab,34,40,77,"","","","","","","",Sim,"","","",Sim,"",Sim,Sim,"",Sim,Sim,"","",INOCÊNCIO,"",uuid:4a70ec88-8b54-4e75-804b-c47529b9b0df,uuid:4a70ec88-8b54-4e75-804b-c47529b9b0df
"Apr 9, 2025 11:02:10 AM","Apr 9, 2025 8:54:00 AM",IDSW100030,-25.9190217000,32.5388503000,96.9000000000,3.0000000000,Maputo_Cidade,kamubukwana,ETAR,Cam_Cistern_CC,Aguas_residuais,Grag_sample,34,40,77,"","","","","","","",Sim,"","","",Sim,"",Sim,Sim,"",Sim,Sim,"","",INOCÊNCIO,"",uuid:1686fafb-2526-4e55-8479-38919ed31a6a,uuid:1686fafb-2526-4e55-8479-38919ed31a6a
"Apr 9, 2025 11:02:10 AM","Apr 9, 2025 9:03:00 AM",IDSW100031,-25.9181243000,32.5388671000,164.4000000000,4.7330000000,Maputo_Cidade,kamubukwana,ETAR,Entrada_ETAR,Aguas_residuais,Torpidos,34,40,77,"","","","","","","",Sim,"","","",Sim,"",Sim,Sim,"","","","","",INOCÊNCIO,"",uuid:7532c300-112a-42c5-ab35-7a155e3aee44,uuid:7532c300-112a-42c5-ab35-7a155e3aee44
"Apr 9, 2025 11:02:11 AM","Apr 9, 2025 9:05:00 AM",IDSW100032,-25.9181876000,32.5388922000,162.8000000000,4.9660000000,Maputo_Cidade,kamubukwana,ETAR,Entrada_ETAR,Aguas_residuais,Moore_swab,34,40,77,"","","","","","","",Sim,"","","",Sim,"",Sim,Sim,"",Sim,Sim,"","",INOCÊNCIO,"",uuid:b406f4a8-3354-417b-90e9-78007edfac64,uuid:b406f4a8-3354-417b-90e9-78007edfac64
"Apr 9, 2025 11:02:11 AM","Apr 9, 2025 9:13:00 AM",IDSW100033,-25.9183891000,32.5390815000,115.3000000000,4.9330000000,Maputo_Cidade,kamubukwana,ETAR,Entrada_ETAR,Aguas_residuais,Grag_sample,34,40,77,"","","","","","","",Sim,"","","",Sim,"",Sim,Sim,"",Sim,Sim,"","",INOCÊNCIO,"",uuid:684fe6de-baee-47fa-ab20-ece8a6d6d012,uuid:684fe6de-baee-47fa-ab20-ece8a6d6d012
"Apr 9, 2025 11:02:12 AM","Apr 9, 2025 9:24:00 AM",IDSW100034,-25.9177700000,32.5382833000,25.8000011444,4.5000000000,Maputo_Cidade,kamubukwana,ETAR,Vala_esgoto_VE,Aguas_residuais,Grag_sample,34,40,77,"","","","","","","",Sim,"","","",Sim,"",Sim,Sim,"",Sim,Sim,"","",INOCÊNCIO,"",uuid:d669bdd8-b479-4d9c-88b7-4805df7fab7a,uuid:d669bdd8-b479-4d9c-88b7-4805df7fab7a
"Apr 15, 2025 2:10:28 PM","Apr 15, 2025 10:05:00 AM",IDSW100035,-25.9189537000,32.5389179000,24.7000000000,4.8660000000,Maputo_Cidade,kamubukwana,ETAR,Cam_Cistern_CC,Aguas_residuais,Torpidos,27.1,40,77,"","","","","","","",Sim,"","","",Sim,"",Sim,Sim,"","","","","",INOCÊNCIO,"",uuid:b3d4a56d-2505-424e-bb2d-9d1349a15ea9,uuid:b3d4a56d-2505-424e-bb2d-9d1349a15ea9
"Apr 15, 2025 2:10:29 PM","Apr 15, 2025 10:09:00 AM",IDSW100036,-25.9190657000,32.5388854000,31.3000000000,4.9660000000,Maputo_Cidade,kamubukwana,ETAR,Cam_Cistern_CC,Aguas_residuais,Moore_swab,27.1,40,77,"","","","","","","",Sim,"","","",Sim,"",Sim,Sim,"",Sim,Sim,"","",INOCÊNCIO,"",uuid:78f8919f-fcd4-42b6-99bf-20a71a957545,uuid:78f8919f-fcd4-42b6-99bf-20a71a957545
"Apr 15, 2025 2:10:29 PM","Apr 15, 2025 10:35:00 AM",IDSW100037,-25.9190137000,32.5388681000,29.6000000000,4.5000000000,Maputo_Cidade,kamubukwana,ETAR,Cam_Cistern_CC,Aguas_residuais,Grag_sample,27.1,40,77,"","","","","","","",Sim,"","","",Sim,"",Sim,Sim,Nao,Sim,Sim,"","",Diocreciano Inocêncio,"",uuid:552a3896-6aa0-44f0-972e-fbf1a29ae558,uuid:552a3896-6aa0-44f0-972e-fbf1a29ae558
"Apr 15, 2025 2:10:30 PM","Apr 15, 2025 10:40:00 AM",IDSW100038,-25.9184918000,32.5391298000,28.9000000000,4.7830000000,Maputo_Cidade,kamubukwana,ETAR,Entrada_ETAR,Aguas_residuais,Torpidos,27.1,40,77,"","","","","","","",Sim,"","","",Sim,"",Sim,Sim,Nao,Nao,Nao,"","",Diocreciano Inocêncio,"",uuid:73e5f4c8-882f-4007-8848-cfab3142a9e1,uuid:73e5f4c8-882f-4007-8848-cfab3142a9e1
"Apr 15, 2025 2:10:30 PM","Apr 15, 2025 10:44:00 AM",IDSW100039,-25.9184089000,32.5392307000,28.8000000000,4.8650000000,Maputo_Cidade,kamubukwana,ETAR,Entrada_ETAR,Aguas_residuais,Moore_swab,27.1,40,77,"","","","","","","",Sim,"","","",Sim,"",Sim,Sim,Nao,Sim,Sim,"","",Diocreciano Inocêncio,"",uuid:82160380-8571-41ce-83f1-02363ad06960,uuid:82160380-8571-41ce-83f1-02363ad06960
"Apr 15, 2025 2:10:30 PM","Apr 15, 2025 10:48:00 AM",IDSW100040,-25.9183724000,32.5391634000,28.3000000000,4.8500000000,Maputo_Cidade,kamubukwana,ETAR,Entrada_ETAR,Aguas_residuais,Grag_sample,27.1,40,77,"","","","","","","",Sim,"","","",Sim,"",Sim,Sim,Nao,Sim,Sim,"","",Diocreciano Inocêncio,"",uuid:6c2fe8cb-4f66-4fec-b522-757d16d14e57,uuid:6c2fe8cb-4f66-4fec-b522-757d16d14e57
"Apr 15, 2025 2:10:31 PM","Apr 15, 2025 10:53:00 AM",IDSW100041,-25.9177275000,32.5383486000,10.0000000000,4.8330000000,Maputo_Cidade,kamubukwana,ETAR,Vala_esgoto_VE,Aguas_residuais,Torpidos,27.1,40,77,"","","","","","","",Sim,"","","",Sim,"",Sim,Sim,Nao,Nao,Nao,"","",Diocreciano Inocêncio,"",uuid:1f8a5111-4ddb-4488-89eb-b8ba81edeb10,uuid:1f8a5111-4ddb-4488-89eb-b8ba81edeb10
"Apr 15, 2025 2:10:31 PM","Apr 15, 2025 10:56:00 AM",IDSW100042,-25.9177640000,32.5384224000,9.5000000000,4.5400000000,Maputo_Cidade,kamubukwana,ETAR,Vala_esgoto_VE,Aguas_residuais,Moore_swab,27.1,40,77,"","","","","","","",Sim,"","","",Sim,"",Sim,Sim,Nao,Sim,Sim,"","",Diocreciano Inocêncio,"",uuid:1a2c0515-6a82-4faa-abbf-14c0a19c6bae,uuid:1a2c0515-6a82-4faa-abbf-14c0a19c6bae
"Apr 15, 2025 2:10:32 PM","Apr 15, 2025 10:58:00 AM",IDSW100043,-25.9177527000,32.5383331000,9.3000000000,4.7500000000,Maputo_Cidade,kamubukwana,ETAR,Vala_esgoto_VE,Aguas_residuais,Grag_sample,27.1,40,77,"","","","","","","",Sim,"","","",Sim,"",Sim,Sim,Nao,Sim,Sim,"","",Diocreciano Inocêncio,"",uuid:7f75b43c-a235-4d87-a833-e56785331398,uuid:7f75b43c-a235-4d87-a833-e56785331398
"Apr 22, 2025 2:11:29 PM","Apr 22, 2025 10:51:00 AM",IDSW100044,-25.9189141000,32.5390088000,27.4000000000,4.3500000000,Maputo_Cidade,kamubukwana,ETAR,Cam_Cistern_CC,Aguas_residuais,Torpidos,33.5,40,77,"","","","","","","",Sim,"","","",Sim,"",Sim,Sim,Nao,Nao,Nao,"","",INOCÊNCIO,"",uuid:98d1dd7a-9353-4359-bf34-d4efa909498d,uuid:98d1dd7a-9353-4359-bf34-d4efa909498d
"Apr 22, 2025 2:11:29 PM","Apr 22, 2025 10:55:00 AM",IDSW100045,-25.9189330000,32.5390780000,27.5000000000,4.4600000000,Maputo_Cidade,kamubukwana,ETAR,Cam_Cistern_CC,Aguas_residuais,Moore_swab,33.5,40,77,"","","","","","","",Sim,"","","",Sim,"",Sim,Sim,Nao,Sim,Sim,Nao,"",INOCÊNCIO,"",uuid:0fa8f943-8d6e-4abf-9597-7304b7ef3d10,uuid:0fa8f943-8d6e-4abf-9597-7304b7ef3d10
"Apr 22, 2025 2:11:30 PM","Apr 22, 2025 10:57:00 AM",IDSW100046,-25.9189402000,32.5389972000,27.5000000000,4.7000000000,Maputo_Cidade,kamubukwana,ETAR,Cam_Cistern_CC,Aguas_residuais,Grag_sample,33.5,40,77,"","","","","","","",Sim,"","","",Sim,"",Sim,Sim,Nao,"","","","","","",uuid:5aed7f77-5a0d-47a8-b612-d2c010e70beb,uuid:5aed7f77-5a0d-47a8-b612-d2c010e70beb
"Apr 22, 2025 2:11:30 PM","Apr 22, 2025 11:03:00 AM",IDSW100047,-25.9183156000,32.5391388000,58.2000000000,4.7000000000,Maputo_Cidade,kamubukwana,ETAR,Entrada_ETAR,Aguas_residuais,Torpidos,33.5,40,77,"","","","","","","",Sim,"","","",Sim,"",Sim,Sim,Nao,Nao,Nao,Nao,"",INOCÊNCIO,"",uuid:cd8fba8f-90fc-4965-a694-8939c9b73db4,uuid:cd8fba8f-90fc-4965-a694-8939c9b73db4
"Apr 22, 2025 2:11:30 PM","Apr 22, 2025 11:05:00 AM",IDSW100048,-25.9180811000,32.5393655000,59.1000000000,4.9800000000,Maputo_Cidade,kamubukwana,ETAR,Entrada_ETAR,Aguas_residuais,Moore_swab,33.5,40,77,"","","","","","","",Sim,"","","",Sim,"",Sim,Sim,Nao,Sim,Sim,Nao,"",INOCÊNCIO,"",uuid:515aacc7-74f3-4402-a959-943bdd7443a8,uuid:515aacc7-74f3-4402-a959-943bdd7443a8
"Apr 22, 2025 2:11:31 PM","Apr 22, 2025 11:07:00 AM",IDSW100049,-25.9180933000,32.5393139000,59.1000000000,4.7200000000,Maputo_Cidade,kamubukwana,ETAR,Entrada_ETAR,Aguas_residuais,Grag_sample,33.5,40,77,"","","","","","","",Sim,"","","",Sim,"",Sim,Sim,Nao,Sim,Sim,Nao,"",INOCÊNCIO,"",uuid:2eb1244e-aa5c-4617-88c5-2bfaf7202e1c,uuid:2eb1244e-aa5c-4617-88c5-2bfaf7202e1c
"Apr 22, 2025 2:11:31 PM","Apr 22, 2025 11:12:00 AM",IDSW100050,-25.9174455000,32.5384360000,25.7000007629,4.8500000000,Maputo_Cidade,kamubukwana,ETAR,Vala_esgoto_VE,Aguas_residuais,Moore_swab,33.5,40,77,"","","","","","","",Sim,"","","",Sim,"",Sim,Sim,Nao,Sim,Sim,Nao,"",INOCÊNCIO,"",uuid:dd859ac4-56a4-4321-9b91-00a7cc59b7b7,uuid:dd859ac4-56a4-4321-9b91-00a7cc59b7b7
"Apr 22, 2025 2:11:32 PM","Apr 22, 2025 11:14:00 AM",IDSW100051,-25.9174786000,32.5384315000,25.8000011444,4.8830000000,Maputo_Cidade,kamubukwana,ETAR,Vala_esgoto_VE,Aguas_residuais,Grag_sample,33.5,40,77,"","","","","","","",Sim,"","","",Sim,"",Sim,Sim,Nao,Sim,Sim,Nao,"",INOCÊNCIO,"",uuid:f168ff60-6bdc-41b0-90bc-7f272b467c1e,uuid:f168ff60-6bdc-41b0-90bc-7f272b467c1e
"Apr 30, 2025 7:54:03 AM","Apr 29, 2025 11:47:00 AM",IDSW100052,-25.9177364000,32.5383756000,10.2000000000,4.9830000000,Maputo_Cidade,kamubukwana,ETAR,Vala_esgoto_VE,Aguas_residuais,Torpidos,18.9,40,17,"","","","","","","",Sim,"","","",Sim,"",Sim,Sim,Nao,Nao,Nao,Nao,"",INOCÊNCIO,"",uuid:8ede8826-a5fb-4d3f-8a6e-2621c82f7d3e,uuid:8ede8826-a5fb-4d3f-8a6e-2621c82f7d3e
"Apr 30, 2025 7:54:03 AM","Apr 29, 2025 11:48:00 AM",IDSW100053,-25.9177826000,32.5383336000,11.1000000000,4.9660000000,Maputo_Cidade,kamubukwana,ETAR,Vala_esgoto_VE,Aguas_residuais,Moore_swab,18.9,40,17,"","","","","","","",Sim,"","","",Sim,"",Sim,Sim,"",Sim,Sim,"","",INOCÊNCIO,"",uuid:a33f46bd-da2c-4459-8d86-ad782f483563,uuid:a33f46bd-da2c-4459-8d86-ad782f483563
"Apr 30, 2025 7:54:03 AM","Apr 29, 2025 11:55:00 AM",IDSW100055,-25.9183466000,32.5392473000,11.1000000000,4.9000000000,Maputo_Cidade,kamubukwana,ETAR,Entrada_ETAR,Aguas_residuais,Torpidos,18.9,40,17,"","","","","","","",Sim,"","","",Sim,"",Sim,Sim,"","","","","",INOCÊNCIO,"",uuid:75d5f768-e84f-4562-b707-6d8f476a7c1c,uuid:75d5f768-e84f-4562-b707-6d8f476a7c1c
"Apr 30, 2025 7:54:04 AM","Apr 29, 2025 11:59:00 AM",IDSW100056,-25.9184492000,32.5392909000,11.1000000000,4.8000000000,Maputo_Cidade,kamubukwana,ETAR,Entrada_ETAR,Aguas_residuais,Moore_swab,18.9,40,17,"","","","","","","",Sim,"","","",Sim,"",Sim,Sim,"",Sim,Sim,"","",INOCÊNCIO,"",uuid:6f1b5381-9bdf-4be7-8967-e8c6700057dc,uuid:6f1b5381-9bdf-4be7-8967-e8c6700057dc
"Apr 30, 2025 7:54:04 AM","Apr 29, 2025 12:01:00 PM",IDSW100057,-25.9183249000,32.5392684000,11.1000000000,4.2160000000,Maputo_Cidade,kamubukwana,ETAR,Entrada_ETAR,Aguas_residuais,Grag_sample,18.9,40,17,"","","","","","","",Sim,"","","",Sim,"",Sim,Sim,"",Sim,Sim,"","",INOCÊNCIO,"",uuid:bbc25bb9-6ecc-45aa-bf03-f48d91ba1cd5,uuid:bbc25bb9-6ecc-45aa-bf03-f48d91ba1cd5
"Apr 30, 2025 7:54:05 AM","Apr 29, 2025 12:04:00 PM",IDSW100058,-25.9189429000,32.5390805000,11.1000000000,4.6660000000,Maputo_Cidade,kamubukwana,ETAR,Cam_Cistern_CC,Aguas_residuais,Torpidos,18.9,40,17,"","","","","","","",Sim,"","","",Sim,"",Sim,Sim,"","","","","",INOCÊNCIO e Diocreciano,"",uuid:98e90c9e-d8a5-49e4-a139-93cd04b67ef3,uuid:98e90c9e-d8a5-49e4-a139-93cd04b67ef3
"Apr 30, 2025 7:54:05 AM","Apr 29, 2025 12:07:00 PM",IDSW100059,-25.9189634000,32.5390068000,11.2000000000,4.5200000000,Maputo_Cidade,kamubukwana,ETAR,Cam_Cistern_CC,Aguas_residuais,Moore_swab,18.9,40,17,"","","","","","","",Sim,"","","",Sim,"",Sim,Sim,Nao,Sim,Sim,"","",INOCÊNCIO e DIOCRECIANO,"",uuid:f1eac912-93b2-4d82-a0e0-a668ace88fef,uuid:f1eac912-93b2-4d82-a0e0-a668ace88fef
"Apr 30, 2025 7:54:06 AM","Apr 29, 2025 12:10:00 PM",IDSW100060,-25.9189357000,32.5391135000,11.1000000000,4.6400000000,Maputo_Cidade,kamubukwana,ETAR,Cam_Cistern_CC,Aguas_residuais,Grag_sample,18.9,40,17,"","","","","","","",Sim,"","","",Sim,"",Sim,Sim,Nao,Sim,Sim,"","",Inovação e Diocreciano,"",uuid:95a87aa8-6515-47bf-8878-9e0dfda7df63,uuid:95a87aa8-6515-47bf-8878-9e0dfda7df63
"Apr 30, 2025 7:54:06 AM","Apr 29, 2025 12:17:00 PM",IDSW100054,-25.9179659000,32.5380863000,-65.1000000000,4.7200000000,Maputo_Cidade,kamubukwana,ETAR,Vala_esgoto_VE,Aguas_residuais,Grag_sample,18.9,40,17,"","","","","","","",Sim,"","","",Sim,"",Sim,Sim,Nao,Sim,Sim,"","",INOCÊNCIO,"",uuid:9d6de6f8-923f-4e31-8b92-658890e734b1,uuid:9d6de6f8-923f-4e31-8b92-658890e734b1
"May 12, 2025 6:40:26 AM","May 6, 2025 11:32:00 AM",IDSW100062,-25.9189137000,32.5384387000,35.8000000000,4.9000000000,Maputo_Cidade,kamubukwana,ETAR,Cam_Cistern_CC,Aguas_residuais,Moore_swab,33.4,40,67,"","","","","","","",Sim,"","","",Sim,"",Sim,Sim,Nao,Sim,Sim,"","",INOCÊNCIO,"",uuid:bd99adbe-a414-4768-8796-52c6906194b6,uuid:bd99adbe-a414-4768-8796-52c6906194b6
"May 12, 2025 6:40:26 AM","May 6, 2025 11:34:00 AM",IDSW100063,-25.9189860000,32.5386555000,35.7000000000,4.9830000000,Maputo_Cidade,kamubukwana,ETAR,Cam_Cistern_CC,Aguas_residuais,Grag_sample,33.4,40,67,"","","","","","","",Sim,"","","",Sim,"",Sim,Sim,Nao,Sim,Sim,"","",INOCÊNCIO,"",uuid:ef7a1473-9856-4c6d-b87b-283633d9cff9,uuid:ef7a1473-9856-4c6d-b87b-283633d9cff9
"May 12, 2025 6:40:27 AM","May 6, 2025 11:38:00 AM",IDSW100064,-25.9182800000,32.5387733000,35.5000000000,4.8000000000,Maputo_Cidade,kamubukwana,ETAR,Entrada_ETAR,Aguas_residuais,Torpidos,33.4,40,67,"","","","","","","",Sim,"","","",Sim,"",Sim,Sim,Nao,Nao,Nao,"","",INOCÊNCIO,"",uuid:e1619efd-a139-4414-aed6-34a555573ffb,uuid:e1619efd-a139-4414-aed6-34a555573ffb
"May 12, 2025 6:40:27 AM","May 6, 2025 11:42:00 AM",IDSW100065,-25.9183020000,32.5396129000,35.0000000000,4.8660000000,Maputo_Cidade,kamubukwana,ETAR,Entrada_ETAR,Aguas_residuais,Moore_swab,33.4,40,67,"","","","","","","",Sim,"","","",Sim,"",Sim,Sim,Nao,Sim,Sim,"","",INOCÊNCIO,"",uuid:2272c37b-17c3-41dc-88a8-9d420fae49a2,uuid:2272c37b-17c3-41dc-88a8-9d420fae49a2
"May 12, 2025 6:40:27 AM","May 6, 2025 11:45:00 AM",IDSW100066,-25.9183152000,32.5392685000,34.5000000000,4.5830000000,Maputo_Cidade,kamubukwana,ETAR,Entrada_ETAR,Aguas_residuais,Grag_sample,33.4,40,67,"","","","","","","",Sim,"","","",Sim,"",Sim,Sim,Nao,Sim,Sim,"","",INOCÊNCIO,"",uuid:6f591997-b72d-488e-9621-ce01a4c496bc,uuid:6f591997-b72d-488e-9621-ce01a4c496bc
"May 12, 2025 6:40:28 AM","May 6, 2025 11:54:00 AM",IDSW100067,-25.9176265000,32.5383152000,25.8000011444,4.7500000000,Maputo_Cidade,kamubukwana,ETAR,Vala_esgoto_VE,Aguas_residuais,Grag_sample,33.4,40,67,"","","","","","","",Sim,"","","",Sim,"",Sim,Sim,Nao,Sim,Sim,"","",INOCÊNCIO,"",uuid:b8e837c1-78df-438a-b2a3-6315dcf7030c,uuid:b8e837c1-78df-438a-b2a3-6315dcf7030c
"May 12, 2025 6:40:54 AM","May 6, 2025 11:20:00 AM",IDSW100061,-25.9189983000,32.5388383000,73.0999984741,3.8000000000,Maputo_Cidade,kamubukwana,ETAR,Cam_Cistern_CC,Aguas_residuais,Torpidos,33.4,40,67,"","","","","","","",Sim,"","","",Sim,"",Sim,Sim,Nao,Nao,Nao,"","",INOCÊNCIO,"",uuid:81bb6697-aed6-4ac6-b972-726ccbfbcb09,uuid:81bb6697-aed6-4ac6-b972-726ccbfbcb09
"May 13, 2025 2:32:00 PM","May 13, 2025 9:49:00 AM",IDSW100068,-25.9190577000,32.5389353000,12.5000000000,4.9000000000,Maputo_Cidade,kamubukwana,ETAR,Cam_Cistern_CC,Aguas_residuais,Torpidos,25.6,40,57,"","","","","","","",Sim,"","","",Sim,"",Sim,Sim,"","","","","",INOCÊNCIO,"",uuid:4aed3bb5-d8b4-492b-99ee-14cd632d945d,uuid:4aed3bb5-d8b4-492b-99ee-14cd632d945d
"May 13, 2025 2:32:00 PM","May 13, 2025 9:51:00 AM",IDSW100069,-25.9190357000,32.5389199000,15.4000000000,4.7660000000,Maputo_Cidade,kamubukwana,ETAR,Cam_Cistern_CC,Aguas_residuais,Moore_swab,25.6,40,57,"","","","","","","",Sim,"","","",Sim,"",Sim,Sim,"",Sim,Sim,"","",INOCÊNCIO,"",uuid:bd3d868d-25c4-4752-8272-c7c042c1d4a5,uuid:bd3d868d-25c4-4752-8272-c7c042c1d4a5
"May 13, 2025 2:32:01 PM","May 13, 2025 9:52:00 AM",IDSW100070,-25.9189744000,32.5389043000,17.8000000000,4.9250000000,Maputo_Cidade,kamubukwana,ETAR,Cam_Cistern_CC,Aguas_residuais,Grag_sample,25.6,40,57,"","","","","","","",Sim,"","","",Sim,"",Sim,Sim,"",Sim,Sim,"","",INOCÊNCIO,"",uuid:988a1bb5-3b08-4130-abdc-cb1b9a17efa4,uuid:988a1bb5-3b08-4130-abdc-cb1b9a17efa4
"May 13, 2025 2:32:01 PM","May 13, 2025 9:59:00 AM",IDSW100071,-25.9184440000,32.5392476000,8.8000000000,4.8400000000,Maputo_Cidade,kamubukwana,ETAR,Entrada_ETAR,Aguas_residuais,Torpidos,25.6,40,57,"","","","","","","",Sim,"","","",Sim,"",Sim,Sim,"","","","","",INOCÊNCIO,"",uuid:d9040fad-15eb-4d76-b703-eb41ca2c1e2a,uuid:d9040fad-15eb-4d76-b703-eb41ca2c1e2a
"May 13, 2025 2:32:02 PM","May 13, 2025 10:01:00 AM",IDSW100072,-25.9184465000,32.5392338000,9.9000000000,4.7660000000,Maputo_Cidade,kamubukwana,ETAR,Entrada_ETAR,Aguas_residuais,Moore_swab,25.6,40,57,"","","","","","","",Sim,"","","",Sim,"",Sim,Sim,"",Sim,Sim,"","",INOCÊNCIO,"",uuid:9e97ccd2-8c30-4d90-9726-091be2711238,uuid:9e97ccd2-8c30-4d90-9726-091be2711238
"May 13, 2025 2:32:02 PM","May 13, 2025 10:02:00 AM",IDSW100073,-25.9184633000,32.5392043000,9.7000000000,4.8000000000,Maputo_Cidade,kamubukwana,ETAR,Entrada_ETAR,Aguas_residuais,Grag_sample,25.6,40,57,"","","","","","","",Sim,"","","",Sim,"",Sim,Sim,"",Sim,Sim,"","",INOCÊNCIO,"",uuid:44150237-4f38-4542-bff7-fc8d536dfa23,uuid:44150237-4f38-4542-bff7-fc8d536dfa23
"May 13, 2025 2:32:02 PM","May 13, 2025 10:09:00 AM",IDSW100074,-25.9175250000,32.5382250000,67.4000000000,4.8000000000,Maputo_Cidade,kamubukwana,ETAR,Vala_esgoto_VE,Aguas_residuais,Torpidos,25.6,40,57,"","","","","","","",Sim,"","","",Sim,"",Sim,Sim,"",Sim,Sim,"","",INOCÊNCIO,"",uuid:539dc04c-d38f-455c-9257-24e56beb6ed3,uuid:539dc04c-d38f-455c-9257-24e56beb6ed3
"May 13, 2025 2:32:03 PM","May 13, 2025 10:10:00 AM",IDSW100075,-25.9175993000,32.5382494000,66.7000000000,4.7500000000,Maputo_Cidade,kamubukwana,ETAR,Vala_esgoto_VE,Aguas_residuais,Moore_swab,25.6,40,57,"","","","","","","",Sim,"","","",Sim,"",Sim,Sim,"",Sim,Sim,"","",INOCÊNCIO,"",uuid:c7d4bdb5-559f-4f2f-8e56-38154a369060,uuid:c7d4bdb5-559f-4f2f-8e56-38154a369060
"May 13, 2025 2:32:03 PM","May 13, 2025 10:12:00 AM",IDSW100076,-25.9175545000,32.5381683000,67.0000000000,4.9600000000,Maputo_Cidade,kamubukwana,ETAR,Vala_esgoto_VE,Aguas_residuais,Grag_sample,25.6,40,57,"","","","","","","",Sim,"","","",Sim,"",Sim,Sim,"",Sim,Sim,"","",INOCÊNCIO,"",uuid:ad4ad6a6-517a-4447-a04d-f7d09aa5cc10,uuid:ad4ad6a6-517a-4447-a04d-f7d09aa5cc10
"May 21, 2025 11:21:48 AM","May 20, 2025 11:20:00 AM",IDSW100121,-25.9190350000,32.5389250000,-22.1000003815,4.9000000000,Maputo_Cidade,kamubukwana,ETAR,Cam_Cistern_CC,Aguas_residuais,Torpidos,35.1,40,67,"","","","","","","",Sim,"","","",Sim,"",Sim,Sim,"",Nao,Nao,"","",INOCÊNCIO,"",uuid:026e7aa7-e50d-4081-aa43-bd0558db1a14,uuid:026e7aa7-e50d-4081-aa43-bd0558db1a14
"May 21, 2025 11:21:48 AM","May 20, 2025 11:28:00 AM",IDSW100122,-25.9189937000,32.5389335000,-22.1000003815,4.6600000000,Maputo_Cidade,kamubukwana,ETAR,Cam_Cistern_CC,Aguas_residuais,Moore_swab,35.1,40,67,"","","","","","","",Sim,"","","",Sim,"",Sim,Sim,"",Nao,"","","",INOCÊNCIO,"",uuid:d78730c9-3e7f-43d2-ac6d-609724eb14a6,uuid:d78730c9-3e7f-43d2-ac6d-609724eb14a6
"May 21, 2025 11:21:49 AM","May 20, 2025 11:33:00 AM",IDSW100123,-25.9190454000,32.5388999000,48.6000000000,4.8600000000,Maputo_Cidade,kamubukwana,ETAR,Cam_Cistern_CC,Aguas_residuais,Grag_sample,35.1,40,67,"","","","","","","",Sim,"","","",Sim,"",Sim,Sim,"","","","","",INOCÊNCIO,"",uuid:361cdcb6-e946-44df-b4e6-b5d59eb307c9,uuid:361cdcb6-e946-44df-b4e6-b5d59eb307c9
"May 21, 2025 11:21:49 AM","May 20, 2025 11:40:00 AM",IDSW100124,-25.9184251000,32.5392253000,47.0000000000,4.9000000000,Maputo_Cidade,kamubukwana,ETAR,Entrada_ETAR,Aguas_residuais,Torpidos,35.1,40,67,"","","","","","","",Sim,"","","",Sim,"",Sim,Sim,"","","","","",INOCÊNCIO,"",uuid:846a021d-a9e1-4b33-841e-b287b9f4291c,uuid:846a021d-a9e1-4b33-841e-b287b9f4291c
"May 21, 2025 11:21:49 AM","May 20, 2025 11:44:00 AM",IDSW100125,-25.9184025000,32.5392376000,46.9000000000,4.6600000000,Maputo_Cidade,kamubukwana,ETAR,Entrada_ETAR,Aguas_residuais,Moore_swab,35.1,40,67,"","","","","","","",Sim,"","","",Sim,"",Sim,Sim,"",Sim,Sim,"","",INOCÊNCIO,"",uuid:62e58319-3314-4e63-89ba-a96f2d3b1a83,uuid:62e58319-3314-4e63-89ba-a96f2d3b1a83
"May 21, 2025 11:21:49 AM","May 20, 2025 11:47:00 AM",IDSW100126,-25.9184461000,32.5391836000,46.8000000000,4.9160000000,Maputo_Cidade,kamubukwana,ETAR,Entrada_ETAR,Aguas_residuais,Grag_sample,35.1,40,67,"","","","","","","",Sim,"","","",Sim,"",Sim,Sim,"",Sim,Sim,"","",INOCÊNCIO,"",uuid:ddd88bbd-bdbc-4f1e-9b55-ba05903c88f4,uuid:ddd88bbd-bdbc-4f1e-9b55-ba05903c88f4
"May 21, 2025 11:21:50 AM","May 20, 2025 11:53:00 AM",IDSW100128,-25.9177962000,32.5382684000,-22.1000003815,4.9500000000,Maputo_Cidade,kamubukwana,ETAR,Vala_esgoto_VE,Aguas_residuais,Moore_swab,35.1,40,67,"","","","","","","",Sim,"","","",Sim,"",Sim,Sim,"",Sim,Sim,"","",INOCÊNCIO,"",uuid:657501b6-3b14-46b5-b525-a141538680a0,uuid:657501b6-3b14-46b5-b525-a141538680a0
"May 21, 2025 11:21:50 AM","May 20, 2025 11:58:00 AM",41222157,-25.9177784000,32.5383294000,-22.0000000000,4.8000000000,Maputo_Cidade,kamubukwana,ETAR,Vala_esgoto_VE,Aguas_residuais,Torpidos,35.1,40,67,"","","","","","","",Sim,"","","",Sim,"",Sim,Sim,"",Sim,Sim,"","",INOCÊNCIO,"",uuid:d4488fde-f7c7-4e18-8b50-02553d8c713c,uuid:d4488fde-f7c7-4e18-8b50-02553d8c713c
"May 21, 2025 11:21:50 AM","May 20, 2025 12:01:00 PM",14286803,-25.9177965000,32.5382990000,-22.0000000000,4.8000000000,Maputo_Cidade,kamubukwana,ETAR,Vala_esgoto_VE,Aguas_residuais,Grag_sample,35.1,40,67,"","","","","","","",Sim,"","","",Sim,"",Sim,Sim,"",Sim,Sim,Nao,"",INOCÊNCIO,"",uuid:5bebd392-daaf-4ec4-bac6-ca47d9fc9df3,uuid:5bebd392-daaf-4ec4-bac6-ca47d9fc9df3
"May 27, 2025 1:36:23 PM","May 27, 2025 11:18:00 AM",IDSW100081,-25.9190051000,32.5389170000,26.4000000000,4.9160000000,Maputo_Cidade,kamubukwana,ETAR,Cam_Cistern_CC,Aguas_residuais,Torpidos,28.2,40,57,"","","","","","","",Sim,"","","",Sim,"",Sim,Sim,"",Nao,"","","",INOCÊNCIO,"",uuid:8cacc3ce-f6e0-4ad4-b741-0fe99679709d,uuid:8cacc3ce-f6e0-4ad4-b741-0fe99679709d
"May 27, 2025 1:36:24 PM","May 27, 2025 11:25:00 AM",IDSW100082,-25.9189199000,32.5389614000,27.9000000000,4.7000000000,Maputo_Cidade,kamubukwana,ETAR,Cam_Cistern_CC,Aguas_residuais,Moore_swab,40,40,28.2,"","","","","","","",Sim,"","","",Sim,"",Sim,Sim,"","","","","",INOCÊNCIO,"",uuid:82b53f0b-af1a-41e7-81e2-739b28ca1cda,uuid:82b53f0b-af1a-41e7-81e2-739b28ca1cda
"May 27, 2025 1:36:24 PM","May 27, 2025 11:28:00 AM",IDSW100083,-25.9190664000,32.5390569000,36.7000000000,4.7330000000,Maputo_Cidade,kamubukwana,ETAR,Cam_Cistern_CC,Aguas_residuais,Grag_sample,28.2,40,57,"","","","","","","",Sim,"","","",Sim,"",Sim,Sim,"","","","","",INOCÊNCIO,"",uuid:0f146e61-eb81-467b-8926-861e663b1b9b,uuid:0f146e61-eb81-467b-8926-861e663b1b9b
"May 27, 2025 1:36:24 PM","May 27, 2025 11:33:00 AM",IDSW100084,-25.9185880000,32.5391847000,32.7000000000,4.4830000000,Maputo_Cidade,kamubukwana,ETAR,Entrada_ETAR,Aguas_residuais,Torpidos,28.2,40,57,"","","","","","","",Sim,"","","",Sim,"",Sim,Sim,"","","","","",INOCÊNCIO,"",uuid:a0d0e9f5-a7f9-4d09-8275-4cd90e2f236e,uuid:a0d0e9f5-a7f9-4d09-8275-4cd90e2f236e
"May 27, 2025 1:36:24 PM","May 27, 2025 11:35:00 AM",IDSW100085,-25.9185331000,32.5392374000,32.7000000000,4.7500000000,Maputo_Cidade,kamubukwana,ETAR,Entrada_ETAR,Aguas_residuais,Moore_swab,28.2,40,57,"","","","","","","",Sim,"","","",Sim,"",Sim,Sim,"","","","","",INOCÊNCIO,"",uuid:2b94caa3-7d03-4946-bed3-857ddb7a0dc9,uuid:2b94caa3-7d03-4946-bed3-857ddb7a0dc9
"May 27, 2025 1:36:25 PM","May 27, 2025 11:39:00 AM",IDSW100086,-25.9185104000,32.5391395000,31.7000000000,4.9330000000,Maputo_Cidade,kamubukwana,ETAR,Entrada_ETAR,Aguas_residuais,Grag_sample,28.2,40,57,"","","","","","","",Sim,"","","",Sim,"",Sim,Sim,"","","","","",INOCÊNCIO,"",uuid:a2405ce0-efc9-463f-aaf1-2dc6e4f7f417,uuid:a2405ce0-efc9-463f-aaf1-2dc6e4f7f417
"May 27, 2025 1:36:25 PM","May 27, 2025 11:44:00 AM",IDSW100087,-25.9177561000,32.5383291000,29.0000000000,4.8200000000,Maputo_Cidade,kamubukwana,ETAR,Vala_esgoto_VE,Aguas_residuais,Torpidos,28.2,40,57,"","","","","","","",Sim,"","","",Sim,"",Sim,Sim,"","","","","",INOCÊNCIO,"",uuid:4d651733-3320-4f31-ae46-0538457e51a9,uuid:4d651733-3320-4f31-ae46-0538457e51a9
"May 27, 2025 1:36:25 PM","May 27, 2025 11:51:00 AM",IDSW100088,-25.9178644000,32.5382999000,28.4000000000,4.6660000000,Maputo_Cidade,kamubukwana,ETAR,Vala_esgoto_VE,Aguas_residuais,Moore_swab,"28,2",40,57,"","","","","","","",Sim,"","","",Sim,"",Sim,Sim,"","","","","",INOCÊNCIO,"",uuid:fcec9ac7-1046-4fa4-a564-d04d1193e452,uuid:fcec9ac7-1046-4fa4-a564-d04d1193e452
"May 27, 2025 1:36:25 PM","May 27, 2025 11:52:00 AM",IDSW100089,-25.9177443000,32.5383593000,28.1000000000,4.7000000000,Maputo_Cidade,kamubukwana,ETAR,Vala_esgoto_VE,Aguas_residuais,Grag_sample,28.2,40,57,"","","","","","","",Sim,"","","",Sim,"",Sim,Sim,"","","","","",INOCÊNCIO,"",uuid:e4f81bf3-6213-4a1d-8866-2bf22740caa3,uuid:e4f81bf3-6213-4a1d-8866-2bf22740caa3
"Jun 5, 2025 6:31:11 AM","Jun 3, 2025 10:47:00 AM",IDSW100090,-25.9190229000,32.5389641000,25.3000011444,4.0000000000,Maputo_Cidade,kamubukwana,ETAR,Cam_Cistern_CC,Aguas_residuais,Torpidos,30.2,40,57,"","","","","","","",Sim,"","","",Sim,"",Sim,Sim,"","","","","",INOCÊNCIO,"",uuid:7935d9e4-6e3c-42f5-baad-46abe0319c0e,uuid:7935d9e4-6e3c-42f5-baad-46abe0319c0e
"Jun 5, 2025 6:31:11 AM","Jun 3, 2025 10:51:00 AM",IDSW100091,-25.9190072000,32.5389665000,25.3000011444,4.3330000000,Maputo_Cidade,kamubukwana,ETAR,Cam_Cistern_CC,Aguas_residuais,Moore_swab,30.2,40,57,"","","","","","","",Sim,"","","",Sim,"",Sim,Sim,"",Sim,Sim,"","",INOCÊNCIO,"",uuid:50b56ca9-11bd-47a2-ac99-8c9f8cd996c2,uuid:50b56ca9-11bd-47a2-ac99-8c9f8cd996c2
"Jun 5, 2025 6:31:12 AM","Jun 3, 2025 10:53:00 AM",IDSW100092,-25.9189898000,32.5389645000,25.3000011444,4.4500000000,Maputo_Cidade,kamubukwana,ETAR,Cam_Cistern_CC,Aguas_residuais,Grag_sample,30.2,40,57,"","","","","","","",Sim,"","","",Sim,"",Sim,Sim,"",Sim,Sim,"","",INOCÊNCIO,"",uuid:7c3b9a88-5fa6-49e7-a893-58b1b9c5ac87,uuid:7c3b9a88-5fa6-49e7-a893-58b1b9c5ac87
"Jun 5, 2025 6:31:12 AM","Jun 3, 2025 11:00:00 AM",IDSW100093,-25.9184000000,32.5392395000,34.2000000000,4.9500000000,Maputo_Cidade,kamubukwana,ETAR,Entrada_ETAR,Aguas_residuais,Torpidos,30.2,40,57,"","","","","","","",Sim,"","","",Sim,"",Sim,Sim,"","","","","",INOCÊNCIO,"",uuid:50f69805-b20a-4460-ab81-a86ef15ebe49,uuid:50f69805-b20a-4460-ab81-a86ef15ebe49
"Jun 5, 2025 6:31:12 AM","Jun 3, 2025 11:04:00 AM",IDSW100094,-25.9184684000,32.5392391000,34.9000000000,4.9500000000,Maputo_Cidade,kamubukwana,ETAR,Entrada_ETAR,Aguas_residuais,Moore_swab,30.2,40,57,"","","","","","","",Sim,"","","",Sim,"",Sim,Sim,"",Sim,Sim,"","",INOCÊNCIO,"",uuid:2b966757-43fc-49e7-9fe7-69ff79bb3053,uuid:2b966757-43fc-49e7-9fe7-69ff79bb3053
"Jun 5, 2025 6:31:13 AM","Jun 3, 2025 11:06:00 AM",IDSW100095,-25.9185237000,32.5391050000,34.4000000000,4.9830000000,Maputo_Cidade,kamubukwana,ETAR,Entrada_ETAR,Aguas_residuais,Grag_sample,30.2,40,57,"","","","","","","",Sim,"","","",Sim,"",Sim,Sim,"",Sim,Sim,"","",INOCÊNCIO,"",uuid:16fe7a38-1231-4ef1-a45d-c5605301c23a,uuid:16fe7a38-1231-4ef1-a45d-c5605301c23a
"Jun 5, 2025 6:31:13 AM","Jun 3, 2025 11:11:00 AM",IDSW100096,-25.9177934000,32.5383044000,43.7000000000,4.8160000000,Maputo_Cidade,kamubukwana,ETAR,Vala_esgoto_VE,Aguas_residuais,Torpidos,30.2,40,57,"","","","","","","",Sim,"","","",Sim,"",Sim,Sim,"","","","","",INOCÊNCIO,"",uuid:9e40b33a-7714-49cd-8b59-200ccf32a200,uuid:9e40b33a-7714-49cd-8b59-200ccf32a200
"Jun 5, 2025 6:31:18 AM","Jun 3, 2025 11:13:00 AM",IDSW100097,-25.9178411000,32.5383293000,45.0000000000,4.8500000000,Maputo_Cidade,kamubukwana,ETAR,Vala_esgoto_VE,Aguas_residuais,Moore_swab,30.2,40,57,"","","","","","","",Sim,"","","",Sim,"",Sim,Sim,"",Sim,Sim,"","",INOCÊNCIO,"",uuid:e04f323b-6d2c-4654-b889-aa4513a6f436,uuid:e04f323b-6d2c-4654-b889-aa4513a6f436
"Jun 5, 2025 6:31:19 AM","Jun 3, 2025 11:15:00 AM",IDSW100098,-25.8860105000,32.5650176000,81.0000000000,8.4000000000,Maputo_Cidade,kamubukwana,ETAR,Vala_esgoto_VE,Aguas_residuais,Grag_sample,28.2,40,57,"","","","","","","",Sim,"","","",Sim,"",Sim,Sim,Nao,Nao,Nao,Nao,"",INOCÊNCIO,"",uuid:b0c42eca-1b24-4883-8484-795181ffa534,uuid:b0c42eca-1b24-4883-8484-795181ffa534
"Jun 11, 2025 9:11:43 AM","Jun 10, 2025 9:16:00 AM",IDSW100101,-25.9190293000,32.5389589000,21.6000000000,4.9500000000,Maputo_Cidade,kamubukwana,ETAR,Cam_Cistern_CC,Aguas_residuais,Grag_sample,"27,1",40,27,"","","","","","","",Sim,"","","",Sim,"",Sim,Sim,"","","","","",INOCÊNCIO,"",uuid:469e05eb-1aad-42dd-9d56-eb6f494d0954,uuid:469e05eb-1aad-42dd-9d56-eb6f494d0954
"Jun 11, 2025 9:11:44 AM","Jun 10, 2025 9:21:00 AM",IDSW100102,-25.9181283000,32.5395831000,22.2000000000,4.6800000000,Maputo_Cidade,kamubukwana,ETAR,Entrada_ETAR,Aguas_residuais,Torpidos,27.1,40,27,"","","","","","","",Sim,"","","",Sim,"",Sim,Sim,"","","","","",INOCÊNCIO,"",uuid:0115b8d2-17a4-474c-bc1b-6a60d41d9196,uuid:0115b8d2-17a4-474c-bc1b-6a60d41d9196
"Jun 11, 2025 9:11:44 AM","Jun 10, 2025 9:23:00 AM",IDSW100103,-25.9184577000,32.5392586000,22.0000000000,4.7200000000,Maputo_Cidade,kamubukwana,ETAR,Entrada_ETAR,Aguas_residuais,Moore_swab,27.1,40,27,"","","","","","","",Sim,"","","",Sim,"",Sim,Sim,"","","","","",INOCÊNCIO,"",uuid:a71db337-6c90-4df6-beea-f62b350a1fbe,uuid:a71db337-6c90-4df6-beea-f62b350a1fbe
"Jun 11, 2025 9:11:45 AM","Jun 10, 2025 9:26:00 AM",IDSW100104,-25.9186714000,32.5387638000,-42.9000000000,4.7800000000,Maputo_Cidade,kamubukwana,ETAR,Entrada_ETAR,Aguas_residuais,Grag_sample,27.1,40,27,"","","","","","","",Sim,"","","",Sim,"",Sim,Sim,"","","","","",INOCÊNCIO,"",uuid:3afa323c-8c8b-427e-87dc-982c32c9e64a,uuid:3afa323c-8c8b-427e-87dc-982c32c9e64a
"Jun 11, 2025 9:11:46 AM","Jun 10, 2025 9:31:00 AM",IDSW100105,-25.9177191000,32.5380496000,-42.8000000000,5.0000000000,Maputo_Cidade,kamubukwana,ETAR,Vala_esgoto_VE,Aguas_residuais,Torpidos,27.1,40,27,"","","","","","","",Sim,"","","",Sim,"",Sim,Sim,"","","","","",INOCÊNCIO,"",uuid:707f3f53-b063-4596-9dc3-210ef4852052,uuid:707f3f53-b063-4596-9dc3-210ef4852052
"Jun 11, 2025 9:11:46 AM","Jun 10, 2025 9:34:00 AM",IDSW100106,-25.9178012000,32.5380334000,-42.6000000000,4.7200000000,Maputo_Cidade,kamubukwana,ETAR,Vala_esgoto_VE,Aguas_residuais,Moore_swab,27.1,40,27,"","","","","","","",Sim,"","","",Sim,"",Sim,Sim,"","","","","",INOCÊNCIO,"",uuid:6ee503ff-631b-4c29-9c19-db6861145d7d,uuid:6ee503ff-631b-4c29-9c19-db6861145d7d
"Jun 11, 2025 9:11:46 AM","Jun 10, 2025 9:36:00 AM",IDSW100107,-25.9177811000,32.5380069000,-42.4000000000,4.9600000000,Maputo_Cidade,kamubukwana,ETAR,Vala_esgoto_VE,Aguas_residuais,Grag_sample,27.1,40,27,"","","","","","","",Sim,"","","",Sim,"",Sim,Sim,"","","","","",INOCÊNCIO,"",uuid:50b66ee9-3065-488d-8584-a705dec234ae,uuid:50b66ee9-3065-488d-8584-a705dec234ae
"Jun 11, 2025 9:12:19 AM","Jun 10, 2025 9:07:00 AM",IDSW100099,-25.9190098000,32.5389049000,19.5000000000,4.9160000000,Maputo_Cidade,kamubukwana,ETAR,Entrada_ETAR,Aguas_residuais,Torpidos,"27,1",40,47,"","","","","","","",Sim,"","","",Sim,"",Sim,Sim,"","","","","",INOCÊNCIO,"",uuid:e9e4500a-dd72-41eb-bdb9-8849059465d9,uuid:e9e4500a-dd72-41eb-bdb9-8849059465d9
"Jun 11, 2025 9:12:19 AM","Jun 10, 2025 9:12:00 AM",IDSW100100,-25.9190112000,32.5388989000,21.7000000000,4.9800000000,Maputo_Cidade,kamubukwana,ETAR,Cam_Cistern_CC,Aguas_residuais,Moore_swab,"27,1",40,27,"","","","","","","",Sim,"","","",Sim,"",Sim,Sim,"","","","","",INOCÊNCIO,"",uuid:b0df05fb-bb2d-4966-b499-515955d12224,uuid:b0df05fb-bb2d-4966-b499-515955d12224
"Jun 20, 2025 12:00:03 PM","Jun 17, 2025 9:33:00 AM",IDSW100109,-25.9190265000,32.5388978000,32.0000000000,4.7420000000,Maputo_Cidade,kamubukwana,ETAR,Cam_Cistern_CC,Aguas_residuais,Moore_swab,25.1,40,51,"","","","","","","",Sim,"","","",Sim,"",Sim,Sim,Nao,Nao,Nao,Nao,"",INOCÊNCIO,"",uuid:9e442655-9bb6-472b-964f-1b1c87f2418f,uuid:9e442655-9bb6-472b-964f-1b1c87f2418f
"Jun 20, 2025 12:00:06 PM","Jun 17, 2025 9:35:00 AM",IDSW100110,-25.9189457000,32.5388926000,32.4000000000,4.5000000000,Maputo_Cidade,kamubukwana,ETAR,Cam_Cistern_CC,Aguas_residuais,Grag_sample,25.1,40,51,"","","","","","","",Sim,"","","",Sim,"",Sim,Sim,Nao,Nao,Nao,Nao,"",INOCÊNCIO,"",uuid:1cbd1206-2fd1-4ae1-a098-9db03edf3118,uuid:1cbd1206-2fd1-4ae1-a098-9db03edf3118
"Jun 20, 2025 12:00:06 PM","Jun 17, 2025 9:47:00 AM",IDSW100111,-25.9184632000,32.5392245000,23.2000000000,4.9830000000,Maputo_Cidade,kamubukwana,ETAR,Entrada_ETAR,Aguas_residuais,Torpidos,27.4,40,67,"","","","","","","",Sim,"","","",Sim,"",Sim,Sim,"","","","","",INOCÊNCIO,"",uuid:be79bea3-aa58-49c3-a89b-0488f3b9665e,uuid:be79bea3-aa58-49c3-a89b-0488f3b9665e
"Jun 20, 2025 12:00:07 PM","Jun 17, 2025 9:50:00 AM",IDSW100112,-25.9184715000,32.5391757000,24.4000000000,4.7660000000,Maputo_Cidade,kamubukwana,ETAR,Entrada_ETAR,Aguas_residuais,Moore_swab,25.8,40,57,"","","","","","","",Sim,"","","",Sim,"",Sim,Sim,"","","","","",INOCÊNCIO,"",uuid:138c6b7d-283b-4119-b563-71bd8a1de7aa,uuid:138c6b7d-283b-4119-b563-71bd8a1de7aa
"Jun 20, 2025 12:00:09 PM","Jun 17, 2025 9:52:00 AM",IDSW100113,-25.9184986000,32.5391188000,24.4000000000,4.9830000000,Maputo_Cidade,kamubukwana,ETAR,Entrada_ETAR,Aguas_residuais,Grag_sample,25.4,40,57,"","","","","","","",Sim,"","","",Sim,"",Sim,Sim,"","","","","",INOCÊNCIO,"",uuid:90405215-541b-4f15-a316-f3729fbef84e,uuid:90405215-541b-4f15-a316-f3729fbef84e
"Jun 20, 2025 12:00:10 PM","Jun 17, 2025 9:56:00 AM",IDSW100114,-25.9177177000,32.5382461000,24.3000000000,4.9660000000,Maputo_Cidade,kamubukwana,ETAR,Vala_esgoto_VE,Aguas_residuais,Torpidos,25.8,40,57,"","","","","","","",Sim,"","","",Sim,"",Sim,Sim,"","","","","",INOCÊNCIO,"",uuid:a23cc800-2f10-4fc2-96a6-3a6d1c8c939e,uuid:a23cc800-2f10-4fc2-96a6-3a6d1c8c939e
"Jun 20, 2025 12:00:11 PM","Jun 17, 2025 9:59:00 AM",IDSW100115,-25.9177718000,32.5382408000,24.9000000000,4.9000000000,Maputo_Cidade,kamubukwana,ETAR,Vala_esgoto_VE,Aguas_residuais,Moore_swab,25.7,40,57,"","","","","","","",Sim,"","","",Sim,"",Sim,Sim,"","","","","",INOCÊNCIO,"",uuid:83cf5656-2199-4052-9176-9dbc317a5f33,uuid:83cf5656-2199-4052-9176-9dbc317a5f33
"Jun 20, 2025 12:00:11 PM","Jun 17, 2025 10:00:00 AM",IDSW100116,-25.9177334000,32.5383346000,25.0000000000,4.9830000000,Maputo_Cidade,kamubukwana,ETAR,Vala_esgoto_VE,Aguas_residuais,Grag_sample,25.7,40,57,"","","","","","","",Sim,"","","",Sim,"",Sim,Sim,"","","","","",INOCÊNCIO,"",uuid:1933df55-61e5-4686-b0a7-204f5fa51873,uuid:1933df55-61e5-4686-b0a7-204f5fa51873
"Jun 20, 2025 12:00:42 PM","Jun 17, 2025 9:29:00 AM",IDSW100108,-25.9189636000,32.5389386000,32.7000000000,4.6160000000,Maputo_Cidade,kamubukwana,ETAR,Cam_Cistern_CC,Aguas_residuais,Torpidos,25.1,40,57,"","","","","","","",Sim,"","","",Sim,"",Sim,Sim,Nao,Nao,Nao,Nao,"",INOCÊNCIO,"",uuid:86222f9f-2941-4769-9b24-060e819297de,uuid:86222f9f-2941-4769-9b24-060e819297de
"Jun 24, 2025 10:32:05 AM","Jun 24, 2025 8:24:00 AM",IDSW100117,-25.9187637000,32.5390971000,-22.2000007629,4.7800000000,Maputo_Cidade,kamubukwana,ETAR,Cam_Cistern_CC,Aguas_residuais,Torpidos,19.8,40,17,"","","","","","","",Sim,"","","",Sim,"",Sim,Sim,"","","","","",INOCÊNCIO,"",uuid:7989ca60-a8e2-4399-bbdf-4e5a522ca69a,uuid:7989ca60-a8e2-4399-bbdf-4e5a522ca69a
"Jun 24, 2025 10:32:06 AM","Jun 24, 2025 8:33:00 AM",IDSW100118,-25.9187623000,32.5390836000,-22.2000007629,4.9830000000,Maputo_Cidade,kamubukwana,ETAR,Cam_Cistern_CC,Aguas_residuais,Moore_swab,19.8,40,17,"","",INOCÊNCIO,"","","","",Sim,"","","",Sim,"",Sim,Sim,"","","","","","","",uuid:d22e70e9-8e13-4ace-a2b7-7543a7637a24,uuid:d22e70e9-8e13-4ace-a2b7-7543a7637a24
"Jun 24, 2025 10:32:06 AM","Jun 24, 2025 8:36:00 AM",IDSW100119,-25.9187778000,32.5390724000,-22.2000007629,4.4330000000,Maputo_Cidade,kamubukwana,ETAR,Cam_Cistern_CC,Aguas_residuais,Grag_sample,"19,8",40,17,"","","","","","","",Sim,"","","",Sim,"",Sim,Sim,"","","","","",INOCÊNCIO,"",uuid:29e03ecf-1243-49d7-922e-59e2d997e43d,uuid:29e03ecf-1243-49d7-922e-59e2d997e43d
"Jun 24, 2025 10:32:07 AM","Jun 24, 2025 8:39:00 AM",IDSW100120,-25.9183892000,32.5392092000,15.3000000000,4.8160000000,Maputo_Cidade,kamubukwana,ETAR,Entrada_ETAR,Aguas_residuais,Torpidos,"19,8",40,17,"","","","","","","",Sim,"","","",Sim,"",Sim,Sim,"","","","","",INOCÊNCIO,"",uuid:17ea20a4-dfbc-429a-8bab-88f805a1ef14,uuid:17ea20a4-dfbc-429a-8bab-88f805a1ef14
"Jun 24, 2025 10:32:07 AM","Jun 24, 2025 8:43:00 AM",IDSW100130,-25.9184150000,32.5392367000,15.9000000000,2.7000000000,Maputo_Cidade,kamubukwana,ETAR,Entrada_ETAR,Aguas_residuais,Moore_swab,"19,8",40,17,"","","","","","","",Sim,"","","",Sim,"",Sim,Sim,"","","","","",INOCÊNCIO,"",uuid:3048ac35-b43e-4a84-bd03-470be78ac492,uuid:3048ac35-b43e-4a84-bd03-470be78ac492
"Jun 24, 2025 10:32:08 AM","Jun 24, 2025 8:47:00 AM",IDSW100131,-25.9183968000,32.5392270000,16.2000000000,4.9000000000,Maputo_Cidade,kamubukwana,ETAR,Entrada_ETAR,Aguas_residuais,Grag_sample,"19,8",40,17,"","","","","","","",Sim,"","","",Sim,"",Sim,Sim,"","","","","",INOCÊNCIO,"",uuid:5da27674-ff95-4802-9cdd-a28a9eaaefd7,uuid:5da27674-ff95-4802-9cdd-a28a9eaaefd7
"Jun 24, 2025 10:32:08 AM","Jun 24, 2025 8:52:00 AM",IDSW100132,-25.9177099000,32.5382874000,19.9000000000,4.6400000000,Maputo_Cidade,kamubukwana,ETAR,Vala_esgoto_VE,Aguas_residuais,Torpidos,19.8,40,17,"","","","","","","",Sim,"","","",Sim,"",Sim,Sim,"","","","","",INOCÊNCIO,"",uuid:c0a41634-78cc-4009-938a-d7d64ba84a04,uuid:c0a41634-78cc-4009-938a-d7d64ba84a04
"Jun 24, 2025 10:32:09 AM","Jun 24, 2025 8:57:00 AM",IDSW100133,-25.9177302000,32.5382923000,20.3000000000,3.8830000000,Maputo_Cidade,kamubukwana,ETAR,Vala_esgoto_VE,Aguas_residuais,Moore_swab,19.8,40,17,"","","","","","","",Sim,"","","",Sim,"",Sim,Sim,"","","","","",INOCÊNCIO,"",uuid:bb908e79-42f9-4e23-bffd-a02e846dff6d,uuid:bb908e79-42f9-4e23-bffd-a02e846dff6d
"Jun 24, 2025 10:32:09 AM","Jun 24, 2025 9:00:00 AM",IDSW100134,-25.9177345000,32.5384092000,20.0000000000,4.8830000000,Maputo_Cidade,kamubukwana,ETAR,Vala_esgoto_VE,Aguas_residuais,Grag_sample,19.8,40,17,"","","","","","","",Sim,"","","",Sim,"",Sim,Sim,"","","","","",INOCÊNCIO,"",uuid:a7039aba-1951-4bbd-bed5-f817bb0f0560,uuid:a7039aba-1951-4bbd-bed5-f817bb0f0560
"Jul 1, 2025 11:51:25 AM","Jul 1, 2025 9:42:00 AM",IDSW100135,-25.9188015000,32.5390996000,36.0000000000,4.9660000000,Maputo_Cidade,kamubukwana,ETAR,Cam_Cistern_CC,Aguas_residuais,Torpidos,24,40,67,"","","","","","","",Sim,"","","",Sim,"",Sim,Sim,"","","",Nao,"",INOCÊNCIO,"",uuid:54f9a60a-0e34-4929-b353-5433196fcdc3,uuid:54f9a60a-0e34-4929-b353-5433196fcdc3
"Jul 1, 2025 11:51:25 AM","Jul 1, 2025 9:46:00 AM",IDSW100136,-25.9186989000,32.5391391000,36.2000000000,4.1660000000,Maputo_Cidade,kamubukwana,ETAR,Cam_Cistern_CC,Aguas_residuais,Moore_swab,24,40,67,"","","","","","","",Sim,"","","",Sim,"",Sim,Sim,"","","","","",INOCÊNCIO,"",uuid:abbfa8af-c298-47a2-a466-199c20109039,uuid:abbfa8af-c298-47a2-a466-199c20109039
"Jul 1, 2025 11:51:25 AM","Jul 1, 2025 9:49:00 AM",IDSW100137,-25.9187372000,32.5391156000,35.3000000000,4.1500000000,Maputo_Cidade,kamubukwana,ETAR,Cam_Cistern_CC,Aguas_residuais,Grag_sample,24,40,67,"","","","","","","",Sim,"","","",Sim,"",Sim,Sim,"","","","","",INOCÊNCIO,"",uuid:935be52d-3045-4be9-ae84-c368c30b5ba6,uuid:935be52d-3045-4be9-ae84-c368c30b5ba6
"Jul 1, 2025 11:51:26 AM","Jul 1, 2025 9:53:00 AM",IDSW100138,-25.9184305000,32.5392283000,35.0000000000,4.7000000000,Maputo_Cidade,kamubukwana,ETAR,Entrada_ETAR,Aguas_residuais,Torpidos,24,40,67,"","","","","","","",Sim,"","","",Sim,"",Sim,Sim,"","","","","",INOCÊNCIO,"",uuid:e1c879f3-76a4-4055-81b7-a0222757633d,uuid:e1c879f3-76a4-4055-81b7-a0222757633d
"Jul 1, 2025 11:51:26 AM","Jul 1, 2025 9:54:00 AM",IDSW100139,-25.9184404000,32.5392286000,34.5000000000,4.1000000000,Maputo_Cidade,kamubukwana,ETAR,Entrada_ETAR,Aguas_residuais,Moore_swab,24,40,67,"","","","","","","",Sim,"","","",Sim,"",Sim,Sim,"","","","","",INOCÊNCIO,"",uuid:617da2bb-fd80-4056-9f3b-61b20b84bae7,uuid:617da2bb-fd80-4056-9f3b-61b20b84bae7
"Jul 1, 2025 11:51:26 AM","Jul 1, 2025 9:55:00 AM",IDSW100140,-25.9184900000,32.5392358000,33.6000000000,4.8750000000,Maputo_Cidade,kamubukwana,ETAR,Entrada_ETAR,Aguas_residuais,Grag_sample,24,40,67,"","","","","","","",Sim,"","","",Sim,"",Sim,Sim,Sim,"","","","",INOCÊNCIO,"",uuid:d1b956b1-080e-43af-b986-7943fc110a05,uuid:d1b956b1-080e-43af-b986-7943fc110a05
"Jul 1, 2025 11:51:26 AM","Jul 1, 2025 10:04:00 AM",IDSW100141,-25.9175972000,32.5383342000,44.1000000000,4.9000000000,Maputo_Cidade,kamubukwana,ETAR,Vala_esgoto_VE,Aguas_residuais,Torpidos,24,40,67,"","","","","","","",Sim,"","","",Sim,"",Sim,Sim,"","","","","",INOCÊNCIO,"",uuid:1dc2e9bf-552f-4944-851c-685a46a0a22b,uuid:1dc2e9bf-552f-4944-851c-685a46a0a22b
"Jul 1, 2025 11:51:27 AM","Jul 1, 2025 10:05:00 AM",IDSW100142,-25.9176807000,32.5382983000,43.4000000000,4.9830000000,Maputo_Cidade,kamubukwana,ETAR,Vala_esgoto_VE,Aguas_residuais,Moore_swab,24,40,67,"","","","","","","",Sim,"","","",Sim,"",Sim,Sim,"","","","","",INOCÊNCIO,"",uuid:4f4eb9ab-cda6-48ab-85fa-d528cf4786b6,uuid:4f4eb9ab-cda6-48ab-85fa-d528cf4786b6
"Jul 1, 2025 11:51:27 AM","Jul 1, 2025 10:07:00 AM",IDSW100143,-25.9178200000,32.5383545000,43.3000000000,4.9830000000,Maputo_Cidade,kamubukwana,ETAR,Vala_esgoto_VE,Aguas_residuais,Grag_sample,24,40,67,"","","","","","","",Sim,"","","",Sim,"",Sim,Sim,"","","","","",INOCÊNCIO,"",uuid:a3e5e1df-48c3-48ed-a6d7-cf4a6315185a,uuid:a3e5e1df-48c3-48ed-a6d7-cf4a6315185a
"Jul 8, 2025 10:44:01 AM","Jul 8, 2025 8:00:00 AM",IDSW100144,-25.9187785000,32.5391007000,18.6000000000,3.9200000000,Maputo_Cidade,kamubukwana,ETAR,Cam_Cistern_CC,Aguas_residuais,Torpidos,22.7,40,57,"","","","","","","",Sim,"","","",Sim,"",Sim,Sim,Nao,Nao,Nao,"","",INOCÊNCIO  e Diosdelio,"",uuid:3d2471b2-a715-4b4c-bcf7-3b6bdee87dad,uuid:3d2471b2-a715-4b4c-bcf7-3b6bdee87dad
"Jul 8, 2025 10:44:01 AM","Jul 8, 2025 8:04:00 AM",IDSW100145,-25.9187964000,32.5390741000,21.1000000000,8.6500000000,Maputo_Cidade,kamavota,ETAR,Cam_Cistern_CC,Aguas_residuais,Moore_swab,22.7,40,57,"","","","","","","",Sim,"","","",Sim,"",Sim,Sim,"","","","","",INOCÊNCIO e Dio,"",uuid:f7faa2e6-7388-460e-88b8-07d0ca1dca58,uuid:f7faa2e6-7388-460e-88b8-07d0ca1dca58
"Jul 8, 2025 10:44:02 AM","Jul 8, 2025 8:06:00 AM",IDSW100146,-25.9188115000,32.5390904000,19.7000000000,4.6280000000,Maputo_Cidade,kamubukwana,ETAR,Cam_Cistern_CC,Aguas_residuais,Grag_sample,22.7,40,57,"","","","","","","",Sim,"","","",Sim,"",Sim,Sim,"","","","","",INOCÊNCIO e Dio,"",uuid:de56d886-b3cb-4390-8c54-e5c82d01656a,uuid:de56d886-b3cb-4390-8c54-e5c82d01656a
"Jul 8, 2025 10:44:02 AM","Jul 8, 2025 8:09:00 AM",IDSW100147,-25.9184493000,32.5392014000,20.4000000000,6.7660000000,Maputo_Cidade,kamubukwana,ETAR,Entrada_ETAR,Aguas_residuais,Torpidos,22.7,40,57,"","","","","","","",Sim,"","","",Sim,"",Sim,Sim,Nao,Nao,Nao,Nao,"",INOCÊNCIO e Dio,"",uuid:84c85745-ec07-4d56-9097-91b03782c473,uuid:84c85745-ec07-4d56-9097-91b03782c473
"Jul 8, 2025 10:44:03 AM","Jul 8, 2025 8:12:00 AM",IDSW100148,-25.9183753000,32.5391339000,19.9000000000,3.5000000000,Maputo_Cidade,kamubukwana,ETAR,Entrada_ETAR,Aguas_residuais,Moore_swab,22.7,40,57,"","","","","","","",Sim,"","","",Sim,"",Sim,Sim,"","","","","",INOCÊNCIO e Dio,"",uuid:a489f6d9-b3ff-4f91-b92c-3990153a7861,uuid:a489f6d9-b3ff-4f91-b92c-3990153a7861
"Jul 8, 2025 10:44:03 AM","Jul 8, 2025 8:14:00 AM",IDSW100149,-25.9184120000,32.5392273000,19.6000000000,3.3400000000,Maputo_Cidade,kamubukwana,ETAR,Entrada_ETAR,Aguas_residuais,Grag_sample,22.7,40,57,"","","","","","","",Sim,"","","",Sim,"",Sim,Sim,Nao,Nao,Nao,"","",INOCÊNCIO e Dio,"",uuid:7becc151-15e0-44aa-a519-f7f142ca5a74,uuid:7becc151-15e0-44aa-a519-f7f142ca5a74
"Jul 8, 2025 10:44:03 AM","Jul 8, 2025 8:16:00 AM",IDSW100150,-25.9177514000,32.5383166000,-13.0000000000,4.5830000000,Maputo_Cidade,kamubukwana,ETAR,Vala_esgoto_VE,Aguas_residuais,Torpidos,22.7,40,57,"","","","","","","",Sim,"","","",Sim,"",Sim,Sim,Nao,Nao,Nao,"","",INOCÊNCIO e Dio,"",uuid:67250a01-dcdd-4186-9f18-5a57b8fb10b0,uuid:67250a01-dcdd-4186-9f18-5a57b8fb10b0
"Jul 8, 2025 10:44:04 AM","Jul 8, 2025 8:20:00 AM",IDSW100151,-25.9177871000,32.5382689000,-13.0000000000,4.4850000000,Maputo_Cidade,kamubukwana,ETAR,Vala_esgoto_VE,Aguas_residuais,Moore_swab,22.7,40,57,"","","","","","","",Sim,"","","",Sim,"",Sim,Sim,"","","","","",INOCÊNCIO e Dio,"",uuid:f281f0ce-aebc-4700-8221-7e6f7595b8ee,uuid:f281f0ce-aebc-4700-8221-7e6f7595b8ee
"Jul 8, 2025 10:44:04 AM","Jul 8, 2025 8:22:00 AM",IDSW100152,-25.9177366000,32.5383022000,-13.0000000000,4.5330000000,Maputo_Cidade,kamubukwana,ETAR,Vala_esgoto_VE,Aguas_residuais,Grag_sample,22.7,40,57,"","","","","","","",Sim,"","","",Sim,"",Sim,Sim,Nao,Nao,Nao,Nao,"",INOCÊNCIO e Dio,"",uuid:565abe88-25b1-4eeb-95b7-4b1936b4d2cd,uuid:565abe88-25b1-4eeb-95b7-4b1936b4d2cd
"Jul 16, 2025 2:00:56 PM","Jul 15, 2025 8:50:00 AM",IDSW100154,-25.9187265000,32.5391148000,-11.8999996185,4.0800000000,Maputo_Cidade,kamubukwana,ETAR,Cam_Cistern_CC,Aguas_residuais,Moore_swab,21.3,40,51,"","","","","","","",Sim,"","","",Sim,"",Sim,Sim,"","","","","",INOCÊNCIO,"",uuid:601e936e-d7e2-4c6e-a9cf-2fa350c9e808,uuid:601e936e-d7e2-4c6e-a9cf-2fa350c9e808
"Jul 16, 2025 2:00:57 PM","Jul 15, 2025 8:51:00 AM",IDSW100153,-25.9187878000,32.5390844000,-11.8999996185,4.8330000000,Maputo_Cidade,kamubukwana,ETAR,Cam_Cistern_CC,Aguas_residuais,Torpidos,21.3,40,51,"","","","","","","",Sim,"","","",Sim,"",Sim,Sim,"","","","","",INOCÊNCIO,"",uuid:94fc8b0a-fe46-4eed-8093-6dc012101cf3,uuid:94fc8b0a-fe46-4eed-8093-6dc012101cf3
"Jul 16, 2025 2:01:28 PM","Jul 15, 2025 8:27:00 AM",IDSW100159,-25.9176818000,32.5383537000,-11.8999996185,4.2280000000,Maputo_Cidade,kamubukwana,ETAR,Vala_esgoto_VE,Aguas_residuais,Torpidos,21.3,40,51,"","","","","","","",Sim,"","","",Sim,"",Sim,Sim,"","","","","",INOCÊNCIO,"",uuid:596ce604-10ce-458a-b62a-d8a6848a89fd,uuid:596ce604-10ce-458a-b62a-d8a6848a89fd
"Jul 16, 2025 2:01:28 PM","Jul 15, 2025 8:29:00 AM",IDSW100160,-25.9177356000,32.5382776000,-11.8999996185,4.8700000000,Maputo_Cidade,kamubukwana,ETAR,Vala_esgoto_VE,Aguas_residuais,Moore_swab,21.3,40,51,"","","","","","","",Sim,"","","",Sim,"",Sim,Sim,"","","","","",INOCÊNCIO,"",uuid:170bca7d-88d9-427a-9f09-0a925cebfa2e,uuid:170bca7d-88d9-427a-9f09-0a925cebfa2e
"Jul 16, 2025 2:01:29 PM","Jul 15, 2025 8:30:00 AM",IDSW100161,-25.9176934000,32.5383668000,-11.8999996185,4.3370000000,Maputo_Cidade,kamubukwana,ETAR,Vala_esgoto_VE,Aguas_residuais,Grag_sample,21.3,40,51,"","","","","","","",Sim,"","","",Sim,"",Sim,Sim,"","","","","",INOCÊNCIO,"",uuid:9055ec6a-85e2-4c65-be95-7fee2872f722,uuid:9055ec6a-85e2-4c65-be95-7fee2872f722
"Jul 16, 2025 2:01:29 PM","Jul 15, 2025 8:38:00 AM",IDSW100158,-25.9184201000,32.5391663000,-11.8999996185,3.5330000000,Maputo_Cidade,kamubukwana,ETAR,Entrada_ETAR,Aguas_residuais,Grag_sample,21.3,40,51,"","","","","","","",Sim,"","","",Sim,"",Sim,Sim,"","","","","",INOCÊNCIO,"",uuid:ebaf006b-e109-48d5-9c5a-43b4d1b01a35,uuid:ebaf006b-e109-48d5-9c5a-43b4d1b01a35
"Jul 16, 2025 2:01:29 PM","Jul 15, 2025 8:46:00 AM",IDSW100157,-25.9183899000,32.5390949000,-11.8999996185,4.9400000000,Maputo_Cidade,kamubukwana,ETAR,Entrada_ETAR,Aguas_residuais,Moore_swab,21.3,40,51,"","","","","","","",Sim,"","","",Sim,"",Sim,Sim,"","","","","",INOCÊNCIO,"",uuid:6c21c4fb-404f-4b2b-96a8-6f74ba0e02b5,uuid:6c21c4fb-404f-4b2b-96a8-6f74ba0e02b5
"Jul 16, 2025 2:01:29 PM","Jul 15, 2025 8:48:00 AM",IDSW100156,-25.9183587000,32.5392429000,-11.8999996185,4.5000000000,Maputo_Cidade,kamubukwana,ETAR,Entrada_ETAR,Aguas_residuais,Torpidos,21.3,40,51,"","","","","","","",Sim,"","","",Sim,"",Sim,Sim,"","","","","",INOCÊNCIO,"",uuid:2cd472b4-0d02-4ef1-8d87-e65d1c4f116a,uuid:2cd472b4-0d02-4ef1-8d87-e65d1c4f116a
"Jul 16, 2025 2:01:30 PM","Jul 15, 2025 8:49:00 AM",IDSW100155,-25.9187467000,32.5390728000,-11.8999996185,4.5000000000,Maputo_Cidade,kamubukwana,ETAR,Cam_Cistern_CC,Aguas_residuais,Grag_sample,21.3,40,51,"","","","","","","",Sim,"","","",Sim,"",Sim,Sim,"","","","","",INOCÊNCIO,"",uuid:812e92f2-0ec3-4ba5-93bf-ed5f70733e63,uuid:812e92f2-0ec3-4ba5-93bf-ed5f70733e63
"Jul 22, 2025 2:49:02 PM","Jul 22, 2025 9:38:00 AM",IDSW100163,-25.9187699000,32.5391301000,38.2000000000,4.7600000000,Maputo_Cidade,kamubukwana,ETAR,Cam_Cistern_CC,Aguas_residuais,Moore_swab,"27,9",40,57,"","","","","","","",Sim,"","","",Sim,"",Sim,Sim,"","","","","",INOCÊNCIO,"",uuid:11c1e7cd-da90-40d8-ae89-42169aba3115,uuid:11c1e7cd-da90-40d8-ae89-42169aba3115
"Jul 22, 2025 2:49:02 PM","Jul 22, 2025 9:41:00 AM",IDSW100164,-25.9188258000,32.5390982000,36.5000000000,4.6160000000,Maputo_Cidade,kamubukwana,ETAR,Cam_Cistern_CC,Aguas_residuais,Grag_sample,27.9,40,57,"","","","","","","",Sim,"","","",Sim,"",Sim,Sim,"","","","","",INOCÊNCIO,"",uuid:69e23749-ee91-4bac-95ba-b72865162352,uuid:69e23749-ee91-4bac-95ba-b72865162352
"Jul 22, 2025 2:49:03 PM","Jul 22, 2025 9:45:00 AM",IDSW100165,-25.9185081000,32.5391903000,36.0000000000,5.0000000000,Maputo_Cidade,kamubukwana,ETAR,Entrada_ETAR,Aguas_residuais,Torpidos,27.9,40,57,"","","","","","","",Sim,"","","",Sim,"",Sim,Sim,"","","","","",INOCÊNCIO,"",uuid:a4a2eac3-9504-4186-ab37-3296296de1e5,uuid:a4a2eac3-9504-4186-ab37-3296296de1e5
"Jul 22, 2025 2:49:03 PM","Jul 22, 2025 9:47:00 AM",IDSW100166,-25.9184945000,32.5392388000,35.1000000000,4.7800000000,Maputo_Cidade,kamubukwana,ETAR,Entrada_ETAR,Aguas_residuais,Moore_swab,27.9,40,57,"","","","","","","",Sim,"","","",Sim,"",Sim,Sim,"","","","","",INOCÊNCIO,"",uuid:f87ba03a-713f-4673-a3ec-23a2c929655f,uuid:f87ba03a-713f-4673-a3ec-23a2c929655f
"Jul 22, 2025 2:49:03 PM","Jul 22, 2025 9:51:00 AM",IDSW100167,-25.9184530000,32.5392059000,35.8000000000,4.8600000000,Maputo_Cidade,kamubukwana,ETAR,Entrada_ETAR,Aguas_residuais,Grag_sample,27.9,40,57,"","","","","","","",Sim,"","","",Sim,"",Sim,Sim,"","","","","",INOCÊNCIO,"",uuid:07ab0ac4-6a70-4f55-9ea8-2e1dd3370553,uuid:07ab0ac4-6a70-4f55-9ea8-2e1dd3370553
"Jul 22, 2025 2:49:04 PM","Jul 22, 2025 9:56:00 AM",IDSW100168,-25.9177577000,32.5382681000,38.0000000000,4.9160000000,Maputo_Cidade,kamubukwana,ETAR,Vala_esgoto_VE,Aguas_residuais,Torpidos,27.9,40,57,"","","","","","","",Sim,"","","",Sim,"",Sim,Sim,"","","","","",INOCÊNCIO,"",uuid:536c9d3a-3017-4bc7-92a6-2c1716cbfb54,uuid:536c9d3a-3017-4bc7-92a6-2c1716cbfb54
"Jul 22, 2025 2:49:04 PM","Jul 22, 2025 9:59:00 AM",IDSW100169,-25.9178030000,32.5382665000,36.7000000000,4.6830000000,Maputo_Cidade,kamubukwana,ETAR,Vala_esgoto_VE,Aguas_residuais,Moore_swab,27.9,40,57,"","","","","","","",Sim,"","","",Sim,"",Sim,Sim,"","","","","",INOCÊNCIO,"",uuid:4b849c7e-ba81-4f21-8dda-58f1d696f149,uuid:4b849c7e-ba81-4f21-8dda-58f1d696f149
"Jul 22, 2025 2:49:04 PM","Jul 22, 2025 10:02:00 AM",IDSW100170,-25.9177680000,32.5382884000,36.6000000000,4.9830000000,Maputo_Cidade,kamubukwana,ETAR,Vala_esgoto_VE,Aguas_residuais,Grag_sample,27.9,40,57,"","","","","","","",Sim,"","","",Sim,"",Sim,Sim,"","","","","",INOCÊNCIO,"",uuid:72957ecc-5d62-42bc-a120-e5a0f40274dc,uuid:72957ecc-5d62-42bc-a120-e5a0f40274dc
"Jul 22, 2025 2:49:26 PM","Jul 22, 2025 9:23:00 AM",IDSW100162,-25.9189129000,32.5390200000,51.5000000000,4.8200000000,Maputo_Cidade,kamubukwana,ETAR,Cam_Cistern_CC,Aguas_residuais,Torpidos,27.9,40,57,"","","","","","","",Sim,"","","",Sim,"",Sim,Sim,"","","","","",INOCÊNCIO OSCALDO,"",uuid:a3d57f9f-a38a-42de-a325-2c5c18cdb72b,uuid:a3d57f9f-a38a-42de-a325-2c5c18cdb72b
"Jul 30, 2025 6:57:47 AM","Jul 29, 2025 11:03:00 AM",IDSW100171,-25.9187475000,32.5391059000,-14.1999998093,4.9000000000,Maputo_Cidade,kamubukwana,ETAR,Cam_Cistern_CC,Aguas_residuais,Torpidos,26.9,40,57,"","","","","","","",Sim,"","","",Sim,"",Sim,Sim,"","","","","",INOCÊNCIO,"",uuid:bd87f48a-c3f7-4ba7-8e0c-ef38d43b1703,uuid:bd87f48a-c3f7-4ba7-8e0c-ef38d43b1703
"Jul 30, 2025 6:57:47 AM","Jul 29, 2025 11:16:00 AM",IDSW100172,-25.9187603000,32.5391225000,-14.1999998093,4.4160000000,Maputo_Cidade,kamubukwana,ETAR,Cam_Cistern_CC,Aguas_residuais,Moore_swab,26.9,40,57,"","","","","","","",Sim,"","","",Sim,"",Sim,Sim,"","","","","",INOCÊNCIO,"",uuid:1b8bcad1-a7ac-44b4-86e9-66fe1748dd79,uuid:1b8bcad1-a7ac-44b4-86e9-66fe1748dd79
"Jul 30, 2025 6:57:48 AM","Jul 29, 2025 11:18:00 AM",IDSW100173,-25.9188741000,32.5392042000,-14.1999998093,4.7000000000,Maputo_Cidade,kamubukwana,ETAR,Cam_Cistern_CC,Aguas_residuais,Grag_sample,26.9,26.9,40,"","","","","","","",Sim,"","","",Sim,"",Sim,Sim,"","","","","",INOCÊNCIO,"",uuid:6f87e278-e3c0-4b12-bfee-3b4d5497ae48,uuid:6f87e278-e3c0-4b12-bfee-3b4d5497ae48
"Jul 30, 2025 6:57:48 AM","Jul 29, 2025 11:20:00 AM",IDSW100174,-25.9184647000,32.5392543000,-14.1999998093,4.8280000000,Maputo_Cidade,kamubukwana,ETAR,Entrada_ETAR,Aguas_residuais,Torpidos,26.9,40,57,"","","","","","","",Sim,"","","",Sim,"",Sim,Sim,"","","","","",INOCÊNCIO,"",uuid:253968b5-b8e5-4c91-b77e-07efe138832a,uuid:253968b5-b8e5-4c91-b77e-07efe138832a
"Jul 30, 2025 6:57:49 AM","Jul 29, 2025 11:22:00 AM",IDSW100175,-25.9184583000,32.5392550000,-14.1999998093,3.3000000000,Maputo_Cidade,kamubukwana,ETAR,Entrada_ETAR,Aguas_residuais,Moore_swab,26.9,40,57,"","","","","","","",Sim,"","","",Sim,"",Sim,Sim,"","","","","",INOCÊNCIO,"",uuid:05ce0c91-865d-4052-9b62-672eb7fe988e,uuid:05ce0c91-865d-4052-9b62-672eb7fe988e
"Jul 30, 2025 6:57:50 AM","Jul 29, 2025 11:24:00 AM",IDSW100176,-25.9183756000,32.5391489000,-14.1999998093,3.9000000000,Maputo_Cidade,kamubukwana,ETAR,Entrada_ETAR,Aguas_residuais,Grag_sample,26.9,40,57,"","","","","","","",Sim,"","","",Sim,"",Sim,Sim,"","","","","",INOCÊNCIO,"",uuid:dff8272f-ae41-4d25-a885-52af930b00ee,uuid:dff8272f-ae41-4d25-a885-52af930b00ee
"Jul 30, 2025 6:57:51 AM","Jul 29, 2025 11:26:00 AM",IDSW100177,-25.9176695000,32.5381779000,-14.0999994278,4.9830000000,Maputo_Cidade,kamubukwana,ETAR,Vala_esgoto_VE,Aguas_residuais,Torpidos,26.9,40,57,"","","","","","","",Sim,"","","",Sim,"",Sim,Sim,"","","","","",INOCÊNCIO,"",uuid:e6fdd179-b39c-4142-b94b-ae4073a7d775,uuid:e6fdd179-b39c-4142-b94b-ae4073a7d775
"Jul 30, 2025 6:57:51 AM","Jul 29, 2025 11:31:00 AM",IDSW100178,-25.9176428000,32.5383568000,-14.1999998093,3.9600000000,Maputo_Cidade,kamubukwana,ETAR,Vala_esgoto_VE,Aguas_residuais,Moore_swab,26.9,40,57,"","","","","","","",Sim,"","","",Sim,"",Sim,Sim,"","","","","",INOCÊNCIO,"",uuid:2be30ebf-84ae-4404-9f7d-ca030a6536d4,uuid:2be30ebf-84ae-4404-9f7d-ca030a6536d4
"Jul 30, 2025 6:57:52 AM","Jul 29, 2025 11:33:00 AM",IDSW100179,-25.9177698000,32.5383629000,-14.0999994278,4.5660000000,Maputo_Cidade,kamubukwana,ETAR,Vala_esgoto_VE,Aguas_residuais,Grag_sample,26.9,40,57,"","","","","","","",Sim,"","","",Sim,"",Sim,Sim,"","","","","",INOCÊNCIO,"",uuid:1a624349-e94c-48a8-8e72-9065718c00cb,uuid:1a624349-e94c-48a8-8e72-9065718c00cb
"Aug 8, 2025 2:31:40 PM","Aug 5, 2025 9:12:00 AM",IDSWT00001,-16.1637422000,33.5983255000,120.0999984741,4.9000000000,Tete,tete,Quartel_Militar,Emissario_EM,Aguas_residuais,Moore_swab,22,40,50,"","","","","","","",Sim,"","","",Sim,"",Sim,Sim,"","","","","","B, I, B, C","",uuid:09957d0e-43d5-4fe0-95fb-80f2123b1ed4,uuid:09957d0e-43d5-4fe0-95fb-80f2123b1ed4
"Aug 8, 2025 2:31:41 PM","Aug 5, 2025 9:19:00 AM",IDSWT00002,-16.1638002000,33.5982275000,120.6999969482,4.9000000000,Tete,tete,Quartel_Militar,Emissario_EM,Aguas_residuais,Grag_sample,22,40,50,"","","","","","","",Sim,"","","",Sim,"",Sim,Sim,"","","","","",Banquir,Colhemos sem nenhuma dificuldade.,uuid:a1bff79c-960e-4ae5-909c-b885a0ab21d9,uuid:a1bff79c-960e-4ae5-909c-b885a0ab21d9
"Aug 8, 2025 2:31:41 PM","Aug 5, 2025 9:29:00 AM",IDSWT00003,-16.1578760000,33.5922966000,119.4000015259,4.7330000000,Tete,tete,Paraiso_Misterioso,Emissario_EM,Aguas_residuais,Moore_swab,22,40,50,"","","","","","","",Sim,"","","",Sim,"",Sim,Sim,"","","","","",Banquir e João Baptista,"",uuid:b4a9d392-c834-4d82-b84f-df787ef9ae93,uuid:b4a9d392-c834-4d82-b84f-df787ef9ae93
"Aug 8, 2025 2:31:41 PM","Aug 5, 2025 9:31:00 AM",IDSWT00004,-16.1578177000,33.5922464000,119.4000015259,4.8160000000,Tete,tete,Paraiso_Misterioso,Emissario_EM,Aguas_residuais,Grag_sample,20,40,50,"","","","","","","",Sim,"","","",Sim,"",Sim,Sim,"","","","","",Banquir,"",uuid:b5300806-e1e5-4b37-9bad-e9f20c8f321a,uuid:b5300806-e1e5-4b37-9bad-e9f20c8f321a
"Aug 8, 2025 2:31:42 PM","Aug 5, 2025 9:40:00 AM",IDSWT00005,-16.1560100000,33.5903067000,121.6999969482,4.9400000000,Tete,tete,Mercado_do_Peixe,Emissario_EM,Aguas_residuais,Moore_swab,22,40,50,"","","","","","","",Sim,"","","",Sim,"",Sim,Sim,"","","","","",Banquir e João,"",uuid:c328652b-d981-428d-b5ca-3079860a569f,uuid:c328652b-d981-428d-b5ca-3079860a569f
"Aug 8, 2025 2:31:42 PM","Aug 5, 2025 9:46:00 AM",IDSWT00006,-16.1560033000,33.5903033000,113.3000000000,4.8250000000,Tete,tete,Mercado_do_Peixe,Emissario_EM,Aguas_residuais,Grag_sample,24,40,54,"","","","","","","",Sim,"","","",Sim,"",Sim,Sim,"","","","","",Banquir e João,"",uuid:3301bd93-679b-429e-8d6e-69f1ff4f48a9,uuid:3301bd93-679b-429e-8d6e-69f1ff4f48a9
"Aug 8, 2025 2:31:42 PM","Aug 5, 2025 9:54:00 AM",IDSWT00007,-16.1545200000,33.5886118000,119.8000030518,4.8160000000,Tete,tete,Registo,Emissario_EM,Aguas_residuais,Moore_swab,24,40,54,"","","","","","","",Sim,"","","",Sim,"",Sim,Sim,"","","","","",Banquir e João,"",uuid:52b89d12-e6ae-4674-9943-318b277a1907,uuid:52b89d12-e6ae-4674-9943-318b277a1907
"Aug 8, 2025 2:31:43 PM","Aug 5, 2025 9:59:00 AM",IDSWT00008,-16.1545611000,33.5885857000,119.8000030518,4.9830000000,Tete,tete,Registo,Emissario_EM,Aguas_residuais,Grag_sample,24,40,54,"","","","","","","",Sim,"","","",Sim,"",Sim,Sim,"","","","","",Banquir e João Baptista,"",uuid:a7633636-3e95-4a3e-89bb-5fd7027fc99c,uuid:a7633636-3e95-4a3e-89bb-5fd7027fc99c
"Aug 12, 2025 3:34:15 PM","Aug 12, 2025 6:31:00 AM",IDSWT00019,-16.1637534000,33.5982934000,120.0999984741,4.4000000000,Tete,tete,Quartel_Militar,Emissario_EM,Aguas_residuais,Moore_swab,26,40,50,"","","","","","","",Sim,"","","",Sim,"",Sim,Sim,"","","","","",Banquir,"",uuid:6470170e-6b0f-4dda-a378-d6adc8df864a,uuid:6470170e-6b0f-4dda-a378-d6adc8df864a
"Aug 12, 2025 3:34:16 PM","Aug 12, 2025 6:42:00 AM",IDSWT00026,-16.1637454000,33.5983305000,120.0999984741,4.0660000000,Tete,tete,Quartel_Militar,Emissario_EM,Aguas_residuais,Grag_sample,26,40,43,"","","","","","","",Sim,"","","",Sim,"",Sim,Sim,"","","","","",Banquir,"",uuid:822ffe25-20e0-4b93-b94a-92d32c6c31d4,uuid:822ffe25-20e0-4b93-b94a-92d32c6c31d4
"Aug 12, 2025 3:34:16 PM","Aug 12, 2025 7:03:00 AM",IDSWT00020,-16.1578336000,33.5923360000,119.4000015259,3.9500000000,Tete,tete,Paraiso_Misterioso,Emissario_EM,Aguas_residuais,Moore_swab,26,40,50,"","","","","","","",Sim,"","","",Sim,"",Sim,Sim,"","","","","",Banquir,"",uuid:d4a23ca9-6264-4213-a735-9cbefe5cfb7d,uuid:d4a23ca9-6264-4213-a735-9cbefe5cfb7d
"Aug 12, 2025 3:34:16 PM","Aug 12, 2025 7:09:00 AM",12517473,-16.1579074000,33.5922778000,119.4000015259,4.7160000000,Tete,tete,Paraiso_Misterioso,Emissario_EM,Aguas_residuais,Grag_sample,26,40,50,"","","","","","","",Sim,"","","",Sim,"",Sim,Sim,"","","","","",Banquir,"",uuid:8dfa7148-a372-4bd8-adad-1fc032b00b9f,uuid:8dfa7148-a372-4bd8-adad-1fc032b00b9f
"Aug 12, 2025 3:34:17 PM","Aug 12, 2025 7:22:00 AM",IDSWT00021,-16.1563742000,33.5905674000,119.4000015259,4.9160000000,Tete,tete,Mercado_do_Peixe,Emissario_EM,Aguas_residuais,Moore_swab,26,40,50,"","","","","","","",Sim,"","","",Sim,"",Sim,Sim,"","","","","",Banquir,"",uuid:f6d06e59-991e-42f9-ad85-abc09769bebd,uuid:f6d06e59-991e-42f9-ad85-abc09769bebd
"Aug 12, 2025 3:34:17 PM","Aug 12, 2025 7:26:00 AM",IDSWT00023,-16.1560589000,33.5903209000,119.4000015259,3.5630000000,Tete,tete,Mercado_do_Peixe,Emissario_EM,Aguas_residuais,Grag_sample,26,40,50,"","","","","","","",Sim,"","","",Sim,"",Sim,Sim,"","","","","",Banquir,"",uuid:c6850c4c-b451-4060-ac50-1a775266bb85,uuid:c6850c4c-b451-4060-ac50-1a775266bb85
"Aug 12, 2025 3:34:17 PM","Aug 12, 2025 7:34:00 AM",IDSWT00022,-16.1544919000,33.5886877000,119.4000015259,4.5000000000,Tete,tete,Registo,Emissario_EM,Aguas_residuais,Moore_swab,26,40,50,"","","","","","","",Sim,"","","",Sim,"",Sim,Sim,"","","","","",Banquir,"",uuid:a593fc3f-5dbd-42a3-9fe9-838a90101569,uuid:a593fc3f-5dbd-42a3-9fe9-838a90101569
"Aug 12, 2025 3:34:18 PM","Aug 12, 2025 7:36:00 AM",IDSWT00025,-16.1545309000,33.5886384000,119.4000015259,4.7250000000,Tete,tete,Registo,Emissario_EM,Aguas_residuais,Grag_sample,26,40,50,"","","","","","","",Sim,"","","",Sim,"",Sim,Sim,"","","","","",Banquir,"",uuid:84e86be6-5c30-4e59-b24b-e23bf086599c,uuid:84e86be6-5c30-4e59-b24b-e23bf086599c
"Aug 13, 2025 11:03:11 AM","Aug 13, 2025 8:00:00 AM",IDSW100169,-25.9172327000,32.5381824000,-35.7000000000,10.3500000000,Maputo_Cidade,kamubukwana,ETAR,Vala_esgoto_VE,Aguas_residuais,Moore_swab,22,40,67,"","","","","","","",Sim,"","","",Sim,"",Sim,Sim,"","","","","",INOCÊNCIO,"",uuid:3fcd3de0-1c13-4923-aa77-02ce01af5ab3,uuid:3fcd3de0-1c13-4923-aa77-02ce01af5ab3
"Aug 19, 2025 2:23:17 PM","Aug 19, 2025 7:03:00 AM",IDSWT00027,-16.1545339000,33.5886873000,122.5000000000,4.9660000000,Tete,tete,Registo,Emissario_EM,Aguas_residuais,Moore_swab,31,40,51,"","","","","","","",Sim,"","","",Sim,"",Sim,Sim,"","","","","",Camacho Monteiro,"",uuid:704691fd-b694-43a6-9398-8a3424016042,uuid:704691fd-b694-43a6-9398-8a3424016042
"Aug 19, 2025 2:23:18 PM","Aug 19, 2025 7:14:00 AM",IDSWT00027,-16.1545018000,33.5886016000,122.5000000000,4.9160000000,Tete,tete,Registo,Emissario_EM,Aguas_residuais,Grag_sample,31,40,51,"","","","","","","",Sim,"","","",Sim,"",Sim,Sim,"","","","","",Camacho Monteiro,"",uuid:72bdee2c-5a60-4c4f-81bc-714daf013470,uuid:72bdee2c-5a60-4c4f-81bc-714daf013470
"Aug 19, 2025 2:23:18 PM","Aug 19, 2025 7:27:00 AM",IDSWT00028,-16.1560074000,33.5903387000,120.2000000000,4.4830000000,Tete,tete,Mercado_do_Peixe,Emissario_EM,Aguas_residuais,Moore_swab,31,40,51,"","","","","","","",Sim,"","","",Sim,"",Sim,Sim,"","","","","",Camacho Monteiro,"",uuid:644a02d0-00cb-4cfb-a2e2-b0a53d3baaf1,uuid:644a02d0-00cb-4cfb-a2e2-b0a53d3baaf1
"Aug 19, 2025 2:23:19 PM","Aug 19, 2025 7:30:00 AM",IDSWT00028,-16.1559058000,33.5904553000,121.6999969482,4.7500000000,Tete,tete,Mercado_do_Peixe,Emissario_EM,Aguas_residuais,Grag_sample,31,40,51,"","","","","","","",Sim,"","","",Sim,"",Sim,Sim,"","","","","",Camacho Monteiro,"",uuid:07180d1b-b910-4fa9-9530-0bbde93dca9c,uuid:07180d1b-b910-4fa9-9530-0bbde93dca9c
"Aug 19, 2025 2:23:20 PM","Aug 19, 2025 7:49:00 AM",IDSWT00029,-16.1578840000,33.5922279000,119.4000015259,4.9200000000,Tete,tete,Paraiso_Misterioso,Emissario_EM,Aguas_residuais,Moore_swab,31,40,51,"","","","","","","",Sim,"","","",Sim,"",Sim,Sim,"","","","","",Camacho Monteiro,"",uuid:63075835-7cfd-477e-bd47-61bccef2c41d,uuid:63075835-7cfd-477e-bd47-61bccef2c41d
"Aug 19, 2025 2:23:20 PM","Aug 19, 2025 7:52:00 AM",IDSWT00029,-16.1578448000,33.5922725000,119.4000015259,4.8200000000,Tete,tete,Paraiso_Misterioso,Emissario_EM,Aguas_residuais,Grag_sample,31,40,51,"","","","","","","",Sim,"","","",Sim,"",Sim,Sim,"","","","","",Camacho Monteiro,"",uuid:a03a96a1-9ec0-423a-b936-e009480c8480,uuid:a03a96a1-9ec0-423a-b936-e009480c8480
"Aug 19, 2025 2:23:21 PM","Aug 19, 2025 8:12:00 AM",IDSWT00030,-16.1636716000,33.5981696000,125.1999969482,4.8800000000,Tete,tete,Quartel_Militar,Emissario_EM,Aguas_residuais,Moore_swab,31,40,51,"","","","","","","",Sim,"","","",Sim,"",Sim,Sim,"","","","","",Camacho Monteiro,"",uuid:5e7823c4-e6ff-4ff2-8bab-d9652347d2e5,uuid:5e7823c4-e6ff-4ff2-8bab-d9652347d2e5
"Aug 19, 2025 2:23:21 PM","Aug 19, 2025 8:14:00 AM",IDSWT00030,-16.1637592000,33.5982036000,125.1999969482,4.9000000000,Tete,tete,Quartel_Militar,Emissario_EM,Aguas_residuais,Grag_sample,31,40,51,"","","","","","","",Sim,"","","",Sim,"",Sim,Sim,"","","","","",Camacho Monteiro,"",uuid:510ddde7-2cd7-4a0d-8a62-f3e5442750b3,uuid:510ddde7-2cd7-4a0d-8a62-f3e5442750b3
"Aug 20, 2025 5:44:36 AM","Aug 19, 2025 8:26:00 AM",IDSW100200,-25.9188058000,32.5390375000,22.8000000000,4.7160000000,Maputo_Cidade,kamubukwana,ETAR,Cam_Cistern_CC,Aguas_residuais,Grag_sample,22,40,65,"","","","","","","",Sim,"","","",Sim,"",Sim,Sim,"","","","","",INOCÊNCIO,"",uuid:21ad96fd-e7cb-4a27-9585-927e717bccd3,uuid:21ad96fd-e7cb-4a27-9585-927e717bccd3
"Aug 20, 2025 5:44:36 AM","Aug 19, 2025 8:34:00 AM",IDSW100201,-25.9184348000,32.5391889000,25.1000000000,4.9330000000,Maputo_Cidade,kamubukwana,ETAR,Entrada_ETAR,Aguas_residuais,Torpidos,22,40,65,"","","","","","","",Sim,"","","",Sim,"",Sim,Sim,"","","","","",INOCÊNCIO,"",uuid:732ad002-c66d-48f7-a783-04a79f2cc333,uuid:732ad002-c66d-48f7-a783-04a79f2cc333
"Aug 20, 2025 5:44:36 AM","Aug 19, 2025 8:36:00 AM",IDSW100202,-25.9184929000,32.5393282000,25.6000000000,4.8000000000,Maputo_Cidade,kamubukwana,ETAR,Entrada_ETAR,Aguas_residuais,Moore_swab,22,40,65,"","","","","","","",Sim,"","","",Sim,"",Sim,Sim,"","","","","",INOCÊNCIO,"",uuid:6d8424d7-c84b-4844-86df-8982c22225bd,uuid:6d8424d7-c84b-4844-86df-8982c22225bd
"Aug 20, 2025 5:44:37 AM","Aug 19, 2025 8:38:00 AM",IDSW100203,-25.9184283000,32.5392855000,25.5000000000,4.9000000000,Maputo_Cidade,kamubukwana,ETAR,Entrada_ETAR,Aguas_residuais,Grag_sample,22,40,65,"","","","","","","",Sim,"","","",Sim,"",Sim,Sim,Nao,"","","","",INOCÊNCIO,"",uuid:1eb578b4-1ca3-473e-ad94-006fb718203d,uuid:1eb578b4-1ca3-473e-ad94-006fb718203d
"Aug 20, 2025 5:44:37 AM","Aug 19, 2025 8:58:00 AM",IDSW100204,-25.9177900000,32.5383117000,-14.0999994278,4.9660000000,Maputo_provincia,matola,ETAR,Vala_esgoto_VE,Aguas_residuais,Torpidos,22,40,65,"","","","","","","",Sim,"","","",Sim,"",Sim,Sim,"","","","","",INOCÊNCIO,"",uuid:5c949bc4-d76a-4882-96c8-3594e4bcc905,uuid:5c949bc4-d76a-4882-96c8-3594e4bcc905
"Aug 20, 2025 5:44:37 AM","Aug 19, 2025 9:01:00 AM",IDSW100205,-25.9177250000,32.5382376000,-14.1999998093,5.0000000000,Maputo_provincia,matola,ETAR,Vala_esgoto_VE,Aguas_residuais,Moore_swab,22,40,65,"","","","","","","",Sim,"","","",Sim,"",Sim,Sim,"","","","","",INOCÊNCIO,"",uuid:3e1a1cb3-a561-44cb-977b-240adcbc1a27,uuid:3e1a1cb3-a561-44cb-977b-240adcbc1a27
"Aug 20, 2025 5:44:37 AM","Aug 19, 2025 9:02:00 AM",IDSW100206,-25.9178007000,32.5382148000,-14.1999998093,4.9830000000,Maputo_provincia,matola,ETAR,Vala_esgoto_VE,Aguas_residuais,Grag_sample,22,40,65,"","","","","","","",Sim,"","","",Sim,"",Sim,Sim,"","","","","",INOCÊNCIO,"",uuid:2e9260f3-ff23-4e85-9bba-8f4890681fa9,uuid:2e9260f3-ff23-4e85-9bba-8f4890681fa9
"Aug 20, 2025 6:45:03 AM","Aug 19, 2025 8:14:00 AM",IDSW100198,-25.9187409000,32.5391208000,30.6000000000,5.0000000000,Maputo_Cidade,kamubukwana,ETAR,Cam_Cistern_CC,Aguas_residuais,Torpidos,24,40,51,"","","","","","","",Sim,"","","",Sim,"",Sim,Sim,"","","","","",INOCÊNCIO,"",uuid:39a8f425-8534-43c9-b6b7-0aacea6fa285,uuid:39a8f425-8534-43c9-b6b7-0aacea6fa285
"Aug 20, 2025 6:45:42 AM","Aug 19, 2025 8:25:00 AM",IDSW100199,-25.9187781000,32.5390271000,22.8000000000,4.7830000000,Maputo_Cidade,kamubukwana,ETAR,Cam_Cistern_CC,Aguas_residuais,Moore_swab,24,40,51,"","","","","","","",Sim,"","","",Sim,"",Sim,Sim,"","","","","",INOCÊNCIO,"",uuid:42ebd0cf-8f09-404a-a7ec-45010bc351e2,uuid:42ebd0cf-8f09-404a-a7ec-45010bc351e2
"Aug 22, 2025 9:40:03 AM","Aug 5, 2025 7:30:00 AM",IDSW100182,-25.9184609000,32.5389657000,39.0000000000,7.3000000000,Maputo_Cidade,khampfumo,ETAR,Cam_Cistern_CC,Aguas_residuais,Moore_swab,"27,1",8,37,"","","","","","","",Sim,"","","",Sim,"",Sim,Sim,"","","","","",OSVALDO,"",uuid:0cdc59a6-4f79-4518-bd85-41c1fb04b804,uuid:0cdc59a6-4f79-4518-bd85-41c1fb04b804
"Aug 22, 2025 9:40:04 AM","Aug 5, 2025 7:30:00 AM",IDSW100183,-25.9177804000,32.5386099000,39.0000000000,6.7500000000,Maputo_Cidade,khampfumo,ETAR,Vala_esgoto_VE,Aguas_residuais,Torpidos,"28,4",8,37,"","","","","","","",Sim,"","","",Sim,"",Sim,Sim,"","","","","",Osvaldo,"",uuid:6c082ea7-ccd3-4a69-8a9b-78c2d94fa11d,uuid:6c082ea7-ccd3-4a69-8a9b-78c2d94fa11d
"Aug 22, 2025 9:40:06 AM","Aug 5, 2025 7:16:00 AM",IDSW100184,-25.9184279000,32.5380225000,-25.7000000000,7.2000000000,Maputo_Cidade,khampfumo,ETAR,Vala_esgoto_VE,Aguas_residuais,Moore_swab,29.5,8,27,"","","","","","","",Sim,"","","",Sim,"",Sim,Sim,"","","","","",Osvaldo,"",uuid:9f96d8cc-a81d-42a0-8ab0-b0eb6a9f7da0,uuid:9f96d8cc-a81d-42a0-8ab0-b0eb6a9f7da0
"Aug 22, 2025 9:40:06 AM","Aug 5, 2025 7:30:00 AM",IDSW100185,-25.9182982000,32.5385299000,-33.7000000000,4.9160000000,Maputo_Cidade,khampfumo,ETAR,Vala_esgoto_VE,Aguas_residuais,Grag_sample,29.3,8,27.8,"","","","","","","",Sim,"","","",Sim,"",Sim,Sim,"","","","","",Osvaldo,"",uuid:cb5245a1-1caf-4a8e-b72c-fb584158d86d,uuid:cb5245a1-1caf-4a8e-b72c-fb584158d86d
"Aug 22, 2025 9:40:08 AM","Aug 5, 2025 7:30:00 AM",IDSW100186,-25.9183815000,32.5393390000,39.0000000000,8.8830000000,Maputo_Cidade,khampfumo,ETAR,Entrada_ETAR,Aguas_residuais,Torpidos,"26,7",8,37,"","","","","","","",Sim,"","","",Sim,"",Sim,Sim,"","","","","",Osvaldo,"",uuid:2c9563ff-0f5a-4900-9af8-2182ba8bf302,uuid:2c9563ff-0f5a-4900-9af8-2182ba8bf302
"Aug 22, 2025 9:40:09 AM","Aug 5, 2025 7:30:00 AM",IDSW100187,-25.9177867000,32.5383600000,37.3000000000,4.8000000000,Maputo_Cidade,khampfumo,ETAR,Entrada_ETAR,Aguas_residuais,Moore_swab,28,8,27,"","","","","","","",Sim,"","","",Sim,"",Sim,Sim,"","","","","",Osvaldo,"",uuid:3be274bc-91bc-48fa-a374-b8bf82a47d6c,uuid:3be274bc-91bc-48fa-a374-b8bf82a47d6c
"Aug 22, 2025 9:40:10 AM","Aug 5, 2025 7:37:00 AM",IDSW100188,-25.9183383000,32.5385030000,-33.6000000000,4.8500000000,Maputo_Cidade,khampfumo,ETAR,Entrada_ETAR,Aguas_residuais,Grag_sample,29,8,27.4,"","","","","","","",Sim,"","","",Sim,"",Sim,Sim,"","","","","",Osvaldo,"",uuid:e23f2d54-98c1-413d-9a48-7f6fb7bf2fc0,uuid:e23f2d54-98c1-413d-9a48-7f6fb7bf2fc0
"Aug 26, 2025 2:09:10 PM","Aug 26, 2025 7:38:00 AM",IDSWT00031,-16.1636815000,33.5982311000,121.5999984741,4.9500000000,Tete,tete,Quartel_Militar,Emissario_EM,Aguas_residuais,Moore_swab,29,40,50,"","","","","","","",Sim,"","","",Sim,"",Sim,Sim,"","","","","",Camacho Monteiro,"",uuid:7ffa4d54-8999-4512-8ec6-bc13de34332a,uuid:7ffa4d54-8999-4512-8ec6-bc13de34332a
"Aug 26, 2025 2:09:11 PM","Aug 26, 2025 7:41:00 AM",IDSWT00031,-16.1637517000,33.5981667000,121.5999984741,4.8330000000,Tete,tete,Quartel_Militar,Emissario_EM,Aguas_residuais,Grag_sample,29,40,50,"","","","","","","",Sim,"","","",Sim,"",Sim,Sim,"","","","","",Camacho Monteiro,"",uuid:6b8617d7-cbc6-4208-9763-c868fcef9f71,uuid:6b8617d7-cbc6-4208-9763-c868fcef9f71
"Aug 26, 2025 2:09:12 PM","Aug 26, 2025 8:00:00 AM",IDSWT00032,-16.1579083000,33.5923083000,121.0999984741,2.9570000000,Tete,tete,Paraiso_Misterioso,Emissario_EM,Aguas_residuais,Moore_swab,29,40,50,"","","","","","","",Sim,"","","",Sim,"",Sim,Sim,"","","","","",Camacho Monteiro,"",uuid:0cdfb3e1-5a5f-404b-9f86-9d7873a59153,uuid:0cdfb3e1-5a5f-404b-9f86-9d7873a59153
"Aug 26, 2025 2:09:13 PM","Aug 26, 2025 8:01:00 AM",IDSWT00032,-16.1578667000,33.5922750000,121.0999984741,5.0000000000,Tete,tete,Paraiso_Misterioso,Emissario_EM,Aguas_residuais,Grag_sample,29,40,50,"","","","","","","",Sim,"","","",Sim,"",Sim,Sim,"","","","","",Camacho Monteiro,"",uuid:e800da0f-8262-46d7-8c33-8f5129ab5fdc,uuid:e800da0f-8262-46d7-8c33-8f5129ab5fdc
"Aug 26, 2025 2:09:14 PM","Aug 26, 2025 8:19:00 AM",IDSWT00033,-16.1560233000,33.5903350000,148.3000030518,4.9660000000,Tete,tete,Mercado_do_Peixe,Emissario_EM,Aguas_residuais,Moore_swab,29,40,50,"","","","","","","",Sim,"","","",Sim,"",Sim,Sim,Sim,"","","","",Camacho Monteiro,"",uuid:2aacf780-ed15-4632-9c79-00ea7f09f711,uuid:2aacf780-ed15-4632-9c79-00ea7f09f711
"Aug 26, 2025 2:09:16 PM","Aug 26, 2025 8:21:00 AM",IDSWT00033,-16.1559150000,33.5903867000,148.3000030518,4.5830000000,Tete,tete,Mercado_do_Peixe,Emissario_EM,Aguas_residuais,Grag_sample,29,40,50,"","","","","","","",Sim,"","","",Sim,"",Sim,Sim,"","","","","",Camacho Monteiro,"",uuid:1e02c36e-32ce-475d-99e0-9da0f7b45bfb,uuid:1e02c36e-32ce-475d-99e0-9da0f7b45bfb
"Aug 26, 2025 2:09:20 PM","Aug 26, 2025 8:32:00 AM",IDSWT00034,-16.1544650000,33.5886833000,123.3000030518,4.7000000000,Tete,tete,Registo,Emissario_EM,Aguas_residuais,Moore_swab,29,40,50,"","","","","","","",Sim,"","","",Sim,"",Sim,Sim,"","","","","",Camacho Monteiro,"",uuid:3965ddb5-eda7-491d-b463-2a642eb1c482,uuid:3965ddb5-eda7-491d-b463-2a642eb1c482
"Aug 26, 2025 2:09:23 PM","Aug 26, 2025 8:34:00 AM",IDSWT00034,-16.1545817000,33.5886500000,123.3000030518,4.6330000000,Tete,tete,Registo,Emissario_EM,Aguas_residuais,Grag_sample,29,40,50,"","","","","","","",Sim,"","","",Sim,"",Sim,Sim,"","","","","",Camacho Monteiro,"",uuid:3e775a0f-6031-4361-927a-0ac575de90bc,uuid:3e775a0f-6031-4361-927a-0ac575de90bc
"Aug 27, 2025 7:04:25 AM","Jul 15, 2025 8:01:00 AM",IDSW100154,-25.9242181000,32.5466936000,36.7999992371,180.0000000000,Maputo_Cidade,kamubukwana,ETAR,Cam_Cistern_CC,Aguas_residuais,Moore_swab,21.3,40,51,"","","","","","","",Sim,"","","",Sim,"",Sim,Sim,"","","","","",INOCÊNCIO,Problemas de localização,uuid:3859bdce-16fe-4759-978e-85e4f8d4f116,uuid:3859bdce-16fe-4759-978e-85e4f8d4f116
"Aug 27, 2025 7:04:26 AM","Jul 15, 2025 8:04:00 AM",IDSW100155,-25.9362916000,32.5282364000,25.3000011444,164.4000000000,Maputo_Cidade,kamubukwana,ETAR,Cam_Cistern_CC,Aguas_residuais,Grag_sample,21.3,40,51,"","","","","","","",Sim,"","","",Sim,"",Sim,Sim,"","","","","",INOCÊNCIO,Problemas com localizacao,uuid:13220563-c254-4fc2-8cb4-3600092541bf,uuid:13220563-c254-4fc2-8cb4-3600092541bf
"Aug 27, 2025 7:04:27 AM","Jul 15, 2025 8:07:00 AM",IDSW100156,-25.9179617000,32.5382493000,-11.8999996185,149.6000000000,Maputo_Cidade,kamubukwana,ETAR,Entrada_ETAR,Aguas_residuais,Torpidos,21.3,40,51,"","","","","","","",Sim,"","","",Sim,"",Sim,Sim,"","","","","",INOCÊNCIO,Problemas com a localização,uuid:82aae969-15ab-4b1c-9624-f3bd46040d04,uuid:82aae969-15ab-4b1c-9624-f3bd46040d04
"Aug 27, 2025 7:04:29 AM","Jul 15, 2025 8:14:00 AM",IDSW100157,-25.9179959000,32.5382318000,-11.8999996185,180.0000000000,Maputo_Cidade,kamubukwana,ETAR,Entrada_ETAR,Aguas_residuais,Moore_swab,21.3,40,51,"","","","","","","",Sim,"","","",Sim,"",Sim,Sim,"","","","","",INOCÊNCIO,Problemas com a ligação,uuid:61b3c007-26b6-4f0f-8c45-799d3f379563,uuid:61b3c007-26b6-4f0f-8c45-799d3f379563
"Aug 27, 2025 7:04:29 AM","Aug 13, 2025 8:05:00 AM",IDSW100170,-25.9174604000,32.5384141000,-8.4000000000,7.4600000000,Maputo_Cidade,kamubukwana,ETAR,Vala_esgoto_VE,Aguas_residuais,Torpidos,22,40,67,"","","","","","","",Sim,"","","",Sim,"",Sim,Sim,"","","","","","","",uuid:c10f0b4a-5381-43c2-9f10-0f35d647cc45,uuid:c10f0b4a-5381-43c2-9f10-0f35d647cc45
"Aug 27, 2025 7:04:30 AM","Aug 13, 2025 8:09:00 AM",IDSW100171,-25.9175376000,32.5382310000,-3.5000000000,5.2800000000,Maputo_Cidade,kamubukwana,ETAR,Vala_esgoto_VE,Aguas_residuais,Grag_sample,22,40,67,"","","","","","","",Sim,"","","",Sim,"",Sim,Sim,"","","","","",INOCÊNCIO,"",uuid:d4089eed-860d-4108-87c1-58addb2ed3de,uuid:d4089eed-860d-4108-87c1-58addb2ed3de
"Aug 27, 2025 7:04:30 AM","Aug 13, 2025 8:13:00 AM",IDSW100172,-25.9182906000,32.5392201000,-25.4000000000,8.0660000000,Maputo_Cidade,kamubukwana,ETAR,Entrada_ETAR,Aguas_residuais,Torpidos,22,40,67,"","","","","","","",Sim,"","","",Sim,"",Sim,Sim,"","","","","",INOCÊNCIO,"",uuid:25559f81-c63c-4a6c-8f91-e87b6146109e,uuid:25559f81-c63c-4a6c-8f91-e87b6146109e
"Aug 27, 2025 7:04:30 AM","Aug 13, 2025 8:18:00 AM",IDSW100173,-25.9182333000,32.5392017000,-23.8000000000,7.6250000000,Maputo_Cidade,kamubukwana,ETAR,Entrada_ETAR,Aguas_residuais,Moore_swab,22,40,67,"","","","","","","",Sim,"","","",Sim,"",Sim,Sim,"","","","","",INOCÊNCIO,"",uuid:48648a1c-4674-4753-83b7-e648c4a13938,uuid:48648a1c-4674-4753-83b7-e648c4a13938
"Aug 27, 2025 7:04:31 AM","Aug 13, 2025 8:20:00 AM",IDSW100174,-25.9184917000,32.5393385000,-24.2000000000,6.5000000000,Maputo_Cidade,kamubukwana,ETAR,Entrada_ETAR,Aguas_residuais,Grag_sample,22,40,67,"","","","","","","",Sim,"","","",Sim,"",Sim,Sim,"","","","","",INOCÊNCIO,"",uuid:a7ef2ddd-30f2-4731-9dbd-0f49d911374c,uuid:a7ef2ddd-30f2-4731-9dbd-0f49d911374c
"Aug 27, 2025 7:04:32 AM","Aug 13, 2025 8:23:00 AM",IDSW100175,-25.9184764000,32.5391242000,-16.9000000000,12.1500000000,Maputo_Cidade,kamubukwana,ETAR,Cam_Cistern_CC,Aguas_residuais,Torpidos,22,40,67,"","","","","","","",Sim,"","","",Sim,"",Sim,Sim,"","","","","",INOCÊNCIO,"",uuid:d13a119b-ba30-4146-9990-30221eb494af,uuid:d13a119b-ba30-4146-9990-30221eb494af
"Aug 27, 2025 7:04:34 AM","Aug 13, 2025 8:26:00 AM",IDSW100176,-25.9185849000,32.5390502000,-34.8000000000,6.6500000000,Maputo_Cidade,kamubukwana,ETAR,Cam_Cistern_CC,Aguas_residuais,Moore_swab,22,40,67,"","","","","","","",Sim,"","","",Sim,"",Sim,Sim,"","","","","",INOCÊNCIO,"",uuid:912eccb5-8433-4a8d-ba53-82cfdf9eeb81,uuid:912eccb5-8433-4a8d-ba53-82cfdf9eeb81
"Aug 27, 2025 7:04:34 AM","Aug 13, 2025 8:27:00 AM",IDSW100177,-25.9187159000,32.5390085000,-32.3000000000,7.0000000000,Maputo_Cidade,kamubukwana,ETAR,Cam_Cistern_CC,Aguas_residuais,Grag_sample,22,40,67,"","","","","","","",Sim,"","","",Sim,"",Sim,Sim,"","","","","",INOCÊNCIO,"",uuid:1aa8b14c-8480-4f37-9695-f57886feef9b,uuid:1aa8b14c-8480-4f37-9695-f57886feef9b
"Aug 27, 2025 7:04:34 AM","Aug 26, 2025 9:47:00 AM",IDSW100207,-25.9187202000,32.5390617000,35.7000000000,4.9500000000,Maputo_Cidade,kamubukwana,ETAR,Cam_Cistern_CC,Aguas_residuais,Torpidos,23,40,64,"","","","","","","",Sim,"","","",Sim,"",Sim,Sim,"","","","","",INOCÊNCIO,"",uuid:e646d7b4-b1aa-4248-b7f6-6a7f7b44bab6,uuid:e646d7b4-b1aa-4248-b7f6-6a7f7b44bab6
"Aug 27, 2025 7:04:37 AM","Aug 26, 2025 9:56:00 AM",IDSW100208,-25.9186614000,32.5391368000,35.2000000000,4.7000000000,Maputo_Cidade,kamubukwana,ETAR,Cam_Cistern_CC,Aguas_residuais,Moore_swab,23,40,64,"","","","","","","",Sim,"","","",Sim,"",Sim,Sim,"","","","","",INOCÊNCIO,"",uuid:36a263c4-99af-477e-b321-70cb7ccebd72,uuid:36a263c4-99af-477e-b321-70cb7ccebd72
"Aug 27, 2025 7:04:38 AM","Aug 26, 2025 9:58:00 AM",IDSW100209,-25.9186608000,32.5390732000,33.8000000000,4.7200000000,Maputo_Cidade,kamubukwana,ETAR,Cam_Cistern_CC,Aguas_residuais,Grag_sample,23,40,64,"","","","","","","",Sim,"","","",Sim,"",Sim,Sim,"","","","","",INOCÊNCIO,"",uuid:137c9d7c-bc9d-4f74-ad7e-6b1292ee31ac,uuid:137c9d7c-bc9d-4f74-ad7e-6b1292ee31ac
"Aug 27, 2025 7:04:38 AM","Aug 26, 2025 10:00:00 AM",IDSW100210,-25.9184348000,32.5392383000,28.7000000000,4.1600000000,Maputo_Cidade,kamubukwana,ETAR,Entrada_ETAR,Aguas_residuais,Torpidos,23,40,64,"","","","","","","",Sim,"","","",Sim,"",Sim,Sim,"","","","","",INOCÊNCIO,"",uuid:102590b3-af68-43ec-844b-725fdb2e913c,uuid:102590b3-af68-43ec-844b-725fdb2e913c
"Aug 27, 2025 7:04:38 AM","Aug 26, 2025 10:01:00 AM",IDSW100211,-25.9184567000,32.5393333000,28.4000000000,4.6000000000,Maputo_Cidade,kamubukwana,ETAR,Entrada_ETAR,Aguas_residuais,Moore_swab,23,40,64,"","","","","","","",Sim,"","","",Sim,"",Sim,Sim,"","","","","",INOCÊNCIO,"",uuid:4dab564e-46fe-4f01-967f-0d3d2a0b56cd,uuid:4dab564e-46fe-4f01-967f-0d3d2a0b56cd
"Aug 27, 2025 7:04:38 AM","Aug 26, 2025 10:04:00 AM",IDSW100212,-25.9185117000,32.5393454000,28.3000000000,5.0000000000,Maputo_Cidade,kamubukwana,ETAR,Entrada_ETAR,Aguas_residuais,Grag_sample,23,40,64,"","","","","","","",Sim,"","","",Sim,"",Sim,Sim,"","","","","",INOCÊNCIO,"",uuid:1a73a909-5e5f-46a6-8f61-6fcf0c74618c,uuid:1a73a909-5e5f-46a6-8f61-6fcf0c74618c
"Aug 27, 2025 7:04:39 AM","Aug 26, 2025 10:07:00 AM",IDSW100213,-25.9176716000,32.5381117000,28.1000000000,4.5160000000,Maputo_provincia,matola,ETAR,Vala_esgoto_VE,Aguas_residuais,Torpidos,23,40,64,"","","","","","","",Sim,"","","",Sim,"",Sim,Sim,"","","","","",INOCÊNCIO,"",uuid:65360d45-2904-458b-9bed-36570f915bcd,uuid:65360d45-2904-458b-9bed-36570f915bcd
"Aug 27, 2025 7:04:39 AM","Aug 26, 2025 10:08:00 AM",IDSW100214,-25.9177497000,32.5381363000,28.3000000000,4.8160000000,Maputo_provincia,matola,ETAR,Vala_esgoto_VE,Aguas_residuais,Moore_swab,23,40,64,"","","","","","","",Sim,"","","",Sim,"",Sim,Sim,"","","","","",INOCÊNCIO,"",uuid:9f717d1a-a5be-4048-b942-c8507feae679,uuid:9f717d1a-a5be-4048-b942-c8507feae679
"Aug 27, 2025 7:04:40 AM","Aug 26, 2025 10:10:00 AM",IDSW100215,-25.9176407000,32.5381405000,28.0000000000,4.7400000000,Maputo_provincia,matola,ETAR,Vala_esgoto_VE,Aguas_residuais,Grag_sample,23,40,64,"","","","","","","",Sim,"","","",Sim,"",Sim,Sim,"","","","","",INOCÊNCIO,"",uuid:66dfdbf3-d393-49fa-aad1-8af3de4cf1b4,uuid:66dfdbf3-d393-49fa-aad1-8af3de4cf1b4
"Aug 27, 2025 7:04:52 AM","Aug 5, 2025 7:30:00 AM",IDSW100180,-25.9187067000,32.5390300000,26.8000000000,4.3000000000,Maputo_Cidade,khampfumo,ETAR,Cam_Cistern_CC,Aguas_residuais,Torpidos,29.9,8,51,"","","","","","","",Sim,"","","",Sim,"",Sim,Sim,Nao,Nao,"","","",OSVALDO,"",uuid:67de7fce-3559-4d7a-b435-51053e2728f7,uuid:67de7fce-3559-4d7a-b435-51053e2728f7
"Aug 27, 2025 7:04:52 AM","Aug 5, 2025 7:30:00 AM",IDSW100181,-25.9184195000,32.5392940000,36.6000000000,7.8500000000,Maputo_Cidade,khampfumo,ETAR,Entrada_ETAR,Aguas_residuais,Grag_sample,28.3,8,47,"","","","","","","",Sim,"","","",Sim,"",Sim,Sim,"","","","","",OSVALDO,"",uuid:3f785dae-cea8-43b5-b53d-ee018a8bc4c4,uuid:3f785dae-cea8-43b5-b53d-ee018a8bc4c4
"Aug 27, 2025 7:04:52 AM","Jul 15, 2025 7:44:00 AM",IDSW100153,-25.9362901000,32.5282355000,25.3000011444,172.1000000000,Maputo_Cidade,kamubukwana,ETAR,Cam_Cistern_CC,Aguas_residuais,Torpidos,21.3,40,57,"","","","","","","",Sim,"","","",Sim,"",Sim,Sim,"","","","","",INOCÊNCIO,"",uuid:95464ab7-900f-45b7-870d-0ba456e96c54,uuid:95464ab7-900f-45b7-870d-0ba456e96c54
"Aug 28, 2025 7:23:08 AM","Aug 27, 2025 10:23:00 AM",IDSW100217,-25.9841167000,32.5919117000,112.3000000000,4.9500000000,Maputo_Cidade,kamubukwana,Tempestade,Emissario_EM,Aguas_residuais,Torpidos,24,40,65,"","","","","","","",Sim,"","","",Sim,"",Sim,Sim,"","","","","",INOCÊNCIO,"",uuid:82e3970f-1d7c-47df-a7a7-8ab35a8a421a,uuid:82e3970f-1d7c-47df-a7a7-8ab35a8a421a
"Aug 28, 2025 7:23:09 AM","Aug 27, 2025 10:35:00 AM",IDSW100218,-25.9839572000,32.5920261000,84.5000000000,4.4160000000,Maputo_Cidade,kamubukwana,Tempestade,Emissario_EM,Aguas_residuais,Moore_swab,24,40,65,"","","","","","","",Sim,"","","",Sim,"",Sim,Sim,"","","","","",INOCÊNCIO,"",uuid:45ce524a-e7f9-4c30-b89b-a991e79abad2,uuid:45ce524a-e7f9-4c30-b89b-a991e79abad2
"Aug 28, 2025 7:23:10 AM","Aug 27, 2025 10:38:00 AM",IDSW100219,-25.9839020000,32.5921356000,82.5000000000,3.9570000000,Maputo_Cidade,kamubukwana,Tempestade,Emissario_EM,Aguas_residuais,Grag_sample,24,40,65,"","","","","","","",Sim,"","","",Sim,"",Sim,Sim,"","","","","",INOCÊNCIO,"",uuid:711bade8-0413-4050-bda4-4345dfd9fbcb,uuid:711bade8-0413-4050-bda4-4345dfd9fbcb
"Aug 28, 2025 9:11:41 AM","Aug 27, 2025 10:17:00 AM",IDSW100216,-25.9650301000,32.6022731000,29.5000000000,4.9000000000,Maputo_Cidade,kamubukwana,Presidencia,Emissario_EM,Aguas_residuais,Grag_sample,24,40,65,"","","","","","","",Sim,"","","",Sim,"",Sim,Sim,"","","","","",INOCÊNCIO,"",uuid:b25878d3-fd09-4eec-88e6-f52d8b0fa162,uuid:b25878d3-fd09-4eec-88e6-f52d8b0fa162
"Sep 4, 2025 10:44:02 AM","Sep 3, 2025 7:08:00 AM",IDSWT00035,-16.1636250000,33.5981800000,121.5999984741,4.9830000000,Tete,tete,Quartel_Militar,Emissario_EM,Aguas_residuais,Moore_swab,27,40,50,"","","","","","","",Sim,"","","",Sim,"",Sim,Sim,"","","","","",Camacho Monteiro,"",uuid:9523e877-74d1-4aab-8984-a36e045f2b6f,uuid:9523e877-74d1-4aab-8984-a36e045f2b6f
"Sep 4, 2025 10:44:03 AM","Sep 3, 2025 7:09:00 AM",IDSWT00035,-16.1637700000,33.5982017000,121.5999984741,4.5000000000,Tete,tete,Quartel_Militar,Emissario_EM,Aguas_residuais,Grag_sample,27,40,50,"","","","","","","",Sim,"","","",Sim,"",Sim,Sim,"","","","","",Camacho Monteiro,"",uuid:508f98c7-5ffd-41bb-b24d-de9ca12d39ad,uuid:508f98c7-5ffd-41bb-b24d-de9ca12d39ad
"Sep 4, 2025 10:44:03 AM","Sep 3, 2025 7:27:00 AM",IDSWT00036,-16.1578600000,33.5923100000,120.0000000000,4.4000000000,Tete,tete,Paraiso_Misterioso,Emissario_EM,Aguas_residuais,Moore_swab,27,40,50,"","","","","","","",Sim,"","","",Sim,"",Sim,Sim,"","","","","",Camacho Monteiro,"",uuid:6500eaa9-d091-47ca-992e-110cba9d9fa0,uuid:6500eaa9-d091-47ca-992e-110cba9d9fa0
"Sep 4, 2025 10:44:04 AM","Sep 3, 2025 7:29:00 AM",IDSWT00036,-16.1578367000,33.5922483000,120.0000000000,2.9000000000,Tete,tete,Paraiso_Misterioso,Emissario_EM,Aguas_residuais,Grag_sample,27,40,50,"","","","","","","",Sim,"","","",Sim,"",Sim,Sim,"","","","","",Camacho Monteiro,"",uuid:57fac5bd-e36f-47d2-93a8-48f1e7945b2d,uuid:57fac5bd-e36f-47d2-93a8-48f1e7945b2d
"Sep 4, 2025 10:44:04 AM","Sep 3, 2025 7:40:00 AM",IDSWT00037,-16.1558817000,33.5904017000,120.5999984741,4.9600000000,Tete,tete,Mercado_do_Peixe,Emissario_EM,Aguas_residuais,Moore_swab,27,40,50,"","","","","","","",Sim,"","","",Sim,"",Sim,Sim,Sim,"","","","",Camacho Monteiro,"",uuid:d60dec73-11be-41a7-8424-15ce3652ad63,uuid:d60dec73-11be-41a7-8424-15ce3652ad63
"Sep 4, 2025 10:44:05 AM","Sep 3, 2025 7:41:00 AM",IDSWT00037,-16.1559433000,33.5904050000,121.5999984741,4.9830000000,Tete,tete,Mercado_do_Peixe,Emissario_EM,Aguas_residuais,Grag_sample,27,40,50,"","","","","","","",Sim,"","","",Sim,"",Sim,Sim,"","","","","",Camacho Monteiro,"",uuid:6ebd235c-8349-4747-8578-5b3e06a3ddd2,uuid:6ebd235c-8349-4747-8578-5b3e06a3ddd2
"Sep 4, 2025 10:44:06 AM","Sep 3, 2025 7:54:00 AM",IDSWT00038,-16.1545339000,33.5886640000,121.3000030518,4.6830000000,Tete,tete,Registo,Emissario_EM,Aguas_residuais,Moore_swab,27,40,50,"","","","","","","",Sim,"","","",Sim,"",Sim,Sim,"",Sim,"","","",Camacho Monteiro,"",uuid:829ec19e-8548-46d0-b89b-f39277a16c0d,uuid:829ec19e-8548-46d0-b89b-f39277a16c0d
"Sep 4, 2025 10:44:06 AM","Sep 3, 2025 7:57:00 AM",IDSWT00038,-16.1544883000,33.5886200000,123.3000030518,3.3000000000,Tete,tete,Registo,Emissario_EM,Aguas_residuais,Grag_sample,27,40,50,"","","","","","","",Sim,"","","",Sim,"",Sim,Sim,"","","","","",Camacho Monteiro,"",uuid:a87ef909-98b0-4ea2-af2b-ede4767b2f14,uuid:a87ef909-98b0-4ea2-af2b-ede4767b2f14
"Sep 5, 2025 9:49:13 AM","Sep 2, 2025 11:53:00 AM",IDSW100220,-25.9650820000,32.6022932000,24.7000000000,4.9000000000,Maputo_Cidade,kamubukwana,Presidencia,Emissario_EM,Aguas_residuais,Torpidos,26,40,65,"","","","","","","",Sim,"","","",Sim,"",Sim,Sim,"","","","","",INOCÊNCIO,"",uuid:e27bd981-2666-43fa-b0b0-c8a297fd8427,uuid:e27bd981-2666-43fa-b0b0-c8a297fd8427
"Sep 5, 2025 9:49:14 AM","Sep 2, 2025 12:02:00 PM",IDSW100221,-25.9650614000,32.6023371000,24.3000000000,4.7160000000,Maputo_Cidade,kamubukwana,Presidencia,Emissario_EM,Aguas_residuais,Moore_swab,26,40,65,"","","","","","","",Sim,"","","",Sim,"",Sim,Sim,"","",Sim,"","",INOCÊNCIO,"",uuid:ce432f09-567b-425c-ab8e-d2ca0471d6b7,uuid:ce432f09-567b-425c-ab8e-d2ca0471d6b7
"Sep 5, 2025 9:49:17 AM","Sep 2, 2025 12:04:00 PM",IDSW100222,-25.9650981000,32.6023040000,24.8000000000,4.6500000000,Maputo_Cidade,kamubukwana,Presidencia,Emissario_EM,Aguas_residuais,Grag_sample,26,40,65,"","","","","","","",Sim,"","","",Sim,"",Sim,Sim,"","",Sim,"","",INOCÊNCIO,"",uuid:13999c08-6d6a-45df-a4c3-6644ca4c89fb,uuid:13999c08-6d6a-45df-a4c3-6644ca4c89fb
"Sep 5, 2025 9:49:18 AM","Sep 2, 2025 12:11:00 PM",IDSW100225,-25.9837580000,32.5919903000,20.9000000000,4.0330000000,Maputo_Cidade,kamubukwana,Tempestade,Emissario_EM,Aguas_residuais,Grag_sample,26,40,65,"","","","","","","",Sim,"","","",Sim,"",Sim,Sim,"","","","","",INOCÊNCIO,"",uuid:3896f322-e155-45dc-9689-5976b7b649df,uuid:3896f322-e155-45dc-9689-5976b7b649df
"Sep 5, 2025 9:49:18 AM","Sep 2, 2025 12:19:00 PM",IDSW100224,-25.9837786000,32.5919872000,35.4000000000,4.7000000000,Maputo_Cidade,kamubukwana,Tempestade,Emissario_EM,Aguas_residuais,Moore_swab,26,40,65,"","","","","","","",Sim,"","","",Sim,"",Sim,Sim,"","",Sim,"","",INOCÊNCIO,"",uuid:c845ac80-ad61-404b-b8fe-e2fd71e07b7b,uuid:c845ac80-ad61-404b-b8fe-e2fd71e07b7b
"Sep 5, 2025 9:49:19 AM","Sep 2, 2025 12:08:00 PM",IDSW100223,-25.9837572000,32.5919688000,35.8000000000,4.8160000000,Maputo_Cidade,kamubukwana,Tempestade,Emissario_EM,Aguas_residuais,Torpidos,26,40,65,"","","","","","","",Sim,"","","",Sim,"",Sim,Sim,"","","","","","","",uuid:9bfb950f-2e13-4334-a62c-9a74aacfdcc1,uuid:9bfb950f-2e13-4334-a62c-9a74aacfdcc1
"Sep 5, 2025 9:49:20 AM","Sep 2, 2025 1:31:00 PM",IDSW100227,-25.9187898000,32.5390906000,33.0000000000,4.6800000000,Maputo_Cidade,kamubukwana,ETAR,Cam_Cistern_CC,Aguas_residuais,Moore_swab,26,40,65,"","","","","","","",Sim,"","","",Sim,"",Sim,Sim,"","",Sim,"","",INOCÊNCIO,"",uuid:3ccfe3e4-ac23-48f2-80b4-3115109bbca2,uuid:3ccfe3e4-ac23-48f2-80b4-3115109bbca2
"Sep 5, 2025 9:49:21 AM","Sep 2, 2025 1:36:00 PM",IDSW100228,-25.9187168000,32.5391121000,32.9000000000,4.9200000000,Maputo_Cidade,kamubukwana,ETAR,Cam_Cistern_CC,Aguas_residuais,Grag_sample,26,40,72,"","","","","","","",Sim,"","","",Sim,"",Sim,Sim,"","",Sim,"","",INOCÊNCIO,"",uuid:9c1210c7-e4eb-4255-9eb8-5343ef83d383,uuid:9c1210c7-e4eb-4255-9eb8-5343ef83d383
"Sep 5, 2025 9:49:21 AM","Sep 2, 2025 1:37:00 PM",IDSW100226,-25.9187511000,32.5391156000,32.8000000000,5.0000000000,Maputo_Cidade,kamubukwana,ETAR,Cam_Cistern_CC,Aguas_residuais,Torpidos,26,40,72,"","","","","","","",Sim,"","","",Sim,"",Sim,Sim,"","","","","",INOCÊNCIO,"",uuid:a98c42d4-dba7-4bc7-b3c1-19bfd8238d5c,uuid:a98c42d4-dba7-4bc7-b3c1-19bfd8238d5c
"Sep 5, 2025 9:49:22 AM","Sep 2, 2025 1:40:00 PM",IDSW100230,-25.9184684000,32.5392838000,32.8000000000,4.9160000000,Maputo_Cidade,kamubukwana,ETAR,Entrada_ETAR,Aguas_residuais,Moore_swab,24,40,72,"","","","","","","",Sim,"","","",Sim,"",Sim,Sim,"","",Sim,"","",INOCÊNCIO,"",uuid:e5329f29-c170-4530-9bab-4c060c0c5e7d,uuid:e5329f29-c170-4530-9bab-4c060c0c5e7d
"Sep 5, 2025 9:49:23 AM","Sep 2, 2025 1:43:00 PM",IDSW100229,-25.9017867000,32.6091717000,58.5000000000,4.9000000000,Maputo_Cidade,kamubukwana,ETAR,Entrada_ETAR,Aguas_residuais,Torpidos,26,40,72,"","","","","","","",Sim,"","","",Sim,"",Sim,Sim,"","",Nao,Nao,"",INOCÊNCIO,"",uuid:46f1e106-074d-4e3b-a69b-7d5727b3e4ae,uuid:46f1e106-074d-4e3b-a69b-7d5727b3e4ae
"Sep 5, 2025 9:49:23 AM","Sep 2, 2025 1:45:00 PM",IDSW100231,-25.9183981000,32.5392952000,34.1000000000,4.9600000000,Maputo_Cidade,kamubukwana,ETAR,Entrada_ETAR,Aguas_residuais,Grag_sample,26,40,72,"","","","","","","",Sim,"","","",Sim,"",Sim,Sim,"","",Sim,"","",INOCÊNCIO,"",uuid:33baaa49-bfb4-4161-ba51-8cf126848040,uuid:33baaa49-bfb4-4161-ba51-8cf126848040
"Sep 5, 2025 9:49:24 AM","Sep 2, 2025 1:52:00 PM",IDSW100232,-25.9177267000,32.5382117000,41.7000000000,4.4000000000,Maputo_Cidade,kamubukwana,ETAR,Vala_esgoto_VE,Aguas_residuais,Torpidos,26,40,72,"","","","","","","",Sim,"","","",Sim,"",Sim,Sim,"","","","","",INOCÊNCIO,"",uuid:7dbd38c3-8fc9-4f0b-9a29-71cdc42466b7,uuid:7dbd38c3-8fc9-4f0b-9a29-71cdc42466b7
"Sep 5, 2025 9:49:25 AM","Sep 2, 2025 1:57:00 PM",IDSW100233,-25.9177693000,32.5382817000,37.9000000000,3.9850000000,Maputo_provincia,matola,ETAR,Vala_esgoto_VE,Aguas_residuais,Moore_swab,26,40,72,"","","","","","","",Sim,"","","",Sim,"",Sim,Sim,"","",Sim,"","",INOCÊNCIO,"",uuid:00799ab7-ed7e-48d0-84a3-560af2bba952,uuid:00799ab7-ed7e-48d0-84a3-560af2bba952
"Sep 5, 2025 9:49:25 AM","Sep 2, 2025 1:59:00 PM",IDSW100234,-25.9175219000,32.5383736000,35.8000000000,5.0000000000,Maputo_provincia,matola,ETAR,Vala_esgoto_VE,Aguas_residuais,Grag_sample,26,40,72,"","","","","","","",Sim,"","","",Sim,"",Sim,Sim,"","",Sim,"","",INOCÊNCIO,"",uuid:2095656c-b3ce-4f4f-8be2-885b3ef0299c,uuid:2095656c-b3ce-4f4f-8be2-885b3ef0299c
"Sep 11, 2025 9:09:42 AM","Sep 10, 2025 7:39:00 AM",IDSW100235,-25.9651245000,32.6023214000,16.0000000000,4.8830000000,Maputo_Cidade,kamubukwana,Presidencia,Emissario_EM,Aguas_residuais,Grag_sample,24,40,74,"","","","","","","",Sim,"","","",Sim,"",Sim,Sim,"","",Sim,"","",INOCÊNCIO,"",uuid:2b32927f-fa69-431c-bd1d-1f3e3437dd05,uuid:2b32927f-fa69-431c-bd1d-1f3e3437dd05
"Sep 11, 2025 9:09:43 AM","Sep 10, 2025 7:44:00 AM",IDSW100236,-25.9837388000,32.5919795000,22.2000000000,4.9660000000,Maputo_Cidade,kamubukwana,Tempestade,Emissario_EM,Aguas_residuais,Torpidos,24,40,74,"","","","","","","",Sim,"","","",Sim,"",Sim,Sim,"","",Nao,"","",INOCÊNCIO,"",uuid:8811a61e-4e57-4c12-84f6-0dc1aa8f1ef0,uuid:8811a61e-4e57-4c12-84f6-0dc1aa8f1ef0
"Sep 11, 2025 9:09:44 AM","Sep 10, 2025 7:52:00 AM",IDSW100237,-25.9835845000,32.5919432000,77.8000000000,5.0000000000,Maputo_Cidade,kamubukwana,Tempestade,Emissario_EM,Aguas_residuais,Moore_swab,24,40,74,"","","","","","","",Sim,"","","",Sim,"",Sim,Sim,"","",Sim,"","",INOCÊNCIO,"",uuid:0e440973-9e4d-4b62-9a97-98985828aaf8,uuid:0e440973-9e4d-4b62-9a97-98985828aaf8
"Sep 11, 2025 9:09:44 AM","Sep 10, 2025 7:54:00 AM",IDSW100238,-25.9836177000,32.5919875000,77.9000000000,4.9830000000,Maputo_Cidade,kamubukwana,Tempestade,Emissario_EM,Aguas_residuais,Grag_sample,24,40,74,"","","","","","","",Sim,"","","",Sim,"",Sim,Sim,"","",Sim,"","",INOCÊNCIO,"",uuid:d89e91a8-af71-44ee-b8a8-8c1371f68545,uuid:d89e91a8-af71-44ee-b8a8-8c1371f68545
"Sep 11, 2025 9:09:45 AM","Sep 10, 2025 8:56:00 AM",IDSW100239,-25.9177264000,32.5382772000,27.9000000000,4.9830000000,Maputo_provincia,matola,ETAR,Vala_esgoto_VE,Aguas_residuais,Torpidos,24,40,74,"","","","","","","",Sim,"","","",Sim,"",Sim,Sim,"","","","","",INOCÊNCIO,"",uuid:d0ddfc26-ec90-4d97-816d-1d26863886ad,uuid:d0ddfc26-ec90-4d97-816d-1d26863886ad
"Sep 11, 2025 9:09:47 AM","Sep 10, 2025 8:58:00 AM",IDSW100240,-25.9178543000,32.5381316000,25.4000000000,4.9660000000,Maputo_provincia,matola,ETAR,Vala_esgoto_VE,Aguas_residuais,Moore_swab,24,40,74,"","","","","","","",Sim,"","","",Sim,"",Sim,Sim,"","",Sim,"","",INOCÊNCIO,"",uuid:eed13ce4-3b60-47dd-b55a-00477d682682,uuid:eed13ce4-3b60-47dd-b55a-00477d682682
"Sep 11, 2025 9:09:47 AM","Sep 10, 2025 9:02:00 AM",IDSW100241,-25.9177148000,32.5382921000,25.5000000000,4.7000000000,Maputo_provincia,matola,ETAR,Vala_esgoto_VE,Aguas_residuais,Grag_sample,24,40,74,"","","","","","","",Sim,"","","",Sim,"",Sim,Sim,"","",Sim,"","",INOCÊNCIO,"",uuid:579bc17b-77e3-4400-b5f0-f4c8736d80e5,uuid:579bc17b-77e3-4400-b5f0-f4c8736d80e5
"Sep 11, 2025 9:09:48 AM","Sep 10, 2025 9:10:00 AM",IDSW100242,-25.9184105000,32.5392044000,26.5000000000,4.3200000000,Maputo_provincia,matola,ETAR,Entrada_ETAR,Aguas_residuais,Torpidos,24,40,74,"","","","","","","",Sim,"","","",Sim,"",Sim,Sim,"","","","","",INOCÊNCIO,"",uuid:fb396df6-67e1-4c47-a377-e42ce4149072,uuid:fb396df6-67e1-4c47-a377-e42ce4149072
"Sep 11, 2025 9:09:50 AM","Sep 10, 2025 9:12:00 AM",IDSW100243,-25.9184270000,32.5392229000,24.5000000000,4.8000000000,Maputo_provincia,matola,ETAR,Entrada_ETAR,Aguas_residuais,Moore_swab,24,40,74,"","","","","","","",Sim,"","","",Sim,"",Sim,Sim,"","",Sim,"","",INOCÊNCIO,"",uuid:b4675794-64aa-4c98-b2ac-e9eb06451485,uuid:b4675794-64aa-4c98-b2ac-e9eb06451485
"Sep 11, 2025 9:09:50 AM","Sep 10, 2025 9:14:00 AM",IDSW100244,-25.9184325000,32.5392023000,24.4000000000,4.3400000000,Maputo_provincia,matola,ETAR,Entrada_ETAR,Aguas_residuais,Grag_sample,24,40,74,"","","","","","","",Sim,"","","",Sim,"",Sim,Sim,"","",Sim,"","",INOCÊNCIO,"",uuid:d9e35eeb-91b6-47ce-a546-e46c68d21d60,uuid:d9e35eeb-91b6-47ce-a546-e46c68d21d60
"Sep 11, 2025 9:09:54 AM","Sep 10, 2025 9:18:00 AM",IDSW100245,-25.9188121000,32.5390227000,24.4000000000,4.7400000000,Maputo_provincia,matola,ETAR,Cam_Cistern_CC,Aguas_residuais,Torpidos,24,40,74,"","","","","","","",Sim,"","","",Sim,"",Sim,Sim,"","","","","",INOCÊNCIO,"",uuid:164cf13d-aa9f-4f94-9130-a52d4e3c38c1,uuid:164cf13d-aa9f-4f94-9130-a52d4e3c38c1
"Sep 11, 2025 9:09:56 AM","Sep 10, 2025 9:20:00 AM",IDSW100246,-25.9187895000,32.5390883000,24.3000000000,4.3000000000,Maputo_provincia,matola,ETAR,Cam_Cistern_CC,Aguas_residuais,Moore_swab,24,40,74,"","","","","","","",Sim,"","","",Sim,"",Sim,Sim,"","",Sim,"","",INOCÊNCIO,"",uuid:f828e03b-9d53-4ecb-89d7-b3636a3ed3a7,uuid:f828e03b-9d53-4ecb-89d7-b3636a3ed3a7
"Sep 11, 2025 9:09:57 AM","Sep 10, 2025 9:25:00 AM",IDSW100247,-25.9187328000,32.5391069000,36.1000000000,4.8330000000,Maputo_provincia,matola,ETAR,Entrada_ETAR,Aguas_residuais,Grag_sample,24,40,74,"","","","","","","",Sim,"","","",Sim,"",Sim,Sim,"","",Sim,"","",INOCÊNCIO,"",uuid:42e28c8c-19c8-41e5-9863-716c02c49e0b,uuid:42e28c8c-19c8-41e5-9863-716c02c49e0b
"Sep 16, 2025 1:05:00 PM","Sep 10, 2025 8:21:00 AM",IDSWT00039,-16.1633305000,33.5984815000,121.5999984741,5.0000000000,Tete,tete,Quartel_Militar,Emissario_EM,Aguas_residuais,Moore_swab,23,40,50,"","","","","","","",Sim,"","","",Sim,"",Sim,Sim,"","","","","",Camacho Monteiro,"",uuid:808d254b-e9c1-4a80-b3d6-13a07ada00bf,uuid:808d254b-e9c1-4a80-b3d6-13a07ada00bf
"Sep 16, 2025 1:05:01 PM","Sep 10, 2025 8:25:00 AM",IDSWT00040,-16.1637666000,33.5982775000,120.4000015259,4.8280000000,Tete,tete,Quartel_Militar,Emissario_EM,Aguas_residuais,Grag_sample,23,40,50,"","","","","","","",Sim,"","","",Sim,"",Sim,Sim,"","","","","",Camacho Monteiro,"",uuid:91806bf8-b7cb-465a-973b-a8588ee16191,uuid:91806bf8-b7cb-465a-973b-a8588ee16191
"Sep 16, 2025 1:05:01 PM","Sep 10, 2025 8:42:00 AM",IDSWT00041,-16.1579017000,33.5922533000,120.0000000000,4.6000000000,Tete,tete,Paraiso_Misterioso,Emissario_EM,Aguas_residuais,Moore_swab,23,40,50,"","","","","","","",Sim,"","","",Sim,"",Sim,Sim,"","","","","",Camacho Monteiro,"",uuid:2e70d3a2-b446-4f1d-bdae-0f1bacd5e0db,uuid:2e70d3a2-b446-4f1d-bdae-0f1bacd5e0db
"Sep 16, 2025 1:05:02 PM","Sep 10, 2025 8:43:00 AM",IDSWT00042,-16.1577967000,33.5921283000,120.0000000000,4.8500000000,Tete,tete,Paraiso_Misterioso,Emissario_EM,Aguas_residuais,Grag_sample,23,40,50,"","","","","","","",Sim,"","","",Sim,"",Sim,Sim,"","","","","",Camacho Monteiro,"",uuid:3c76d1ba-177f-47a5-a54b-c041676b0b4c,uuid:3c76d1ba-177f-47a5-a54b-c041676b0b4c
"Sep 16, 2025 1:05:03 PM","Sep 10, 2025 8:57:00 AM",IDSWT00043,-16.1559725000,33.5903831000,120.0999984741,4.6660000000,Tete,tete,Mercado_do_Peixe,Emissario_EM,Aguas_residuais,Moore_swab,23,40,50,"","","","","","","",Sim,"","","",Sim,"",Sim,Sim,"","","","","",Camacho Monteiro,"",uuid:f866831d-5a5c-47ea-a11b-a66e01a3c170,uuid:f866831d-5a5c-47ea-a11b-a66e01a3c170
"Sep 16, 2025 1:05:04 PM","Sep 10, 2025 8:59:00 AM",IDSWT00044,-16.1559884000,33.5903966000,120.0999984741,3.7000000000,Tete,tete,Mercado_do_Peixe,Emissario_EM,Aguas_residuais,Grag_sample,23,40,50,"","","","","","","",Sim,"","","",Sim,"",Sim,Sim,"","","","","",Camacho Monteiro,"",uuid:7b9ff268-a337-4433-a9b4-c232ed2d33e2,uuid:7b9ff268-a337-4433-a9b4-c232ed2d33e2
"Sep 16, 2025 1:05:04 PM","Sep 10, 2025 9:09:00 AM",IDSWT00045,-16.1545335000,33.5886327000,121.3000030518,4.1830000000,Tete,tete,Registo,Emissario_EM,Aguas_residuais,Moore_swab,23,40,50,"","","","","","","",Sim,"","","",Sim,"",Sim,Sim,"","","","","",Camacho Monteiro,"",uuid:abf405f6-5dca-43cf-b5b1-a4872c57eecf,uuid:abf405f6-5dca-43cf-b5b1-a4872c57eecf
"Sep 16, 2025 1:05:05 PM","Sep 10, 2025 9:13:00 AM",IDSWT00046,-16.1545700000,33.5886390000,121.3000030518,3.4830000000,Tete,tete,Registo,Emissario_EM,Aguas_residuais,Grag_sample,23,40,50,"","","","","","","",Sim,"","","",Sim,"",Sim,Sim,"","","","","",Camacho Monteiro,"",uuid:ed13a29e-08bb-4ab9-85e9-8311efed93f1,uuid:ed13a29e-08bb-4ab9-85e9-8311efed93f1
"Sep 16, 2025 1:05:05 PM","Sep 16, 2025 8:00:00 AM",IDSWT00047,-16.1637467000,33.5982200000,121.6999969482,4.0000000000,Tete,tete,Quartel_Militar,Emissario_EM,Aguas_residuais,Moore_swab,29,8,54,"","","","","","","",Sim,"","","",Sim,"",Sim,Sim,Sim,"","","","","","",uuid:20c86027-9733-4d66-a847-55bccc2a1276,uuid:20c86027-9733-4d66-a847-55bccc2a1276
"Sep 16, 2025 1:05:06 PM","Sep 16, 2025 8:03:00 AM",IDSWT00048,-16.1637752000,33.5982369000,121.5000000000,3.6330000000,Tete,tete,Quartel_Militar,Emissario_EM,Aguas_residuais,Grag_sample,29,8,54,"","","","","","","",Sim,"","","",Sim,"",Sim,Sim,Sim,"","","","","","",uuid:34aea3ab-535f-43f8-a513-b17138dcca46,uuid:34aea3ab-535f-43f8-a513-b17138dcca46
"Sep 16, 2025 1:05:06 PM","Sep 16, 2025 8:28:00 AM",IDSWT00049,-16.1578150000,33.5922529000,120.0000000000,3.9000000000,Tete,tete,Paraiso_Misterioso,Emissario_EM,Aguas_residuais,Moore_swab,29,8,54,"","","","","","","",Sim,"","","",Sim,"",Sim,Sim,"","","","","",Camacho Monteiro,"",uuid:00e1919b-cc9b-48ee-a349-e13f666d49ba,uuid:00e1919b-cc9b-48ee-a349-e13f666d49ba
"Sep 16, 2025 1:05:07 PM","Sep 16, 2025 8:30:00 AM",IDSWT00050,-16.1578650000,33.5922250000,120.0000000000,1.8600000000,Tete,tete,Paraiso_Misterioso,Emissario_EM,Aguas_residuais,Grag_sample,29,8,54,"","","","","","","",Sim,"","","",Sim,"",Sim,Sim,"","","","","",Camacho Monteiro,"",uuid:c21ba42e-a9b4-4e3e-b0da-18a6e03e24a2,uuid:c21ba42e-a9b4-4e3e-b0da-18a6e03e24a2
"Sep 16, 2025 1:05:07 PM","Sep 16, 2025 8:49:00 AM",IDSWT00051,-16.1559615000,33.5903453000,127.0999984741,3.8400000000,Tete,tete,Mercado_do_Peixe,Emissario_EM,Aguas_residuais,Moore_swab,29,8,54,"","","","","","","",Sim,"","","",Sim,"",Sim,Sim,"","","","","",Camacho Monteiro,"",uuid:286e6048-4b8c-4653-a5ae-529c18df1ba7,uuid:286e6048-4b8c-4653-a5ae-529c18df1ba7
"Sep 16, 2025 1:05:07 PM","Sep 16, 2025 8:50:00 AM",IDSWT00052,-16.1560162000,33.5903319000,127.0999984741,4.4160000000,Tete,tete,Mercado_do_Peixe,Emissario_EM,Aguas_residuais,Grag_sample,29,8,54,"","","","","","","",Sim,"","","",Sim,"",Sim,Sim,"","","","","",Camacho Monteiro,"",uuid:e08ec4ae-f1fa-4017-8ecc-4fcdf77c7528,uuid:e08ec4ae-f1fa-4017-8ecc-4fcdf77c7528
"Sep 16, 2025 1:05:08 PM","Sep 16, 2025 9:01:00 AM",IDSWT00053,-16.1545579000,33.5885758000,120.6999969482,4.8330000000,Tete,tete,Registo,Emissario_EM,Aguas_residuais,Moore_swab,29,8,54,"","","","","","","",Sim,"","","",Sim,"",Sim,Sim,"","","","","",Camacho Monteiro,"",uuid:68275906-8848-465d-a92b-703b66e1f45f,uuid:68275906-8848-465d-a92b-703b66e1f45f
"Sep 16, 2025 1:05:08 PM","Sep 16, 2025 9:04:00 AM",IDSWT00054,-16.1545575000,33.5885772000,120.6999969482,4.7750000000,Tete,tete,Registo,Emissario_EM,Aguas_residuais,Grag_sample,29,8,54,"","","","","","","",Sim,"","","",Sim,"",Sim,Sim,Sim,"","","","",Camacho Monteiro,"",uuid:c617a182-20e0-41d0-bc40-5b7f9fbcecf1,uuid:c617a182-20e0-41d0-bc40-5b7f9fbcecf1
"Sep 23, 2025 10:22:39 AM","Sep 16, 2025 7:35:00 AM",IDSW100248,-25.9650240000,32.6024673000,40.7000007629,4.9660000000,Maputo_Cidade,kamubukwana,Presidencia,Emissario_EM,Aguas_residuais,Moore_swab,28,40,35,"","","","","","","",Sim,"","","",Sim,"",Sim,Sim,"","",Sim,"","",INOCÊNCIO,"",uuid:0e911c1f-b14e-4d5d-a99e-235758012915,uuid:0e911c1f-b14e-4d5d-a99e-235758012915
"Sep 23, 2025 10:22:39 AM","Sep 16, 2025 7:39:00 AM",IDSW100249,-25.9649744000,32.6025106000,51.2000007629,4.9160000000,Maputo_Cidade,kamubukwana,Presidencia,Emissario_EM,Aguas_residuais,Grag_sample,28,40,35,"","","","","","","",Sim,"","","",Sim,"",Sim,Sim,"","",Sim,"","",INOCÊNCIO,"",uuid:ff967449-1251-40e6-9f17-5ed7ab8a7fa6,uuid:ff967449-1251-40e6-9f17-5ed7ab8a7fa6
"Sep 23, 2025 10:22:40 AM","Sep 16, 2025 7:52:00 AM",IDSW100250,-25.9837998000,32.5919870000,51.2000007629,4.9500000000,Maputo_Cidade,kamubukwana,Tempestade,Emissario_EM,Aguas_residuais,Torpidos,28,40,35,"","","","","","","",Sim,"","","",Sim,"",Sim,Sim,"","","","","",INOCÊNCIO,"",uuid:6e447615-6c05-4ca9-8ed9-ab05148080f1,uuid:6e447615-6c05-4ca9-8ed9-ab05148080f1
"Sep 23, 2025 10:22:40 AM","Sep 16, 2025 7:54:00 AM",IDSW100251,-25.9837883000,32.5920250000,51.2000007629,4.7000000000,Maputo_Cidade,kamubukwana,Tempestade,Emissario_EM,Aguas_residuais,Moore_swab,28,40,35,"","","","","","","",Sim,"","","",Sim,"",Sim,Sim,"","",Sim,"","",INOCÊNCIO,"",uuid:a695ed54-48a5-415b-813b-e6e25b1db260,uuid:a695ed54-48a5-415b-813b-e6e25b1db260
"Sep 23, 2025 10:22:41 AM","Sep 16, 2025 7:55:00 AM",IDSW100252,-25.9838268000,32.5920204000,51.2000007629,4.8660000000,Maputo_Cidade,kamubukwana,Tempestade,Emissario_EM,Aguas_residuais,Grag_sample,28,40,35,"","","","","","","",Sim,"","","",Sim,"",Sim,Sim,"","",Sim,"","",INOCÊNCIO,"",uuid:ac953c55-fe3c-40d3-8721-d645aa0d4be3,uuid:ac953c55-fe3c-40d3-8721-d645aa0d4be3
"Sep 23, 2025 10:22:41 AM","Sep 16, 2025 8:34:00 AM",IDSW100253,-25.9177672000,32.5383404000,26.2000007629,4.9000000000,Maputo_provincia,matola,ETAR,Vala_esgoto_VE,Aguas_residuais,Torpidos,30,40,28,"","","","","","","",Sim,"","","",Sim,"",Sim,Sim,"","","","","",I,"",uuid:cabde7eb-8fcd-4a60-ac6e-e0847797a698,uuid:cabde7eb-8fcd-4a60-ac6e-e0847797a698
"Sep 23, 2025 10:22:42 AM","Sep 16, 2025 8:37:00 AM",IDSW100254,-25.9177489000,32.5383054000,26.2000007629,4.8200000000,Maputo_provincia,matola,ETAR,Vala_esgoto_VE,Aguas_residuais,Moore_swab,30,40,28,"","","","","","","",Sim,"","","",Sim,"",Sim,Sim,"","",Sim,"","",INOCÊNCIO,"",uuid:59c7022b-59dd-4eab-91c3-4fde613f3e1a,uuid:59c7022b-59dd-4eab-91c3-4fde613f3e1a
"Sep 23, 2025 10:22:42 AM","Sep 16, 2025 8:38:00 AM",IDSW100255,-25.9177623000,32.5382793000,26.1000003815,4.9600000000,Maputo_provincia,matola,ETAR,Vala_esgoto_VE,Aguas_residuais,Grag_sample,30,40,28,"","","","","","","",Sim,"","","",Sim,"",Sim,Sim,"","",Sim,"","",INOCÊNCIO,"",uuid:c2001a12-5ffc-40f3-9af8-a8499adc57c4,uuid:c2001a12-5ffc-40f3-9af8-a8499adc57c4
"Sep 23, 2025 10:22:43 AM","Sep 16, 2025 8:47:00 AM",IDSW100256,-25.9185092000,32.5393054000,26.1000003815,4.8600000000,Maputo_Cidade,kamubukwana,ETAR,Entrada_ETAR,Aguas_residuais,Torpidos,30,40,28,"","","","","","","",Sim,"","","",Sim,"",Sim,Nao,"","",Sim,"","",INOCÊNCIO,"",uuid:95410ac2-93bd-438a-8643-e90b08e48d41,uuid:95410ac2-93bd-438a-8643-e90b08e48d41
"Sep 23, 2025 10:22:43 AM","Sep 16, 2025 8:48:00 AM",IDSW100257,-25.9184864000,32.5394015000,26.1000003815,4.7660000000,Maputo_Cidade,kamubukwana,ETAR,Entrada_ETAR,Aguas_residuais,Moore_swab,30,40,28,"","","","","","","",Sim,"","","",Sim,"",Sim,Sim,"","",Sim,"","",INOCÊNCIO,"",uuid:1e85e511-644d-4e33-8b96-83e8c339a0e3,uuid:1e85e511-644d-4e33-8b96-83e8c339a0e3
"Sep 23, 2025 10:22:43 AM","Sep 16, 2025 8:49:00 AM",IDSW100258,-25.9185090000,32.5393630000,26.1000003815,4.9160000000,Maputo_Cidade,kamubukwana,ETAR,Entrada_ETAR,Aguas_residuais,Grag_sample,30,40,28,"","","","","","","",Sim,"","","",Sim,"",Sim,Sim,"","",Sim,"","",INOCÊNCIO,"",uuid:d528fa56-2a10-4f66-8501-81c00ae49743,uuid:d528fa56-2a10-4f66-8501-81c00ae49743
"Sep 23, 2025 10:22:44 AM","Sep 16, 2025 8:56:00 AM",IDSW100259,-25.9187242000,32.5390473000,26.1000003815,4.9200000000,Maputo_Cidade,kamubukwana,ETAR,Cam_Cistern_CC,Aguas_residuais,Torpidos,30,40,28,"","","","","","","",Sim,"","","",Sim,"",Sim,Sim,"","","","","",INOCÊNCIO,"",uuid:8b0ae606-1d0c-479a-b670-b942426a3040,uuid:8b0ae606-1d0c-479a-b670-b942426a3040
"Sep 23, 2025 10:23:22 AM","Sep 23, 2025 7:43:00 AM",IDSW100260,-25.9649909000,32.6022919000,26.2000000000,4.7500000000,Maputo_Cidade,kamubukwana,Presidencia,Emissario_EM,Aguas_residuais,Grag_sample,25,40,56,"","","","","","","",Sim,"","","",Sim,"",Sim,Sim,"","",Sim,"","",INOCÊNCIO,"",uuid:62e2ab27-6f88-4e01-bbf8-ddd42356f125,uuid:62e2ab27-6f88-4e01-bbf8-ddd42356f125
"Sep 23, 2025 10:23:22 AM","Sep 23, 2025 8:10:00 AM",IDSW100261,-25.9838402000,32.5919440000,34.4000000000,4.9200000000,Maputo_Cidade,kamubukwana,Tempestade,Emissario_EM,Aguas_residuais,Torpidos,25,40,56,"","","","","","","",Sim,"","","",Sim,"",Sim,Sim,"","","","","",INOCÊNCIO,"",uuid:2bb3a89c-cd60-44ba-a66b-d4feae73fe2e,uuid:2bb3a89c-cd60-44ba-a66b-d4feae73fe2e
"Sep 23, 2025 10:23:23 AM","Sep 23, 2025 8:12:00 AM",IDSW100262,-25.9838016000,32.5919484000,34.3000000000,4.9800000000,Maputo_Cidade,kamubukwana,Tempestade,Emissario_EM,Aguas_residuais,Moore_swab,25,40,56,"","","","","","","",Sim,"","","",Sim,"",Sim,Sim,"","",Sim,"","",INOCÊNCIO,"",uuid:73284779-eb37-4e25-b41f-e3d8a83686d0,uuid:73284779-eb37-4e25-b41f-e3d8a83686d0
"Sep 23, 2025 10:23:23 AM","Sep 23, 2025 8:15:00 AM",IDSW100263,-25.9837935000,32.5919428000,34.3000000000,4.1000000000,Maputo_Cidade,kamubukwana,Tempestade,Emissario_EM,Aguas_residuais,Grag_sample,25,40,65,"","","","","","","",Sim,"","","",Sim,"",Sim,Sim,"","",Sim,"","",INOCÊNCIO,"",uuid:3893a957-95f1-4374-b9de-3fb353cdc5f6,uuid:3893a957-95f1-4374-b9de-3fb353cdc5f6
"Sep 23, 2025 10:23:24 AM","Sep 23, 2025 8:55:00 AM",IDSW100264,-25.9177233000,32.5382983000,34.3000000000,4.4000000000,Maputo_provincia,matola,ETAR,Vala_esgoto_VE,Aguas_residuais,Torpidos,25,40,52,"","","","","","","",Sim,"","","",Sim,"",Sim,Sim,"","","","","",INOCÊNCIO,"",uuid:dabe2336-7a1d-439b-84ba-f658a9b714e1,uuid:dabe2336-7a1d-439b-84ba-f658a9b714e1
"Sep 23, 2025 10:23:25 AM","Sep 23, 2025 9:01:00 AM",IDSW100265,-25.9177090000,32.5382908000,32.3000000000,4.9160000000,Maputo_provincia,matola,ETAR,Vala_esgoto_VE,Aguas_residuais,Moore_swab,25,40,52,"","","","","","","",Sim,"","","",Sim,"",Sim,Sim,"","",Sim,"","",INOCÊNCIO,"",uuid:5adfef54-7c72-4d7f-bb6e-42b34e7eadef,uuid:5adfef54-7c72-4d7f-bb6e-42b34e7eadef
"Sep 23, 2025 10:23:26 AM","Sep 23, 2025 9:03:00 AM",IDSW100266,-25.9177317000,32.5382821000,32.2000000000,4.8500000000,Maputo_provincia,matola,ETAR,Vala_esgoto_VE,Aguas_residuais,Grag_sample,25,40,52,"","","","","","","",Sim,"","","",Sim,"",Sim,Sim,"","",Sim,"","",INOCÊNCIO,"",uuid:28bd2d69-9b13-4820-a88a-2dc49887fe9a,uuid:28bd2d69-9b13-4820-a88a-2dc49887fe9a
"Sep 23, 2025 10:23:28 AM","Sep 23, 2025 9:09:00 AM",IDSW100267,-25.9182673000,32.5391093000,28.4000000000,4.8000000000,Maputo_Cidade,kamubukwana,ETAR,Entrada_ETAR,Aguas_residuais,Torpidos,25,40,52,"","","","","","","",Sim,"","","",Sim,"",Sim,Sim,"","","","","",INOCÊNCIO,"",uuid:ff6f9d7d-dea1-4788-ae87-0b4f3cd7a907,uuid:ff6f9d7d-dea1-4788-ae87-0b4f3cd7a907
"Sep 23, 2025 10:23:29 AM","Sep 23, 2025 9:11:00 AM",IDSW100268,-25.9183160000,32.5391018000,27.8000000000,4.6000000000,Maputo_Cidade,kamubukwana,ETAR,Entrada_ETAR,Aguas_residuais,Moore_swab,25,40,52,"","","","","","","",Sim,"","","",Sim,"",Sim,Sim,"","",Sim,"","",INOCÊNCIO,"",uuid:032dffec-e20a-4c94-9aee-89f9ba2719a4,uuid:032dffec-e20a-4c94-9aee-89f9ba2719a4
"Sep 23, 2025 10:23:30 AM","Sep 23, 2025 9:12:00 AM",IDSW100269,-25.9183171000,32.5390811000,27.8000000000,4.9200000000,Maputo_Cidade,kamubukwana,ETAR,Entrada_ETAR,Aguas_residuais,Grag_sample,25,40,52,"","","","","","","",Sim,"","","",Sim,"",Sim,Sim,"","",Sim,"","",INOCÊNCIO,"",uuid:328d0549-0126-45d9-bec4-bc8df1362a38,uuid:328d0549-0126-45d9-bec4-bc8df1362a38
"Sep 23, 2025 10:23:30 AM","Sep 23, 2025 9:19:00 AM",IDSW100270,-25.9186296000,32.5388606000,27.6000000000,4.8200000000,Maputo_Cidade,kamubukwana,ETAR,Cam_Cistern_CC,Aguas_residuais,Torpidos,25,40,52,"","","","","","","",Sim,"","","",Sim,"",Sim,Sim,"","","","","",INOCÊNCIO,"",uuid:1d46a07f-a7aa-4166-a84e-b0b3ae0858f5,uuid:1d46a07f-a7aa-4166-a84e-b0b3ae0858f5
"Sep 23, 2025 10:23:31 AM","Sep 23, 2025 9:21:00 AM",IDSW100271,-25.9186592000,32.5388552000,27.4000000000,4.9500000000,Maputo_Cidade,kamubukwana,ETAR,Cam_Cistern_CC,Aguas_residuais,Moore_swab,25,40,52,"","","","","","","",Sim,"","","",Sim,"",Sim,Sim,"","",Sim,"","",INOCÊNCIO,"",uuid:a07141a1-bddb-4165-8baa-20e075fbb72a,uuid:a07141a1-bddb-4165-8baa-20e075fbb72a
"Sep 23, 2025 10:23:32 AM","Sep 23, 2025 9:23:00 AM",IDSW100272,-25.9186535000,32.5388735000,27.4000000000,4.6000000000,Maputo_Cidade,kamubukwana,ETAR,Cam_Cistern_CC,Aguas_residuais,Grag_sample,25,40,52,"","","","","","","",Sim,"","","",Sim,"",Sim,Sim,"","",Sim,"","",INOCÊNCIO,"",uuid:0327c354-666f-49d1-87b2-9bc52037730a,uuid:0327c354-666f-49d1-87b2-9bc52037730a
"Oct 1, 2025 8:41:45 AM","Sep 30, 2025 8:06:00 AM",IDSW100273,-25.9177550000,32.5382667000,26.3000011444,4.8500000000,Maputo_provincia,matola,ETAR,Vala_esgoto_VE,Aguas_residuais,Torpidos,20,40,72,"","","","","","","",Sim,"","","",Sim,"",Sim,Sim,"","","","","","","",uuid:4f4d7159-ef23-4dcf-88ed-f96f61dfbabd,uuid:4f4d7159-ef23-4dcf-88ed-f96f61dfbabd
"Oct 1, 2025 8:41:45 AM","Sep 30, 2025 8:11:00 AM",IDSW100274,-25.9177783000,32.5383222000,26.1000003815,4.4570000000,Maputo_provincia,matola,ETAR,Vala_esgoto_VE,Aguas_residuais,Moore_swab,20,40,72,"","","","","","","",Sim,"","","",Sim,"",Sim,Sim,"","",Sim,"","",INOCÊNCIO,"",uuid:1a1497f9-dc20-460b-be47-0d4f984234d0,uuid:1a1497f9-dc20-460b-be47-0d4f984234d0
"Oct 1, 2025 8:41:45 AM","Sep 30, 2025 8:11:00 AM",IDSW100275,-25.9177606000,32.5383097000,26.2000007629,3.8330000000,Maputo_provincia,matola,ETAR,Vala_esgoto_VE,Aguas_residuais,Grag_sample,20,40,72,"","","","","","","",Sim,"","","",Sim,"",Sim,Sim,"","",Sim,"","",INOCÊNCIO,"",uuid:e01b03d4-0060-418b-865e-2877b10d7227,uuid:e01b03d4-0060-418b-865e-2877b10d7227
"Oct 1, 2025 8:41:46 AM","Sep 30, 2025 8:16:00 AM",IDSW100276,-25.9184001000,32.5392488000,26.2000007629,4.6330000000,Maputo_Cidade,kamubukwana,ETAR,Entrada_ETAR,Aguas_residuais,Torpidos,20,40,72,"","","","","","","",Sim,"","","",Sim,"",Sim,Sim,"","","","","",INOCÊNCIO,"",uuid:887b5596-4c52-4b3a-a4a2-461ee8558a8a,uuid:887b5596-4c52-4b3a-a4a2-461ee8558a8a
"Oct 1, 2025 8:41:46 AM","Sep 30, 2025 8:22:00 AM",IDSW100277,-25.9183822000,32.5392500000,26.2000007629,4.9660000000,Maputo_Cidade,kamubukwana,ETAR,Entrada_ETAR,Aguas_residuais,Moore_swab,20,40,72,"","","","","","","",Sim,"","","",Sim,"",Sim,Sim,"","",Sim,"","",INOCÊNCIO,"",uuid:12803740-8067-4f24-a88b-934f7eec8d9d,uuid:12803740-8067-4f24-a88b-934f7eec8d9d
"Oct 1, 2025 8:41:46 AM","Sep 30, 2025 8:23:00 AM",IDSW100278,-25.9183883000,32.5392350000,26.2000007629,3.4000000000,Maputo_Cidade,kamubukwana,ETAR,Entrada_ETAR,Aguas_residuais,Grag_sample,20,40,72,"","","","","","","",Sim,"","","",Sim,"",Sim,Sim,"","",Sim,"","",INOCÊNCIO,"",uuid:1f751420-fb34-41e1-b7f3-c949436b60a7,uuid:1f751420-fb34-41e1-b7f3-c949436b60a7
"Oct 1, 2025 8:41:47 AM","Sep 30, 2025 8:26:00 AM",IDSW100279,-25.9186876000,32.5388309000,26.2000007629,4.1500000000,Maputo_Cidade,kamubukwana,ETAR,Cam_Cistern_CC,Aguas_residuais,Torpidos,20,40,72,"","","","","","","",Sim,"","","",Sim,"",Sim,Sim,"","",Nao,"","",INOCÊNCIO,"",uuid:df9b9822-0948-43ba-b524-018f95c986c9,uuid:df9b9822-0948-43ba-b524-018f95c986c9
"Oct 1, 2025 8:41:47 AM","Sep 30, 2025 8:29:00 AM",IDSW100280,-25.9186418000,32.5388784000,26.2000007629,3.8000000000,Maputo_Cidade,kamubukwana,ETAR,Cam_Cistern_CC,Aguas_residuais,Moore_swab,20,40,72,"","","","","","","",Sim,"","","",Sim,"",Sim,Sim,"","",Sim,"","",INOCÊNCIO,"",uuid:f1ef897d-e7d7-4a15-a8bb-1f26059784d2,uuid:f1ef897d-e7d7-4a15-a8bb-1f26059784d2
"Oct 1, 2025 8:41:47 AM","Sep 30, 2025 8:30:00 AM",IDSW100281,-25.9186509000,32.5388524000,26.2000007629,4.6330000000,Maputo_Cidade,kamubukwana,ETAR,Cam_Cistern_CC,Aguas_residuais,Grag_sample,20,40,72,"","","","","","","",Sim,"","","",Sim,"",Sim,Sim,"","",Sim,"","",INOCÊNCIO,"",uuid:fcbf9f7d-e6c6-4820-86a4-389a61ab5d71,uuid:fcbf9f7d-e6c6-4820-86a4-389a61ab5d71
"Oct 1, 2025 8:41:48 AM","Sep 30, 2025 8:57:00 AM",IDSW100282,-25.9651136000,32.6022830000,26.0000000000,4.5200000000,Maputo_Cidade,kamubukwana,Presidencia,Emissario_EM,Aguas_residuais,Grag_sample,20,40,70,"","","","","","","",Sim,"","","",Sim,"",Sim,Sim,"","",Sim,"","",INOCÊNCIO,"",uuid:67a0ac8e-9801-43a5-9b1a-ac63325eec23,uuid:67a0ac8e-9801-43a5-9b1a-ac63325eec23
"Oct 1, 2025 8:41:48 AM","Sep 30, 2025 9:05:00 AM",IDSW100283,-25.9838183000,32.5919597000,26.0000000000,3.7330000000,Maputo_Cidade,kamubukwana,Tempestade,Emissario_EM,Aguas_residuais,Torpidos,20,40,70,"","","","","","","",Sim,"","","",Sim,"",Sim,Sim,"","",Nao,"","",INOCÊNCIO,"",uuid:95072911-d514-40a2-a34e-bc7546457927,uuid:95072911-d514-40a2-a34e-bc7546457927
"Oct 1, 2025 8:41:48 AM","Sep 30, 2025 9:09:00 AM",IDSW100284,-25.9837867000,32.5919817000,26.0000000000,3.4000000000,Maputo_Cidade,kamubukwana,Tempestade,Emissario_EM,Aguas_residuais,Moore_swab,20,40,70,"","","","","","","",Sim,"","","",Sim,"",Sim,Sim,"","",Sim,"","",INOCÊNCIO,"",uuid:75b5ab75-6575-4e26-b7b4-ff156b015642,uuid:75b5ab75-6575-4e26-b7b4-ff156b015642
"Oct 1, 2025 8:41:49 AM","Sep 30, 2025 9:10:00 AM",IDSW100285,-25.9838385000,32.5919428000,26.0000000000,4.7800000000,Maputo_Cidade,kamubukwana,Tempestade,Emissario_EM,Aguas_residuais,Grag_sample,20,40,70,"","","","","","","",Sim,"","","",Sim,"",Sim,Sim,"","",Sim,"","",INOCÊNCIO,"",uuid:de7531ef-fb4c-48ff-bd00-17f9be88a5a6,uuid:de7531ef-fb4c-48ff-bd00-17f9be88a5a6
"Oct 8, 2025 1:52:49 AM","Sep 30, 2025 9:20:00 AM",IDSWT00056,-16.1545033000,33.5886350000,123.5999984741,4.6660000000,Tete,tete,Registo,Emissario_EM,Aguas_residuais,Grag_sample,35,8,49,"","","","","","","",Sim,"","","",Sim,"",Sim,Sim,Sim,"","","","","","",uuid:53ec171c-5a96-4c8e-a7ab-db78e5bf8bb0,uuid:53ec171c-5a96-4c8e-a7ab-db78e5bf8bb0
"Oct 8, 2025 1:52:50 AM","Sep 30, 2025 9:36:00 AM",IDSWT00057,-16.1559817000,33.5903050000,119.5000000000,4.9500000000,Tete,tete,Mercado_do_Peixe,Emissario_EM,Aguas_residuais,Moore_swab,35,8,49,"","","","","","","",Sim,"","","",Sim,"",Sim,Sim,"","","","","",Camacho Monteiro,"",uuid:1634f272-e2b9-4aa6-ac7d-cd3e741b3edd,uuid:1634f272-e2b9-4aa6-ac7d-cd3e741b3edd
"Oct 8, 2025 1:52:51 AM","Sep 30, 2025 9:39:00 AM",IDSWT00058,-16.1560300000,33.5903183000,119.5000000000,4.9830000000,Tete,tete,Mercado_do_Peixe,Emissario_EM,Aguas_residuais,Grag_sample,35,8,49,"","","","","","","",Sim,"","","",Sim,"",Sim,Sim,"",Sim,"","","",Camacho Monteiro,"",uuid:be1f4acb-d5a2-4ad6-afe8-4d8f0e1e5014,uuid:be1f4acb-d5a2-4ad6-afe8-4d8f0e1e5014
"Oct 8, 2025 1:52:52 AM","Sep 30, 2025 9:53:00 AM",IDSWT00059,-16.1578954000,33.5922408000,119.5000000000,4.4400000000,Tete,tete,Paraiso_Misterioso,Emissario_EM,Aguas_residuais,Moore_swab,35,8,49,"","","","","","","",Sim,"","","",Sim,"",Sim,Sim,"","","","","",Banquir,"",uuid:fcdfcf07-b4c3-40d8-968b-fdb352c26e8f,uuid:fcdfcf07-b4c3-40d8-968b-fdb352c26e8f
"Oct 8, 2025 1:52:52 AM","Sep 30, 2025 9:55:00 AM",IDSWT00060,-16.1578497000,33.5922645000,119.5000000000,4.7200000000,Tete,tete,Paraiso_Misterioso,Emissario_EM,Aguas_residuais,Grag_sample,35,8,49,"","","","","","","",Sim,"","","",Sim,"",Sim,Sim,"","","","","",Banquir,"",uuid:dba842a2-6487-4640-b221-26e6fe8bf5eb,uuid:dba842a2-6487-4640-b221-26e6fe8bf5eb
"Oct 8, 2025 1:52:53 AM","Sep 30, 2025 10:08:00 AM",IDSWT00061,-16.1638147000,33.5982324000,121.0999984741,5.0000000000,Tete,tete,Quartel_Militar,Emissario_EM,Aguas_residuais,Moore_swab,35,8,49,"","","","","","","",Sim,"","","",Sim,"",Sim,Sim,"","","","","",Camacho Monteiro,"",uuid:bc501774-36ab-43a0-ab67-ea24c784d34d,uuid:bc501774-36ab-43a0-ab67-ea24c784d34d
"Oct 8, 2025 1:52:54 AM","Sep 30, 2025 10:10:00 AM",IDSWT00062,-16.1638428000,33.5982323000,120.9000015259,4.9500000000,Tete,tete,Quartel_Militar,Emissario_EM,Aguas_residuais,Grag_sample,35,8,49,"","","","","","","",Sim,"","","",Sim,"",Sim,Sim,"","","","","",Camacho Monteiro,"",uuid:5b75f061-73a2-4375-8261-a1327d53456e,uuid:5b75f061-73a2-4375-8261-a1327d53456e
"Oct 8, 2025 1:53:12 AM","Sep 30, 2025 9:17:00 AM",IDSWT00055,-16.1545767000,33.5886167000,119.5000000000,4.5330000000,Tete,tete,Registo,Emissario_EM,Aguas_residuais,Moore_swab,35,8,49,"","","","","","","",Sim,"","","",Sim,"",Sim,Sim,"","","","","",Miguel Eduardo,"",uuid:5145bcb7-6fdd-47ef-a739-be6c50c25a8d,uuid:5145bcb7-6fdd-47ef-a739-be6c50c25a8d
"Oct 9, 2025 6:17:17 AM","Oct 8, 2025 8:33:00 AM",IDSWT00063,-16.1637134000,33.5982846000,143.3000030518,4.6000000000,Tete,tete,Quartel_Militar,Emissario_EM,Aguas_residuais,Moore_swab,30,9,50,"","","","","","","",Sim,"","","",Sim,"",Sim,Sim,"","","","","",Camacho Monteiro,"",uuid:2ee5d200-fdcb-4108-b88e-22683b5bc58d,uuid:2ee5d200-fdcb-4108-b88e-22683b5bc58d
"Oct 9, 2025 6:17:17 AM","Oct 8, 2025 8:36:00 AM",IDSWT00064,-16.1637282000,33.5982700000,143.3000030518,4.7000000000,Tete,tete,Quartel_Militar,Emissario_EM,Aguas_residuais,Grag_sample,30,8,50,"","","","","","","",Sim,"","","",Sim,"",Sim,Sim,"","","","","",Camacho Monteiro,"",uuid:5f5207e7-002b-472a-b001-1fb3eeef48ea,uuid:5f5207e7-002b-472a-b001-1fb3eeef48ea
"Oct 9, 2025 6:17:17 AM","Oct 8, 2025 8:54:00 AM",IDSWT00065,-16.1579067000,33.5923295000,120.1999969482,4.5000000000,Tete,tete,Paraiso_Misterioso,Emissario_EM,Aguas_residuais,Moore_swab,30,8,50,"","","","","","","",Sim,"","","",Sim,"",Sim,Sim,"","","","","",Camacho Monteiro,"",uuid:651e9480-6307-4c5e-8da6-6e86a725c323,uuid:651e9480-6307-4c5e-8da6-6e86a725c323
"Oct 9, 2025 6:17:18 AM","Oct 8, 2025 8:56:00 AM",IDSWT00066,-16.1579480000,33.5923697000,120.1999969482,4.5000000000,Tete,tete,Paraiso_Misterioso,Emissario_EM,Aguas_residuais,Grag_sample,30,8,50,"","","","","","","",Sim,"","","",Sim,"",Sim,Sim,"","","","","",Camacho Monteiro,"",uuid:2f5f75a9-5c76-4a6f-8a52-076d4bf7c0a2,uuid:2f5f75a9-5c76-4a6f-8a52-076d4bf7c0a2
"Oct 9, 2025 6:17:18 AM","Oct 8, 2025 9:07:00 AM",IDSWT00067,-16.1561083000,33.5902600000,119.5999984741,4.5500000000,Tete,tete,Mercado_do_Peixe,Emissario_EM,Aguas_residuais,Moore_swab,30,8,50,"","","","","","","",Sim,"","","",Sim,"",Sim,Sim,"","","","","","","",uuid:b83ddff0-384f-4bf6-8fad-7a9b813e4484,uuid:b83ddff0-384f-4bf6-8fad-7a9b813e4484
"Oct 9, 2025 6:17:18 AM","Oct 8, 2025 9:11:00 AM",IDSWT00068,-16.1560483000,33.5903067000,119.5999984741,4.9000000000,Tete,tete,Mercado_do_Peixe,Emissario_EM,Aguas_residuais,Grag_sample,30,8,50,"","","","","","","",Sim,"","","",Sim,"",Sim,Sim,"","","","","",Camacho Monteiro,"",uuid:82035585-05fa-44c6-be8e-4b3d5e191add,uuid:82035585-05fa-44c6-be8e-4b3d5e191add
"Oct 9, 2025 6:17:18 AM","Oct 8, 2025 9:25:00 AM",IDSWT00069,-16.1545891000,33.5885257000,139.1000061035,4.1600000000,Tete,tete,Registo,Emissario_EM,Aguas_residuais,Moore_swab,30,8,50,"","","","","","","",Sim,"","","",Sim,"",Sim,Sim,"","","","","",Camacho Monteiro,"",uuid:705512b9-c552-4749-8ede-7bd97f6c5f14,uuid:705512b9-c552-4749-8ede-7bd97f6c5f14
"Oct 9, 2025 6:17:19 AM","Oct 8, 2025 9:32:00 AM",IDSWT00070,-16.1545299000,33.5885486000,139.1000061035,3.9160000000,Tete,tete,Registo,Emissario_EM,Aguas_residuais,Grag_sample,30,8,50,"","","","","","","",Sim,"","","",Sim,"",Sim,Sim,Sim,"","","","",Camacho Monteiro,"",uuid:1f56f043-1882-481d-9fdd-061c3a2bfc55,uuid:1f56f043-1882-481d-9fdd-061c3a2bfc55
"Oct 14, 2025 11:55:39 AM","Oct 14, 2025 5:48:00 AM",IDSWQ00003,-17.8835667000,36.8872517000,14.3000000000,4.8000000000,Zambezia,quelimane,BRIZA,Emissario_EM,Aguas_residuais,Moore_swab,32,8,63,"","","","","","","",Sim,"","","",Sim,"",Sim,Sim,"","","","","",IDSLJ,"",uuid:fe5a89c0-a800-4d70-a918-a8875b149ec8,uuid:fe5a89c0-a800-4d70-a918-a8875b149ec8
"Oct 14, 2025 11:55:40 AM","Oct 14, 2025 6:17:00 AM",IDSWQ00004,-17.8835750000,36.8872650000,12.5000000000,4.5000000000,Zambezia,quelimane,BRIZA,Emissario_EM,Aguas_residuais,Grag_sample,31,8,63,"","","","","","","",Sim,"","","",Sim,"",Sim,Sim,"","","","","",IDSLJ,"",uuid:587d87f2-171f-40e4-a73f-24abe9a974bf,uuid:587d87f2-171f-40e4-a73f-24abe9a974bf
"Oct 14, 2025 11:55:41 AM","Oct 14, 2025 6:32:00 AM",IDSWQ00006,-17.8821667000,36.8849850000,-73.2000000000,5.0000000000,Zambezia,quelimane,REFEBA,Emissario_EM,Aguas_residuais,Grag_sample,31,8,63,"","","","","","","",Sim,"","","",Sim,"",Sim,Sim,"","","","","",IDSLJ,"",uuid:7137b893-7d0f-4922-975d-c80f6844aeba,uuid:7137b893-7d0f-4922-975d-c80f6844aeba
"Oct 14, 2025 11:55:42 AM","Oct 14, 2025 6:44:00 AM",IDSWQ00008,-17.8809350000,36.8835500000,5.3000000000,4.6000000000,Zambezia,quelimane,Piscina_Municipal,Emissario_EM,Aguas_residuais,Grag_sample,32,8,63,"","","","","","","",Sim,"","","",Sim,"",Sim,Sim,"","","","","",IDSLJ,"",uuid:162209c1-fcf1-4389-97e8-b65f552f971a,uuid:162209c1-fcf1-4389-97e8-b65f552f971a
"Oct 14, 2025 11:55:43 AM","Oct 14, 2025 6:57:00 AM",IDSWQ00009,-17.8797117000,36.8816150000,22.1000000000,4.6000000000,Zambezia,quelimane,E_frente_Autor_Tributaria,Emissario_EM,Aguas_residuais,Moore_swab,32,8,63,"","","","","","","",Sim,"","","",Sim,"",Sim,Sim,"","","","","",IDSLJ,"",uuid:bbb435cf-074d-49f3-be90-e77a2ee3b3b7,uuid:bbb435cf-074d-49f3-be90-e77a2ee3b3b7
"Oct 14, 2025 11:55:44 AM","Oct 14, 2025 6:57:00 AM",IDSWQ00010,-17.8796567000,36.8815450000,7.7000000000,5.0000000000,Zambezia,quelimane,E_frente_Autor_Tributaria,Emissario_EM,Aguas_residuais,Grag_sample,32,8,63,"","","","","","","",Sim,"","","",Sim,"",Sim,Sim,"","","","","",IDSLJ,"",uuid:74f7ba60-e3ca-4e80-afe0-594b3974abcb,uuid:74f7ba60-e3ca-4e80-afe0-594b3974abcb
"Oct 14, 2025 6:20:34 PM","Oct 14, 2025 7:54:00 AM",IDSW100305,-25.8664560000,32.5102380000,74.3000000000,4.8660000000,Maputo_provincia,matola,ETAR,Fonte_de_distribuicao,Agua_de_consumo,Grag_sample,30,40,55,"","","","","","",Sim,Sim,"",Nao,Nao,Sim,"",Sim,Sim,"","","","","",INOCÊNCIO,"",uuid:76a5f0e5-d865-4d5b-b057-b2e8cc5fafc7,uuid:76a5f0e5-d865-4d5b-b057-b2e8cc5fafc7
"Oct 14, 2025 6:20:35 PM","Oct 14, 2025 8:12:00 AM",IDSW100306,-25.8657953000,32.4971981000,48.0000000000,4.9830000000,Maputo_provincia,matola,ETAR,Fonte_de_distribuicao,Agua_de_consumo,Grag_sample,30,40,55,"","","","","","",Sim,Sim,"",Nao,Nao,Sim,"",Sim,Sim,"","","","","",INOCÊNCIO,"",uuid:51bac933-c4dc-4a64-ae70-e9ba77e46d4e,uuid:51bac933-c4dc-4a64-ae70-e9ba77e46d4e
"Oct 14, 2025 6:24:00 PM","Oct 14, 2025 12:33:00 PM",IDSW100320,-25.9837467000,32.5919667000,34.9000000000,5.0000000000,Maputo_Cidade,khampfumo,Tempestade,Emissario_EM,Aguas_residuais,Torpidos,30,40,68,"","","","","","","",Sim,"","","",Sim,"",Sim,Sim,"","","","","",INOCÊNCIO,"",uuid:f60af42a-f9fb-4bea-b573-f82f7c775a33,uuid:f60af42a-f9fb-4bea-b573-f82f7c775a33
"Oct 14, 2025 6:24:24 PM","Oct 14, 2025 12:12:00 PM",IDSW100319,-25.9650867000,32.6023050000,34.6000000000,4.8800000000,Maputo_Cidade,khampfumo,Presidencia,Emissario_EM,Aguas_residuais,Grag_sample,30,40,68,"","","","","","","",Sim,"","","",Sim,"",Sim,Sim,"","",Sim,"","",INOCÊNCIO,"",uuid:5da7667d-9d11-4a40-a0db-a69b3448c072,uuid:5da7667d-9d11-4a40-a0db-a69b3448c072
"Oct 14, 2025 6:26:41 PM","Oct 14, 2025 11:50:00 AM",IDSW100315,-25.9186494000,32.5389572000,22.3000000000,3.9000000000,Maputo_Cidade,kamubukwana,ETAR,Cam_Cistern_CC,Aguas_residuais,Torpidos,33,40,63,"","","","","","","",Sim,"","","",Sim,"",Sim,Sim,"","","","","",INOCÊNCIO,"",uuid:7f9e22b4-abfe-4204-be18-7e48e4a8231d,uuid:7f9e22b4-abfe-4204-be18-7e48e4a8231d
"Oct 14, 2025 6:27:28 PM","Oct 14, 2025 9:10:00 AM",IDSW100307,-25.8500383000,32.5279050000,85.1000000000,4.8330000000,Maputo_provincia,matola,ETAR,Fonte_de_distribuicao,Agua_de_consumo,Grag_sample,31,40,58,"","","","","","",Sim,Sim,"",Nao,Nao,Sim,"",Sim,Sim,"","","","","",INOCÊNCIO,"",uuid:77dbaf10-f9b1-4b62-833f-eb9e704bb553,uuid:77dbaf10-f9b1-4b62-833f-eb9e704bb553
"Oct 14, 2025 6:27:28 PM","Oct 14, 2025 9:53:00 AM",IDSW100308,-25.8246900000,32.5625933000,53.4000000000,4.8660000000,Maputo_Cidade,kamubukwana,ETAR,Fonte_de_distribuicao,Agua_de_consumo,Grag_sample,32,40,58,"","","","","","",Sim,Sim,"",Nao,Nao,Sim,"",Sim,Sim,"","","","","",INOCÊNCIO,"",uuid:4046e483-ba0c-411a-baf1-b015c40a120b,uuid:4046e483-ba0c-411a-baf1-b015c40a120b
"Oct 14, 2025 6:27:28 PM","Oct 14, 2025 11:12:00 AM",IDSW100309,-25.9177450000,32.5381367000,57.8000000000,4.9330000000,Maputo_provincia,matola,ETAR,Vala_esgoto_VE,Aguas_residuais,Torpidos,33,40,62,"","","","","","","",Sim,"","","",Sim,"",Sim,Sim,"","","","","",INOCÊNCIO,"",uuid:e389aa95-ca03-4239-920f-ec2a93f73332,uuid:e389aa95-ca03-4239-920f-ec2a93f73332
"Oct 14, 2025 6:27:28 PM","Oct 14, 2025 11:27:00 AM",IDSW100310,-25.9177267000,32.5382917000,47.7000000000,4.6000000000,Maputo_provincia,matola,ETAR,Vala_esgoto_VE,Aguas_residuais,Moore_swab,33,40,63,"","","","","","","",Sim,"","","",Sim,"",Sim,Sim,"","",Sim,"","",INOCÊNCIO,"",uuid:1a7dccb9-b1e1-4a25-bc86-a56363bc5855,uuid:1a7dccb9-b1e1-4a25-bc86-a56363bc5855
"Oct 14, 2025 6:27:29 PM","Oct 14, 2025 11:28:00 AM",IDSW100311,-25.9177583000,32.5382600000,47.1000000000,4.9570000000,Maputo_provincia,matola,ETAR,Vala_esgoto_VE,Aguas_residuais,Grag_sample,33,40,63,"","","","","","","",Sim,"","","",Sim,"",Sim,Sim,"","",Sim,"","",INOCÊNCIO,"",uuid:e548e2d7-ab9a-4085-8632-5cf12eab74a8,uuid:e548e2d7-ab9a-4085-8632-5cf12eab74a8
"Oct 14, 2025 6:27:29 PM","Oct 14, 2025 11:41:00 AM",IDSW100312,-25.9183430000,32.5392220000,20.1000000000,4.1000000000,Maputo_Cidade,kamubukwana,ETAR,Entrada_ETAR,Aguas_residuais,Torpidos,33,40,63,"","","","","","","",Sim,"","","",Sim,"",Sim,Sim,"","","","","",INOCÊNCIO,"",uuid:57952d1c-ae66-4307-8921-324c345c2285,uuid:57952d1c-ae66-4307-8921-324c345c2285
"Oct 14, 2025 6:27:29 PM","Oct 14, 2025 11:43:00 AM",IDSW100314,-25.9185112000,32.5392531000,21.0000000000,3.7330000000,Maputo_Cidade,kamubukwana,ETAR,Entrada_ETAR,Aguas_residuais,Grag_sample,33,40,63,"","","","","","","",Sim,"","","",Sim,"",Sim,Sim,"","",Sim,"","",INOCÊNCIO,"",uuid:f8f73ab4-e051-407e-afe7-ea9a3d06a119,uuid:f8f73ab4-e051-407e-afe7-ea9a3d06a119
"Oct 14, 2025 6:27:29 PM","Oct 14, 2025 11:45:00 AM",IDSW100313,-25.9183788000,32.5393549000,22.1000000000,4.9160000000,Maputo_Cidade,kamubukwana,ETAR,Entrada_ETAR,Aguas_residuais,Moore_swab,33,40,63,"","","","","","","",Sim,"","","",Sim,"",Sim,Sim,"","",Sim,"","",INOCÊNCIO,"",uuid:a9fb0bd0-8fe9-47fb-b524-3521a05e1af0,uuid:a9fb0bd0-8fe9-47fb-b524-3521a05e1af0
"Oct 14, 2025 10:35:41 PM","Oct 14, 2025 12:28:00 PM",IDSW100222,-25.9837367000,32.5919783000,33.7000000000,4.7200000000,Maputo_Cidade,khampfumo,Tempestade,Emissario_EM,Aguas_residuais,Grag_sample,30,40,68,"","","","","","","",Sim,"","","",Sim,"",Sim,Sim,"","",Sim,"","",INOCÊNCIO,"",uuid:7b0744af-400e-4aa5-a179-7741b831513f,uuid:7b0744af-400e-4aa5-a179-7741b831513f
"Oct 14, 2025 10:35:42 PM","Oct 14, 2025 12:33:00 PM",IDSW100221,-25.9837617000,32.5919717000,35.0000000000,4.7000000000,Maputo_Cidade,khampfumo,Tempestade,Emissario_EM,Aguas_residuais,Moore_swab,30,40,68,"","","","","","","",Sim,"","","",Sim,"",Sim,Sim,"","",Sim,"","",INOCÊNCIO,"",uuid:68cff8d1-32c5-417e-b0ce-279d4644b81c,uuid:68cff8d1-32c5-417e-b0ce-279d4644b81c
"Oct 18, 2025 7:52:47 AM","Oct 16, 2025 7:48:00 AM",IDSWT00072,-16.1637017000,33.5981567000,126.0000000000,4.8710000000,Tete,tete,Quartel_Militar,Emissario_EM,Aguas_residuais,Grag_sample,39,8,49,"","","","","","","",Sim,"","","",Sim,"",Sim,Sim,"","","","","",Camacho Monteiro,"",uuid:f58f2bf6-7b86-478f-8198-8df919f4b50e,uuid:f58f2bf6-7b86-478f-8198-8df919f4b50e
"Oct 18, 2025 7:52:48 AM","Oct 16, 2025 7:55:00 AM",IDSWT00073,-16.1578600000,33.5922117000,120.1999969482,4.5660000000,Tete,tete,Paraiso_Misterioso,Emissario_EM,Aguas_residuais,Moore_swab,39,8,49,"","","","","","","",Sim,"","","",Sim,"",Sim,Sim,"","","","","",Camacho Monteiro,"",uuid:8b09ba13-8378-4640-8732-5d41b7f9010c,uuid:8b09ba13-8378-4640-8732-5d41b7f9010c
"Oct 18, 2025 7:52:49 AM","Oct 16, 2025 7:58:00 AM",IDSWT00074,-16.1578800000,33.5922333000,120.1999969482,4.7000000000,Tete,tete,Paraiso_Misterioso,Emissario_EM,Aguas_residuais,Grag_sample,39,8,49,"","","","","","","",Sim,"","","",Sim,"",Sim,Sim,"","","","","",Camacho Monteiro,"",uuid:29f72cb4-101e-4c5f-b930-99623e5636c3,uuid:29f72cb4-101e-4c5f-b930-99623e5636c3
"Oct 18, 2025 7:52:49 AM","Oct 16, 2025 8:06:00 AM",IDSWT00075,-16.1559886000,33.5903172000,127.4000015259,2.8200000000,Tete,tete,Mercado_do_Peixe,Emissario_EM,Aguas_residuais,Moore_swab,39,8,49,"","","","","","","",Sim,"","","",Sim,"",Sim,Sim,"","","","","",Camacho Monteiro,"",uuid:3c7bbd6d-108f-498a-abb1-79cdc2df41b1,uuid:3c7bbd6d-108f-498a-abb1-79cdc2df41b1
"Oct 18, 2025 7:52:49 AM","Oct 16, 2025 8:11:00 AM",IDSWT00076,-16.1559867000,33.5903150000,127.4000015259,4.5000000000,Tete,tete,Mercado_do_Peixe,Emissario_EM,Aguas_residuais,Grag_sample,39,8,49,"","","","","","","",Sim,"","","",Sim,"",Sim,Sim,"","","","","",Camacho Monteiro,"",uuid:5cfdd2a4-ee6e-4f8e-bf64-9c714121ece4,uuid:5cfdd2a4-ee6e-4f8e-bf64-9c714121ece4
"Oct 18, 2025 7:52:50 AM","Oct 16, 2025 8:12:00 AM",IDSWT00077,-16.1545421000,33.5885528000,139.1000061035,3.3160000000,Tete,tete,Registo,Emissario_EM,Aguas_residuais,Moore_swab,39,8,49,"","","","","","","",Sim,"","","",Sim,"",Sim,Sim,"","","","","",Camacho Monteiro,"",uuid:0c75a268-7a94-4048-8d0f-ae710920b2cc,uuid:0c75a268-7a94-4048-8d0f-ae710920b2cc
"Oct 18, 2025 7:52:50 AM","Oct 16, 2025 8:19:00 AM",IDSWT00078,-16.1544580000,33.5885247000,139.1000061035,4.9160000000,Tete,tete,Registo,Emissario_EM,Aguas_residuais,Grag_sample,39,8,49,"","","","","","","",Sim,"","","",Sim,"",Sim,Sim,"","","","","",Camacho Monteiro,"",uuid:470cdf89-cdc8-4f6e-8eec-4ca3e5f84523,uuid:470cdf89-cdc8-4f6e-8eec-4ca3e5f84523
"Oct 18, 2025 7:53:05 AM","Oct 16, 2025 7:45:00 AM",IDSWT00071,-16.1637333000,33.5981967000,126.0000000000,4.8280000000,Tete,tete,Quartel_Militar,Emissario_EM,Aguas_residuais,Moore_swab,39,8,49,"","","","","","","",Sim,"","","",Sim,"",Sim,Sim,"","","","","",Camacho,"",uuid:44dc1c2f-879c-4cea-ac28-36c61ff2d75b,uuid:44dc1c2f-879c-4cea-ac28-36c61ff2d75b
"Oct 21, 2025 2:16:11 PM","Oct 21, 2025 9:55:00 AM",IDSWQ00015,-17.8836450000,36.8873850000,12.3000000000,4.9330000000,Zambezia,quelimane,BRIZA,Emissario_EM,Aguas_residuais,Grag_sample,32,8,63,"","","","","","",Sim,Sim,"",Nao,"",Sim,"",Sim,Sim,"","","","","",IDSLJ,"",uuid:8ef79609-9664-47ec-a545-61bf2ede07e7,uuid:8ef79609-9664-47ec-a545-61bf2ede07e7
"Oct 21, 2025 2:22:19 PM","Oct 21, 2025 10:10:00 AM",IDSWQ00012,-17.8820317000,36.8850950000,4.9000000000,4.5600000000,Zambezia,quelimane,REFEBA,Emissario_EM,Aguas_residuais,Moore_swab,32,8,63,"","","","","","",Nao_aplicavel,Sim,"","","",Sim,"",Sim,Sim,"","","","","",IDSLJ,"",uuid:ea503d61-83df-4075-80d4-2e8a0812eac1,uuid:ea503d61-83df-4075-80d4-2e8a0812eac1
"Oct 21, 2025 2:23:23 PM","Oct 21, 2025 10:39:00 AM",IDSWQ00016,-17.8820400000,36.8850467000,5.1000000000,4.0330000000,Zambezia,quelimane,REFEBA,Emissario_EM,Aguas_residuais,Grag_sample,32,8,63,"","","","","","","",Sim,"","","",Sim,"",Sim,Sim,"","","","","",IDSLJ,"",uuid:c71cb2d6-ef19-4754-8731-4263cd0b55ff,uuid:c71cb2d6-ef19-4754-8731-4263cd0b55ff
"Oct 21, 2025 2:28:16 PM","Oct 21, 2025 10:48:00 AM",IDSWQ00013,-17.8808965000,36.8835378000,9.1000003815,2.2620000000,Zambezia,quelimane,Piscina_Municipal,Emissario_EM,Aguas_residuais,Moore_swab,32,8,63,"","","","","","","",Sim,"","","",Sim,"",Sim,Sim,"","","","","",IDSLJ,"",uuid:c3631ec7-b38a-4bd7-bea2-c37980b4ef15,uuid:c3631ec7-b38a-4bd7-bea2-c37980b4ef15
"Oct 21, 2025 2:29:38 PM","Oct 21, 2025 11:04:00 AM",IDSWQ00017,-17.8809229000,36.8835233000,9.1000003815,2.3500000000,Zambezia,quelimane,Piscina_Municipal,Emissario_EM,Aguas_residuais,Grag_sample,32,8,63,"","","","","","","",Sim,"","","",Sim,"",Sim,Sim,"","","","","",IDSLJ,"",uuid:3be2cd35-e18d-41de-af41-566432743a56,uuid:3be2cd35-e18d-41de-af41-566432743a56
"Oct 21, 2025 2:35:26 PM","Oct 21, 2025 10:55:00 AM",IDSWQ00014,-17.8796231000,36.8815566000,9.1000003815,4.2500000000,Zambezia,quelimane,E_frente_Autor_Tributaria,Emissario_EM,Aguas_residuais,Moore_swab,32,8,63,"","","","","","","",Sim,"","","",Sim,"",Sim,Sim,"","","","","",IDSLJ,"",uuid:ec0679b4-ae22-45ab-a6ac-a8f318fa798f,uuid:ec0679b4-ae22-45ab-a6ac-a8f318fa798f
"Oct 21, 2025 2:36:02 PM","Oct 21, 2025 11:23:00 AM",IDSWQ00018,-17.8796464000,36.8816228000,-3.7000002861,4.9180000000,Zambezia,quelimane,E_frente_Autor_Tributaria,Emissario_EM,Aguas_residuais,Grag_sample,32,8,63,"","","","","","","",Sim,"","","",Sim,"",Sim,Sim,"","","","","",IDSLJ,"",uuid:ba0f7068-91e5-4272-becb-1112b07562f4,uuid:ba0f7068-91e5-4272-becb-1112b07562f4
"Oct 21, 2025 4:36:31 PM","Oct 21, 2025 7:59:00 AM",IDSW100323,-25.9651308000,32.6022832000,23.8000000000,4.7400000000,Maputo_Cidade,khampfumo,Presidencia,Emissario_EM,Aguas_residuais,Grag_sample,24,40,55,"","","","","","","",Sim,"","","",Sim,"",Sim,Sim,"","",Sim,"","",INOCÊNCIO,"",uuid:d3fadd29-ec76-4a06-9ba2-09582d6a449d,uuid:d3fadd29-ec76-4a06-9ba2-09582d6a449d
"Oct 21, 2025 4:36:31 PM","Oct 21, 2025 8:10:00 AM",IDSW100324,-25.9838264000,32.5919550000,32.5000000000,4.9830000000,Maputo_Cidade,kamavota,Tempestade,Emissario_EM,Aguas_residuais,Torpidos,24,40,55,"","","","","","","",Sim,"","","",Sim,"",Sim,Sim,"","","","","",INOCÊNCIO,"",uuid:efff88da-e88e-4252-b4f7-7a4271773be4,uuid:efff88da-e88e-4252-b4f7-7a4271773be4
"Oct 21, 2025 4:36:32 PM","Oct 21, 2025 8:12:00 AM",IDSW100325,-25.9836946000,32.5920467000,33.2000000000,4.8850000000,Maputo_Cidade,kamavota,Tempestade,Emissario_EM,Aguas_residuais,Moore_swab,24,40,55,"","","","","","","",Sim,"","","",Sim,"",Sim,Sim,"","",Sim,"","",INOCÊNCIO,"",uuid:e473c65d-b440-4b28-b4e4-6fe7e1414a44,uuid:e473c65d-b440-4b28-b4e4-6fe7e1414a44
"Oct 21, 2025 4:36:32 PM","Oct 21, 2025 8:16:00 AM",IDSW100326,-25.9837768000,32.5919703000,32.8000000000,4.9160000000,Maputo_Cidade,kamavota,Tempestade,Emissario_EM,Aguas_residuais,Grag_sample,24,40,55,"","","","","","","",Sim,"","","",Sim,"",Sim,Sim,"","",Sim,"","","","",uuid:5dc99f54-1472-4452-a6d9-24e3b8ea4786,uuid:5dc99f54-1472-4452-a6d9-24e3b8ea4786
"Oct 21, 2025 4:36:32 PM","Oct 21, 2025 8:53:00 AM",IDSW100327,-25.9177572000,32.5382725000,32.1000000000,4.8000000000,Maputo_provincia,matola,ETAR,Vala_esgoto_VE,Aguas_residuais,Torpidos,25,40,51,"","","","","","","",Sim,"","","",Sim,"",Sim,Sim,"","","","","","","",uuid:45d23933-e681-412e-a512-5e77c9cdef63,uuid:45d23933-e681-412e-a512-5e77c9cdef63
"Oct 21, 2025 4:36:32 PM","Oct 21, 2025 8:58:00 AM",IDSW100328,-25.9177674000,32.5382159000,33.8000000000,4.7500000000,Maputo_provincia,matola,ETAR,Vala_esgoto_VE,Aguas_residuais,Moore_swab,25,40,50,"","","","","","","",Sim,"","","",Sim,"",Sim,Sim,"","",Sim,"","","","",uuid:0aceae61-338d-49be-872c-706efcf0c868,uuid:0aceae61-338d-49be-872c-706efcf0c868
"Oct 21, 2025 4:36:33 PM","Oct 21, 2025 9:00:00 AM",IDSW100329,-25.9177131000,32.5383723000,33.7000000000,4.9000000000,Maputo_provincia,matola,ETAR,Vala_esgoto_VE,Aguas_residuais,Grag_sample,25,40,50,"","","","","","","",Sim,"","","",Sim,"",Sim,Sim,"","",Sim,"","","","",uuid:298856c0-049b-42ea-9541-6e2b807617cc,uuid:298856c0-049b-42ea-9541-6e2b807617cc
"Oct 21, 2025 4:36:33 PM","Oct 21, 2025 9:06:00 AM",IDSW100330,-25.9184462000,32.5392235000,33.4000000000,4.8660000000,Maputo_Cidade,kamubukwana,ETAR,Entrada_ETAR,Aguas_residuais,Torpidos,25,40,50,"","","","","","","",Sim,"","","",Sim,"",Sim,Sim,"","","","","",INOCÊNCIO,"",uuid:e51228ff-5efb-4223-ba8c-340ecd970021,uuid:e51228ff-5efb-4223-ba8c-340ecd970021
"Oct 21, 2025 4:36:33 PM","Oct 21, 2025 9:11:00 AM",IDSW100331,-25.9184195000,32.5392647000,33.0000000000,4.7800000000,Maputo_Cidade,kamubukwana,ETAR,Entrada_ETAR,Aguas_residuais,Moore_swab,25,40,50,"","","","","","","",Sim,"","","",Sim,"",Sim,Sim,"","",Sim,"","",INOCÊNCIO,"",uuid:64e1f259-4e6a-4664-8560-cc88025311fe,uuid:64e1f259-4e6a-4664-8560-cc88025311fe
"Oct 21, 2025 4:36:33 PM","Oct 21, 2025 9:13:00 AM",IDSW100332,-25.9183900000,32.5392148000,32.7000000000,4.8660000000,Maputo_Cidade,kamubukwana,ETAR,Entrada_ETAR,Aguas_residuais,Grag_sample,25,40,50,"","","","","","","",Sim,"","","",Sim,"",Sim,Sim,"","",Sim,"","",INOCÊNCIO,"",uuid:ab1ce466-0072-4457-befe-003321b08d40,uuid:ab1ce466-0072-4457-befe-003321b08d40
"Oct 21, 2025 4:36:34 PM","Oct 21, 2025 9:22:00 AM",IDSW100335,-25.9186250000,32.5388585000,53.3000000000,4.4280000000,Maputo_Cidade,kamubukwana,ETAR,Cam_Cistern_CC,Aguas_residuais,Grag_sample,25,40,50,"","","","","","","",Sim,"","","",Sim,"",Sim,Sim,"","",Sim,"","",INOCÊNCIO,"",uuid:fa129cff-6f99-4340-8137-840d64f34d1e,uuid:fa129cff-6f99-4340-8137-840d64f34d1e
"Oct 21, 2025 4:36:34 PM","Oct 21, 2025 9:26:00 AM",IDSW100334,-25.9185966000,32.5388973000,53.3000000000,4.9660000000,Maputo_Cidade,kamubukwana,ETAR,Cam_Cistern_CC,Aguas_residuais,Moore_swab,25,40,50,"","","","","","","",Sim,"","","",Sim,"",Sim,Sim,"","",Sim,"","",INOCÊNCIO,"",uuid:99753b33-469c-4713-a377-05ec4fb1964a,uuid:99753b33-469c-4713-a377-05ec4fb1964a
"Oct 28, 2025 12:59:34 PM","Oct 28, 2025 8:43:00 AM",IDSWQ00023,-17.8836000000,36.8873200000,-3.4000000954,3.3830000000,Zambezia,quelimane,BRIZA,Emissario_EM,Aguas_residuais,Grag_sample,32,8,53,"","","","","","","",Sim,"","","",Sim,"",Sim,Sim,"","","","","",IDSLJ,"",uuid:d3fe2e0e-f8fa-44b3-a896-92a7b778a1c1,uuid:d3fe2e0e-f8fa-44b3-a896-92a7b778a1c1
"Oct 28, 2025 12:59:34 PM","Oct 28, 2025 7:28:00 AM",IDSWQ00022,-17.8796150000,36.8816283000,-3.5000000000,4.9200000000,Zambezia,quelimane,E_frente_Autor_Tributaria,Emissario_EM,Aguas_residuais,Moore_swab,32,8,53,"","","","","","","",Sim,"","","",Sim,"",Sim,Sim,"","","","","",IDSLJ,"",uuid:ba94b8b0-a93e-4537-9712-db16545c548e,uuid:ba94b8b0-a93e-4537-9712-db16545c548e
"Oct 28, 2025 12:59:35 PM","Oct 28, 2025 7:43:00 AM",IDSWQ00026,-17.8795783000,36.8816117000,-3.5000000000,5.0000000000,Zambezia,quelimane,E_frente_Autor_Tributaria,Emissario_EM,Aguas_residuais,Grag_sample,32,8,53,"","","","","","","",Sim,"","","",Sim,"",Sim,Sim,"","","","","",IDSLJ,"",uuid:a2012b38-85ad-4262-af5c-c713b22890ee,uuid:a2012b38-85ad-4262-af5c-c713b22890ee
"Oct 28, 2025 12:59:35 PM","Oct 28, 2025 8:03:00 AM",IDSWQ00021,-17.8808967000,36.8835733000,-5.0000000000,3.8280000000,Zambezia,quelimane,Piscina_Municipal,Emissario_EM,Aguas_residuais,Moore_swab,32,8,53,"","","","","","","",Sim,"","","",Sim,"",Sim,Sim,"","","","","",IDSLJ,"",uuid:a640f605-01a9-491b-bdd9-eb05f7435e19,uuid:a640f605-01a9-491b-bdd9-eb05f7435e19
"Oct 28, 2025 12:59:35 PM","Oct 28, 2025 8:07:00 AM",IDSWQ00025,-17.8809317000,36.8835383000,-2.6000003815,4.9850000000,Zambezia,quelimane,Piscina_Municipal,Emissario_EM,Aguas_residuais,Grag_sample,32,8,53,"","","","","","","",Sim,"","","",Sim,"",Sim,Sim,"","",Sim,"","",IDSLJ,"",uuid:08ec764c-3ca9-4942-bd17-da548e21fa5c,uuid:08ec764c-3ca9-4942-bd17-da548e21fa5c
"Oct 28, 2025 12:59:36 PM","Oct 28, 2025 8:21:00 AM",IDSWQ00024,-17.8819900000,36.8850617000,-2.4000000954,3.6850000000,Zambezia,quelimane,REFEBA,Emissario_EM,Aguas_residuais,Grag_sample,32,8,53,"","","","","","","",Sim,"","","",Sim,"",Sim,Sim,"","","","","",IDSLJ,"",uuid:9180ef9c-4713-458e-9096-0bb99c83b199,uuid:9180ef9c-4713-458e-9096-0bb99c83b199
"Oct 28, 2025 12:59:36 PM","Oct 28, 2025 8:27:00 AM",IDSWQ00020,-17.8819850000,36.8850417000,-2.4000000954,4.3000000000,Zambezia,quelimane,REFEBA,Emissario_EM,Aguas_residuais,Moore_swab,32,8,53,"","","","","","","",Sim,"","","",Sim,"",Sim,Sim,"","","","","",IDSLJ,"",uuid:657decc1-1b52-478d-9920-9cfc846170de,uuid:657decc1-1b52-478d-9920-9cfc846170de
"Oct 28, 2025 12:59:36 PM","Oct 28, 2025 8:38:00 AM",IDSWQ00019,-17.8835933000,36.8873250000,-3.4000000954,4.7500000000,Zambezia,quelimane,BRIZA,Emissario_EM,Aguas_residuais,Moore_swab,32,8,53,"","","","","","","",Sim,"","","",Sim,"",Sim,Sim,"","","","","",IDSLJ,"",uuid:e9d7af70-2e4d-4094-bf04-a1b329c99a8a,uuid:e9d7af70-2e4d-4094-bf04-a1b329c99a8a
"Oct 28, 2025 3:11:29 PM","Oct 28, 2025 8:45:00 AM",IDSWT00085,-16.1637488000,33.5982929000,120.0000000000,4.1000000000,Tete,tete,Quartel_Militar,Emissario_EM,Aguas_residuais,Moore_swab,34,40,43,"","","","","","","",Sim,"","","",Sim,"",Sim,Sim,"","","","","",Banquile Juliao,"",uuid:4dc1f9e9-6dde-449d-994a-43349715935a,uuid:4dc1f9e9-6dde-449d-994a-43349715935a
"Oct 28, 2025 3:11:29 PM","Oct 28, 2025 8:54:00 AM",IDSWT00086,-16.1637791000,33.5982050000,120.0000000000,5.0000000000,Tete,tete,Quartel_Militar,Emissario_EM,Aguas_residuais,Grag_sample,34,40,43,"","","","","","","",Sim,"","","",Sim,"",Sim,Sim,"","","","","",Banquile Juliao,"",uuid:1f2631b8-f028-412a-8b4c-c85b2a5afe1a,uuid:1f2631b8-f028-412a-8b4c-c85b2a5afe1a
"Oct 28, 2025 3:11:30 PM","Oct 28, 2025 8:13:00 AM",IDSWT00084,-16.1579683000,33.5922233000,119.9000015259,4.7750000000,Tete,tete,Paraiso_Misterioso,Emissario_EM,Aguas_residuais,Grag_sample,34,40,43,"","","","","","","",Sim,"","","",Sim,"",Sim,Sim,"","","","","",Banquile Juliao,"",uuid:ac6d1125-120e-4a30-9ed7-ae00e3446e57,uuid:ac6d1125-120e-4a30-9ed7-ae00e3446e57
"Oct 28, 2025 3:11:31 PM","Oct 28, 2025 8:09:00 AM",IDSWT00083,-16.1578533000,33.5922400000,107.9000000000,4.7000000000,Tete,tete,Paraiso_Misterioso,Emissario_EM,Aguas_residuais,Moore_swab,34,40,43,"","","","","","","",Sim,"","","",Sim,"",Sim,Sim,"","","","","",Banquile Juliao,"",uuid:035958ab-de8e-4f16-b76d-5eee34b21345,uuid:035958ab-de8e-4f16-b76d-5eee34b21345
"Oct 28, 2025 3:11:31 PM","Oct 28, 2025 8:01:00 AM",IDSWT00082,-16.1560267000,33.5903617000,123.2000000000,3.8330000000,Tete,tete,Mercado_do_Peixe,Emissario_EM,Aguas_residuais,Grag_sample,34,40,43,"","","","","","","",Sim,"","","",Sim,"",Sim,Sim,"","","","","",Banquile Juliao,"",uuid:dcb00d29-ed29-4d89-b9e8-c4ecbd8f13e0,uuid:dcb00d29-ed29-4d89-b9e8-c4ecbd8f13e0
"Oct 28, 2025 3:11:32 PM","Oct 28, 2025 7:55:00 AM",IDSWT00081,-16.1560183000,33.5903583000,123.5000000000,4.8660000000,Tete,tete,Mercado_do_Peixe,Emissario_EM,Aguas_residuais,Moore_swab,34,40,43,"","","","","","","",Sim,"","","",Sim,"",Sim,Sim,"","","","","",Banquile Juliao,"",uuid:803ad21c-7ecf-4598-a165-cf2be62a74e5,uuid:803ad21c-7ecf-4598-a165-cf2be62a74e5
"Oct 28, 2025 3:11:32 PM","Oct 28, 2025 7:45:00 AM",IDSWT00080,-16.1545283000,33.5885367000,143.2000122070,4.7160000000,Tete,tete,Registo,Emissario_EM,Aguas_residuais,Grag_sample,34,40,43,"","","","","","","",Sim,"","","",Sim,"",Sim,Sim,"","",Nao,"","",Banquile Julião,"",uuid:470a06b1-c0ef-47f7-806b-d5784e89d2e8,uuid:470a06b1-c0ef-47f7-806b-d5784e89d2e8
"Oct 28, 2025 3:11:33 PM","Oct 28, 2025 7:36:00 AM",IDSWT00079,-16.1545733000,33.5885817000,143.2000122070,4.6000000000,Tete,tete,Registo,Emissario_EM,Aguas_residuais,Moore_swab,34,40,43,"","","","","","","",Sim,"","","",Sim,"",Sim,Sim,"","","","","",Banquile Julião Balata,"",uuid:0b4b8da1-b28b-4800-9cfc-bec1abea86be,uuid:0b4b8da1-b28b-4800-9cfc-bec1abea86be
"Oct 29, 2025 7:50:15 AM","Oct 28, 2025 9:50:00 AM",IDSW100336,-25.9651233000,32.6023550000,52.2999992371,4.2000000000,Maputo_Cidade,kamavota,Presidencia,Emissario_EM,Lodo_fecal,Grag_sample,25,40,64,"","","","","","","",Sim,"","","",Sim,"",Sim,Sim,"","",Sim,"","",INOCÊNCIO,"",uuid:98ec13f1-e7e2-4ab9-83cb-31c947940a76,uuid:98ec13f1-e7e2-4ab9-83cb-31c947940a76
"Oct 29, 2025 7:50:16 AM","Oct 28, 2025 9:55:00 AM",IDSW100337,-25.9838385000,32.5919800000,52.2999992371,4.9330000000,Maputo_Cidade,kamavota,Tempestade,Vala_esgoto_VE,Lodo_fecal,Torpidos,25,40,64,"","","","","","","",Sim,"","","",Sim,"",Sim,Sim,"","","","","",INOCÊNCIO,"",uuid:f42ae920-5162-44a3-b654-6f2172d25f29,uuid:f42ae920-5162-44a3-b654-6f2172d25f29
"Oct 29, 2025 7:50:16 AM","Oct 28, 2025 10:01:00 AM",IDSW100339,-25.9838298000,32.5919949000,52.2999992371,4.6600000000,Maputo_Cidade,kamavota,Tempestade,Emissario_EM,Lodo_fecal,Grag_sample,25,40,64,"","","","","","","",Sim,"","","",Sim,"",Sim,Sim,"","",Sim,"","",INOCÊNCIO,"",uuid:999dfb0b-788a-4885-9453-562d7af6e555,uuid:999dfb0b-788a-4885-9453-562d7af6e555
"Oct 29, 2025 7:50:17 AM","Oct 28, 2025 10:04:00 AM",IDSW100338,-25.9838354000,32.5919499000,52.2999992371,5.0000000000,Maputo_Cidade,kamavota,Tempestade,Emissario_EM,Aguas_residuais,Moore_swab,25,40,64,"","","","","","","",Sim,"","","",Sim,"",Sim,Sim,"","",Sim,"","",INOCÊNCIO,"",uuid:78a51fe1-35a2-449b-af86-6020606fe6b2,uuid:78a51fe1-35a2-449b-af86-6020606fe6b2
"Oct 29, 2025 7:50:17 AM","Oct 28, 2025 10:41:00 AM",IDSW100340,-25.9177422000,32.5382856000,26.4000015259,4.8800000000,Maputo_provincia,matola,ETAR,Vala_esgoto_VE,Aguas_residuais,Torpidos,26,40,64,"","","","","","","",Sim,"","","",Sim,"",Sim,Sim,"","","","","",INOCÊNCIO,"",uuid:d9230f07-0f66-478b-99ea-95c94bbd541f,uuid:d9230f07-0f66-478b-99ea-95c94bbd541f
"Oct 29, 2025 7:50:17 AM","Oct 28, 2025 10:42:00 AM",IDSW100341,-25.9177738000,32.5382536000,26.4000015259,4.9000000000,Maputo_provincia,matola,ETAR,Vala_esgoto_VE,Aguas_residuais,Moore_swab,26,40,64,"","","","","","","",Sim,"","","",Sim,"",Sim,Sim,"","",Sim,"","",INOCÊNCIO,"",uuid:5a9730fe-25ee-4683-a286-53e613d4b2bf,uuid:5a9730fe-25ee-4683-a286-53e613d4b2bf
"Oct 29, 2025 7:50:18 AM","Oct 28, 2025 10:44:00 AM",IDSW100342,-25.9176558000,32.5383296000,26.4000015259,4.9600000000,Maputo_provincia,matola,ETAR,Vala_esgoto_VE,Aguas_residuais,Grag_sample,26,40,64,"","","","","","","",Sim,"","","",Sim,"",Sim,Sim,"","",Sim,"","",INOCÊNCIO,"",uuid:2d464a60-30f8-463e-b1c2-ad1ea84c559b,uuid:2d464a60-30f8-463e-b1c2-ad1ea84c559b
"Oct 29, 2025 7:50:18 AM","Oct 28, 2025 10:49:00 AM",IDSW100343,-25.9184386000,32.5392519000,26.4000015259,4.8160000000,Maputo_Cidade,kamubukwana,ETAR,Entrada_ETAR,Aguas_residuais,Torpidos,26,40,64,"","","","","","","",Sim,"","","",Sim,"",Sim,Sim,"","","","","",INOCÊNCIO,"",uuid:e78d1d95-c37f-435d-8bdc-066e31d6c90a,uuid:e78d1d95-c37f-435d-8bdc-066e31d6c90a
"Oct 29, 2025 7:50:18 AM","Oct 28, 2025 10:51:00 AM",IDSW100344,-25.9184263000,32.5392196000,26.4000015259,4.9500000000,Maputo_Cidade,kamubukwana,ETAR,Entrada_ETAR,Aguas_residuais,Moore_swab,26,40,64,"","","","","","","",Sim,"","","",Sim,"",Sim,Sim,"","",Sim,"","",INOCÊNCIO,"",uuid:f4a078ef-81bb-4bc6-b175-63a8798ba003,uuid:f4a078ef-81bb-4bc6-b175-63a8798ba003
"Oct 29, 2025 7:50:19 AM","Oct 28, 2025 10:52:00 AM",IDSW100345,-25.9184301000,32.5393033000,26.4000015259,4.9000000000,Maputo_Cidade,kamubukwana,ETAR,Entrada_ETAR,Aguas_residuais,Grag_sample,26,40,64,"","","","","","","",Sim,"","","",Sim,"",Sim,Sim,"","",Sim,"","",INOCÊNCIO,"",uuid:b9f708d0-48a7-43fe-ac26-4d363b0754c0,uuid:b9f708d0-48a7-43fe-ac26-4d363b0754c0
"Oct 29, 2025 7:50:19 AM","Oct 28, 2025 10:55:00 AM",IDSW100346,-25.9186986000,32.5387531000,26.4000015259,4.9500000000,Maputo_Cidade,kamubukwana,ETAR,Cam_Cistern_CC,Aguas_residuais,Torpidos,26,40,64,"","","","","","","",Sim,"","","",Sim,"",Sim,Sim,"","","","","",INOCÊNCIO,"",uuid:0df3995b-d043-4d16-9e98-7d1a61e0c68f,uuid:0df3995b-d043-4d16-9e98-7d1a61e0c68f
"Oct 29, 2025 7:50:19 AM","Oct 28, 2025 10:57:00 AM",IDSW100347,-25.9186606000,32.5387637000,26.4000015259,4.8600000000,Maputo_Cidade,kamubukwana,ETAR,Cam_Cistern_CC,Aguas_residuais,Moore_swab,26,40,64,"","","","","","","",Sim,"","","",Sim,"",Sim,Sim,"","",Sim,"","",INOCÊNCIO,"",uuid:5fe7e6ac-7c04-47c8-97e7-54e56ad5d3a9,uuid:5fe7e6ac-7c04-47c8-97e7-54e56ad5d3a9
"Oct 29, 2025 7:50:20 AM","Oct 28, 2025 10:59:00 AM",IDSW100348,-25.9186654000,32.5387948000,36.9000000000,4.8000000000,Maputo_Cidade,kamubukwana,ETAR,Cam_Cistern_CC,Aguas_residuais,Grag_sample,26,40,64,"","","","","","","",Sim,"","","",Sim,"",Sim,Sim,"","",Sim,"","",INOCÊNCIO,"",uuid:ad465647-fd3f-49d6-ad52-05f523b1f12f,uuid:ad465647-fd3f-49d6-ad52-05f523b1f12f
"Nov 4, 2025 11:12:40 AM","Nov 4, 2025 8:43:00 AM",IDSWT00099,-16.1637083000,33.5981700000,120.0000000000,4.0500000000,Tete,tete,Quartel_Militar,Emissario_EM,Aguas_residuais,Moore_swab,36,40,56,"","","","","","","",Sim,"","","",Sim,"",Sim,Sim,"","","","","",Banquile Balata,"",uuid:715f51cc-793f-4cd5-9e04-870ea7006174,uuid:715f51cc-793f-4cd5-9e04-870ea7006174
"Nov 4, 2025 11:12:41 AM","Nov 4, 2025 8:49:00 AM",IDSWT00100,-16.1637667000,33.5982867000,121.5000000000,4.9000000000,Tete,tete,Quartel_Militar,Emissario_EM,Aguas_residuais,Grag_sample,36,40,56,"","","","","","","",Sim,"","","",Sim,"",Sim,Sim,"","","","","",Banquile Balata,"",uuid:37b8a730-3e4c-4d2f-b170-c4829a6137f2,uuid:37b8a730-3e4c-4d2f-b170-c4829a6137f2
"Nov 4, 2025 11:12:41 AM","Nov 4, 2025 9:08:00 AM",IDSWT00101,-16.1578757000,33.5922259000,119.9000015259,4.5000000000,Tete,tete,Paraiso_Misterioso,Emissario_EM,Aguas_residuais,Moore_swab,36,40,56,"","","","","","","",Sim,"","","",Sim,"",Sim,Sim,"","","","","",Banquile Balata,"",uuid:112ac4d6-c277-478a-8c76-49a8ed0c075c,uuid:112ac4d6-c277-478a-8c76-49a8ed0c075c
"Nov 4, 2025 11:12:42 AM","Nov 4, 2025 9:12:00 AM",IDSWT00102,-16.1579100000,33.5922217000,119.9000015259,4.3000000000,Tete,tete,Paraiso_Misterioso,Emissario_EM,Aguas_residuais,Moore_swab,36,40,56,"","","","","","","",Sim,"","","",Sim,"",Sim,Sim,"","","","","",Banquile Balata,"",uuid:5e02a605-6ab6-4fdd-8c42-308e0ddf4dd9,uuid:5e02a605-6ab6-4fdd-8c42-308e0ddf4dd9
"Nov 4, 2025 11:12:42 AM","Nov 4, 2025 9:23:00 AM",IDSWT00103,-16.1560236000,33.5903081000,119.1999969482,4.8170000000,Tete,tete,Mercado_do_Peixe,Emissario_EM,Aguas_residuais,Moore_swab,36,40,56,"","","","","","","",Sim,"","","",Sim,"",Sim,Sim,"","","","","",Banquile Balata,"",uuid:fc11f594-8597-4030-afae-2c9a185276a5,uuid:fc11f594-8597-4030-afae-2c9a185276a5
"Nov 4, 2025 11:12:43 AM","Nov 4, 2025 9:26:00 AM",IDSWT00104,-16.1559149000,33.5903800000,119.1999969482,3.1160000000,Tete,tete,Mercado_do_Peixe,Emissario_EM,Aguas_residuais,Grag_sample,36,40,56,"","","","","","","",Sim,"","","",Sim,"",Sim,Sim,"","","","","",Banquile Balata,"",uuid:21ab9080-7d50-498b-9b1b-4b4597c2a4fd,uuid:21ab9080-7d50-498b-9b1b-4b4597c2a4fd
"Nov 4, 2025 11:12:43 AM","Nov 4, 2025 10:32:00 AM",IDSWT00105,-16.1547232000,33.5885508000,122.8000030518,4.8720000000,Tete,tete,Registo,Emissario_EM,Aguas_residuais,Moore_swab,36,40,56,"","","","","","","",Sim,"","","",Sim,"",Sim,Sim,"","","","","",Banquile Balata,"",uuid:3f10b7bb-9298-41a9-9e8d-2b26db9e967f,uuid:3f10b7bb-9298-41a9-9e8d-2b26db9e967f
"Nov 4, 2025 11:12:44 AM","Nov 4, 2025 10:34:00 AM",IDSWT00106,-16.1545594000,33.5885547000,122.8000030518,4.6750000000,Tete,tete,Registo,Emissario_EM,Aguas_residuais,Grag_sample,36,40,56,"","","","","","","",Sim,"","","",Sim,"",Sim,Sim,"","","","","",Banquile Balata,"",uuid:c58ebb0b-055a-4d0e-b4a2-72ee3e93fb0a,uuid:c58ebb0b-055a-4d0e-b4a2-72ee3e93fb0a
"Nov 4, 2025 1:02:08 PM","Nov 4, 2025 8:22:00 AM",IDSW100361,-25.9177033000,32.5383183000,23.2000000000,2.4000000000,Maputo_provincia,matola,ETAR,Entrada_ETAR,Aguas_residuais,Grag_sample,27,24,59,"","","","","","","",Sim,"","","",Sim,"",Sim,Sim,"","","","","",LINA TEMBE,"",uuid:9351617c-21b7-4da7-a114-3285483671ad,uuid:9351617c-21b7-4da7-a114-3285483671ad
"Nov 4, 2025 1:02:08 PM","Nov 4, 2025 8:29:00 AM",IDSW100362,-25.9176957000,32.5383081000,26.7000007629,4.3000000000,Maputo_provincia,matola,ETAR,Entrada_ETAR,Aguas_residuais,Moore_swab,27,24,59,"","","","","","","",Sim,"","","",Sim,"",Sim,Sim,"","",Sim,"","",LINA TEMBE,"",uuid:e92733a8-977e-4da4-8d0b-2d33ac0e4f38,uuid:e92733a8-977e-4da4-8d0b-2d33ac0e4f38
"Nov 4, 2025 1:02:09 PM","Nov 4, 2025 8:32:00 AM",IDSW100363,-25.9176997000,32.5383272000,26.7000007629,3.9140000000,Maputo_provincia,matola,ETAR,Entrada_ETAR,Aguas_residuais,Torpidos,27,24,59,"","","","","","","",Sim,"","","",Sim,"",Sim,Sim,"","",Sim,"","","","",uuid:218c15f6-dcb6-4bd0-b11c-9153cd3dd7a0,uuid:218c15f6-dcb6-4bd0-b11c-9153cd3dd7a0
"Nov 4, 2025 1:02:09 PM","Nov 4, 2025 8:36:00 AM",IDSW100364,-25.9184121000,32.5392316000,26.7000007629,4.5000000000,Maputo_Cidade,kamubukwana,ETAR,Entrada_ETAR,Aguas_residuais,Moore_swab,27,24,59,"","","","","","",Sim,Sim,"","","",Sim,"",Sim,Sim,"","",Sim,"","",Lina Tembe,"",uuid:e2fa560c-cb09-458d-8cea-69e1233d7205,uuid:e2fa560c-cb09-458d-8cea-69e1233d7205
"Nov 4, 2025 1:02:10 PM","Nov 4, 2025 8:42:00 AM",IDSW100365,-25.9184182000,32.5390457000,26.7000007629,4.5250000000,Maputo_Cidade,kamubukwana,ETAR,Entrada_ETAR,Aguas_residuais,Torpidos,27,24,56,"","","","","","","",Sim,"","","",Sim,"",Sim,Sim,"","","","","",Lina Tembe,"",uuid:cd61dda1-ff14-479d-b590-d47c69675c22,uuid:cd61dda1-ff14-479d-b590-d47c69675c22
"Nov 4, 2025 1:02:11 PM","Nov 4, 2025 8:46:00 AM",IDSW100366,-25.9183884000,32.5392662000,26.7000007629,4.6000000000,Maputo_Cidade,kamubukwana,ETAR,Entrada_ETAR,Aguas_residuais,Grag_sample,27,24,56,"","","","","","","",Sim,"","","",Sim,"",Sim,Sim,"","",Sim,"","",Lina Tembe,"",uuid:05fa7c8f-5258-451a-9d1d-eb55516205f6,uuid:05fa7c8f-5258-451a-9d1d-eb55516205f6
"Nov 4, 2025 1:02:11 PM","Nov 4, 2025 8:51:00 AM",IDSW100367,-25.9186462000,32.5388422000,26.7000007629,4.3000000000,Maputo_Cidade,kamubukwana,ETAR,Entrada_ETAR,Aguas_residuais,Grag_sample,27,24,56,"","","","","","","",Sim,"","","",Sim,"",Sim,Sim,"","",Sim,"","",Lina Tembe,"",uuid:2599db2d-df98-4153-8941-8ac626d0182f,uuid:2599db2d-df98-4153-8941-8ac626d0182f
"Nov 4, 2025 1:02:12 PM","Nov 4, 2025 8:54:00 AM",IDSW100369,-25.9187046000,32.5389656000,21.2000000000,4.9000000000,Maputo_Cidade,kamubukwana,ETAR,Entrada_ETAR,Aguas_residuais,Moore_swab,27,24,56,"","","","","","",Sim,Sim,"","","",Sim,"",Sim,Sim,"","",Sim,"","",Lina Tembe,"",uuid:0cb1cd15-1ab5-4b02-a10d-07853d998793,uuid:0cb1cd15-1ab5-4b02-a10d-07853d998793
"Nov 4, 2025 1:02:12 PM","Nov 4, 2025 8:56:00 AM",IDSW100368,-25.9186034000,32.5387643000,22.4000000000,4.6500000000,Maputo_Cidade,kamubukwana,ETAR,Entrada_ETAR,Aguas_residuais,Torpidos,27,24,59,"","","","","","",Sim,Sim,"","","",Sim,"",Sim,Sim,"","","","","",Lina Tembe,"",uuid:8377f36d-cbf2-4044-b878-aa9f865749ad,uuid:8377f36d-cbf2-4044-b878-aa9f865749ad
"Nov 4, 2025 1:02:13 PM","Nov 4, 2025 9:20:00 AM",IDSW100370,-25.9650866000,32.6023352000,5.9000000000,4.5250000000,Maputo_Cidade,khampfumo,Presidencia,Vala_esgoto_VE,Aguas_residuais,Grag_sample,28,24,57,"","","","","","",Sim,Sim,"","","",Sim,"",Sim,Sim,"","",Sim,"","",Lina Tembe,"",uuid:f75e3e49-7cf6-438c-92dc-01776f80ae75,uuid:f75e3e49-7cf6-438c-92dc-01776f80ae75
"Nov 4, 2025 1:02:13 PM","Nov 4, 2025 9:31:00 AM",IDSW100371,-25.9838633000,32.5918983000,22.6000000000,5.0000000000,Maputo_Cidade,khampfumo,Tempestade,Emissario_EM,Aguas_residuais,Grag_sample,28,8,56,"","","","","","","",Sim,"","","",Sim,"",Sim,Sim,"","",Sim,"","","","",uuid:9eb4a57a-32cd-474b-903b-c331e028c691,uuid:9eb4a57a-32cd-474b-903b-c331e028c691
"Nov 4, 2025 1:02:14 PM","Nov 4, 2025 9:36:00 AM",IDSW100372,-25.9838866000,32.5919299000,28.1000000000,4.4000000000,Maputo_Cidade,khampfumo,Tempestade,Emissario_EM,Aguas_residuais,Moore_swab,28,24,56,"","","","","","","",Sim,"","","",Sim,"",Sim,Sim,"","",Sim,"","","","",uuid:6a646f7b-a4cc-4cfd-8420-32f18ed30b17,uuid:6a646f7b-a4cc-4cfd-8420-32f18ed30b17
"Nov 4, 2025 1:02:14 PM","Nov 4, 2025 9:38:00 AM",IDSW100373,-25.9839172000,32.5917231000,19.2000000000,4.7870000000,Maputo_Cidade,khampfumo,Tempestade,Emissario_EM,Aguas_residuais,Torpidos,28,24,56,"","","","","","","",Sim,"","","",Sim,"",Sim,Sim,"","","","","","","",uuid:91c0b696-55ed-4b6f-a91c-6600b3f3283c,uuid:91c0b696-55ed-4b6f-a91c-6600b3f3283c
"Nov 5, 2025 3:40:27 AM","Nov 4, 2025 8:49:00 AM",IDSWQ00034,-17.8797359000,36.8816136000,-2.3000001907,4.9660000000,Zambezia,quelimane,E_frente_Autor_Tributaria,Emissario_EM,Aguas_residuais,Grag_sample,31,8,81,"","","","","","","",Sim,"","","",Sim,"",Sim,Sim,"","","","","",IDSLJ,"",uuid:f54c891d-ea02-4833-a5fa-b88c86cae0cc,uuid:f54c891d-ea02-4833-a5fa-b88c86cae0cc
"Nov 5, 2025 3:40:29 AM","Nov 4, 2025 8:56:00 AM",IDSWQ00030,-17.8796458000,36.8816009000,-3.6000003815,4.4500000000,Zambezia,quelimane,E_frente_Autor_Tributaria,Emissario_EM,Aguas_residuais,Moore_swab,31,8,81,"","","","","","","",Sim,"","","",Sim,"",Sim,Sim,"","","","","",IDSLJ,"",uuid:99075227-056c-41cc-888c-607685088d1e,uuid:99075227-056c-41cc-888c-607685088d1e
"Nov 5, 2025 3:40:29 AM","Nov 4, 2025 9:19:00 AM",IDSWQ00029,-17.8809297000,36.8835073000,-2.6000003815,3.3600000000,Zambezia,quelimane,Piscina_Municipal,Emissario_EM,Aguas_residuais,Moore_swab,31,8,81,"","","","","","","",Sim,"","","",Sim,"",Sim,Sim,"","","","","",IDSLJ,"",uuid:776a6c49-66c8-4917-b760-4e6c61f24539,uuid:776a6c49-66c8-4917-b760-4e6c61f24539
"Nov 5, 2025 3:40:30 AM","Nov 4, 2025 9:22:00 AM",IDSWQ00033,-17.8810300000,36.8833782000,-2.6000003815,4.4870000000,Zambezia,quelimane,Piscina_Municipal,Emissario_EM,Aguas_residuais,Grag_sample,31,8,81,"","","","","","","",Sim,"",Sim,"",Sim,"",Sim,Sim,"","","","","",IDSLJ,"",uuid:b62a3cb8-ff86-46c2-8cbb-2c7a575e0e6e,uuid:b62a3cb8-ff86-46c2-8cbb-2c7a575e0e6e
"Nov 5, 2025 3:40:31 AM","Nov 4, 2025 9:38:00 AM",IDSWQ00030,-17.8819820000,36.8850831000,-2.3000001907,4.8370000000,Zambezia,quelimane,REFEBA,Emissario_EM,Aguas_residuais,Moore_swab,31,8,80,"","","","","","","",Sim,"","","",Sim,"",Sim,Sim,"","","","","",IDSLJ,"",uuid:02c02be0-b468-4490-b7a3-54f98b155226,uuid:02c02be0-b468-4490-b7a3-54f98b155226
"Nov 5, 2025 3:40:32 AM","Nov 4, 2025 9:42:00 AM",IDSWQ00032,-17.8818540000,36.8853143000,-2.3000001907,4.6000000000,Zambezia,quelimane,REFEBA,Emissario_EM,Aguas_residuais,Grag_sample,31,8,80,"","","","","","","",Sim,"","","",Sim,"",Sim,Sim,"","","","","",IDSLJ,"",uuid:ab2c3724-fa0e-4ac0-94f1-c7964202c900,uuid:ab2c3724-fa0e-4ac0-94f1-c7964202c900
"Nov 5, 2025 3:40:32 AM","Nov 4, 2025 9:53:00 AM",IDSWQ00031,-17.8836267000,36.8873550000,-2.3000001907,4.8500000000,Zambezia,quelimane,BRIZA,Emissario_EM,Aguas_residuais,Grag_sample,31,8,80,"","","","","","","",Sim,"","","",Sim,"",Sim,Sim,"","","","","",IDSLJ,"",uuid:12bd962b-12c5-4afd-b0de-4301db1011de,uuid:12bd962b-12c5-4afd-b0de-4301db1011de
"Nov 5, 2025 5:43:02 AM","Nov 4, 2025 5:53:00 AM",IDSW100374,-25.9143948000,32.5915711000,63.7947998047,4.5250000000,Maputo_Cidade,kamavota,Registo,Fonte_de_distribuicao,Agua_de_consumo,Grag_sample,50,40,99,"","","","","","","",Sim,"","","",Sim,"",Nao,Nao,Nao,Sim,Sim,Sim,Microbiologia e Fisioquimico,Diocreciano Bero,A1,uuid:41a610b0-cc20-4557-b5ff-a1d9b596d2b3,uuid:41a610b0-cc20-4557-b5ff-a1d9b596d2b3
"Nov 5, 2025 5:43:02 AM","Nov 4, 2025 6:16:00 AM",IDSW100375,-25.8867785000,32.6096469000,73.4000015259,3.7900000000,Maputo_Cidade,kamavota,Registo,Fonte_de_distribuicao,Agua_de_consumo,Grag_sample,50,40,99,"","","","","","","",Sim,"","","",Sim,"",Nao,Nao,"","","","","",Diocreciano Bero,Microbiologia e Fisioquimico,uuid:96d30d77-76b4-4f1b-aec0-4f8480c079c1,uuid:96d30d77-76b4-4f1b-aec0-4f8480c079c1
"Nov 5, 2025 5:43:03 AM","Nov 4, 2025 6:32:00 AM",IDSW100376,-25.8763654000,32.6076954000,69.0580444336,4.1300000000,Maputo_Cidade,kamavota,Registo,Fonte_de_distribuicao,Agua_de_consumo,Grag_sample,50,40,99,"","","","","","","",Sim,"",Nao,"",Sim,"",Nao,Nao,"","","","","",Diocreciano Bero,Amostra 3 (FIPAG),uuid:6ca16e58-1ae3-4f39-b078-65f6f9198515,uuid:6ca16e58-1ae3-4f39-b078-65f6f9198515
"Nov 5, 2025 5:43:03 AM","Nov 4, 2025 6:58:00 AM",IDSW100377,-25.8501320000,32.6248957000,63.3913574219,4.1340000000,Maputo_Cidade,kamavota,Registo,Fonte_de_distribuicao,Agua_de_consumo,Grag_sample,50,40,99,"","","","","","","",Sim,"",Nao,Nao,Sim,"",Nao,Nao,Nao,Nao,Sim,Sim,Microbiologia e Fisioquimico,Diocreciano Bero,A4,uuid:c4164d2d-2209-4c4f-b516-2fd6d91ccaf9,uuid:c4164d2d-2209-4c4f-b516-2fd6d91ccaf9
"Nov 5, 2025 5:43:03 AM","Nov 4, 2025 7:18:00 AM",IDSW100378,-25.8381459000,32.6247620000,59.3944702148,3.7900000000,Maputo_Cidade,kamavota,Registo,Fonte_de_distribuicao,Agua_de_consumo,Grag_sample,50,40,99,"","","","","","",Sim,Sim,"","","",Sim,"",Nao,Nao,"","","",Sim,Microbiologia e Fisio-quimico,Diocreciano Bero,Amostra 5,uuid:5e8d7a20-ec9b-424a-8bf8-73f5c1c09eec,uuid:5e8d7a20-ec9b-424a-8bf8-73f5c1c09eec
"Nov 5, 2025 5:43:03 AM","Nov 4, 2025 7:37:00 AM",IDSW100379,-25.8439629000,32.6338037000,67.5319824219,4.3060000000,Maputo_Cidade,kamavota,Registo,Fonte_de_distribuicao,Agua_de_consumo,Grag_sample,50,40,99,"","","","","","","",Sim,"",Nao,Nao,Sim,"",Nao,Nao,"","","",Sim,Microbiologia e Fisio-quimico,Diocreciano Bero,"Amostra 6, abastece a 739 familias",uuid:e7a0c8e3-f253-44ab-9855-26841df980f2,uuid:e7a0c8e3-f253-44ab-9855-26841df980f2
"Nov 11, 2025 12:15:59 PM","Nov 11, 2025 10:09:00 AM",IDSWQ00039,-17.8835431000,36.8873836000,-3.5000000000,4.8160000000,Zambezia,quelimane,BRIZA,Emissario_EM,Aguas_residuais,Grag_sample,31,8,83,"","","","","","","",Sim,"","","",Sim,"",Sim,Sim,"","","","","",IDSLJ,"",uuid:57eafdec-75ac-4a93-85f9-87745c8becd3,uuid:57eafdec-75ac-4a93-85f9-87745c8becd3
"Nov 11, 2025 12:16:00 PM","Nov 11, 2025 10:05:00 AM",IDSWQ00035,-17.8835962000,36.8873482000,-3.5000000000,4.9330000000,Zambezia,quelimane,BRIZA,Emissario_EM,Aguas_residuais,Moore_swab,31,8,83,"","","","","","","",Sim,"","","",Sim,"",Sim,Sim,"","","","","",IDSLJ,"",uuid:a9c3f5ff-5e51-4a60-8468-daf742ae8bf9,uuid:a9c3f5ff-5e51-4a60-8468-daf742ae8bf9
"Nov 11, 2025 12:16:00 PM","Nov 11, 2025 10:25:00 AM",IDSWQ00040,-17.8813379000,36.8843576000,-3.5000000000,4.9710000000,Zambezia,quelimane,REFEBA,Emissario_EM,Aguas_residuais,Moore_swab,31,8,83,"","","","","","","",Sim,"","","",Sim,"",Sim,Sim,"","","","","",IDSLJ,"",uuid:f328ac72-b8dd-4da2-bd1c-eaae13c6cf17,uuid:f328ac72-b8dd-4da2-bd1c-eaae13c6cf17
"Nov 11, 2025 12:16:01 PM","Nov 11, 2025 10:29:00 AM",IDSWQ00036,-17.8819956000,36.8850303000,-3.5000000000,4.7500000000,Zambezia,quelimane,REFEBA,Emissario_EM,Aguas_residuais,Grag_sample,31,8,83,"","","","","","","",Sim,"","","",Sim,"",Sim,Sim,"","","","","",IDSLJ,"",uuid:038cea87-1272-475e-8818-29af2c7e52ec,uuid:038cea87-1272-475e-8818-29af2c7e52ec
"Nov 11, 2025 12:16:01 PM","Nov 11, 2025 10:42:00 AM",IDSWQ00037,-17.8809299000,36.8834397000,-3.5000000000,4.4660000000,Zambezia,quelimane,Piscina_Municipal,Emissario_EM,Aguas_residuais,Moore_swab,31,8,83,"","","","","","","",Sim,"","","",Sim,"",Sim,Sim,"","","","","",IDSLJ,"",uuid:077ef512-4962-4887-9094-689bdd2283ea,uuid:077ef512-4962-4887-9094-689bdd2283ea
"Nov 11, 2025 12:16:01 PM","Nov 11, 2025 10:45:00 AM",IDSWQ00041,-17.8809683000,36.8834430000,-3.5000000000,4.5000000000,Zambezia,quelimane,Piscina_Municipal,Emissario_EM,Aguas_residuais,Grag_sample,31,8,83,"","","","","","","",Sim,"","","",Sim,"",Sim,Sim,"","","","","",IDSLJ,"",uuid:6c492a91-4448-462d-9c2d-a429caf7df52,uuid:6c492a91-4448-462d-9c2d-a429caf7df52
"Nov 11, 2025 12:16:02 PM","Nov 11, 2025 11:01:00 AM",IDSWQ00038,-17.8796329000,36.8817267000,-3.5000000000,4.6800000000,Zambezia,quelimane,E_frente_Autor_Tributaria,Emissario_EM,Aguas_residuais,Moore_swab,31,8,83,"","","","","","","",Sim,"","","",Sim,"",Sim,Sim,"","","","","",IDSLJ,"",uuid:5e49f563-8e54-4782-b13e-ab4a7f358634,uuid:5e49f563-8e54-4782-b13e-ab4a7f358634
"Nov 11, 2025 12:16:02 PM","Nov 11, 2025 11:07:00 AM",IDSWQ00042,-17.8796212000,36.8816279000,-3.5000000000,4.4280000000,Zambezia,quelimane,E_frente_Autor_Tributaria,Emissario_EM,Aguas_residuais,Grag_sample,31,8,83,"","","","","","","",Sim,"","","",Sim,"",Sim,Sim,"","","","","",IDSLJ,"",uuid:3cab6572-1c48-4722-8dd4-3f29644c04dc,uuid:3cab6572-1c48-4722-8dd4-3f29644c04dc
"Nov 12, 2025 10:52:06 AM","Nov 12, 2025 6:52:00 AM",IDSWT00107,-16.1545882000,33.5885487000,122.5999984741,4.6050000000,Tete,tete,Registo,Emissario_EM,Aguas_residuais,Grag_sample,34,40,46,"","","","","","","",Sim,"","","",Sim,"",Sim,Sim,"","","","","",Banquile Balata,"",uuid:93fcc437-4bd3-447b-bc04-1f90c84bb86e,uuid:93fcc437-4bd3-447b-bc04-1f90c84bb86e
"Nov 12, 2025 10:52:07 AM","Nov 12, 2025 6:59:00 AM",IDSWT00108,-16.1546837000,33.5884996000,122.5999984741,4.6440000000,Tete,tete,Registo,Emissario_EM,Aguas_residuais,Moore_swab,34,40,56,"","","","","","","",Sim,"","","",Sim,"",Sim,Sim,"","","","","",Banquile Balata,"",uuid:e16fffa5-01e9-4c70-9531-f6b375029cbc,uuid:e16fffa5-01e9-4c70-9531-f6b375029cbc
"Nov 12, 2025 10:52:07 AM","Nov 12, 2025 7:07:00 AM",IDSWT00109,-16.1561286000,33.5904176000,119.9000015259,4.7500000000,Tete,tete,Mercado_do_Peixe,Emissario_EM,Aguas_residuais,Grag_sample,34,40,56,"","","","","","","",Sim,"","","",Sim,"",Sim,Sim,"","","","","",Banquile Balata,"",uuid:851cbc5f-6c71-44a2-a560-13a55dc49f21,uuid:851cbc5f-6c71-44a2-a560-13a55dc49f21
"Nov 12, 2025 10:52:08 AM","Nov 12, 2025 7:10:00 AM",IDSWT00110,-16.1560363000,33.5902762000,119.9000015259,4.1830000000,Tete,tete,Mercado_do_Peixe,Emissario_EM,Aguas_residuais,Moore_swab,34,40,56,"","","","","","","",Sim,"","","",Sim,"",Sim,Sim,"","","","","",Banquile Balata,"",uuid:ecab5038-3dfa-4199-8955-9406eaa92240,uuid:ecab5038-3dfa-4199-8955-9406eaa92240
"Nov 12, 2025 10:52:08 AM","Nov 12, 2025 7:23:00 AM",IDSWT00111,-16.1578781000,33.5922589000,119.8000030518,4.6500000000,Tete,tete,Paraiso_Misterioso,Emissario_EM,Aguas_residuais,Grag_sample,34,40,56,"","","","","","","",Sim,"","","",Sim,"",Sim,Sim,"","","","","",Banquile Balata,"",uuid:7a08449d-996f-4cf8-b13a-2d34cb625a34,uuid:7a08449d-996f-4cf8-b13a-2d34cb625a34
"Nov 12, 2025 10:52:09 AM","Nov 12, 2025 7:25:00 AM",IDSWT00112,-16.1578839000,33.5922098000,119.8000030518,4.8330000000,Tete,tete,Paraiso_Misterioso,Emissario_EM,Aguas_residuais,Moore_swab,34,40,56,"","","","","","","",Sim,"","","",Sim,"",Sim,Sim,"","","","","",Banquile Balata,"",uuid:6e0c5b24-2333-45f3-b0ec-edd433da5251,uuid:6e0c5b24-2333-45f3-b0ec-edd433da5251
"Nov 12, 2025 10:52:09 AM","Nov 12, 2025 7:35:00 AM",IDSWT00113,-16.1637674000,33.5982331000,120.9000015259,4.4500000000,Tete,tete,Quartel_Militar,Emissario_EM,Aguas_residuais,Grag_sample,34,40,56,"","","","","","","",Sim,"","","",Sim,"",Sim,Sim,"","","","","",Banquile Balata,"",uuid:06b31ff6-adde-454f-b2c9-cfae1dd88356,uuid:06b31ff6-adde-454f-b2c9-cfae1dd88356
"Nov 12, 2025 10:52:10 AM","Nov 12, 2025 7:41:00 AM",IDSWT00114,-16.1638006000,33.5982103000,120.0000000000,2.7870000000,Tete,tete,Quartel_Militar,Emissario_EM,Aguas_residuais,Moore_swab,34,40,56,"","","","","","","",Sim,"","","",Sim,"",Sim,Sim,"","","","","",Banquile Balata,"",uuid:bb4bd9ee-6640-4f62-8a0c-e4b6c0c98956,uuid:bb4bd9ee-6640-4f62-8a0c-e4b6c0c98956
"Nov 12, 2025 1:00:41 PM","May 27, 2025 11:47:00 AM",IDSW100089,-25.9177303000,32.5382721000,28.4000000000,2.7570000000,Maputo_Cidade,kamubukwana,ETAR,Vala_esgoto_VE,Aguas_residuais,Moore_swab,28.2,40,57,"","","","","","","",Sim,"","","",Sim,"",Sim,Sim,"","","","","",INOCÊNCIO,"",uuid:2648c886-f4a6-4a06-9505-5b7dd071cd0c,uuid:2648c886-f4a6-4a06-9505-5b7dd071cd0c
"Nov 12, 2025 1:00:41 PM","Aug 27, 2025 10:31:00 AM",IDSW100217,-25.9839840000,32.5919150000,84.9000000000,5.0000000000,Maputo_Cidade,kamubukwana,Tempestade,Emissario_EM,Aguas_residuais,Moore_swab,24,40,65,"","","","","","","",Sim,"","","",Sim,"",Sim,Sim,Nao,"","","","",INOCÊNCIO,"",uuid:798263a4-9207-4ce1-a20b-5b4d47d8849c,uuid:798263a4-9207-4ce1-a20b-5b4d47d8849c
"Nov 12, 2025 1:00:42 PM","Aug 1, 2025 8:59:00 AM",IDSW100164,-25.7315520000,32.6712542000,72.9000015259,13.4690000000,Maputo_Cidade,kamubukwana,ETAR,Cam_Cistern_CC,Aguas_residuais,Torpidos,25,40,51,"","","","","","","",Sim,"","","",Sim,"",Sim,Sim,"","","","","",INOCÊNCIO,"",uuid:eb476f2e-6c53-4156-bc15-da4a836d0648,uuid:eb476f2e-6c53-4156-bc15-da4a836d0648
"Nov 12, 2025 1:00:42 PM","Sep 10, 2025 8:00:00 AM",IDSW100236,-25.9837521000,32.5919721000,33.2000000000,4.9330000000,Maputo_Cidade,kamubukwana,Tempestade,Emissario_EM,Aguas_residuais,Torpidos,24,40,74,"","","","","","","",Sim,"","","",Sim,"",Sim,Sim,"","","","","",INOCÊNCIO,"",uuid:20638d66-1528-43fc-a536-e94e66817ee3,uuid:20638d66-1528-43fc-a536-e94e66817ee3
"Nov 12, 2025 1:00:42 PM","Sep 16, 2025 8:57:00 AM",IDSW100260,-25.9187802000,32.5390054000,-15.7000000000,4.9600000000,Maputo_Cidade,kamubukwana,ETAR,Cam_Cistern_CC,Aguas_residuais,Moore_swab,30,40,28,"","","","","","","",Sim,"","","",Sim,"",Sim,Nao,"","",Nao,"","","","",uuid:a7bb0e06-e3bf-47f0-a482-d42a5a6f5fbe,uuid:a7bb0e06-e3bf-47f0-a482-d42a5a6f5fbe
"Nov 12, 2025 1:00:42 PM","Sep 16, 2025 8:58:00 AM",IDSW100261,-25.9187545000,32.5389892000,-15.8000000000,4.7200000000,Maputo_Cidade,kamubukwana,ETAR,Cam_Cistern_CC,Aguas_residuais,Grag_sample,30,40,28,"","","","","","","",Sim,"","","",Sim,"",Sim,Sim,"","",Sim,"","",INOCÊNCIO,"",uuid:f621fce6-0e72-4770-8ae3-b99116606b3b,uuid:f621fce6-0e72-4770-8ae3-b99116606b3b
"Nov 12, 2025 1:00:43 PM","Oct 21, 2025 9:16:00 AM",IDSW100333,-25.9185379000,32.5388264000,53.2000000000,4.7200000000,Maputo_Cidade,kamubukwana,ETAR,Cam_Cistern_CC,Aguas_residuais,Torpidos,25,40,50,"","","","","","","",Sim,"","","",Sim,"",Sim,Sim,"","","","","",In,"",uuid:3a3b76f7-8db2-4776-bd5c-4ea0bd1689e2,uuid:3a3b76f7-8db2-4776-bd5c-4ea0bd1689e2
"Nov 12, 2025 1:00:43 PM","Nov 12, 2025 8:41:00 AM",IDSW100382,-25.9177219000,32.5382939000,26.4000015259,4.1000000000,Maputo_provincia,matola,ETAR,Vala_esgoto_VE,Aguas_residuais,Torpidos,33,8,71,"","","","","","","",Sim,"","","",Sim,"",Sim,Sim,"","",Sim,"","",Osvaldo,"",uuid:bae887f0-de5b-46b8-90ac-5a7be14049ba,uuid:bae887f0-de5b-46b8-90ac-5a7be14049ba
"Nov 12, 2025 1:00:43 PM","Nov 12, 2025 8:40:00 AM",IDSW100381,-25.9177207000,32.5382820000,26.4000015259,3.4120000000,Maputo_provincia,matola,ETAR,Vala_esgoto_VE,Aguas_residuais,Grag_sample,33,8,71,"","","","","","","",Sim,"","","",Sim,"",Sim,Sim,"","",Sim,"","",Osvaldo,"",uuid:8abcd00d-e57e-4fce-9d21-21a55760eda8,uuid:8abcd00d-e57e-4fce-9d21-21a55760eda8
"Nov 12, 2025 1:00:44 PM","Nov 12, 2025 8:41:00 AM",IDSW100383,-25.9177180000,32.5382931000,26.4000015259,3.7500000000,Maputo_provincia,matola,ETAR,Vala_esgoto_VE,Aguas_residuais,Moore_swab,33,8,80,"","","","","","","",Sim,"","","",Sim,"",Sim,Sim,"","",Sim,"","",Osvaldo,"",uuid:487bd778-8243-4a21-896f-fc059f8fa05c,uuid:487bd778-8243-4a21-896f-fc059f8fa05c
"Nov 12, 2025 1:00:44 PM","Nov 12, 2025 8:41:00 AM",IDSW100384,-25.9179217000,32.5382300000,26.4000015259,4.2000000000,Maputo_provincia,matola,ETAR,Entrada_ETAR,Aguas_residuais,Grag_sample,33,8,71,"","","","","","","",Sim,"","","",Sim,"",Sim,Sim,"","",Sim,"","",Osvaldo,"",uuid:97dec477-c094-406d-b96e-280cd7025163,uuid:97dec477-c094-406d-b96e-280cd7025163
"Nov 12, 2025 1:00:44 PM","Nov 12, 2025 8:42:00 AM",IDSW100386,-25.9176950000,32.5383167000,26.4000015259,4.5000000000,Maputo_provincia,matola,ETAR,Entrada_ETAR,Aguas_residuais,Moore_swab,33,8,70,"","","","","","","",Sim,"","","",Sim,"",Sim,Sim,"","",Sim,"","",Osvaldo,"",uuid:3743bee8-6efe-441f-a111-bb8152ef88af,uuid:3743bee8-6efe-441f-a111-bb8152ef88af
"Nov 12, 2025 1:00:45 PM","Nov 12, 2025 8:42:00 AM",IDSW100387,-25.9177367000,32.5381748000,26.5000000000,4.7000000000,Maputo_provincia,matola,ETAR,Cam_Cistern_CC,Aguas_residuais,Grag_sample,33,8,71,"","","","","","","",Sim,"","","",Sim,"",Sim,Sim,"","",Sim,"","",Osvaldo,"",uuid:aa66556e-7ef3-4f1e-bb3a-20f5452d6394,uuid:aa66556e-7ef3-4f1e-bb3a-20f5452d6394
"Nov 12, 2025 1:00:45 PM","Nov 12, 2025 8:42:00 AM",IDSW100388,-25.9177090000,32.5382674000,26.2000007629,3.6500000000,Maputo_provincia,matola,ETAR,Cam_Cistern_CC,Aguas_residuais,Moore_swab,8,8,71,"","","","","","","",Sim,"","","",Sim,"",Sim,Sim,"","",Sim,"","",Osvaldo,"",uuid:324b6181-906f-433e-a49f-b69a1786c3d7,uuid:324b6181-906f-433e-a49f-b69a1786c3d7
"Nov 12, 2025 1:00:45 PM","Nov 12, 2025 8:43:00 AM",IDSW100389,-25.9176348000,32.5382958000,26.5000000000,2.9710000000,Maputo_provincia,matola,ETAR,Cam_Cistern_CC,Aguas_residuais,Torpidos,33,8,71,"","","","","","","",Sim,"","","",Sim,"",Sim,Sim,"","",Sim,"","",Osvaldo,"",uuid:f2c62059-af1c-4c4d-bc31-a5e63a2cebf6,uuid:f2c62059-af1c-4c4d-bc31-a5e63a2cebf6
"Nov 12, 2025 1:00:45 PM","Nov 12, 2025 8:44:00 AM",IDSW100390,-25.9176489000,32.5382912000,26.5000000000,11.3990000000,Maputo_Cidade,khampfumo,Presidencia,Emissario_EM,Aguas_residuais,Grag_sample,33,8,70,"","","","","","","",Sim,"","","",Sim,"",Sim,Sim,"","",Sim,"","",Osvaldo,"",uuid:9c006939-d5d2-4b01-9063-cd88c7156552,uuid:9c006939-d5d2-4b01-9063-cd88c7156552
"Nov 12, 2025 1:00:46 PM","Nov 12, 2025 8:44:00 AM",IDSW100391,-25.9176676000,32.5383137000,26.4000015259,14.4640000000,Maputo_Cidade,khampfumo,Tempestade,Emissario_EM,Aguas_residuais,Grag_sample,33,8,71,"","","","","","","",Sim,"","","",Sim,"",Sim,Sim,"","",Sim,"","",Osvaldo,"",uuid:3e444da6-acb1-4107-82f1-5c9bf548d474,uuid:3e444da6-acb1-4107-82f1-5c9bf548d474
"Nov 12, 2025 1:00:46 PM","Nov 12, 2025 8:44:00 AM",IDSW100392,-25.9177867000,32.5382283000,26.4000015259,3.9000000000,Maputo_Cidade,khampfumo,Tempestade,Emissario_EM,Aguas_residuais,Moore_swab,33,8,70,"","","","","","","",Sim,"","","",Sim,"",Sim,Sim,"","",Sim,"","",Osvaldo,"",uuid:f3cb54cf-ab24-4934-82b9-cb46ba0ad691,uuid:f3cb54cf-ab24-4934-82b9-cb46ba0ad691
"Nov 18, 2025 9:00:05 AM","Nov 18, 2025 7:38:00 AM",IDSWT00115,-16.1636633000,33.5982617000,124.9000015259,4.3500000000,Tete,tete,Quartel_Militar,Emissario_EM,Aguas_residuais,Grag_sample,24,40,92,"","","","","","","",Sim,"","","",Sim,"",Sim,Sim,"","","","","",Banquile Balata,"",uuid:a8fa51e2-9058-4bf9-b31c-4a28ca1675cc,uuid:a8fa51e2-9058-4bf9-b31c-4a28ca1675cc
"Nov 18, 2025 9:00:10 AM","Nov 18, 2025 7:46:00 AM",IDSWT00116,-16.1637067000,33.5982667000,120.3000030518,4.9330000000,Tete,tete,Quartel_Militar,Emissario_EM,Aguas_residuais,Moore_swab,24,40,92,"","","","","","","",Sim,"","","",Sim,"",Sim,Sim,"","","","","",Banquile Balata,"",uuid:b2c5407d-1251-4b8e-9559-75b961172cf5,uuid:b2c5407d-1251-4b8e-9559-75b961172cf5
"Nov 18, 2025 9:00:10 AM","Nov 18, 2025 8:00:00 AM",IDSWT00117,-16.1578742000,33.5921529000,121.5000000000,4.8200000000,Tete,tete,Paraiso_Misterioso,Emissario_EM,Aguas_residuais,Grag_sample,24,40,92,"","","","","","","",Sim,"","","",Sim,"",Sim,Sim,"","","","","",Banquile Balata,"",uuid:c729aeb3-9bc2-412a-9d92-ff360ae9cb51,uuid:c729aeb3-9bc2-412a-9d92-ff360ae9cb51
"Nov 18, 2025 9:00:11 AM","Nov 18, 2025 8:05:00 AM",IDSWT00118,-16.1580666000,33.5923029000,121.5000000000,4.1330000000,Tete,tete,Paraiso_Misterioso,Emissario_EM,Aguas_residuais,Moore_swab,24,40,92,"","","","","","","",Sim,"","","",Sim,"",Sim,Sim,"","","","","",Banquile Balata,"",uuid:7d648493-0928-44d4-8791-811015fa4aae,uuid:7d648493-0928-44d4-8791-811015fa4aae
"Nov 18, 2025 9:00:11 AM","Nov 18, 2025 8:19:00 AM",IDSWT00119,-16.1559700000,33.5901920000,121.5000000000,4.0660000000,Tete,tete,Mercado_do_Peixe,Emissario_EM,Aguas_residuais,Grag_sample,24,40,92,"","","","","","","",Sim,"","","",Sim,"",Sim,Sim,"","","","","",Banquile Balata,"",uuid:94044d73-2984-47b9-b0f9-ab67fa203ee2,uuid:94044d73-2984-47b9-b0f9-ab67fa203ee2
"Nov 18, 2025 9:00:12 AM","Nov 18, 2025 8:20:00 AM",IDSWT00120,-16.1560649000,33.5902288000,121.5000000000,4.6160000000,Tete,tete,Mercado_do_Peixe,Emissario_EM,Aguas_residuais,Moore_swab,24,40,92,"","","","","","","",Sim,"","","",Sim,"",Sim,Sim,"","","","","",Banquile Balata,"",uuid:b0bb35a4-55fb-4318-9dae-dcef63e260d4,uuid:b0bb35a4-55fb-4318-9dae-dcef63e260d4
"Nov 18, 2025 9:00:12 AM","Nov 18, 2025 8:25:00 AM",IDSWT00121,-16.1545264000,33.5884795000,121.5000000000,4.5300000000,Tete,tete,Registo,Emissario_EM,Aguas_residuais,Grag_sample,24,40,92,"","","","","","","",Sim,"","","",Sim,"",Sim,Sim,"","","","","",Banquile Balata,"",uuid:b6a62e96-b5fc-4510-a794-83b6a777481a,uuid:b6a62e96-b5fc-4510-a794-83b6a777481a
"Nov 18, 2025 9:00:12 AM","Nov 18, 2025 8:35:00 AM",IDSWT00122,-16.1546034000,33.5885715000,114.0000000000,3.2400000000,Tete,tete,Registo,Emissario_EM,Aguas_residuais,Moore_swab,24,40,92,"","","","","","","",Sim,"","","",Sim,"",Sim,Sim,"","","","","",Banquile Balata,"",uuid:f2c224f9-36aa-44ad-9c3e-6370129d12d6,uuid:f2c224f9-36aa-44ad-9c3e-6370129d12d6
"Nov 18, 2025 6:31:48 PM","Nov 18, 2025 10:05:00 AM",IDSW100393,-25.9176801000,32.5382834000,26.4000015259,4.9000000000,Maputo_provincia,matola,ETAR,Vala_esgoto_VE,Aguas_residuais,Torpidos,25,40,62,"","","","","","","",Sim,"","","",Sim,"",Sim,Sim,"","","","","",INOCÊNCIO,"",uuid:09d4fa5d-c597-4348-a316-9707be12b940,uuid:09d4fa5d-c597-4348-a316-9707be12b940
"Nov 18, 2025 6:31:48 PM","Nov 18, 2025 10:09:00 AM",IDSW100394,-25.9177277000,32.5383449000,26.2000007629,4.9660000000,Maputo_provincia,matola,ETAR,Vala_esgoto_VE,Aguas_residuais,Moore_swab,25,40,62,"","","","","","","",Sim,"","","",Sim,"",Sim,Sim,"","",Sim,"","",INOCÊNCIO,"",uuid:2c4e6ec1-8a76-44b4-8691-b995d91f510e,uuid:2c4e6ec1-8a76-44b4-8691-b995d91f510e
"Nov 18, 2025 6:31:48 PM","Nov 18, 2025 10:10:00 AM",IDSW100395,-25.9177154000,32.5384299000,27.2000007629,4.8000000000,Maputo_provincia,matola,ETAR,Vala_esgoto_VE,Aguas_residuais,Grag_sample,25,40,62,"","","","","","","",Sim,"","","",Sim,"",Sim,Sim,"","",Sim,"","",INOCÊNCIO,"",uuid:ad9d2649-5f82-47cf-959b-e14532fbbb19,uuid:ad9d2649-5f82-47cf-959b-e14532fbbb19
"Nov 18, 2025 6:31:48 PM","Nov 18, 2025 10:20:00 AM",IDSW100396,-25.9184175000,32.5392229000,27.2000007629,4.7200000000,Maputo_Cidade,kamubukwana,ETAR,Entrada_ETAR,Aguas_residuais,Torpidos,25,40,62,"","","","","","","",Sim,"","","",Sim,"",Sim,Sim,"","","","","",INOCÊNCIO,"",uuid:0a39ae72-fd49-4bd6-a0d3-8d1a6725aeba,uuid:0a39ae72-fd49-4bd6-a0d3-8d1a6725aeba
"Nov 18, 2025 6:31:49 PM","Nov 18, 2025 10:21:00 AM",IDSW100397,-25.9184090000,32.5392559000,27.2000007629,4.5200000000,Maputo_Cidade,kamubukwana,ETAR,Entrada_ETAR,Aguas_residuais,Moore_swab,25,40,62,"","","","","","","",Sim,"","","",Sim,"",Sim,Sim,"","",Sim,"","",INOCÊNCIO,"",uuid:0477dedc-474b-49cf-904e-93299d27bb1f,uuid:0477dedc-474b-49cf-904e-93299d27bb1f
"Nov 18, 2025 6:31:49 PM","Nov 18, 2025 10:22:00 AM",IDSW100398,-25.9184039000,32.5392751000,27.2000007629,4.9830000000,Maputo_Cidade,kamubukwana,ETAR,Entrada_ETAR,Aguas_residuais,Grag_sample,25,40,62,"","","","","","","",Sim,"","","",Sim,"",Sim,Sim,"","",Sim,"","",INOCÊNCIO,"",uuid:d14aee42-5796-446e-aca9-0f7d5a584715,uuid:d14aee42-5796-446e-aca9-0f7d5a584715
"Nov 18, 2025 6:31:49 PM","Nov 18, 2025 10:47:00 AM",IDSW100399,-25.9185794000,32.5389540000,14.1000000000,4.6200000000,Maputo_Cidade,kamubukwana,ETAR,Cam_Cistern_CC,Aguas_residuais,Torpidos,25,40,62,"","","","","","","",Sim,"","","",Sim,"",Sim,Sim,"","","","","",INOCÊNCIO,"",uuid:928d568d-68e2-4bcd-8b59-814a27a76103,uuid:928d568d-68e2-4bcd-8b59-814a27a76103
"Nov 18, 2025 6:31:49 PM","Nov 18, 2025 10:48:00 AM",IDSW100400,-25.9185466000,32.5389054000,15.4000000000,4.9600000000,Maputo_Cidade,kamubukwana,ETAR,Cam_Cistern_CC,Aguas_residuais,Moore_swab,25,40,62,"","","","","","","",Sim,"","","",Sim,"",Nao,Sim,"","","","","",INOCÊNCIO,"",uuid:a68b39d6-6896-45e6-9295-2d30696554f0,uuid:a68b39d6-6896-45e6-9295-2d30696554f0
"Nov 18, 2025 6:31:50 PM","Nov 18, 2025 10:51:00 AM",IDSW100401,-25.9185617000,32.5388983000,15.4000000000,4.9000000000,Maputo_Cidade,kamubukwana,ETAR,Cam_Cistern_CC,Aguas_residuais,Grag_sample,25,40,62,"","","","","","","",Sim,"","","",Sim,"",Sim,Sim,"","",Sim,"","",INOCÊNCIO,"",uuid:193aedba-f0fa-43ad-bf5d-d228fe13f1c3,uuid:193aedba-f0fa-43ad-bf5d-d228fe13f1c3
"Nov 18, 2025 6:31:50 PM","Nov 18, 2025 10:55:00 AM",IDSW100402,-25.9836130000,32.5919755000,15.3000000000,4.9160000000,Maputo_Cidade,khampfumo,Tempestade,Emissario_EM,Aguas_residuais,Torpidos,26,40,60,"","","","","","","",Sim,"","","",Sim,"",Sim,Sim,"","","","","",INOCÊNCIO,"",uuid:1e6bdea4-7f0c-49fb-b3ac-98ac65f814fc,uuid:1e6bdea4-7f0c-49fb-b3ac-98ac65f814fc
"Nov 18, 2025 6:31:50 PM","Nov 18, 2025 11:08:00 AM",IDSW100404,-25.9836548000,32.5919684000,15.9000000000,4.6000000000,Maputo_Cidade,khampfumo,Tempestade,Emissario_EM,Aguas_residuais,Grag_sample,26,40,60,"","","","","","","",Sim,"","","",Sim,"",Sim,Sim,"","",Sim,"","",INOCÊNCIO,"",uuid:e3c0858c-943b-45b0-879e-cdbaeb0880ef,uuid:e3c0858c-943b-45b0-879e-cdbaeb0880ef
"Nov 18, 2025 6:31:50 PM","Nov 18, 2025 11:00:00 AM",IDSW100403,-25.9836712000,32.5920116000,16.0000000000,4.9600000000,Maputo_Cidade,khampfumo,Tempestade,Emissario_EM,Aguas_residuais,Moore_swab,26,40,60,"","","","","","","",Sim,"","","",Sim,"",Sim,Sim,"","",Sim,"","",INOCÊNCIO,"",uuid:579dcbb8-809f-4f94-a077-6b7f49c88fbb,uuid:579dcbb8-809f-4f94-a077-6b7f49c88fbb
"Nov 19, 2025 2:06:41 PM","Nov 5, 2025 5:45:00 AM",IDSW100405,-25.8664900000,32.5102910000,63.5957031250,4.5740000000,Maputo_provincia,matola,Registo,Fonte_de_distribuicao,Agua_de_consumo,Grag_sample,50,40,99,"","","","","","","",Sim,"",Nao,Nao,Sim,"",Nao,Nao,Nao,"","",Sim,Microbiologia e Fisio-quimico,Diocreciano Bero,A7 abastece a,uuid:f6e53d01-9965-4b39-a17d-22a0c5cb9ecc,uuid:f6e53d01-9965-4b39-a17d-22a0c5cb9ecc
"Nov 19, 2025 2:06:45 PM","Nov 5, 2025 6:08:00 AM",IDSW100406,-25.8656450000,32.4973277000,57.6605224609,4.2770000000,Maputo_provincia,matola,Registo,Fonte_de_distribuicao,Agua_de_consumo,Grag_sample,50,40,99,"","","","","","",Sim,Sim,"",Nao,Nao,Sim,"",Nao,Nao,Nao,"","",Sim,Microbiologico e Fisioquimico,Diocreciano Bero,Abastece 92 famílias,uuid:076daf18-6f8a-490d-9970-f18587dc7d40,uuid:076daf18-6f8a-490d-9970-f18587dc7d40
"Nov 19, 2025 2:06:46 PM","Nov 5, 2025 6:45:00 AM",IDSW100407,-25.8502639000,32.5278982000,71.6376953125,4.5680000000,Maputo_provincia,matola,Registo,Fonte_de_distribuicao,Agua_de_consumo,Grag_sample,50,40,99,"","","","","","",Sim,Sim,"",Nao,Nao,Sim,"",Nao,Nao,"","","",Sim,Microbiologico e Fisioquimico,Diocreciano Bero no,Abastece 351 famílias,uuid:bf5aae67-0e28-4987-b552-d7c3714a9958,uuid:bf5aae67-0e28-4987-b552-d7c3714a9958
"Nov 19, 2025 2:06:46 PM","Nov 5, 2025 7:41:00 AM",IDSW100408,-25.8223642000,32.5629975000,37.5783081055,4.1240000000,Maputo_provincia,matola,Registo,Fonte_de_distribuicao,Agua_de_consumo,Grag_sample,50,40,99,"","","","","","","",Sim,"",Nao,Nao,Sim,"",Nao,Nao,"","","",Sim,Microbiologia e Fisio-quimico,Diocreciano Bero,A10 Zimpeto,uuid:ecfc250a-ad45-45c6-8a48-9b1df7b83f8a,uuid:ecfc250a-ad45-45c6-8a48-9b1df7b83f8a
"Nov 24, 2025 7:38:40 AM","Nov 18, 2025 10:56:00 AM",IDSWQ00043,-17.8836100000,36.8873383000,-4.0000000000,5.0000000000,Zambezia,quelimane,BRIZA,Emissario_EM,Aguas_residuais,Moore_swab,29,8,56,"","","","","","","",Sim,"","","",Sim,"",Sim,Sim,"","","","","","","",uuid:fab1a8fd-a112-4422-b629-b274634b7d64,uuid:fab1a8fd-a112-4422-b629-b274634b7d64
"Nov 24, 2025 7:38:44 AM","Nov 18, 2025 11:01:00 AM",IDSWQ00047,-17.8835803000,36.8872949000,-4.0000000000,4.8660000000,Zambezia,quelimane,Piscina_Municipal,Emissario_EM,Aguas_residuais,Grag_sample,29,8,56,"","","","","","","",Sim,"","","",Sim,"",Sim,Sim,"","","","","","","",uuid:c71b509d-6bb0-462f-aa5a-c4a9475da8c1,uuid:c71b509d-6bb0-462f-aa5a-c4a9475da8c1
"Nov 24, 2025 7:38:44 AM","Nov 18, 2025 11:20:00 AM",IDSWQ00044,-17.8819690000,36.8850522000,-1.1999999285,5.0000000000,Zambezia,quelimane,REFEBA,Emissario_EM,Aguas_residuais,Moore_swab,29,8,56,"","","","","","","",Sim,"","","",Sim,"",Sim,Sim,"","","","","","","",uuid:39e1cf78-90d8-47f3-876a-05957008ff11,uuid:39e1cf78-90d8-47f3-876a-05957008ff11
"Nov 24, 2025 7:38:45 AM","Nov 18, 2025 11:22:00 AM",IDSWQ00048,-17.8819471000,36.8849748000,-2.2000000477,4.7850000000,Zambezia,quelimane,REFEBA,Emissario_EM,Aguas_residuais,Grag_sample,29,8,56,"","","","","","","",Sim,"","","",Sim,"",Sim,Sim,"","","","","","","",uuid:c45cb10f-2a0c-4056-b22e-61b605d70247,uuid:c45cb10f-2a0c-4056-b22e-61b605d70247
"Nov 24, 2025 7:38:47 AM","Nov 18, 2025 11:35:00 AM",IDSWQ00045,-17.8809346000,36.8835462000,-2.1000001431,3.2000000000,Zambezia,quelimane,Piscina_Municipal,Emissario_EM,Aguas_residuais,Moore_swab,29,8,56,"","","","","","","",Sim,"","","",Sim,"",Sim,Sim,"","","","","","","",uuid:93ca7664-0b4c-4277-ad04-f9cac92932a9,uuid:93ca7664-0b4c-4277-ad04-f9cac92932a9
"Nov 24, 2025 7:38:47 AM","Nov 18, 2025 11:37:00 AM",IDSWQ00049,-17.8809335000,36.8834976000,-2.1000001431,4.3750000000,Zambezia,quelimane,Piscina_Municipal,Emissario_EM,Aguas_residuais,Grag_sample,29,8,56,"","","","","","","",Sim,"","","",Sim,"",Sim,Sim,"","","","","","","",uuid:c0eb8210-2390-4518-8f2e-c6bae4d4b860,uuid:c0eb8210-2390-4518-8f2e-c6bae4d4b860
"Nov 24, 2025 7:38:48 AM","Nov 18, 2025 11:57:00 AM",IDSWQ00049,-17.8796818000,36.8816180000,-3.4000000954,4.5500000000,Zambezia,quelimane,E_frente_Autor_Tributaria,Emissario_EM,Aguas_residuais,Moore_swab,29,8,56,"","","","","","","",Sim,"","","",Sim,"",Sim,Sim,"","","","","","","",uuid:004ccdda-a512-4cd6-bc7d-c78389ba056e,uuid:004ccdda-a512-4cd6-bc7d-c78389ba056e
"Nov 24, 2025 7:38:48 AM","Nov 18, 2025 11:59:00 AM",IDSWQ00050,-17.8796752000,36.8816464000,-2.7000002861,4.8160000000,Zambezia,quelimane,E_frente_Autor_Tributaria,Emissario_EM,Aguas_residuais,Grag_sample,29,8,56,"","","","","","","",Sim,"","","",Sim,"",Sim,Sim,"","","","","","","",uuid:83d2602f-81d1-4e45-b7fc-95776b3b3def,uuid:83d2602f-81d1-4e45-b7fc-95776b3b3def
"Nov 27, 2025 6:16:13 AM","Oct 7, 2025 11:30:00 AM",IDSW100286,-25.9178067000,32.5382250000,46.9000000000,4.3500000000,Maputo_provincia,matola,ETAR,Vala_esgoto_VE,Aguas_residuais,Torpidos,23,40,65,"","","","","","","",Sim,"","","",Sim,"",Sim,Sim,"","","","","",OSVALDO,"",uuid:a82451ac-79aa-4e1c-9b2c-1fb3ebb32160,uuid:a82451ac-79aa-4e1c-9b2c-1fb3ebb32160
"Nov 27, 2025 6:16:13 AM","Oct 7, 2025 11:00:00 AM",IDSW100287,-25.9177600000,32.5383200000,46.6000000000,4.8500000000,Maputo_provincia,matola,ETAR,Vala_esgoto_VE,Aguas_residuais,Moore_swab,23,40,65,"","","","","","","",Sim,"","","",Sim,"",Sim,Sim,Nao,"",Sim,"","",OSVALDO,"",uuid:ff604d8a-8989-4ee4-b8b9-b15015033368,uuid:ff604d8a-8989-4ee4-b8b9-b15015033368
"Nov 27, 2025 6:16:13 AM","Oct 7, 2025 11:05:00 AM",IDSW100288,-25.9177717000,32.5383317000,46.7000000000,4.2000000000,Maputo_provincia,matola,ETAR,Vala_esgoto_VE,Aguas_residuais,Grag_sample,23,40,65,"","","","","","","",Sim,"","","",Sim,"",Sim,Sim,"","",Sim,"","",OSVALDO,"",uuid:80a078e1-90bf-4c11-b401-aec02a5a1016,uuid:80a078e1-90bf-4c11-b401-aec02a5a1016
"Nov 27, 2025 6:16:14 AM","Oct 7, 2025 3:07:00 PM",IDSW100289,-25.9183379000,32.5392423000,20.0000000000,4.8160000000,Maputo_Cidade,kamubukwana,ETAR,Entrada_ETAR,Aguas_residuais,Moore_swab,23,40,65,"","","","","","","",Sim,"","","",Sim,"",Sim,Sim,"","",Sim,"","",OSVALDO,"",uuid:645b301c-def4-407b-9f2a-57d9e0137e53,uuid:645b301c-def4-407b-9f2a-57d9e0137e53
"Nov 27, 2025 6:16:14 AM","Nov 11, 2025 3:10:00 PM",IDSW100290,-25.9183354000,32.5392375000,20.0000000000,4.0500000000,Maputo_Cidade,kamubukwana,ETAR,Entrada_ETAR,Aguas_residuais,Moore_swab,23,40,65,"","","","","","","",Sim,"","","",Sim,"",Sim,Sim,"","",Sim,"","",OSVALDO,"",uuid:bd3017c2-6255-48a5-b3b8-a34bc17dd19b,uuid:bd3017c2-6255-48a5-b3b8-a34bc17dd19b
"Nov 27, 2025 6:16:14 AM","Oct 7, 2025 11:11:00 AM",IDSW100291,-25.9183346000,32.5392290000,20.0000000000,4.1000000000,Maputo_Cidade,kamubukwana,ETAR,Entrada_ETAR,Aguas_residuais,Torpidos,23,40,65,"","","","","","","",Sim,"","","",Sim,"",Sim,Sim,"","","","","",OSVALDO,"",uuid:6b356d60-2a87-43db-a595-f87121a0fd69,uuid:6b356d60-2a87-43db-a595-f87121a0fd69
"Nov 27, 2025 6:16:14 AM","Oct 7, 2025 11:13:00 AM",IDSW100292,-25.9186728000,32.5389422000,22.5000000000,4.7000000000,Maputo_Cidade,kamubukwana,ETAR,Cam_Cistern_CC,Aguas_residuais,Moore_swab,23,40,65,"","","","","","","",Sim,"","","",Sim,"",Sim,Sim,"","",Sim,"","",OSVALDO,"",uuid:b6ac22e0-ba45-496a-9dcf-ffffe1da1067,uuid:b6ac22e0-ba45-496a-9dcf-ffffe1da1067
"Nov 27, 2025 6:16:15 AM","Oct 7, 2025 11:15:00 AM",IDSW100293,-25.9186510000,32.5389650000,22.3000000000,3.9000000000,Maputo_Cidade,kamubukwana,ETAR,Cam_Cistern_CC,Aguas_residuais,Moore_swab,23,40,65,"","","","","","","",Sim,"","","",Sim,"",Sim,Sim,"","",Sim,"","",OSVALDO,"",uuid:5bfbbaaa-9c14-4cd7-bfba-18181765a2c4,uuid:5bfbbaaa-9c14-4cd7-bfba-18181765a2c4
"Nov 27, 2025 6:16:15 AM","Oct 7, 2025 11:16:00 AM",IDSW100294,-25.9186513000,32.5389604000,22.3000000000,3.9000000000,Maputo_Cidade,kamubukwana,ETAR,Cam_Cistern_CC,Aguas_residuais,Torpidos,23,40,65,"","","","","","","",Sim,"","","",Sim,"",Sim,Sim,"","","","","",OSVALDO,"",uuid:3af05b85-6a5f-44a7-a0a4-677517dc9d6f,uuid:3af05b85-6a5f-44a7-a0a4-677517dc9d6f
"Nov 27, 2025 6:16:15 AM","Oct 7, 2025 11:23:00 AM",IDSW100295,-25.9650817000,32.6022950000,34.7000000000,4.8660000000,Maputo_Cidade,khampfumo,Presidencia,Emissario_EM,Aguas_residuais,Moore_swab,23,40,65,"","","","","","","",Sim,"","","",Sim,"",Sim,Sim,"","",Sim,"","",OSVALDO,"",uuid:ba786ec4-23f9-4057-b8b1-b1b942a075ef,uuid:ba786ec4-23f9-4057-b8b1-b1b942a075ef
"Nov 27, 2025 6:16:15 AM","Oct 7, 2025 11:32:00 AM",IDSW100296,-25.9837800000,32.5919817000,35.0000000000,4.9160000000,Maputo_Cidade,khampfumo,Tempestade,Emissario_EM,Aguas_residuais,Grag_sample,23,40,65,"","","","","","","",Sim,"","","",Sim,"",Sim,Sim,"","",Sim,"","",OSVALDO,"",uuid:33b50245-958b-4586-8c2c-fdc386258a26,uuid:33b50245-958b-4586-8c2c-fdc386258a26
"Nov 27, 2025 6:16:16 AM","Oct 7, 2025 11:38:00 AM",IDSW100297,-25.9837867000,32.5919967000,35.0000000000,5.0000000000,Maputo_Cidade,khampfumo,Tempestade,Emissario_EM,Aguas_residuais,Torpidos,23,40,65,"","","","","","","",Sim,"","","",Sim,"",Sim,Sim,"","","","","",OSVALDO,"",uuid:31279187-8768-49bb-9649-d52008fff771,uuid:31279187-8768-49bb-9649-d52008fff771
"Nov 27, 2025 6:16:16 AM","Oct 7, 2025 11:42:00 AM",IDSW100298,-25.9837700000,32.5920233000,35.0000000000,4.7000000000,Maputo_Cidade,khampfumo,Tempestade,Emissario_EM,Aguas_residuais,Moore_swab,23,40,65,"","","","","","","",Sim,"","","",Sim,"",Sim,Sim,"","",Sim,"","",OSVALDO,"",uuid:361eaa22-ec62-42ff-ba3a-476543cf6f70,uuid:361eaa22-ec62-42ff-ba3a-476543cf6f70
"Nov 27, 2025 11:31:39 AM","Nov 27, 2025 9:18:00 AM",IDSWT00123,-16.1545350000,33.5885850000,122.5999984741,4.6400000000,Tete,tete,Registo,Emissario_EM,Aguas_residuais,Grag_sample,34,40,48,"","","","","","","",Sim,"","","",Sim,"",Sim,Sim,Nao,Nao,Nao,Nao,"",Banquile Juliao Balata,"",uuid:997c7f73-92bd-4062-9250-4c201d1e1a54,uuid:997c7f73-92bd-4062-9250-4c201d1e1a54
"Nov 27, 2025 11:31:39 AM","Nov 27, 2025 10:16:00 AM",IDSWT00130,-16.1638220000,33.5982389000,119.9000015259,3.4330000000,Tete,tete,Quartel_Militar,Emissario_EM,Aguas_residuais,Moore_swab,34,40,48,"","","","","","","",Sim,"","","",Sim,"",Sim,Sim,Nao,Nao,Nao,Nao,"",Banquile Juliao Balata,"",uuid:14e3bf83-bd36-44bc-8570-80575a953ec1,uuid:14e3bf83-bd36-44bc-8570-80575a953ec1
"Nov 27, 2025 11:31:40 AM","Nov 27, 2025 10:10:00 AM",IDSWT00129,-16.1636844000,33.5982770000,119.9000015259,4.7750000000,Tete,tete,Quartel_Militar,Emissario_EM,Aguas_residuais,Grag_sample,34,40,48,"","","","","","","",Sim,"","","",Sim,"",Sim,Sim,Nao,Nao,Nao,Nao,"",Banquile Julião Balata,"",uuid:7fa12ad6-189c-4c57-a85d-bacd2aec1828,uuid:7fa12ad6-189c-4c57-a85d-bacd2aec1828
"Nov 27, 2025 11:31:40 AM","Nov 27, 2025 9:56:00 AM",IDSWT00128,-16.1578805000,33.5922254000,119.9000015259,4.7660000000,Tete,tete,Paraiso_Misterioso,Emissario_EM,Aguas_residuais,Moore_swab,34,40,48,"","","","","","","",Sim,"","","",Sim,"",Sim,Sim,Nao,Nao,Nao,Nao,"",Banquile Julião Balata,"",uuid:2b7f57d7-4bcc-48b4-ae91-0a44822359ea,uuid:2b7f57d7-4bcc-48b4-ae91-0a44822359ea
"Nov 27, 2025 11:31:41 AM","Nov 27, 2025 9:49:00 AM",IDSWT00127,-16.1579332000,33.5922507000,119.9000015259,3.3500000000,Tete,tete,Paraiso_Misterioso,Emissario_EM,Aguas_residuais,Grag_sample,34,40,48,"","","","","","","",Sim,"","","",Sim,"",Sim,Sim,Nao,Nao,Nao,Nao,"",Banquile Julião Balata,"",uuid:b4009f30-59e1-4d82-b353-fff985d5aea8,uuid:b4009f30-59e1-4d82-b353-fff985d5aea8
"Nov 27, 2025 11:31:41 AM","Nov 27, 2025 9:30:00 AM",IDSWT00125,-16.1564550000,33.5900250000,122.5999984741,11.9500000000,Tete,tete,Mercado_do_Peixe,Emissario_EM,Aguas_residuais,Grag_sample,35,40,48,"","","","","","","",Sim,"","","",Sim,"",Sim,Sim,Nao,Nao,Nao,Nao,"",Banquile Julião Balata,"Neste ponto nao tive sucesso na recolha de armadilha para MORE SWAB. Tendo chegado no local encontrei a armadilha removido, acredita se que houve sabotagem com o pessoal que comercializa peixe ao redor do esgoto.",uuid:b9de8248-27d2-4107-8b84-3e730355dd15,uuid:b9de8248-27d2-4107-8b84-3e730355dd15
"Nov 27, 2025 3:46:40 PM","Nov 27, 2025 7:49:00 AM",IDSW100409,-25.9838395000,32.5919536000,17.0000000000,4.8500000000,Maputo_Cidade,khampfumo,Tempestade,Emissario_EM,Aguas_residuais,Grag_sample,30,40,69,"","","","","","","",Sim,"","","",Sim,"",Sim,Sim,"","",Sim,"","",INOCÊNCIO,"",uuid:7c7157f3-4b61-49a9-a693-3bcf0d1e4291,uuid:7c7157f3-4b61-49a9-a693-3bcf0d1e4291
"Nov 27, 2025 3:46:40 PM","Nov 27, 2025 8:35:00 AM",IDSW100410,-25.9177686000,32.5382515000,29.6000000000,4.9500000000,Maputo_provincia,matola,ETAR,Vala_esgoto_VE,Aguas_residuais,Grag_sample,32,40,51,"","","","","","","",Sim,"","","",Sim,"",Sim,Sim,"","","","","",INOCÊNCIO,"",uuid:896392ec-2a5d-4734-822c-4646dae82b20,uuid:896392ec-2a5d-4734-822c-4646dae82b20
"Nov 27, 2025 3:46:40 PM","Nov 27, 2025 8:41:00 AM",IDSW100411,-25.9184405000,32.5393062000,12.9000000000,5.0000000000,Maputo_Cidade,kamubukwana,ETAR,Entrada_ETAR,Aguas_residuais,Grag_sample,32,40,51,"","","","","","","",Sim,"","","",Sim,"",Sim,Sim,"","",Sim,"","",INOCÊNCIO,"",uuid:03a52031-bc9c-4444-8fd9-89237592fbdd,uuid:03a52031-bc9c-4444-8fd9-89237592fbdd
"Nov 27, 2025 3:46:41 PM","Nov 27, 2025 8:55:00 AM",IDSW100412,-25.9186402000,32.5388843000,21.8000000000,4.6330000000,Maputo_Cidade,kamubukwana,ETAR,Cam_Cistern_CC,Aguas_residuais,Grag_sample,32,40,51,"","","","","","","",Sim,"","","",Sim,"",Sim,Sim,"","",Sim,"","",INOCÊNCIO,"",uuid:d7791d58-01b0-436f-9acd-3585cabaf703,uuid:d7791d58-01b0-436f-9acd-3585cabaf703
"Nov 28, 2025 6:22:24 AM","Nov 25, 2025 8:15:00 AM",IDSWQ00051,-17.8837971000,36.8874633000,-4.0000000000,4.9330000000,Zambezia,quelimane,BRIZA,Emissario_EM,Aguas_residuais,Moore_swab,28,8,73,"","","","","","","",Sim,"","","",Sim,"",Sim,Sim,"","","","","",IDSLJ,"",uuid:7652e48d-e84a-4b0a-a615-a3ee7e272d01,uuid:7652e48d-e84a-4b0a-a615-a3ee7e272d01
"Nov 28, 2025 6:22:29 AM","Nov 25, 2025 8:24:00 AM",IDSWQ00055,-17.8837804000,36.8874313000,-4.0000000000,4.9830000000,Zambezia,quelimane,BRIZA,Emissario_EM,Aguas_residuais,Grag_sample,28,8,63,"","","","","","","",Sim,"","","",Sim,"",Sim,Sim,"","","","","",IDSLJ,"",uuid:02f6e4cc-0148-4b8a-91bb-55631bab9a0b,uuid:02f6e4cc-0148-4b8a-91bb-55631bab9a0b
"Nov 28, 2025 6:22:30 AM","Nov 25, 2025 8:36:00 AM",IDSWQ00052,-17.8820384000,36.8850015000,-4.0000000000,4.9600000000,Zambezia,quelimane,REFEBA,Emissario_EM,Aguas_residuais,Moore_swab,32,8,63,"","","","","","","",Sim,"","","",Sim,"",Sim,Sim,"","","","","",IDSLJ,"",uuid:39fd4b7a-2268-434e-be31-2d2bb86e2a2b,uuid:39fd4b7a-2268-434e-be31-2d2bb86e2a2b
"Nov 28, 2025 6:22:32 AM","Nov 25, 2025 8:42:00 AM",IDSWQ00056,-17.8819854000,36.8850841000,27.3000000000,4.9660000000,Zambezia,quelimane,REFEBA,Emissario_EM,Aguas_residuais,Grag_sample,28,8,63,"","","","","","","",Sim,"",Sim,"",Sim,"",Sim,Sim,"","","","","",IDSLJ,"",uuid:9eeb52f0-edac-41a2-90be-522f3abafb3f,uuid:9eeb52f0-edac-41a2-90be-522f3abafb3f
"Nov 28, 2025 6:22:32 AM","Nov 25, 2025 8:52:00 AM",IDSWQ00053,-17.8808361000,36.8831814000,-8.7000000000,4.5830000000,Zambezia,quelimane,Piscina_Municipal,Emissario_EM,Aguas_residuais,Moore_swab,28,8,63,"","","","","","","",Sim,"","","",Sim,"",Sim,Sim,"","","","","",IDSLJ,"",uuid:dea09f5c-274b-4613-ae6f-750478bdeb71,uuid:dea09f5c-274b-4613-ae6f-750478bdeb71
"Nov 28, 2025 6:22:33 AM","Nov 25, 2025 8:56:00 AM",IDSWQ00057,-17.8808969000,36.8835758000,-4.4000000000,4.3000000000,Zambezia,quelimane,Piscina_Municipal,Emissario_EM,Aguas_residuais,Grag_sample,28,8,63,"","","","","","","",Sim,"","","",Sim,"",Sim,Sim,"","","","","",IDSLJ,"",uuid:3876f056-a790-4d41-93c6-020b11c66719,uuid:3876f056-a790-4d41-93c6-020b11c66719
"Nov 28, 2025 6:22:33 AM","Nov 25, 2025 9:14:00 AM",IDSWQ00054,-17.8796601000,36.8815993000,6.0000000000,4.8250000000,Zambezia,quelimane,E_frente_Autor_Tributaria,Emissario_EM,Aguas_residuais,Moore_swab,28,8,63,"","","","","","","",Sim,"","","",Sim,"",Sim,Sim,"","","","","",IDSLJ,"",uuid:93aa8414-784e-4558-b169-0893ca5f20e2,uuid:93aa8414-784e-4558-b169-0893ca5f20e2
"Nov 28, 2025 6:22:34 AM","Nov 25, 2025 9:17:00 AM",IDSWQ00058,-17.8796660000,36.8816503000,5.0000000000,4.6660000000,Zambezia,quelimane,E_frente_Autor_Tributaria,Emissario_EM,Aguas_residuais,Grag_sample,28,8,63,"","","","","","","",Sim,"","","",Sim,"",Sim,Sim,"","","","","",IDSLJ,"",uuid:95c51080-5cfa-40d0-b180-7fe10a86da1f,uuid:95c51080-5cfa-40d0-b180-7fe10a86da1f
"Dec 4, 2025 7:03:46 PM","Dec 2, 2025 11:28:00 AM",IDSWT00137,-16.1545267000,33.5885533000,135.2000122070,4.7660000000,Tete,tete,Registo,Emissario_EM,Aguas_residuais,Moore_swab,34,40,51,"","","","","","","",Sim,"","","",Sim,"",Sim,Sim,"","","","","",Banquile Balata,"",uuid:227fa6e5-6b9e-46e5-84f4-7d32dfb2e1d4,uuid:227fa6e5-6b9e-46e5-84f4-7d32dfb2e1d4
"Dec 4, 2025 7:03:46 PM","Dec 2, 2025 11:32:00 AM",IDSWT00138,-16.1545633000,33.5885617000,108.6000000000,5.0000000000,Tete,tete,Registo,Emissario_EM,Aguas_residuais,Grag_sample,34,40,51,"","","","","","","",Sim,"","","",Sim,"",Sim,Sim,Nao,Nao,Nao,Nao,"",Banquile Balata,"",uuid:58eb957d-f505-4dfb-a685-355eefa8cacb,uuid:58eb957d-f505-4dfb-a685-355eefa8cacb
"Dec 4, 2025 7:03:47 PM","Dec 2, 2025 12:21:00 PM",IDSWT00135,-16.1637800000,33.5982367000,124.9000015259,4.2330000000,Tete,tete,Quartel_Militar,Emissario_EM,Aguas_residuais,Moore_swab,34,40,51,"","","","","","","",Sim,"","","",Sim,"",Sim,Sim,Nao,Nao,Nao,Nao,"",Banquile Balata,"",uuid:0f4a1da9-51bd-41c0-b9db-3bb0a3f9d69b,uuid:0f4a1da9-51bd-41c0-b9db-3bb0a3f9d69b
"Dec 4, 2025 7:03:47 PM","Dec 2, 2025 12:26:00 PM",IDSWT00136,-16.1637699000,33.5983416000,124.9000015259,4.3000000000,Tete,tete,Quartel_Militar,Emissario_EM,Aguas_residuais,Grag_sample,34,40,51,"","","","","","","",Sim,"","","",Sim,"",Sim,Sim,Nao,Nao,Nao,Nao,"",Banquile Balata,"",uuid:410ce93b-cb9d-4ad0-af61-d9a9b68fa17a,uuid:410ce93b-cb9d-4ad0-af61-d9a9b68fa17a
"Dec 4, 2025 7:03:48 PM","Dec 2, 2025 12:50:00 PM",IDSWT00133,-16.1578986000,33.5922962000,119.9000015259,4.6000000000,Tete,tete,Paraiso_Misterioso,Emissario_EM,Aguas_residuais,Moore_swab,34,40,51,"","","","","","","",Sim,"","","",Sim,"",Sim,Sim,Nao,Nao,Nao,Nao,"",Banquile Balata,"",uuid:808b63ae-3418-4984-a145-93af709c4996,uuid:808b63ae-3418-4984-a145-93af709c4996
"Dec 4, 2025 7:03:48 PM","Dec 2, 2025 12:55:00 PM",IDSWT00134,-16.1579100000,33.5922767000,120.5000000000,4.9800000000,Tete,tete,Paraiso_Misterioso,Emissario_EM,Aguas_residuais,Grag_sample,34,40,51,"","","","","","","",Sim,"","","",Sim,"",Sim,Sim,Nao,Nao,Nao,Nao,"",Banquile Balata,"",uuid:4e8659c9-3bb4-4b8c-aa66-9af9091a1d2e,uuid:4e8659c9-3bb4-4b8c-aa66-9af9091a1d2e
"Dec 4, 2025 7:03:49 PM","Dec 2, 2025 1:03:00 PM",IDSWT00131,-16.1560412000,33.5904388000,122.5999984741,4.7000000000,Tete,tete,Paraiso_Misterioso,Emissario_EM,Aguas_residuais,Moore_swab,34,40,51,"","","","","","","",Sim,"","","",Sim,"",Sim,Sim,Nao,Nao,Nao,Nao,"",Banquile Balata,"",uuid:00813963-b287-4b11-86d0-464a9ad4094f,uuid:00813963-b287-4b11-86d0-464a9ad4094f
"Dec 4, 2025 7:03:49 PM","Dec 2, 2025 1:05:00 PM",IDSWT00132,-16.1560246000,33.5903651000,122.5999984741,4.9160000000,Tete,tete,Mercado_do_Peixe,Emissario_EM,Aguas_residuais,Grag_sample,34,40,51,"","","","","","","",Sim,"","","",Sim,"",Sim,Sim,Nao,Nao,Nao,Nao,"",Banquile Balata,"",uuid:d347a2bb-480f-442c-aba6-2fed8bc71449,uuid:d347a2bb-480f-442c-aba6-2fed8bc71449
"Dec 9, 2025 9:27:13 AM","Dec 9, 2025 7:49:00 AM",IDSWT00139,-16.1544783000,33.5886167000,149.1000061035,4.4660000000,Tete,tete,Registo,Emissario_EM,Aguas_residuais,Moore_swab,34,40,72,"","","","","","","",Sim,"","","",Sim,"",Sim,Sim,Nao,Nao,Nao,Nao,"",Banquile Balata,"",uuid:f33106b5-392b-4130-87f4-d34a29768387,uuid:f33106b5-392b-4130-87f4-d34a29768387
"Dec 9, 2025 9:27:13 AM","Dec 9, 2025 7:57:00 AM",IDSWT00140,-16.1545183000,33.5885450000,115.7000000000,4.7800000000,Tete,tete,Registo,Emissario_EM,Aguas_residuais,Grag_sample,34,40,72,"","","","","","","",Sim,"","","",Sim,"",Sim,Sim,Nao,Nao,Nao,"","",Banquile Balata,"",uuid:6e84f89b-9297-4760-8251-c20f442e4098,uuid:6e84f89b-9297-4760-8251-c20f442e4098
"Dec 9, 2025 9:27:13 AM","Dec 9, 2025 8:01:00 AM",IDSWT00141,-16.1560617000,33.5903000000,104.5000000000,4.4830000000,Tete,tete,Mercado_do_Peixe,Emissario_EM,Aguas_residuais,Grag_sample,34,40,72,"","","","","","","",Sim,"","","",Sim,"",Sim,Sim,Nao,Nao,Nao,"","",Banquile Balata,"",uuid:9ec62bc7-1299-4bb0-9208-a5e98a1ef3a8,uuid:9ec62bc7-1299-4bb0-9208-a5e98a1ef3a8
"Dec 9, 2025 9:27:14 AM","Dec 9, 2025 8:04:00 AM",IDSWT00142,-16.1560250000,33.5902750000,118.3000000000,4.8500000000,Tete,tete,Mercado_do_Peixe,Emissario_EM,Aguas_residuais,Grag_sample,34,40,72,"","","","","","","",Sim,"","","",Sim,"",Sim,Sim,Nao,Nao,Nao,Nao,"",Banquile Balata,"",uuid:c124c550-7641-4f00-a404-eccf7d1dfc80,uuid:c124c550-7641-4f00-a404-eccf7d1dfc80
"Dec 9, 2025 9:27:14 AM","Dec 9, 2025 8:12:00 AM",IDSWT00144,-16.1579533000,33.5922000000,106.0000000000,4.9330000000,Tete,tete,Paraiso_Misterioso,Emissario_EM,Aguas_residuais,Grag_sample,34,40,72,"","","","","","","",Sim,"","","",Sim,"",Sim,Sim,Nao,Nao,Nao,"","",Banquile Balata,"",uuid:a96eb011-4efc-48a2-90bf-a646a4e0a7c8,uuid:a96eb011-4efc-48a2-90bf-a646a4e0a7c8
"Dec 9, 2025 9:27:14 AM","Dec 9, 2025 8:16:00 AM",IDSWT00143,-16.1579467000,33.5922133000,106.2000000000,4.8000000000,Tete,tete,Paraiso_Misterioso,Emissario_EM,Aguas_residuais,Moore_swab,34,40,72,"","","","","","","",Sim,"","","",Sim,"",Sim,Sim,Nao,Nao,Nao,"","",Banquile Balata,"",uuid:ec45fc15-0e23-494c-acbe-f3aaeb9e3597,uuid:ec45fc15-0e23-494c-acbe-f3aaeb9e3597
"Dec 9, 2025 9:27:15 AM","Dec 9, 2025 8:22:00 AM",IDSWT00145,-16.1636955000,33.5981680000,146.6000061035,4.8600000000,Tete,tete,Quartel_Militar,Emissario_EM,Aguas_residuais,Moore_swab,34,40,72,"","","","","","","",Sim,"","","",Sim,"",Sim,Sim,Nao,Nao,Nao,"","",Banquile Balata,"",uuid:0a828a08-3dd1-406e-8348-4b7745939e0c,uuid:0a828a08-3dd1-406e-8348-4b7745939e0c
"Dec 9, 2025 9:27:15 AM","Dec 9, 2025 8:26:00 AM",IDSWT00146,-16.1637383000,33.5982189000,146.6000061035,4.0800000000,Tete,tete,Quartel_Militar,Emissario_EM,Aguas_residuais,Grag_sample,34,40,72,"","","","","","","",Sim,"","","",Sim,"",Sim,Sim,Nao,Nao,Nao,"","",Banquile Balata,"",uuid:e91bce66-b137-420b-bf96-1846328ef270,uuid:e91bce66-b137-420b-bf96-1846328ef270
"Dec 11, 2025 10:23:19 AM","Dec 9, 2025 7:55:00 AM",IDSW100426,-25.9651165000,32.6022931000,59.8999977112,4.9000000000,Maputo_Cidade,khampfumo,Presidencia,Emissario_EM,Aguas_residuais,Grag_sample,30,40,56,"","","","","","","",Sim,"","","",Sim,"",Sim,Sim,"","",Sim,"","",Delfa,"",uuid:99200e25-ef8b-4c35-aa13-93c2dfab6364,uuid:99200e25-ef8b-4c35-aa13-93c2dfab6364
"Dec 11, 2025 10:23:19 AM","Dec 9, 2025 8:04:00 AM",IDSW100427,-25.9837705000,32.5919675000,59.8999977112,4.9660000000,Maputo_Cidade,khampfumo,Tempestade,Emissario_EM,Aguas_residuais,Torpidos,30,40,56,"","","","","","","",Sim,"","","",Sim,"",Sim,Sim,"","","","","",Delfa,"",uuid:f26d041d-9efe-4170-bec8-1dd8a31bff6e,uuid:f26d041d-9efe-4170-bec8-1dd8a31bff6e
"Dec 11, 2025 10:23:20 AM","Dec 9, 2025 8:08:00 AM",IDSW100428,-25.9838420000,32.5919737000,59.8999977112,4.9660000000,Maputo_Cidade,khampfumo,Tempestade,Emissario_EM,Aguas_residuais,Moore_swab,30,40,56,"","","","","","","",Sim,"","","",Sim,"",Sim,Sim,"","",Sim,"","",Delfa,"",uuid:ae1d69a3-5d97-4051-ab9c-3021dd867981,uuid:ae1d69a3-5d97-4051-ab9c-3021dd867981
"Dec 11, 2025 10:23:21 AM","Dec 9, 2025 8:09:00 AM",IDSW100429,-25.9837927000,32.5919608000,59.8999977112,5.0000000000,Maputo_Cidade,khampfumo,Tempestade,Emissario_EM,Aguas_residuais,Grag_sample,30,40,56,"","","","","","","",Sim,"","","",Sim,"",Sim,Sim,"","",Sim,"","",Delfa,"",uuid:b75e4fb1-2b12-4d8b-9103-69ea1d18581a,uuid:b75e4fb1-2b12-4d8b-9103-69ea1d18581a
"Dec 11, 2025 10:23:21 AM","Dec 9, 2025 8:51:00 AM",IDSW100430,-25.9177429000,32.5382833000,45.2000000000,4.6400000000,Maputo_provincia,matola,ETAR,Vala_esgoto_VE,Aguas_residuais,Torpidos,31,40,53,"","","","","","","",Sim,"","","",Sim,"",Sim,Sim,"","","","","",Delfa,"",uuid:c2986197-e518-41af-b24c-201f9a7acacd,uuid:c2986197-e518-41af-b24c-201f9a7acacd
"Dec 11, 2025 10:23:22 AM","Dec 9, 2025 8:55:00 AM",IDSW100431,-25.9177080000,32.5382787000,45.2000000000,4.5400000000,Maputo_provincia,matola,ETAR,Vala_esgoto_VE,Aguas_residuais,Moore_swab,30,40,53,"","","","","","","",Sim,"","","",Sim,"",Sim,Sim,"","",Sim,"","",Delfa,"",uuid:dbec804c-2fdb-4e54-bd1d-9f283a42cdb8,uuid:dbec804c-2fdb-4e54-bd1d-9f283a42cdb8
"Dec 11, 2025 10:23:23 AM","Dec 9, 2025 8:57:00 AM",IDSW100432,-25.9177462000,32.5382625000,45.1000000000,4.5000000000,Maputo_provincia,matola,ETAR,Vala_esgoto_VE,Aguas_residuais,Grag_sample,30,40,53,"","","","","","","",Sim,"","","",Sim,"",Sim,Sim,"","",Sim,"","",Delfa,"",uuid:14ea889d-7eaf-4c48-9da0-1137d80ca394,uuid:14ea889d-7eaf-4c48-9da0-1137d80ca394
"Dec 11, 2025 10:23:23 AM","Dec 9, 2025 8:59:00 AM",IDSW100433,-25.9184284000,32.5391462000,45.3000000000,4.9330000000,Maputo_Cidade,kamubukwana,ETAR,Entrada_ETAR,Aguas_residuais,Torpidos,30,40,53,"","","","","","","",Sim,"","","",Sim,"",Sim,Sim,"","","","","",Delfa,"",uuid:c47c2d2b-0fce-4c60-8f5d-11c6aaa5c8f2,uuid:c47c2d2b-0fce-4c60-8f5d-11c6aaa5c8f2
"Dec 11, 2025 10:23:24 AM","Dec 9, 2025 9:05:00 AM",IDSW100434,-25.9184567000,32.5391583000,44.7000000000,4.3500000000,Maputo_Cidade,kamubukwana,ETAR,Entrada_ETAR,Aguas_residuais,Moore_swab,30,40,53,"","","","","","","",Sim,"","","",Sim,"",Sim,Sim,"","",Sim,"","",Delfa,"",uuid:2cefc977-2179-4174-89f4-98047c08aec7,uuid:2cefc977-2179-4174-89f4-98047c08aec7
"Dec 11, 2025 10:23:25 AM","Dec 9, 2025 9:06:00 AM",IDSW100435,-25.9184180000,32.5391815000,44.6000000000,4.5660000000,Maputo_Cidade,kamubukwana,ETAR,Entrada_ETAR,Aguas_residuais,Grag_sample,30,40,53,"","","","","","","",Sim,"","","",Sim,"",Sim,Sim,"","",Sim,"","",Delfa,"",uuid:ce0a5fee-5791-46e2-a065-8552bdc30b7a,uuid:ce0a5fee-5791-46e2-a065-8552bdc30b7a
"Dec 11, 2025 10:23:25 AM","Dec 9, 2025 9:08:00 AM",IDSW100436,-25.9182943000,32.5382346000,182.9000000000,4.8800000000,Maputo_Cidade,kamubukwana,ETAR,Cam_Cistern_CC,Aguas_residuais,Grag_sample,30,40,53,"","","","","","","",Sim,"","","",Sim,"",Sim,Sim,"","",Sim,"","",Delfa,"",uuid:5e9ed397-1b47-49f2-80f3-4d6b55d0bb7f,uuid:5e9ed397-1b47-49f2-80f3-4d6b55d0bb7f
"Dec 11, 2025 10:24:15 AM","Dec 2, 2025 8:37:00 AM",IDSW100413,-25.9651090000,32.6022774000,17.5000000000,4.7160000000,Maputo_Cidade,khampfumo,Presidencia,Emissario_EM,Aguas_residuais,Grag_sample,27,40,65,"","","","","","",Sim,Sim,"","","",Sim,"",Sim,Sim,"","",Sim,"","",DELFA,"",uuid:bbb24623-0b7f-449b-9943-e3d4e0b6b04c,uuid:bbb24623-0b7f-449b-9943-e3d4e0b6b04c
"Dec 11, 2025 10:24:15 AM","Dec 2, 2025 9:07:00 AM",IDSW100414,-25.9837750000,32.5920158000,13.8000000000,5.0000000000,Maputo_Cidade,khampfumo,Tempestade,Emissario_EM,Aguas_residuais,Torpidos,27,40,65,"","","","","","","",Sim,"","","",Sim,"",Sim,Sim,"","","","","",Delfa,"",uuid:637bee3f-09f9-4c2f-a85a-2d19c3259b1d,uuid:637bee3f-09f9-4c2f-a85a-2d19c3259b1d
"Dec 11, 2025 10:24:16 AM","Dec 2, 2025 9:10:00 AM",IDSW100415,-25.9837767000,32.5920357000,13.8000000000,4.9830000000,Maputo_Cidade,khampfumo,Tempestade,Emissario_EM,Aguas_residuais,Moore_swab,27,40,65,"","","","","","","",Sim,"","","",Sim,"",Sim,Sim,"","",Sim,"","",Delfa,"",uuid:993c2c08-1016-4737-92db-4888b6d63cab,uuid:993c2c08-1016-4737-92db-4888b6d63cab
"Dec 11, 2025 10:24:16 AM","Dec 2, 2025 9:14:00 AM",IDSW100416,-25.9838135000,32.5919768000,18.7000000000,4.9330000000,Maputo_Cidade,khampfumo,Tempestade,Emissario_EM,Aguas_residuais,Grag_sample,27,40,65,"","","","","","","",Sim,"","","",Sim,"",Sim,Sim,"","",Sim,"","",Delfa,"",uuid:d5bed4cb-b46a-468a-9948-b0a202927db3,uuid:d5bed4cb-b46a-468a-9948-b0a202927db3
"Dec 11, 2025 10:24:16 AM","Dec 2, 2025 9:49:00 AM",IDSW100417,-25.9178441000,32.5383726000,26.5000000000,4.8830000000,Maputo_provincia,matola,ETAR,Vala_esgoto_VE,Aguas_residuais,Torpidos,30,40,49,"","","","","","","",Sim,"","","",Sim,"",Sim,Sim,"","","","","",DELFA,"",uuid:c51f1f6d-90ed-4dab-bd32-58ec2f6168a9,uuid:c51f1f6d-90ed-4dab-bd32-58ec2f6168a9
"Dec 11, 2025 10:24:17 AM","Dec 2, 2025 9:56:00 AM",IDSW100418,-25.9177582000,32.5383134000,26.4000015259,4.5600000000,Maputo_provincia,matola,ETAR,Vala_esgoto_VE,Aguas_residuais,Moore_swab,30,40,49,"","","","","","","",Sim,"","","",Sim,"",Sim,Sim,"","",Sim,"","",DELFA,"",uuid:dd5778c9-d375-40b9-9d14-c66197cb4124,uuid:dd5778c9-d375-40b9-9d14-c66197cb4124
"Dec 11, 2025 10:24:17 AM","Dec 2, 2025 10:01:00 AM",IDSW100419,-25.9178699000,32.5382315000,27.2000007629,4.9830000000,Maputo_provincia,matola,ETAR,Vala_esgoto_VE,Aguas_residuais,Grag_sample,30,40,49,"","","","","","","",Sim,"","","",Sim,"",Sim,Sim,"","",Sim,"","",Delfa,"",uuid:487ea4c6-650c-4b3c-b4cb-8db4468a4ef4,uuid:487ea4c6-650c-4b3c-b4cb-8db4468a4ef4
"Dec 11, 2025 10:24:18 AM","Dec 2, 2025 10:11:00 AM",IDSW100420,-25.9183418000,32.5391931000,27.2000007629,4.8500000000,Maputo_Cidade,kamubukwana,ETAR,Entrada_ETAR,Aguas_residuais,Torpidos,30,40,49,"","","","","","","",Sim,"","","",Sim,"",Sim,Sim,"","","","","",DELFA,"",uuid:683cfd51-72fe-47ea-9042-c2a93f63f764,uuid:683cfd51-72fe-47ea-9042-c2a93f63f764
"Dec 11, 2025 10:24:18 AM","Dec 2, 2025 10:15:00 AM",IDSW100421,-25.9184137000,32.5391289000,27.2000007629,4.9000000000,Maputo_Cidade,kamubukwana,ETAR,Entrada_ETAR,Aguas_residuais,Moore_swab,30,40,49,"","","","","","","",Sim,"","","",Sim,"",Sim,Sim,"","",Sim,"","",DELFA,"",uuid:32a62930-55d3-4b45-8854-a54d2be9b468,uuid:32a62930-55d3-4b45-8854-a54d2be9b468
"Dec 11, 2025 10:24:18 AM","Dec 2, 2025 10:18:00 AM",IDSW100422,-25.9184564000,32.5391625000,27.2000007629,4.9660000000,Maputo_Cidade,kamubukwana,ETAR,Entrada_ETAR,Aguas_residuais,Grag_sample,30,40,49,"","","","","","","",Sim,"","","",Sim,"",Sim,Sim,"","",Sim,"","",DELFA,"",uuid:de00c536-831c-46ca-9422-912a8134186f,uuid:de00c536-831c-46ca-9422-912a8134186f
"Dec 11, 2025 10:24:19 AM","Dec 2, 2025 10:21:00 AM",IDSW100423,-25.9184103000,32.5391080000,27.2000007629,4.7660000000,Maputo_Cidade,kamubukwana,ETAR,Cam_Cistern_CC,Aguas_residuais,Torpidos,30,40,49,"","","","","","","",Sim,"","","",Sim,"",Sim,Sim,"","","","","",DELFA,"",uuid:d5df5119-a9a0-4f9a-b35b-133613f4fbeb,uuid:d5df5119-a9a0-4f9a-b35b-133613f4fbeb
"Dec 11, 2025 10:24:19 AM","Dec 2, 2025 10:23:00 AM",IDSW100424,-25.9184303000,32.5392151000,27.2000007629,4.6200000000,Maputo_Cidade,kamubukwana,ETAR,Cam_Cistern_CC,Aguas_residuais,Moore_swab,30,40,49,"","","","","","","",Sim,"","","",Sim,"",Sim,Sim,"","",Sim,"","",DELFA,"",uuid:9c08396a-e42f-4001-8c49-57d25c2b515a,uuid:9c08396a-e42f-4001-8c49-57d25c2b515a
"Dec 11, 2025 10:24:19 AM","Dec 2, 2025 10:27:00 AM",IDSW100425,-25.9184372000,32.5390347000,27.2000007629,4.9000000000,Maputo_Cidade,kamubukwana,ETAR,Cam_Cistern_CC,Aguas_residuais,Grag_sample,30,40,49,"","","","","","","",Sim,"","","",Sim,"",Sim,Sim,"","",Sim,"","",Delfa,"",uuid:6c03fc96-3984-4edb-955b-671713dab324,uuid:6c03fc96-3984-4edb-955b-671713dab324
"Dec 16, 2025 11:50:28 AM","Dec 16, 2025 7:36:00 AM",IDSWT00147,-16.1637976000,33.5982169000,122.0000000000,3.7500000000,Tete,tete,Quartel_Militar,Emissario_EM,Aguas_residuais,Moore_swab,25,40,69,"","","","","","","",Sim,"","","",Sim,"",Sim,Sim,Nao,Nao,Nao,"","",Banquile Balata,"",uuid:78d5f38e-ddf0-4057-8b81-333118d338b5,uuid:78d5f38e-ddf0-4057-8b81-333118d338b5
"Dec 16, 2025 11:50:28 AM","Dec 16, 2025 7:44:00 AM",IDSWT00148,-16.1637574000,33.5982749000,122.0000000000,4.7000000000,Tete,tete,Quartel_Militar,Emissario_EM,Aguas_residuais,Grag_sample,25,40,69,"","","","","","","",Sim,"","","",Sim,"",Sim,Sim,Nao,Nao,Nao,"","",Banquile Balata,"",uuid:8996a3ef-61c3-4bc5-bf44-f62dee4700bb,uuid:8996a3ef-61c3-4bc5-bf44-f62dee4700bb
"Dec 16, 2025 11:50:28 AM","Dec 16, 2025 8:02:00 AM",IDSWT00149,-16.1578574000,33.5922701000,119.8000030518,4.7750000000,Tete,tete,Paraiso_Misterioso,Emissario_EM,Aguas_residuais,Moore_swab,25,40,69,"","","","","","","",Sim,"","","",Sim,"",Sim,Sim,Nao,Nao,Nao,"","",Banquile Balata,"",uuid:f6daf9c8-6354-4b25-a17c-b292626ce9fe,uuid:f6daf9c8-6354-4b25-a17c-b292626ce9fe
"Dec 16, 2025 11:50:28 AM","Dec 16, 2025 8:05:00 AM",IDSWT00150,-16.1578929000,33.5922445000,119.8000030518,4.9000000000,Tete,tete,Paraiso_Misterioso,Emissario_EM,Aguas_residuais,Grag_sample,25,40,69,"","","","","","","",Sim,"","","",Sim,"",Sim,Sim,Nao,Nao,Nao,"","",Banquile Balata,"",uuid:26a87eb3-4ba3-48fe-948e-318f0f98944c,uuid:26a87eb3-4ba3-48fe-948e-318f0f98944c
"Dec 16, 2025 11:50:29 AM","Dec 16, 2025 8:34:00 AM",IDSWT00154,-16.1544648000,33.5885602000,129.6000061035,3.8400000000,Tete,tete,Registo,Emissario_EM,Aguas_residuais,Grag_sample,25,40,69,"","","","","","","",Sim,"","","",Sim,"",Sim,Sim,"","","","","",Banquile Julião Balata,"",uuid:2f29ca8c-cabb-4cb3-9f5c-03641415910f,uuid:2f29ca8c-cabb-4cb3-9f5c-03641415910f
"Dec 16, 2025 11:50:29 AM","Dec 16, 2025 8:31:00 AM",IDSWT00153,-16.1544958000,33.5886086000,129.6000061035,3.6500000000,Tete,tete,Registo,Emissario_EM,Aguas_residuais,Moore_swab,25,40,69,"","","","","","","",Sim,"","","",Sim,"",Sim,Sim,"","","","","",Banquile Julião Balata,"",uuid:c7aa6470-f213-40e8-af2b-c3b2ae76401f,uuid:c7aa6470-f213-40e8-af2b-c3b2ae76401f
"Dec 16, 2025 11:50:29 AM","Dec 16, 2025 8:25:00 AM",IDSWT00152,-16.1562337000,33.5902227000,129.6000061035,4.1330000000,Tete,tete,Mercado_do_Peixe,Emissario_EM,Aguas_residuais,Grag_sample,25,40,69,"","","","","","","",Sim,"","","",Sim,"",Sim,Sim,"","","","","",Banquile Julião Balata,"",uuid:65d1baa2-b145-4ab0-8c40-f1eeb3b46557,uuid:65d1baa2-b145-4ab0-8c40-f1eeb3b46557
"Dec 16, 2025 11:50:29 AM","Dec 16, 2025 8:22:00 AM",IDSWT00151,-16.1562169000,33.5902328000,129.6000061035,4.6330000000,Tete,tete,Mercado_do_Peixe,Emissario_EM,Aguas_residuais,Moore_swab,25,40,69,"","","","","","","",Sim,"","","",Sim,"",Sim,Sim,"","","","","",Banquile Juliao Balata,"",uuid:5b539e11-1e21-4e80-b0d5-d274cb67627c,uuid:5b539e11-1e21-4e80-b0d5-d274cb67627c
"Dec 16, 2025 2:52:04 PM","Dec 16, 2025 9:02:00 AM",IDSW100437,-25.9177215000,32.5383119000,29.8000000000,4.9160000000,Maputo_provincia,matola,ETAR,Vala_esgoto_VE,Aguas_residuais,Torpidos,24,40,68,"","","","","","","",Sim,"","","",Sim,"",Sim,Sim,"","","","","",INOCÊNCIO e DELFA,"",uuid:bcd6df62-7ecd-47a8-97b2-a411ef609d49,uuid:bcd6df62-7ecd-47a8-97b2-a411ef609d49
"Dec 16, 2025 2:52:04 PM","Dec 16, 2025 9:07:00 AM",IDSW100438,-25.9177542000,32.5382743000,28.8000000000,4.9830000000,Maputo_provincia,matola,ETAR,Vala_esgoto_VE,Aguas_residuais,Moore_swab,24,40,68,"","","","","","","",Sim,"","","",Sim,"",Sim,Sim,"","",Sim,"","",INOCÊNCIO e DELFA,"",uuid:3d89f2e8-ee95-49fd-86cf-f4ac4f75d329,uuid:3d89f2e8-ee95-49fd-86cf-f4ac4f75d329
"Dec 16, 2025 2:52:04 PM","Dec 16, 2025 9:09:00 AM",IDSW100439,-25.9177383000,32.5383051000,28.8000000000,4.9000000000,Maputo_provincia,matola,ETAR,Vala_esgoto_VE,Aguas_residuais,Grag_sample,24,40,68,"","","","","","","",Sim,"","","",Sim,"",Sim,Sim,"","",Sim,"","",INOCÊNCIO e DELFA,"",uuid:1cc928cb-2baf-4bd4-9782-47ff54253ffd,uuid:1cc928cb-2baf-4bd4-9782-47ff54253ffd
"Dec 16, 2025 2:52:05 PM","Dec 16, 2025 9:15:00 AM",IDSW100440,-25.9184595000,32.5392302000,40.4000000000,4.9660000000,Maputo_Cidade,kamubukwana,ETAR,Entrada_ETAR,Aguas_residuais,Torpidos,24,40,68,"","","","","","","",Sim,"","","",Sim,"",Sim,Sim,"","",Nao,"","",INOCÊNCIO e DELFA,"",uuid:ea9db1ea-9fdc-4927-a62a-d5aa68797d53,uuid:ea9db1ea-9fdc-4927-a62a-d5aa68797d53
"Dec 16, 2025 2:52:05 PM","Dec 16, 2025 9:18:00 AM",IDSW100441,-25.9185096000,32.5393374000,42.9000000000,4.9000000000,Maputo_Cidade,kamubukwana,ETAR,Entrada_ETAR,Aguas_residuais,Moore_swab,24,40,68,"","","","","","","",Sim,"","","",Sim,"",Sim,Sim,"","",Sim,"","",INOCÊNCIO e DELFA,"",uuid:363e4a61-df01-4f00-9243-9da7d98ec381,uuid:363e4a61-df01-4f00-9243-9da7d98ec381
"Dec 16, 2025 2:52:05 PM","Dec 16, 2025 9:20:00 AM",IDSW100442,-25.9185135000,32.5391244000,42.4000000000,4.9500000000,Maputo_Cidade,kamubukwana,ETAR,Entrada_ETAR,Aguas_residuais,Grag_sample,24,40,68,"","","","","","","",Sim,"","","",Sim,"",Sim,Sim,"","",Sim,"","",INOCÊNCIO e DELFA,"",uuid:2b82f4d8-0f2c-4e59-8924-ec05d3914843,uuid:2b82f4d8-0f2c-4e59-8924-ec05d3914843
"Dec 16, 2025 2:52:06 PM","Dec 16, 2025 9:28:00 AM",IDSW100443,-25.9185255000,32.5389458000,23.8000000000,4.8500000000,Maputo_Cidade,kamubukwana,ETAR,Cam_Cistern_CC,Aguas_residuais,Grag_sample,24,40,68,"","","","","","","",Sim,"","","",Sim,"",Sim,Sim,"","",Sim,"","",INOCÊNCIO e DELFA,"",uuid:b0682f81-74cd-4ca4-bedd-03d28bf20344,uuid:b0682f81-74cd-4ca4-bedd-03d28bf20344
"Dec 16, 2025 2:52:06 PM","Dec 16, 2025 10:04:00 AM",IDSW100444,-25.9838047000,32.5919763000,32.3000000000,5.0000000000,Maputo_Cidade,khampfumo,Tempestade,Emissario_EM,Aguas_residuais,Torpidos,28,40,68,"","","","","","","",Sim,"","","",Sim,"",Sim,Sim,"","","","","",INOCÊNCIO e DELFA,"",uuid:c6442ec7-e4b3-45e1-bd9e-462702247327,uuid:c6442ec7-e4b3-45e1-bd9e-462702247327
"Dec 16, 2025 2:52:06 PM","Dec 16, 2025 10:07:00 AM",IDSW100445,-25.9837141000,32.5920274000,32.8000000000,4.9800000000,Maputo_Cidade,khampfumo,Tempestade,Emissario_EM,Aguas_residuais,Moore_swab,28,40,68,"","","","","","","",Sim,"","","",Sim,"",Sim,Sim,"","",Sim,"","",INOCÊNCIO e DELFA,"",uuid:fb096e13-356b-455b-9d87-303274687799,uuid:fb096e13-356b-455b-9d87-303274687799
"Dec 16, 2025 2:52:06 PM","Dec 16, 2025 10:10:00 AM",IDSW100446,-25.9838006000,32.5920008000,32.8000000000,5.0000000000,Maputo_Cidade,khampfumo,Tempestade,Emissario_EM,Aguas_residuais,Grag_sample,28,40,68,"","","","","","","",Sim,"","","",Sim,"",Sim,Sim,"","",Sim,"","",INOCÊNCIO e DELFA,"",uuid:93547868-6642-42b6-8ff7-328e6b9ea69a,uuid:93547868-6642-42b6-8ff7-328e6b9ea69a
"Dec 23, 2025 11:35:13 AM","Dec 17, 2025 11:03:00 AM",IDSWQ00071,-17.8835702000,36.8873352000,12.8000000000,4.8000000000,Zambezia,quelimane,BRIZA,Emissario_EM,Aguas_residuais,Grag_sample,32,8,63,"","","","","","",Sim,Sim,"","","",Sim,"",Sim,Sim,"","","","","",IDSPS,"",uuid:45d17bbe-0e58-45b5-9869-5366742cea2c,uuid:45d17bbe-0e58-45b5-9869-5366742cea2c
"Dec 23, 2025 11:35:14 AM","Dec 17, 2025 11:01:00 AM",IDSWQ00067,-17.8836467000,36.8873510000,13.4000000000,4.9330000000,Zambezia,quelimane,BRIZA,Emissario_EM,Aguas_residuais,Moore_swab,32,8,63,"","","","","","",Sim,Sim,"","","",Sim,"",Sim,Sim,"","","","","",IDSPS,"",uuid:6f0489d4-f12d-43e7-a481-5644b2be694f,uuid:6f0489d4-f12d-43e7-a481-5644b2be694f
"Dec 23, 2025 11:35:15 AM","Dec 17, 2025 10:46:00 AM",IDSWQ00072,-17.8819351000,36.8850409000,-3.7000000000,4.9830000000,Zambezia,quelimane,REFEBA,Emissario_EM,Aguas_residuais,Grag_sample,32,8,63,"","","","","","",Sim,Sim,"","","",Sim,"",Sim,Sim,"","","","","",IDSPS,"",uuid:1ec60ae5-3771-4495-8164-af978ef541db,uuid:1ec60ae5-3771-4495-8164-af978ef541db
"Dec 23, 2025 11:35:15 AM","Dec 17, 2025 10:44:00 AM",IDSWQ00070,-17.8820238000,36.8850474000,-1.2000000000,4.7830000000,Zambezia,quelimane,REFEBA,Emissario_EM,Aguas_residuais,Moore_swab,32,8,63,"","","","","","",Sim,Sim,"","","",Sim,"",Sim,Sim,"","","","","",IDSPS,"",uuid:4d3286c9-585e-44b6-b8ac-b419b5ce1311,uuid:4d3286c9-585e-44b6-b8ac-b419b5ce1311
"Dec 23, 2025 11:35:16 AM","Dec 17, 2025 10:32:00 AM",IDSWQ00073,-17.8808963000,36.8835208000,11.1000000000,4.9400000000,Zambezia,quelimane,Piscina_Municipal,Emissario_EM,Aguas_residuais,Grag_sample,32,8,63,"","","","","","",Sim,Sim,"","","",Sim,"",Sim,Sim,"","","","","",IDSPS,"",uuid:ba761e1a-5060-478e-a77a-614ff51c3a61,uuid:ba761e1a-5060-478e-a77a-614ff51c3a61
"Dec 23, 2025 11:35:17 AM","Dec 17, 2025 10:28:00 AM",IDSWQ00068,-17.8809118000,36.8835562000,-2.2000000477,4.9420000000,Zambezia,quelimane,Piscina_Municipal,Emissario_EM,Aguas_residuais,Moore_swab,32,8,63,"","","","","","",Sim,Sim,"","","",Sim,"",Sim,Sim,"","","","","",IDSPS,"",uuid:81371a96-7e8f-42fa-a584-76a2f88255c2,uuid:81371a96-7e8f-42fa-a584-76a2f88255c2
"Dec 23, 2025 11:35:17 AM","Dec 17, 2025 10:20:00 AM",IDSWQ00074,-17.8796091000,36.8816457000,-2.2000000477,4.9330000000,Zambezia,quelimane,E_frente_Autor_Tributaria,Emissario_EM,Aguas_residuais,Grag_sample,32,8,63,"","","","","","",Sim,Sim,"","","",Sim,"",Sim,Sim,"","","","","",IDSPS,"",uuid:49a118e7-ff58-4fab-8d67-657037687044,uuid:49a118e7-ff58-4fab-8d67-657037687044
"Dec 23, 2025 11:35:18 AM","Dec 17, 2025 10:12:00 AM",IDSWQ00069,-17.8795917000,36.8816250000,-2.2000000477,4.8830000000,Zambezia,quelimane,E_frente_Autor_Tributaria,Emissario_EM,Aguas_residuais,Moore_swab,32,8,63,"","","","","","",Sim,Sim,"","","",Sim,"",Sim,Sim,"","","","","",IDSPS,"",uuid:4ead987d-b860-4e49-a4c4-70d2e01427b3,uuid:4ead987d-b860-4e49-a4c4-70d2e01427b3
"Dec 23, 2025 11:35:19 AM","Dec 9, 2025 9:26:00 AM",IDSWQ00066,-17.8796810000,36.8816656000,-2.2000000477,4.9160000000,Zambezia,quelimane,E_frente_Autor_Tributaria,Emissario_EM,Aguas_residuais,Moore_swab,29,11,14,"","","","","","",Sim,Sim,"","","",Sim,"",Sim,Sim,"","","","","",IDSVPC,"",uuid:20ca2bfc-922e-437f-aafb-50bfd9805e2e,uuid:20ca2bfc-922e-437f-aafb-50bfd9805e2e
"Dec 23, 2025 11:35:19 AM","Dec 9, 2025 9:21:00 AM",IDSWQ00062,-17.8796496000,36.8816924000,-4.7000002861,5.0000000000,Zambezia,quelimane,E_frente_Autor_Tributaria,Emissario_EM,Aguas_residuais,Moore_swab,29,12,14,"","","","","","",Sim,Sim,"","","",Sim,"",Sim,Sim,"","","","","",IDSVPC,"",uuid:ea84e66e-526f-478c-b432-1041126fe99d,uuid:ea84e66e-526f-478c-b432-1041126fe99d
"Dec 23, 2025 11:35:20 AM","Dec 9, 2025 9:08:00 AM",IDSWQ00065,-17.8808397000,36.8836862000,-2.4000000954,4.9800000000,Zambezia,quelimane,Piscina_Municipal,Emissario_EM,Aguas_residuais,Grag_sample,29,10,14,"","","","","","",Sim,Sim,"","","",Sim,"",Sim,Sim,"","","","","",IDSVPC,"",uuid:180f296a-1384-46f4-b61d-f2fd2a4e5999,uuid:180f296a-1384-46f4-b61d-f2fd2a4e5999
"Dec 23, 2025 11:35:20 AM","Dec 9, 2025 9:02:00 AM",IDSWQ00061,-17.8807104000,36.8837647000,-2.4000000954,4.9400000000,Zambezia,quelimane,Piscina_Municipal,Emissario_EM,Aguas_residuais,Moore_swab,29,10,14,"","","","","","",Sim,Sim,"","","",Sim,"",Sim,Sim,"","","","","",IDSVPC,"",uuid:68030dd4-4fd4-4841-bbcb-0e2035ed280b,uuid:68030dd4-4fd4-4841-bbcb-0e2035ed280b
"Dec 23, 2025 11:35:21 AM","Dec 9, 2025 8:42:00 AM",IDSWQ00064,-17.8819591000,36.8851726000,-2.2000000477,4.6710000000,Zambezia,quelimane,REFEBA,Emissario_EM,Aguas_residuais,Grag_sample,28,10,14,"","","","","","",Sim,Sim,"","","",Sim,"",Sim,Sim,"","","","","",IDSVPC,"",uuid:fac5ee9e-5cac-421e-95e0-2c24794afd48,uuid:fac5ee9e-5cac-421e-95e0-2c24794afd48
"Dec 23, 2025 11:35:21 AM","Dec 9, 2025 8:37:00 AM",IDSWQ00060,-17.8820032000,36.8850571000,-2.2000000477,4.8500000000,Zambezia,quelimane,REFEBA,Emissario_EM,Aguas_residuais,Moore_swab,28,10,14,"","","","","","",Sim,Sim,"","","",Sim,"",Sim,Sim,"","","","","",IDSVPC,"",uuid:ab7c3b1d-277f-4751-94af-bb5184c6968e,uuid:ab7c3b1d-277f-4751-94af-bb5184c6968e
"Dec 23, 2025 11:35:22 AM","Dec 9, 2025 8:26:00 AM",IDSWQ00063,-17.8836176000,36.8873483000,-4.3000001907,4.7000000000,Zambezia,quelimane,BRIZA,Emissario_EM,Aguas_residuais,Grag_sample,28,10,14,"","","","","","",Sim,Sim,"","","",Sim,"",Sim,Sim,"","","","","",IDSVPC,"",uuid:3ea8567f-58ee-4a5f-bc1e-c3ea2435d0c3,uuid:3ea8567f-58ee-4a5f-bc1e-c3ea2435d0c3
"Dec 23, 2025 11:35:23 AM","Dec 9, 2025 8:17:00 AM",IDSWQ00059,-17.8835460000,36.8873173000,-4.2000002861,4.7160000000,Zambezia,quelimane,BRIZA,Emissario_EM,Aguas_residuais,Moore_swab,28,10,63,"","","","","","",Sim,Sim,"","","",Sim,"",Sim,Sim,"","","","","",IDSVPC,"",uuid:cc91fc76-833c-4fd8-ba0a-5ff6be33b738,uuid:cc91fc76-833c-4fd8-ba0a-5ff6be33b738
"Dec 23, 2025 8:45:50 PM","Dec 23, 2025 7:08:00 AM",IDSWT00155,-16.1545517000,33.5885867000,122.8000030518,3.9500000000,Tete,tete,Registo,Emissario_EM,Aguas_residuais,Moore_swab,31,40,89,"","","","","","","",Sim,"","","",Sim,"",Sim,Sim,Sim,Sim,Sim,"","",Banquile Balata,"",uuid:10d66e94-4248-4ae2-9300-72f9ddd6c3ab,uuid:10d66e94-4248-4ae2-9300-72f9ddd6c3ab
"Dec 23, 2025 8:45:50 PM","Dec 23, 2025 7:11:00 AM",IDSWT00156,-16.1544483000,33.5885733000,122.8000030518,4.3570000000,Tete,tete,Registo,Emissario_EM,Aguas_residuais,Moore_swab,31,40,89,"","","","","","","",Sim,"","","",Sim,"",Sim,Sim,Sim,Sim,Sim,"","",Banquile Balata,"",uuid:1e397c62-64c3-4028-b664-bd83badfecb5,uuid:1e397c62-64c3-4028-b664-bd83badfecb5
"Dec 23, 2025 8:45:51 PM","Dec 23, 2025 7:22:00 AM",IDSWT00158,-16.1560672000,33.5902707000,126.5000000000,4.4330000000,Tete,tete,Mercado_do_Peixe,Emissario_EM,Aguas_residuais,Grag_sample,31,40,89,"","","","","","","",Sim,"","","",Sim,"",Sim,Sim,Sim,Sim,Sim,"","",Banquile Balata,"",uuid:1e57fb9f-5780-462a-a2f0-0584d856c53d,uuid:1e57fb9f-5780-462a-a2f0-0584d856c53d
"Dec 23, 2025 8:45:51 PM","Dec 23, 2025 7:32:00 AM",IDSWT00159,-16.1578917000,33.5921867000,119.0000000000,3.8330000000,Tete,tete,Paraiso_Misterioso,Emissario_EM,Aguas_residuais,Moore_swab,31,40,89,"","","","","","","",Sim,"","","",Sim,"",Sim,Sim,Nao,Nao,Nao,"","",Banquile Balata,"",uuid:56801f55-ac12-4f85-8160-ede784f3ce01,uuid:56801f55-ac12-4f85-8160-ede784f3ce01
"Dec 23, 2025 8:45:52 PM","Dec 23, 2025 7:34:00 AM",IDSWT00160,-16.1578933000,33.5922400000,120.0999984741,2.7850000000,Tete,tete,Paraiso_Misterioso,Emissario_EM,Aguas_residuais,Grag_sample,31,40,89,"","","","","","","",Sim,"","","",Sim,"",Sim,Sim,Nao,Nao,Nao,"","",Banquile Balata,"",uuid:156b01ad-bf26-4b00-bbe9-712e88558a9f,uuid:156b01ad-bf26-4b00-bbe9-712e88558a9f
"Dec 23, 2025 8:45:52 PM","Dec 23, 2025 7:44:00 AM",IDSWT00161,-16.1636158000,33.5979492000,121.0999984741,4.3660000000,Tete,tete,Quartel_Militar,Emissario_EM,Aguas_residuais,Moore_swab,31,40,89,"","","","","","","",Sim,"","","",Sim,"",Sim,Sim,Nao,Nao,Nao,"","",Banquile Balata,"",uuid:ffce9247-3c9d-4e7c-beaf-0aeb4188f985,uuid:ffce9247-3c9d-4e7c-beaf-0aeb4188f985
"Dec 23, 2025 8:45:53 PM","Dec 23, 2025 7:47:00 AM",IDSWT00162,-16.1638035000,33.5981871000,121.0999984741,4.0330000000,Tete,tete,Quartel_Militar,Emissario_EM,Aguas_residuais,Grag_sample,31,40,89,"","","","","","","",Sim,"","","",Sim,"",Sim,Sim,Nao,Nao,Nao,"","",Banquile Balata,"",uuid:cbe1ba26-aa59-4710-8e3c-5c84704951ec,uuid:cbe1ba26-aa59-4710-8e3c-5c84704951ec
"Dec 26, 2025 8:01:23 AM","Dec 23, 2025 7:55:00 AM",IDSW100447,-25.9652834000,32.6020800000,26.6000000000,4.6660000000,Maputo_Cidade,khampfumo,Presidencia,Emissario_EM,Aguas_residuais,Grag_sample,26,40,83,"","","","","","","",Sim,"","","",Sim,"",Sim,Sim,"","",Sim,"","",Delfa,"",uuid:3d01cc90-1f88-460c-b66e-73043889782b,uuid:3d01cc90-1f88-460c-b66e-73043889782b
"Dec 26, 2025 8:01:24 AM","Dec 23, 2025 8:14:00 AM",IDSW100448,-25.9837981000,32.5919659000,25.9000000000,4.4400000000,Maputo_Cidade,khampfumo,Tempestade,Emissario_EM,Aguas_residuais,Torpidos,27,40,66,"","","","","","","",Sim,"","","",Sim,"",Sim,Sim,"","",Sim,"","",Delfa,"",uuid:6b7ba222-a2f4-4d57-a52d-cc3b55b7bf4c,uuid:6b7ba222-a2f4-4d57-a52d-cc3b55b7bf4c
"Dec 26, 2025 8:01:24 AM","Dec 23, 2025 8:21:00 AM",IDSW100449,-25.9837700000,32.5919611000,30.0000000000,4.8000000000,Maputo_Cidade,khampfumo,Tempestade,Emissario_EM,Aguas_residuais,Moore_swab,27,40,66,"","","","","","","",Sim,"","","",Sim,"",Sim,Sim,"","",Sim,"","",Delfa,"",uuid:f211debb-55df-43ed-82a9-5e757c561276,uuid:f211debb-55df-43ed-82a9-5e757c561276
"Dec 26, 2025 8:01:25 AM","Dec 23, 2025 8:23:00 AM",IDSW100450,-25.9837401000,32.5919573000,30.0000000000,4.7830000000,Maputo_Cidade,khampfumo,Tempestade,Emissario_EM,Aguas_residuais,Grag_sample,27,40,66,"","","","","","","",Sim,"","","",Sim,"",Sim,Sim,"","",Sim,"","",Delfa,"",uuid:1d5a89e3-651c-46bb-bd7d-7f323ac1e2dd,uuid:1d5a89e3-651c-46bb-bd7d-7f323ac1e2dd
"Dec 26, 2025 8:01:25 AM","Dec 23, 2025 9:20:00 AM",IDSW100451,-25.9176800000,32.5383282000,27.0000000000,4.9400000000,Maputo_provincia,matola,ETAR,Vala_esgoto_VE,Aguas_residuais,Torpidos,28,40,66,"","","","","","","",Sim,"","","",Sim,"",Sim,Sim,"","","","","",Delfa,"",uuid:909dd667-c295-448f-a93f-f9c2eeb46c63,uuid:909dd667-c295-448f-a93f-f9c2eeb46c63
"Dec 26, 2025 8:01:26 AM","Dec 23, 2025 9:27:00 AM",IDSW100452,-25.9177941000,32.5382448000,27.0000000000,4.8600000000,Maputo_provincia,matola,ETAR,Vala_esgoto_VE,Aguas_residuais,Moore_swab,28,40,66,"","","","","","","",Sim,"","","",Sim,"",Sim,Sim,"","",Sim,"","",Delfa,"",uuid:29816950-eb92-4884-915e-832cad1d477c,uuid:29816950-eb92-4884-915e-832cad1d477c
"Dec 26, 2025 8:01:26 AM","Dec 23, 2025 9:30:00 AM",IDSW100453,-25.9177211000,32.5382660000,27.0000000000,4.8330000000,Maputo_provincia,matola,ETAR,Vala_esgoto_VE,Aguas_residuais,Grag_sample,28,40,66,"","","","","","","",Sim,"","","",Sim,"",Sim,Sim,"","",Sim,"","",Delfa,"",uuid:0f45adf4-7ab4-4670-8780-d2faf8663e3f,uuid:0f45adf4-7ab4-4670-8780-d2faf8663e3f
"Dec 26, 2025 8:01:27 AM","Dec 23, 2025 9:33:00 AM",IDSW100454,-25.9177775000,32.5382687000,27.0000000000,4.6800000000,Maputo_Cidade,kamubukwana,ETAR,Entrada_ETAR,Aguas_residuais,Torpidos,28,40,66,"","","","","","","",Sim,"","","",Sim,"",Sim,Sim,"","",Nao,"","",Delfa,"",uuid:a8f309a9-fb54-468d-beda-e940f4624761,uuid:a8f309a9-fb54-468d-beda-e940f4624761
"Dec 26, 2025 8:01:27 AM","Dec 23, 2025 9:39:00 AM",IDSW100455,-25.9183827000,32.5392397000,27.0000000000,4.9830000000,Maputo_Cidade,kamubukwana,ETAR,Entrada_ETAR,Aguas_residuais,Moore_swab,28,40,66,"","","","","","","",Sim,"","","",Sim,"",Sim,Sim,"","",Sim,"","",Delfa,"",uuid:83b2a7c3-2a06-4ee3-a470-19348d4e9a4b,uuid:83b2a7c3-2a06-4ee3-a470-19348d4e9a4b
"Dec 26, 2025 8:01:28 AM","Dec 23, 2025 9:41:00 AM",IDSW100456,-25.9184247000,32.5391038000,27.0000000000,5.0000000000,Maputo_Cidade,kamubukwana,ETAR,Entrada_ETAR,Aguas_residuais,Grag_sample,28,40,66,"","","","","","","",Sim,"","","",Sim,"",Sim,Sim,"","",Sim,"","",Delfa,"",uuid:d0c8c6c5-da26-4e8c-949d-763baec81d0c,uuid:d0c8c6c5-da26-4e8c-949d-763baec81d0c
"Dec 26, 2025 8:01:29 AM","Dec 23, 2025 9:46:00 AM",IDSW100457,-25.9184189000,32.5392058000,27.0000000000,4.9830000000,Maputo_Cidade,kamubukwana,ETAR,Cam_Cistern_CC,Aguas_residuais,Grag_sample,28,40,66,"","","","","","","",Sim,"","","",Sim,"",Sim,Sim,"","",Sim,"","",Delfa,"",uuid:8a28bc86-fc61-46de-afdc-dd229d6af4ff,uuid:8a28bc86-fc61-46de-afdc-dd229d6af4ff
"Dec 30, 2025 1:23:57 PM","Dec 30, 2025 7:31:00 AM",IDSW100458,-25.9837254000,32.5920046000,10.7000000000,4.9660000000,Maputo_Cidade,khampfumo,Tempestade,Emissario_EM,Aguas_residuais,Torpidos,26,40,58,"","","","","","","",Sim,"","","",Sim,"",Sim,Sim,"","","","","",INOCÊNCIO e DELFA,"",uuid:4ae324a1-0b8d-4d72-a6fa-0263848d7ae8,uuid:4ae324a1-0b8d-4d72-a6fa-0263848d7ae8
"Dec 30, 2025 1:23:57 PM","Dec 30, 2025 7:34:00 AM",IDSW100459,-25.9838637000,32.5919952000,13.1000000000,4.9830000000,Maputo_Cidade,khampfumo,Tempestade,Emissario_EM,Aguas_residuais,Moore_swab,26,40,58,"","","","","","","",Sim,"","","",Sim,"",Sim,Sim,"","",Sim,"","",INOCÊNCIO e DELFA,"",uuid:8ea4d36d-826c-45bc-80f7-1f77ef2e6ca1,uuid:8ea4d36d-826c-45bc-80f7-1f77ef2e6ca1
"Dec 30, 2025 1:23:58 PM","Dec 30, 2025 7:36:00 AM",IDSW100460,-25.9837921000,32.5920413000,13.1000000000,4.9660000000,Maputo_Cidade,khampfumo,Tempestade,Emissario_EM,Aguas_residuais,Grag_sample,26,40,58,"","","","","","","",Sim,"","","",Sim,"",Sim,Sim,"","",Sim,"","",INOCÊNCIO e DELFA,"",uuid:0a925cb2-b55b-4fb1-a6f7-d80deab58dee,uuid:0a925cb2-b55b-4fb1-a6f7-d80deab58dee
"Dec 30, 2025 1:23:58 PM","Dec 30, 2025 8:07:00 AM",IDSW100461,-25.9177200000,32.5382000000,13.1000000000,4.8000000000,Maputo_provincia,matola,ETAR,Entrada_ETAR,Aguas_residuais,Torpidos,27,40,55,"","","","","","","",Sim,"","","",Sim,"",Sim,Sim,"","","","","",INOCÊNCIO e DELFA,"",uuid:254f2d46-3cb2-4ef4-a7af-68b714b98910,uuid:254f2d46-3cb2-4ef4-a7af-68b714b98910
"Dec 30, 2025 1:23:58 PM","Dec 30, 2025 8:10:00 AM",IDSW100462,-25.9177711000,32.5381731000,83.3000000000,4.9660000000,Maputo_provincia,matola,ETAR,Entrada_ETAR,Aguas_residuais,Moore_swab,27,40,55,"","","","","","","",Sim,"","","",Sim,"",Sim,Sim,"","",Sim,"","",INOCÊNCIO e DELFA,"",uuid:619b1ff3-122b-44e3-ac20-c8dc305b0bfe,uuid:619b1ff3-122b-44e3-ac20-c8dc305b0bfe
"Dec 30, 2025 1:23:59 PM","Dec 30, 2025 8:12:00 AM",IDSW100463,-25.9178671000,32.5380492000,83.3000000000,4.9830000000,Maputo_provincia,matola,ETAR,Entrada_ETAR,Aguas_residuais,Grag_sample,27,40,55,"","","","","","","",Sim,"","","",Sim,"",Sim,Sim,"","",Sim,"","",INOCÊNCIO e DELFA,"",uuid:decd65ed-a6af-4575-b46b-c785d0f4656d,uuid:decd65ed-a6af-4575-b46b-c785d0f4656d
"Dec 30, 2025 1:23:59 PM","Dec 30, 2025 8:16:00 AM",IDSW100464,-25.9184489000,32.5393576000,83.1000000000,4.7500000000,Maputo_Cidade,kamubukwana,ETAR,Entrada_ETAR,Aguas_residuais,Grag_sample,27,40,55,"","","","","","","",Sim,"","","",Sim,"",Sim,Sim,"","",Sim,"","",INOCÊNCIO e DELFA,"",uuid:c83e930f-5c09-4ecd-8207-ceb8959d5967,uuid:c83e930f-5c09-4ecd-8207-ceb8959d5967
"Dec 30, 2025 1:23:59 PM","Dec 30, 2025 8:22:00 AM",IDSW100465,-25.9185115000,32.5387938000,83.0000000000,4.6200000000,Maputo_Cidade,kamubukwana,ETAR,Cam_Cistern_CC,Aguas_residuais,Grag_sample,27,40,55,"","","","","","","",Sim,"","","",Sim,"",Sim,Sim,"","",Sim,"","",INOCÊNCIO e DELFA,"",uuid:7f2883de-090a-4c4a-9b74-226585d81411,uuid:7f2883de-090a-4c4a-9b74-226585d81411
"Jan 2, 2026 1:19:05 PM","Dec 27, 2025 9:06:00 AM",IDSWQ00075,-17.8836100000,36.8872900000,15.7000000000,4.8000000000,Zambezia,quelimane,BRIZA,Emissario_EM,Aguas_residuais,Moore_swab,31,8,63,"","","","","","","",Sim,"","","",Sim,"",Sim,Sim,"","","","","",IDSLJ,"",uuid:31309a66-1c5a-4997-a984-ee07797ef49a,uuid:31309a66-1c5a-4997-a984-ee07797ef49a
"Jan 2, 2026 1:19:05 PM","Dec 27, 2025 9:10:00 AM",IDSWQ00079,-17.8836167000,36.8873200000,11.2000000000,4.8200000000,Zambezia,quelimane,BRIZA,Emissario_EM,Aguas_residuais,Grag_sample,31,8,63,"","","","","","","",Sim,"","","",Sim,"",Sim,Sim,"","","","","",IDSLJ,"",uuid:5f46d126-ddbe-4452-8d51-2158f136e5f0,uuid:5f46d126-ddbe-4452-8d51-2158f136e5f0
"Jan 2, 2026 1:19:05 PM","Dec 27, 2025 9:13:00 AM",IDSWQ00076,-17.8820650000,36.8850450000,19.3000000000,4.2330000000,Zambezia,quelimane,REFEBA,Emissario_EM,Aguas_residuais,Moore_swab,31,8,63,"","","","","","","",Sim,"","","",Sim,"",Sim,Sim,"","","","","",IDSLJ,"",uuid:4d3ffcfb-93a1-4dd1-90f5-4c5f2adc14fa,uuid:4d3ffcfb-93a1-4dd1-90f5-4c5f2adc14fa
"Jan 2, 2026 1:19:06 PM","Dec 27, 2025 9:19:00 AM",IDSWQ00080,-17.8820500000,36.8850433000,18.6000000000,3.8500000000,Zambezia,quelimane,REFEBA,Emissario_EM,Aguas_residuais,Grag_sample,31,8,63,"","","","","","","",Sim,"","","",Sim,"",Sim,Sim,"","","","","",IDSLJ,"",uuid:f6870ec5-00bf-437c-b101-8e77a6464979,uuid:f6870ec5-00bf-437c-b101-8e77a6464979
"Jan 2, 2026 1:19:06 PM","Dec 27, 2025 9:21:00 AM",IDSWQ00077,-17.8809267000,36.8834983000,20.0000000000,4.2280000000,Zambezia,quelimane,Piscina_Municipal,Emissario_EM,Aguas_residuais,Moore_swab,31,8,63,"","","","","","","",Sim,"","","",Sim,"",Sim,Sim,"","","","","",IDSLJ,"",uuid:fc18acfa-c4b4-44cd-a034-9ac01e328df0,uuid:fc18acfa-c4b4-44cd-a034-9ac01e328df0
"Jan 2, 2026 1:19:07 PM","Dec 27, 2025 9:25:00 AM",IDSWQ00081,-17.8809250000,36.8835400000,19.8000000000,3.6000000000,Zambezia,quelimane,Piscina_Municipal,Emissario_EM,Aguas_residuais,Grag_sample,31,8,63,"","","","","","","",Sim,"","","",Sim,"",Sim,Sim,Nao,"","","","",IDSLJ,"",uuid:848f2de4-b0a3-4a98-a16e-0fdd1c8edc3e,uuid:848f2de4-b0a3-4a98-a16e-0fdd1c8edc3e
"Jan 2, 2026 1:19:07 PM","Dec 27, 2025 9:28:00 AM",IDSWQ00078,-17.8796767000,36.8816267000,-5.9000000000,4.6000000000,Zambezia,quelimane,E_frente_Autor_Tributaria,Emissario_EM,Aguas_residuais,Moore_swab,31,8,63,"","","","","","","",Sim,"","","",Sim,"",Sim,Sim,"","","","","",IDSLJ,"",uuid:59cc746d-80b6-40c7-9b47-d7861c833884,uuid:59cc746d-80b6-40c7-9b47-d7861c833884
"Jan 2, 2026 1:19:08 PM","Dec 27, 2025 9:32:00 AM",IDSWQ00082,-17.8796433000,36.8816600000,-5.7000000000,4.3000000000,Zambezia,quelimane,E_frente_Autor_Tributaria,Emissario_EM,Aguas_residuais,Grag_sample,31,8,63,"","","","","","","",Sim,"","","",Sim,"",Sim,Sim,"","","","","",IDSLJ,"",uuid:3107abf1-bd08-4fa8-b553-e2451d3ca44a,uuid:3107abf1-bd08-4fa8-b553-e2451d3ca44a
"Jan 2, 2026 1:19:08 PM","Dec 29, 2025 8:14:00 AM",IDSWQ00086,-17.8796283000,36.8816400000,12.5000000000,4.8000000000,Zambezia,quelimane,E_frente_Autor_Tributaria,Emissario_EM,Aguas_residuais,Moore_swab,31,8,63,"","","","","","","",Sim,"","","",Sim,"",Sim,Sim,"","","","","",IDSLJ,"",uuid:65b677a5-a735-4777-8533-ad227d59f93b,uuid:65b677a5-a735-4777-8533-ad227d59f93b
"Jan 2, 2026 1:19:09 PM","Dec 29, 2025 8:18:00 AM",IDSWQ00090,-17.8796517000,36.8817050000,11.2000000000,4.4400000000,Zambezia,quelimane,E_frente_Autor_Tributaria,Emissario_EM,Aguas_residuais,Grag_sample,31,8,63,"","","","","","","",Sim,"","","",Sim,"",Sim,Sim,"","","","","",IDSLJ,"",uuid:8ea63695-2be5-4d80-9a76-9e00738ebb08,uuid:8ea63695-2be5-4d80-9a76-9e00738ebb08
"Jan 2, 2026 1:19:09 PM","Dec 29, 2025 8:25:00 AM",IDSWQ00085,-17.8810083000,36.8834800000,19.6000000000,4.9160000000,Zambezia,quelimane,Piscina_Municipal,Emissario_EM,Aguas_residuais,Moore_swab,31,8,63,"","","","","","","",Sim,"","","",Sim,"",Sim,Sim,"","","","","",IDSLJ,"",uuid:f9fd7e6d-38bc-476d-a42f-cdf058e59f73,uuid:f9fd7e6d-38bc-476d-a42f-cdf058e59f73
"Jan 2, 2026 1:19:10 PM","Dec 29, 2025 8:36:00 AM",IDSWQ00089,-17.8809250000,36.8834917000,15.9000000000,4.9660000000,Zambezia,quelimane,Piscina_Municipal,Emissario_EM,Aguas_residuais,Grag_sample,31,8,63,"","","","","","","",Sim,"","","",Sim,"",Sim,Sim,"","","","","",IDSLJ,"",uuid:3306a4e2-74f7-484c-bfe9-10dd23b3034f,uuid:3306a4e2-74f7-484c-bfe9-10dd23b3034f
"Jan 2, 2026 1:19:10 PM","Dec 29, 2025 9:02:00 AM",IDSWQ00084,-17.8819652000,36.8851202000,-8.5000000000,4.9000000000,Zambezia,quelimane,REFEBA,Emissario_EM,Aguas_residuais,Moore_swab,31,8,63,"","","","","","","",Sim,"","","",Sim,"",Sim,Sim,"","","","","",IDSLJ,"",uuid:4cae2f78-50d2-4152-ae6e-41b95ddc9718,uuid:4cae2f78-50d2-4152-ae6e-41b95ddc9718
"Jan 2, 2026 1:19:11 PM","Dec 29, 2025 9:05:00 AM",IDSWQ00088,-17.8819204000,36.8851544000,-8.5000000000,4.9830000000,Zambezia,quelimane,REFEBA,Emissario_EM,Aguas_residuais,Grag_sample,31,8,63,"","","","","","","",Sim,"","","",Sim,"",Sim,Sim,"","","","","",IDSLJ,"",uuid:a53739b2-a511-420b-92b6-874c663b5d92,uuid:a53739b2-a511-420b-92b6-874c663b5d92
"Jan 2, 2026 1:19:11 PM","Dec 29, 2025 9:25:00 AM",IDSWQ00083,-17.8835776000,36.8873117000,-8.0000000000,4.6330000000,Zambezia,quelimane,BRIZA,Emissario_EM,Aguas_residuais,Moore_swab,31,8,63,"","","","","","","",Sim,"","","",Sim,"",Sim,Sim,"","","","","",IDSLJ,"",uuid:e00e2d10-4784-473b-8e8a-0d47f09a9b46,uuid:e00e2d10-4784-473b-8e8a-0d47f09a9b46
"Jan 2, 2026 1:19:11 PM","Dec 29, 2025 9:30:00 AM",IDSWQ00087,-17.8836163000,36.8873191000,-4.8000000000,3.5620000000,Zambezia,quelimane,BRIZA,Emissario_EM,Aguas_residuais,Grag_sample,31,8,63,"","","","","","","",Sim,"","","",Sim,"",Sim,Sim,"","","","","",IDSLJ,"",uuid:3aa175a8-acdd-4a94-802d-c94bb635dd4d,uuid:3aa175a8-acdd-4a94-802d-c94bb635dd4d
"Jan 6, 2026 8:32:47 AM","Dec 30, 2025 7:02:00 AM",IDSWT00163,-16.1545294000,33.5885503000,125.1999969482,4.5800000000,Tete,tete,Registo,Emissario_EM,Aguas_residuais,Moore_swab,31,40,77,"","","","","","","",Sim,"","","",Sim,"",Sim,Sim,Nao,Nao,Nao,"","",Banquile Balata,"",uuid:1a3fdf85-a7c0-4908-ba75-ef146b8f3dbf,uuid:1a3fdf85-a7c0-4908-ba75-ef146b8f3dbf
"Jan 6, 2026 8:32:47 AM","Dec 30, 2025 7:06:00 AM",IDSWT00164,-16.1545220000,33.5885263000,125.1999969482,4.5000000000,Tete,tete,Registo,Emissario_EM,Aguas_residuais,Grag_sample,31,40,77,"","","","","","","",Sim,"","","",Sim,"",Sim,Sim,Nao,Nao,Nao,"","",Banquile Balata,"",uuid:9aa0602a-d682-4f98-8c86-dd777c0e109d,uuid:9aa0602a-d682-4f98-8c86-dd777c0e109d
"Jan 6, 2026 8:32:48 AM","Dec 30, 2025 7:23:00 AM",IDSWT00166,-16.1560405000,33.5902991000,121.9000015259,3.9600000000,Tete,tete,Mercado_do_Peixe,Emissario_EM,Aguas_residuais,Grag_sample,31,40,77,"","","","","","","",Sim,"","","",Sim,"",Sim,Sim,Nao,Nao,Nao,"","",Banquile Balata,"",uuid:e61c06cf-80aa-4aa9-bcfd-5592efeab122,uuid:e61c06cf-80aa-4aa9-bcfd-5592efeab122
"Jan 6, 2026 8:32:48 AM","Dec 30, 2025 7:42:00 AM",IDSWT00167,-16.1578501000,33.5922911000,120.0999984741,3.7850000000,Tete,tete,Paraiso_Misterioso,Emissario_EM,Aguas_residuais,Moore_swab,31,40,77,"","","","","","","",Sim,"","","",Sim,"",Sim,Sim,Nao,Nao,Nao,"","",Banquile Balata,"",uuid:88c41af9-d1e9-47db-a3f0-f7e85f3dad5b,uuid:88c41af9-d1e9-47db-a3f0-f7e85f3dad5b
"Jan 6, 2026 8:32:49 AM","Dec 30, 2025 7:46:00 AM",IDSWT00168,-16.1578717000,33.5922400000,120.0999984741,4.7800000000,Tete,tete,Paraiso_Misterioso,Emissario_EM,Aguas_residuais,Grag_sample,31,40,77,"","","","","","","",Sim,"","","",Sim,"",Sim,Sim,Nao,Nao,Nao,"","",Banquile Balata,"",uuid:308e6b2d-8239-4642-8c0d-6a24661db091,uuid:308e6b2d-8239-4642-8c0d-6a24661db091
"Jan 6, 2026 8:32:49 AM","Dec 30, 2025 8:42:00 AM",IDSWT00169,-16.1636550000,33.5981950000,121.5999984741,3.3500000000,Tete,tete,Quartel_Militar,Emissario_EM,Aguas_residuais,Moore_swab,31,40,77,"","","","","","","",Sim,"","","",Sim,"",Sim,Sim,Nao,Nao,Nao,"","",Banquile Balata,"",uuid:202e3c61-3d45-48e5-b75b-bc7ac6271c74,uuid:202e3c61-3d45-48e5-b75b-bc7ac6271c74
"Jan 6, 2026 8:32:50 AM","Dec 30, 2025 8:44:00 AM",IDSWT00170,-16.1637900000,33.5980767000,121.5999984741,5.0000000000,Tete,tete,Quartel_Militar,Emissario_EM,Aguas_residuais,Grag_sample,31,40,77,"","","","","","","",Sim,"","","",Sim,"",Sim,Sim,Nao,Nao,Nao,"","",Banquile Balata,"",uuid:59db0bb0-581f-4a2e-9fe0-8e3860f91786,uuid:59db0bb0-581f-4a2e-9fe0-8e3860f91786
"Jan 6, 2026 8:32:50 AM","Jan 6, 2026 7:27:00 AM",IDSWT00171,-16.1637950000,33.5982050000,121.6999969482,3.7000000000,Tete,tete,Quartel_Militar,Emissario_EM,Aguas_residuais,Moore_swab,34,40,75,"","","","","","","",Sim,"","","",Sim,"",Sim,Sim,Nao,Nao,Nao,"","",Banquile Balata,"",uuid:de361ceb-7e2b-49fc-8329-efef35e2ff50,uuid:de361ceb-7e2b-49fc-8329-efef35e2ff50
"Jan 6, 2026 8:32:51 AM","Jan 6, 2026 7:29:00 AM",IDSWT00172,-16.1637400000,33.5982517000,141.0000152588,2.2000000000,Tete,tete,Quartel_Militar,Emissario_EM,Aguas_residuais,Grag_sample,34,40,75,"","","","","","","",Sim,"","","",Sim,"",Sim,Sim,Nao,Nao,Nao,"","",Banquile Balata,"",uuid:f14be284-2d65-462e-bc9c-ebc2107fde92,uuid:f14be284-2d65-462e-bc9c-ebc2107fde92
"Jan 6, 2026 8:32:51 AM","Jan 6, 2026 7:50:00 AM",IDSWT00173,-16.1578017000,33.5922883000,120.0999984741,4.0500000000,Tete,tete,Paraiso_Misterioso,Emissario_EM,Aguas_residuais,Moore_swab,34,40,75,"","","","","","","",Sim,"","","",Sim,"",Sim,Sim,Nao,Nao,Nao,"","",Banquile,"",uuid:b6a335b2-2754-4107-b2c4-abd95bacd296,uuid:b6a335b2-2754-4107-b2c4-abd95bacd296
"Jan 6, 2026 8:32:52 AM","Jan 6, 2026 7:52:00 AM",IDSWT00174,-16.1578750000,33.5923517000,120.0999984741,4.7000000000,Tete,tete,Paraiso_Misterioso,Emissario_EM,Aguas_residuais,Grag_sample,34,40,75,"","","","","","","",Sim,"","","",Sim,"",Sim,Sim,Nao,Nao,Nao,"","",Banquile Balata,"",uuid:5987d55e-a33c-4f59-b2ad-e7ba0b7fe2b1,uuid:5987d55e-a33c-4f59-b2ad-e7ba0b7fe2b1
"Jan 6, 2026 8:32:52 AM","Jan 6, 2026 8:04:00 AM",IDSWT00176,-16.1559855000,33.5903187000,121.3000030518,4.5660000000,Tete,tete,Mercado_do_Peixe,Emissario_EM,Aguas_residuais,Grag_sample,34,40,75,"","","","","","","",Sim,"","","",Sim,"",Sim,Sim,Nao,Nao,Nao,"","",Banquile Balata,"",uuid:48f2652c-9fa3-49ee-868c-2c61b0ce0d5e,uuid:48f2652c-9fa3-49ee-868c-2c61b0ce0d5e
"Jan 6, 2026 8:32:53 AM","Jan 6, 2026 8:15:00 AM",IDSWT00177,-16.1545500000,33.5885733000,122.3000030518,4.7000000000,Tete,tete,Registo,Emissario_EM,Aguas_residuais,Moore_swab,34,40,75,"","","","","","","",Sim,"","","",Sim,"",Sim,Sim,Nao,Nao,Nao,"","",Banquile Balata,"",uuid:eb684e97-d7eb-4c85-ad31-8846193c01da,uuid:eb684e97-d7eb-4c85-ad31-8846193c01da
"Jan 6, 2026 8:32:53 AM","Jan 6, 2026 8:22:00 AM",IDSWT00178,-16.1545500000,33.5885517000,122.3000030518,4.4160000000,Tete,tete,Registo,Emissario_EM,Aguas_residuais,Grag_sample,34,40,75,"","","","","","","",Sim,"","","",Sim,"",Sim,Sim,Nao,Nao,Nao,"","",Banquile Balata,"",uuid:f0813e0f-5057-46fa-bfad-2df31eeaa702,uuid:f0813e0f-5057-46fa-bfad-2df31eeaa702
"Jan 8, 2026 10:31:49 AM","Jan 6, 2026 8:04:00 AM",IDSW100466,-25.9176802000,32.5382974000,27.0000000000,4.8330000000,Maputo_provincia,matola,ETAR,Vala_esgoto_VE,Aguas_residuais,Torpidos,28,8,68,"","","","","","","",Sim,"","","",Sim,"",Sim,Sim,"","","","","",Delfa,"",uuid:50b282c8-77f1-46dd-92a7-de9241325d2d,uuid:50b282c8-77f1-46dd-92a7-de9241325d2d
"Jan 8, 2026 10:31:52 AM","Jan 6, 2026 8:09:00 AM",IDSW100467,-25.9177293000,32.5383307000,27.0000000000,4.9160000000,Maputo_provincia,matola,ETAR,Vala_esgoto_VE,Aguas_residuais,Moore_swab,28,8,68,"","","","","","","",Sim,"","","",Sim,"",Sim,Sim,"","",Sim,"","",Delfa,"",uuid:bf8a229b-5243-4549-8425-21ec9d127aae,uuid:bf8a229b-5243-4549-8425-21ec9d127aae
"Jan 8, 2026 10:32:07 AM","Jan 6, 2026 8:11:00 AM",IDSW100468,-25.9177615000,32.5382997000,27.2000007629,4.9400000000,Maputo_provincia,matola,ETAR,Vala_esgoto_VE,Aguas_residuais,Grag_sample,28,8,68,"","","","","","","",Sim,"","","",Sim,"",Sim,Sim,"","",Sim,"","",Delfa,"",uuid:8491d559-4f06-41ef-bc06-47fff0ccab78,uuid:8491d559-4f06-41ef-bc06-47fff0ccab78
"Jan 8, 2026 10:32:11 AM","Jan 6, 2026 8:12:00 AM",IDSW100469,-25.9177161000,32.5383030000,27.2000007629,4.9330000000,Maputo_Cidade,kamubukwana,ETAR,Entrada_ETAR,Aguas_residuais,Torpidos,28,8,68,"","","","","","","",Sim,"","","",Sim,"",Sim,Sim,"","","","","",Delfa,"",uuid:44ae00b7-058b-42fa-ab04-48a0dd2461cb,uuid:44ae00b7-058b-42fa-ab04-48a0dd2461cb
"Jan 8, 2026 10:32:12 AM","Jan 6, 2026 8:15:00 AM",IDSW100470,-25.9177311000,32.5382971000,27.0000000000,4.9830000000,Maputo_Cidade,kamubukwana,ETAR,Entrada_ETAR,Aguas_residuais,Moore_swab,28,8,68,"","","","","","","",Sim,"","","",Sim,"",Sim,Sim,"","",Sim,"","",Delfa,"",uuid:cfea8ab3-1616-4e25-842b-87749cfbbf3a,uuid:cfea8ab3-1616-4e25-842b-87749cfbbf3a
"Jan 8, 2026 10:32:13 AM","Jan 6, 2026 8:17:00 AM",IDSW100471,-25.9177571000,32.5382890000,27.0000000000,4.9330000000,Maputo_Cidade,kamubukwana,ETAR,Entrada_ETAR,Aguas_residuais,Grag_sample,28,8,68,"","","","","","","",Sim,"","","",Sim,"",Sim,Sim,"","",Sim,"","",Delfa,"",uuid:428b5e4c-0b96-4151-98e1-f9acfbb712ef,uuid:428b5e4c-0b96-4151-98e1-f9acfbb712ef
"Jan 8, 2026 10:32:14 AM","Jan 6, 2026 8:21:00 AM",IDSW100473,-25.9183666000,32.5392067000,27.0000000000,4.9000000000,Maputo_Cidade,kamubukwana,ETAR,Cam_Cistern_CC,Aguas_residuais,Grag_sample,28,8,68,"","","","","","","",Sim,"","","",Sim,"",Sim,Sim,"","",Sim,"","",Delfa,"",uuid:35b512b2-c06a-44f6-9cf9-88edacd27a42,uuid:35b512b2-c06a-44f6-9cf9-88edacd27a42
"Jan 8, 2026 10:32:14 AM","Jan 6, 2026 9:05:00 AM",IDSW100474,-25.9838175000,32.5919130000,14.3000000000,4.9500000000,Maputo_Cidade,khampfumo,Tempestade,Emissario_EM,Aguas_residuais,Torpidos,29,8,66,"","","","","","","",Sim,"","","",Sim,"",Sim,Sim,"","","","","",Delfa,"",uuid:77403e0d-e24e-4111-a68c-2bc767c367ee,uuid:77403e0d-e24e-4111-a68c-2bc767c367ee
"Jan 8, 2026 10:32:15 AM","Jan 6, 2026 9:09:00 AM",IDSW100475,-25.9838489000,32.5920069000,14.4000000000,4.9660000000,Maputo_Cidade,khampfumo,Tempestade,Emissario_EM,Aguas_residuais,Moore_swab,29,8,66,"","","","","","","",Sim,"","","",Sim,"",Sim,Sim,"","",Sim,"","",Delfa,"",uuid:07b6e3b4-262d-4d1f-927c-118261627148,uuid:07b6e3b4-262d-4d1f-927c-118261627148
"Jan 8, 2026 10:32:15 AM","Jan 6, 2026 9:11:00 AM",IDSW100476,-25.9838790000,32.5919651000,14.2000000000,4.8000000000,Maputo_Cidade,khampfumo,Tempestade,Emissario_EM,Aguas_residuais,Grag_sample,29,8,66,"","","","","","","",Sim,"","","",Sim,"",Sim,Sim,"","",Sim,"","",Delfa,"",uuid:05da5785-5154-4124-8ade-cd29f2947aa7,uuid:05da5785-5154-4124-8ade-cd29f2947aa7
"Jan 8, 2026 10:32:16 AM","Jan 6, 2026 9:26:00 AM",IDSW100477,-25.9650658000,32.6022482000,-3.6000000000,4.7400000000,Maputo_Cidade,khampfumo,Presidencia,Emissario_EM,Aguas_residuais,Grag_sample,29,8,66,"","","","","","","",Sim,"","","",Sim,"",Sim,Sim,"","",Sim,"","",Delfa,"",uuid:459d5ffe-0ba3-4256-b11c-eae57e395aec,uuid:459d5ffe-0ba3-4256-b11c-eae57e395aec
"Jan 14, 2026 11:26:24 AM","Jan 13, 2026 10:47:00 AM",IDSWQ00106,-17.8796679000,36.8816907000,-7.1000000000,4.7850000000,Zambezia,quelimane,E_frente_Autor_Tributaria,Emissario_EM,Aguas_residuais,Grag_sample,24,8,38,"","","","","","","",Sim,"","","",Sim,"",Sim,Sim,"","","","","","IDSJC,VPC","",uuid:6a268b56-8569-4265-9ec6-85a989220397,uuid:6a268b56-8569-4265-9ec6-85a989220397
"Jan 14, 2026 11:26:24 AM","Jan 13, 2026 10:38:00 AM",IDSWQ00102,-17.8796861000,36.8816646000,-7.2000000000,4.3830000000,Zambezia,quelimane,E_frente_Autor_Tributaria,Emissario_EM,Aguas_residuais,Moore_swab,24,8,38,"","","","","","","",Sim,"","","",Sim,"",Sim,Sim,"","","","","","IDSJC,VPC","",uuid:6fcf8da4-12d2-4d6a-bc66-f02deeac51c4,uuid:6fcf8da4-12d2-4d6a-bc66-f02deeac51c4
"Jan 14, 2026 11:26:25 AM","Jan 13, 2026 10:28:00 AM",IDSWQ00105,-17.8809256000,36.8835879000,-18.1000000000,4.6710000000,Zambezia,quelimane,Piscina_Municipal,Emissario_EM,Aguas_residuais,Grag_sample,24,8,38,"","","","","","","",Sim,"","","",Sim,"",Sim,Sim,"","","","","","IDSJC,VPC","",uuid:cf8a6e16-daf2-4898-96bf-eba201b91f9e,uuid:cf8a6e16-daf2-4898-96bf-eba201b91f9e
"Jan 14, 2026 11:26:25 AM","Jan 13, 2026 10:17:00 AM",IDSWQ00101,-17.8809285000,36.8835143000,-17.4000000000,4.6830000000,Zambezia,quelimane,Piscina_Municipal,Emissario_EM,Aguas_residuais,Moore_swab,24,8,38,"","","","","","","",Sim,"","","",Sim,"",Sim,Sim,"","","","","","IDSJC,VPC","",uuid:d1d29413-e07e-4ed9-8412-5d88be585d28,uuid:d1d29413-e07e-4ed9-8412-5d88be585d28
"Jan 14, 2026 11:26:25 AM","Jan 13, 2026 10:07:00 AM",IDSWQ00104,-17.8820064000,36.8851376000,4.9000000000,4.7660000000,Zambezia,quelimane,REFEBA,Emissario_EM,Aguas_residuais,Grag_sample,24,8,38,"","","","","","",Nao_aplicavel,Sim,"","","",Sim,"",Sim,Sim,"","","","","","IDSJC,VPC","",uuid:2935ca1d-f83b-48b2-9a2d-920d2453bb69,uuid:2935ca1d-f83b-48b2-9a2d-920d2453bb69
"Jan 14, 2026 11:26:26 AM","Jan 13, 2026 9:59:00 AM",IDSWQ00100,-17.8820050000,36.8851173000,7.7000000000,3.9160000000,Zambezia,quelimane,REFEBA,Emissario_EM,Aguas_residuais,Moore_swab,24,8,38,"","","","","","",Sim,Sim,"","","",Sim,"",Sim,Sim,"","","","","","IDSJC,VPC","",uuid:016dc34d-9fbf-46f2-963a-92368cee44b9,uuid:016dc34d-9fbf-46f2-963a-92368cee44b9
"Jan 14, 2026 11:26:26 AM","Jan 7, 2026 1:52:00 PM",IDSWQ00094,-17.8796717000,36.8815783000,-15.9000000000,4.2000000000,Zambezia,quelimane,E_frente_Autor_Tributaria,Emissario_EM,Aguas_residuais,Moore_swab,33,8,60,"","","","","","","",Sim,"","","",Sim,"",Sim,Sim,"","","","","",IDSJC,"",uuid:2e68b372-fb63-4228-a56b-83ca998f9d2b,uuid:2e68b372-fb63-4228-a56b-83ca998f9d2b
"Jan 14, 2026 11:26:26 AM","Jan 7, 2026 1:58:00 PM",IDSWQ00098,-17.8796829000,36.8816166000,-14.3000000000,4.6000000000,Zambezia,quelimane,E_frente_Autor_Tributaria,Emissario_EM,Aguas_residuais,Grag_sample,33,8,60,"","","","","","","",Sim,"","","",Sim,"",Sim,Sim,"","","","","",IDSJC,"",uuid:eb6736ad-975c-43d6-876b-e1de4a2a9271,uuid:eb6736ad-975c-43d6-876b-e1de4a2a9271
"Jan 14, 2026 11:26:26 AM","Jan 13, 2026 9:55:00 AM",IDSWQ00103,-17.8836203000,36.8874272000,-5.3000000000,4.1710000000,Zambezia,quelimane,BRIZA,Emissario_EM,Aguas_residuais,Grag_sample,24,8,38,"","","","","","",Sim,Sim,"","","",Sim,"",Sim,Sim,"","","","","","IDSJC,VPC","",uuid:d08df6c0-4f5b-427a-ab3a-1cd2a9766fa4,uuid:d08df6c0-4f5b-427a-ab3a-1cd2a9766fa4
"Jan 14, 2026 11:26:27 AM","Jan 13, 2026 9:31:00 AM",IDSWQ00099,-17.8835895000,36.8872944000,-17.2000000000,4.9160000000,Zambezia,quelimane,BRIZA,Emissario_EM,Aguas_residuais,Moore_swab,24,8,38,"","","","","","",Sim,Sim,"","","",Sim,"",Sim,Sim,"","","","","","IDSJC,VPC","",uuid:befe714e-7927-424f-828d-eece213435f4,uuid:befe714e-7927-424f-828d-eece213435f4
"Jan 14, 2026 11:26:27 AM","Jan 7, 2026 1:50:00 PM",IDSWQ00097,-17.8811233000,36.8836267000,-1.3000000000,4.8000000000,Zambezia,quelimane,Piscina_Municipal,Emissario_EM,Aguas_residuais,Grag_sample,33,8,60,"","","","","","","",Sim,"","","",Sim,"",Sim,Sim,"","","","","",IDSJC,"",uuid:851af513-4b4b-4eb6-86a3-0e61fad5dad3,uuid:851af513-4b4b-4eb6-86a3-0e61fad5dad3
"Jan 14, 2026 11:26:27 AM","Jan 7, 2026 1:44:00 PM",IDSWQ00093,-17.8809116000,36.8835963000,-1.7000000000,4.6830000000,Zambezia,quelimane,Piscina_Municipal,Emissario_EM,Aguas_residuais,Moore_swab,33,8,60,"","","","","","","",Sim,"","","",Sim,"",Sim,Sim,"","","","","",IDSJC,"",uuid:4f62011d-c07b-4895-8f75-7615a8b35d29,uuid:4f62011d-c07b-4895-8f75-7615a8b35d29
"Jan 14, 2026 11:26:28 AM","Jan 7, 2026 1:42:00 PM",IDSWQ00096,-17.8820637000,36.8850855000,-1.7000000000,4.3830000000,Zambezia,quelimane,REFEBA,Emissario_EM,Aguas_residuais,Grag_sample,33,8,60,"","","","","","","",Sim,"","","",Sim,"",Sim,Sim,"","","","","",IDSJC,"",uuid:b03fd7f4-5a04-424a-82d2-3fad099c784a,uuid:b03fd7f4-5a04-424a-82d2-3fad099c784a
"Jan 14, 2026 11:26:28 AM","Jan 7, 2026 1:36:00 PM",IDSWQ00092,-17.8820338000,36.8851826000,0.4000000000,3.9140000000,Zambezia,quelimane,REFEBA,Emissario_EM,Aguas_residuais,Moore_swab,33,8,60,"","","","","","","",Sim,"","","",Sim,"",Sim,Sim,"","","","","",IDSJC,"",uuid:836d894a-8ddb-4aca-9ab5-f54af26d1af8,uuid:836d894a-8ddb-4aca-9ab5-f54af26d1af8
"Jan 14, 2026 11:26:28 AM","Jan 7, 2026 1:33:00 PM",IDSWQ00095,-17.8835884000,36.8873435000,-6.7000000000,4.9000000000,Zambezia,quelimane,BRIZA,Emissario_EM,Aguas_residuais,Grag_sample,33,8,60,"","","","","","","",Sim,"","","",Sim,"",Sim,Sim,"","","","","",IDSJC,"",uuid:4146195d-2e8f-4742-85b4-40bb6a11862a,uuid:4146195d-2e8f-4742-85b4-40bb6a11862a
"Jan 14, 2026 11:26:28 AM","Jan 7, 2026 1:26:00 PM",IDSWQ00091,-17.8836184000,36.8872819000,-13.1000000000,4.5000000000,Zambezia,quelimane,BRIZA,Emissario_EM,Aguas_residuais,Moore_swab,33,8,65,"","","","","","","",Sim,"","","",Sim,"",Sim,Sim,"","","","","",IDS JC,"",uuid:86396e2e-de98-41ba-9430-b75890e55707,uuid:86396e2e-de98-41ba-9430-b75890e55707
"Jan 14, 2026 3:45:49 PM","Jan 14, 2026 8:30:00 AM",IDSWT00180,-16.1546298000,33.5886578000,97.7000000000,4.8400000000,Tete,tete,Registo,Emissario_EM,Aguas_residuais,Grag_sample,32,40,75,"","","","","","","",Sim,"","","",Sim,"",Sim,Sim,Nao,Nao,Nao,"","",Banquile Balata,"",uuid:97ded35c-4dfe-4f6c-867e-351621cda7a8,uuid:97ded35c-4dfe-4f6c-867e-351621cda7a8
"Jan 14, 2026 3:45:49 PM","Jan 14, 2026 8:45:00 AM",IDSWT00181,-16.1560279000,33.5903644000,125.1999969482,4.5830000000,Tete,tete,Mercado_do_Peixe,Emissario_EM,Aguas_residuais,Moore_swab,32,40,75,"","","","","","","",Sim,"","","",Sim,"",Sim,Sim,Nao,Nao,Nao,"","",Banquile Balata,"",uuid:25ad234e-8e3c-4441-9fef-ea2db024ff3e,uuid:25ad234e-8e3c-4441-9fef-ea2db024ff3e
"Jan 14, 2026 3:45:49 PM","Jan 14, 2026 8:47:00 AM",IDSWT00182,-16.1560819000,33.5903533000,125.1999969482,5.0000000000,Tete,tete,Mercado_do_Peixe,Emissario_EM,Aguas_residuais,Grag_sample,32,40,75,"","","","","","","",Sim,"","","",Sim,"",Sim,Sim,Nao,Nao,Nao,"","",Banquile Balata,"",uuid:8c2b864b-b885-470f-ad13-290e4e17bc78,uuid:8c2b864b-b885-470f-ad13-290e4e17bc78
"Jan 14, 2026 3:45:50 PM","Jan 14, 2026 8:55:00 AM",IDSWT00183,-16.1579028000,33.5922498000,125.1999969482,4.5830000000,Tete,tete,Paraiso_Misterioso,Emissario_EM,Aguas_residuais,Grag_sample,32,40,75,"","","","","","","",Sim,"","","",Sim,"",Sim,Sim,Nao,Nao,Nao,"","",Banquile Balata,"",uuid:520ec85c-545c-4416-93d2-36e8f077fb11,uuid:520ec85c-545c-4416-93d2-36e8f077fb11
"Jan 14, 2026 3:45:50 PM","Jan 14, 2026 9:04:00 AM",IDSWT00184,-16.1579184000,33.5922289000,125.1999969482,4.8500000000,Tete,tete,Paraiso_Misterioso,Emissario_EM,Aguas_residuais,Grag_sample,32,40,75,"","","","","","","",Sim,"","","",Sim,"",Sim,Sim,Nao,Nao,Nao,"","",Banquile Balata,"",uuid:9f9bf455-c9a4-4e18-b37a-c2ac7bf680a9,uuid:9f9bf455-c9a4-4e18-b37a-c2ac7bf680a9
"Jan 14, 2026 3:45:51 PM","Jan 14, 2026 9:25:00 AM",IDSWT00185,-16.1637467000,33.5981383000,125.1999969482,4.2330000000,Tete,tete,Quartel_Militar,Emissario_EM,Aguas_residuais,Moore_swab,32,40,75,"","","","","","","",Sim,"","","",Sim,"",Sim,Sim,Nao,Nao,Nao,"","",Banquile Balata,"",uuid:a9baa7ae-8c12-40d0-8dfb-d921067345f5,uuid:a9baa7ae-8c12-40d0-8dfb-d921067345f5
"Jan 14, 2026 3:45:52 PM","Jan 14, 2026 9:29:00 AM",IDSWT00186,-16.1637783000,33.5981883000,125.1999969482,3.9000000000,Tete,tete,Quartel_Militar,Emissario_EM,Aguas_residuais,Moore_swab,32,40,75,"","","","","","","",Sim,"","","",Sim,"",Sim,Sim,Nao,Nao,Nao,"","",Banquile Balata,"",uuid:fee354a9-e02a-4267-afc2-fbb27643ba27,uuid:fee354a9-e02a-4267-afc2-fbb27643ba27
"Jan 20, 2026 6:08:12 AM","Jan 13, 2026 7:38:00 AM",IDSW100478,-25.9837933000,32.5919424000,21.1000000000,4.5000000000,Maputo_Cidade,khampfumo,Tempestade,Emissario_EM,Aguas_residuais,Torpidos,27,8,91,"","","","","","","",Sim,"","","",Sim,"",Sim,Sim,"","","","","",Delfa e INOCÊNCIO,"",uuid:fdcc4aa8-956c-4fd4-89d8-e21ccc9ad2a7,uuid:fdcc4aa8-956c-4fd4-89d8-e21ccc9ad2a7
"Jan 20, 2026 6:08:12 AM","Jan 13, 2026 7:44:00 AM",IDSW100479,-25.9837674000,32.5919529000,17.7000000000,3.9500000000,Maputo_Cidade,khampfumo,Tempestade,Emissario_EM,Aguas_residuais,Moore_swab,27,8,91,"","","","","","","",Sim,"","","",Sim,"",Sim,Sim,"","",Sim,"","",Delfa e INOCÊNCIO,"",uuid:badac311-8e2c-4c0c-942c-bfb57613b273,uuid:badac311-8e2c-4c0c-942c-bfb57613b273
"Jan 20, 2026 6:08:12 AM","Jan 13, 2026 7:45:00 AM",IDSW100480,-25.9837783000,32.5919700000,17.8000000000,3.7000000000,Maputo_Cidade,khampfumo,Tempestade,Emissario_EM,Aguas_residuais,Grag_sample,27,8,91,"","","","","","","",Sim,"","","",Sim,"",Sim,Sim,"","",Sim,"","",Delfa e INOCÊNCIO,"",uuid:e9c1e82f-a786-4c8a-8aea-cf054f31768a,uuid:e9c1e82f-a786-4c8a-8aea-cf054f31768a
"Jan 20, 2026 6:08:12 AM","Jan 13, 2026 8:18:00 AM",IDSW100482,-25.9179182000,32.5381217000,17.2000000000,3.5000000000,Maputo_provincia,matola,ETAR,Vala_esgoto_VE,Aguas_residuais,Torpidos,25,8,93,"","","","","","","",Sim,"","","",Sim,"",Sim,Sim,"","","","","",Delfa e INOCÊNCIO,"",uuid:dd493167-49b6-478f-a113-b1de0e3a643b,uuid:dd493167-49b6-478f-a113-b1de0e3a643b
"Jan 20, 2026 6:08:13 AM","Jan 13, 2026 8:19:00 AM",IDSW100484,-25.9179419000,32.5381277000,18.2000000000,3.6000000000,Maputo_provincia,matola,ETAR,Vala_esgoto_VE,Aguas_residuais,Moore_swab,25,8,93,"","","","","","","",Sim,"","","",Sim,"",Sim,Sim,"","",Sim,"","",Delfa e INOCÊNCIO,"",uuid:f2718373-7238-40b9-a2a0-9539ee08bf8c,uuid:f2718373-7238-40b9-a2a0-9539ee08bf8c
"Jan 20, 2026 6:08:13 AM","Jan 13, 2026 8:18:00 AM",IDSW100483,-25.9179225000,32.5381240000,17.6000000000,3.7500000000,Maputo_provincia,matola,ETAR,Vala_esgoto_VE,Aguas_residuais,Grag_sample,25,8,93,"","","","","","","",Sim,"","","",Sim,"",Sim,Sim,"","",Sim,"","",Delfa e INOCÊNCIO,"",uuid:d04e6ad3-81dd-401d-9573-0f17d9f7e467,uuid:d04e6ad3-81dd-401d-9573-0f17d9f7e467
"Jan 20, 2026 6:08:13 AM","Jan 13, 2026 8:19:00 AM",IDSW100485,-25.9179150000,32.5381267000,18.5000000000,3.8000000000,Maputo_Cidade,kamubukwana,ETAR,Entrada_ETAR,Aguas_residuais,Torpidos,25,8,95,"","","","","","","",Sim,"","","",Sim,"",Sim,Sim,"","","","","",Delfa e INOCÊNCIO,"",uuid:d4e8f1d7-e580-48dc-a724-9ed6601fb8bc,uuid:d4e8f1d7-e580-48dc-a724-9ed6601fb8bc
"Jan 20, 2026 6:08:14 AM","Jan 13, 2026 8:19:00 AM",IDSW100486,-25.9179159000,32.5381332000,18.5000000000,4.1000000000,Maputo_Cidade,kamubukwana,ETAR,Entrada_ETAR,Aguas_residuais,Moore_swab,25,8,93,"","","","","","","",Sim,"","","",Sim,"",Sim,Sim,"","",Sim,"","",Delfa e INOCÊNCIO,"",uuid:011c7b04-eacb-4285-a1dd-dd129578ea23,uuid:011c7b04-eacb-4285-a1dd-dd129578ea23
"Jan 20, 2026 6:08:14 AM","Jan 13, 2026 8:20:00 AM",IDSW100487,-25.9178913000,32.5381569000,19.5000000000,3.7000000000,Maputo_Cidade,kamubukwana,ETAR,Entrada_ETAR,Aguas_residuais,Grag_sample,25,8,93,"","","","","","","",Sim,"","","",Sim,"",Sim,Sim,"","",Sim,"","",Delfa e INOCÊNCIO,"",uuid:e7b9d5b4-df76-4c38-b442-9d4ad1abf924,uuid:e7b9d5b4-df76-4c38-b442-9d4ad1abf924
"Jan 20, 2026 6:08:14 AM","Jan 13, 2026 8:21:00 AM",IDSW100488,-25.9179007000,32.5381539000,19.4000000000,2.3000000000,Maputo_Cidade,kamubukwana,ETAR,Cam_Cistern_CC,Aguas_residuais,Moore_swab,25,8,93,"","","","","","","",Sim,"","","",Sim,"",Sim,Sim,"","","","","",Delfa e INOCÊNCIO,"",uuid:56fdc6cc-81ad-497d-a336-7eb6c7131101,uuid:56fdc6cc-81ad-497d-a336-7eb6c7131101
"Jan 20, 2026 6:08:14 AM","Jan 13, 2026 8:56:00 AM",IDSW100489,-25.9178114000,32.5380397000,64.1000000000,4.7400000000,Maputo_Cidade,kamubukwana,ETAR,Cam_Cistern_CC,Aguas_residuais,Grag_sample,25,8,93,"","","","","","","",Sim,"","","",Sim,"",Sim,Sim,"","",Sim,"","",Delfa e INOCÊNCIO,"",uuid:b55f68c5-2914-482f-9b50-c65a7e8dc30b,uuid:b55f68c5-2914-482f-9b50-c65a7e8dc30b
"Jan 20, 2026 6:08:14 AM","Jan 13, 2026 8:18:00 AM",IDSW100481,-25.9179041000,32.5381255000,16.5000000000,3.7330000000,Maputo_provincia,matola,ETAR,Cam_Cistern_CC,Aguas_residuais,Torpidos,25,8,93,"","","","","","","",Sim,"","","",Sim,"",Sim,Sim,"","","","","",Delfa e INOCÊNCIO,"",uuid:6d9e7f9b-667b-44ca-80e9-44af57c95667,uuid:6d9e7f9b-667b-44ca-80e9-44af57c95667
"Jan 20, 2026 11:03:04 AM","Jan 20, 2026 7:46:00 AM",IDSW100490,-25.9651704000,32.6022663000,44.5000000000,5.0000000000,Maputo_Cidade,khampfumo,Presidencia,Emissario_EM,Aguas_residuais,Grag_sample,23,8,70,"","","","","","","",Sim,"","","",Sim,"",Sim,Sim,"","",Sim,"","",Delfa e INOCÊNCIO,"",uuid:089aaf71-dcd9-48bc-ab83-a881305de41f,uuid:089aaf71-dcd9-48bc-ab83-a881305de41f
"Jan 20, 2026 11:03:04 AM","Jan 20, 2026 7:55:00 AM",IDSW100491,-25.9837972000,32.5920727000,11.8000000000,4.6200000000,Maputo_Cidade,khampfumo,Tempestade,Emissario_EM,Aguas_residuais,Torpidos,23,8,70,"","","","","","","",Sim,"","","",Sim,"",Sim,Sim,"","","","","",Delfa e INOCÊNCIO,"",uuid:d769d041-a25e-43aa-b5f5-5f9ed2b55f90,uuid:d769d041-a25e-43aa-b5f5-5f9ed2b55f90
"Jan 20, 2026 11:03:05 AM","Jan 20, 2026 7:56:00 AM",IDSW100492,-25.9837981000,32.5921077000,13.8000000000,4.3330000000,Maputo_Cidade,khampfumo,Tempestade,Emissario_EM,Aguas_residuais,Moore_swab,23,8,70,"","","","","","","",Sim,"","","",Sim,"",Sim,Sim,"","",Sim,"","",Delfa e INOCÊNCIO,"",uuid:a6151c83-3039-4cca-a108-f83b2b7f946a,uuid:a6151c83-3039-4cca-a108-f83b2b7f946a
"Jan 20, 2026 11:03:05 AM","Jan 20, 2026 7:59:00 AM",IDSW100493,-25.9839033000,32.5919745000,11.5000000000,4.8830000000,Maputo_Cidade,khampfumo,Tempestade,Emissario_EM,Aguas_residuais,Grag_sample,23,8,70,"","","","","","","",Sim,"","","",Sim,"",Sim,Sim,"","",Sim,"","",Delfa e INOCÊNCIO,"",uuid:831e4e13-a696-46df-aa70-3b4bd5ae34c2,uuid:831e4e13-a696-46df-aa70-3b4bd5ae34c2
"Jan 20, 2026 11:03:05 AM","Jan 20, 2026 8:43:00 AM",IDSW100494,-25.9178256000,32.5383094000,-11.0000000000,4.6660000000,Maputo_provincia,matola,ETAR,Vala_esgoto_VE,Aguas_residuais,Torpidos,25,8,73,"","","","","","","",Sim,"","","",Sim,"",Sim,Sim,"","","","","",Delfa e INOCÊNCIO,"",uuid:0b758947-320e-4020-a50b-0078747c1e50,uuid:0b758947-320e-4020-a50b-0078747c1e50
"Jan 20, 2026 11:03:05 AM","Jan 20, 2026 8:44:00 AM",IDSW100495,-25.9178025000,32.5382104000,8.5000000000,4.5500000000,Maputo_provincia,matola,ETAR,Vala_esgoto_VE,Aguas_residuais,Moore_swab,25,8,73,"","","","","","","",Sim,"","","",Sim,"",Sim,Sim,"","",Sim,"","",Delfa e INOCÊNCIO,"",uuid:859c72e7-e9d2-4665-8d08-32d74fc14fbc,uuid:859c72e7-e9d2-4665-8d08-32d74fc14fbc
"Jan 20, 2026 11:03:06 AM","Jan 20, 2026 8:45:00 AM",IDSW100496,-25.9177741000,32.5382265000,8.7000000000,3.8500000000,Maputo_provincia,matola,ETAR,Vala_esgoto_VE,Aguas_residuais,Grag_sample,25,8,73,"","","","","","","",Sim,"","","",Sim,"",Sim,Sim,"","",Sim,"","",Delfa e INOCÊNCIO,"",uuid:7250cbe2-5936-40c4-8cdb-141f822aa579,uuid:7250cbe2-5936-40c4-8cdb-141f822aa579
"Jan 20, 2026 11:03:06 AM","Jan 20, 2026 8:51:00 AM",IDSW100497,-25.9184751000,32.5392281000,28.4000000000,4.5000000000,Maputo_Cidade,kamubukwana,ETAR,Entrada_ETAR,Aguas_residuais,Torpidos,25,8,73,"","","","","","","",Sim,"","","",Sim,"",Sim,Sim,"","","","","",Delfa e INOCÊNCIO,"",uuid:88dbe9a0-7db2-40f6-bf50-31f9f7b7fc97,uuid:88dbe9a0-7db2-40f6-bf50-31f9f7b7fc97
"Jan 20, 2026 11:03:06 AM","Jan 20, 2026 8:54:00 AM",IDSW100498,-25.9183762000,32.5392513000,17.8000000000,4.4000000000,Maputo_Cidade,kamubukwana,ETAR,Entrada_ETAR,Aguas_residuais,Moore_swab,25,8,73,"","","","","","","",Sim,"","","",Sim,"",Sim,Sim,"","",Sim,"","",Delfa e INOCÊNCIO,"",uuid:3bdd0256-d81e-4a43-8cf8-d8b7f3a4285e,uuid:3bdd0256-d81e-4a43-8cf8-d8b7f3a4285e
"Jan 20, 2026 11:03:06 AM","Jan 20, 2026 8:56:00 AM",IDSW100499,-25.9183998000,32.5392325000,17.0000000000,4.6500000000,Maputo_Cidade,kamubukwana,ETAR,Entrada_ETAR,Aguas_residuais,Grag_sample,25,8,73,"","","","","","","",Sim,"","","",Sim,"",Sim,Sim,"","",Sim,"","","","",uuid:8ec2ab02-2b04-4bcd-97da-53a7dbc3b4c3,uuid:8ec2ab02-2b04-4bcd-97da-53a7dbc3b4c3
"Jan 20, 2026 11:03:07 AM","Jan 20, 2026 8:57:00 AM",IDSW100500,-25.9182984000,32.5388959000,16.9000000000,4.5500000000,Maputo_Cidade,kamubukwana,ETAR,Cam_Cistern_CC,Aguas_residuais,Torpidos,25,8,73,"","","","","","","",Sim,"","","",Sim,"",Sim,Sim,"","","","","",Delfa e INOCÊNCIO,"",uuid:990e9957-6f52-461c-892d-54a186b15ca7,uuid:990e9957-6f52-461c-892d-54a186b15ca7
"Jan 20, 2026 11:03:07 AM","Jan 20, 2026 8:59:00 AM",IDSW100501,-25.9182670000,32.5389601000,17.2000000000,4.7250000000,Maputo_Cidade,kamubukwana,ETAR,Cam_Cistern_CC,Aguas_residuais,Moore_swab,25,8,73,"","","","","","","",Sim,"","","",Sim,"",Sim,Sim,"","",Sim,"","",Delfa e INOCÊNCIO,"",uuid:08f4d138-8b80-458d-aeb8-0f2c29f7e605,uuid:08f4d138-8b80-458d-aeb8-0f2c29f7e605
"Jan 20, 2026 11:03:07 AM","Jan 20, 2026 9:00:00 AM",IDSW100502,-25.9182915000,32.5389356000,19.3000000000,4.4000000000,Maputo_Cidade,kamubukwana,ETAR,Cam_Cistern_CC,Aguas_residuais,Grag_sample,25,8,73,"","","","","","","",Sim,"","","",Sim,"",Sim,Sim,"","",Sim,"","",Delfa e INOCÊNCIO,"",uuid:654a350b-b3b1-480e-a7b1-3bd85ad0ce18,uuid:654a350b-b3b1-480e-a7b1-3bd85ad0ce18
"Jan 22, 2026 10:29:46 AM","Jan 20, 2026 10:21:00 AM",IDSWQ00111,-17.8835996000,36.8872725000,-2.7000002861,3.5660000000,Zambezia,quelimane,BRIZA,Emissario_EM,Aguas_residuais,Grag_sample,32,8,79,"","","","","","","",Sim,"","","",Sim,"",Sim,Sim,"","","","","",IDSJC,"",uuid:0bb3dbbf-753e-4cc7-8de7-87ee5d79d63f,uuid:0bb3dbbf-753e-4cc7-8de7-87ee5d79d63f
"Jan 22, 2026 10:29:46 AM","Jan 20, 2026 10:09:00 AM",IDSWQ00107,-17.8834898000,36.8872316000,-2.7000002861,3.7330000000,Zambezia,quelimane,BRIZA,Emissario_EM,Aguas_residuais,Moore_swab,32,8,79,"","","","","","","",Sim,"","","",Sim,"",Sim,Sim,"","","","","",IDSJC,Sem amostra devido a vadalização darmafilha.,uuid:0439d6de-52dd-4cb9-931f-70d709a7e7d1,uuid:0439d6de-52dd-4cb9-931f-70d709a7e7d1
"Jan 22, 2026 10:29:47 AM","Jan 20, 2026 9:42:00 AM",IDSWQ00108,-17.8819210000,36.8851282000,-2.1000001431,4.8850000000,Zambezia,quelimane,REFEBA,Emissario_EM,Aguas_residuais,Moore_swab,32,8,79,"","","","","","","",Sim,"","","",Sim,"",Sim,Sim,"","","","","",IDSJC,"",uuid:e6369167-96be-432b-811c-f71f43751f24,uuid:e6369167-96be-432b-811c-f71f43751f24
"Jan 22, 2026 10:29:47 AM","Jan 20, 2026 8:57:00 AM",IDSWQ00109,-17.8808286000,36.8836051000,-2.2000000477,3.3710000000,Zambezia,quelimane,Piscina_Municipal,Emissario_EM,Aguas_residuais,Moore_swab,30,8,78,"","","","","","","",Sim,"","","",Sim,"",Sim,Sim,"","","","","",IDSJC,"",uuid:d4b57765-93a3-4d6e-acbe-1112e3ae2186,uuid:d4b57765-93a3-4d6e-acbe-1112e3ae2186
"Jan 22, 2026 10:29:47 AM","Jan 20, 2026 8:41:00 AM",IDSWQ00110,-17.8795410000,36.8815684000,-2.0000002384,4.0000000000,Zambezia,quelimane,E_frente_Autor_Tributaria,Emissario_EM,Aguas_residuais,Moore_swab,30,8,78,"","","","","","","",Sim,"","","",Sim,"",Sim,Sim,"","","","","",IDSJC,"",uuid:37fb72a6-969f-4672-947b-06bb7ef33ba6,uuid:37fb72a6-969f-4672-947b-06bb7ef33ba6
"Jan 22, 2026 10:29:48 AM","Jan 20, 2026 9:48:00 AM",IDSWQ00112,-17.8819143000,36.8851263000,-2.1000001431,3.6000000000,Zambezia,quelimane,REFEBA,Emissario_EM,Aguas_residuais,Grag_sample,32,8,79,"","","","","","","",Sim,"","","",Sim,"",Sim,Sim,"","","","","",IDSJC,"",uuid:0b9fd109-98c3-471b-b733-3d46ab8ed37a,uuid:0b9fd109-98c3-471b-b733-3d46ab8ed37a
"Jan 22, 2026 10:29:48 AM","Jan 20, 2026 9:28:00 AM",IDSWQ00113,-17.8808268000,36.8835795000,-2.2000000477,2.3250000000,Zambezia,quelimane,Piscina_Municipal,Emissario_EM,Aguas_residuais,Grag_sample,31,8,79,"","","","","","","",Sim,"","","",Sim,"",Sim,Sim,"","","","","",IDSJC,"",uuid:27fff770-3684-4e55-865c-153001ce23ba,uuid:27fff770-3684-4e55-865c-153001ce23ba
"Jan 22, 2026 10:29:48 AM","Jan 20, 2026 8:54:00 AM",IDSWQ00114,-17.8795439000,36.8815676000,-2.0000002384,4.0000000000,Zambezia,quelimane,E_frente_Autor_Tributaria,Emissario_EM,Aguas_residuais,Grag_sample,30,8,78,"","","","","","","",Sim,"","","",Sim,"",Sim,Sim,"","","","","",IDSJC,"",uuid:b14cee34-6f61-4f45-8a71-20e439d22506,uuid:b14cee34-6f61-4f45-8a71-20e439d22506
"Jan 27, 2026 10:13:56 AM","Jan 27, 2026 7:40:00 AM",IDSW100503,-25.9650898000,32.6022837000,26.0000000000,4.9660000000,Maputo_Cidade,khampfumo,Presidencia,Emissario_EM,Aguas_residuais,Grag_sample,28,8,69,"","","","","","","",Sim,"","","",Sim,"",Sim,Sim,"","",Sim,"","",Delfa e INOCÊNCIO,"",uuid:5da5cb12-cadc-4c85-8d26-d46cadf7afad,uuid:5da5cb12-cadc-4c85-8d26-d46cadf7afad
"Jan 27, 2026 10:13:56 AM","Jan 27, 2026 7:50:00 AM",IDSW100504,-25.9838013000,32.5919301000,26.0000000000,4.8600000000,Maputo_Cidade,khampfumo,Tempestade,Emissario_EM,Aguas_residuais,Torpidos,28,9,69,"","","","","","","",Sim,"","","",Sim,"",Sim,Sim,"","",Nao,"","",Delfa e INOCÊNCIO,"",uuid:bc103392-ff3c-4971-bfc2-6bdd93fc6b1f,uuid:bc103392-ff3c-4971-bfc2-6bdd93fc6b1f
"Jan 27, 2026 10:13:56 AM","Jan 27, 2026 7:52:00 AM",IDSW100505,-25.9837613000,32.5919304000,26.0000000000,4.9000000000,Maputo_Cidade,khampfumo,Tempestade,Emissario_EM,Aguas_residuais,Moore_swab,28,8,69,"","","","","","","",Sim,"","","",Sim,"",Sim,Sim,"","",Sim,"","",Delfa e INOCÊNCIO,"",uuid:0583367e-e89b-4869-bb1e-d75e28f9ebaf,uuid:0583367e-e89b-4869-bb1e-d75e28f9ebaf
"Jan 27, 2026 10:13:56 AM","Jan 27, 2026 7:53:00 AM",IDSW100506,-25.9837992000,32.5919989000,26.0000000000,5.0000000000,Maputo_Cidade,khampfumo,Tempestade,Emissario_EM,Aguas_residuais,Grag_sample,28,8,69,"","","","","","","",Sim,"","","",Sim,"",Sim,Sim,"","",Sim,"","",Delfa e INOCÊNCIO,"",uuid:c59731ee-8412-480c-b03e-2fc79cf9c082,uuid:c59731ee-8412-480c-b03e-2fc79cf9c082
"Jan 27, 2026 10:13:57 AM","Jan 27, 2026 8:28:00 AM",IDSW100507,-25.9176482000,32.5382600000,27.0000000000,4.9830000000,Maputo_provincia,matola,ETAR,Vala_esgoto_VE,Aguas_residuais,Torpidos,28,8,73,"","","","","","","",Sim,"","","",Sim,"",Sim,Sim,"","","","","",Delfa e INOCÊNCIO,"",uuid:3f2a9f6f-01ba-4a0c-8747-b991090ff558,uuid:3f2a9f6f-01ba-4a0c-8747-b991090ff558
"Jan 27, 2026 10:13:57 AM","Jan 27, 2026 8:31:00 AM",IDSW100508,-25.9176778000,32.5383044000,27.1000003815,4.9660000000,Maputo_provincia,matola,ETAR,Vala_esgoto_VE,Aguas_residuais,Moore_swab,28,8,72,"","","","","","","",Sim,"","","",Sim,"",Sim,Sim,"","",Sim,"","",Delfa e INOCÊNCIO,"",uuid:fc42f6fd-374b-4727-a486-4957833927f5,uuid:fc42f6fd-374b-4727-a486-4957833927f5
"Jan 27, 2026 10:13:57 AM","Jan 27, 2026 8:32:00 AM",IDSW100509,-25.9178006000,32.5383979000,27.0000000000,5.0000000000,Maputo_provincia,matola,ETAR,Vala_esgoto_VE,Aguas_residuais,Grag_sample,28,8,72,"","","","","","","",Sim,"","","",Sim,"",Sim,Sim,"","",Sim,"","",Delfa e INOCÊNCIO,"",uuid:0a606b47-68a9-4768-9096-3144e41ecc7a,uuid:0a606b47-68a9-4768-9096-3144e41ecc7a
"Jan 27, 2026 10:13:57 AM","Jan 27, 2026 8:34:00 AM",IDSW100510,-25.9184139000,32.5393057000,27.0000000000,4.9500000000,Maputo_Cidade,kamubukwana,ETAR,Entrada_ETAR,Aguas_residuais,Torpidos,28,8,72,"","","","","","","",Sim,"","","",Sim,"",Sim,Sim,"","","","","",Delfa e INOCÊNCIO,"",uuid:95bb49ad-2ff5-4b3c-a2b1-657de94bbe35,uuid:95bb49ad-2ff5-4b3c-a2b1-657de94bbe35
"Jan 27, 2026 10:13:58 AM","Jan 27, 2026 8:37:00 AM",IDSW100511,-25.9180167000,32.5385079000,27.0000000000,5.0000000000,Maputo_Cidade,kamubukwana,ETAR,Entrada_ETAR,Aguas_residuais,Moore_swab,28,8,72,"","","","","","","",Sim,"","","",Sim,"",Sim,Sim,"","",Sim,"","",Delfa e INOCÊNCIO,"",uuid:e1c906ac-e740-4ba6-88f9-7f762a3129c0,uuid:e1c906ac-e740-4ba6-88f9-7f762a3129c0
"Jan 27, 2026 10:13:58 AM","Jan 27, 2026 8:38:00 AM",IDSW100512,-25.9184384000,32.5392697000,27.0000000000,4.9600000000,Maputo_Cidade,kamubukwana,ETAR,Entrada_ETAR,Aguas_residuais,Grag_sample,28,8,72,"","","","","","","",Sim,"","","",Sim,"",Sim,Sim,"","",Sim,"","",Delfa e INOCÊNCIO,"",uuid:c6ecfb31-fbf3-4661-98f1-8e182e5ab6a5,uuid:c6ecfb31-fbf3-4661-98f1-8e182e5ab6a5
"Jan 27, 2026 10:13:58 AM","Jan 27, 2026 8:39:00 AM",IDSW100513,-25.9183250000,32.5388885000,27.0000000000,4.9500000000,Maputo_Cidade,kamubukwana,ETAR,Cam_Cistern_CC,Aguas_residuais,Torpidos,28,8,72,"","","","","","","",Sim,"","","",Sim,"",Sim,Sim,"","",Nao,"","",Delfa e INOCÊNCIO,"",uuid:b1a7d78c-0092-4e69-a353-92d1045bf4a7,uuid:b1a7d78c-0092-4e69-a353-92d1045bf4a7
"Jan 27, 2026 10:13:58 AM","Jan 27, 2026 8:41:00 AM",IDSW100514,-25.9180919000,32.5385595000,56.0000000000,4.9660000000,Maputo_Cidade,kamubukwana,ETAR,Cam_Cistern_CC,Aguas_residuais,Moore_swab,28,8,72,"","","","","","","",Sim,"","","",Sim,"",Sim,Sim,"","",Sim,"","",Delfa e INOCÊNCIO,"",uuid:0710ba27-4e99-46f4-b064-e00705bd0bd7,uuid:0710ba27-4e99-46f4-b064-e00705bd0bd7
"Jan 27, 2026 10:13:59 AM","Jan 27, 2026 8:44:00 AM",IDSW100515,-25.9186628000,32.5388218000,56.1000000000,4.9400000000,Maputo_Cidade,kamubukwana,ETAR,Cam_Cistern_CC,Aguas_residuais,Grag_sample,28,8,72,"","","","","","","",Sim,"","","",Sim,"",Sim,Sim,"","",Sim,"","",Delfa e INOCÊNCIO,"",uuid:290f99e0-182f-4396-9d0d-7f8ced95150c,uuid:290f99e0-182f-4396-9d0d-7f8ced95150c
"Feb 4, 2026 12:12:49 PM","Feb 4, 2026 7:43:00 AM",IDSWT00187,-16.1637000000,33.5984639000,146.1000061035,4.9000000000,Tete,tete,Quartel_Militar,Emissario_EM,Aguas_residuais,Moore_swab,36,40,71,"","","","","","","",Sim,"","","",Sim,"",Sim,Sim,Nao,Nao,Nao,Nao,"",Banquile Balata,"",uuid:432140b4-d40d-4865-b4b9-994eada29d2f,uuid:432140b4-d40d-4865-b4b9-994eada29d2f
"Feb 4, 2026 12:12:49 PM","Feb 4, 2026 7:52:00 AM",IDSWT00188,-16.1636365000,33.5987564000,122.3000000000,4.5000000000,Tete,tete,Quartel_Militar,Emissario_EM,Aguas_residuais,Grag_sample,36,40,71,"","","","","","","",Sim,"","","",Sim,"",Sim,Sim,Nao,Nao,Nao,"","",Banquile Balata,"",uuid:a96d7d3a-469e-4621-b0a4-d795781ebb64,uuid:a96d7d3a-469e-4621-b0a4-d795781ebb64
"Feb 4, 2026 12:12:50 PM","Feb 4, 2026 8:04:00 AM",IDSWT00189,-16.1578767000,33.5922880000,126.3000000000,4.5000000000,Tete,tete,Paraiso_Misterioso,Vala_esgoto_VE,Aguas_residuais,Moore_swab,36,40,71,"","","","","","","",Sim,"","","",Sim,"",Sim,Sim,Nao,Nao,Nao,"","",Banquile Balata,"",uuid:fd33435f-b366-4a20-89bb-3b737f852ff2,uuid:fd33435f-b366-4a20-89bb-3b737f852ff2
"Feb 4, 2026 12:12:50 PM","Feb 4, 2026 8:14:00 AM",IDSWT00190,-16.1579533000,33.5922617000,124.3000000000,3.8000000000,Tete,tete,Paraiso_Misterioso,Emissario_EM,Aguas_residuais,Moore_swab,36,40,71,"","","","","","","",Sim,"","","",Sim,"",Sim,Sim,Nao,Nao,Nao,Nao,"",Banquile Balata,"",uuid:e75f80f6-e9ef-46e2-8cdf-9eba0efe4ff6,uuid:e75f80f6-e9ef-46e2-8cdf-9eba0efe4ff6
"Feb 4, 2026 12:12:51 PM","Feb 4, 2026 8:19:00 AM",IDSWT00191,-16.1560375000,33.5900555000,128.5000000000,3.2280000000,Tete,tete,Mercado_do_Peixe,Emissario_EM,Aguas_residuais,Moore_swab,36,40,71,"","","","","","","",Sim,"","","",Sim,"",Sim,Sim,Nao,Nao,Nao,Nao,"",Banquile Balata,"",uuid:c31b59f9-c58d-4ac4-9c4c-97aa7bee18f4,uuid:c31b59f9-c58d-4ac4-9c4c-97aa7bee18f4
"Feb 4, 2026 12:12:51 PM","Feb 4, 2026 8:25:00 AM",IDSWT00192,-16.1559854000,33.5903193000,129.0000000000,4.5000000000,Tete,tete,Mercado_do_Peixe,Emissario_EM,Aguas_residuais,Grag_sample,36,40,71,"","","","","","","",Sim,"","","",Sim,"",Sim,Sim,Nao,Nao,Nao,Nao,"",Banquile Balata,"",uuid:f806f9d0-b372-47a9-9e34-74ed5b88c388,uuid:f806f9d0-b372-47a9-9e34-74ed5b88c388
"Feb 4, 2026 12:12:52 PM","Feb 4, 2026 8:32:00 AM",IDSWT00193,-16.1545820000,33.5885726000,125.2000000000,4.8430000000,Tete,tete,Registo,Emissario_EM,Aguas_residuais,Moore_swab,36,40,71,"","","","","","","",Sim,"","","",Sim,"",Sim,Sim,Nao,Nao,Nao,Nao,"",Banquile Balata,"",uuid:8d9a118e-6109-48e9-8b8d-0ceb2f3f3947,uuid:8d9a118e-6109-48e9-8b8d-0ceb2f3f3947
"Feb 4, 2026 12:12:52 PM","Feb 4, 2026 8:43:00 AM",IDSWT00194,-16.1545931000,33.5886149000,124.9000000000,6.3320000000,Tete,tete,Registo,Emissario_EM,Aguas_residuais,Grag_sample,36,40,71,"","","","","","","",Sim,"","","",Sim,"",Sim,Sim,Nao,Nao,Nao,"","",Banquile Balata,"",uuid:35a78dae-1281-44c1-b8b6-b44b59b65e18,uuid:35a78dae-1281-44c1-b8b6-b44b59b65e18
"Feb 5, 2026 11:06:19 AM","Feb 5, 2026 7:35:00 AM",IDSW100516,-25.9651519000,32.6022907000,39.6000000000,4.9000000000,Maputo_Cidade,khampfumo,Presidencia,Emissario_EM,Aguas_residuais,Grag_sample,29,40,67,"","","","","","","",Sim,"","",Sim,Sim,"",Sim,Sim,"","",Sim,Sim,"",INOCÊNCIO,"",uuid:79faac8f-1b6d-4922-b413-6198b5ffc1ae,uuid:79faac8f-1b6d-4922-b413-6198b5ffc1ae
"Feb 5, 2026 11:06:19 AM","Feb 5, 2026 8:03:00 AM",IDSW100517,-25.9837786000,32.5919811000,37.9000000000,4.9660000000,Maputo_Cidade,khampfumo,Tempestade,Emissario_EM,Aguas_residuais,Torpidos,29,40,67,"","","","","","","",Sim,"","","",Sim,"",Sim,Sim,"","","","","",INOCÊNCIO,"",uuid:6f7f273c-f69e-4cb8-b5d3-a65b6c638cb6,uuid:6f7f273c-f69e-4cb8-b5d3-a65b6c638cb6
"Feb 5, 2026 11:06:20 AM","Feb 5, 2026 8:05:00 AM",IDSW100518,-25.9837940000,32.5919971000,37.9000000000,4.9660000000,Maputo_Cidade,nlhamankulu,Tempestade,Emissario_EM,Aguas_residuais,Moore_swab,29,40,67,"","","","","","","",Sim,"","","",Sim,"",Sim,Sim,"","",Sim,"","",INOCÊNCIO,"",uuid:71076e73-6f2c-447c-93c0-06013d4a628b,uuid:71076e73-6f2c-447c-93c0-06013d4a628b
"Feb 5, 2026 11:06:38 AM","Feb 5, 2026 8:05:00 AM",IDSW100519,-25.9836615000,32.5919611000,37.9000000000,4.9800000000,Maputo_Cidade,nlhamankulu,Tempestade,Emissario_EM,Aguas_residuais,Grag_sample,29,40,67,"","","","","","","",Sim,"","","",Sim,"",Sim,Sim,"","",Sim,"","",INOCÊNCIO,"",uuid:3060b164-7c91-44e4-bdb1-afdbb3ee5ac5,uuid:3060b164-7c91-44e4-bdb1-afdbb3ee5ac5
"Feb 5, 2026 11:06:39 AM","Feb 5, 2026 8:56:00 AM",IDSW100520,-25.9178577000,32.5382101000,15.8000000000,4.9500000000,Maputo_provincia,matola,ETAR,Vala_esgoto_VE,Aguas_residuais,Torpidos,30,8,56,"","","","","","","",Sim,"","","",Sim,"",Sim,Sim,"","","","","",Delfa e INOCÊNCIO,"",uuid:a854261b-49a8-4ca0-a58c-bbd189150ff2,uuid:a854261b-49a8-4ca0-a58c-bbd189150ff2
"Feb 5, 2026 11:06:40 AM","Feb 5, 2026 9:03:00 AM",IDSW100521,-25.9178643000,32.5382569000,22.6000000000,4.8000000000,Maputo_provincia,matola,ETAR,Vala_esgoto_VE,Aguas_residuais,Moore_swab,30,8,54,"","","","","","","",Sim,"","","",Sim,"",Sim,Sim,"","",Sim,"","",Delfa e INOCÊNCIO,"",uuid:9e012ccd-a455-4934-8ec1-d148de47c43e,uuid:9e012ccd-a455-4934-8ec1-d148de47c43e
"Feb 5, 2026 11:06:41 AM","Feb 5, 2026 9:05:00 AM",IDSW100522,-25.9178473000,32.5382516000,22.6000000000,4.8600000000,Maputo_provincia,matola,ETAR,Vala_esgoto_VE,Aguas_residuais,Grag_sample,30,8,54,"","","","","","","",Sim,"","","",Sim,"",Sim,Sim,"","",Sim,"","",Delfa e INOCÊNCIO,"",uuid:756f7590-b4f6-4f70-954b-dc7bb792feac,uuid:756f7590-b4f6-4f70-954b-dc7bb792feac
"Feb 5, 2026 11:06:41 AM","Feb 5, 2026 9:09:00 AM",IDSW100523,-25.9184406000,32.5391282000,22.5000000000,4.7800000000,Maputo_Cidade,kamubukwana,ETAR,Entrada_ETAR,Aguas_residuais,Torpidos,30,8,54,"","","","","","","",Sim,"","","",Sim,"",Sim,Sim,"","","","","",Delfa e INOCÊNCIO,"",uuid:720e72ec-fd1c-44d3-b598-41ea9507ed81,uuid:720e72ec-fd1c-44d3-b598-41ea9507ed81
"Feb 5, 2026 11:06:41 AM","Feb 5, 2026 9:11:00 AM",IDSW100524,-25.9185435000,32.5391156000,21.5000000000,4.8600000000,Maputo_Cidade,kamubukwana,ETAR,Entrada_ETAR,Aguas_residuais,Moore_swab,30,8,54,"","","","","","","",Sim,"","","",Sim,"",Sim,Sim,"","",Sim,"","",Delfa e INOCÊNCIO,"",uuid:7ce4f688-fa69-4911-b21c-3bace3f761b6,uuid:7ce4f688-fa69-4911-b21c-3bace3f761b6
"Feb 5, 2026 11:06:42 AM","Feb 5, 2026 9:13:00 AM",IDSW100525,-25.9184633000,32.5391438000,21.6000000000,5.0000000000,Maputo_Cidade,kamubukwana,ETAR,Entrada_ETAR,Aguas_residuais,Grag_sample,30,8,54,"","","","","","","",Sim,"","","",Sim,"",Sim,Sim,"","",Sim,"","",Delfa e INOCÊNCIO,"",uuid:9dd12b2c-261c-4fd9-81a2-eec4748d735b,uuid:9dd12b2c-261c-4fd9-81a2-eec4748d735b
"Feb 5, 2026 11:06:42 AM","Feb 5, 2026 9:16:00 AM",IDSW100526,-25.9183255000,32.5389440000,21.6000000000,5.0000000000,Maputo_Cidade,kamubukwana,ETAR,Cam_Cistern_CC,Aguas_residuais,Torpidos,30,8,54,"","","","","","","",Sim,"","","",Sim,"",Sim,Sim,"","","","","",Delfa e INOCÊNCIO,"",uuid:f44a91e8-4eb3-49e0-956d-b00330979f97,uuid:f44a91e8-4eb3-49e0-956d-b00330979f97
"Feb 5, 2026 11:06:42 AM","Feb 5, 2026 9:21:00 AM",IDSW100527,-25.9183847000,32.5389226000,21.6000000000,4.9500000000,Maputo_Cidade,kamubukwana,ETAR,Cam_Cistern_CC,Aguas_residuais,Moore_swab,30,8,54,"","","","","","","",Sim,"","","",Sim,"",Sim,Sim,"","",Sim,"","",Delfa e INOCÊNCIO,"",uuid:af69508c-a46e-4964-9444-0655804d2353,uuid:af69508c-a46e-4964-9444-0655804d2353
"Feb 5, 2026 11:06:43 AM","Feb 5, 2026 9:22:00 AM",IDSW100528,-25.9185475000,32.5388672000,21.7000000000,4.8830000000,Maputo_Cidade,kamubukwana,ETAR,Cam_Cistern_CC,Aguas_residuais,Grag_sample,30,8,54,"","","","","","","",Sim,"","","",Sim,"",Sim,Sim,"","",Sim,"","",Delfa e INOCÊNCIO,"",uuid:1acc31e3-ecb2-4b38-9811-4ffc5736f268,uuid:1acc31e3-ecb2-4b38-9811-4ffc5736f268
"Feb 9, 2026 12:32:52 PM","Jan 29, 2026 8:29:00 AM",IDSWQ00118,-17.8796327000,36.8816516000,-2.2000000477,4.7750000000,Zambezia,quelimane,E_frente_Autor_Tributaria,Emissario_EM,Aguas_residuais,Moore_swab,27,8,90,"","","","","","","",Sim,"","","",Sim,"",Sim,Sim,"","","","","","","",uuid:54b20336-5528-459a-a253-ea765d9b4947,uuid:54b20336-5528-459a-a253-ea765d9b4947
"Feb 9, 2026 12:32:52 PM","Jan 29, 2026 8:37:00 AM",IDSWQ00122,-17.8793626000,36.8812673000,16.3999996185,4.2000000000,Zambezia,quelimane,E_frente_Autor_Tributaria,Emissario_EM,Aguas_residuais,Grag_sample,27,8,90,"","","","","","","",Sim,"","","",Sim,"",Sim,Sim,"","","","","",IDSJC,"",uuid:ae430156-a149-4c08-aa55-1c3c57081b8a,uuid:ae430156-a149-4c08-aa55-1c3c57081b8a
"Feb 9, 2026 12:32:52 PM","Jan 29, 2026 8:55:00 AM",IDSWQ00117,-17.8807370000,36.8837154000,-2.3000001907,4.3850000000,Zambezia,quelimane,Piscina_Municipal,Emissario_EM,Aguas_residuais,Moore_swab,27,8,90,"","","","","","","",Sim,"","","",Sim,"",Sim,Sim,"","","","","",IDSVPC,"",uuid:529b30ed-f567-4100-8d8e-50f67b750872,uuid:529b30ed-f567-4100-8d8e-50f67b750872
"Feb 9, 2026 12:32:53 PM","Jan 29, 2026 9:02:00 AM",IDSWQ00121,-17.8808027000,36.8836589000,-2.3000001907,4.2000000000,Zambezia,quelimane,Piscina_Municipal,Emissario_EM,Aguas_residuais,Grag_sample,27,8,90,"","","","","","","",Sim,"","","",Sim,"",Sim,Sim,"","","","","",IDSVPC,"",uuid:9ea6bba0-56df-4ea3-96cf-1341143534a7,uuid:9ea6bba0-56df-4ea3-96cf-1341143534a7
"Feb 9, 2026 12:32:53 PM","Jan 29, 2026 9:10:00 AM",IDSWQ00116,-17.8820029000,36.8850345000,-2.4000000954,4.7500000000,Zambezia,quelimane,REFEBA,Emissario_EM,Aguas_residuais,Moore_swab,27,8,90,"","","","","","","",Sim,"","","",Sim,"",Sim,Sim,"","","","","",IDSVPC,"",uuid:aa0d1467-bc7d-495f-b397-891d32f056f1,uuid:aa0d1467-bc7d-495f-b397-891d32f056f1
"Feb 9, 2026 12:32:53 PM","Jan 29, 2026 9:15:00 AM",IDSWQ00120,-17.8820361000,36.8850698000,-2.4000000954,3.7000000000,Zambezia,quelimane,REFEBA,Emissario_EM,Aguas_residuais,Grag_sample,27,8,90,"","","","","","","",Sim,"","","",Sim,"",Sim,Sim,"","","","","",IDSVPC,"",uuid:6003bf61-29a1-4b26-8092-d258bcfa90da,uuid:6003bf61-29a1-4b26-8092-d258bcfa90da
"Feb 9, 2026 12:32:54 PM","Jan 29, 2026 9:21:00 AM",IDSWQ00115,-17.8836188000,36.8872730000,-3.9000000954,4.1500000000,Zambezia,quelimane,BRIZA,Emissario_EM,Aguas_residuais,Moore_swab,27,8,90,"","","","","","","",Sim,"","","",Sim,"",Sim,Sim,"","","","","",IDSJC,"",uuid:9b04da46-3f00-41c4-acaa-e9873df15378,uuid:9b04da46-3f00-41c4-acaa-e9873df15378
"Feb 9, 2026 12:32:54 PM","Jan 29, 2026 9:35:00 AM",IDSWQ00119,-17.8836150000,36.8873077000,-3.9000000954,4.5400000000,Zambezia,quelimane,BRIZA,Emissario_EM,Aguas_residuais,Grag_sample,27,8,90,"","","","","","","",Sim,"","","",Sim,"",Sim,Sim,"","","","","",IDSJC,"",uuid:bbce7a59-57be-45c8-8563-4d45dd14dc6d,uuid:bbce7a59-57be-45c8-8563-4d45dd14dc6d
"Feb 9, 2026 12:32:54 PM","Feb 6, 2026 10:26:00 AM",IDSWQ00123,-17.8836207000,36.8873001000,-3.0000000000,4.9000000000,Zambezia,quelimane,BRIZA,Emissario_EM,Aguas_residuais,Moore_swab,31,8,62,"","","","","","","",Sim,"","","",Sim,"",Sim,Sim,"","","","","",IDSJC,"",uuid:8b04405b-8857-45bd-84bb-82d0208b1d21,uuid:8b04405b-8857-45bd-84bb-82d0208b1d21
"Feb 9, 2026 12:32:54 PM","Feb 6, 2026 10:41:00 AM",IDSWQ00127,-17.8835875000,36.8872967000,-3.9000000954,3.2400000000,Zambezia,quelimane,BRIZA,Emissario_EM,Aguas_residuais,Grag_sample,31,8,62,"","","","","","","",Sim,"","","",Sim,"",Sim,Sim,"","","","","",IDSJC,"",uuid:4ded5559-1475-48ff-8a06-cc3047ec19b3,uuid:4ded5559-1475-48ff-8a06-cc3047ec19b3
"Feb 9, 2026 12:32:55 PM","Feb 6, 2026 10:51:00 AM",IDSWQ00124,-17.8820512000,36.8851325000,1.2999999523,4.5500000000,Zambezia,quelimane,REFEBA,Emissario_EM,Aguas_residuais,Moore_swab,31,8,62,"","","","","","","",Sim,"","","",Sim,"",Sim,Sim,"","","","","",IDSVPC,"",uuid:aef19d60-d398-4010-b017-a1ba899141bd,uuid:aef19d60-d398-4010-b017-a1ba899141bd
"Feb 9, 2026 12:32:55 PM","Feb 6, 2026 10:55:00 AM",IDSWQ00128,-17.8819910000,36.8850410000,1.2999999523,4.8600000000,Zambezia,quelimane,REFEBA,Emissario_EM,Aguas_residuais,Grag_sample,31,8,62,"","","","","","","",Sim,"","","",Sim,"",Sim,Sim,"","","","","",IDSVPC,"",uuid:6122eccf-130c-4d0e-a9d4-84fad9615832,uuid:6122eccf-130c-4d0e-a9d4-84fad9615832
"Feb 9, 2026 12:32:55 PM","Feb 6, 2026 11:05:00 AM",IDSWQ00125,-17.8810152000,36.8834552000,1.2999999523,3.7500000000,Zambezia,quelimane,Piscina_Municipal,Emissario_EM,Aguas_residuais,Moore_swab,31,8,62,"","","","","","","",Sim,"","","",Sim,"",Sim,Sim,"","","","","",IDSJC,"",uuid:0161535e-6802-42a2-bcea-12093c2cff5a,uuid:0161535e-6802-42a2-bcea-12093c2cff5a
"Feb 9, 2026 12:32:56 PM","Feb 6, 2026 11:10:00 AM",IDSWQ00129,-17.8809670000,36.8835770000,-2.6000003815,3.5500000000,Zambezia,quelimane,Piscina_Municipal,Emissario_EM,Aguas_residuais,Grag_sample,31,8,62,"","","","","","","",Sim,"","","",Sim,"",Sim,Sim,"","","","","",IDSJC,"",uuid:55555dcd-26a9-46df-a707-b2dc735937a1,uuid:55555dcd-26a9-46df-a707-b2dc735937a1
"Feb 9, 2026 12:32:56 PM","Feb 6, 2026 11:22:00 AM",IDSWQ00126,-17.8796822000,36.8816531000,-2.2000000477,4.5330000000,Zambezia,quelimane,E_frente_Autor_Tributaria,Emissario_EM,Aguas_residuais,Moore_swab,31,8,62,"","","","","","","",Sim,"","","",Sim,"",Sim,Sim,"","","","","",IDSJC,"",uuid:acfcb21c-1af3-4b38-b0ab-f6896227e970,uuid:acfcb21c-1af3-4b38-b0ab-f6896227e970
"Feb 9, 2026 12:32:56 PM","Feb 6, 2026 11:28:00 AM",IDSWQ00130,-17.8796724000,36.8817155000,-2.2000000477,3.6250000000,Zambezia,quelimane,E_frente_Autor_Tributaria,Emissario_EM,Aguas_residuais,Grag_sample,31,8,62,"","","","","","","",Sim,"","","",Sim,"",Sim,Sim,"","","","","",IDSJC,"",uuid:921d2525-a981-4c08-9dbe-44e540cf62a0,uuid:921d2525-a981-4c08-9dbe-44e540cf62a0
"Feb 11, 2026 7:12:20 AM","Feb 10, 2026 7:37:00 AM",IDSW100529,-25.9650819000,32.6022935000,29.8000000000,4.8600000000,Maputo_Cidade,khampfumo,Presidencia,Emissario_EM,Aguas_residuais,Moore_swab,28,8,72,"","","","","","","",Sim,"","","",Sim,"",Sim,Sim,"","",Sim,"","",Delfa,"",uuid:a5913780-d320-4981-bd70-dbdd0d1e14e4,uuid:a5913780-d320-4981-bd70-dbdd0d1e14e4
"Feb 11, 2026 7:12:20 AM","Feb 10, 2026 7:41:00 AM",IDSW100530,-25.9653296000,32.6020004000,32.3000000000,4.7800000000,Maputo_Cidade,khampfumo,Presidencia,Emissario_EM,Aguas_residuais,Grag_sample,28,8,72,"","","","","","","",Sim,"","","",Sim,"",Sim,Sim,"","",Sim,"","",Delfa,"",uuid:fd9c5dca-ad64-4e6a-bbbd-a5898deec15e,uuid:fd9c5dca-ad64-4e6a-bbbd-a5898deec15e
"Feb 11, 2026 7:12:21 AM","Feb 10, 2026 7:44:00 AM",IDSW100531,-25.9809452000,32.5949899000,41.7000000000,4.9400000000,Maputo_Cidade,khampfumo,Tempestade,Emissario_EM,Aguas_residuais,Torpidos,28,8,72,"","","","","","","",Sim,"","","",Sim,"",Sim,Sim,"","","","","",Delfa,"",uuid:6661af11-7cc8-4e9e-9bb6-5f20b957f382,uuid:6661af11-7cc8-4e9e-9bb6-5f20b957f382
"Feb 11, 2026 7:12:21 AM","Feb 10, 2026 7:47:00 AM",IDSW100532,-25.9838482000,32.5911920000,41.1000000000,4.9000000000,Maputo_Cidade,khampfumo,Tempestade,Emissario_EM,Aguas_residuais,Moore_swab,28,8,72,"","","","","","","",Sim,"","","",Sim,"",Sim,Sim,"","",Sim,"","",Delfa,"",uuid:e2a91bb5-ebcd-4a4a-9722-494628b31418,uuid:e2a91bb5-ebcd-4a4a-9722-494628b31418
"Feb 11, 2026 7:12:23 AM","Feb 10, 2026 7:50:00 AM",IDSW100533,-25.9837642000,32.5919609000,41.1000000000,5.0000000000,Maputo_Cidade,khampfumo,Tempestade,Emissario_EM,Aguas_residuais,Grag_sample,28,8,72,"","","","","","","",Sim,"","","",Sim,"",Sim,Sim,"","",Sim,"","",Delfa,"",uuid:af9b2083-fd59-48df-875b-1f9bbb7515bf,uuid:af9b2083-fd59-48df-875b-1f9bbb7515bf
"Feb 11, 2026 7:12:24 AM","Feb 10, 2026 8:34:00 AM",IDSW100534,-25.9257241000,32.5451817000,48.8000000000,4.9500000000,Maputo_provincia,matola,ETAR,Vala_esgoto_VE,Aguas_residuais,Torpidos,28,8,69,"","","","","","","",Sim,"","","",Sim,"",Sim,Sim,"","","","","",Delfa,"",uuid:bf548e3a-f106-4c0f-9d70-84dc29840eb5,uuid:bf548e3a-f106-4c0f-9d70-84dc29840eb5
"Feb 11, 2026 7:12:24 AM","Feb 10, 2026 8:36:00 AM",IDSW100535,-25.9230766000,32.5462625000,48.8000000000,5.0000000000,Maputo_provincia,matola,ETAR,Vala_esgoto_VE,Aguas_residuais,Moore_swab,28,8,69,"","","","","","","",Sim,"","","",Sim,"",Sim,Sim,"","","","","",Delfa,"",uuid:8fccb907-ea57-4df4-8aec-ee6abaec633d,uuid:8fccb907-ea57-4df4-8aec-ee6abaec633d
"Feb 11, 2026 7:12:25 AM","Feb 10, 2026 8:39:00 AM",IDSW100536,-25.9179802000,32.5382359000,48.6000000000,4.9600000000,Maputo_provincia,matola,ETAR,Vala_esgoto_VE,Aguas_residuais,Grag_sample,28,8,69,"","","","","","","",Sim,"","","",Sim,"",Sim,Sim,"","","","","",Delfa,"",uuid:cf3a1e5c-278d-4bb4-ba11-c81aaf0a66a8,uuid:cf3a1e5c-278d-4bb4-ba11-c81aaf0a66a8
"Feb 11, 2026 7:12:26 AM","Feb 10, 2026 8:42:00 AM",IDSW100537,-25.9177271000,32.5383387000,48.5000000000,4.8830000000,Maputo_Cidade,kamubukwana,ETAR,Entrada_ETAR,Aguas_residuais,Torpidos,28,8,69,"","","","","","","",Sim,"","","",Sim,"",Sim,Sim,"","","","","",Delfa,"",uuid:8f34720b-4e75-42a1-82aa-d0d1f672a1d0,uuid:8f34720b-4e75-42a1-82aa-d0d1f672a1d0
"Feb 11, 2026 7:12:27 AM","Feb 10, 2026 8:44:00 AM",IDSW100538,-25.9177687000,32.5383393000,48.5000000000,4.9000000000,Maputo_Cidade,kamubukwana,ETAR,Entrada_ETAR,Aguas_residuais,Moore_swab,28,8,69,"","","","","","","",Sim,"","","",Sim,"",Sim,Sim,"","",Sim,"","",Delfa,"",uuid:d97db795-1dd3-4f4b-b0cb-792b229b3e06,uuid:d97db795-1dd3-4f4b-b0cb-792b229b3e06
"Feb 11, 2026 7:12:28 AM","Feb 10, 2026 8:47:00 AM",IDSW100539,-25.9177069000,32.5383918000,48.5000000000,4.7600000000,Maputo_Cidade,kamubukwana,ETAR,Entrada_ETAR,Aguas_residuais,Grag_sample,28,8,69,"","","","","","","",Sim,"","","",Sim,"",Sim,Sim,"","",Sim,"","",Delfa,"",uuid:b22ae9d3-dba6-4974-90da-91d122fa121d,uuid:b22ae9d3-dba6-4974-90da-91d122fa121d
"Feb 11, 2026 7:12:30 AM","Feb 10, 2026 8:50:00 AM",IDSW100540,-25.9177813000,32.5383417000,48.6000000000,4.8400000000,Maputo_Cidade,kamubukwana,ETAR,Cam_Cistern_CC,Aguas_residuais,Torpidos,28,8,69,"","","","","","","",Sim,"","","",Sim,"",Sim,Sim,"","","","","",DELFA,"",uuid:06cfca71-f21a-4562-8c09-1d28d8243995,uuid:06cfca71-f21a-4562-8c09-1d28d8243995
"Feb 11, 2026 7:12:30 AM","Feb 10, 2026 8:55:00 AM",IDSW100541,-25.9179582000,32.5382241000,40.8000000000,4.9830000000,Maputo_Cidade,kamubukwana,ETAR,Cam_Cistern_CC,Aguas_residuais,Moore_swab,28,8,69,"","","","","","","",Sim,"","","",Sim,"",Sim,Sim,"","",Sim,"","",Delfa,"",uuid:a3b98461-9ad4-4fde-a192-f4c1d40dca98,uuid:a3b98461-9ad4-4fde-a192-f4c1d40dca98
"Feb 11, 2026 7:12:31 AM","Feb 10, 2026 8:58:00 AM",IDSW100542,-25.9184612000,32.5392054000,40.8000000000,4.9160000000,Maputo_Cidade,kamubukwana,ETAR,Cam_Cistern_CC,Aguas_residuais,Grag_sample,28,8,69,"","","","","","","",Sim,"","","",Sim,"",Sim,Sim,"","",Sim,"","",Delfa,"",uuid:87c29d04-c1b9-4e1e-b27d-c500e45ceeac,uuid:87c29d04-c1b9-4e1e-b27d-c500e45ceeac
"Feb 12, 2026 12:55:39 PM","Feb 10, 2026 9:22:00 AM",IDSWQ00131,-17.8796550000,36.8816033000,-3.2000002861,3.9140000000,Zambezia,quelimane,E_frente_Autor_Tributaria,Emissario_EM,Aguas_residuais,Moore_swab,26,8,87,"","","","","","","",Sim,"","","",Sim,"",Sim,Sim,"","","","","",IDSJC,"",uuid:a9e0c053-6a9e-4c4b-a264-b6eccf7a142e,uuid:a9e0c053-6a9e-4c4b-a264-b6eccf7a142e
"Feb 12, 2026 12:55:39 PM","Feb 10, 2026 10:58:00 AM",IDSWQ00138,-17.8836333000,36.8872467000,-3.9000000954,3.2660000000,Zambezia,quelimane,BRIZA,Emissario_EM,Aguas_residuais,Grag_sample,26,8,87,"","","","","","","",Sim,"","","",Sim,"",Sim,Sim,"","","","","",IDSJC,"",uuid:202b8838-abca-4108-bffd-250929640995,uuid:202b8838-abca-4108-bffd-250929640995
"Feb 12, 2026 12:55:40 PM","Feb 10, 2026 10:55:00 AM",IDSWQ00134,-17.8836400000,36.8873617000,-3.2000002861,3.9200000000,Zambezia,quelimane,BRIZA,Emissario_EM,Aguas_residuais,Moore_swab,26,8,87,"","","","","","","",Sim,"","","",Sim,"",Sim,Sim,"","","","","",IDSJC,"",uuid:95b25029-4f98-461e-b787-52545319307f,uuid:95b25029-4f98-461e-b787-52545319307f
"Feb 12, 2026 12:55:40 PM","Feb 10, 2026 10:26:00 AM",IDSWQ00137,-17.8820500000,36.8850933000,-1.8000000715,2.5000000000,Zambezia,quelimane,REFEBA,Emissario_EM,Aguas_residuais,Grag_sample,26,8,87,"","","","","","","",Sim,"","","",Sim,"",Sim,Sim,"","","","","",IDSJC,"",uuid:8c7abab1-d360-4e9d-9916-67a29d924897,uuid:8c7abab1-d360-4e9d-9916-67a29d924897
"Feb 12, 2026 12:55:41 PM","Feb 10, 2026 10:24:00 AM",IDSWQ00133,-17.8813017000,36.8841983000,-1.8000000715,2.6500000000,Zambezia,quelimane,REFEBA,Emissario_EM,Aguas_residuais,Moore_swab,26,8,87,"","","","","","","",Sim,"","","",Sim,"",Sim,Sim,"","","","","",IDSJC,"",uuid:3ee9d0be-2280-4a05-8a37-19844b1f9455,uuid:3ee9d0be-2280-4a05-8a37-19844b1f9455
"Feb 12, 2026 12:55:41 PM","Feb 10, 2026 10:01:00 AM",IDSWQ00132,-17.8808750000,36.8835300000,-2.6000003815,4.1160000000,Zambezia,quelimane,Piscina_Municipal,Emissario_EM,Aguas_residuais,Moore_swab,26,8,87,"","","","","","","",Sim,"","","",Sim,"",Sim,Sim,"","","","","",IDSJC,"",uuid:5aec4b4a-9437-404d-b1e2-833cf224dcc2,uuid:5aec4b4a-9437-404d-b1e2-833cf224dcc2
"Feb 12, 2026 12:55:42 PM","Feb 10, 2026 10:05:00 AM",IDSWQ00136,-17.8809183000,36.8835100000,-2.6000003815,2.2000000000,Zambezia,quelimane,Piscina_Municipal,Emissario_EM,Aguas_residuais,Grag_sample,26,8,87,"","","","","","","",Sim,"","","",Sim,"",Sim,Sim,"","","","","",IDSJC,"",uuid:339a8ee2-8215-4638-a02b-0cc62b4d03be,uuid:339a8ee2-8215-4638-a02b-0cc62b4d03be
"Feb 12, 2026 12:55:42 PM","Feb 10, 2026 9:27:00 AM",IDSWQ00135,-17.8796467000,36.8816117000,-3.2000002861,2.9000000000,Zambezia,quelimane,E_frente_Autor_Tributaria,Emissario_EM,Aguas_residuais,Grag_sample,26,8,87,"","","","","","","",Sim,"","","",Sim,"",Sim,Sim,"","","","","",IDSJC,"",uuid:80774bf2-4cee-45a5-b682-fb7f5471b590,uuid:80774bf2-4cee-45a5-b682-fb7f5471b590
"Feb 18, 2026 12:55:53 PM","Feb 17, 2026 8:07:00 AM",IDSW100543,-25.9651086000,32.6023068000,35.0000000000,4.8200000000,Maputo_Cidade,khampfumo,Presidencia,Emissario_EM,Aguas_residuais,Moore_swab,25,8,64,"","","","","","","",Sim,"","","",Sim,"",Sim,Sim,"","",Sim,"","",Delfa e INOCÊNCIO,"",uuid:324c0fc8-127d-4d16-9321-573417b56be4,uuid:324c0fc8-127d-4d16-9321-573417b56be4
"Feb 18, 2026 12:55:54 PM","Feb 17, 2026 8:10:00 AM",IDSW100544,-25.9651053000,32.6022937000,35.1000000000,4.9000000000,Maputo_Cidade,khampfumo,Presidencia,Emissario_EM,Aguas_residuais,Grag_sample,25,8,64,"","","","","","","",Sim,"","","",Sim,"",Sim,Sim,"","",Sim,"","",Delfa e INOCÊNCIO,"",uuid:0852e725-1bde-4e62-bdbf-c67b7153c76b,uuid:0852e725-1bde-4e62-bdbf-c67b7153c76b
"Feb 18, 2026 12:55:54 PM","Feb 17, 2026 8:22:00 AM",IDSW100545,-25.9837850000,32.5920250000,41.9000000000,4.9830000000,Maputo_Cidade,khampfumo,Tempestade,Emissario_EM,Aguas_residuais,Torpidos,25,8,64,"","","","","","","",Sim,"","","",Sim,"",Sim,Sim,"","","","","",Delfa e INOCÊNCIO,"",uuid:4fa7ef7a-6315-46f7-a47b-ba92be03bee9,uuid:4fa7ef7a-6315-46f7-a47b-ba92be03bee9
"Feb 18, 2026 12:55:55 PM","Feb 17, 2026 8:23:00 AM",IDSW100546,-25.9837368000,32.5920302000,38.8000000000,4.4710000000,Maputo_Cidade,khampfumo,Tempestade,Emissario_EM,Aguas_residuais,Moore_swab,25,8,65,"","","","","","","",Sim,"","","",Sim,"",Sim,Sim,"","",Sim,"","",Delfa e INOCÊNCIO,"",uuid:8f7e2389-4a14-4a23-b7ba-36b6489cba38,uuid:8f7e2389-4a14-4a23-b7ba-36b6489cba38
"Feb 18, 2026 12:55:55 PM","Feb 17, 2026 8:25:00 AM",IDSW100547,-25.9837827000,32.5919944000,38.8000000000,4.9330000000,Maputo_Cidade,khampfumo,Tempestade,Emissario_EM,Aguas_residuais,Grag_sample,25,8,64,"","","","","","","",Sim,"","","",Sim,"",Sim,Sim,"","",Sim,"","",Delfa e INOCÊNCIO,"",uuid:9c5d20f2-e650-4a4d-9746-6f0ecb8ff1fe,uuid:9c5d20f2-e650-4a4d-9746-6f0ecb8ff1fe
"Feb 18, 2026 12:55:55 PM","Feb 17, 2026 8:54:00 AM",IDSW100548,-25.9176720000,32.5383248000,40.5000000000,4.9500000000,Maputo_provincia,matola,ETAR,Vala_esgoto_VE,Aguas_residuais,Torpidos,25,8,64,"","","","","","","",Sim,"","","",Sim,"",Sim,Sim,"","","","","",Delfa e INOCÊNCIO,"",uuid:33d18211-f1da-4cde-a11f-95efc0a9242d,uuid:33d18211-f1da-4cde-a11f-95efc0a9242d
"Feb 18, 2026 12:55:56 PM","Feb 17, 2026 8:56:00 AM",IDSW100549,-25.9177116000,32.5383030000,40.1000000000,4.5600000000,Maputo_provincia,matola,ETAR,Vala_esgoto_VE,Aguas_residuais,Moore_swab,25,8,64,"","","","","","","",Sim,"","","",Sim,"",Sim,Sim,"","",Sim,Nao,"",Delfa e INOCÊNCIO,"",uuid:9e788844-d48e-4acb-9f85-76fb1d01da27,uuid:9e788844-d48e-4acb-9f85-76fb1d01da27
"Feb 18, 2026 12:55:56 PM","Feb 17, 2026 8:58:00 AM",IDSW100550,-25.9177365000,32.5382938000,40.0000000000,4.8200000000,Maputo_provincia,matola,ETAR,Vala_esgoto_VE,Aguas_residuais,Grag_sample,25,8,64,"","","","","","","",Sim,"","","",Sim,"",Sim,Sim,"","",Sim,"","",Delfa e INOCÊNCIO,"",uuid:a669faae-0c4c-413d-a06c-85af7ee0d765,uuid:a669faae-0c4c-413d-a06c-85af7ee0d765
"Feb 18, 2026 12:55:57 PM","Feb 17, 2026 9:08:00 AM",IDSW100551,-25.9183175000,32.5393078000,40.4000000000,4.6500000000,Maputo_Cidade,kamubukwana,ETAR,Entrada_ETAR,Aguas_residuais,Torpidos,25,8,68,"","","","","","","",Sim,"","","",Sim,"",Sim,Sim,"","","","","",Delfa e INOCÊNCIO,"",uuid:a7ba0788-d63f-46f9-abf7-bc97f6e800fb,uuid:a7ba0788-d63f-46f9-abf7-bc97f6e800fb
"Feb 18, 2026 12:55:57 PM","Feb 17, 2026 9:09:00 AM",IDSW100552,-25.9184266000,32.5392521000,39.9000000000,4.7850000000,Maputo_Cidade,kamubukwana,ETAR,Entrada_ETAR,Aguas_residuais,Moore_swab,25,8,68,"","","","","","","",Sim,"","","",Sim,"",Sim,Sim,"","",Sim,"","",Delfa e INOCÊNCIO,"",uuid:c1a5135a-e9b7-495d-a5d3-67f313d5804d,uuid:c1a5135a-e9b7-495d-a5d3-67f313d5804d
"Feb 18, 2026 12:55:57 PM","Feb 17, 2026 9:11:00 AM",IDSW100553,-25.9185125000,32.5391832000,39.4000000000,4.3330000000,Maputo_Cidade,kamubukwana,ETAR,Entrada_ETAR,Aguas_residuais,Grag_sample,25,8,68,"","","","","","","",Sim,"","","",Sim,"",Sim,Sim,"","",Sim,"","",Delfa e INOCÊNCIO,"",uuid:c7162a80-c403-48b6-8a1e-a052d1da767d,uuid:c7162a80-c403-48b6-8a1e-a052d1da767d
"Feb 18, 2026 12:55:58 PM","Feb 17, 2026 9:15:00 AM",IDSW100554,-25.9181718000,32.5390288000,40.1000000000,4.7850000000,Maputo_Cidade,kamubukwana,ETAR,Cam_Cistern_CC,Aguas_residuais,Torpidos,25,8,68,"","","","","","","",Sim,"","","",Sim,"",Sim,Sim,"","","","","",Delfa e INOCÊNCIO,"",uuid:e2a469b9-2f3c-40dd-abcb-b2bd8269e9a1,uuid:e2a469b9-2f3c-40dd-abcb-b2bd8269e9a1
"Feb 18, 2026 12:55:59 PM","Feb 17, 2026 9:16:00 AM",IDSW100555,-25.9182593000,32.5389739000,40.6000000000,4.5750000000,Maputo_Cidade,kamubukwana,ETAR,Cam_Cistern_CC,Aguas_residuais,Moore_swab,25,8,68,"","","","","","","",Sim,"","","",Sim,"",Sim,Sim,"","",Sim,"","",Delfa e INOCÊNCIO,"",uuid:d1c0f7fb-0791-42c0-a21d-3f8a2603de91,uuid:d1c0f7fb-0791-42c0-a21d-3f8a2603de91
"Feb 18, 2026 12:56:01 PM","Feb 17, 2026 9:17:00 AM",IDSW100556,-25.9185715000,32.5389254000,41.3000000000,4.7140000000,Maputo_Cidade,kamubukwana,ETAR,Cam_Cistern_CC,Aguas_residuais,Grag_sample,25,8,68,"","","","","","","",Sim,"","","",Sim,"",Sim,Sim,"","",Sim,"","",Delfa e INOCÊNCIO,"",uuid:bbe517cc-b344-4c81-aca9-87070c143086,uuid:bbe517cc-b344-4c81-aca9-87070c143086
"Feb 19, 2026 12:25:39 PM","Feb 19, 2026 8:54:00 AM",IDSWQ00143,-17.8835690000,36.8873329000,-3.9000000954,3.2770000000,Zambezia,quelimane,BRIZA,Emissario_EM,Aguas_residuais,Grag_sample,31,8,87,"","","","","","","",Sim,"","","",Sim,"",Sim,Sim,"","","","","",IDSJC,"",uuid:8433f8f6-e450-41e8-ac7c-690fa9318ffc,uuid:8433f8f6-e450-41e8-ac7c-690fa9318ffc
"Feb 19, 2026 12:25:40 PM","Feb 19, 2026 8:50:00 AM",IDSWQ00139,-17.8835832000,36.8873332000,-2.6000003815,2.8500000000,Zambezia,quelimane,BRIZA,Emissario_EM,Aguas_residuais,Moore_swab,31,8,87,"","","","","","","",Sim,"","","",Sim,"",Sim,Sim,"","","","","",IDSJC,"",uuid:bd9288cf-5cf4-4721-b2df-69b8941557f8,uuid:bd9288cf-5cf4-4721-b2df-69b8941557f8
"Feb 19, 2026 12:25:40 PM","Feb 19, 2026 8:40:00 AM",IDSWQ00140,-17.8819683000,36.8850445000,-2.6000003815,4.4430000000,Zambezia,quelimane,REFEBA,Emissario_EM,Aguas_residuais,Moore_swab,31,8,86,"","","","","","","",Sim,"","","",Sim,"",Sim,Sim,"","","","","",IDSJC,"",uuid:49819c86-17fb-4b46-a185-02e403b016c3,uuid:49819c86-17fb-4b46-a185-02e403b016c3
"Feb 19, 2026 12:25:40 PM","Feb 19, 2026 8:46:00 AM",IDSWQ00144,-17.8819959000,36.8850878000,-2.6000003815,2.5870000000,Zambezia,quelimane,REFEBA,Emissario_EM,Aguas_residuais,Grag_sample,31,8,86,"","","","","","","",Sim,"","","",Sim,"",Sim,Sim,"","","","","",IDSJC,"",uuid:dfc55d62-07e4-46aa-adc3-401612eaf7eb,uuid:dfc55d62-07e4-46aa-adc3-401612eaf7eb
"Feb 19, 2026 12:25:41 PM","Feb 19, 2026 8:26:00 AM",IDSWQ00141,-17.8809084000,36.8835455000,-0.2999999821,4.1750000000,Zambezia,quelimane,Piscina_Municipal,Emissario_EM,Aguas_residuais,Moore_swab,31,8,86,"","","","","","","",Sim,"","","",Sim,"",Sim,Sim,"","","","","",IDSJC,"",uuid:657170a7-8bcd-4385-85d7-b048c9986bf7,uuid:657170a7-8bcd-4385-85d7-b048c9986bf7
"Feb 19, 2026 12:25:41 PM","Feb 19, 2026 8:31:00 AM",IDSWQ00145,-17.8809185000,36.8835499000,-0.2999999821,2.3750000000,Zambezia,quelimane,Piscina_Municipal,Emissario_EM,Aguas_residuais,Grag_sample,31,8,86,"","","","","","","",Sim,"","","",Sim,"",Sim,Sim,"","","","","",IDSJC,"",uuid:bea4afe7-6936-455f-a361-b9dd0b870450,uuid:bea4afe7-6936-455f-a361-b9dd0b870450
"Feb 19, 2026 12:25:41 PM","Feb 19, 2026 8:19:00 AM",IDSWQ00142,-17.8796510000,36.8816900000,-2.1000001431,4.0500000000,Zambezia,quelimane,E_frente_Autor_Tributaria,Emissario_EM,Aguas_residuais,Moore_swab,31,8,85,"","","","","","","",Sim,"","","",Sim,"",Sim,Sim,"","","","","",IDSJC,"",uuid:d7dd1dfd-63cc-4cbf-b67d-85d5179804ab,uuid:d7dd1dfd-63cc-4cbf-b67d-85d5179804ab
"Feb 19, 2026 12:25:42 PM","Feb 19, 2026 8:17:00 AM",IDSWQ00146,-17.8796824000,36.8816717000,-1.6999999285,3.7000000000,Zambezia,quelimane,E_frente_Autor_Tributaria,Emissario_EM,Aguas_residuais,Grag_sample,31,8,86,"","","","","","","",Sim,"","","",Sim,"",Sim,Sim,"","","","","",IDSJC,"",uuid:d0cdfd8c-c92b-4e16-ab3b-c4f100ee5974,uuid:d0cdfd8c-c92b-4e16-ab3b-c4f100ee5974
"Feb 24, 2026 10:55:45 AM","Feb 24, 2026 8:34:00 AM",IDSW100557,-25.9177570000,32.5382879000,37.0000000000,4.9000000000,Maputo_provincia,matola,ETAR,Vala_esgoto_VE,Aguas_residuais,Torpidos,23,40,70,"","","","","","","",Sim,"","","",Sim,"",Sim,Sim,"","",Nao,"","",INOCÊNCIO,"",uuid:ba8e678b-1cdf-432e-a6d6-8e51efa51242,uuid:ba8e678b-1cdf-432e-a6d6-8e51efa51242
"Feb 24, 2026 10:55:45 AM","Feb 24, 2026 8:38:00 AM",IDSW100558,-25.9177448000,32.5382772000,37.9000000000,4.7000000000,Maputo_provincia,matola,Presidencia,Vala_esgoto_VE,Aguas_residuais,Moore_swab,23,40,70,"","","","","","","",Sim,"","","",Sim,"",Sim,Sim,"","",Sim,"","",INOCÊNCIO,"",uuid:88978026-0698-4077-bd66-35ad0f00645d,uuid:88978026-0698-4077-bd66-35ad0f00645d
"Feb 24, 2026 10:55:45 AM","Feb 24, 2026 8:40:00 AM",IDSW100559,-25.9176901000,32.5382998000,38.0000000000,4.8660000000,Maputo_provincia,matola,ETAR,Vala_esgoto_VE,Aguas_residuais,Grag_sample,23,40,70,"","","","","","","",Sim,"","","",Sim,"",Sim,Sim,"","",Sim,"","",INOCÊNCIO,"",uuid:5e69a155-570f-4ac1-9997-13a552957f71,uuid:5e69a155-570f-4ac1-9997-13a552957f71
"Feb 24, 2026 10:55:46 AM","Feb 24, 2026 8:46:00 AM",IDSW100560,-25.9184139000,32.5392387000,34.8000000000,4.9600000000,Maputo_Cidade,kamubukwana,ETAR,Entrada_ETAR,Aguas_residuais,Torpidos,23,40,70,"","","","","","","",Sim,"","","",Sim,"",Sim,Sim,"","",Nao,"","",INOCÊNCIO,"",uuid:7fc6e262-2c6d-4fb8-8665-f87e20042704,uuid:7fc6e262-2c6d-4fb8-8665-f87e20042704
"Feb 24, 2026 10:55:46 AM","Feb 24, 2026 8:47:00 AM",IDSW100561,-25.9184124000,32.5392466000,34.7000000000,4.6200000000,Maputo_Cidade,kamubukwana,ETAR,Entrada_ETAR,Aguas_residuais,Moore_swab,23,40,70,"","","","","","","",Sim,"","","",Sim,"",Sim,Sim,"","",Sim,"","",INOCÊNCIO,"",uuid:e02663aa-ea13-454d-8244-3a7e65e5324d,uuid:e02663aa-ea13-454d-8244-3a7e65e5324d
"Feb 24, 2026 10:55:46 AM","Feb 24, 2026 8:48:00 AM",IDSW100562,-25.9183942000,32.5392412000,34.7000000000,4.9200000000,Maputo_Cidade,kamubukwana,ETAR,Entrada_ETAR,Aguas_residuais,Grag_sample,23,40,70,"","","","","","","",Sim,"","","",Sim,"",Sim,Sim,"","",Sim,"","",INOCÊNCIO,"",uuid:172b9442-637c-4b2b-a795-abf71cabbbe2,uuid:172b9442-637c-4b2b-a795-abf71cabbbe2
"Feb 24, 2026 10:55:46 AM","Feb 24, 2026 8:53:00 AM",IDSW100563,-25.9182846000,32.5389475000,42.0000000000,4.8000000000,Maputo_Cidade,kamubukwana,ETAR,Cam_Cistern_CC,Aguas_residuais,Torpidos,23,40,70,"","","","","","","",Sim,"","","",Sim,"",Sim,Sim,"","","","","",INOCÊNCIO,"",uuid:6b4bb133-a2f3-4a03-8560-d83ca0b1fa0c,uuid:6b4bb133-a2f3-4a03-8560-d83ca0b1fa0c
"Feb 24, 2026 10:55:47 AM","Feb 24, 2026 8:55:00 AM",IDSW100564,-25.9182919000,32.5389298000,42.5000000000,4.8000000000,Maputo_Cidade,kamubukwana,ETAR,Cam_Cistern_CC,Aguas_residuais,Moore_swab,23,40,70,"","","","","","","",Sim,"","","",Sim,"",Sim,Sim,"","",Sim,"","",INOCÊNCIO,"",uuid:537e0fe1-ae7d-402f-b380-5fcefe3e599c,uuid:537e0fe1-ae7d-402f-b380-5fcefe3e599c
"Feb 24, 2026 10:55:47 AM","Feb 24, 2026 8:56:00 AM",IDSW100565,-25.9183052000,32.5389343000,42.5000000000,4.8660000000,Maputo_Cidade,kamubukwana,ETAR,Cam_Cistern_CC,Aguas_residuais,Grag_sample,23,40,70,"","","","","","","",Sim,"","","",Sim,"",Sim,Sim,"","",Sim,"","",INOCÊNCIO,"",uuid:caa2ed40-405b-4159-9e8e-94873a293993,uuid:caa2ed40-405b-4159-9e8e-94873a293993
"Feb 24, 2026 10:55:47 AM","Feb 24, 2026 9:43:00 AM",IDSW100566,-25.9838167000,32.5919814000,34.9000000000,4.5800000000,Maputo_Cidade,khampfumo,Tempestade,Emissario_EM,Aguas_residuais,Torpidos,29,40,61,"","","","","","","",Sim,"","","",Sim,"",Sim,Sim,"","","","","",INOCÊNCIO,"",uuid:34d0a398-c7e5-457d-8cb4-02f3aeb9aa45,uuid:34d0a398-c7e5-457d-8cb4-02f3aeb9aa45
"Feb 24, 2026 10:55:48 AM","Feb 24, 2026 9:45:00 AM",IDSW100567,-25.9838100000,32.5920088000,35.0000000000,4.9600000000,Maputo_Cidade,khampfumo,Tempestade,Emissario_EM,Aguas_residuais,Moore_swab,29,40,61,"","","","","","","",Sim,"","","",Sim,"",Sim,Sim,"","",Sim,"","",INOCÊNCIO,"",uuid:9ee6b139-0b0f-4dc3-8003-eed93b47f208,uuid:9ee6b139-0b0f-4dc3-8003-eed93b47f208
"Feb 24, 2026 10:55:48 AM","Feb 24, 2026 9:46:00 AM",IDSW100568,-25.9837762000,32.5919774000,35.1000000000,4.8200000000,Maputo_Cidade,khampfumo,Tempestade,Emissario_EM,Aguas_residuais,Grag_sample,29,40,61,"","","","","","","",Sim,"","","",Sim,"",Sim,Sim,"","",Sim,"","",INOCÊNCIO,"",uuid:37627050-f790-425f-967d-397448495e88,uuid:37627050-f790-425f-967d-397448495e88
"Feb 24, 2026 10:55:48 AM","Feb 24, 2026 10:06:00 AM",IDSW100569,-25.9651097000,32.6022931000,35.9000000000,4.9600000000,Maputo_Cidade,khampfumo,Presidencia,Emissario_EM,Aguas_residuais,Grag_sample,29,40,61,"","","","","","","",Sim,"","","",Sim,"",Sim,Sim,"","",Sim,"","",INOCÊNCIO,"",uuid:16e29ace-605b-4f0a-86bf-9f1b80674d6c,uuid:16e29ace-605b-4f0a-86bf-9f1b80674d6c
