"Dados_demograficos:DATE2","Dados_demograficos:codigo_paciente","Dados_demograficos:coordenadas_IDS:Latitude","Dados_demograficos:coordenadas_IDS:Longitude","WHOTA:coordenadas_IDS:Altitude","WHOTA:coordenadas_IDS:Accuracy","WHOTA:provincia_colheita","WHOTA:dist_colheita","WHOTA:LO_COLHEITA","WHOTA:ptdcol","WHOTA:tipmast","WHOTA:teccol","WHOTA:tembie","WHOTA:temag","WHOTA:humreab","WHOTA:ph","WHOTA:Turbidez","WHOTA:condelec","WHOTA:conamon","WHOTA:conortf","WHOTA:oxigenio","WHOTA:descfras","WHOTA:consdtr","WHOTA:nota12","WHOTA:SARS_COV_2","WHOTA:Influenza","WHOTA:Poliovirus","WHOTA:Colera","WHOTA:Febre_tifoide","WHOTA:Outros","WHOTA:Outros_other","WHOTA:TEC_RES_COLHEITA","WHOTA:Observacao","meta:instanceID"
"03/18/2025","IDSW100001",-25.9189897,32.5389447,26.8,1.74,"Maputo Cidade","kamubukwana","ETAR","Cam_Cistern_CC","Aguas_residuais","Torpidos","24.7",40,67,NA,NA,"",NA,NA,NA,"Sim","Sim",NA,"Sim","Sim","","","","","","Diocreciano Inocêncio","","uuid:d47040fa-6ec5-4fd2-932a-41f82ac29084"
"03/18/2025","IDSW100002",-25.9190583,32.5388917,-4.4,3.9,"Maputo Cidade","kamubukwana","ETAR","Cam_Cistern_CC","Aguas_residuais","Moore_swab","24.7",40,67,NA,NA,"",NA,NA,NA,"Sim","Sim",NA,"Sim","Sim","","","","","","Diocreciano Inocêncio","","uuid:9f15f10c-4de0-46a6-a1bd-548e05b850ba"
"03/18/2025","IDSW100003",-25.9189365,32.5388787,2.1,4.45,"Maputo Cidade","kamubukwana","ETAR","Cam_Cistern_CC","Aguas_residuais","Grag_sample","24.7",40,67,NA,NA,"",NA,NA,NA,"Sim","Sim",NA,"Sim","Sim","","","","","","Diocreciano Inocêncio","","uuid:07d0b960-f33e-4357-9fe4-9c0a0a13e1a6"
"03/18/2025","IDSW100004",-25.9184,32.539085,2.8,5,"Maputo Cidade","kamubukwana","ETAR","Entrada_ETAR","Aguas_residuais","Grag_sample","24.7",40,67,NA,NA,"",NA,NA,NA,"Sim","Sim",NA,"Sim","Sim","","","","","","","","uuid:20d3e33d-4e8b-41bb-ae5c-f6e141e787ea"
"03/18/2025","IDSW100005",-25.9186717,32.5388367,3.5,4.9,"Maputo Cidade","kamubukwana","ETAR","Entrada_ETAR","Aguas_residuais","Moore_swab","24.7",40,67,NA,NA,"",NA,NA,NA,"Sim","Sim",NA,"Sim","Sim","","","","","","Diocreciano Inocêncio","","uuid:1b141ce2-66b5-4c5d-a383-57aba6722cfe"
"03/18/2025","IDSW100006",-25.9184958,32.539223,3.5,3.75,"Maputo Cidade","kamubukwana","ETAR","Entrada_ETAR","Aguas_residuais","Torpidos","24.7",40,67,NA,NA,"",NA,NA,NA,"Sim","Sim",NA,"Sim","Sim","","","","","","Diocreciano Inocêncio","","uuid:7d5a37e5-c8c1-43bd-baee-bdfc0dbaf05a"
"03/18/2025","IDSW100007",-25.917707,32.5382868,25.7000007629,3.1,"Maputo Cidade","kamubukwana","ETAR","Vala_esgoto_VE","Aguas_residuais","Torpidos","24.7",40,67,NA,NA,"",NA,NA,NA,"Sim","Sim",NA,"Sim","Sim","","","","","","Diocreciano Inocêncio","","uuid:0770a8a6-8c2c-4b8e-8474-228a91bc1532"
"03/18/2025","IDSW100008",-25.9177073,32.5383303,25.7000007629,3.642,"Maputo Cidade","kamubukwana","ETAR","Vala_esgoto_VE","Aguas_residuais","Moore_swab","24.7",40,67,NA,NA,"",NA,NA,NA,"Sim","Sim",NA,"Sim","Sim","","","","","","Diocreciano Inocêncio","","uuid:6db16d74-7f65-4a03-b32d-1806b281ec53"
"03/18/2025","IDSW100009",-25.9177331,32.5383052,25.7000007629,2.5,"Maputo Cidade","kamubukwana","ETAR","Vala_esgoto_VE","Aguas_residuais","Grag_sample","24.7",40,67,NA,NA,"",NA,NA,NA,"Sim","Sim",NA,"Sim","Sim","","","","","","Diocreciano Inocêncio","","uuid:5f4da18f-bd57-4696-a3d4-cd4865352131"
"03/25/2025","IDSW100010",-25.9189918,32.5389136,26.4,4.2,"Maputo Cidade","kamubukwana","ETAR","Cam_Cistern_CC","Aguas_residuais","Torpidos","20.1",40,17,NA,NA,"",NA,NA,NA,"Sim","Sim",NA,"Sim","Sim","","","","","","Diocreciano Inocêncio","","uuid:8d0b0cc3-98e8-473a-9631-282ebd615e77"
"03/25/2025","IDSW100011",-25.9189974,32.5388759,13.6,4.9,"Maputo Cidade","kamubukwana","ETAR","Cam_Cistern_CC","Aguas_residuais","Moore_swab","20.1",40,17,NA,NA,"",NA,NA,NA,"Sim","Sim",NA,"Sim","Sim","","","Sim","","","Diocreciano Inocêncio","","uuid:6c7161f0-f2ce-46b8-978f-ee20471036da"
"03/25/2025","IDSW100012",-25.9189833,32.5389117,26.9,4.4,"Maputo Cidade","kamubukwana","ETAR","Cam_Cistern_CC","Aguas_residuais","Grag_sample","20.1",40,17,NA,NA,"",NA,NA,NA,"Sim","Sim",NA,"Sim","Sim","","","Sim","","","Diocreciano Inocêncio","","uuid:a5c6ccdb-4765-4c41-b1c2-c56e38d2a163"
"03/25/2025","IDSW100013",-25.9184551,32.5392905,29.5,4.5,"Maputo Cidade","kamubukwana","ETAR","Entrada_ETAR","Aguas_residuais","Torpidos","20.1",40,17,NA,NA,"",NA,NA,NA,"Sim","Sim",NA,"Sim","Sim","","Sim","Sim","","","Diocreciano/Inocêncio","","uuid:9311414d-4fe7-4934-8c9a-41b47d5f4185"
"03/25/2025","IASW100014",-25.9184575,32.5391355,29.2,4.2,"Maputo Cidade","kamubukwana","ETAR","Entrada_ETAR","Aguas_residuais","Moore_swab","20.1",40,17,NA,NA,"",NA,NA,NA,"Sim","Sim",NA,"Sim","Sim","","Sim","Sim","","","Diocreciano Inocêncio","","uuid:4868c1f2-4e77-4db5-8a39-aa508a0984d5"
"03/25/2025","IDSW100015",-25.9183639,32.5391879,28.4,3.55,"Maputo Cidade","kamubukwana","ETAR","Entrada_ETAR","Aguas_residuais","Grag_sample","20.1",40,17,NA,NA,"",NA,NA,NA,"Sim","Sim",NA,"Sim","Sim","","Sim","Sim","","","DIOCRECIANO INOCÊNCIO","","uuid:ff42a7d4-8212-484a-8776-d6c64b1fe893"
"03/25/2025","IDSW100016",-25.9177106,32.5383676,25.7000007629,4.916,"Maputo Cidade","kamubukwana","ETAR","Vala_esgoto_VE","Aguas_residuais","Torpidos","20.1",40,17,NA,NA,"",NA,NA,NA,"Sim","Sim",NA,"Sim","Sim","","Nao","","","","DIOCRECIANO INOCÊNCIO","","uuid:403c9b02-0546-4cd2-9faa-a4f99ee66ff7"
"03/25/2025","IDSW100017",-25.9177628,32.538295,25.7000007629,2.983,"Maputo Cidade","kamubukwana","ETAR","Vala_esgoto_VE","Aguas_residuais","Moore_swab","20.1",40,17,NA,NA,"",NA,NA,NA,"Sim","Sim",NA,"Sim","Sim","","Sim","Sim","","","Diocreciano Inocêncio","","uuid:4be07008-e085-4f4e-8003-bf5308c3c2c6"
"03/25/2025","IDSW100018",-25.9177429,32.5382996,25.6000003815,2.76,"Maputo Cidade","kamubukwana","ETAR","Vala_esgoto_VE","Aguas_residuais","Grag_sample","20.1",40,17,NA,NA,"",NA,NA,NA,"Sim","Sim",NA,"Sim","Sim","","Sim","Sim","","","Diocreciano Inocêncio","","uuid:d5c5a49a-6fc4-4925-b333-6d2caa15990c"
"04/01/2025","IDSW100019",-25.9190344,32.5389174,20.5,4.05,"Maputo Cidade","kamubukwana","ETAR","Cam_Cistern_CC","Aguas_residuais","Torpidos","20.1",17,40,NA,NA,"",NA,NA,NA,"Sim","Sim",NA,"Sim","Sim","","","","","","INOCÊNCIO","","uuid:c08deb6f-e99f-4434-b61b-1bcb0bd6896e"
"04/01/2025","IDSW100020",-25.9189966,32.5389543,37.3,4.433,"Maputo Cidade","kamubukwana","ETAR","Cam_Cistern_CC","Aguas_residuais","Moore_swab","20.1",40,17,NA,NA,"",NA,NA,NA,"Sim","Sim",NA,"Sim","Sim","","Sim","Sim","","","Inocêncio","","uuid:c086fdcb-faed-406b-8b3a-e5c25da8d190"
"04/01/2025","IDSW100021",-25.9188686,32.5389353,23.1,4.133,"Maputo Cidade","kamubukwana","ETAR","Cam_Cistern_CC","Aguas_residuais","Grag_sample","20.1",40,17,NA,NA,"",NA,NA,NA,"Sim","Sim",NA,"Sim","Sim","","Sim","Sim","","","INOCÊNCIO","","uuid:985c301f-9e53-4bfa-8c91-c8cdc2ba5bb9"
"04/01/2025","IDSW100022",-25.9183456,32.5392557,25,4.95,"Maputo Cidade","kamubukwana","ETAR","Entrada_ETAR","Aguas_residuais","Moore_swab","20.1",40,17,NA,NA,"",NA,NA,NA,"Sim","Sim",NA,"Sim","Sim","","Sim","Sim","","","INOCÊNCIO","","uuid:bde3ee18-2e25-4dfe-bc3b-5353dc0d3f65"
"04/01/2025","IDSW100023",-25.9184386,32.5392567,25.4,4.96,"Maputo Cidade","kamubukwana","ETAR","Entrada_ETAR","Aguas_residuais","Torpidos","20.1",40,17,NA,NA,"",NA,NA,NA,"Sim","Sim",NA,"Sim","Sim","","","","","","INOCÊNCIO","","uuid:05ba749f-cd5f-4c59-bb57-0e30b8797251"
"04/01/2025","IDSW100024",-25.918345,32.5393948,28.9,7.3,"Maputo Cidade","kamubukwana","ETAR","Entrada_ETAR","Aguas_residuais","Grag_sample","20.1",40,17,NA,NA,"",NA,NA,NA,"Sim","Sim",NA,"Sim","Sim","","Sim","Sim","","","INOCÊNCIO","","uuid:a34021c6-a477-45cd-914b-3fbbbebcdc93"
"04/01/2025","IDSW100025",-25.9177907,32.5383454,39.6,4.883,"Maputo Cidade","kamubukwana","ETAR","Vala_esgoto_VE","Aguas_residuais","Moore_swab","20.1",40,17,NA,NA,"",NA,NA,NA,"Sim","Sim",NA,"Sim","Sim","","Sim","Sim","","","INOCÊNCIO","","uuid:95f2f155-93e8-4370-86c9-9c379e556c28"
"04/01/2025","IDSW100026",-25.9177509,32.5383532,32.9,4.74,"Maputo Cidade","kamubukwana","ETAR","Vala_esgoto_VE","Aguas_residuais","Torpidos","20.1",40,17,NA,NA,"",NA,NA,NA,"Sim","Sim",NA,"Sim","Sim","","","","","","INOCÊNCIO","","uuid:bd6f3cfa-d806-451a-9475-36d1b915044a"
"04/01/2025","IDSW100027",-25.917754,32.5383433,31.8,4.88,"Maputo Cidade","kamubukwana","ETAR","Vala_esgoto_VE","Aguas_residuais","Grag_sample","20.1",40,17,NA,NA,"",NA,NA,NA,"Sim","Sim",NA,"Sim","Sim","","Sim","Sim","","","INOCÊNCIO","","uuid:80065cac-7821-4bb7-8b18-8060e579b291"
"04/09/2025","IDSW100028",-25.9189917,32.5389317,72.6999969482,4.1,"Maputo Cidade","kamubukwana","ETAR","Cam_Cistern_CC","Aguas_residuais","Torpidos","34",40,77,NA,NA,"",NA,NA,NA,"Sim","Sim",NA,"Sim","Sim","","","","","","INOCÊNCIO","","uuid:0d196832-252f-4c41-a0f1-cc48e2dd4bb1"
"04/09/2025","IDSW100029",-25.9190254,32.5389076,34.9,4.94,"Maputo Cidade","kamubukwana","ETAR","Cam_Cistern_CC","Aguas_residuais","Moore_swab","34",40,77,NA,NA,"",NA,NA,NA,"Sim","Sim",NA,"Sim","Sim","","Sim","Sim","","","INOCÊNCIO","","uuid:4a70ec88-8b54-4e75-804b-c47529b9b0df"
"04/09/2025","IDSW100030",-25.9190217,32.5388503,96.9,3,"Maputo Cidade","kamubukwana","ETAR","Cam_Cistern_CC","Aguas_residuais","Grag_sample","34",40,77,NA,NA,"",NA,NA,NA,"Sim","Sim",NA,"Sim","Sim","","Sim","Sim","","","INOCÊNCIO","","uuid:1686fafb-2526-4e55-8479-38919ed31a6a"
"04/09/2025","IDSW100031",-25.9181243,32.5388671,164.4,4.733,"Maputo Cidade","kamubukwana","ETAR","Entrada_ETAR","Aguas_residuais","Torpidos","34",40,77,NA,NA,"",NA,NA,NA,"Sim","Sim",NA,"Sim","Sim","","","","","","INOCÊNCIO","","uuid:7532c300-112a-42c5-ab35-7a155e3aee44"
"04/09/2025","IDSW100032",-25.9181876,32.5388922,162.8,4.966,"Maputo Cidade","kamubukwana","ETAR","Entrada_ETAR","Aguas_residuais","Moore_swab","34",40,77,NA,NA,"",NA,NA,NA,"Sim","Sim",NA,"Sim","Sim","","Sim","Sim","","","INOCÊNCIO","","uuid:b406f4a8-3354-417b-90e9-78007edfac64"
"04/09/2025","IDSW100033",-25.9183891,32.5390815,115.3,4.933,"Maputo Cidade","kamubukwana","ETAR","Entrada_ETAR","Aguas_residuais","Grag_sample","34",40,77,NA,NA,"",NA,NA,NA,"Sim","Sim",NA,"Sim","Sim","","Sim","Sim","","","INOCÊNCIO","","uuid:684fe6de-baee-47fa-ab20-ece8a6d6d012"
"04/09/2025","IDSW100034",-25.91777,32.5382833,25.8000011444,4.5,"Maputo Cidade","kamubukwana","ETAR","Vala_esgoto_VE","Aguas_residuais","Grag_sample","34",40,77,NA,NA,"",NA,NA,NA,"Sim","Sim",NA,"Sim","Sim","","Sim","Sim","","","INOCÊNCIO","","uuid:d669bdd8-b479-4d9c-88b7-4805df7fab7a"
"04/15/2025","IDSW100035",-25.9189537,32.5389179,24.7,4.866,"Maputo Cidade","kamubukwana","ETAR","Cam_Cistern_CC","Aguas_residuais","Torpidos","27.1",40,77,NA,NA,"",NA,NA,NA,"Sim","Sim",NA,"Sim","Sim","","","","","","INOCÊNCIO","","uuid:b3d4a56d-2505-424e-bb2d-9d1349a15ea9"
"04/15/2025","IDSW100036",-25.9190657,32.5388854,31.3,4.966,"Maputo Cidade","kamubukwana","ETAR","Cam_Cistern_CC","Aguas_residuais","Moore_swab","27.1",40,77,NA,NA,"",NA,NA,NA,"Sim","Sim",NA,"Sim","Sim","","Sim","Sim","","","INOCÊNCIO","","uuid:78f8919f-fcd4-42b6-99bf-20a71a957545"
"04/15/2025","IDSW100037",-25.9190137,32.5388681,29.6,4.5,"Maputo Cidade","kamubukwana","ETAR","Cam_Cistern_CC","Aguas_residuais","Grag_sample","27.1",40,77,NA,NA,"",NA,NA,NA,"Sim","Sim",NA,"Sim","Sim","Nao","Sim","Sim","","","Diocreciano Inocêncio","","uuid:552a3896-6aa0-44f0-972e-fbf1a29ae558"
"04/15/2025","IDSW100038",-25.9184918,32.5391298,28.9,4.783,"Maputo Cidade","kamubukwana","ETAR","Entrada_ETAR","Aguas_residuais","Torpidos","27.1",40,77,NA,NA,"",NA,NA,NA,"Sim","Sim",NA,"Sim","Sim","Nao","Nao","Nao","","","Diocreciano Inocêncio","","uuid:73e5f4c8-882f-4007-8848-cfab3142a9e1"
"04/15/2025","IDSW100039",-25.9184089,32.5392307,28.8,4.865,"Maputo Cidade","kamubukwana","ETAR","Entrada_ETAR","Aguas_residuais","Moore_swab","27.1",40,77,NA,NA,"",NA,NA,NA,"Sim","Sim",NA,"Sim","Sim","Nao","Sim","Sim","","","Diocreciano Inocêncio","","uuid:82160380-8571-41ce-83f1-02363ad06960"
"04/15/2025","IDSW100040",-25.9183724,32.5391634,28.3,4.85,"Maputo Cidade","kamubukwana","ETAR","Entrada_ETAR","Aguas_residuais","Grag_sample","27.1",40,77,NA,NA,"",NA,NA,NA,"Sim","Sim",NA,"Sim","Sim","Nao","Sim","Sim","","","Diocreciano Inocêncio","","uuid:6c2fe8cb-4f66-4fec-b522-757d16d14e57"
"04/15/2025","IDSW100041",-25.9177275,32.5383486,10,4.833,"Maputo Cidade","kamubukwana","ETAR","Vala_esgoto_VE","Aguas_residuais","Torpidos","27.1",40,77,NA,NA,"",NA,NA,NA,"Sim","Sim",NA,"Sim","Sim","Nao","Nao","Nao","","","Diocreciano Inocêncio","","uuid:1f8a5111-4ddb-4488-89eb-b8ba81edeb10"
"04/15/2025","IDSW100042",-25.917764,32.5384224,9.5,4.54,"Maputo Cidade","kamubukwana","ETAR","Vala_esgoto_VE","Aguas_residuais","Moore_swab","27.1",40,77,NA,NA,"",NA,NA,NA,"Sim","Sim",NA,"Sim","Sim","Nao","Sim","Sim","","","Diocreciano Inocêncio","","uuid:1a2c0515-6a82-4faa-abbf-14c0a19c6bae"
"04/15/2025","IDSW100043",-25.9177527,32.5383331,9.3,4.75,"Maputo Cidade","kamubukwana","ETAR","Vala_esgoto_VE","Aguas_residuais","Grag_sample","27.1",40,77,NA,NA,"",NA,NA,NA,"Sim","Sim",NA,"Sim","Sim","Nao","Sim","Sim","","","Diocreciano Inocêncio","","uuid:7f75b43c-a235-4d87-a833-e56785331398"
"04/22/2025","IDSW100044",-25.9189141,32.5390088,27.4,4.35,"Maputo Cidade","kamubukwana","ETAR","Cam_Cistern_CC","Aguas_residuais","Torpidos","33.5",40,77,NA,NA,"",NA,NA,NA,"Sim","Sim",NA,"Sim","Sim","Nao","Nao","Nao","","","INOCÊNCIO","","uuid:98d1dd7a-9353-4359-bf34-d4efa909498d"
"04/22/2025","IDSW100045",-25.918933,32.539078,27.5,4.46,"Maputo Cidade","kamubukwana","ETAR","Cam_Cistern_CC","Aguas_residuais","Moore_swab","33.5",40,77,NA,NA,"",NA,NA,NA,"Sim","Sim",NA,"Sim","Sim","Nao","Sim","Sim","Nao","","INOCÊNCIO","","uuid:0fa8f943-8d6e-4abf-9597-7304b7ef3d10"
"04/22/2025","IDSW100046",-25.9189402,32.5389972,27.5,4.7,"Maputo Cidade","kamubukwana","ETAR","Cam_Cistern_CC","Aguas_residuais","Grag_sample","33.5",40,77,NA,NA,"",NA,NA,NA,"Sim","Sim",NA,"Sim","Sim","Nao","","","","","","","uuid:5aed7f77-5a0d-47a8-b612-d2c010e70beb"
"04/22/2025","IDSW100047",-25.9183156,32.5391388,58.2,4.7,"Maputo Cidade","kamubukwana","ETAR","Entrada_ETAR","Aguas_residuais","Torpidos","33.5",40,77,NA,NA,"",NA,NA,NA,"Sim","Sim",NA,"Sim","Sim","Nao","Nao","Nao","Nao","","INOCÊNCIO","","uuid:cd8fba8f-90fc-4965-a694-8939c9b73db4"
"04/22/2025","IDSW100048",-25.9180811,32.5393655,59.1,4.98,"Maputo Cidade","kamubukwana","ETAR","Entrada_ETAR","Aguas_residuais","Moore_swab","33.5",40,77,NA,NA,"",NA,NA,NA,"Sim","Sim",NA,"Sim","Sim","Nao","Sim","Sim","Nao","","INOCÊNCIO","","uuid:515aacc7-74f3-4402-a959-943bdd7443a8"
"04/22/2025","IDSW100049",-25.9180933,32.5393139,59.1,4.72,"Maputo Cidade","kamubukwana","ETAR","Entrada_ETAR","Aguas_residuais","Grag_sample","33.5",40,77,NA,NA,"",NA,NA,NA,"Sim","Sim",NA,"Sim","Sim","Nao","Sim","Sim","Nao","","INOCÊNCIO","","uuid:2eb1244e-aa5c-4617-88c5-2bfaf7202e1c"
"04/22/2025","IDSW100050",-25.9174455,32.538436,25.7000007629,4.85,"Maputo Cidade","kamubukwana","ETAR","Vala_esgoto_VE","Aguas_residuais","Moore_swab","33.5",40,77,NA,NA,"",NA,NA,NA,"Sim","Sim",NA,"Sim","Sim","Nao","Sim","Sim","Nao","","INOCÊNCIO","","uuid:dd859ac4-56a4-4321-9b91-00a7cc59b7b7"
"04/22/2025","IDSW100051",-25.9174786,32.5384315,25.8000011444,4.883,"Maputo Cidade","kamubukwana","ETAR","Vala_esgoto_VE","Aguas_residuais","Grag_sample","33.5",40,77,NA,NA,"",NA,NA,NA,"Sim","Sim",NA,"Sim","Sim","Nao","Sim","Sim","Nao","","INOCÊNCIO","","uuid:f168ff60-6bdc-41b0-90bc-7f272b467c1e"
"04/29/2025","IDSW100052",-25.9177364,32.5383756,10.2,4.983,"Maputo Cidade","kamubukwana","ETAR","Vala_esgoto_VE","Aguas_residuais","Torpidos","18.9",40,17,NA,NA,"",NA,NA,NA,"Sim","Sim",NA,"Sim","Sim","Nao","Nao","Nao","Nao","","INOCÊNCIO","","uuid:8ede8826-a5fb-4d3f-8a6e-2621c82f7d3e"
"04/29/2025","IDSW100053",-25.9177826,32.5383336,11.1,4.966,"Maputo Cidade","kamubukwana","ETAR","Vala_esgoto_VE","Aguas_residuais","Moore_swab","18.9",40,17,NA,NA,"",NA,NA,NA,"Sim","Sim",NA,"Sim","Sim","","Sim","Sim","","","INOCÊNCIO","","uuid:a33f46bd-da2c-4459-8d86-ad782f483563"
"04/29/2025","IDSW100055",-25.9183466,32.5392473,11.1,4.9,"Maputo Cidade","kamubukwana","ETAR","Entrada_ETAR","Aguas_residuais","Torpidos","18.9",40,17,NA,NA,"",NA,NA,NA,"Sim","Sim",NA,"Sim","Sim","","","","","","INOCÊNCIO","","uuid:75d5f768-e84f-4562-b707-6d8f476a7c1c"
"04/29/2025","IDSW100056",-25.9184492,32.5392909,11.1,4.8,"Maputo Cidade","kamubukwana","ETAR","Entrada_ETAR","Aguas_residuais","Moore_swab","18.9",40,17,NA,NA,"",NA,NA,NA,"Sim","Sim",NA,"Sim","Sim","","Sim","Sim","","","INOCÊNCIO","","uuid:6f1b5381-9bdf-4be7-8967-e8c6700057dc"
"04/29/2025","IDSW100057",-25.9183249,32.5392684,11.1,4.216,"Maputo Cidade","kamubukwana","ETAR","Entrada_ETAR","Aguas_residuais","Grag_sample","18.9",40,17,NA,NA,"",NA,NA,NA,"Sim","Sim",NA,"Sim","Sim","","Sim","Sim","","","INOCÊNCIO","","uuid:bbc25bb9-6ecc-45aa-bf03-f48d91ba1cd5"
"04/29/2025","IDSW100058",-25.9189429,32.5390805,11.1,4.666,"Maputo Cidade","kamubukwana","ETAR","Cam_Cistern_CC","Aguas_residuais","Torpidos","18.9",40,17,NA,NA,"",NA,NA,NA,"Sim","Sim",NA,"Sim","Sim","","","","","","INOCÊNCIO e Diocreciano","","uuid:98e90c9e-d8a5-49e4-a139-93cd04b67ef3"
"04/29/2025","IDSW100059",-25.9189634,32.5390068,11.2,4.52,"Maputo Cidade","kamubukwana","ETAR","Cam_Cistern_CC","Aguas_residuais","Moore_swab","18.9",40,17,NA,NA,"",NA,NA,NA,"Sim","Sim",NA,"Sim","Sim","Nao","Sim","Sim","","","INOCÊNCIO e DIOCRECIANO","","uuid:f1eac912-93b2-4d82-a0e0-a668ace88fef"
"04/29/2025","IDSW100060",-25.9189357,32.5391135,11.1,4.64,"Maputo Cidade","kamubukwana","ETAR","Cam_Cistern_CC","Aguas_residuais","Grag_sample","18.9",40,17,NA,NA,"",NA,NA,NA,"Sim","Sim",NA,"Sim","Sim","Nao","Sim","Sim","","","Inovação e Diocreciano","","uuid:95a87aa8-6515-47bf-8878-9e0dfda7df63"
"04/29/2025","IDSW100054",-25.9179659,32.5380863,-65.1,4.72,"Maputo Cidade","kamubukwana","ETAR","Vala_esgoto_VE","Aguas_residuais","Grag_sample","18.9",40,17,NA,NA,"",NA,NA,NA,"Sim","Sim",NA,"Sim","Sim","Nao","Sim","Sim","","","INOCÊNCIO","","uuid:9d6de6f8-923f-4e31-8b92-658890e734b1"
"05/06/2025","IDSW100062",-25.9189137,32.5384387,35.8,4.9,"Maputo Cidade","kamubukwana","ETAR","Cam_Cistern_CC","Aguas_residuais","Moore_swab","33.4",40,67,NA,NA,"",NA,NA,NA,"Sim","Sim",NA,"Sim","Sim","Nao","Sim","Sim","","","INOCÊNCIO","","uuid:bd99adbe-a414-4768-8796-52c6906194b6"
"05/06/2025","IDSW100063",-25.918986,32.5386555,35.7,4.983,"Maputo Cidade","kamubukwana","ETAR","Cam_Cistern_CC","Aguas_residuais","Grag_sample","33.4",40,67,NA,NA,"",NA,NA,NA,"Sim","Sim",NA,"Sim","Sim","Nao","Sim","Sim","","","INOCÊNCIO","","uuid:ef7a1473-9856-4c6d-b87b-283633d9cff9"
"05/06/2025","IDSW100064",-25.91828,32.5387733,35.5,4.8,"Maputo Cidade","kamubukwana","ETAR","Entrada_ETAR","Aguas_residuais","Torpidos","33.4",40,67,NA,NA,"",NA,NA,NA,"Sim","Sim",NA,"Sim","Sim","Nao","Nao","Nao","","","INOCÊNCIO","","uuid:e1619efd-a139-4414-aed6-34a555573ffb"
"05/06/2025","IDSW100065",-25.918302,32.5396129,35,4.866,"Maputo Cidade","kamubukwana","ETAR","Entrada_ETAR","Aguas_residuais","Moore_swab","33.4",40,67,NA,NA,"",NA,NA,NA,"Sim","Sim",NA,"Sim","Sim","Nao","Sim","Sim","","","INOCÊNCIO","","uuid:2272c37b-17c3-41dc-88a8-9d420fae49a2"
"05/06/2025","IDSW100066",-25.9183152,32.5392685,34.5,4.583,"Maputo Cidade","kamubukwana","ETAR","Entrada_ETAR","Aguas_residuais","Grag_sample","33.4",40,67,NA,NA,"",NA,NA,NA,"Sim","Sim",NA,"Sim","Sim","Nao","Sim","Sim","","","INOCÊNCIO","","uuid:6f591997-b72d-488e-9621-ce01a4c496bc"
"05/06/2025","IDSW100067",-25.9176265,32.5383152,25.8000011444,4.75,"Maputo Cidade","kamubukwana","ETAR","Vala_esgoto_VE","Aguas_residuais","Grag_sample","33.4",40,67,NA,NA,"",NA,NA,NA,"Sim","Sim",NA,"Sim","Sim","Nao","Sim","Sim","","","INOCÊNCIO","","uuid:b8e837c1-78df-438a-b2a3-6315dcf7030c"
"05/06/2025","IDSW100061",-25.9189983,32.5388383,73.0999984741,3.8,"Maputo Cidade","kamubukwana","ETAR","Cam_Cistern_CC","Aguas_residuais","Torpidos","33.4",40,67,NA,NA,"",NA,NA,NA,"Sim","Sim",NA,"Sim","Sim","Nao","Nao","Nao","","","INOCÊNCIO","","uuid:81bb6697-aed6-4ac6-b972-726ccbfbcb09"
"05/13/2025","IDSW100068",-25.9190577,32.5389353,12.5,4.9,"Maputo Cidade","kamubukwana","ETAR","Cam_Cistern_CC","Aguas_residuais","Torpidos","25.6",40,57,NA,NA,"",NA,NA,NA,"Sim","Sim",NA,"Sim","Sim","","","","","","INOCÊNCIO","","uuid:4aed3bb5-d8b4-492b-99ee-14cd632d945d"
"05/13/2025","IDSW100069",-25.9190357,32.5389199,15.4,4.766,"Maputo Cidade","kamubukwana","ETAR","Cam_Cistern_CC","Aguas_residuais","Moore_swab","25.6",40,57,NA,NA,"",NA,NA,NA,"Sim","Sim",NA,"Sim","Sim","","Sim","Sim","","","INOCÊNCIO","","uuid:bd3d868d-25c4-4752-8272-c7c042c1d4a5"
"05/13/2025","IDSW100070",-25.9189744,32.5389043,17.8,4.925,"Maputo Cidade","kamubukwana","ETAR","Cam_Cistern_CC","Aguas_residuais","Grag_sample","25.6",40,57,NA,NA,"",NA,NA,NA,"Sim","Sim",NA,"Sim","Sim","","Sim","Sim","","","INOCÊNCIO","","uuid:988a1bb5-3b08-4130-abdc-cb1b9a17efa4"
"05/13/2025","IDSW100071",-25.918444,32.5392476,8.8,4.84,"Maputo Cidade","kamubukwana","ETAR","Entrada_ETAR","Aguas_residuais","Torpidos","25.6",40,57,NA,NA,"",NA,NA,NA,"Sim","Sim",NA,"Sim","Sim","","","","","","INOCÊNCIO","","uuid:d9040fad-15eb-4d76-b703-eb41ca2c1e2a"
"05/13/2025","IDSW100072",-25.9184465,32.5392338,9.9,4.766,"Maputo Cidade","kamubukwana","ETAR","Entrada_ETAR","Aguas_residuais","Moore_swab","25.6",40,57,NA,NA,"",NA,NA,NA,"Sim","Sim",NA,"Sim","Sim","","Sim","Sim","","","INOCÊNCIO","","uuid:9e97ccd2-8c30-4d90-9726-091be2711238"
"05/13/2025","IDSW100073",-25.9184633,32.5392043,9.7,4.8,"Maputo Cidade","kamubukwana","ETAR","Entrada_ETAR","Aguas_residuais","Grag_sample","25.6",40,57,NA,NA,"",NA,NA,NA,"Sim","Sim",NA,"Sim","Sim","","Sim","Sim","","","INOCÊNCIO","","uuid:44150237-4f38-4542-bff7-fc8d536dfa23"
"05/13/2025","IDSW100074",-25.917525,32.538225,67.4,4.8,"Maputo Cidade","kamubukwana","ETAR","Vala_esgoto_VE","Aguas_residuais","Torpidos","25.6",40,57,NA,NA,"",NA,NA,NA,"Sim","Sim",NA,"Sim","Sim","","Sim","Sim","","","INOCÊNCIO","","uuid:539dc04c-d38f-455c-9257-24e56beb6ed3"
"05/13/2025","IDSW100075",-25.9175993,32.5382494,66.7,4.75,"Maputo Cidade","kamubukwana","ETAR","Vala_esgoto_VE","Aguas_residuais","Moore_swab","25.6",40,57,NA,NA,"",NA,NA,NA,"Sim","Sim",NA,"Sim","Sim","","Sim","Sim","","","INOCÊNCIO","","uuid:c7d4bdb5-559f-4f2f-8e56-38154a369060"
"05/13/2025","IDSW100076",-25.9175545,32.5381683,67,4.96,"Maputo Cidade","kamubukwana","ETAR","Vala_esgoto_VE","Aguas_residuais","Grag_sample","25.6",40,57,NA,NA,"",NA,NA,NA,"Sim","Sim",NA,"Sim","Sim","","Sim","Sim","","","INOCÊNCIO","","uuid:ad4ad6a6-517a-4447-a04d-f7d09aa5cc10"
"05/20/2025","IDSW100121",-25.919035,32.538925,-22.1000003815,4.9,"Maputo Cidade","kamubukwana","ETAR","Cam_Cistern_CC","Aguas_residuais","Torpidos","35.1",40,67,NA,NA,"",NA,NA,NA,"Sim","Sim",NA,"Sim","Sim","","Nao","Nao","","","INOCÊNCIO","","uuid:026e7aa7-e50d-4081-aa43-bd0558db1a14"
"05/20/2025","IDSW100122",-25.9189937,32.5389335,-22.1000003815,4.66,"Maputo Cidade","kamubukwana","ETAR","Cam_Cistern_CC","Aguas_residuais","Moore_swab","35.1",40,67,NA,NA,"",NA,NA,NA,"Sim","Sim",NA,"Sim","Sim","","Nao","","","","INOCÊNCIO","","uuid:d78730c9-3e7f-43d2-ac6d-609724eb14a6"
"05/20/2025","IDSW100123",-25.9190454,32.5388999,48.6,4.86,"Maputo Cidade","kamubukwana","ETAR","Cam_Cistern_CC","Aguas_residuais","Grag_sample","35.1",40,67,NA,NA,"",NA,NA,NA,"Sim","Sim",NA,"Sim","Sim","","","","","","INOCÊNCIO","","uuid:361cdcb6-e946-44df-b4e6-b5d59eb307c9"
"05/20/2025","IDSW100124",-25.9184251,32.5392253,47,4.9,"Maputo Cidade","kamubukwana","ETAR","Entrada_ETAR","Aguas_residuais","Torpidos","35.1",40,67,NA,NA,"",NA,NA,NA,"Sim","Sim",NA,"Sim","Sim","","","","","","INOCÊNCIO","","uuid:846a021d-a9e1-4b33-841e-b287b9f4291c"
"05/20/2025","IDSW100125",-25.9184025,32.5392376,46.9,4.66,"Maputo Cidade","kamubukwana","ETAR","Entrada_ETAR","Aguas_residuais","Moore_swab","35.1",40,67,NA,NA,"",NA,NA,NA,"Sim","Sim",NA,"Sim","Sim","","Sim","Sim","","","INOCÊNCIO","","uuid:62e58319-3314-4e63-89ba-a96f2d3b1a83"
"05/20/2025","IDSW100126",-25.9184461,32.5391836,46.8,4.916,"Maputo Cidade","kamubukwana","ETAR","Entrada_ETAR","Aguas_residuais","Grag_sample","35.1",40,67,NA,NA,"",NA,NA,NA,"Sim","Sim",NA,"Sim","Sim","","Sim","Sim","","","INOCÊNCIO","","uuid:ddd88bbd-bdbc-4f1e-9b55-ba05903c88f4"
"05/20/2025","IDSW100128",-25.9177962,32.5382684,-22.1000003815,4.95,"Maputo Cidade","kamubukwana","ETAR","Vala_esgoto_VE","Aguas_residuais","Moore_swab","35.1",40,67,NA,NA,"",NA,NA,NA,"Sim","Sim",NA,"Sim","Sim","","Sim","Sim","","","INOCÊNCIO","","uuid:657501b6-3b14-46b5-b525-a141538680a0"
"05/20/2025","IDSW100127",-25.9177784,32.5383294,-22,4.8,"Maputo Cidade","kamubukwana","ETAR","Vala_esgoto_VE","Aguas_residuais","Torpidos","35.1",40,67,NA,NA,"",NA,NA,NA,"Sim","Sim",NA,"Sim","Sim","","Sim","Sim","","","INOCÊNCIO","","uuid:d4488fde-f7c7-4e18-8b50-02553d8c713c"
"05/20/2025","IDSW100129",-25.9177965,32.538299,-22,4.8,"Maputo Cidade","kamubukwana","ETAR","Vala_esgoto_VE","Aguas_residuais","Grag_sample","35.1",40,67,NA,NA,"",NA,NA,NA,"Sim","Sim",NA,"Sim","Sim","","Sim","Sim","Nao","","INOCÊNCIO","","uuid:5bebd392-daaf-4ec4-bac6-ca47d9fc9df3"
"05/27/2025","IDSW100081",-25.9190051,32.538917,26.4,4.916,"Maputo Cidade","kamubukwana","ETAR","Cam_Cistern_CC","Aguas_residuais","Torpidos","28.2",40,57,NA,NA,"",NA,NA,NA,"Sim","Sim",NA,"Sim","Sim","","Nao","","","","INOCÊNCIO","","uuid:8cacc3ce-f6e0-4ad4-b741-0fe99679709d"
"05/27/2025","IDSW100082",-25.9189199,32.5389614,27.9,4.7,"Maputo Cidade","kamubukwana","ETAR","Cam_Cistern_CC","Aguas_residuais","Moore_swab","40",40,28.2,NA,NA,"",NA,NA,NA,"Sim","Sim",NA,"Sim","Sim","","","","","","INOCÊNCIO","","uuid:82b53f0b-af1a-41e7-81e2-739b28ca1cda"
"05/27/2025","IDSW100083",-25.9190664,32.5390569,36.7,4.733,"Maputo Cidade","kamubukwana","ETAR","Cam_Cistern_CC","Aguas_residuais","Grag_sample","28.2",40,57,NA,NA,"",NA,NA,NA,"Sim","Sim",NA,"Sim","Sim","","","","","","INOCÊNCIO","","uuid:0f146e61-eb81-467b-8926-861e663b1b9b"
"05/27/2025","IDSW100084",-25.918588,32.5391847,32.7,4.483,"Maputo Cidade","kamubukwana","ETAR","Entrada_ETAR","Aguas_residuais","Torpidos","28.2",40,57,NA,NA,"",NA,NA,NA,"Sim","Sim",NA,"Sim","Sim","","","","","","INOCÊNCIO","","uuid:a0d0e9f5-a7f9-4d09-8275-4cd90e2f236e"
"05/27/2025","IDSW100085",-25.9185331,32.5392374,32.7,4.75,"Maputo Cidade","kamubukwana","ETAR","Entrada_ETAR","Aguas_residuais","Moore_swab","28.2",40,57,NA,NA,"",NA,NA,NA,"Sim","Sim",NA,"Sim","Sim","","","","","","INOCÊNCIO","","uuid:2b94caa3-7d03-4946-bed3-857ddb7a0dc9"
"05/27/2025","IDSW100086",-25.9185104,32.5391395,31.7,4.933,"Maputo Cidade","kamubukwana","ETAR","Entrada_ETAR","Aguas_residuais","Grag_sample","28.2",40,57,NA,NA,"",NA,NA,NA,"Sim","Sim",NA,"Sim","Sim","","","","","","INOCÊNCIO","","uuid:a2405ce0-efc9-463f-aaf1-2dc6e4f7f417"
"05/27/2025","IDSW100087",-25.9177561,32.5383291,29,4.82,"Maputo Cidade","kamubukwana","ETAR","Vala_esgoto_VE","Aguas_residuais","Torpidos","28.2",40,57,NA,NA,"",NA,NA,NA,"Sim","Sim",NA,"Sim","Sim","","","","","","INOCÊNCIO","","uuid:4d651733-3320-4f31-ae46-0538457e51a9"
"05/27/2025","IDSW100088",-25.9178644,32.5382999,28.4,4.666,"Maputo Cidade","kamubukwana","ETAR","Vala_esgoto_VE","Aguas_residuais","Moore_swab","28,2",40,57,NA,NA,"",NA,NA,NA,"Sim","Sim",NA,"Sim","Sim","","","","","","INOCÊNCIO","","uuid:fcec9ac7-1046-4fa4-a564-d04d1193e452"
"05/27/2025","IDSW100089",-25.9177443,32.5383593,28.1,4.7,"Maputo Cidade","kamubukwana","ETAR","Vala_esgoto_VE","Aguas_residuais","Grag_sample","28.2",40,57,NA,NA,"",NA,NA,NA,"Sim","Sim",NA,"Sim","Sim","","","","","","INOCÊNCIO","","uuid:e4f81bf3-6213-4a1d-8866-2bf22740caa3"
"06/03/2025","IDSW100090",-25.9190229,32.5389641,25.3000011444,4,"Maputo Cidade","kamubukwana","ETAR","Cam_Cistern_CC","Aguas_residuais","Torpidos","30.2",40,57,NA,NA,"",NA,NA,NA,"Sim","Sim",NA,"Sim","Sim","","","","","","INOCÊNCIO","","uuid:7935d9e4-6e3c-42f5-baad-46abe0319c0e"
"06/03/2025","IDSW100091",-25.9190072,32.5389665,25.3000011444,4.333,"Maputo Cidade","kamubukwana","ETAR","Cam_Cistern_CC","Aguas_residuais","Moore_swab","30.2",40,57,NA,NA,"",NA,NA,NA,"Sim","Sim",NA,"Sim","Sim","","Sim","Sim","","","INOCÊNCIO","","uuid:50b56ca9-11bd-47a2-ac99-8c9f8cd996c2"
"06/03/2025","IDSW100092",-25.9189898,32.5389645,25.3000011444,4.45,"Maputo Cidade","kamubukwana","ETAR","Cam_Cistern_CC","Aguas_residuais","Grag_sample","30.2",40,57,NA,NA,"",NA,NA,NA,"Sim","Sim",NA,"Sim","Sim","","Sim","Sim","","","INOCÊNCIO","","uuid:7c3b9a88-5fa6-49e7-a893-58b1b9c5ac87"
"06/03/2025","IDSW100093",-25.9184,32.5392395,34.2,4.95,"Maputo Cidade","kamubukwana","ETAR","Entrada_ETAR","Aguas_residuais","Torpidos","30.2",40,57,NA,NA,"",NA,NA,NA,"Sim","Sim",NA,"Sim","Sim","","","","","","INOCÊNCIO","","uuid:50f69805-b20a-4460-ab81-a86ef15ebe49"
"06/03/2025","IDSW100094",-25.9184684,32.5392391,34.9,4.95,"Maputo Cidade","kamubukwana","ETAR","Entrada_ETAR","Aguas_residuais","Moore_swab","30.2",40,57,NA,NA,"",NA,NA,NA,"Sim","Sim",NA,"Sim","Sim","","Sim","Sim","","","INOCÊNCIO","","uuid:2b966757-43fc-49e7-9fe7-69ff79bb3053"
"06/03/2025","IDSW100095",-25.9185237,32.539105,34.4,4.983,"Maputo Cidade","kamubukwana","ETAR","Entrada_ETAR","Aguas_residuais","Grag_sample","30.2",40,57,NA,NA,"",NA,NA,NA,"Sim","Sim",NA,"Sim","Sim","","Sim","Sim","","","INOCÊNCIO","","uuid:16fe7a38-1231-4ef1-a45d-c5605301c23a"
"06/03/2025","IDSW100096",-25.9177934,32.5383044,43.7,4.816,"Maputo Cidade","kamubukwana","ETAR","Vala_esgoto_VE","Aguas_residuais","Torpidos","30.2",40,57,NA,NA,"",NA,NA,NA,"Sim","Sim",NA,"Sim","Sim","","","","","","INOCÊNCIO","","uuid:9e40b33a-7714-49cd-8b59-200ccf32a200"
"06/03/2025","IDSW100097",-25.9178411,32.5383293,45,4.85,"Maputo Cidade","kamubukwana","ETAR","Vala_esgoto_VE","Aguas_residuais","Moore_swab","30.2",40,57,NA,NA,"",NA,NA,NA,"Sim","Sim",NA,"Sim","Sim","","Sim","Sim","","","INOCÊNCIO","","uuid:e04f323b-6d2c-4654-b889-aa4513a6f436"
"06/03/2025","IDSW100098",-25.8860105,32.5650176,81,8.4,"Maputo Cidade","kamubukwana","ETAR","Vala_esgoto_VE","Aguas_residuais","Grag_sample","28.2",40,57,NA,NA,"",NA,NA,NA,"Sim","Sim",NA,"Sim","Sim","Nao","Nao","Nao","Nao","","INOCÊNCIO","","uuid:b0c42eca-1b24-4883-8484-795181ffa534"
"06/10/2025","IDSW100101",-25.9190293,32.5389589,21.6,4.95,"Maputo Cidade","kamubukwana","ETAR","Cam_Cistern_CC","Aguas_residuais","Grag_sample","27,1",40,27,NA,NA,"",NA,NA,NA,"Sim","Sim",NA,"Sim","Sim","","","","","","INOCÊNCIO","","uuid:469e05eb-1aad-42dd-9d56-eb6f494d0954"
"06/10/2025","IDSW100102",-25.9181283,32.5395831,22.2,4.68,"Maputo Cidade","kamubukwana","ETAR","Entrada_ETAR","Aguas_residuais","Torpidos","27.1",40,27,NA,NA,"",NA,NA,NA,"Sim","Sim",NA,"Sim","Sim","","","","","","INOCÊNCIO","","uuid:0115b8d2-17a4-474c-bc1b-6a60d41d9196"
"06/10/2025","IDSW100103",-25.9184577,32.5392586,22,4.72,"Maputo Cidade","kamubukwana","ETAR","Entrada_ETAR","Aguas_residuais","Moore_swab","27.1",40,27,NA,NA,"",NA,NA,NA,"Sim","Sim",NA,"Sim","Sim","","","","","","INOCÊNCIO","","uuid:a71db337-6c90-4df6-beea-f62b350a1fbe"
"06/10/2025","IDSW100104",-25.9186714,32.5387638,-42.9,4.78,"Maputo Cidade","kamubukwana","ETAR","Entrada_ETAR","Aguas_residuais","Grag_sample","27.1",40,27,NA,NA,"",NA,NA,NA,"Sim","Sim",NA,"Sim","Sim","","","","","","INOCÊNCIO","","uuid:3afa323c-8c8b-427e-87dc-982c32c9e64a"
"06/10/2025","IDSW100105",-25.9177191,32.5380496,-42.8,5,"Maputo Cidade","kamubukwana","ETAR","Vala_esgoto_VE","Aguas_residuais","Torpidos","27.1",40,27,NA,NA,"",NA,NA,NA,"Sim","Sim",NA,"Sim","Sim","","","","","","INOCÊNCIO","","uuid:707f3f53-b063-4596-9dc3-210ef4852052"
"06/10/2025","IDSW100106",-25.9178012,32.5380334,-42.6,4.72,"Maputo Cidade","kamubukwana","ETAR","Vala_esgoto_VE","Aguas_residuais","Moore_swab","27.1",40,27,NA,NA,"",NA,NA,NA,"Sim","Sim",NA,"Sim","Sim","","","","","","INOCÊNCIO","","uuid:6ee503ff-631b-4c29-9c19-db6861145d7d"
"06/10/2025","IDSW100107",-25.9177811,32.5380069,-42.4,4.96,"Maputo Cidade","kamubukwana","ETAR","Vala_esgoto_VE","Aguas_residuais","Grag_sample","27.1",40,27,NA,NA,"",NA,NA,NA,"Sim","Sim",NA,"Sim","Sim","","","","","","INOCÊNCIO","","uuid:50b66ee9-3065-488d-8584-a705dec234ae"
"06/10/2025","IDSW100099",-25.9190098,32.5389049,19.5,4.916,"Maputo Cidade","kamubukwana","ETAR","Entrada_ETAR","Aguas_residuais","Torpidos","27,1",40,47,NA,NA,"",NA,NA,NA,"Sim","Sim",NA,"Sim","Sim","","","","","","INOCÊNCIO","","uuid:e9e4500a-dd72-41eb-bdb9-8849059465d9"
"06/10/2025","IDSW100100",-25.9190112,32.5388989,21.7,4.98,"Maputo Cidade","kamubukwana","ETAR","Cam_Cistern_CC","Aguas_residuais","Moore_swab","27,1",40,27,NA,NA,"",NA,NA,NA,"Sim","Sim",NA,"Sim","Sim","","","","","","INOCÊNCIO","","uuid:b0df05fb-bb2d-4966-b499-515955d12224"
"06/17/2025","IDSW100109",-25.9190265,32.5388978,32,4.742,"Maputo Cidade","kamubukwana","ETAR","Cam_Cistern_CC","Aguas_residuais","Moore_swab","25.1",40,51,NA,NA,"",NA,NA,NA,"Sim","Sim",NA,"Sim","Sim","Nao","Nao","Nao","Nao","","INOCÊNCIO","","uuid:9e442655-9bb6-472b-964f-1b1c87f2418f"
"06/17/2025","IDSW100110",-25.9189457,32.5388926,32.4,4.5,"Maputo Cidade","kamubukwana","ETAR","Cam_Cistern_CC","Aguas_residuais","Grag_sample","25.1",40,51,NA,NA,"",NA,NA,NA,"Sim","Sim",NA,"Sim","Sim","Nao","Nao","Nao","Nao","","INOCÊNCIO","","uuid:1cbd1206-2fd1-4ae1-a098-9db03edf3118"
"06/17/2025","IDSW100111",-25.9184632,32.5392245,23.2,4.983,"Maputo Cidade","kamubukwana","ETAR","Entrada_ETAR","Aguas_residuais","Torpidos","27.4",40,67,NA,NA,"",NA,NA,NA,"Sim","Sim",NA,"Sim","Sim","","","","","","INOCÊNCIO","","uuid:be79bea3-aa58-49c3-a89b-0488f3b9665e"
"06/17/2025","IDSW100112",-25.9184715,32.5391757,24.4,4.766,"Maputo Cidade","kamubukwana","ETAR","Entrada_ETAR","Aguas_residuais","Moore_swab","25.8",40,57,NA,NA,"",NA,NA,NA,"Sim","Sim",NA,"Sim","Sim","","","","","","INOCÊNCIO","","uuid:138c6b7d-283b-4119-b563-71bd8a1de7aa"
"06/17/2025","IDSW100113",-25.9184986,32.5391188,24.4,4.983,"Maputo Cidade","kamubukwana","ETAR","Entrada_ETAR","Aguas_residuais","Grag_sample","25.4",40,57,NA,NA,"",NA,NA,NA,"Sim","Sim",NA,"Sim","Sim","","","","","","INOCÊNCIO","","uuid:90405215-541b-4f15-a316-f3729fbef84e"
"06/17/2025","IDSW100114",-25.9177177,32.5382461,24.3,4.966,"Maputo Cidade","kamubukwana","ETAR","Vala_esgoto_VE","Aguas_residuais","Torpidos","25.8",40,57,NA,NA,"",NA,NA,NA,"Sim","Sim",NA,"Sim","Sim","","","","","","INOCÊNCIO","","uuid:a23cc800-2f10-4fc2-96a6-3a6d1c8c939e"
"06/17/2025","IDSW100115",-25.9177718,32.5382408,24.9,4.9,"Maputo Cidade","kamubukwana","ETAR","Vala_esgoto_VE","Aguas_residuais","Moore_swab","25.7",40,57,NA,NA,"",NA,NA,NA,"Sim","Sim",NA,"Sim","Sim","","","","","","INOCÊNCIO","","uuid:83cf5656-2199-4052-9176-9dbc317a5f33"
"06/17/2025","IDSW100116",-25.9177334,32.5383346,25,4.983,"Maputo Cidade","kamubukwana","ETAR","Vala_esgoto_VE","Aguas_residuais","Grag_sample","25.7",40,57,NA,NA,"",NA,NA,NA,"Sim","Sim",NA,"Sim","Sim","","","","","","INOCÊNCIO","","uuid:1933df55-61e5-4686-b0a7-204f5fa51873"
"06/17/2025","IDSW100108",-25.9189636,32.5389386,32.7,4.616,"Maputo Cidade","kamubukwana","ETAR","Cam_Cistern_CC","Aguas_residuais","Torpidos","25.1",40,57,NA,NA,"",NA,NA,NA,"Sim","Sim",NA,"Sim","Sim","Nao","Nao","Nao","Nao","","INOCÊNCIO","","uuid:86222f9f-2941-4769-9b24-060e819297de"
"06/24/2025","IDSW100117",-25.9187637,32.5390971,-22.2000007629,4.78,"Maputo Cidade","kamubukwana","ETAR","Cam_Cistern_CC","Aguas_residuais","Torpidos","19.8",40,17,NA,NA,"",NA,NA,NA,"Sim","Sim",NA,"Sim","Sim","","","","","","INOCÊNCIO","","uuid:7989ca60-a8e2-4399-bbdf-4e5a522ca69a"
"06/24/2025","IDSW100118",-25.9187623,32.5390836,-22.2000007629,4.983,"Maputo Cidade","kamubukwana","ETAR","Cam_Cistern_CC","Aguas_residuais","Moore_swab","19.8",40,17,NA,NA,"INOCÊNCIO",NA,NA,NA,"Sim","Sim",NA,"Sim","Sim","","","","","","","","uuid:d22e70e9-8e13-4ace-a2b7-7543a7637a24"
"06/24/2025","IDSW100119",-25.9187778,32.5390724,-22.2000007629,4.433,"Maputo Cidade","kamubukwana","ETAR","Cam_Cistern_CC","Aguas_residuais","Grag_sample","19,8",40,17,NA,NA,"",NA,NA,NA,"Sim","Sim",NA,"Sim","Sim","","","","","","INOCÊNCIO","","uuid:29e03ecf-1243-49d7-922e-59e2d997e43d"
"06/24/2025","IDSW100120",-25.9183892,32.5392092,15.3,4.816,"Maputo Cidade","kamubukwana","ETAR","Entrada_ETAR","Aguas_residuais","Torpidos","19,8",40,17,NA,NA,"",NA,NA,NA,"Sim","Sim",NA,"Sim","Sim","","","","","","INOCÊNCIO","","uuid:17ea20a4-dfbc-429a-8bab-88f805a1ef14"
"06/24/2025","IDSW100130",-25.918415,32.5392367,15.9,2.7,"Maputo Cidade","kamubukwana","ETAR","Entrada_ETAR","Aguas_residuais","Moore_swab","19,8",40,17,NA,NA,"",NA,NA,NA,"Sim","Sim",NA,"Sim","Sim","","","","","","INOCÊNCIO","","uuid:3048ac35-b43e-4a84-bd03-470be78ac492"
"06/24/2025","IDSW100131",-25.9183968,32.539227,16.2,4.9,"Maputo Cidade","kamubukwana","ETAR","Entrada_ETAR","Aguas_residuais","Grag_sample","19,8",40,17,NA,NA,"",NA,NA,NA,"Sim","Sim",NA,"Sim","Sim","","","","","","INOCÊNCIO","","uuid:5da27674-ff95-4802-9cdd-a28a9eaaefd7"
"06/24/2025","IDSW100132",-25.9177099,32.5382874,19.9,4.64,"Maputo Cidade","kamubukwana","ETAR","Vala_esgoto_VE","Aguas_residuais","Torpidos","19.8",40,17,NA,NA,"",NA,NA,NA,"Sim","Sim",NA,"Sim","Sim","","","","","","INOCÊNCIO","","uuid:c0a41634-78cc-4009-938a-d7d64ba84a04"
"06/24/2025","IDSW100133",-25.9177302,32.5382923,20.3,3.883,"Maputo Cidade","kamubukwana","ETAR","Vala_esgoto_VE","Aguas_residuais","Moore_swab","19.8",40,17,NA,NA,"",NA,NA,NA,"Sim","Sim",NA,"Sim","Sim","","","","","","INOCÊNCIO","","uuid:bb908e79-42f9-4e23-bffd-a02e846dff6d"
"06/24/2025","IDSW100134",-25.9177345,32.5384092,20,4.883,"Maputo Cidade","kamubukwana","ETAR","Vala_esgoto_VE","Aguas_residuais","Grag_sample","19.8",40,17,NA,NA,"",NA,NA,NA,"Sim","Sim",NA,"Sim","Sim","","","","","","INOCÊNCIO","","uuid:a7039aba-1951-4bbd-bed5-f817bb0f0560"
"07/01/2025","IDSW100135",-25.9188015,32.5390996,36,4.966,"Maputo Cidade","kamubukwana","ETAR","Cam_Cistern_CC","Aguas_residuais","Torpidos","24",40,67,NA,NA,"",NA,NA,NA,"Sim","Sim",NA,"Sim","Sim","","","","Nao","","INOCÊNCIO","","uuid:54f9a60a-0e34-4929-b353-5433196fcdc3"
"07/01/2025","IDSW100136",-25.9186989,32.5391391,36.2,4.166,"Maputo Cidade","kamubukwana","ETAR","Cam_Cistern_CC","Aguas_residuais","Moore_swab","24",40,67,NA,NA,"",NA,NA,NA,"Sim","Sim",NA,"Sim","Sim","","","","","","INOCÊNCIO","","uuid:abbfa8af-c298-47a2-a466-199c20109039"
"07/01/2025","IDSW100137",-25.9187372,32.5391156,35.3,4.15,"Maputo Cidade","kamubukwana","ETAR","Cam_Cistern_CC","Aguas_residuais","Grag_sample","24",40,67,NA,NA,"",NA,NA,NA,"Sim","Sim",NA,"Sim","Sim","","","","","","INOCÊNCIO","","uuid:935be52d-3045-4be9-ae84-c368c30b5ba6"
"07/01/2025","IDSW100138",-25.9184305,32.5392283,35,4.7,"Maputo Cidade","kamubukwana","ETAR","Entrada_ETAR","Aguas_residuais","Torpidos","24",40,67,NA,NA,"",NA,NA,NA,"Sim","Sim",NA,"Sim","Sim","","","","","","INOCÊNCIO","","uuid:e1c879f3-76a4-4055-81b7-a0222757633d"
"07/01/2025","IDSW100139",-25.9184404,32.5392286,34.5,4.1,"Maputo Cidade","kamubukwana","ETAR","Entrada_ETAR","Aguas_residuais","Moore_swab","24",40,67,NA,NA,"",NA,NA,NA,"Sim","Sim",NA,"Sim","Sim","","","","","","INOCÊNCIO","","uuid:617da2bb-fd80-4056-9f3b-61b20b84bae7"
"07/01/2025","IDSW100140",-25.91849,32.5392358,33.6,4.875,"Maputo Cidade","kamubukwana","ETAR","Entrada_ETAR","Aguas_residuais","Grag_sample","24",40,67,NA,NA,"",NA,NA,NA,"Sim","Sim",NA,"Sim","Sim","Sim","","","","","INOCÊNCIO","","uuid:d1b956b1-080e-43af-b986-7943fc110a05"
"07/01/2025","IDSW100141",-25.9175972,32.5383342,44.1,4.9,"Maputo Cidade","kamubukwana","ETAR","Vala_esgoto_VE","Aguas_residuais","Torpidos","24",40,67,NA,NA,"",NA,NA,NA,"Sim","Sim",NA,"Sim","Sim","","","","","","INOCÊNCIO","","uuid:1dc2e9bf-552f-4944-851c-685a46a0a22b"
"07/01/2025","IDSW100142",-25.9176807,32.5382983,43.4,4.983,"Maputo Cidade","kamubukwana","ETAR","Vala_esgoto_VE","Aguas_residuais","Moore_swab","24",40,67,NA,NA,"",NA,NA,NA,"Sim","Sim",NA,"Sim","Sim","","","","","","INOCÊNCIO","","uuid:4f4eb9ab-cda6-48ab-85fa-d528cf4786b6"
"07/01/2025","IDSW100143",-25.91782,32.5383545,43.3,4.983,"Maputo Cidade","kamubukwana","ETAR","Vala_esgoto_VE","Aguas_residuais","Grag_sample","24",40,67,NA,NA,"",NA,NA,NA,"Sim","Sim",NA,"Sim","Sim","","","","","","INOCÊNCIO","","uuid:a3e5e1df-48c3-48ed-a6d7-cf4a6315185a"
"07/08/2025","IDSW100144",-25.9187785,32.5391007,18.6,3.92,"Maputo Cidade","kamubukwana","ETAR","Cam_Cistern_CC","Aguas_residuais","Torpidos","22.7",40,57,NA,NA,"",NA,NA,NA,"Sim","Sim",NA,"Sim","Sim","Nao","Nao","Nao","","","INOCÊNCIO  e Diosdelio","","uuid:3d2471b2-a715-4b4c-bcf7-3b6bdee87dad"
"07/08/2025","IDSW100145",-25.9187964,32.5390741,21.1,8.65,"Maputo Cidade","kamavota","ETAR","Cam_Cistern_CC","Aguas_residuais","Moore_swab","22.7",40,57,NA,NA,"",NA,NA,NA,"Sim","Sim",NA,"Sim","Sim","","","","","","INOCÊNCIO e Dio","","uuid:f7faa2e6-7388-460e-88b8-07d0ca1dca58"
"07/08/2025","IDSW100146",-25.9188115,32.5390904,19.7,4.628,"Maputo Cidade","kamubukwana","ETAR","Cam_Cistern_CC","Aguas_residuais","Grag_sample","22.7",40,57,NA,NA,"",NA,NA,NA,"Sim","Sim",NA,"Sim","Sim","","","","","","INOCÊNCIO e Dio","","uuid:de56d886-b3cb-4390-8c54-e5c82d01656a"
"07/08/2025","IDSW100147",-25.9184493,32.5392014,20.4,6.766,"Maputo Cidade","kamubukwana","ETAR","Entrada_ETAR","Aguas_residuais","Torpidos","22.7",40,57,NA,NA,"",NA,NA,NA,"Sim","Sim",NA,"Sim","Sim","Nao","Nao","Nao","Nao","","INOCÊNCIO e Dio","","uuid:84c85745-ec07-4d56-9097-91b03782c473"
"07/08/2025","IDSW100148",-25.9183753,32.5391339,19.9,3.5,"Maputo Cidade","kamubukwana","ETAR","Entrada_ETAR","Aguas_residuais","Moore_swab","22.7",40,57,NA,NA,"",NA,NA,NA,"Sim","Sim",NA,"Sim","Sim","","","","","","INOCÊNCIO e Dio","","uuid:a489f6d9-b3ff-4f91-b92c-3990153a7861"
"07/08/2025","IDSW100149",-25.918412,32.5392273,19.6,3.34,"Maputo Cidade","kamubukwana","ETAR","Entrada_ETAR","Aguas_residuais","Grag_sample","22.7",40,57,NA,NA,"",NA,NA,NA,"Sim","Sim",NA,"Sim","Sim","Nao","Nao","Nao","","","INOCÊNCIO e Dio","","uuid:7becc151-15e0-44aa-a519-f7f142ca5a74"
"07/08/2025","IDSW100150",-25.9177514,32.5383166,-13,4.583,"Maputo Cidade","kamubukwana","ETAR","Vala_esgoto_VE","Aguas_residuais","Torpidos","22.7",40,57,NA,NA,"",NA,NA,NA,"Sim","Sim",NA,"Sim","Sim","Nao","Nao","Nao","","","INOCÊNCIO e Dio","","uuid:67250a01-dcdd-4186-9f18-5a57b8fb10b0"
"07/08/2025","IDSW100151",-25.9177871,32.5382689,-13,4.485,"Maputo Cidade","kamubukwana","ETAR","Vala_esgoto_VE","Aguas_residuais","Moore_swab","22.7",40,57,NA,NA,"",NA,NA,NA,"Sim","Sim",NA,"Sim","Sim","","","","","","INOCÊNCIO e Dio","","uuid:f281f0ce-aebc-4700-8221-7e6f7595b8ee"
"07/08/2025","IDSW100152",-25.9177366,32.5383022,-13,4.533,"Maputo Cidade","kamubukwana","ETAR","Vala_esgoto_VE","Aguas_residuais","Grag_sample","22.7",40,57,NA,NA,"",NA,NA,NA,"Sim","Sim",NA,"Sim","Sim","Nao","Nao","Nao","Nao","","INOCÊNCIO e Dio","","uuid:565abe88-25b1-4eeb-95b7-4b1936b4d2cd"
"07/15/2025","IDSW100154",-25.9187265,32.5391148,-11.8999996185,4.08,"Maputo Cidade","kamubukwana","ETAR","Cam_Cistern_CC","Aguas_residuais","Moore_swab","21.3",40,51,NA,NA,"",NA,NA,NA,"Sim","Sim",NA,"Sim","Sim","","","","","","INOCÊNCIO","","uuid:601e936e-d7e2-4c6e-a9cf-2fa350c9e808"
"07/15/2025","IDSW100153",-25.9187878,32.5390844,-11.8999996185,4.833,"Maputo Cidade","kamubukwana","ETAR","Cam_Cistern_CC","Aguas_residuais","Torpidos","21.3",40,51,NA,NA,"",NA,NA,NA,"Sim","Sim",NA,"Sim","Sim","","","","","","INOCÊNCIO","","uuid:94fc8b0a-fe46-4eed-8093-6dc012101cf3"
"07/15/2025","IDSW100159",-25.9176818,32.5383537,-11.8999996185,4.228,"Maputo Cidade","kamubukwana","ETAR","Vala_esgoto_VE","Aguas_residuais","Torpidos","21.3",40,51,NA,NA,"",NA,NA,NA,"Sim","Sim",NA,"Sim","Sim","","","","","","INOCÊNCIO","","uuid:596ce604-10ce-458a-b62a-d8a6848a89fd"
"07/15/2025","IDSW100160",-25.9177356,32.5382776,-11.8999996185,4.87,"Maputo Cidade","kamubukwana","ETAR","Vala_esgoto_VE","Aguas_residuais","Moore_swab","21.3",40,51,NA,NA,"",NA,NA,NA,"Sim","Sim",NA,"Sim","Sim","","","","","","INOCÊNCIO","","uuid:170bca7d-88d9-427a-9f09-0a925cebfa2e"
"07/15/2025","IDSW100161",-25.9176934,32.5383668,-11.8999996185,4.337,"Maputo Cidade","kamubukwana","ETAR","Vala_esgoto_VE","Aguas_residuais","Grag_sample","21.3",40,51,NA,NA,"",NA,NA,NA,"Sim","Sim",NA,"Sim","Sim","","","","","","INOCÊNCIO","","uuid:9055ec6a-85e2-4c65-be95-7fee2872f722"
"07/15/2025","IDSW100158",-25.9184201,32.5391663,-11.8999996185,3.533,"Maputo Cidade","kamubukwana","ETAR","Entrada_ETAR","Aguas_residuais","Grag_sample","21.3",40,51,NA,NA,"",NA,NA,NA,"Sim","Sim",NA,"Sim","Sim","","","","","","INOCÊNCIO","","uuid:ebaf006b-e109-48d5-9c5a-43b4d1b01a35"
"07/15/2025","IDSW100157",-25.9183899,32.5390949,-11.8999996185,4.94,"Maputo Cidade","kamubukwana","ETAR","Entrada_ETAR","Aguas_residuais","Moore_swab","21.3",40,51,NA,NA,"",NA,NA,NA,"Sim","Sim",NA,"Sim","Sim","","","","","","INOCÊNCIO","","uuid:6c21c4fb-404f-4b2b-96a8-6f74ba0e02b5"
"07/15/2025","IDSW100156",-25.9183587,32.5392429,-11.8999996185,4.5,"Maputo Cidade","kamubukwana","ETAR","Entrada_ETAR","Aguas_residuais","Torpidos","21.3",40,51,NA,NA,"",NA,NA,NA,"Sim","Sim",NA,"Sim","Sim","","","","","","INOCÊNCIO","","uuid:2cd472b4-0d02-4ef1-8d87-e65d1c4f116a"
"07/15/2025","IDSW100155",-25.9187467,32.5390728,-11.8999996185,4.5,"Maputo Cidade","kamubukwana","ETAR","Cam_Cistern_CC","Aguas_residuais","Grag_sample","21.3",40,51,NA,NA,"",NA,NA,NA,"Sim","Sim",NA,"Sim","Sim","","","","","","INOCÊNCIO","","uuid:812e92f2-0ec3-4ba5-93bf-ed5f70733e63"
"07/22/2025","IDSW100163",-25.9187699,32.5391301,38.2,4.76,"Maputo Cidade","kamubukwana","ETAR","Cam_Cistern_CC","Aguas_residuais","Moore_swab","27,9",40,57,NA,NA,"",NA,NA,NA,"Sim","Sim",NA,"Sim","Sim","","","","","","INOCÊNCIO","","uuid:11c1e7cd-da90-40d8-ae89-42169aba3115"
"07/22/2025","IDSW100164",-25.9188258,32.5390982,36.5,4.616,"Maputo Cidade","kamubukwana","ETAR","Cam_Cistern_CC","Aguas_residuais","Grag_sample","27.9",40,57,NA,NA,"",NA,NA,NA,"Sim","Sim",NA,"Sim","Sim","","","","","","INOCÊNCIO","","uuid:69e23749-ee91-4bac-95ba-b72865162352"
"07/22/2025","IDSW100165",-25.9185081,32.5391903,36,5,"Maputo Cidade","kamubukwana","ETAR","Entrada_ETAR","Aguas_residuais","Torpidos","27.9",40,57,NA,NA,"",NA,NA,NA,"Sim","Sim",NA,"Sim","Sim","","","","","","INOCÊNCIO","","uuid:a4a2eac3-9504-4186-ab37-3296296de1e5"
"07/22/2025","IDSW100166",-25.9184945,32.5392388,35.1,4.78,"Maputo Cidade","kamubukwana","ETAR","Entrada_ETAR","Aguas_residuais","Moore_swab","27.9",40,57,NA,NA,"",NA,NA,NA,"Sim","Sim",NA,"Sim","Sim","","","","","","INOCÊNCIO","","uuid:f87ba03a-713f-4673-a3ec-23a2c929655f"
"07/22/2025","IDSW100167",-25.918453,32.5392059,35.8,4.86,"Maputo Cidade","kamubukwana","ETAR","Entrada_ETAR","Aguas_residuais","Grag_sample","27.9",40,57,NA,NA,"",NA,NA,NA,"Sim","Sim",NA,"Sim","Sim","","","","","","INOCÊNCIO","","uuid:07ab0ac4-6a70-4f55-9ea8-2e1dd3370553"
"07/22/2025","IDSW100168",-25.9177577,32.5382681,38,4.916,"Maputo Cidade","kamubukwana","ETAR","Vala_esgoto_VE","Aguas_residuais","Torpidos","27.9",40,57,NA,NA,"",NA,NA,NA,"Sim","Sim",NA,"Sim","Sim","","","","","","INOCÊNCIO","","uuid:536c9d3a-3017-4bc7-92a6-2c1716cbfb54"
"07/22/2025","IDSW100169",-25.917803,32.5382665,36.7,4.683,"Maputo Cidade","kamubukwana","ETAR","Vala_esgoto_VE","Aguas_residuais","Moore_swab","27.9",40,57,NA,NA,"",NA,NA,NA,"Sim","Sim",NA,"Sim","Sim","","","","","","INOCÊNCIO","","uuid:4b849c7e-ba81-4f21-8dda-58f1d696f149"
"07/22/2025","IDSW100170",-25.917768,32.5382884,36.6,4.983,"Maputo Cidade","kamubukwana","ETAR","Vala_esgoto_VE","Aguas_residuais","Grag_sample","27.9",40,57,NA,NA,"",NA,NA,NA,"Sim","Sim",NA,"Sim","Sim","","","","","","INOCÊNCIO","","uuid:72957ecc-5d62-42bc-a120-e5a0f40274dc"
"07/22/2025","IDSW100162",-25.9189129,32.53902,51.5,4.82,"Maputo Cidade","kamubukwana","ETAR","Cam_Cistern_CC","Aguas_residuais","Torpidos","27.9",40,57,NA,NA,"",NA,NA,NA,"Sim","Sim",NA,"Sim","Sim","","","","","","INOCÊNCIO OSCALDO","","uuid:a3d57f9f-a38a-42de-a325-2c5c18cdb72b"
"07/29/2025","IDSW100171",-25.9187475,32.5391059,-14.1999998093,4.9,"Maputo Cidade","kamubukwana","ETAR","Cam_Cistern_CC","Aguas_residuais","Torpidos","26.9",40,57,NA,NA,"",NA,NA,NA,"Sim","Sim",NA,"Sim","Sim","","","","","","INOCÊNCIO","","uuid:bd87f48a-c3f7-4ba7-8e0c-ef38d43b1703"
"07/29/2025","IDSW100172",-25.9187603,32.5391225,-14.1999998093,4.416,"Maputo Cidade","kamubukwana","ETAR","Cam_Cistern_CC","Aguas_residuais","Moore_swab","26.9",40,57,NA,NA,"",NA,NA,NA,"Sim","Sim",NA,"Sim","Sim","","","","","","INOCÊNCIO","","uuid:1b8bcad1-a7ac-44b4-86e9-66fe1748dd79"
"07/29/2025","IDSW100173",-25.9188741,32.5392042,-14.1999998093,4.7,"Maputo Cidade","kamubukwana","ETAR","Cam_Cistern_CC","Aguas_residuais","Grag_sample","26.9",26.9,40,NA,NA,"",NA,NA,NA,"Sim","Sim",NA,"Sim","Sim","","","","","","INOCÊNCIO","","uuid:6f87e278-e3c0-4b12-bfee-3b4d5497ae48"
"07/29/2025","IDSW100174",-25.9184647,32.5392543,-14.1999998093,4.828,"Maputo Cidade","kamubukwana","ETAR","Entrada_ETAR","Aguas_residuais","Torpidos","26.9",40,57,NA,NA,"",NA,NA,NA,"Sim","Sim",NA,"Sim","Sim","","","","","","INOCÊNCIO","","uuid:253968b5-b8e5-4c91-b77e-07efe138832a"
"07/29/2025","IDSW100175",-25.9184583,32.539255,-14.1999998093,3.3,"Maputo Cidade","kamubukwana","ETAR","Entrada_ETAR","Aguas_residuais","Moore_swab","26.9",40,57,NA,NA,"",NA,NA,NA,"Sim","Sim",NA,"Sim","Sim","","","","","","INOCÊNCIO","","uuid:05ce0c91-865d-4052-9b62-672eb7fe988e"
"07/29/2025","IDSW100176",-25.9183756,32.5391489,-14.1999998093,3.9,"Maputo Cidade","kamubukwana","ETAR","Entrada_ETAR","Aguas_residuais","Grag_sample","26.9",40,57,NA,NA,"",NA,NA,NA,"Sim","Sim",NA,"Sim","Sim","","","","","","INOCÊNCIO","","uuid:dff8272f-ae41-4d25-a885-52af930b00ee"
"07/29/2025","IDSW100177",-25.9176695,32.5381779,-14.0999994278,4.983,"Maputo Cidade","kamubukwana","ETAR","Vala_esgoto_VE","Aguas_residuais","Torpidos","26.9",40,57,NA,NA,"",NA,NA,NA,"Sim","Sim",NA,"Sim","Sim","","","","","","INOCÊNCIO","","uuid:e6fdd179-b39c-4142-b94b-ae4073a7d775"
"07/29/2025","IDSW100178",-25.9176428,32.5383568,-14.1999998093,3.96,"Maputo Cidade","kamubukwana","ETAR","Vala_esgoto_VE","Aguas_residuais","Moore_swab","26.9",40,57,NA,NA,"",NA,NA,NA,"Sim","Sim",NA,"Sim","Sim","","","","","","INOCÊNCIO","","uuid:2be30ebf-84ae-4404-9f7d-ca030a6536d4"
"07/29/2025","IDSW100179",-25.9177698,32.5383629,-14.0999994278,4.566,"Maputo Cidade","kamubukwana","ETAR","Vala_esgoto_VE","Aguas_residuais","Grag_sample","26.9",40,57,NA,NA,"",NA,NA,NA,"Sim","Sim",NA,"Sim","Sim","","","","","","INOCÊNCIO","","uuid:1a624349-e94c-48a8-8e72-9065718c00cb"
"08/05/2025","IDSWT00001",-16.1637422,33.5983255,120.0999984741,4.9,"Tete","tete","Quartel_Militar","Emissario_EM","Aguas_residuais","Moore_swab","22",40,50,NA,NA,"",NA,NA,NA,"Sim","Sim",NA,"Sim","Sim","","","","","","B, I, B, C","","uuid:09957d0e-43d5-4fe0-95fb-80f2123b1ed4"
"08/05/2025","IDSWT00002",-16.1638002,33.5982275,120.6999969482,4.9,"Tete","tete","Quartel_Militar","Emissario_EM","Aguas_residuais","Grag_sample","22",40,50,NA,NA,"",NA,NA,NA,"Sim","Sim",NA,"Sim","Sim","","","","","","Banquir","Colhemos sem nenhuma dificuldade.","uuid:a1bff79c-960e-4ae5-909c-b885a0ab21d9"
"08/05/2025","IDSWT00003",-16.157876,33.5922966,119.4000015259,4.733,"Tete","tete","Paraiso_Misterioso","Emissario_EM","Aguas_residuais","Moore_swab","22",40,50,NA,NA,"",NA,NA,NA,"Sim","Sim",NA,"Sim","Sim","","","","","","Banquir e João Baptista","","uuid:b4a9d392-c834-4d82-b84f-df787ef9ae93"
"08/05/2025","IDSWT00004",-16.1578177,33.5922464,119.4000015259,4.816,"Tete","tete","Paraiso_Misterioso","Emissario_EM","Aguas_residuais","Grag_sample","20",40,50,NA,NA,"",NA,NA,NA,"Sim","Sim",NA,"Sim","Sim","","","","","","Banquir","","uuid:b5300806-e1e5-4b37-9bad-e9f20c8f321a"
"08/05/2025","IDSWT00005",-16.15601,33.5903067,121.6999969482,4.94,"Tete","tete","Mercado_do_Peixe","Emissario_EM","Aguas_residuais","Moore_swab","22",40,50,NA,NA,"",NA,NA,NA,"Sim","Sim",NA,"Sim","Sim","","","","","","Banquir e João","","uuid:c328652b-d981-428d-b5ca-3079860a569f"
"08/05/2025","IDSWT00006",-16.1560033,33.5903033,113.3,4.825,"Tete","tete","Mercado_do_Peixe","Emissario_EM","Aguas_residuais","Grag_sample","24",40,54,NA,NA,"",NA,NA,NA,"Sim","Sim",NA,"Sim","Sim","","","","","","Banquir e João","","uuid:3301bd93-679b-429e-8d6e-69f1ff4f48a9"
"08/05/2025","IDSWT00007",-16.15452,33.5886118,119.8000030518,4.816,"Tete","tete","Registo","Emissario_EM","Aguas_residuais","Moore_swab","24",40,54,NA,NA,"",NA,NA,NA,"Sim","Sim",NA,"Sim","Sim","","","","","","Banquir e João","","uuid:52b89d12-e6ae-4674-9943-318b277a1907"
"08/05/2025","IDSWT00008",-16.1545611,33.5885857,119.8000030518,4.983,"Tete","tete","Registo","Emissario_EM","Aguas_residuais","Grag_sample","24",40,54,NA,NA,"",NA,NA,NA,"Sim","Sim",NA,"Sim","Sim","","","","","","Banquir e João Baptista","","uuid:a7633636-3e95-4a3e-89bb-5fd7027fc99c"
"08/12/2025","IDSWT00019",-16.1637534,33.5982934,120.0999984741,4.4,"Tete","tete","Quartel_Militar","Emissario_EM","Aguas_residuais","Moore_swab","26",40,50,NA,NA,"",NA,NA,NA,"Sim","Sim",NA,"Sim","Sim","","","","","","Banquir","","uuid:6470170e-6b0f-4dda-a378-d6adc8df864a"
"08/12/2025","IDSWT00026",-16.1637454,33.5983305,120.0999984741,4.066,"Tete","tete","Quartel_Militar","Emissario_EM","Aguas_residuais","Grag_sample","26",40,43,NA,NA,"",NA,NA,NA,"Sim","Sim",NA,"Sim","Sim","","","","","","Banquir","","uuid:822ffe25-20e0-4b93-b94a-92d32c6c31d4"
"08/12/2025","IDSWT00020",-16.1578336,33.592336,119.4000015259,3.95,"Tete","tete","Paraiso_Misterioso","Emissario_EM","Aguas_residuais","Moore_swab","26",40,50,NA,NA,"",NA,NA,NA,"Sim","Sim",NA,"Sim","Sim","","","","","","Banquir","","uuid:d4a23ca9-6264-4213-a735-9cbefe5cfb7d"
"08/12/2025","12517473",-16.1579074,33.5922778,119.4000015259,4.716,"Tete","tete","Paraiso_Misterioso","Emissario_EM","Aguas_residuais","Grag_sample","26",40,50,NA,NA,"",NA,NA,NA,"Sim","Sim",NA,"Sim","Sim","","","","","","Banquir","","uuid:8dfa7148-a372-4bd8-adad-1fc032b00b9f"
"08/12/2025","IDSWT00021",-16.1563742,33.5905674,119.4000015259,4.916,"Tete","tete","Mercado_do_Peixe","Emissario_EM","Aguas_residuais","Moore_swab","26",40,50,NA,NA,"",NA,NA,NA,"Sim","Sim",NA,"Sim","Sim","","","","","","Banquir","","uuid:f6d06e59-991e-42f9-ad85-abc09769bebd"
"08/12/2025","IDSWT00023",-16.1560589,33.5903209,119.4000015259,3.563,"Tete","tete","Mercado_do_Peixe","Emissario_EM","Aguas_residuais","Grag_sample","26",40,50,NA,NA,"",NA,NA,NA,"Sim","Sim",NA,"Sim","Sim","","","","","","Banquir","","uuid:c6850c4c-b451-4060-ac50-1a775266bb85"
"08/12/2025","IDSWT00022",-16.1544919,33.5886877,119.4000015259,4.5,"Tete","tete","Registo","Emissario_EM","Aguas_residuais","Moore_swab","26",40,50,NA,NA,"",NA,NA,NA,"Sim","Sim",NA,"Sim","Sim","","","","","","Banquir","","uuid:a593fc3f-5dbd-42a3-9fe9-838a90101569"
"08/12/2025","IDSWT00025",-16.1545309,33.5886384,119.4000015259,4.725,"Tete","tete","Registo","Emissario_EM","Aguas_residuais","Grag_sample","26",40,50,NA,NA,"",NA,NA,NA,"Sim","Sim",NA,"Sim","Sim","","","","","","Banquir","","uuid:84e86be6-5c30-4e59-b24b-e23bf086599c"
"08/13/2025","IDSW100169",-25.9172327,32.5381824,-35.7,10.35,"Maputo Cidade","kamubukwana","ETAR","Vala_esgoto_VE","Aguas_residuais","Moore_swab","22",40,67,NA,NA,"",NA,NA,NA,"Sim","Sim",NA,"Sim","Sim","","","","","","INOCÊNCIO","","uuid:3fcd3de0-1c13-4923-aa77-02ce01af5ab3"
"08/19/2025","IDSWT00027",-16.1545339,33.5886873,122.5,4.966,"Tete","tete","Registo","Emissario_EM","Aguas_residuais","Moore_swab","31",40,51,NA,NA,"",NA,NA,NA,"Sim","Sim",NA,"Sim","Sim","","","","","","Camacho Monteiro","","uuid:704691fd-b694-43a6-9398-8a3424016042"
"08/19/2025","IDSWT00027",-16.1545018,33.5886016,122.5,4.916,"Tete","tete","Registo","Emissario_EM","Aguas_residuais","Grag_sample","31",40,51,NA,NA,"",NA,NA,NA,"Sim","Sim",NA,"Sim","Sim","","","","","","Camacho Monteiro","","uuid:72bdee2c-5a60-4c4f-81bc-714daf013470"
"08/19/2025","IDSWT00028",-16.1560074,33.5903387,120.2,4.483,"Tete","tete","Mercado_do_Peixe","Emissario_EM","Aguas_residuais","Moore_swab","31",40,51,NA,NA,"",NA,NA,NA,"Sim","Sim",NA,"Sim","Sim","","","","","","Camacho Monteiro","","uuid:644a02d0-00cb-4cfb-a2e2-b0a53d3baaf1"
"08/19/2025","IDSWT00028",-16.1559058,33.5904553,121.6999969482,4.75,"Tete","tete","Mercado_do_Peixe","Emissario_EM","Aguas_residuais","Grag_sample","31",40,51,NA,NA,"",NA,NA,NA,"Sim","Sim",NA,"Sim","Sim","","","","","","Camacho Monteiro","","uuid:07180d1b-b910-4fa9-9530-0bbde93dca9c"
"08/19/2025","IDSWT00029",-16.157884,33.5922279,119.4000015259,4.92,"Tete","tete","Paraiso_Misterioso","Emissario_EM","Aguas_residuais","Moore_swab","31",40,51,NA,NA,"",NA,NA,NA,"Sim","Sim",NA,"Sim","Sim","","","","","","Camacho Monteiro","","uuid:63075835-7cfd-477e-bd47-61bccef2c41d"
"08/19/2025","IDSWT00029",-16.1578448,33.5922725,119.4000015259,4.82,"Tete","tete","Paraiso_Misterioso","Emissario_EM","Aguas_residuais","Grag_sample","31",40,51,NA,NA,"",NA,NA,NA,"Sim","Sim",NA,"Sim","Sim","","","","","","Camacho Monteiro","","uuid:a03a96a1-9ec0-423a-b936-e009480c8480"
"08/19/2025","IDSWT00030",-16.1636716,33.5981696,125.1999969482,4.88,"Tete","tete","Quartel_Militar","Emissario_EM","Aguas_residuais","Moore_swab","31",40,51,NA,NA,"",NA,NA,NA,"Sim","Sim",NA,"Sim","Sim","","","","","","Camacho Monteiro","","uuid:5e7823c4-e6ff-4ff2-8bab-d9652347d2e5"
"08/19/2025","IDSWT00030",-16.1637592,33.5982036,125.1999969482,4.9,"Tete","tete","Quartel_Militar","Emissario_EM","Aguas_residuais","Grag_sample","31",40,51,NA,NA,"",NA,NA,NA,"Sim","Sim",NA,"Sim","Sim","","","","","","Camacho Monteiro","","uuid:510ddde7-2cd7-4a0d-8a62-f3e5442750b3"
"08/19/2025","IDSW100200",-25.9188058,32.5390375,22.8,4.716,"Maputo Cidade","kamubukwana","ETAR","Cam_Cistern_CC","Aguas_residuais","Grag_sample","22",40,65,NA,NA,"",NA,NA,NA,"Sim","Sim",NA,"Sim","Sim","","","","","","INOCÊNCIO","","uuid:21ad96fd-e7cb-4a27-9585-927e717bccd3"
"08/19/2025","IDSW100201",-25.9184348,32.5391889,25.1,4.933,"Maputo Cidade","kamubukwana","ETAR","Entrada_ETAR","Aguas_residuais","Torpidos","22",40,65,NA,NA,"",NA,NA,NA,"Sim","Sim",NA,"Sim","Sim","","","","","","INOCÊNCIO","","uuid:732ad002-c66d-48f7-a783-04a79f2cc333"
"08/19/2025","IDSW100202",-25.9184929,32.5393282,25.6,4.8,"Maputo Cidade","kamubukwana","ETAR","Entrada_ETAR","Aguas_residuais","Moore_swab","22",40,65,NA,NA,"",NA,NA,NA,"Sim","Sim",NA,"Sim","Sim","","","","","","INOCÊNCIO","","uuid:6d8424d7-c84b-4844-86df-8982c22225bd"
"08/19/2025","IDSW100203",-25.9184283,32.5392855,25.5,4.9,"Maputo Cidade","kamubukwana","ETAR","Entrada_ETAR","Aguas_residuais","Grag_sample","22",40,65,NA,NA,"",NA,NA,NA,"Sim","Sim",NA,"Sim","Sim","Nao","","","","","INOCÊNCIO","","uuid:1eb578b4-1ca3-473e-ad94-006fb718203d"
"08/19/2025","IDSW100204",-25.91779,32.5383117,-14.0999994278,4.966,"Maputo_provincia","matola","ETAR","Vala_esgoto_VE","Aguas_residuais","Torpidos","22",40,65,NA,NA,"",NA,NA,NA,"Sim","Sim",NA,"Sim","Sim","","","","","","INOCÊNCIO","","uuid:5c949bc4-d76a-4882-96c8-3594e4bcc905"
"08/19/2025","IDSW100205",-25.917725,32.5382376,-14.1999998093,5,"Maputo_provincia","matola","ETAR","Vala_esgoto_VE","Aguas_residuais","Moore_swab","22",40,65,NA,NA,"",NA,NA,NA,"Sim","Sim",NA,"Sim","Sim","","","","","","INOCÊNCIO","","uuid:3e1a1cb3-a561-44cb-977b-240adcbc1a27"
"08/19/2025","IDSW100206",-25.9178007,32.5382148,-14.1999998093,4.983,"Maputo_provincia","matola","ETAR","Vala_esgoto_VE","Aguas_residuais","Grag_sample","22",40,65,NA,NA,"",NA,NA,NA,"Sim","Sim",NA,"Sim","Sim","","","","","","INOCÊNCIO","","uuid:2e9260f3-ff23-4e85-9bba-8f4890681fa9"
"08/19/2025","IDSW100198",-25.9187409,32.5391208,30.6,5,"Maputo Cidade","kamubukwana","ETAR","Cam_Cistern_CC","Aguas_residuais","Torpidos","24",40,51,NA,NA,"",NA,NA,NA,"Sim","Sim",NA,"Sim","Sim","","","","","","INOCÊNCIO","","uuid:39a8f425-8534-43c9-b6b7-0aacea6fa285"
"08/19/2025","IDSW100199",-25.9187781,32.5390271,22.8,4.783,"Maputo Cidade","kamubukwana","ETAR","Cam_Cistern_CC","Aguas_residuais","Moore_swab","24",40,51,NA,NA,"",NA,NA,NA,"Sim","Sim",NA,"Sim","Sim","","","","","","INOCÊNCIO","","uuid:42ebd0cf-8f09-404a-a7ec-45010bc351e2"
"08/05/2025","IDSW100182",-25.9184609,32.5389657,39,7.3,"Maputo Cidade","khampfumo","ETAR","Cam_Cistern_CC","Aguas_residuais","Moore_swab","27,1",8,37,NA,NA,"",NA,NA,NA,"Sim","Sim",NA,"Sim","Sim","","","","","","OSVALDO","","uuid:0cdc59a6-4f79-4518-bd85-41c1fb04b804"
"08/05/2025","IDSW100183",-25.9177804,32.5386099,39,6.75,"Maputo Cidade","khampfumo","ETAR","Vala_esgoto_VE","Aguas_residuais","Torpidos","28,4",8,37,NA,NA,"",NA,NA,NA,"Sim","Sim",NA,"Sim","Sim","","","","","","Osvaldo","","uuid:6c082ea7-ccd3-4a69-8a9b-78c2d94fa11d"
"08/05/2025","IDSW100184",-25.9184279,32.5380225,-25.7,7.2,"Maputo Cidade","khampfumo","ETAR","Vala_esgoto_VE","Aguas_residuais","Moore_swab","29.5",8,27,NA,NA,"",NA,NA,NA,"Sim","Sim",NA,"Sim","Sim","","","","","","Osvaldo","","uuid:9f96d8cc-a81d-42a0-8ab0-b0eb6a9f7da0"
"08/05/2025","IDSW100185",-25.9182982,32.5385299,-33.7,4.916,"Maputo Cidade","khampfumo","ETAR","Vala_esgoto_VE","Aguas_residuais","Grag_sample","29.3",8,27.8,NA,NA,"",NA,NA,NA,"Sim","Sim",NA,"Sim","Sim","","","","","","Osvaldo","","uuid:cb5245a1-1caf-4a8e-b72c-fb584158d86d"
"08/05/2025","IDSW100186",-25.9183815,32.539339,39,8.883,"Maputo Cidade","khampfumo","ETAR","Entrada_ETAR","Aguas_residuais","Torpidos","26,7",8,37,NA,NA,"",NA,NA,NA,"Sim","Sim",NA,"Sim","Sim","","","","","","Osvaldo","","uuid:2c9563ff-0f5a-4900-9af8-2182ba8bf302"
"08/05/2025","IDSW100187",-25.9177867,32.53836,37.3,4.8,"Maputo Cidade","khampfumo","ETAR","Entrada_ETAR","Aguas_residuais","Moore_swab","28",8,27,NA,NA,"",NA,NA,NA,"Sim","Sim",NA,"Sim","Sim","","","","","","Osvaldo","","uuid:3be274bc-91bc-48fa-a374-b8bf82a47d6c"
"08/05/2025","IDSW100188",-25.9183383,32.538503,-33.6,4.85,"Maputo Cidade","khampfumo","ETAR","Entrada_ETAR","Aguas_residuais","Grag_sample","29",8,27.4,NA,NA,"",NA,NA,NA,"Sim","Sim",NA,"Sim","Sim","","","","","","Osvaldo","","uuid:e23f2d54-98c1-413d-9a48-7f6fb7bf2fc0"
"08/26/2025","IDSWT00031",-16.1636815,33.5982311,121.5999984741,4.95,"Tete","tete","Quartel_Militar","Emissario_EM","Aguas_residuais","Moore_swab","29",40,50,NA,NA,"",NA,NA,NA,"Sim","Sim",NA,"Sim","Sim","","","","","","Camacho Monteiro","","uuid:7ffa4d54-8999-4512-8ec6-bc13de34332a"
"08/26/2025","IDSWT00031",-16.1637517,33.5981667,121.5999984741,4.833,"Tete","tete","Quartel_Militar","Emissario_EM","Aguas_residuais","Grag_sample","29",40,50,NA,NA,"",NA,NA,NA,"Sim","Sim",NA,"Sim","Sim","","","","","","Camacho Monteiro","","uuid:6b8617d7-cbc6-4208-9763-c868fcef9f71"
"08/26/2025","IDSWT00032",-16.1579083,33.5923083,121.0999984741,2.957,"Tete","tete","Paraiso_Misterioso","Emissario_EM","Aguas_residuais","Moore_swab","29",40,50,NA,NA,"",NA,NA,NA,"Sim","Sim",NA,"Sim","Sim","","","","","","Camacho Monteiro","","uuid:0cdfb3e1-5a5f-404b-9f86-9d7873a59153"
"08/26/2025","IDSWT00032",-16.1578667,33.592275,121.0999984741,5,"Tete","tete","Paraiso_Misterioso","Emissario_EM","Aguas_residuais","Grag_sample","29",40,50,NA,NA,"",NA,NA,NA,"Sim","Sim",NA,"Sim","Sim","","","","","","Camacho Monteiro","","uuid:e800da0f-8262-46d7-8c33-8f5129ab5fdc"
"08/26/2025","IDSWT00033",-16.1560233,33.590335,148.3000030518,4.966,"Tete","tete","Mercado_do_Peixe","Emissario_EM","Aguas_residuais","Moore_swab","29",40,50,NA,NA,"",NA,NA,NA,"Sim","Sim",NA,"Sim","Sim","Sim","","","","","Camacho Monteiro","","uuid:2aacf780-ed15-4632-9c79-00ea7f09f711"
"08/26/2025","IDSWT00033",-16.155915,33.5903867,148.3000030518,4.583,"Tete","tete","Mercado_do_Peixe","Emissario_EM","Aguas_residuais","Grag_sample","29",40,50,NA,NA,"",NA,NA,NA,"Sim","Sim",NA,"Sim","Sim","","","","","","Camacho Monteiro","","uuid:1e02c36e-32ce-475d-99e0-9da0f7b45bfb"
"08/26/2025","IDSWT00034",-16.154465,33.5886833,123.3000030518,4.7,"Tete","tete","Registo","Emissario_EM","Aguas_residuais","Moore_swab","29",40,50,NA,NA,"",NA,NA,NA,"Sim","Sim",NA,"Sim","Sim","","","","","","Camacho Monteiro","","uuid:3965ddb5-eda7-491d-b463-2a642eb1c482"
"08/26/2025","IDSWT00034",-16.1545817,33.58865,123.3000030518,4.633,"Tete","tete","Registo","Emissario_EM","Aguas_residuais","Grag_sample","29",40,50,NA,NA,"",NA,NA,NA,"Sim","Sim",NA,"Sim","Sim","","","","","","Camacho Monteiro","","uuid:3e775a0f-6031-4361-927a-0ac575de90bc"
"07/15/2025","IDSW100154",-25.9242181,32.5466936,36.7999992371,180,"Maputo Cidade","kamubukwana","ETAR","Cam_Cistern_CC","Aguas_residuais","Moore_swab","21.3",40,51,NA,NA,"",NA,NA,NA,"Sim","Sim",NA,"Sim","Sim","","","","","","INOCÊNCIO","Problemas de localização","uuid:3859bdce-16fe-4759-978e-85e4f8d4f116"
"07/15/2025","IDSW100155",-25.9362916,32.5282364,25.3000011444,164.4,"Maputo Cidade","kamubukwana","ETAR","Cam_Cistern_CC","Aguas_residuais","Grag_sample","21.3",40,51,NA,NA,"",NA,NA,NA,"Sim","Sim",NA,"Sim","Sim","","","","","","INOCÊNCIO","Problemas com localizacao","uuid:13220563-c254-4fc2-8cb4-3600092541bf"
"07/15/2025","IDSW100156",-25.9179617,32.5382493,-11.8999996185,149.6,"Maputo Cidade","kamubukwana","ETAR","Entrada_ETAR","Aguas_residuais","Torpidos","21.3",40,51,NA,NA,"",NA,NA,NA,"Sim","Sim",NA,"Sim","Sim","","","","","","INOCÊNCIO","Problemas com a localização","uuid:82aae969-15ab-4b1c-9624-f3bd46040d04"
"07/15/2025","IDSW100157",-25.9179959,32.5382318,-11.8999996185,180,"Maputo Cidade","kamubukwana","ETAR","Entrada_ETAR","Aguas_residuais","Moore_swab","21.3",40,51,NA,NA,"",NA,NA,NA,"Sim","Sim",NA,"Sim","Sim","","","","","","INOCÊNCIO","Problemas com a ligação","uuid:61b3c007-26b6-4f0f-8c45-799d3f379563"
"08/13/2025","IDSW100170",-25.9174604,32.5384141,-8.4,7.46,"Maputo Cidade","kamubukwana","ETAR","Vala_esgoto_VE","Aguas_residuais","Torpidos","22",40,67,NA,NA,"",NA,NA,NA,"Sim","Sim",NA,"Sim","Sim","","","","","","","","uuid:c10f0b4a-5381-43c2-9f10-0f35d647cc45"
"08/13/2025","IDSW100171",-25.9175376,32.538231,-3.5,5.28,"Maputo Cidade","kamubukwana","ETAR","Vala_esgoto_VE","Aguas_residuais","Grag_sample","22",40,67,NA,NA,"",NA,NA,NA,"Sim","Sim",NA,"Sim","Sim","","","","","","INOCÊNCIO","","uuid:d4089eed-860d-4108-87c1-58addb2ed3de"
"08/13/2025","IDSW100172",-25.9182906,32.5392201,-25.4,8.066,"Maputo Cidade","kamubukwana","ETAR","Entrada_ETAR","Aguas_residuais","Torpidos","22",40,67,NA,NA,"",NA,NA,NA,"Sim","Sim",NA,"Sim","Sim","","","","","","INOCÊNCIO","","uuid:25559f81-c63c-4a6c-8f91-e87b6146109e"
"08/13/2025","IDSW100173",-25.9182333,32.5392017,-23.8,7.625,"Maputo Cidade","kamubukwana","ETAR","Entrada_ETAR","Aguas_residuais","Moore_swab","22",40,67,NA,NA,"",NA,NA,NA,"Sim","Sim",NA,"Sim","Sim","","","","","","INOCÊNCIO","","uuid:48648a1c-4674-4753-83b7-e648c4a13938"
"08/13/2025","IDSW100174",-25.9184917,32.5393385,-24.2,6.5,"Maputo Cidade","kamubukwana","ETAR","Entrada_ETAR","Aguas_residuais","Grag_sample","22",40,67,NA,NA,"",NA,NA,NA,"Sim","Sim",NA,"Sim","Sim","","","","","","INOCÊNCIO","","uuid:a7ef2ddd-30f2-4731-9dbd-0f49d911374c"
"08/13/2025","IDSW100175",-25.9184764,32.5391242,-16.9,12.15,"Maputo Cidade","kamubukwana","ETAR","Cam_Cistern_CC","Aguas_residuais","Torpidos","22",40,67,NA,NA,"",NA,NA,NA,"Sim","Sim",NA,"Sim","Sim","","","","","","INOCÊNCIO","","uuid:d13a119b-ba30-4146-9990-30221eb494af"
"08/13/2025","IDSW100176",-25.9185849,32.5390502,-34.8,6.65,"Maputo Cidade","kamubukwana","ETAR","Cam_Cistern_CC","Aguas_residuais","Moore_swab","22",40,67,NA,NA,"",NA,NA,NA,"Sim","Sim",NA,"Sim","Sim","","","","","","INOCÊNCIO","","uuid:912eccb5-8433-4a8d-ba53-82cfdf9eeb81"
"08/13/2025","IDSW100177",-25.9187159,32.5390085,-32.3,7,"Maputo Cidade","kamubukwana","ETAR","Cam_Cistern_CC","Aguas_residuais","Grag_sample","22",40,67,NA,NA,"",NA,NA,NA,"Sim","Sim",NA,"Sim","Sim","","","","","","INOCÊNCIO","","uuid:1aa8b14c-8480-4f37-9695-f57886feef9b"
"08/26/2025","IDSW100207",-25.9187202,32.5390617,35.7,4.95,"Maputo Cidade","kamubukwana","ETAR","Cam_Cistern_CC","Aguas_residuais","Torpidos","23",40,64,NA,NA,"",NA,NA,NA,"Sim","Sim",NA,"Sim","Sim","","","","","","INOCÊNCIO","","uuid:e646d7b4-b1aa-4248-b7f6-6a7f7b44bab6"
"08/26/2025","IDSW100208",-25.9186614,32.5391368,35.2,4.7,"Maputo Cidade","kamubukwana","ETAR","Cam_Cistern_CC","Aguas_residuais","Moore_swab","23",40,64,NA,NA,"",NA,NA,NA,"Sim","Sim",NA,"Sim","Sim","","","","","","INOCÊNCIO","","uuid:36a263c4-99af-477e-b321-70cb7ccebd72"
"08/26/2025","IDSW100209",-25.9186608,32.5390732,33.8,4.72,"Maputo Cidade","kamubukwana","ETAR","Cam_Cistern_CC","Aguas_residuais","Grag_sample","23",40,64,NA,NA,"",NA,NA,NA,"Sim","Sim",NA,"Sim","Sim","","","","","","INOCÊNCIO","","uuid:137c9d7c-bc9d-4f74-ad7e-6b1292ee31ac"
"08/26/2025","IDSW100210",-25.9184348,32.5392383,28.7,4.16,"Maputo Cidade","kamubukwana","ETAR","Entrada_ETAR","Aguas_residuais","Torpidos","23",40,64,NA,NA,"",NA,NA,NA,"Sim","Sim",NA,"Sim","Sim","","","","","","INOCÊNCIO","","uuid:102590b3-af68-43ec-844b-725fdb2e913c"
"08/26/2025","IDSW100211",-25.9184567,32.5393333,28.4,4.6,"Maputo Cidade","kamubukwana","ETAR","Entrada_ETAR","Aguas_residuais","Moore_swab","23",40,64,NA,NA,"",NA,NA,NA,"Sim","Sim",NA,"Sim","Sim","","","","","","INOCÊNCIO","","uuid:4dab564e-46fe-4f01-967f-0d3d2a0b56cd"
"08/26/2025","IDSW100212",-25.9185117,32.5393454,28.3,5,"Maputo Cidade","kamubukwana","ETAR","Entrada_ETAR","Aguas_residuais","Grag_sample","23",40,64,NA,NA,"",NA,NA,NA,"Sim","Sim",NA,"Sim","Sim","","","","","","INOCÊNCIO","","uuid:1a73a909-5e5f-46a6-8f61-6fcf0c74618c"
"08/26/2025","IDSW100213",-25.9176716,32.5381117,28.1,4.516,"Maputo_provincia","matola","ETAR","Vala_esgoto_VE","Aguas_residuais","Torpidos","23",40,64,NA,NA,"",NA,NA,NA,"Sim","Sim",NA,"Sim","Sim","","","","","","INOCÊNCIO","","uuid:65360d45-2904-458b-9bed-36570f915bcd"
"08/26/2025","IDSW100214",-25.9177497,32.5381363,28.3,4.816,"Maputo_provincia","matola","ETAR","Vala_esgoto_VE","Aguas_residuais","Moore_swab","23",40,64,NA,NA,"",NA,NA,NA,"Sim","Sim",NA,"Sim","Sim","","","","","","INOCÊNCIO","","uuid:9f717d1a-a5be-4048-b942-c8507feae679"
"08/26/2025","IDSW100215",-25.9176407,32.5381405,28,4.74,"Maputo_provincia","matola","ETAR","Vala_esgoto_VE","Aguas_residuais","Grag_sample","23",40,64,NA,NA,"",NA,NA,NA,"Sim","Sim",NA,"Sim","Sim","","","","","","INOCÊNCIO","","uuid:66dfdbf3-d393-49fa-aad1-8af3de4cf1b4"
"08/05/2025","IDSW100180",-25.9187067,32.53903,26.8,4.3,"Maputo Cidade","khampfumo","ETAR","Cam_Cistern_CC","Aguas_residuais","Torpidos","29.9",8,51,NA,NA,"",NA,NA,NA,"Sim","Sim",NA,"Sim","Sim","Nao","Nao","","","","OSVALDO","","uuid:67de7fce-3559-4d7a-b435-51053e2728f7"
"08/05/2025","IDSW100181",-25.9184195,32.539294,36.6,7.85,"Maputo Cidade","khampfumo","ETAR","Entrada_ETAR","Aguas_residuais","Grag_sample","28.3",8,47,NA,NA,"",NA,NA,NA,"Sim","Sim",NA,"Sim","Sim","","","","","","OSVALDO","","uuid:3f785dae-cea8-43b5-b53d-ee018a8bc4c4"
"07/15/2025","IDSW100153",-25.9362901,32.5282355,25.3000011444,172.1,"Maputo Cidade","kamubukwana","ETAR","Cam_Cistern_CC","Aguas_residuais","Torpidos","21.3",40,57,NA,NA,"",NA,NA,NA,"Sim","Sim",NA,"Sim","Sim","","","","","","INOCÊNCIO","","uuid:95464ab7-900f-45b7-870d-0ba456e96c54"
"08/27/2025","IDSW100217",-25.9841167,32.5919117,112.3,4.95,"Maputo Cidade","kamubukwana","Tempestade","Emissario_EM","Aguas_residuais","Torpidos","24",40,65,NA,NA,"",NA,NA,NA,"Sim","Sim",NA,"Sim","Sim","","","","","","INOCÊNCIO","","uuid:82e3970f-1d7c-47df-a7a7-8ab35a8a421a"
"08/27/2025","IDSW100218",-25.9839572,32.5920261,84.5,4.416,"Maputo Cidade","kamubukwana","Tempestade","Emissario_EM","Aguas_residuais","Moore_swab","24",40,65,NA,NA,"",NA,NA,NA,"Sim","Sim",NA,"Sim","Sim","","","","","","INOCÊNCIO","","uuid:45ce524a-e7f9-4c30-b89b-a991e79abad2"
"08/27/2025","IDSW100219",-25.983902,32.5921356,82.5,3.957,"Maputo Cidade","kamubukwana","Tempestade","Emissario_EM","Aguas_residuais","Grag_sample","24",40,65,NA,NA,"",NA,NA,NA,"Sim","Sim",NA,"Sim","Sim","","","","","","INOCÊNCIO","","uuid:711bade8-0413-4050-bda4-4345dfd9fbcb"
"08/27/2025","IDSW100216",-25.9650301,32.6022731,29.5,4.9,"Maputo Cidade","kamubukwana","Presidencia","Emissario_EM","Aguas_residuais","Grag_sample","24",40,65,NA,NA,"",NA,NA,NA,"Sim","Sim",NA,"Sim","Sim","","","","","","INOCÊNCIO","","uuid:b25878d3-fd09-4eec-88e6-f52d8b0fa162"
"09/03/2025","IDSWT00035",-16.163625,33.59818,121.5999984741,4.983,"Tete","tete","Quartel_Militar","Emissario_EM","Aguas_residuais","Moore_swab","27",40,50,NA,NA,"",NA,NA,NA,"Sim","Sim",NA,"Sim","Sim","","","","","","Camacho Monteiro","","uuid:9523e877-74d1-4aab-8984-a36e045f2b6f"
"09/03/2025","IDSWT00035",-16.16377,33.5982017,121.5999984741,4.5,"Tete","tete","Quartel_Militar","Emissario_EM","Aguas_residuais","Grag_sample","27",40,50,NA,NA,"",NA,NA,NA,"Sim","Sim",NA,"Sim","Sim","","","","","","Camacho Monteiro","","uuid:508f98c7-5ffd-41bb-b24d-de9ca12d39ad"
"09/03/2025","IDSWT00036",-16.15786,33.59231,120,4.4,"Tete","tete","Paraiso_Misterioso","Emissario_EM","Aguas_residuais","Moore_swab","27",40,50,NA,NA,"",NA,NA,NA,"Sim","Sim",NA,"Sim","Sim","","","","","","Camacho Monteiro","","uuid:6500eaa9-d091-47ca-992e-110cba9d9fa0"
"09/03/2025","IDSWT00036",-16.1578367,33.5922483,120,2.9,"Tete","tete","Paraiso_Misterioso","Emissario_EM","Aguas_residuais","Grag_sample","27",40,50,NA,NA,"",NA,NA,NA,"Sim","Sim",NA,"Sim","Sim","","","","","","Camacho Monteiro","","uuid:57fac5bd-e36f-47d2-93a8-48f1e7945b2d"
"09/03/2025","IDSWT00037",-16.1558817,33.5904017,120.5999984741,4.96,"Tete","tete","Mercado_do_Peixe","Emissario_EM","Aguas_residuais","Moore_swab","27",40,50,NA,NA,"",NA,NA,NA,"Sim","Sim",NA,"Sim","Sim","Sim","","","","","Camacho Monteiro","","uuid:d60dec73-11be-41a7-8424-15ce3652ad63"
"09/03/2025","IDSWT00037",-16.1559433,33.590405,121.5999984741,4.983,"Tete","tete","Mercado_do_Peixe","Emissario_EM","Aguas_residuais","Grag_sample","27",40,50,NA,NA,"",NA,NA,NA,"Sim","Sim",NA,"Sim","Sim","","","","","","Camacho Monteiro","","uuid:6ebd235c-8349-4747-8578-5b3e06a3ddd2"
"09/03/2025","IDSWT00038",-16.1545339,33.588664,121.3000030518,4.683,"Tete","tete","Registo","Emissario_EM","Aguas_residuais","Moore_swab","27",40,50,NA,NA,"",NA,NA,NA,"Sim","Sim",NA,"Sim","Sim","","Sim","","","","Camacho Monteiro","","uuid:829ec19e-8548-46d0-b89b-f39277a16c0d"
"09/03/2025","IDSWT00038",-16.1544883,33.58862,123.3000030518,3.3,"Tete","tete","Registo","Emissario_EM","Aguas_residuais","Grag_sample","27",40,50,NA,NA,"",NA,NA,NA,"Sim","Sim",NA,"Sim","Sim","","","","","","Camacho Monteiro","","uuid:a87ef909-98b0-4ea2-af2b-ede4767b2f14"
"09/02/2025","IDSW100220",-25.965082,32.6022932,24.7,4.9,"Maputo Cidade","kamubukwana","Presidencia","Emissario_EM","Aguas_residuais","Torpidos","26",40,65,NA,NA,"",NA,NA,NA,"Sim","Sim",NA,"Sim","Sim","","","","","","INOCÊNCIO","","uuid:e27bd981-2666-43fa-b0b0-c8a297fd8427"
"09/02/2025","IDSW100221",-25.9650614,32.6023371,24.3,4.716,"Maputo Cidade","kamubukwana","Presidencia","Emissario_EM","Aguas_residuais","Moore_swab","26",40,65,NA,NA,"",NA,NA,NA,"Sim","Sim",NA,"Sim","Sim","","","Sim","","","INOCÊNCIO","","uuid:ce432f09-567b-425c-ab8e-d2ca0471d6b7"
"09/02/2025","IDSW100222",-25.9650981,32.602304,24.8,4.65,"Maputo Cidade","kamubukwana","Presidencia","Emissario_EM","Aguas_residuais","Grag_sample","26",40,65,NA,NA,"",NA,NA,NA,"Sim","Sim",NA,"Sim","Sim","","","Sim","","","INOCÊNCIO","","uuid:13999c08-6d6a-45df-a4c3-6644ca4c89fb"
"09/02/2025","IDSW100225",-25.983758,32.5919903,20.9,4.033,"Maputo Cidade","kamubukwana","Tempestade","Emissario_EM","Aguas_residuais","Grag_sample","26",40,65,NA,NA,"",NA,NA,NA,"Sim","Sim",NA,"Sim","Sim","","","","","","INOCÊNCIO","","uuid:3896f322-e155-45dc-9689-5976b7b649df"
"09/02/2025","IDSW100224",-25.9837786,32.5919872,35.4,4.7,"Maputo Cidade","kamubukwana","Tempestade","Emissario_EM","Aguas_residuais","Moore_swab","26",40,65,NA,NA,"",NA,NA,NA,"Sim","Sim",NA,"Sim","Sim","","","Sim","","","INOCÊNCIO","","uuid:c845ac80-ad61-404b-b8fe-e2fd71e07b7b"
"09/02/2025","IDSW100223",-25.9837572,32.5919688,35.8,4.816,"Maputo Cidade","kamubukwana","Tempestade","Emissario_EM","Aguas_residuais","Torpidos","26",40,65,NA,NA,"",NA,NA,NA,"Sim","Sim",NA,"Sim","Sim","","","","","","","","uuid:9bfb950f-2e13-4334-a62c-9a74aacfdcc1"
"09/02/2025","IDSW100227",-25.9187898,32.5390906,33,4.68,"Maputo Cidade","kamubukwana","ETAR","Cam_Cistern_CC","Aguas_residuais","Moore_swab","26",40,65,NA,NA,"",NA,NA,NA,"Sim","Sim",NA,"Sim","Sim","","","Sim","","","INOCÊNCIO","","uuid:3ccfe3e4-ac23-48f2-80b4-3115109bbca2"
"09/02/2025","IDSW100228",-25.9187168,32.5391121,32.9,4.92,"Maputo Cidade","kamubukwana","ETAR","Cam_Cistern_CC","Aguas_residuais","Grag_sample","26",40,72,NA,NA,"",NA,NA,NA,"Sim","Sim",NA,"Sim","Sim","","","Sim","","","INOCÊNCIO","","uuid:9c1210c7-e4eb-4255-9eb8-5343ef83d383"
"09/02/2025","IDSW100226",-25.9187511,32.5391156,32.8,5,"Maputo Cidade","kamubukwana","ETAR","Cam_Cistern_CC","Aguas_residuais","Torpidos","26",40,72,NA,NA,"",NA,NA,NA,"Sim","Sim",NA,"Sim","Sim","","","","","","INOCÊNCIO","","uuid:a98c42d4-dba7-4bc7-b3c1-19bfd8238d5c"
"09/02/2025","IDSW100230",-25.9184684,32.5392838,32.8,4.916,"Maputo Cidade","kamubukwana","ETAR","Entrada_ETAR","Aguas_residuais","Moore_swab","24",40,72,NA,NA,"",NA,NA,NA,"Sim","Sim",NA,"Sim","Sim","","","Sim","","","INOCÊNCIO","","uuid:e5329f29-c170-4530-9bab-4c060c0c5e7d"
"09/02/2025","IDSW100229",-25.9017867,32.6091717,58.5,4.9,"Maputo Cidade","kamubukwana","ETAR","Entrada_ETAR","Aguas_residuais","Torpidos","26",40,72,NA,NA,"",NA,NA,NA,"Sim","Sim",NA,"Sim","Sim","","","Nao","Nao","","INOCÊNCIO","","uuid:46f1e106-074d-4e3b-a69b-7d5727b3e4ae"
"09/02/2025","IDSW100231",-25.9183981,32.5392952,34.1,4.96,"Maputo Cidade","kamubukwana","ETAR","Entrada_ETAR","Aguas_residuais","Grag_sample","26",40,72,NA,NA,"",NA,NA,NA,"Sim","Sim",NA,"Sim","Sim","","","Sim","","","INOCÊNCIO","","uuid:33baaa49-bfb4-4161-ba51-8cf126848040"
"09/02/2025","IDSW100232",-25.9177267,32.5382117,41.7,4.4,"Maputo Cidade","kamubukwana","ETAR","Vala_esgoto_VE","Aguas_residuais","Torpidos","26",40,72,NA,NA,"",NA,NA,NA,"Sim","Sim",NA,"Sim","Sim","","","","","","INOCÊNCIO","","uuid:7dbd38c3-8fc9-4f0b-9a29-71cdc42466b7"
"09/02/2025","IDSW100233",-25.9177693,32.5382817,37.9,3.985,"Maputo_provincia","matola","ETAR","Vala_esgoto_VE","Aguas_residuais","Moore_swab","26",40,72,NA,NA,"",NA,NA,NA,"Sim","Sim",NA,"Sim","Sim","","","Sim","","","INOCÊNCIO","","uuid:00799ab7-ed7e-48d0-84a3-560af2bba952"
"09/02/2025","IDSW100234",-25.9175219,32.5383736,35.8,5,"Maputo_provincia","matola","ETAR","Vala_esgoto_VE","Aguas_residuais","Grag_sample","26",40,72,NA,NA,"",NA,NA,NA,"Sim","Sim",NA,"Sim","Sim","","","Sim","","","INOCÊNCIO","","uuid:2095656c-b3ce-4f4f-8be2-885b3ef0299c"
"09/10/2025","IDSW100235",-25.9651245,32.6023214,16,4.883,"Maputo Cidade","kamubukwana","Presidencia","Emissario_EM","Aguas_residuais","Grag_sample","24",40,74,NA,NA,"",NA,NA,NA,"Sim","Sim",NA,"Sim","Sim","","","Sim","","","INOCÊNCIO","","uuid:2b32927f-fa69-431c-bd1d-1f3e3437dd05"
"09/10/2025","IDSW100236",-25.9837388,32.5919795,22.2,4.966,"Maputo Cidade","kamubukwana","Tempestade","Emissario_EM","Aguas_residuais","Torpidos","24",40,74,NA,NA,"",NA,NA,NA,"Sim","Sim",NA,"Sim","Sim","","","Nao","","","INOCÊNCIO","","uuid:8811a61e-4e57-4c12-84f6-0dc1aa8f1ef0"
"09/10/2025","IDSW100237",-25.9835845,32.5919432,77.8,5,"Maputo Cidade","kamubukwana","Tempestade","Emissario_EM","Aguas_residuais","Moore_swab","24",40,74,NA,NA,"",NA,NA,NA,"Sim","Sim",NA,"Sim","Sim","","","Sim","","","INOCÊNCIO","","uuid:0e440973-9e4d-4b62-9a97-98985828aaf8"
"09/10/2025","IDSW100238",-25.9836177,32.5919875,77.9,4.983,"Maputo Cidade","kamubukwana","Tempestade","Emissario_EM","Aguas_residuais","Grag_sample","24",40,74,NA,NA,"",NA,NA,NA,"Sim","Sim",NA,"Sim","Sim","","","Sim","","","INOCÊNCIO","","uuid:d89e91a8-af71-44ee-b8a8-8c1371f68545"
"09/10/2025","IDSW100239",-25.9177264,32.5382772,27.9,4.983,"Maputo_provincia","matola","ETAR","Vala_esgoto_VE","Aguas_residuais","Torpidos","24",40,74,NA,NA,"",NA,NA,NA,"Sim","Sim",NA,"Sim","Sim","","","","","","INOCÊNCIO","","uuid:d0ddfc26-ec90-4d97-816d-1d26863886ad"
"09/10/2025","IDSW100240",-25.9178543,32.5381316,25.4,4.966,"Maputo_provincia","matola","ETAR","Vala_esgoto_VE","Aguas_residuais","Moore_swab","24",40,74,NA,NA,"",NA,NA,NA,"Sim","Sim",NA,"Sim","Sim","","","Sim","","","INOCÊNCIO","","uuid:eed13ce4-3b60-47dd-b55a-00477d682682"
"09/10/2025","IDSW100241",-25.9177148,32.5382921,25.5,4.7,"Maputo_provincia","matola","ETAR","Vala_esgoto_VE","Aguas_residuais","Grag_sample","24",40,74,NA,NA,"",NA,NA,NA,"Sim","Sim",NA,"Sim","Sim","","","Sim","","","INOCÊNCIO","","uuid:579bc17b-77e3-4400-b5f0-f4c8736d80e5"
"09/10/2025","IDSW100242",-25.9184105,32.5392044,26.5,4.32,"Maputo_provincia","matola","ETAR","Entrada_ETAR","Aguas_residuais","Torpidos","24",40,74,NA,NA,"",NA,NA,NA,"Sim","Sim",NA,"Sim","Sim","","","","","","INOCÊNCIO","","uuid:fb396df6-67e1-4c47-a377-e42ce4149072"
"09/10/2025","IDSW100243",-25.918427,32.5392229,24.5,4.8,"Maputo_provincia","matola","ETAR","Entrada_ETAR","Aguas_residuais","Moore_swab","24",40,74,NA,NA,"",NA,NA,NA,"Sim","Sim",NA,"Sim","Sim","","","Sim","","","INOCÊNCIO","","uuid:b4675794-64aa-4c98-b2ac-e9eb06451485"
"09/10/2025","IDSW100244",-25.9184325,32.5392023,24.4,4.34,"Maputo_provincia","matola","ETAR","Entrada_ETAR","Aguas_residuais","Grag_sample","24",40,74,NA,NA,"",NA,NA,NA,"Sim","Sim",NA,"Sim","Sim","","","Sim","","","INOCÊNCIO","","uuid:d9e35eeb-91b6-47ce-a546-e46c68d21d60"
"09/10/2025","IDSW100245",-25.9188121,32.5390227,24.4,4.74,"Maputo_provincia","matola","ETAR","Cam_Cistern_CC","Aguas_residuais","Torpidos","24",40,74,NA,NA,"",NA,NA,NA,"Sim","Sim",NA,"Sim","Sim","","","","","","INOCÊNCIO","","uuid:164cf13d-aa9f-4f94-9130-a52d4e3c38c1"
"09/10/2025","IDSW100246",-25.9187895,32.5390883,24.3,4.3,"Maputo_provincia","matola","ETAR","Cam_Cistern_CC","Aguas_residuais","Moore_swab","24",40,74,NA,NA,"",NA,NA,NA,"Sim","Sim",NA,"Sim","Sim","","","Sim","","","INOCÊNCIO","","uuid:f828e03b-9d53-4ecb-89d7-b3636a3ed3a7"
"09/10/2025","IDSW100247",-25.9187328,32.5391069,36.1,4.833,"Maputo_provincia","matola","ETAR","Entrada_ETAR","Aguas_residuais","Grag_sample","24",40,74,NA,NA,"",NA,NA,NA,"Sim","Sim",NA,"Sim","Sim","","","Sim","","","INOCÊNCIO","","uuid:42e28c8c-19c8-41e5-9863-716c02c49e0b"
"09/10/2025","IDSWT00039",-16.1633305,33.5984815,121.5999984741,5,"Tete","tete","Quartel_Militar","Emissario_EM","Aguas_residuais","Moore_swab","23",40,50,NA,NA,"",NA,NA,NA,"Sim","Sim",NA,"Sim","Sim","","","","","","Camacho Monteiro","","uuid:808d254b-e9c1-4a80-b3d6-13a07ada00bf"
"09/10/2025","IDSWT00040",-16.1637666,33.5982775,120.4000015259,4.828,"Tete","tete","Quartel_Militar","Emissario_EM","Aguas_residuais","Grag_sample","23",40,50,NA,NA,"",NA,NA,NA,"Sim","Sim",NA,"Sim","Sim","","","","","","Camacho Monteiro","","uuid:91806bf8-b7cb-465a-973b-a8588ee16191"
"09/10/2025","IDSWT00041",-16.1579017,33.5922533,120,4.6,"Tete","tete","Paraiso_Misterioso","Emissario_EM","Aguas_residuais","Moore_swab","23",40,50,NA,NA,"",NA,NA,NA,"Sim","Sim",NA,"Sim","Sim","","","","","","Camacho Monteiro","","uuid:2e70d3a2-b446-4f1d-bdae-0f1bacd5e0db"
"09/10/2025","IDSWT00042",-16.1577967,33.5921283,120,4.85,"Tete","tete","Paraiso_Misterioso","Emissario_EM","Aguas_residuais","Grag_sample","23",40,50,NA,NA,"",NA,NA,NA,"Sim","Sim",NA,"Sim","Sim","","","","","","Camacho Monteiro","","uuid:3c76d1ba-177f-47a5-a54b-c041676b0b4c"
"09/10/2025","IDSWT00043",-16.1559725,33.5903831,120.0999984741,4.666,"Tete","tete","Mercado_do_Peixe","Emissario_EM","Aguas_residuais","Moore_swab","23",40,50,NA,NA,"",NA,NA,NA,"Sim","Sim",NA,"Sim","Sim","","","","","","Camacho Monteiro","","uuid:f866831d-5a5c-47ea-a11b-a66e01a3c170"
"09/10/2025","IDSWT00044",-16.1559884,33.5903966,120.0999984741,3.7,"Tete","tete","Mercado_do_Peixe","Emissario_EM","Aguas_residuais","Grag_sample","23",40,50,NA,NA,"",NA,NA,NA,"Sim","Sim",NA,"Sim","Sim","","","","","","Camacho Monteiro","","uuid:7b9ff268-a337-4433-a9b4-c232ed2d33e2"
"09/10/2025","IDSWT00045",-16.1545335,33.5886327,121.3000030518,4.183,"Tete","tete","Registo","Emissario_EM","Aguas_residuais","Moore_swab","23",40,50,NA,NA,"",NA,NA,NA,"Sim","Sim",NA,"Sim","Sim","","","","","","Camacho Monteiro","","uuid:abf405f6-5dca-43cf-b5b1-a4872c57eecf"
"09/10/2025","IDSWT00046",-16.15457,33.588639,121.3000030518,3.483,"Tete","tete","Registo","Emissario_EM","Aguas_residuais","Grag_sample","23",40,50,NA,NA,"",NA,NA,NA,"Sim","Sim",NA,"Sim","Sim","","","","","","Camacho Monteiro","","uuid:ed13a29e-08bb-4ab9-85e9-8311efed93f1"
"09/16/2025","IDSWT00047",-16.1637467,33.59822,121.6999969482,4,"Tete","tete","Quartel_Militar","Emissario_EM","Aguas_residuais","Moore_swab","29",8,54,NA,NA,"",NA,NA,NA,"Sim","Sim",NA,"Sim","Sim","Sim","","","","","","","uuid:20c86027-9733-4d66-a847-55bccc2a1276"
"09/16/2025","IDSWT00048",-16.1637752,33.5982369,121.5,3.633,"Tete","tete","Quartel_Militar","Emissario_EM","Aguas_residuais","Grag_sample","29",8,54,NA,NA,"",NA,NA,NA,"Sim","Sim",NA,"Sim","Sim","Sim","","","","","","","uuid:34aea3ab-535f-43f8-a513-b17138dcca46"
"09/16/2025","IDSWT00049",-16.157815,33.5922529,120,3.9,"Tete","tete","Paraiso_Misterioso","Emissario_EM","Aguas_residuais","Moore_swab","29",8,54,NA,NA,"",NA,NA,NA,"Sim","Sim",NA,"Sim","Sim","","","","","","Camacho Monteiro","","uuid:00e1919b-cc9b-48ee-a349-e13f666d49ba"
"09/16/2025","IDSWT00050",-16.157865,33.592225,120,1.86,"Tete","tete","Paraiso_Misterioso","Emissario_EM","Aguas_residuais","Grag_sample","29",8,54,NA,NA,"",NA,NA,NA,"Sim","Sim",NA,"Sim","Sim","","","","","","Camacho Monteiro","","uuid:c21ba42e-a9b4-4e3e-b0da-18a6e03e24a2"
"09/16/2025","IDSWT00051",-16.1559615,33.5903453,127.0999984741,3.84,"Tete","tete","Mercado_do_Peixe","Emissario_EM","Aguas_residuais","Moore_swab","29",8,54,NA,NA,"",NA,NA,NA,"Sim","Sim",NA,"Sim","Sim","","","","","","Camacho Monteiro","","uuid:286e6048-4b8c-4653-a5ae-529c18df1ba7"
"09/16/2025","IDSWT00052",-16.1560162,33.5903319,127.0999984741,4.416,"Tete","tete","Mercado_do_Peixe","Emissario_EM","Aguas_residuais","Grag_sample","29",8,54,NA,NA,"",NA,NA,NA,"Sim","Sim",NA,"Sim","Sim","","","","","","Camacho Monteiro","","uuid:e08ec4ae-f1fa-4017-8ecc-4fcdf77c7528"
"09/16/2025","IDSWT00053",-16.1545579,33.5885758,120.6999969482,4.833,"Tete","tete","Registo","Emissario_EM","Aguas_residuais","Moore_swab","29",8,54,NA,NA,"",NA,NA,NA,"Sim","Sim",NA,"Sim","Sim","","","","","","Camacho Monteiro","","uuid:68275906-8848-465d-a92b-703b66e1f45f"
"09/16/2025","IDSWT00054",-16.1545575,33.5885772,120.6999969482,4.775,"Tete","tete","Registo","Emissario_EM","Aguas_residuais","Grag_sample","29",8,54,NA,NA,"",NA,NA,NA,"Sim","Sim",NA,"Sim","Sim","Sim","","","","","Camacho Monteiro","","uuid:c617a182-20e0-41d0-bc40-5b7f9fbcecf1"
"09/16/2025","IDSW100248",-25.965024,32.6024673,40.7000007629,4.966,"Maputo Cidade","kamubukwana","Presidencia","Emissario_EM","Aguas_residuais","Moore_swab","28",40,35,NA,NA,"",NA,NA,NA,"Sim","Sim",NA,"Sim","Sim","","","Sim","","","INOCÊNCIO","","uuid:0e911c1f-b14e-4d5d-a99e-235758012915"
"09/16/2025","IDSW100249",-25.9649744,32.6025106,51.2000007629,4.916,"Maputo Cidade","kamubukwana","Presidencia","Emissario_EM","Aguas_residuais","Grag_sample","28",40,35,NA,NA,"",NA,NA,NA,"Sim","Sim",NA,"Sim","Sim","","","Sim","","","INOCÊNCIO","","uuid:ff967449-1251-40e6-9f17-5ed7ab8a7fa6"
"09/16/2025","IDSW100250",-25.9837998,32.591987,51.2000007629,4.95,"Maputo Cidade","kamubukwana","Tempestade","Emissario_EM","Aguas_residuais","Torpidos","28",40,35,NA,NA,"",NA,NA,NA,"Sim","Sim",NA,"Sim","Sim","","","","","","INOCÊNCIO","","uuid:6e447615-6c05-4ca9-8ed9-ab05148080f1"
"09/16/2025","IDSW100251",-25.9837883,32.592025,51.2000007629,4.7,"Maputo Cidade","kamubukwana","Tempestade","Emissario_EM","Aguas_residuais","Moore_swab","28",40,35,NA,NA,"",NA,NA,NA,"Sim","Sim",NA,"Sim","Sim","","","Sim","","","INOCÊNCIO","","uuid:a695ed54-48a5-415b-813b-e6e25b1db260"
"09/16/2025","IDSW100252",-25.9838268,32.5920204,51.2000007629,4.866,"Maputo Cidade","kamubukwana","Tempestade","Emissario_EM","Aguas_residuais","Grag_sample","28",40,35,NA,NA,"",NA,NA,NA,"Sim","Sim",NA,"Sim","Sim","","","Sim","","","INOCÊNCIO","","uuid:ac953c55-fe3c-40d3-8721-d645aa0d4be3"
"09/16/2025","IDSW100253",-25.9177672,32.5383404,26.2000007629,4.9,"Maputo_provincia","matola","ETAR","Vala_esgoto_VE","Aguas_residuais","Torpidos","30",40,28,NA,NA,"",NA,NA,NA,"Sim","Sim",NA,"Sim","Sim","","","","","","I","","uuid:cabde7eb-8fcd-4a60-ac6e-e0847797a698"
"09/16/2025","IDSW100254",-25.9177489,32.5383054,26.2000007629,4.82,"Maputo_provincia","matola","ETAR","Vala_esgoto_VE","Aguas_residuais","Moore_swab","30",40,28,NA,NA,"",NA,NA,NA,"Sim","Sim",NA,"Sim","Sim","","","Sim","","","INOCÊNCIO","","uuid:59c7022b-59dd-4eab-91c3-4fde613f3e1a"
"09/16/2025","IDSW100255",-25.9177623,32.5382793,26.1000003815,4.96,"Maputo_provincia","matola","ETAR","Vala_esgoto_VE","Aguas_residuais","Grag_sample","30",40,28,NA,NA,"",NA,NA,NA,"Sim","Sim",NA,"Sim","Sim","","","Sim","","","INOCÊNCIO","","uuid:c2001a12-5ffc-40f3-9af8-a8499adc57c4"
"09/16/2025","IDSW100256",-25.9185092,32.5393054,26.1000003815,4.86,"Maputo Cidade","kamubukwana","ETAR","Entrada_ETAR","Aguas_residuais","Torpidos","30",40,28,NA,NA,"",NA,NA,NA,"Sim","Sim",NA,"Sim","Nao","","","Sim","","","INOCÊNCIO","","uuid:95410ac2-93bd-438a-8643-e90b08e48d41"
"09/16/2025","IDSW100257",-25.9184864,32.5394015,26.1000003815,4.766,"Maputo Cidade","kamubukwana","ETAR","Entrada_ETAR","Aguas_residuais","Moore_swab","30",40,28,NA,NA,"",NA,NA,NA,"Sim","Sim",NA,"Sim","Sim","","","Sim","","","INOCÊNCIO","","uuid:1e85e511-644d-4e33-8b96-83e8c339a0e3"
"09/16/2025","IDSW100258",-25.918509,32.539363,26.1000003815,4.916,"Maputo Cidade","kamubukwana","ETAR","Entrada_ETAR","Aguas_residuais","Grag_sample","30",40,28,NA,NA,"",NA,NA,NA,"Sim","Sim",NA,"Sim","Sim","","","Sim","","","INOCÊNCIO","","uuid:d528fa56-2a10-4f66-8501-81c00ae49743"
"09/16/2025","IDSW100259",-25.9187242,32.5390473,26.1000003815,4.92,"Maputo Cidade","kamubukwana","ETAR","Cam_Cistern_CC","Aguas_residuais","Torpidos","30",40,28,NA,NA,"",NA,NA,NA,"Sim","Sim",NA,"Sim","Sim","","","","","","INOCÊNCIO","","uuid:8b0ae606-1d0c-479a-b670-b942426a3040"
"09/23/2025","IDSW100260",-25.9649909,32.6022919,26.2,4.75,"Maputo Cidade","kamubukwana","Presidencia","Emissario_EM","Aguas_residuais","Grag_sample","25",40,56,NA,NA,"",NA,NA,NA,"Sim","Sim",NA,"Sim","Sim","","","Sim","","","INOCÊNCIO","","uuid:62e2ab27-6f88-4e01-bbf8-ddd42356f125"
"09/23/2025","IDSW100261",-25.9838402,32.591944,34.4,4.92,"Maputo Cidade","kamubukwana","Tempestade","Emissario_EM","Aguas_residuais","Torpidos","25",40,56,NA,NA,"",NA,NA,NA,"Sim","Sim",NA,"Sim","Sim","","","","","","INOCÊNCIO","","uuid:2bb3a89c-cd60-44ba-a66b-d4feae73fe2e"
"09/23/2025","IDSW100262",-25.9838016,32.5919484,34.3,4.98,"Maputo Cidade","kamubukwana","Tempestade","Emissario_EM","Aguas_residuais","Moore_swab","25",40,56,NA,NA,"",NA,NA,NA,"Sim","Sim",NA,"Sim","Sim","","","Sim","","","INOCÊNCIO","","uuid:73284779-eb37-4e25-b41f-e3d8a83686d0"
"09/23/2025","IDSW100263",-25.9837935,32.5919428,34.3,4.1,"Maputo Cidade","kamubukwana","Tempestade","Emissario_EM","Aguas_residuais","Grag_sample","25",40,65,NA,NA,"",NA,NA,NA,"Sim","Sim",NA,"Sim","Sim","","","Sim","","","INOCÊNCIO","","uuid:3893a957-95f1-4374-b9de-3fb353cdc5f6"
"09/23/2025","IDSW100264",-25.9177233,32.5382983,34.3,4.4,"Maputo_provincia","matola","ETAR","Vala_esgoto_VE","Aguas_residuais","Torpidos","25",40,52,NA,NA,"",NA,NA,NA,"Sim","Sim",NA,"Sim","Sim","","","","","","INOCÊNCIO","","uuid:dabe2336-7a1d-439b-84ba-f658a9b714e1"
"09/23/2025","IDSW100265",-25.917709,32.5382908,32.3,4.916,"Maputo_provincia","matola","ETAR","Vala_esgoto_VE","Aguas_residuais","Moore_swab","25",40,52,NA,NA,"",NA,NA,NA,"Sim","Sim",NA,"Sim","Sim","","","Sim","","","INOCÊNCIO","","uuid:5adfef54-7c72-4d7f-bb6e-42b34e7eadef"
"09/23/2025","IDSW100266",-25.9177317,32.5382821,32.2,4.85,"Maputo_provincia","matola","ETAR","Vala_esgoto_VE","Aguas_residuais","Grag_sample","25",40,52,NA,NA,"",NA,NA,NA,"Sim","Sim",NA,"Sim","Sim","","","Sim","","","INOCÊNCIO","","uuid:28bd2d69-9b13-4820-a88a-2dc49887fe9a"
"09/23/2025","IDSW100267",-25.9182673,32.5391093,28.4,4.8,"Maputo Cidade","kamubukwana","ETAR","Entrada_ETAR","Aguas_residuais","Torpidos","25",40,52,NA,NA,"",NA,NA,NA,"Sim","Sim",NA,"Sim","Sim","","","","","","INOCÊNCIO","","uuid:ff6f9d7d-dea1-4788-ae87-0b4f3cd7a907"
"09/23/2025","IDSW100268",-25.918316,32.5391018,27.8,4.6,"Maputo Cidade","kamubukwana","ETAR","Entrada_ETAR","Aguas_residuais","Moore_swab","25",40,52,NA,NA,"",NA,NA,NA,"Sim","Sim",NA,"Sim","Sim","","","Sim","","","INOCÊNCIO","","uuid:032dffec-e20a-4c94-9aee-89f9ba2719a4"
"09/23/2025","IDSW100269",-25.9183171,32.5390811,27.8,4.92,"Maputo Cidade","kamubukwana","ETAR","Entrada_ETAR","Aguas_residuais","Grag_sample","25",40,52,NA,NA,"",NA,NA,NA,"Sim","Sim",NA,"Sim","Sim","","","Sim","","","INOCÊNCIO","","uuid:328d0549-0126-45d9-bec4-bc8df1362a38"
"09/23/2025","IDSW100270",-25.9186296,32.5388606,27.6,4.82,"Maputo Cidade","kamubukwana","ETAR","Cam_Cistern_CC","Aguas_residuais","Torpidos","25",40,52,NA,NA,"",NA,NA,NA,"Sim","Sim",NA,"Sim","Sim","","","","","","INOCÊNCIO","","uuid:1d46a07f-a7aa-4166-a84e-b0b3ae0858f5"
"09/23/2025","IDSW100271",-25.9186592,32.5388552,27.4,4.95,"Maputo Cidade","kamubukwana","ETAR","Cam_Cistern_CC","Aguas_residuais","Moore_swab","25",40,52,NA,NA,"",NA,NA,NA,"Sim","Sim",NA,"Sim","Sim","","","Sim","","","INOCÊNCIO","","uuid:a07141a1-bddb-4165-8baa-20e075fbb72a"
"09/23/2025","IDSW100272",-25.9186535,32.5388735,27.4,4.6,"Maputo Cidade","kamubukwana","ETAR","Cam_Cistern_CC","Aguas_residuais","Grag_sample","25",40,52,NA,NA,"",NA,NA,NA,"Sim","Sim",NA,"Sim","Sim","","","Sim","","","INOCÊNCIO","","uuid:0327c354-666f-49d1-87b2-9bc52037730a"
"09/30/2025","IDSW100273",-25.917755,32.5382667,26.3000011444,4.85,"Maputo_provincia","matola","ETAR","Vala_esgoto_VE","Aguas_residuais","Torpidos","20",40,72,NA,NA,"",NA,NA,NA,"Sim","Sim",NA,"Sim","Sim","","","","","","","","uuid:4f4d7159-ef23-4dcf-88ed-f96f61dfbabd"
"09/30/2025","IDSW100274",-25.9177783,32.5383222,26.1000003815,4.457,"Maputo_provincia","matola","ETAR","Vala_esgoto_VE","Aguas_residuais","Moore_swab","20",40,72,NA,NA,"",NA,NA,NA,"Sim","Sim",NA,"Sim","Sim","","","Sim","","","INOCÊNCIO","","uuid:1a1497f9-dc20-460b-be47-0d4f984234d0"
"09/30/2025","IDSW100275",-25.9177606,32.5383097,26.2000007629,3.833,"Maputo_provincia","matola","ETAR","Vala_esgoto_VE","Aguas_residuais","Grag_sample","20",40,72,NA,NA,"",NA,NA,NA,"Sim","Sim",NA,"Sim","Sim","","","Sim","","","INOCÊNCIO","","uuid:e01b03d4-0060-418b-865e-2877b10d7227"
"09/30/2025","IDSW100276",-25.9184001,32.5392488,26.2000007629,4.633,"Maputo Cidade","kamubukwana","ETAR","Entrada_ETAR","Aguas_residuais","Torpidos","20",40,72,NA,NA,"",NA,NA,NA,"Sim","Sim",NA,"Sim","Sim","","","","","","INOCÊNCIO","","uuid:887b5596-4c52-4b3a-a4a2-461ee8558a8a"
"09/30/2025","IDSW100277",-25.9183822,32.53925,26.2000007629,4.966,"Maputo Cidade","kamubukwana","ETAR","Entrada_ETAR","Aguas_residuais","Moore_swab","20",40,72,NA,NA,"",NA,NA,NA,"Sim","Sim",NA,"Sim","Sim","","","Sim","","","INOCÊNCIO","","uuid:12803740-8067-4f24-a88b-934f7eec8d9d"
"09/30/2025","IDSW100278",-25.9183883,32.539235,26.2000007629,3.4,"Maputo Cidade","kamubukwana","ETAR","Entrada_ETAR","Aguas_residuais","Grag_sample","20",40,72,NA,NA,"",NA,NA,NA,"Sim","Sim",NA,"Sim","Sim","","","Sim","","","INOCÊNCIO","","uuid:1f751420-fb34-41e1-b7f3-c949436b60a7"
"09/30/2025","IDSW100279",-25.9186876,32.5388309,26.2000007629,4.15,"Maputo Cidade","kamubukwana","ETAR","Cam_Cistern_CC","Aguas_residuais","Torpidos","20",40,72,NA,NA,"",NA,NA,NA,"Sim","Sim",NA,"Sim","Sim","","","Nao","","","INOCÊNCIO","","uuid:df9b9822-0948-43ba-b524-018f95c986c9"
"09/30/2025","IDSW100280",-25.9186418,32.5388784,26.2000007629,3.8,"Maputo Cidade","kamubukwana","ETAR","Cam_Cistern_CC","Aguas_residuais","Moore_swab","20",40,72,NA,NA,"",NA,NA,NA,"Sim","Sim",NA,"Sim","Sim","","","Sim","","","INOCÊNCIO","","uuid:f1ef897d-e7d7-4a15-a8bb-1f26059784d2"
"09/30/2025","IDSW100281",-25.9186509,32.5388524,26.2000007629,4.633,"Maputo Cidade","kamubukwana","ETAR","Cam_Cistern_CC","Aguas_residuais","Grag_sample","20",40,72,NA,NA,"",NA,NA,NA,"Sim","Sim",NA,"Sim","Sim","","","Sim","","","INOCÊNCIO","","uuid:fcbf9f7d-e6c6-4820-86a4-389a61ab5d71"
"09/30/2025","IDSW100282",-25.9651136,32.602283,26,4.52,"Maputo Cidade","kamubukwana","Presidencia","Emissario_EM","Aguas_residuais","Grag_sample","20",40,70,NA,NA,"",NA,NA,NA,"Sim","Sim",NA,"Sim","Sim","","","Sim","","","INOCÊNCIO","","uuid:67a0ac8e-9801-43a5-9b1a-ac63325eec23"
"09/30/2025","IDSW100283",-25.9838183,32.5919597,26,3.733,"Maputo Cidade","kamubukwana","Tempestade","Emissario_EM","Aguas_residuais","Torpidos","20",40,70,NA,NA,"",NA,NA,NA,"Sim","Sim",NA,"Sim","Sim","","","Nao","","","INOCÊNCIO","","uuid:95072911-d514-40a2-a34e-bc7546457927"
"09/30/2025","IDSW100284",-25.9837867,32.5919817,26,3.4,"Maputo Cidade","kamubukwana","Tempestade","Emissario_EM","Aguas_residuais","Moore_swab","20",40,70,NA,NA,"",NA,NA,NA,"Sim","Sim",NA,"Sim","Sim","","","Sim","","","INOCÊNCIO","","uuid:75b5ab75-6575-4e26-b7b4-ff156b015642"
"09/30/2025","IDSW100285",-25.9838385,32.5919428,26,4.78,"Maputo Cidade","kamubukwana","Tempestade","Emissario_EM","Aguas_residuais","Grag_sample","20",40,70,NA,NA,"",NA,NA,NA,"Sim","Sim",NA,"Sim","Sim","","","Sim","","","INOCÊNCIO","","uuid:de7531ef-fb4c-48ff-bd00-17f9be88a5a6"
"09/30/2025","IDSWT00056",-16.1545033,33.588635,123.5999984741,4.666,"Tete","tete","Registo","Emissario_EM","Aguas_residuais","Grag_sample","35",8,49,NA,NA,"",NA,NA,NA,"Sim","Sim",NA,"Sim","Sim","Sim","","","","","","","uuid:53ec171c-5a96-4c8e-a7ab-db78e5bf8bb0"
"09/30/2025","IDSWT00057",-16.1559817,33.590305,119.5,4.95,"Tete","tete","Mercado_do_Peixe","Emissario_EM","Aguas_residuais","Moore_swab","35",8,49,NA,NA,"",NA,NA,NA,"Sim","Sim",NA,"Sim","Sim","","","","","","Camacho Monteiro","","uuid:1634f272-e2b9-4aa6-ac7d-cd3e741b3edd"
"09/30/2025","IDSWT00058",-16.15603,33.5903183,119.5,4.983,"Tete","tete","Mercado_do_Peixe","Emissario_EM","Aguas_residuais","Grag_sample","35",8,49,NA,NA,"",NA,NA,NA,"Sim","Sim",NA,"Sim","Sim","","Sim","","","","Camacho Monteiro","","uuid:be1f4acb-d5a2-4ad6-afe8-4d8f0e1e5014"
"09/30/2025","IDSWT00059",-16.1578954,33.5922408,119.5,4.44,"Tete","tete","Paraiso_Misterioso","Emissario_EM","Aguas_residuais","Moore_swab","35",8,49,NA,NA,"",NA,NA,NA,"Sim","Sim",NA,"Sim","Sim","","","","","","Banquir","","uuid:fcdfcf07-b4c3-40d8-968b-fdb352c26e8f"
"09/30/2025","IDSWT00060",-16.1578497,33.5922645,119.5,4.72,"Tete","tete","Paraiso_Misterioso","Emissario_EM","Aguas_residuais","Grag_sample","35",8,49,NA,NA,"",NA,NA,NA,"Sim","Sim",NA,"Sim","Sim","","","","","","Banquir","","uuid:dba842a2-6487-4640-b221-26e6fe8bf5eb"
"09/30/2025","IDSWT00061",-16.1638147,33.5982324,121.0999984741,5,"Tete","tete","Quartel_Militar","Emissario_EM","Aguas_residuais","Moore_swab","35",8,49,NA,NA,"",NA,NA,NA,"Sim","Sim",NA,"Sim","Sim","","","","","","Camacho Monteiro","","uuid:bc501774-36ab-43a0-ab67-ea24c784d34d"
"09/30/2025","IDSWT00062",-16.1638428,33.5982323,120.9000015259,4.95,"Tete","tete","Quartel_Militar","Emissario_EM","Aguas_residuais","Grag_sample","35",8,49,NA,NA,"",NA,NA,NA,"Sim","Sim",NA,"Sim","Sim","","","","","","Camacho Monteiro","","uuid:5b75f061-73a2-4375-8261-a1327d53456e"
"09/30/2025","IDSWT00055",-16.1545767,33.5886167,119.5,4.533,"Tete","tete","Registo","Emissario_EM","Aguas_residuais","Moore_swab","35",8,49,NA,NA,"",NA,NA,NA,"Sim","Sim",NA,"Sim","Sim","","","","","","Miguel Eduardo","","uuid:5145bcb7-6fdd-47ef-a739-be6c50c25a8d"
"10/08/2025","IDSWT00063",-16.1637134,33.5982846,143.3000030518,4.6,"Tete","tete","Quartel_Militar","Emissario_EM","Aguas_residuais","Moore_swab","30",9,50,NA,NA,"",NA,NA,NA,"Sim","Sim",NA,"Sim","Sim","","","","","","Camacho Monteiro","","uuid:2ee5d200-fdcb-4108-b88e-22683b5bc58d"
"10/08/2025","IDSWT00064",-16.1637282,33.59827,143.3000030518,4.7,"Tete","tete","Quartel_Militar","Emissario_EM","Aguas_residuais","Grag_sample","30",8,50,NA,NA,"",NA,NA,NA,"Sim","Sim",NA,"Sim","Sim","","","","","","Camacho Monteiro","","uuid:5f5207e7-002b-472a-b001-1fb3eeef48ea"
"10/08/2025","IDSWT00065",-16.1579067,33.5923295,120.1999969482,4.5,"Tete","tete","Paraiso_Misterioso","Emissario_EM","Aguas_residuais","Moore_swab","30",8,50,NA,NA,"",NA,NA,NA,"Sim","Sim",NA,"Sim","Sim","","","","","","Camacho Monteiro","","uuid:651e9480-6307-4c5e-8da6-6e86a725c323"
"10/08/2025","IDSWT00066",-16.157948,33.5923697,120.1999969482,4.5,"Tete","tete","Paraiso_Misterioso","Emissario_EM","Aguas_residuais","Grag_sample","30",8,50,NA,NA,"",NA,NA,NA,"Sim","Sim",NA,"Sim","Sim","","","","","","Camacho Monteiro","","uuid:2f5f75a9-5c76-4a6f-8a52-076d4bf7c0a2"
"10/08/2025","IDSWT00067",-16.1561083,33.59026,119.5999984741,4.55,"Tete","tete","Mercado_do_Peixe","Emissario_EM","Aguas_residuais","Moore_swab","30",8,50,NA,NA,"",NA,NA,NA,"Sim","Sim",NA,"Sim","Sim","","","","","","","","uuid:b83ddff0-384f-4bf6-8fad-7a9b813e4484"
"10/08/2025","IDSWT00068",-16.1560483,33.5903067,119.5999984741,4.9,"Tete","tete","Mercado_do_Peixe","Emissario_EM","Aguas_residuais","Grag_sample","30",8,50,NA,NA,"",NA,NA,NA,"Sim","Sim",NA,"Sim","Sim","","","","","","Camacho Monteiro","","uuid:82035585-05fa-44c6-be8e-4b3d5e191add"
"10/08/2025","IDSWT00069",-16.1545891,33.5885257,139.1000061035,4.16,"Tete","tete","Registo","Emissario_EM","Aguas_residuais","Moore_swab","30",8,50,NA,NA,"",NA,NA,NA,"Sim","Sim",NA,"Sim","Sim","","","","","","Camacho Monteiro","","uuid:705512b9-c552-4749-8ede-7bd97f6c5f14"
"10/08/2025","IDSWT00070",-16.1545299,33.5885486,139.1000061035,3.916,"Tete","tete","Registo","Emissario_EM","Aguas_residuais","Grag_sample","30",8,50,NA,NA,"",NA,NA,NA,"Sim","Sim",NA,"Sim","Sim","Sim","","","","","Camacho Monteiro","","uuid:1f56f043-1882-481d-9fdd-061c3a2bfc55"
"10/14/2025","IDSWQ00003",-17.8835667,36.8872517,14.3,4.8,"Zambezia","quelimane","BRIZA","Emissario_EM","Aguas_residuais","Moore_swab","32",8,63,NA,NA,"",NA,NA,NA,"Sim","Sim",NA,"Sim","Sim","","","","","","IDSLJ","","uuid:fe5a89c0-a800-4d70-a918-a8875b149ec8"
"10/14/2025","IDSWQ00004",-17.883575,36.887265,12.5,4.5,"Zambezia","quelimane","BRIZA","Emissario_EM","Aguas_residuais","Grag_sample","31",8,63,NA,NA,"",NA,NA,NA,"Sim","Sim",NA,"Sim","Sim","","","","","","IDSLJ","","uuid:587d87f2-171f-40e4-a73f-24abe9a974bf"
"10/14/2025","IDSWQ00006",-17.8821667,36.884985,-73.2,5,"Zambezia","quelimane","REFEBA","Emissario_EM","Aguas_residuais","Grag_sample","31",8,63,NA,NA,"",NA,NA,NA,"Sim","Sim",NA,"Sim","Sim","","","","","","IDSLJ","","uuid:7137b893-7d0f-4922-975d-c80f6844aeba"
"10/14/2025","IDSWQ00008",-17.880935,36.88355,5.3,4.6,"Zambezia","quelimane","Piscina_Municipal","Emissario_EM","Aguas_residuais","Grag_sample","32",8,63,NA,NA,"",NA,NA,NA,"Sim","Sim",NA,"Sim","Sim","","","","","","IDSLJ","","uuid:162209c1-fcf1-4389-97e8-b65f552f971a"
"10/14/2025","IDSWQ00009",-17.8797117,36.881615,22.1,4.6,"Zambezia","quelimane","E_frente_Autor_Tributaria","Emissario_EM","Aguas_residuais","Moore_swab","32",8,63,NA,NA,"",NA,NA,NA,"Sim","Sim",NA,"Sim","Sim","","","","","","IDSLJ","","uuid:bbb435cf-074d-49f3-be90-e77a2ee3b3b7"
"10/14/2025","IDSWQ00010",-17.8796567,36.881545,7.7,5,"Zambezia","quelimane","E_frente_Autor_Tributaria","Emissario_EM","Aguas_residuais","Grag_sample","32",8,63,NA,NA,"",NA,NA,NA,"Sim","Sim",NA,"Sim","Sim","","","","","","IDSLJ","","uuid:74f7ba60-e3ca-4e80-afe0-594b3974abcb"
"10/14/2025","IDSW100305",-25.866456,32.510238,74.3,4.866,"Maputo_provincia","matola","ETAR","Fonte_de_distribuicao","Agua_de_consumo","Grag_sample","30",40,55,NA,NA,"",NA,NA,NA,"Sim","Sim",NA,"Sim","Sim","","","","","","INOCÊNCIO","","uuid:76a5f0e5-d865-4d5b-b057-b2e8cc5fafc7"
"10/14/2025","IDSW100306",-25.8657953,32.4971981,48,4.983,"Maputo_provincia","matola","ETAR","Fonte_de_distribuicao","Agua_de_consumo","Grag_sample","30",40,55,NA,NA,"",NA,NA,NA,"Sim","Sim",NA,"Sim","Sim","","","","","","INOCÊNCIO","","uuid:51bac933-c4dc-4a64-ae70-e9ba77e46d4e"
"10/14/2025","IDSW100320",-25.9837467,32.5919667,34.9,5,"Maputo Cidade","khampfumo","Tempestade","Emissario_EM","Aguas_residuais","Torpidos","30",40,68,NA,NA,"",NA,NA,NA,"Sim","Sim",NA,"Sim","Sim","","","","","","INOCÊNCIO","","uuid:f60af42a-f9fb-4bea-b573-f82f7c775a33"
"10/14/2025","IDSW100319",-25.9650867,32.602305,34.6,4.88,"Maputo Cidade","khampfumo","Presidencia","Emissario_EM","Aguas_residuais","Grag_sample","30",40,68,NA,NA,"",NA,NA,NA,"Sim","Sim",NA,"Sim","Sim","","","Sim","","","INOCÊNCIO","","uuid:5da7667d-9d11-4a40-a0db-a69b3448c072"
"10/14/2025","IDSW100315",-25.9186494,32.5389572,22.3,3.9,"Maputo Cidade","kamubukwana","ETAR","Cam_Cistern_CC","Aguas_residuais","Torpidos","33",40,63,NA,NA,"",NA,NA,NA,"Sim","Sim",NA,"Sim","Sim","","","","","","INOCÊNCIO","","uuid:7f9e22b4-abfe-4204-be18-7e48e4a8231d"
"10/14/2025","IDSW100307",-25.8500383,32.527905,85.1,4.833,"Maputo_provincia","matola","ETAR","Fonte_de_distribuicao","Agua_de_consumo","Grag_sample","31",40,58,NA,NA,"",NA,NA,NA,"Sim","Sim",NA,"Sim","Sim","","","","","","INOCÊNCIO","","uuid:77dbaf10-f9b1-4b62-833f-eb9e704bb553"
"10/14/2025","IDSW100308",-25.82469,32.5625933,53.4,4.866,"Maputo Cidade","kamubukwana","ETAR","Fonte_de_distribuicao","Agua_de_consumo","Grag_sample","32",40,58,NA,NA,"",NA,NA,NA,"Sim","Sim",NA,"Sim","Sim","","","","","","INOCÊNCIO","","uuid:4046e483-ba0c-411a-baf1-b015c40a120b"
"10/14/2025","IDSW100309",-25.917745,32.5381367,57.8,4.933,"Maputo_provincia","matola","ETAR","Vala_esgoto_VE","Aguas_residuais","Torpidos","33",40,62,NA,NA,"",NA,NA,NA,"Sim","Sim",NA,"Sim","Sim","","","","","","INOCÊNCIO","","uuid:e389aa95-ca03-4239-920f-ec2a93f73332"
"10/14/2025","IDSW100310",-25.9177267,32.5382917,47.7,4.6,"Maputo_provincia","matola","ETAR","Vala_esgoto_VE","Aguas_residuais","Moore_swab","33",40,63,NA,NA,"",NA,NA,NA,"Sim","Sim",NA,"Sim","Sim","","","Sim","","","INOCÊNCIO","","uuid:1a7dccb9-b1e1-4a25-bc86-a56363bc5855"
"10/14/2025","IDSW100311",-25.9177583,32.53826,47.1,4.957,"Maputo_provincia","matola","ETAR","Vala_esgoto_VE","Aguas_residuais","Grag_sample","33",40,63,NA,NA,"",NA,NA,NA,"Sim","Sim",NA,"Sim","Sim","","","Sim","","","INOCÊNCIO","","uuid:e548e2d7-ab9a-4085-8632-5cf12eab74a8"
"10/14/2025","IDSW100312",-25.918343,32.539222,20.1,4.1,"Maputo Cidade","kamubukwana","ETAR","Entrada_ETAR","Aguas_residuais","Torpidos","33",40,63,NA,NA,"",NA,NA,NA,"Sim","Sim",NA,"Sim","Sim","","","","","","INOCÊNCIO","","uuid:57952d1c-ae66-4307-8921-324c345c2285"
"10/14/2025","IDSW100314",-25.9185112,32.5392531,21,3.733,"Maputo Cidade","kamubukwana","ETAR","Entrada_ETAR","Aguas_residuais","Grag_sample","33",40,63,NA,NA,"",NA,NA,NA,"Sim","Sim",NA,"Sim","Sim","","","Sim","","","INOCÊNCIO","","uuid:f8f73ab4-e051-407e-afe7-ea9a3d06a119"
"10/14/2025","IDSW100313",-25.9183788,32.5393549,22.1,4.916,"Maputo Cidade","kamubukwana","ETAR","Entrada_ETAR","Aguas_residuais","Moore_swab","33",40,63,NA,NA,"",NA,NA,NA,"Sim","Sim",NA,"Sim","Sim","","","Sim","","","INOCÊNCIO","","uuid:a9fb0bd0-8fe9-47fb-b524-3521a05e1af0"
"10/14/2025","IDSW100222",-25.9837367,32.5919783,33.7,4.72,"Maputo Cidade","khampfumo","Tempestade","Emissario_EM","Aguas_residuais","Grag_sample","30",40,68,NA,NA,"",NA,NA,NA,"Sim","Sim",NA,"Sim","Sim","","","Sim","","","INOCÊNCIO","","uuid:7b0744af-400e-4aa5-a179-7741b831513f"
"10/14/2025","IDSW100221",-25.9837617,32.5919717,35,4.7,"Maputo Cidade","khampfumo","Tempestade","Emissario_EM","Aguas_residuais","Moore_swab","30",40,68,NA,NA,"",NA,NA,NA,"Sim","Sim",NA,"Sim","Sim","","","Sim","","","INOCÊNCIO","","uuid:68cff8d1-32c5-417e-b0ce-279d4644b81c"
"10/16/2025","IDSWT00072",-16.1637017,33.5981567,126,4.871,"Tete","tete","Quartel_Militar","Emissario_EM","Aguas_residuais","Grag_sample","39",8,49,NA,NA,"",NA,NA,NA,"Sim","Sim",NA,"Sim","Sim","","","","","","Camacho Monteiro","","uuid:f58f2bf6-7b86-478f-8198-8df919f4b50e"
"10/16/2025","IDSWT00073",-16.15786,33.5922117,120.1999969482,4.566,"Tete","tete","Paraiso_Misterioso","Emissario_EM","Aguas_residuais","Moore_swab","39",8,49,NA,NA,"",NA,NA,NA,"Sim","Sim",NA,"Sim","Sim","","","","","","Camacho Monteiro","","uuid:8b09ba13-8378-4640-8732-5d41b7f9010c"
"10/16/2025","IDSWT00074",-16.15788,33.5922333,120.1999969482,4.7,"Tete","tete","Paraiso_Misterioso","Emissario_EM","Aguas_residuais","Grag_sample","39",8,49,NA,NA,"",NA,NA,NA,"Sim","Sim",NA,"Sim","Sim","","","","","","Camacho Monteiro","","uuid:29f72cb4-101e-4c5f-b930-99623e5636c3"
"10/16/2025","IDSWT00075",-16.1559886,33.5903172,127.4000015259,2.82,"Tete","tete","Mercado_do_Peixe","Emissario_EM","Aguas_residuais","Moore_swab","39",8,49,NA,NA,"",NA,NA,NA,"Sim","Sim",NA,"Sim","Sim","","","","","","Camacho Monteiro","","uuid:3c7bbd6d-108f-498a-abb1-79cdc2df41b1"
"10/16/2025","IDSWT00076",-16.1559867,33.590315,127.4000015259,4.5,"Tete","tete","Mercado_do_Peixe","Emissario_EM","Aguas_residuais","Grag_sample","39",8,49,NA,NA,"",NA,NA,NA,"Sim","Sim",NA,"Sim","Sim","","","","","","Camacho Monteiro","","uuid:5cfdd2a4-ee6e-4f8e-bf64-9c714121ece4"
"10/16/2025","IDSWT00077",-16.1545421,33.5885528,139.1000061035,3.316,"Tete","tete","Registo","Emissario_EM","Aguas_residuais","Moore_swab","39",8,49,NA,NA,"",NA,NA,NA,"Sim","Sim",NA,"Sim","Sim","","","","","","Camacho Monteiro","","uuid:0c75a268-7a94-4048-8d0f-ae710920b2cc"
"10/16/2025","IDSWT00078",-16.154458,33.5885247,139.1000061035,4.916,"Tete","tete","Registo","Emissario_EM","Aguas_residuais","Grag_sample","39",8,49,NA,NA,"",NA,NA,NA,"Sim","Sim",NA,"Sim","Sim","","","","","","Camacho Monteiro","","uuid:470cdf89-cdc8-4f6e-8eec-4ca3e5f84523"
"10/16/2025","IDSWT00071",-16.1637333,33.5981967,126,4.828,"Tete","tete","Quartel_Militar","Emissario_EM","Aguas_residuais","Moore_swab","39",8,49,NA,NA,"",NA,NA,NA,"Sim","Sim",NA,"Sim","Sim","","","","","","Camacho","","uuid:44dc1c2f-879c-4cea-ac28-36c61ff2d75b"
"10/21/2025","IDSWQ00015",-17.883645,36.887385,12.3,4.933,"Zambezia","quelimane","BRIZA","Emissario_EM","Aguas_residuais","Grag_sample","32",8,63,NA,NA,"",NA,NA,NA,"Sim","Sim",NA,"Sim","Sim","","","","","","IDSLJ","","uuid:8ef79609-9664-47ec-a545-61bf2ede07e7"
"10/21/2025","IDSWQ00012",-17.8820317,36.885095,4.9,4.56,"Zambezia","quelimane","REFEBA","Emissario_EM","Aguas_residuais","Moore_swab","32",8,63,NA,NA,"",NA,NA,NA,"Sim","Sim",NA,"Sim","Sim","","","","","","IDSLJ","","uuid:ea503d61-83df-4075-80d4-2e8a0812eac1"
"10/21/2025","IDSWQ00016",-17.88204,36.8850467,5.1,4.033,"Zambezia","quelimane","REFEBA","Emissario_EM","Aguas_residuais","Grag_sample","32",8,63,NA,NA,"",NA,NA,NA,"Sim","Sim",NA,"Sim","Sim","","","","","","IDSLJ","","uuid:c71cb2d6-ef19-4754-8731-4263cd0b55ff"
"10/21/2025","IDSWQ00013",-17.8808965,36.8835378,9.1000003815,2.262,"Zambezia","quelimane","Piscina_Municipal","Emissario_EM","Aguas_residuais","Moore_swab","32",8,63,NA,NA,"",NA,NA,NA,"Sim","Sim",NA,"Sim","Sim","","","","","","IDSLJ","","uuid:c3631ec7-b38a-4bd7-bea2-c37980b4ef15"
"10/21/2025","IDSWQ00017",-17.8809229,36.8835233,9.1000003815,2.35,"Zambezia","quelimane","Piscina_Municipal","Emissario_EM","Aguas_residuais","Grag_sample","32",8,63,NA,NA,"",NA,NA,NA,"Sim","Sim",NA,"Sim","Sim","","","","","","IDSLJ","","uuid:3be2cd35-e18d-41de-af41-566432743a56"
"10/21/2025","IDSWQ00014",-17.8796231,36.8815566,9.1000003815,4.25,"Zambezia","quelimane","E_frente_Autor_Tributaria","Emissario_EM","Aguas_residuais","Moore_swab","32",8,63,NA,NA,"",NA,NA,NA,"Sim","Sim",NA,"Sim","Sim","","","","","","IDSLJ","","uuid:ec0679b4-ae22-45ab-a6ac-a8f318fa798f"
"10/21/2025","IDSWQ00018",-17.8796464,36.8816228,-3.7000002861,4.918,"Zambezia","quelimane","E_frente_Autor_Tributaria","Emissario_EM","Aguas_residuais","Grag_sample","32",8,63,NA,NA,"",NA,NA,NA,"Sim","Sim",NA,"Sim","Sim","","","","","","IDSLJ","","uuid:ba0f7068-91e5-4272-becb-1112b07562f4"
"10/21/2025","IDSW100323",-25.9651308,32.6022832,23.8,4.74,"Maputo Cidade","khampfumo","Presidencia","Emissario_EM","Aguas_residuais","Grag_sample","24",40,55,NA,NA,"",NA,NA,NA,"Sim","Sim",NA,"Sim","Sim","","","Sim","","","INOCÊNCIO","","uuid:d3fadd29-ec76-4a06-9ba2-09582d6a449d"
"10/21/2025","IDSW100324",-25.9838264,32.591955,32.5,4.983,"Maputo Cidade","kamavota","Tempestade","Emissario_EM","Aguas_residuais","Torpidos","24",40,55,NA,NA,"",NA,NA,NA,"Sim","Sim",NA,"Sim","Sim","","","","","","INOCÊNCIO","","uuid:efff88da-e88e-4252-b4f7-7a4271773be4"
"10/21/2025","IDSW100325",-25.9836946,32.5920467,33.2,4.885,"Maputo Cidade","kamavota","Tempestade","Emissario_EM","Aguas_residuais","Moore_swab","24",40,55,NA,NA,"",NA,NA,NA,"Sim","Sim",NA,"Sim","Sim","","","Sim","","","INOCÊNCIO","","uuid:e473c65d-b440-4b28-b4e4-6fe7e1414a44"
"10/21/2025","IDSW100326",-25.9837768,32.5919703,32.8,4.916,"Maputo Cidade","kamavota","Tempestade","Emissario_EM","Aguas_residuais","Grag_sample","24",40,55,NA,NA,"",NA,NA,NA,"Sim","Sim",NA,"Sim","Sim","","","Sim","","","","","uuid:5dc99f54-1472-4452-a6d9-24e3b8ea4786"
"10/21/2025","IDSW100327",-25.9177572,32.5382725,32.1,4.8,"Maputo_provincia","matola","ETAR","Vala_esgoto_VE","Aguas_residuais","Torpidos","25",40,51,NA,NA,"",NA,NA,NA,"Sim","Sim",NA,"Sim","Sim","","","","","","","","uuid:45d23933-e681-412e-a512-5e77c9cdef63"
"10/21/2025","IDSW100328",-25.9177674,32.5382159,33.8,4.75,"Maputo_provincia","matola","ETAR","Vala_esgoto_VE","Aguas_residuais","Moore_swab","25",40,50,NA,NA,"",NA,NA,NA,"Sim","Sim",NA,"Sim","Sim","","","Sim","","","","","uuid:0aceae61-338d-49be-872c-706efcf0c868"
"10/21/2025","IDSW100329",-25.9177131,32.5383723,33.7,4.9,"Maputo_provincia","matola","ETAR","Vala_esgoto_VE","Aguas_residuais","Grag_sample","25",40,50,NA,NA,"",NA,NA,NA,"Sim","Sim",NA,"Sim","Sim","","","Sim","","","","","uuid:298856c0-049b-42ea-9541-6e2b807617cc"
"10/21/2025","IDSW100330",-25.9184462,32.5392235,33.4,4.866,"Maputo Cidade","kamubukwana","ETAR","Entrada_ETAR","Aguas_residuais","Torpidos","25",40,50,NA,NA,"",NA,NA,NA,"Sim","Sim",NA,"Sim","Sim","","","","","","INOCÊNCIO","","uuid:e51228ff-5efb-4223-ba8c-340ecd970021"
"10/21/2025","IDSW100331",-25.9184195,32.5392647,33,4.78,"Maputo Cidade","kamubukwana","ETAR","Entrada_ETAR","Aguas_residuais","Moore_swab","25",40,50,NA,NA,"",NA,NA,NA,"Sim","Sim",NA,"Sim","Sim","","","Sim","","","INOCÊNCIO","","uuid:64e1f259-4e6a-4664-8560-cc88025311fe"
"10/21/2025","IDSW100332",-25.91839,32.5392148,32.7,4.866,"Maputo Cidade","kamubukwana","ETAR","Entrada_ETAR","Aguas_residuais","Grag_sample","25",40,50,NA,NA,"",NA,NA,NA,"Sim","Sim",NA,"Sim","Sim","","","Sim","","","INOCÊNCIO","","uuid:ab1ce466-0072-4457-befe-003321b08d40"
"10/21/2025","IDSW100335",-25.918625,32.5388585,53.3,4.428,"Maputo Cidade","kamubukwana","ETAR","Cam_Cistern_CC","Aguas_residuais","Grag_sample","25",40,50,NA,NA,"",NA,NA,NA,"Sim","Sim",NA,"Sim","Sim","","","Sim","","","INOCÊNCIO","","uuid:fa129cff-6f99-4340-8137-840d64f34d1e"
"10/21/2025","IDSW100334",-25.9185966,32.5388973,53.3,4.966,"Maputo Cidade","kamubukwana","ETAR","Cam_Cistern_CC","Aguas_residuais","Moore_swab","25",40,50,NA,NA,"",NA,NA,NA,"Sim","Sim",NA,"Sim","Sim","","","Sim","","","INOCÊNCIO","","uuid:99753b33-469c-4713-a377-05ec4fb1964a"
"10/28/2025","IDSWQ00023",-17.8836,36.88732,-3.4000000954,3.383,"Zambezia","quelimane","BRIZA","Emissario_EM","Aguas_residuais","Grag_sample","32",8,53,NA,NA,"",NA,NA,NA,"Sim","Sim",NA,"Sim","Sim","","","","","","IDSLJ","","uuid:d3fe2e0e-f8fa-44b3-a896-92a7b778a1c1"
"10/28/2025","IDSWQ00022",-17.879615,36.8816283,-3.5,4.92,"Zambezia","quelimane","E_frente_Autor_Tributaria","Emissario_EM","Aguas_residuais","Moore_swab","32",8,53,NA,NA,"",NA,NA,NA,"Sim","Sim",NA,"Sim","Sim","","","","","","IDSLJ","","uuid:ba94b8b0-a93e-4537-9712-db16545c548e"
"10/28/2025","IDSWQ00026",-17.8795783,36.8816117,-3.5,5,"Zambezia","quelimane","E_frente_Autor_Tributaria","Emissario_EM","Aguas_residuais","Grag_sample","32",8,53,NA,NA,"",NA,NA,NA,"Sim","Sim",NA,"Sim","Sim","","","","","","IDSLJ","","uuid:a2012b38-85ad-4262-af5c-c713b22890ee"
"10/28/2025","IDSWQ00021",-17.8808967,36.8835733,-5,3.828,"Zambezia","quelimane","Piscina_Municipal","Emissario_EM","Aguas_residuais","Moore_swab","32",8,53,NA,NA,"",NA,NA,NA,"Sim","Sim",NA,"Sim","Sim","","","","","","IDSLJ","","uuid:a640f605-01a9-491b-bdd9-eb05f7435e19"
"10/28/2025","IDSWQ00025",-17.8809317,36.8835383,-2.6000003815,4.985,"Zambezia","quelimane","Piscina_Municipal","Emissario_EM","Aguas_residuais","Grag_sample","32",8,53,NA,NA,"",NA,NA,NA,"Sim","Sim",NA,"Sim","Sim","","","Sim","","","IDSLJ","","uuid:08ec764c-3ca9-4942-bd17-da548e21fa5c"
"10/28/2025","IDSWQ00024",-17.88199,36.8850617,-2.4000000954,3.685,"Zambezia","quelimane","REFEBA","Emissario_EM","Aguas_residuais","Grag_sample","32",8,53,NA,NA,"",NA,NA,NA,"Sim","Sim",NA,"Sim","Sim","","","","","","IDSLJ","","uuid:9180ef9c-4713-458e-9096-0bb99c83b199"
"10/28/2025","IDSWQ00020",-17.881985,36.8850417,-2.4000000954,4.3,"Zambezia","quelimane","REFEBA","Emissario_EM","Aguas_residuais","Moore_swab","32",8,53,NA,NA,"",NA,NA,NA,"Sim","Sim",NA,"Sim","Sim","","","","","","IDSLJ","","uuid:657decc1-1b52-478d-9920-9cfc846170de"
"10/28/2025","IDSWQ00019",-17.8835933,36.887325,-3.4000000954,4.75,"Zambezia","quelimane","BRIZA","Emissario_EM","Aguas_residuais","Moore_swab","32",8,53,NA,NA,"",NA,NA,NA,"Sim","Sim",NA,"Sim","Sim","","","","","","IDSLJ","","uuid:e9d7af70-2e4d-4094-bf04-a1b329c99a8a"
"10/28/2025","IDSWT00085",-16.1637488,33.5982929,120,4.1,"Tete","tete","Quartel_Militar","Emissario_EM","Aguas_residuais","Moore_swab","34",40,43,NA,NA,"",NA,NA,NA,"Sim","Sim",NA,"Sim","Sim","","","","","","Banquile Juliao","","uuid:4dc1f9e9-6dde-449d-994a-43349715935a"
"10/28/2025","IDSWT00086",-16.1637791,33.598205,120,5,"Tete","tete","Quartel_Militar","Emissario_EM","Aguas_residuais","Grag_sample","34",40,43,NA,NA,"",NA,NA,NA,"Sim","Sim",NA,"Sim","Sim","","","","","","Banquile Juliao","","uuid:1f2631b8-f028-412a-8b4c-c85b2a5afe1a"
"10/28/2025","IDSWT00084",-16.1579683,33.5922233,119.9000015259,4.775,"Tete","tete","Paraiso_Misterioso","Emissario_EM","Aguas_residuais","Grag_sample","34",40,43,NA,NA,"",NA,NA,NA,"Sim","Sim",NA,"Sim","Sim","","","","","","Banquile Juliao","","uuid:ac6d1125-120e-4a30-9ed7-ae00e3446e57"
"10/28/2025","IDSWT00083",-16.1578533,33.59224,107.9,4.7,"Tete","tete","Paraiso_Misterioso","Emissario_EM","Aguas_residuais","Moore_swab","34",40,43,NA,NA,"",NA,NA,NA,"Sim","Sim",NA,"Sim","Sim","","","","","","Banquile Juliao","","uuid:035958ab-de8e-4f16-b76d-5eee34b21345"
"10/28/2025","IDSWT00082",-16.1560267,33.5903617,123.2,3.833,"Tete","tete","Mercado_do_Peixe","Emissario_EM","Aguas_residuais","Grag_sample","34",40,43,NA,NA,"",NA,NA,NA,"Sim","Sim",NA,"Sim","Sim","","","","","","Banquile Juliao","","uuid:dcb00d29-ed29-4d89-b9e8-c4ecbd8f13e0"
"10/28/2025","IDSWT00081",-16.1560183,33.5903583,123.5,4.866,"Tete","tete","Mercado_do_Peixe","Emissario_EM","Aguas_residuais","Moore_swab","34",40,43,NA,NA,"",NA,NA,NA,"Sim","Sim",NA,"Sim","Sim","","","","","","Banquile Juliao","","uuid:803ad21c-7ecf-4598-a165-cf2be62a74e5"
"10/28/2025","IDSWT00080",-16.1545283,33.5885367,143.200012207,4.716,"Tete","tete","Registo","Emissario_EM","Aguas_residuais","Grag_sample","34",40,43,NA,NA,"",NA,NA,NA,"Sim","Sim",NA,"Sim","Sim","","","Nao","","","Banquile Julião","","uuid:470a06b1-c0ef-47f7-806b-d5784e89d2e8"
"10/28/2025","IDSWT00079",-16.1545733,33.5885817,143.200012207,4.6,"Tete","tete","Registo","Emissario_EM","Aguas_residuais","Moore_swab","34",40,43,NA,NA,"",NA,NA,NA,"Sim","Sim",NA,"Sim","Sim","","","","","","Banquile Julião Balata","","uuid:0b4b8da1-b28b-4800-9cfc-bec1abea86be"
"10/28/2025","IDSW100336",-25.9651233,32.602355,52.2999992371,4.2,"Maputo Cidade","kamavota","Presidencia","Emissario_EM","Lodo_fecal","Grag_sample","25",40,64,NA,NA,"",NA,NA,NA,"Sim","Sim",NA,"Sim","Sim","","","Sim","","","INOCÊNCIO","","uuid:98ec13f1-e7e2-4ab9-83cb-31c947940a76"
"10/28/2025","IDSW100337",-25.9838385,32.59198,52.2999992371,4.933,"Maputo Cidade","kamavota","Tempestade","Vala_esgoto_VE","Lodo_fecal","Torpidos","25",40,64,NA,NA,"",NA,NA,NA,"Sim","Sim",NA,"Sim","Sim","","","","","","INOCÊNCIO","","uuid:f42ae920-5162-44a3-b654-6f2172d25f29"
"10/28/2025","IDSW100339",-25.9838298,32.5919949,52.2999992371,4.66,"Maputo Cidade","kamavota","Tempestade","Emissario_EM","Lodo_fecal","Grag_sample","25",40,64,NA,NA,"",NA,NA,NA,"Sim","Sim",NA,"Sim","Sim","","","Sim","","","INOCÊNCIO","","uuid:999dfb0b-788a-4885-9453-562d7af6e555"
"10/28/2025","IDSW100338",-25.9838354,32.5919499,52.2999992371,5,"Maputo Cidade","kamavota","Tempestade","Emissario_EM","Aguas_residuais","Moore_swab","25",40,64,NA,NA,"",NA,NA,NA,"Sim","Sim",NA,"Sim","Sim","","","Sim","","","INOCÊNCIO","","uuid:78a51fe1-35a2-449b-af86-6020606fe6b2"
"10/28/2025","IDSW100340",-25.9177422,32.5382856,26.4000015259,4.88,"Maputo_provincia","matola","ETAR","Vala_esgoto_VE","Aguas_residuais","Torpidos","26",40,64,NA,NA,"",NA,NA,NA,"Sim","Sim",NA,"Sim","Sim","","","","","","INOCÊNCIO","","uuid:d9230f07-0f66-478b-99ea-95c94bbd541f"
"10/28/2025","IDSW100341",-25.9177738,32.5382536,26.4000015259,4.9,"Maputo_provincia","matola","ETAR","Vala_esgoto_VE","Aguas_residuais","Moore_swab","26",40,64,NA,NA,"",NA,NA,NA,"Sim","Sim",NA,"Sim","Sim","","","Sim","","","INOCÊNCIO","","uuid:5a9730fe-25ee-4683-a286-53e613d4b2bf"
"10/28/2025","IDSW100342",-25.9176558,32.5383296,26.4000015259,4.96,"Maputo_provincia","matola","ETAR","Vala_esgoto_VE","Aguas_residuais","Grag_sample","26",40,64,NA,NA,"",NA,NA,NA,"Sim","Sim",NA,"Sim","Sim","","","Sim","","","INOCÊNCIO","","uuid:2d464a60-30f8-463e-b1c2-ad1ea84c559b"
"10/28/2025","IDSW100343",-25.9184386,32.5392519,26.4000015259,4.816,"Maputo Cidade","kamubukwana","ETAR","Entrada_ETAR","Aguas_residuais","Torpidos","26",40,64,NA,NA,"",NA,NA,NA,"Sim","Sim",NA,"Sim","Sim","","","","","","INOCÊNCIO","","uuid:e78d1d95-c37f-435d-8bdc-066e31d6c90a"
"10/28/2025","IDSW100344",-25.9184263,32.5392196,26.4000015259,4.95,"Maputo Cidade","kamubukwana","ETAR","Entrada_ETAR","Aguas_residuais","Moore_swab","26",40,64,NA,NA,"",NA,NA,NA,"Sim","Sim",NA,"Sim","Sim","","","Sim","","","INOCÊNCIO","","uuid:f4a078ef-81bb-4bc6-b175-63a8798ba003"
"10/28/2025","IDSW100345",-25.9184301,32.5393033,26.4000015259,4.9,"Maputo Cidade","kamubukwana","ETAR","Entrada_ETAR","Aguas_residuais","Grag_sample","26",40,64,NA,NA,"",NA,NA,NA,"Sim","Sim",NA,"Sim","Sim","","","Sim","","","INOCÊNCIO","","uuid:b9f708d0-48a7-43fe-ac26-4d363b0754c0"
"10/28/2025","IDSW100346",-25.9186986,32.5387531,26.4000015259,4.95,"Maputo Cidade","kamubukwana","ETAR","Cam_Cistern_CC","Aguas_residuais","Torpidos","26",40,64,NA,NA,"",NA,NA,NA,"Sim","Sim",NA,"Sim","Sim","","","","","","INOCÊNCIO","","uuid:0df3995b-d043-4d16-9e98-7d1a61e0c68f"
"10/28/2025","IDSW100347",-25.9186606,32.5387637,26.4000015259,4.86,"Maputo Cidade","kamubukwana","ETAR","Cam_Cistern_CC","Aguas_residuais","Moore_swab","26",40,64,NA,NA,"",NA,NA,NA,"Sim","Sim",NA,"Sim","Sim","","","Sim","","","INOCÊNCIO","","uuid:5fe7e6ac-7c04-47c8-97e7-54e56ad5d3a9"
"10/28/2025","IDSW100348",-25.9186654,32.5387948,36.9,4.8,"Maputo Cidade","kamubukwana","ETAR","Cam_Cistern_CC","Aguas_residuais","Grag_sample","26",40,64,NA,NA,"",NA,NA,NA,"Sim","Sim",NA,"Sim","Sim","","","Sim","","","INOCÊNCIO","","uuid:ad465647-fd3f-49d6-ad52-05f523b1f12f"
"11/04/2025","IDSWT00099",-16.1637083,33.59817,120,4.05,"Tete","tete","Quartel_Militar","Emissario_EM","Aguas_residuais","Moore_swab","36",40,56,NA,NA,"",NA,NA,NA,"Sim","Sim",NA,"Sim","Sim","","","","","","Banquile Balata","","uuid:715f51cc-793f-4cd5-9e04-870ea7006174"
"11/04/2025","IDSWT00100",-16.1637667,33.5982867,121.5,4.9,"Tete","tete","Quartel_Militar","Emissario_EM","Aguas_residuais","Grag_sample","36",40,56,NA,NA,"",NA,NA,NA,"Sim","Sim",NA,"Sim","Sim","","","","","","Banquile Balata","","uuid:37b8a730-3e4c-4d2f-b170-c4829a6137f2"
"11/04/2025","IDSWT00101",-16.1578757,33.5922259,119.9000015259,4.5,"Tete","tete","Paraiso_Misterioso","Emissario_EM","Aguas_residuais","Moore_swab","36",40,56,NA,NA,"",NA,NA,NA,"Sim","Sim",NA,"Sim","Sim","","","","","","Banquile Balata","","uuid:112ac4d6-c277-478a-8c76-49a8ed0c075c"
"11/04/2025","IDSWT00102",-16.15791,33.5922217,119.9000015259,4.3,"Tete","tete","Paraiso_Misterioso","Emissario_EM","Aguas_residuais","Moore_swab","36",40,56,NA,NA,"",NA,NA,NA,"Sim","Sim",NA,"Sim","Sim","","","","","","Banquile Balata","","uuid:5e02a605-6ab6-4fdd-8c42-308e0ddf4dd9"
"11/04/2025","IDSWT00103",-16.1560236,33.5903081,119.1999969482,4.817,"Tete","tete","Mercado_do_Peixe","Emissario_EM","Aguas_residuais","Moore_swab","36",40,56,NA,NA,"",NA,NA,NA,"Sim","Sim",NA,"Sim","Sim","","","","","","Banquile Balata","","uuid:fc11f594-8597-4030-afae-2c9a185276a5"
"11/04/2025","IDSWT00104",-16.1559149,33.59038,119.1999969482,3.116,"Tete","tete","Mercado_do_Peixe","Emissario_EM","Aguas_residuais","Grag_sample","36",40,56,NA,NA,"",NA,NA,NA,"Sim","Sim",NA,"Sim","Sim","","","","","","Banquile Balata","","uuid:21ab9080-7d50-498b-9b1b-4b4597c2a4fd"
"11/04/2025","IDSWT00105",-16.1547232,33.5885508,122.8000030518,4.872,"Tete","tete","Registo","Emissario_EM","Aguas_residuais","Moore_swab","36",40,56,NA,NA,"",NA,NA,NA,"Sim","Sim",NA,"Sim","Sim","","","","","","Banquile Balata","","uuid:3f10b7bb-9298-41a9-9e8d-2b26db9e967f"
"11/04/2025","IDSWT00106",-16.1545594,33.5885547,122.8000030518,4.675,"Tete","tete","Registo","Emissario_EM","Aguas_residuais","Grag_sample","36",40,56,NA,NA,"",NA,NA,NA,"Sim","Sim",NA,"Sim","Sim","","","","","","Banquile Balata","","uuid:c58ebb0b-055a-4d0e-b4a2-72ee3e93fb0a"
"11/04/2025","IDSW100361",-25.9177033,32.5383183,23.2,2.4,"Maputo_provincia","matola","ETAR","Entrada_ETAR","Aguas_residuais","Grag_sample","27",24,59,NA,NA,"",NA,NA,NA,"Sim","Sim",NA,"Sim","Sim","","","","","","LINA TEMBE","","uuid:9351617c-21b7-4da7-a114-3285483671ad"
"11/04/2025","IDSW100362",-25.9176957,32.5383081,26.7000007629,4.3,"Maputo_provincia","matola","ETAR","Entrada_ETAR","Aguas_residuais","Moore_swab","27",24,59,NA,NA,"",NA,NA,NA,"Sim","Sim",NA,"Sim","Sim","","","Sim","","","LINA TEMBE","","uuid:e92733a8-977e-4da4-8d0b-2d33ac0e4f38"
"11/04/2025","IDSW100363",-25.9176997,32.5383272,26.7000007629,3.914,"Maputo_provincia","matola","ETAR","Entrada_ETAR","Aguas_residuais","Torpidos","27",24,59,NA,NA,"",NA,NA,NA,"Sim","Sim",NA,"Sim","Sim","","","Sim","","","","","uuid:218c15f6-dcb6-4bd0-b11c-9153cd3dd7a0"
"11/04/2025","IDSW100364",-25.9184121,32.5392316,26.7000007629,4.5,"Maputo Cidade","kamubukwana","ETAR","Entrada_ETAR","Aguas_residuais","Moore_swab","27",24,59,NA,NA,"",NA,NA,NA,"Sim","Sim",NA,"Sim","Sim","","","Sim","","","Lina Tembe","","uuid:e2fa560c-cb09-458d-8cea-69e1233d7205"
"11/04/2025","IDSW100365",-25.9184182,32.5390457,26.7000007629,4.525,"Maputo Cidade","kamubukwana","ETAR","Entrada_ETAR","Aguas_residuais","Torpidos","27",24,56,NA,NA,"",NA,NA,NA,"Sim","Sim",NA,"Sim","Sim","","","","","","Lina Tembe","","uuid:cd61dda1-ff14-479d-b590-d47c69675c22"
"11/04/2025","IDSW100366",-25.9183884,32.5392662,26.7000007629,4.6,"Maputo Cidade","kamubukwana","ETAR","Entrada_ETAR","Aguas_residuais","Grag_sample","27",24,56,NA,NA,"",NA,NA,NA,"Sim","Sim",NA,"Sim","Sim","","","Sim","","","Lina Tembe","","uuid:05fa7c8f-5258-451a-9d1d-eb55516205f6"
"11/04/2025","IDSW100367",-25.9186462,32.5388422,26.7000007629,4.3,"Maputo Cidade","kamubukwana","ETAR","Entrada_ETAR","Aguas_residuais","Grag_sample","27",24,56,NA,NA,"",NA,NA,NA,"Sim","Sim",NA,"Sim","Sim","","","Sim","","","Lina Tembe","","uuid:2599db2d-df98-4153-8941-8ac626d0182f"
"11/04/2025","IDSW100369",-25.9187046,32.5389656,21.2,4.9,"Maputo Cidade","kamubukwana","ETAR","Entrada_ETAR","Aguas_residuais","Moore_swab","27",24,56,NA,NA,"",NA,NA,NA,"Sim","Sim",NA,"Sim","Sim","","","Sim","","","Lina Tembe","","uuid:0cb1cd15-1ab5-4b02-a10d-07853d998793"
"11/04/2025","IDSW100368",-25.9186034,32.5387643,22.4,4.65,"Maputo Cidade","kamubukwana","ETAR","Entrada_ETAR","Aguas_residuais","Torpidos","27",24,59,NA,NA,"",NA,NA,NA,"Sim","Sim",NA,"Sim","Sim","","","","","","Lina Tembe","","uuid:8377f36d-cbf2-4044-b878-aa9f865749ad"
"11/04/2025","IDSW100370",-25.9650866,32.6023352,5.9,4.525,"Maputo Cidade","khampfumo","Presidencia","Vala_esgoto_VE","Aguas_residuais","Grag_sample","28",24,57,NA,NA,"",NA,NA,NA,"Sim","Sim",NA,"Sim","Sim","","","Sim","","","Lina Tembe","","uuid:f75e3e49-7cf6-438c-92dc-01776f80ae75"
"11/04/2025","IDSW100371",-25.9838633,32.5918983,22.6,5,"Maputo Cidade","khampfumo","Tempestade","Emissario_EM","Aguas_residuais","Grag_sample","28",8,56,NA,NA,"",NA,NA,NA,"Sim","Sim",NA,"Sim","Sim","","","Sim","","","","","uuid:9eb4a57a-32cd-474b-903b-c331e028c691"
"11/04/2025","IDSW100372",-25.9838866,32.5919299,28.1,4.4,"Maputo Cidade","khampfumo","Tempestade","Emissario_EM","Aguas_residuais","Moore_swab","28",24,56,NA,NA,"",NA,NA,NA,"Sim","Sim",NA,"Sim","Sim","","","Sim","","","","","uuid:6a646f7b-a4cc-4cfd-8420-32f18ed30b17"
"11/04/2025","IDSW100373",-25.9839172,32.5917231,19.2,4.787,"Maputo Cidade","khampfumo","Tempestade","Emissario_EM","Aguas_residuais","Torpidos","28",24,56,NA,NA,"",NA,NA,NA,"Sim","Sim",NA,"Sim","Sim","","","","","","","","uuid:91c0b696-55ed-4b6f-a91c-6600b3f3283c"
"11/04/2025","IDSWQ00034",-17.8797359,36.8816136,-2.3000001907,4.966,"Zambezia","quelimane","E_frente_Autor_Tributaria","Emissario_EM","Aguas_residuais","Grag_sample","31",8,81,NA,NA,"",NA,NA,NA,"Sim","Sim",NA,"Sim","Sim","","","","","","IDSLJ","","uuid:f54c891d-ea02-4833-a5fa-b88c86cae0cc"
"11/04/2025","IDSWQ00030",-17.8796458,36.8816009,-3.6000003815,4.45,"Zambezia","quelimane","E_frente_Autor_Tributaria","Emissario_EM","Aguas_residuais","Moore_swab","31",8,81,NA,NA,"",NA,NA,NA,"Sim","Sim",NA,"Sim","Sim","","","","","","IDSLJ","","uuid:99075227-056c-41cc-888c-607685088d1e"
"11/04/2025","IDSWQ00029",-17.8809297,36.8835073,-2.6000003815,3.36,"Zambezia","quelimane","Piscina_Municipal","Emissario_EM","Aguas_residuais","Moore_swab","31",8,81,NA,NA,"",NA,NA,NA,"Sim","Sim",NA,"Sim","Sim","","","","","","IDSLJ","","uuid:776a6c49-66c8-4917-b760-4e6c61f24539"
"11/04/2025","IDSWQ00033",-17.88103,36.8833782,-2.6000003815,4.487,"Zambezia","quelimane","Piscina_Municipal","Emissario_EM","Aguas_residuais","Grag_sample","31",8,81,NA,NA,"",NA,NA,NA,"Sim","Sim",NA,"Sim","Sim","","","","","","IDSLJ","","uuid:b62a3cb8-ff86-46c2-8cbb-2c7a575e0e6e"
"11/04/2025","IDSWQ00030",-17.881982,36.8850831,-2.3000001907,4.837,"Zambezia","quelimane","REFEBA","Emissario_EM","Aguas_residuais","Moore_swab","31",8,80,NA,NA,"",NA,NA,NA,"Sim","Sim",NA,"Sim","Sim","","","","","","IDSLJ","","uuid:02c02be0-b468-4490-b7a3-54f98b155226"
"11/04/2025","IDSWQ00032",-17.881854,36.8853143,-2.3000001907,4.6,"Zambezia","quelimane","REFEBA","Emissario_EM","Aguas_residuais","Grag_sample","31",8,80,NA,NA,"",NA,NA,NA,"Sim","Sim",NA,"Sim","Sim","","","","","","IDSLJ","","uuid:ab2c3724-fa0e-4ac0-94f1-c7964202c900"
"11/04/2025","IDSWQ00031",-17.8836267,36.887355,-2.3000001907,4.85,"Zambezia","quelimane","BRIZA","Emissario_EM","Aguas_residuais","Grag_sample","31",8,80,NA,NA,"",NA,NA,NA,"Sim","Sim",NA,"Sim","Sim","","","","","","IDSLJ","","uuid:12bd962b-12c5-4afd-b0de-4301db1011de"
"11/04/2025","IDSW100374",-25.9143948,32.5915711,63.7947998047,4.525,"Maputo Cidade","kamavota","Registo","Fonte_de_distribuicao","Agua_de_consumo","Grag_sample","50",40,99,NA,NA,"",NA,NA,NA,"Sim","Sim",NA,"Nao","Nao","Nao","Sim","Sim","Sim","Microbiologia e Fisioquimico","Diocreciano Bero","A1","uuid:41a610b0-cc20-4557-b5ff-a1d9b596d2b3"
"11/04/2025","IDSW100375",-25.8867785,32.6096469,73.4000015259,3.79,"Maputo Cidade","kamavota","Registo","Fonte_de_distribuicao","Agua_de_consumo","Grag_sample","50",40,99,NA,NA,"",NA,NA,NA,"Sim","Sim",NA,"Nao","Nao","","","","","","Diocreciano Bero","Microbiologia e Fisioquimico","uuid:96d30d77-76b4-4f1b-aec0-4f8480c079c1"
"11/04/2025","IDSW100376",-25.8763654,32.6076954,69.0580444336,4.13,"Maputo Cidade","kamavota","Registo","Fonte_de_distribuicao","Agua_de_consumo","Grag_sample","50",40,99,NA,NA,"",NA,NA,NA,"Sim","Sim",NA,"Nao","Nao","","","","","","Diocreciano Bero","Amostra 3 (FIPAG)","uuid:6ca16e58-1ae3-4f39-b078-65f6f9198515"
"11/04/2025","IDSW100377",-25.850132,32.6248957,63.3913574219,4.134,"Maputo Cidade","kamavota","Registo","Fonte_de_distribuicao","Agua_de_consumo","Grag_sample","50",40,99,NA,NA,"",NA,NA,NA,"Sim","Sim",NA,"Nao","Nao","Nao","Nao","Sim","Sim","Microbiologia e Fisioquimico","Diocreciano Bero","A4","uuid:c4164d2d-2209-4c4f-b516-2fd6d91ccaf9"
"11/04/2025","IDSW100378",-25.8381459,32.624762,59.3944702148,3.79,"Maputo Cidade","kamavota","Registo","Fonte_de_distribuicao","Agua_de_consumo","Grag_sample","50",40,99,NA,NA,"",NA,NA,NA,"Sim","Sim",NA,"Nao","Nao","","","","Sim","Microbiologia e Fisio-quimico","Diocreciano Bero","Amostra 5","uuid:5e8d7a20-ec9b-424a-8bf8-73f5c1c09eec"
"11/04/2025","IDSW100379",-25.8439629,32.6338037,67.5319824219,4.306,"Maputo Cidade","kamavota","Registo","Fonte_de_distribuicao","Agua_de_consumo","Grag_sample","50",40,99,NA,NA,"",NA,NA,NA,"Sim","Sim",NA,"Nao","Nao","","","","Sim","Microbiologia e Fisio-quimico","Diocreciano Bero","Amostra 6, abastece a 739 familias","uuid:e7a0c8e3-f253-44ab-9855-26841df980f2"
"11/11/2025","IDSWQ00039",-17.8835431,36.8873836,-3.5,4.816,"Zambezia","quelimane","BRIZA","Emissario_EM","Aguas_residuais","Grag_sample","31",8,83,NA,NA,"",NA,NA,NA,"Sim","Sim",NA,"Sim","Sim","","","","","","IDSLJ","","uuid:57eafdec-75ac-4a93-85f9-87745c8becd3"
"11/11/2025","IDSWQ00035",-17.8835962,36.8873482,-3.5,4.933,"Zambezia","quelimane","BRIZA","Emissario_EM","Aguas_residuais","Moore_swab","31",8,83,NA,NA,"",NA,NA,NA,"Sim","Sim",NA,"Sim","Sim","","","","","","IDSLJ","","uuid:a9c3f5ff-5e51-4a60-8468-daf742ae8bf9"
"11/11/2025","IDSWQ00040",-17.8813379,36.8843576,-3.5,4.971,"Zambezia","quelimane","REFEBA","Emissario_EM","Aguas_residuais","Moore_swab","31",8,83,NA,NA,"",NA,NA,NA,"Sim","Sim",NA,"Sim","Sim","","","","","","IDSLJ","","uuid:f328ac72-b8dd-4da2-bd1c-eaae13c6cf17"
"11/11/2025","IDSWQ00036",-17.8819956,36.8850303,-3.5,4.75,"Zambezia","quelimane","REFEBA","Emissario_EM","Aguas_residuais","Grag_sample","31",8,83,NA,NA,"",NA,NA,NA,"Sim","Sim",NA,"Sim","Sim","","","","","","IDSLJ","","uuid:038cea87-1272-475e-8818-29af2c7e52ec"
"11/11/2025","IDSWQ00037",-17.8809299,36.8834397,-3.5,4.466,"Zambezia","quelimane","Piscina_Municipal","Emissario_EM","Aguas_residuais","Moore_swab","31",8,83,NA,NA,"",NA,NA,NA,"Sim","Sim",NA,"Sim","Sim","","","","","","IDSLJ","","uuid:077ef512-4962-4887-9094-689bdd2283ea"
"11/11/2025","IDSWQ00041",-17.8809683,36.883443,-3.5,4.5,"Zambezia","quelimane","Piscina_Municipal","Emissario_EM","Aguas_residuais","Grag_sample","31",8,83,NA,NA,"",NA,NA,NA,"Sim","Sim",NA,"Sim","Sim","","","","","","IDSLJ","","uuid:6c492a91-4448-462d-9c2d-a429caf7df52"
"11/11/2025","IDSWQ00038",-17.8796329,36.8817267,-3.5,4.68,"Zambezia","quelimane","E_frente_Autor_Tributaria","Emissario_EM","Aguas_residuais","Moore_swab","31",8,83,NA,NA,"",NA,NA,NA,"Sim","Sim",NA,"Sim","Sim","","","","","","IDSLJ","","uuid:5e49f563-8e54-4782-b13e-ab4a7f358634"
"11/11/2025","IDSWQ00042",-17.8796212,36.8816279,-3.5,4.428,"Zambezia","quelimane","E_frente_Autor_Tributaria","Emissario_EM","Aguas_residuais","Grag_sample","31",8,83,NA,NA,"",NA,NA,NA,"Sim","Sim",NA,"Sim","Sim","","","","","","IDSLJ","","uuid:3cab6572-1c48-4722-8dd4-3f29644c04dc"
"11/12/2025","IDSWT00107",-16.1545882,33.5885487,122.5999984741,4.605,"Tete","tete","Registo","Emissario_EM","Aguas_residuais","Grag_sample","34",40,46,NA,NA,"",NA,NA,NA,"Sim","Sim",NA,"Sim","Sim","","","","","","Banquile Balata","","uuid:93fcc437-4bd3-447b-bc04-1f90c84bb86e"
"11/12/2025","IDSWT00108",-16.1546837,33.5884996,122.5999984741,4.644,"Tete","tete","Registo","Emissario_EM","Aguas_residuais","Moore_swab","34",40,56,NA,NA,"",NA,NA,NA,"Sim","Sim",NA,"Sim","Sim","","","","","","Banquile Balata","","uuid:e16fffa5-01e9-4c70-9531-f6b375029cbc"
"11/12/2025","IDSWT00109",-16.1561286,33.5904176,119.9000015259,4.75,"Tete","tete","Mercado_do_Peixe","Emissario_EM","Aguas_residuais","Grag_sample","34",40,56,NA,NA,"",NA,NA,NA,"Sim","Sim",NA,"Sim","Sim","","","","","","Banquile Balata","","uuid:851cbc5f-6c71-44a2-a560-13a55dc49f21"
"11/12/2025","IDSWT00110",-16.1560363,33.5902762,119.9000015259,4.183,"Tete","tete","Mercado_do_Peixe","Emissario_EM","Aguas_residuais","Moore_swab","34",40,56,NA,NA,"",NA,NA,NA,"Sim","Sim",NA,"Sim","Sim","","","","","","Banquile Balata","","uuid:ecab5038-3dfa-4199-8955-9406eaa92240"
"11/12/2025","IDSWT00111",-16.1578781,33.5922589,119.8000030518,4.65,"Tete","tete","Paraiso_Misterioso","Emissario_EM","Aguas_residuais","Grag_sample","34",40,56,NA,NA,"",NA,NA,NA,"Sim","Sim",NA,"Sim","Sim","","","","","","Banquile Balata","","uuid:7a08449d-996f-4cf8-b13a-2d34cb625a34"
"11/12/2025","IDSWT00112",-16.1578839,33.5922098,119.8000030518,4.833,"Tete","tete","Paraiso_Misterioso","Emissario_EM","Aguas_residuais","Moore_swab","34",40,56,NA,NA,"",NA,NA,NA,"Sim","Sim",NA,"Sim","Sim","","","","","","Banquile Balata","","uuid:6e0c5b24-2333-45f3-b0ec-edd433da5251"
"11/12/2025","IDSWT00113",-16.1637674,33.5982331,120.9000015259,4.45,"Tete","tete","Quartel_Militar","Emissario_EM","Aguas_residuais","Grag_sample","34",40,56,NA,NA,"",NA,NA,NA,"Sim","Sim",NA,"Sim","Sim","","","","","","Banquile Balata","","uuid:06b31ff6-adde-454f-b2c9-cfae1dd88356"
"11/12/2025","IDSWT00114",-16.1638006,33.5982103,120,2.787,"Tete","tete","Quartel_Militar","Emissario_EM","Aguas_residuais","Moore_swab","34",40,56,NA,NA,"",NA,NA,NA,"Sim","Sim",NA,"Sim","Sim","","","","","","Banquile Balata","","uuid:bb4bd9ee-6640-4f62-8a0c-e4b6c0c98956"
"05/27/2025","IDSW100089",-25.9177303,32.5382721,28.4,2.757,"Maputo Cidade","kamubukwana","ETAR","Vala_esgoto_VE","Aguas_residuais","Moore_swab","28.2",40,57,NA,NA,"",NA,NA,NA,"Sim","Sim",NA,"Sim","Sim","","","","","","INOCÊNCIO","","uuid:2648c886-f4a6-4a06-9505-5b7dd071cd0c"
"08/27/2025","IDSW100217",-25.983984,32.591915,84.9,5,"Maputo Cidade","kamubukwana","Tempestade","Emissario_EM","Aguas_residuais","Moore_swab","24",40,65,NA,NA,"",NA,NA,NA,"Sim","Sim",NA,"Sim","Sim","Nao","","","","","INOCÊNCIO","","uuid:798263a4-9207-4ce1-a20b-5b4d47d8849c"
"08/01/2025","IDSW100164",-25.731552,32.6712542,72.9000015259,13.469,"Maputo Cidade","kamubukwana","ETAR","Cam_Cistern_CC","Aguas_residuais","Torpidos","25",40,51,NA,NA,"",NA,NA,NA,"Sim","Sim",NA,"Sim","Sim","","","","","","INOCÊNCIO","","uuid:eb476f2e-6c53-4156-bc15-da4a836d0648"
"09/10/2025","IDSW100236",-25.9837521,32.5919721,33.2,4.933,"Maputo Cidade","kamubukwana","Tempestade","Emissario_EM","Aguas_residuais","Torpidos","24",40,74,NA,NA,"",NA,NA,NA,"Sim","Sim",NA,"Sim","Sim","","","","","","INOCÊNCIO","","uuid:20638d66-1528-43fc-a536-e94e66817ee3"
"09/16/2025","IDSW100260",-25.9187802,32.5390054,-15.7,4.96,"Maputo Cidade","kamubukwana","ETAR","Cam_Cistern_CC","Aguas_residuais","Moore_swab","30",40,28,NA,NA,"",NA,NA,NA,"Sim","Sim",NA,"Sim","Nao","","","Nao","","","","","uuid:a7bb0e06-e3bf-47f0-a482-d42a5a6f5fbe"
"09/16/2025","IDSW100261",-25.9187545,32.5389892,-15.8,4.72,"Maputo Cidade","kamubukwana","ETAR","Cam_Cistern_CC","Aguas_residuais","Grag_sample","30",40,28,NA,NA,"",NA,NA,NA,"Sim","Sim",NA,"Sim","Sim","","","Sim","","","INOCÊNCIO","","uuid:f621fce6-0e72-4770-8ae3-b99116606b3b"
"10/21/2025","IDSW100333",-25.9185379,32.5388264,53.2,4.72,"Maputo Cidade","kamubukwana","ETAR","Cam_Cistern_CC","Aguas_residuais","Torpidos","25",40,50,NA,NA,"",NA,NA,NA,"Sim","Sim",NA,"Sim","Sim","","","","","","In","","uuid:3a3b76f7-8db2-4776-bd5c-4ea0bd1689e2"
"11/12/2025","IDSW100382",-25.9177219,32.5382939,26.4000015259,4.1,"Maputo_provincia","matola","ETAR","Vala_esgoto_VE","Aguas_residuais","Torpidos","33",8,71,NA,NA,"",NA,NA,NA,"Sim","Sim",NA,"Sim","Sim","","","Sim","","","Osvaldo","","uuid:bae887f0-de5b-46b8-90ac-5a7be14049ba"
"11/12/2025","IDSW100381",-25.9177207,32.538282,26.4000015259,3.412,"Maputo_provincia","matola","ETAR","Vala_esgoto_VE","Aguas_residuais","Grag_sample","33",8,71,NA,NA,"",NA,NA,NA,"Sim","Sim",NA,"Sim","Sim","","","Sim","","","Osvaldo","","uuid:8abcd00d-e57e-4fce-9d21-21a55760eda8"
"11/12/2025","IDSW100383",-25.917718,32.5382931,26.4000015259,3.75,"Maputo_provincia","matola","ETAR","Vala_esgoto_VE","Aguas_residuais","Moore_swab","33",8,80,NA,NA,"",NA,NA,NA,"Sim","Sim",NA,"Sim","Sim","","","Sim","","","Osvaldo","","uuid:487bd778-8243-4a21-896f-fc059f8fa05c"
"11/12/2025","IDSW100384",-25.9179217,32.53823,26.4000015259,4.2,"Maputo_provincia","matola","ETAR","Entrada_ETAR","Aguas_residuais","Grag_sample","33",8,71,NA,NA,"",NA,NA,NA,"Sim","Sim",NA,"Sim","Sim","","","Sim","","","Osvaldo","","uuid:97dec477-c094-406d-b96e-280cd7025163"
"11/12/2025","IDSW100386",-25.917695,32.5383167,26.4000015259,4.5,"Maputo_provincia","matola","ETAR","Entrada_ETAR","Aguas_residuais","Moore_swab","33",8,70,NA,NA,"",NA,NA,NA,"Sim","Sim",NA,"Sim","Sim","","","Sim","","","Osvaldo","","uuid:3743bee8-6efe-441f-a111-bb8152ef88af"
"11/12/2025","IDSW100387",-25.9177367,32.5381748,26.5,4.7,"Maputo_provincia","matola","ETAR","Cam_Cistern_CC","Aguas_residuais","Grag_sample","33",8,71,NA,NA,"",NA,NA,NA,"Sim","Sim",NA,"Sim","Sim","","","Sim","","","Osvaldo","","uuid:aa66556e-7ef3-4f1e-bb3a-20f5452d6394"
"11/12/2025","IDSW100388",-25.917709,32.5382674,26.2000007629,3.65,"Maputo_provincia","matola","ETAR","Cam_Cistern_CC","Aguas_residuais","Moore_swab","8",8,71,NA,NA,"",NA,NA,NA,"Sim","Sim",NA,"Sim","Sim","","","Sim","","","Osvaldo","","uuid:324b6181-906f-433e-a49f-b69a1786c3d7"
"11/12/2025","IDSW100389",-25.9176348,32.5382958,26.5,2.971,"Maputo_provincia","matola","ETAR","Cam_Cistern_CC","Aguas_residuais","Torpidos","33",8,71,NA,NA,"",NA,NA,NA,"Sim","Sim",NA,"Sim","Sim","","","Sim","","","Osvaldo","","uuid:f2c62059-af1c-4c4d-bc31-a5e63a2cebf6"
"11/12/2025","IDSW100390",-25.9176489,32.5382912,26.5,11.399,"Maputo Cidade","khampfumo","Presidencia","Emissario_EM","Aguas_residuais","Grag_sample","33",8,70,NA,NA,"",NA,NA,NA,"Sim","Sim",NA,"Sim","Sim","","","Sim","","","Osvaldo","","uuid:9c006939-d5d2-4b01-9063-cd88c7156552"
"11/12/2025","IDSW100391",-25.9176676,32.5383137,26.4000015259,14.464,"Maputo Cidade","khampfumo","Tempestade","Emissario_EM","Aguas_residuais","Grag_sample","33",8,71,NA,NA,"",NA,NA,NA,"Sim","Sim",NA,"Sim","Sim","","","Sim","","","Osvaldo","","uuid:3e444da6-acb1-4107-82f1-5c9bf548d474"
"11/12/2025","IDSW100392",-25.9177867,32.5382283,26.4000015259,3.9,"Maputo Cidade","khampfumo","Tempestade","Emissario_EM","Aguas_residuais","Moore_swab","33",8,70,NA,NA,"",NA,NA,NA,"Sim","Sim",NA,"Sim","Sim","","","Sim","","","Osvaldo","","uuid:f3cb54cf-ab24-4934-82b9-cb46ba0ad691"
"11/18/2025","IDSWT00115",-16.1636633,33.5982617,124.9000015259,4.35,"Tete","tete","Quartel_Militar","Emissario_EM","Aguas_residuais","Grag_sample","24",40,92,NA,NA,"",NA,NA,NA,"Sim","Sim",NA,"Sim","Sim","","","","","","Banquile Balata","","uuid:a8fa51e2-9058-4bf9-b31c-4a28ca1675cc"
"11/18/2025","IDSWT00116",-16.1637067,33.5982667,120.3000030518,4.933,"Tete","tete","Quartel_Militar","Emissario_EM","Aguas_residuais","Moore_swab","24",40,92,NA,NA,"",NA,NA,NA,"Sim","Sim",NA,"Sim","Sim","","","","","","Banquile Balata","","uuid:b2c5407d-1251-4b8e-9559-75b961172cf5"
"11/18/2025","IDSWT00117",-16.1578742,33.5921529,121.5,4.82,"Tete","tete","Paraiso_Misterioso","Emissario_EM","Aguas_residuais","Grag_sample","24",40,92,NA,NA,"",NA,NA,NA,"Sim","Sim",NA,"Sim","Sim","","","","","","Banquile Balata","","uuid:c729aeb3-9bc2-412a-9d92-ff360ae9cb51"
"11/18/2025","IDSWT00118",-16.1580666,33.5923029,121.5,4.133,"Tete","tete","Paraiso_Misterioso","Emissario_EM","Aguas_residuais","Moore_swab","24",40,92,NA,NA,"",NA,NA,NA,"Sim","Sim",NA,"Sim","Sim","","","","","","Banquile Balata","","uuid:7d648493-0928-44d4-8791-811015fa4aae"
"11/18/2025","IDSWT00119",-16.15597,33.590192,121.5,4.066,"Tete","tete","Mercado_do_Peixe","Emissario_EM","Aguas_residuais","Grag_sample","24",40,92,NA,NA,"",NA,NA,NA,"Sim","Sim",NA,"Sim","Sim","","","","","","Banquile Balata","","uuid:94044d73-2984-47b9-b0f9-ab67fa203ee2"
"11/18/2025","IDSWT00120",-16.1560649,33.5902288,121.5,4.616,"Tete","tete","Mercado_do_Peixe","Emissario_EM","Aguas_residuais","Moore_swab","24",40,92,NA,NA,"",NA,NA,NA,"Sim","Sim",NA,"Sim","Sim","","","","","","Banquile Balata","","uuid:b0bb35a4-55fb-4318-9dae-dcef63e260d4"
"11/18/2025","IDSWT00121",-16.1545264,33.5884795,121.5,4.53,"Tete","tete","Registo","Emissario_EM","Aguas_residuais","Grag_sample","24",40,92,NA,NA,"",NA,NA,NA,"Sim","Sim",NA,"Sim","Sim","","","","","","Banquile Balata","","uuid:b6a62e96-b5fc-4510-a794-83b6a777481a"
"11/18/2025","IDSWT00122",-16.1546034,33.5885715,114,3.24,"Tete","tete","Registo","Emissario_EM","Aguas_residuais","Moore_swab","24",40,92,NA,NA,"",NA,NA,NA,"Sim","Sim",NA,"Sim","Sim","","","","","","Banquile Balata","","uuid:f2c224f9-36aa-44ad-9c3e-6370129d12d6"
"11/18/2025","IDSW100393",-25.9176801,32.5382834,26.4000015259,4.9,"Maputo_provincia","matola","ETAR","Vala_esgoto_VE","Aguas_residuais","Torpidos","25",40,62,NA,NA,"",NA,NA,NA,"Sim","Sim",NA,"Sim","Sim","","","","","","INOCÊNCIO","","uuid:09d4fa5d-c597-4348-a316-9707be12b940"
"11/18/2025","IDSW100394",-25.9177277,32.5383449,26.2000007629,4.966,"Maputo_provincia","matola","ETAR","Vala_esgoto_VE","Aguas_residuais","Moore_swab","25",40,62,NA,NA,"",NA,NA,NA,"Sim","Sim",NA,"Sim","Sim","","","Sim","","","INOCÊNCIO","","uuid:2c4e6ec1-8a76-44b4-8691-b995d91f510e"
"11/18/2025","IDSW100395",-25.9177154,32.5384299,27.2000007629,4.8,"Maputo_provincia","matola","ETAR","Vala_esgoto_VE","Aguas_residuais","Grag_sample","25",40,62,NA,NA,"",NA,NA,NA,"Sim","Sim",NA,"Sim","Sim","","","Sim","","","INOCÊNCIO","","uuid:ad9d2649-5f82-47cf-959b-e14532fbbb19"
"11/18/2025","IDSW100396",-25.9184175,32.5392229,27.2000007629,4.72,"Maputo Cidade","kamubukwana","ETAR","Entrada_ETAR","Aguas_residuais","Torpidos","25",40,62,NA,NA,"",NA,NA,NA,"Sim","Sim",NA,"Sim","Sim","","","","","","INOCÊNCIO","","uuid:0a39ae72-fd49-4bd6-a0d3-8d1a6725aeba"
"11/18/2025","IDSW100397",-25.918409,32.5392559,27.2000007629,4.52,"Maputo Cidade","kamubukwana","ETAR","Entrada_ETAR","Aguas_residuais","Moore_swab","25",40,62,NA,NA,"",NA,NA,NA,"Sim","Sim",NA,"Sim","Sim","","","Sim","","","INOCÊNCIO","","uuid:0477dedc-474b-49cf-904e-93299d27bb1f"
"11/18/2025","IDSW100398",-25.9184039,32.5392751,27.2000007629,4.983,"Maputo Cidade","kamubukwana","ETAR","Entrada_ETAR","Aguas_residuais","Grag_sample","25",40,62,NA,NA,"",NA,NA,NA,"Sim","Sim",NA,"Sim","Sim","","","Sim","","","INOCÊNCIO","","uuid:d14aee42-5796-446e-aca9-0f7d5a584715"
"11/18/2025","IDSW100399",-25.9185794,32.538954,14.1,4.62,"Maputo Cidade","kamubukwana","ETAR","Cam_Cistern_CC","Aguas_residuais","Torpidos","25",40,62,NA,NA,"",NA,NA,NA,"Sim","Sim",NA,"Sim","Sim","","","","","","INOCÊNCIO","","uuid:928d568d-68e2-4bcd-8b59-814a27a76103"
"11/18/2025","IDSW100400",-25.9185466,32.5389054,15.4,4.96,"Maputo Cidade","kamubukwana","ETAR","Cam_Cistern_CC","Aguas_residuais","Moore_swab","25",40,62,NA,NA,"",NA,NA,NA,"Sim","Sim",NA,"Nao","Sim","","","","","","INOCÊNCIO","","uuid:a68b39d6-6896-45e6-9295-2d30696554f0"
"11/18/2025","IDSW100401",-25.9185617,32.5388983,15.4,4.9,"Maputo Cidade","kamubukwana","ETAR","Cam_Cistern_CC","Aguas_residuais","Grag_sample","25",40,62,NA,NA,"",NA,NA,NA,"Sim","Sim",NA,"Sim","Sim","","","Sim","","","INOCÊNCIO","","uuid:193aedba-f0fa-43ad-bf5d-d228fe13f1c3"
"11/18/2025","IDSW100402",-25.983613,32.5919755,15.3,4.916,"Maputo Cidade","khampfumo","Tempestade","Emissario_EM","Aguas_residuais","Torpidos","26",40,60,NA,NA,"",NA,NA,NA,"Sim","Sim",NA,"Sim","Sim","","","","","","INOCÊNCIO","","uuid:1e6bdea4-7f0c-49fb-b3ac-98ac65f814fc"
"11/18/2025","IDSW100404",-25.9836548,32.5919684,15.9,4.6,"Maputo Cidade","khampfumo","Tempestade","Emissario_EM","Aguas_residuais","Grag_sample","26",40,60,NA,NA,"",NA,NA,NA,"Sim","Sim",NA,"Sim","Sim","","","Sim","","","INOCÊNCIO","","uuid:e3c0858c-943b-45b0-879e-cdbaeb0880ef"
"11/18/2025","IDSW100403",-25.9836712,32.5920116,16,4.96,"Maputo Cidade","khampfumo","Tempestade","Emissario_EM","Aguas_residuais","Moore_swab","26",40,60,NA,NA,"",NA,NA,NA,"Sim","Sim",NA,"Sim","Sim","","","Sim","","","INOCÊNCIO","","uuid:579dcbb8-809f-4f94-a077-6b7f49c88fbb"
"11/05/2025","IDSW100405",-25.86649,32.510291,63.595703125,4.574,"Maputo_provincia","matola","Registo","Fonte_de_distribuicao","Agua_de_consumo","Grag_sample","50",40,99,NA,NA,"",NA,NA,NA,"Sim","Sim",NA,"Nao","Nao","Nao","","","Sim","Microbiologia e Fisio-quimico","Diocreciano Bero","A7 abastece a","uuid:f6e53d01-9965-4b39-a17d-22a0c5cb9ecc"
"11/05/2025","IDSW100406",-25.865645,32.4973277,57.6605224609,4.277,"Maputo_provincia","matola","Registo","Fonte_de_distribuicao","Agua_de_consumo","Grag_sample","50",40,99,NA,NA,"",NA,NA,NA,"Sim","Sim",NA,"Nao","Nao","Nao","","","Sim","Microbiologico e Fisioquimico","Diocreciano Bero","Abastece 92 famílias","uuid:076daf18-6f8a-490d-9970-f18587dc7d40"
"11/05/2025","IDSW100407",-25.8502639,32.5278982,71.6376953125,4.568,"Maputo_provincia","matola","Registo","Fonte_de_distribuicao","Agua_de_consumo","Grag_sample","50",40,99,NA,NA,"",NA,NA,NA,"Sim","Sim",NA,"Nao","Nao","","","","Sim","Microbiologico e Fisioquimico","Diocreciano Bero no","Abastece 351 famílias","uuid:bf5aae67-0e28-4987-b552-d7c3714a9958"
"11/05/2025","IDSW100408",-25.8223642,32.5629975,37.5783081055,4.124,"Maputo_provincia","matola","Registo","Fonte_de_distribuicao","Agua_de_consumo","Grag_sample","50",40,99,NA,NA,"",NA,NA,NA,"Sim","Sim",NA,"Nao","Nao","","","","Sim","Microbiologia e Fisio-quimico","Diocreciano Bero","A10 Zimpeto","uuid:ecfc250a-ad45-45c6-8a48-9b1df7b83f8a"
"11/18/2025","IDSWQ00043",-17.88361,36.8873383,-4,5,"Zambezia","quelimane","BRIZA","Emissario_EM","Aguas_residuais","Moore_swab","29",8,56,NA,NA,"",NA,NA,NA,"Sim","Sim",NA,"Sim","Sim","","","","","","","","uuid:fab1a8fd-a112-4422-b629-b274634b7d64"
"11/18/2025","IDSWQ00047",-17.8835803,36.8872949,-4,4.866,"Zambezia","quelimane","Piscina_Municipal","Emissario_EM","Aguas_residuais","Grag_sample","29",8,56,NA,NA,"",NA,NA,NA,"Sim","Sim",NA,"Sim","Sim","","","","","","","","uuid:c71b509d-6bb0-462f-aa5a-c4a9475da8c1"
"11/18/2025","IDSWQ00044",-17.881969,36.8850522,-1.1999999285,5,"Zambezia","quelimane","REFEBA","Emissario_EM","Aguas_residuais","Moore_swab","29",8,56,NA,NA,"",NA,NA,NA,"Sim","Sim",NA,"Sim","Sim","","","","","","","","uuid:39e1cf78-90d8-47f3-876a-05957008ff11"
"11/18/2025","IDSWQ00048",-17.8819471,36.8849748,-2.2000000477,4.785,"Zambezia","quelimane","REFEBA","Emissario_EM","Aguas_residuais","Grag_sample","29",8,56,NA,NA,"",NA,NA,NA,"Sim","Sim",NA,"Sim","Sim","","","","","","","","uuid:c45cb10f-2a0c-4056-b22e-61b605d70247"
"11/18/2025","IDSWQ00045",-17.8809346,36.8835462,-2.1000001431,3.2,"Zambezia","quelimane","Piscina_Municipal","Emissario_EM","Aguas_residuais","Moore_swab","29",8,56,NA,NA,"",NA,NA,NA,"Sim","Sim",NA,"Sim","Sim","","","","","","","","uuid:93ca7664-0b4c-4277-ad04-f9cac92932a9"
"11/18/2025","IDSWQ00049",-17.8809335,36.8834976,-2.1000001431,4.375,"Zambezia","quelimane","Piscina_Municipal","Emissario_EM","Aguas_residuais","Grag_sample","29",8,56,NA,NA,"",NA,NA,NA,"Sim","Sim",NA,"Sim","Sim","","","","","","","","uuid:c0eb8210-2390-4518-8f2e-c6bae4d4b860"
"11/18/2025","IDSWQ00049",-17.8796818,36.881618,-3.4000000954,4.55,"Zambezia","quelimane","E_frente_Autor_Tributaria","Emissario_EM","Aguas_residuais","Moore_swab","29",8,56,NA,NA,"",NA,NA,NA,"Sim","Sim",NA,"Sim","Sim","","","","","","","","uuid:004ccdda-a512-4cd6-bc7d-c78389ba056e"
"11/18/2025","IDSWQ00050",-17.8796752,36.8816464,-2.7000002861,4.816,"Zambezia","quelimane","E_frente_Autor_Tributaria","Emissario_EM","Aguas_residuais","Grag_sample","29",8,56,NA,NA,"",NA,NA,NA,"Sim","Sim",NA,"Sim","Sim","","","","","","","","uuid:83d2602f-81d1-4e45-b7fc-95776b3b3def"
"10/07/2025","IDSW100286",-25.9178067,32.538225,46.9,4.35,"Maputo_provincia","matola","ETAR","Vala_esgoto_VE","Aguas_residuais","Torpidos","23",40,65,NA,NA,"",NA,NA,NA,"Sim","Sim",NA,"Sim","Sim","","","","","","OSVALDO","","uuid:a82451ac-79aa-4e1c-9b2c-1fb3ebb32160"
"10/07/2025","IDSW100287",-25.91776,32.53832,46.6,4.85,"Maputo_provincia","matola","ETAR","Vala_esgoto_VE","Aguas_residuais","Moore_swab","23",40,65,NA,NA,"",NA,NA,NA,"Sim","Sim",NA,"Sim","Sim","Nao","","Sim","","","OSVALDO","","uuid:ff604d8a-8989-4ee4-b8b9-b15015033368"
"10/07/2025","IDSW100288",-25.9177717,32.5383317,46.7,4.2,"Maputo_provincia","matola","ETAR","Vala_esgoto_VE","Aguas_residuais","Grag_sample","23",40,65,NA,NA,"",NA,NA,NA,"Sim","Sim",NA,"Sim","Sim","","","Sim","","","OSVALDO","","uuid:80a078e1-90bf-4c11-b401-aec02a5a1016"
"10/07/2025","IDSW100289",-25.9183379,32.5392423,20,4.816,"Maputo Cidade","kamubukwana","ETAR","Entrada_ETAR","Aguas_residuais","Moore_swab","23",40,65,NA,NA,"",NA,NA,NA,"Sim","Sim",NA,"Sim","Sim","","","Sim","","","OSVALDO","","uuid:645b301c-def4-407b-9f2a-57d9e0137e53"
"11/11/2025","IDSW100290",-25.9183354,32.5392375,20,4.05,"Maputo Cidade","kamubukwana","ETAR","Entrada_ETAR","Aguas_residuais","Moore_swab","23",40,65,NA,NA,"",NA,NA,NA,"Sim","Sim",NA,"Sim","Sim","","","Sim","","","OSVALDO","","uuid:bd3017c2-6255-48a5-b3b8-a34bc17dd19b"
"10/07/2025","IDSW100291",-25.9183346,32.539229,20,4.1,"Maputo Cidade","kamubukwana","ETAR","Entrada_ETAR","Aguas_residuais","Torpidos","23",40,65,NA,NA,"",NA,NA,NA,"Sim","Sim",NA,"Sim","Sim","","","","","","OSVALDO","","uuid:6b356d60-2a87-43db-a595-f87121a0fd69"
"10/07/2025","IDSW100292",-25.9186728,32.5389422,22.5,4.7,"Maputo Cidade","kamubukwana","ETAR","Cam_Cistern_CC","Aguas_residuais","Moore_swab","23",40,65,NA,NA,"",NA,NA,NA,"Sim","Sim",NA,"Sim","Sim","","","Sim","","","OSVALDO","","uuid:b6ac22e0-ba45-496a-9dcf-ffffe1da1067"
"10/07/2025","IDSW100293",-25.918651,32.538965,22.3,3.9,"Maputo Cidade","kamubukwana","ETAR","Cam_Cistern_CC","Aguas_residuais","Moore_swab","23",40,65,NA,NA,"",NA,NA,NA,"Sim","Sim",NA,"Sim","Sim","","","Sim","","","OSVALDO","","uuid:5bfbbaaa-9c14-4cd7-bfba-18181765a2c4"
"10/07/2025","IDSW100294",-25.9186513,32.5389604,22.3,3.9,"Maputo Cidade","kamubukwana","ETAR","Cam_Cistern_CC","Aguas_residuais","Torpidos","23",40,65,NA,NA,"",NA,NA,NA,"Sim","Sim",NA,"Sim","Sim","","","","","","OSVALDO","","uuid:3af05b85-6a5f-44a7-a0a4-677517dc9d6f"
"10/07/2025","IDSW100295",-25.9650817,32.602295,34.7,4.866,"Maputo Cidade","khampfumo","Presidencia","Emissario_EM","Aguas_residuais","Moore_swab","23",40,65,NA,NA,"",NA,NA,NA,"Sim","Sim",NA,"Sim","Sim","","","Sim","","","OSVALDO","","uuid:ba786ec4-23f9-4057-b8b1-b1b942a075ef"
"10/07/2025","IDSW100296",-25.98378,32.5919817,35,4.916,"Maputo Cidade","khampfumo","Tempestade","Emissario_EM","Aguas_residuais","Grag_sample","23",40,65,NA,NA,"",NA,NA,NA,"Sim","Sim",NA,"Sim","Sim","","","Sim","","","OSVALDO","","uuid:33b50245-958b-4586-8c2c-fdc386258a26"
"10/07/2025","IDSW100297",-25.9837867,32.5919967,35,5,"Maputo Cidade","khampfumo","Tempestade","Emissario_EM","Aguas_residuais","Torpidos","23",40,65,NA,NA,"",NA,NA,NA,"Sim","Sim",NA,"Sim","Sim","","","","","","OSVALDO","","uuid:31279187-8768-49bb-9649-d52008fff771"
"10/07/2025","IDSW100298",-25.98377,32.5920233,35,4.7,"Maputo Cidade","khampfumo","Tempestade","Emissario_EM","Aguas_residuais","Moore_swab","23",40,65,NA,NA,"",NA,NA,NA,"Sim","Sim",NA,"Sim","Sim","","","Sim","","","OSVALDO","","uuid:361eaa22-ec62-42ff-ba3a-476543cf6f70"
"11/27/2025","IDSWT00123",-16.154535,33.588585,122.5999984741,4.64,"Tete","tete","Registo","Emissario_EM","Aguas_residuais","Grag_sample","34",40,48,NA,NA,"",NA,NA,NA,"Sim","Sim",NA,"Sim","Sim","Nao","Nao","Nao","Nao","","Banquile Juliao Balata","","uuid:997c7f73-92bd-4062-9250-4c201d1e1a54"
"11/27/2025","IDSWT00130",-16.163822,33.5982389,119.9000015259,3.433,"Tete","tete","Quartel_Militar","Emissario_EM","Aguas_residuais","Moore_swab","34",40,48,NA,NA,"",NA,NA,NA,"Sim","Sim",NA,"Sim","Sim","Nao","Nao","Nao","Nao","","Banquile Juliao Balata","","uuid:14e3bf83-bd36-44bc-8570-80575a953ec1"
"11/27/2025","IDSWT00129",-16.1636844,33.598277,119.9000015259,4.775,"Tete","tete","Quartel_Militar","Emissario_EM","Aguas_residuais","Grag_sample","34",40,48,NA,NA,"",NA,NA,NA,"Sim","Sim",NA,"Sim","Sim","Nao","Nao","Nao","Nao","","Banquile Julião Balata","","uuid:7fa12ad6-189c-4c57-a85d-bacd2aec1828"
"11/27/2025","IDSWT00128",-16.1578805,33.5922254,119.9000015259,4.766,"Tete","tete","Paraiso_Misterioso","Emissario_EM","Aguas_residuais","Moore_swab","34",40,48,NA,NA,"",NA,NA,NA,"Sim","Sim",NA,"Sim","Sim","Nao","Nao","Nao","Nao","","Banquile Julião Balata","","uuid:2b7f57d7-4bcc-48b4-ae91-0a44822359ea"
"11/27/2025","IDSWT00127",-16.1579332,33.5922507,119.9000015259,3.35,"Tete","tete","Paraiso_Misterioso","Emissario_EM","Aguas_residuais","Grag_sample","34",40,48,NA,NA,"",NA,NA,NA,"Sim","Sim",NA,"Sim","Sim","Nao","Nao","Nao","Nao","","Banquile Julião Balata","","uuid:b4009f30-59e1-4d82-b353-fff985d5aea8"
"11/27/2025","IDSWT00125",-16.156455,33.590025,122.5999984741,11.95,"Tete","tete","Mercado_do_Peixe","Emissario_EM","Aguas_residuais","Grag_sample","35",40,48,NA,NA,"",NA,NA,NA,"Sim","Sim",NA,"Sim","Sim","Nao","Nao","Nao","Nao","","Banquile Julião Balata","Neste ponto nao tive sucesso na recolha de armadilha para MORE SWAB. Tendo chegado no local encontrei a armadilha removido, acredita se que houve sabotagem com o pessoal que comercializa peixe ao redor do esgoto.","uuid:b9de8248-27d2-4107-8b84-3e730355dd15"
"11/27/2025","IDSW100409",-25.9838395,32.5919536,17,4.85,"Maputo Cidade","khampfumo","Tempestade","Emissario_EM","Aguas_residuais","Grag_sample","30",40,69,NA,NA,"",NA,NA,NA,"Sim","Sim",NA,"Sim","Sim","","","Sim","","","INOCÊNCIO","","uuid:7c7157f3-4b61-49a9-a693-3bcf0d1e4291"
"11/27/2025","IDSW100410",-25.9177686,32.5382515,29.6,4.95,"Maputo_provincia","matola","ETAR","Vala_esgoto_VE","Aguas_residuais","Grag_sample","32",40,51,NA,NA,"",NA,NA,NA,"Sim","Sim",NA,"Sim","Sim","","","","","","INOCÊNCIO","","uuid:896392ec-2a5d-4734-822c-4646dae82b20"
"11/27/2025","IDSW100411",-25.9184405,32.5393062,12.9,5,"Maputo Cidade","kamubukwana","ETAR","Entrada_ETAR","Aguas_residuais","Grag_sample","32",40,51,NA,NA,"",NA,NA,NA,"Sim","Sim",NA,"Sim","Sim","","","Sim","","","INOCÊNCIO","","uuid:03a52031-bc9c-4444-8fd9-89237592fbdd"
"11/27/2025","IDSW100412",-25.9186402,32.5388843,21.8,4.633,"Maputo Cidade","kamubukwana","ETAR","Cam_Cistern_CC","Aguas_residuais","Grag_sample","32",40,51,NA,NA,"",NA,NA,NA,"Sim","Sim",NA,"Sim","Sim","","","Sim","","","INOCÊNCIO","","uuid:d7791d58-01b0-436f-9acd-3585cabaf703"
"11/25/2025","IDSWQ00051",-17.8837971,36.8874633,-4,4.933,"Zambezia","quelimane","BRIZA","Emissario_EM","Aguas_residuais","Moore_swab","28",8,73,NA,NA,"",NA,NA,NA,"Sim","Sim",NA,"Sim","Sim","","","","","","IDSLJ","","uuid:7652e48d-e84a-4b0a-a615-a3ee7e272d01"
"11/25/2025","IDSWQ00055",-17.8837804,36.8874313,-4,4.983,"Zambezia","quelimane","BRIZA","Emissario_EM","Aguas_residuais","Grag_sample","28",8,63,NA,NA,"",NA,NA,NA,"Sim","Sim",NA,"Sim","Sim","","","","","","IDSLJ","","uuid:02f6e4cc-0148-4b8a-91bb-55631bab9a0b"
"11/25/2025","IDSWQ00052",-17.8820384,36.8850015,-4,4.96,"Zambezia","quelimane","REFEBA","Emissario_EM","Aguas_residuais","Moore_swab","32",8,63,NA,NA,"",NA,NA,NA,"Sim","Sim",NA,"Sim","Sim","","","","","","IDSLJ","","uuid:39fd4b7a-2268-434e-be31-2d2bb86e2a2b"
"11/25/2025","IDSWQ00056",-17.8819854,36.8850841,27.3,4.966,"Zambezia","quelimane","REFEBA","Emissario_EM","Aguas_residuais","Grag_sample","28",8,63,NA,NA,"",NA,NA,NA,"Sim","Sim",NA,"Sim","Sim","","","","","","IDSLJ","","uuid:9eeb52f0-edac-41a2-90be-522f3abafb3f"
"11/25/2025","IDSWQ00053",-17.8808361,36.8831814,-8.7,4.583,"Zambezia","quelimane","Piscina_Municipal","Emissario_EM","Aguas_residuais","Moore_swab","28",8,63,NA,NA,"",NA,NA,NA,"Sim","Sim",NA,"Sim","Sim","","","","","","IDSLJ","","uuid:dea09f5c-274b-4613-ae6f-750478bdeb71"
"11/25/2025","IDSWQ00057",-17.8808969,36.8835758,-4.4,4.3,"Zambezia","quelimane","Piscina_Municipal","Emissario_EM","Aguas_residuais","Grag_sample","28",8,63,NA,NA,"",NA,NA,NA,"Sim","Sim",NA,"Sim","Sim","","","","","","IDSLJ","","uuid:3876f056-a790-4d41-93c6-020b11c66719"
"11/25/2025","IDSWQ00054",-17.8796601,36.8815993,6,4.825,"Zambezia","quelimane","E_frente_Autor_Tributaria","Emissario_EM","Aguas_residuais","Moore_swab","28",8,63,NA,NA,"",NA,NA,NA,"Sim","Sim",NA,"Sim","Sim","","","","","","IDSLJ","","uuid:93aa8414-784e-4558-b169-0893ca5f20e2"
"11/25/2025","IDSWQ00058",-17.879666,36.8816503,5,4.666,"Zambezia","quelimane","E_frente_Autor_Tributaria","Emissario_EM","Aguas_residuais","Grag_sample","28",8,63,NA,NA,"",NA,NA,NA,"Sim","Sim",NA,"Sim","Sim","","","","","","IDSLJ","","uuid:95c51080-5cfa-40d0-b180-7fe10a86da1f"
"12/02/2025","IDSWT00137",-16.1545267,33.5885533,135.200012207,4.766,"Tete","tete","Registo","Emissario_EM","Aguas_residuais","Moore_swab","34",40,51,NA,NA,"",NA,NA,NA,"Sim","Sim",NA,"Sim","Sim","","","","","","Banquile Balata","","uuid:227fa6e5-6b9e-46e5-84f4-7d32dfb2e1d4"
"12/02/2025","IDSWT00138",-16.1545633,33.5885617,108.6,5,"Tete","tete","Registo","Emissario_EM","Aguas_residuais","Grag_sample","34",40,51,NA,NA,"",NA,NA,NA,"Sim","Sim",NA,"Sim","Sim","Nao","Nao","Nao","Nao","","Banquile Balata","","uuid:58eb957d-f505-4dfb-a685-355eefa8cacb"
"12/02/2025","IDSWT00135",-16.16378,33.5982367,124.9000015259,4.233,"Tete","tete","Quartel_Militar","Emissario_EM","Aguas_residuais","Moore_swab","34",40,51,NA,NA,"",NA,NA,NA,"Sim","Sim",NA,"Sim","Sim","Nao","Nao","Nao","Nao","","Banquile Balata","","uuid:0f4a1da9-51bd-41c0-b9db-3bb0a3f9d69b"
"12/02/2025","IDSWT00136",-16.1637699,33.5983416,124.9000015259,4.3,"Tete","tete","Quartel_Militar","Emissario_EM","Aguas_residuais","Grag_sample","34",40,51,NA,NA,"",NA,NA,NA,"Sim","Sim",NA,"Sim","Sim","Nao","Nao","Nao","Nao","","Banquile Balata","","uuid:410ce93b-cb9d-4ad0-af61-d9a9b68fa17a"
"12/02/2025","IDSWT00133",-16.1578986,33.5922962,119.9000015259,4.6,"Tete","tete","Paraiso_Misterioso","Emissario_EM","Aguas_residuais","Moore_swab","34",40,51,NA,NA,"",NA,NA,NA,"Sim","Sim",NA,"Sim","Sim","Nao","Nao","Nao","Nao","","Banquile Balata","","uuid:808b63ae-3418-4984-a145-93af709c4996"
"12/02/2025","IDSWT00134",-16.15791,33.5922767,120.5,4.98,"Tete","tete","Paraiso_Misterioso","Emissario_EM","Aguas_residuais","Grag_sample","34",40,51,NA,NA,"",NA,NA,NA,"Sim","Sim",NA,"Sim","Sim","Nao","Nao","Nao","Nao","","Banquile Balata","","uuid:4e8659c9-3bb4-4b8c-aa66-9af9091a1d2e"
"12/02/2025","IDSWT00131",-16.1560412,33.5904388,122.5999984741,4.7,"Tete","tete","Paraiso_Misterioso","Emissario_EM","Aguas_residuais","Moore_swab","34",40,51,NA,NA,"",NA,NA,NA,"Sim","Sim",NA,"Sim","Sim","Nao","Nao","Nao","Nao","","Banquile Balata","","uuid:00813963-b287-4b11-86d0-464a9ad4094f"
"12/02/2025","IDSWT00132",-16.1560246,33.5903651,122.5999984741,4.916,"Tete","tete","Mercado_do_Peixe","Emissario_EM","Aguas_residuais","Grag_sample","34",40,51,NA,NA,"",NA,NA,NA,"Sim","Sim",NA,"Sim","Sim","Nao","Nao","Nao","Nao","","Banquile Balata","","uuid:d347a2bb-480f-442c-aba6-2fed8bc71449"
"12/09/2025","IDSWT00139",-16.1544783,33.5886167,149.1000061035,4.466,"Tete","tete","Registo","Emissario_EM","Aguas_residuais","Moore_swab","34",40,72,NA,NA,"",NA,NA,NA,"Sim","Sim",NA,"Sim","Sim","Nao","Nao","Nao","Nao","","Banquile Balata","","uuid:f33106b5-392b-4130-87f4-d34a29768387"
"12/09/2025","IDSWT00140",-16.1545183,33.588545,115.7,4.78,"Tete","tete","Registo","Emissario_EM","Aguas_residuais","Grag_sample","34",40,72,NA,NA,"",NA,NA,NA,"Sim","Sim",NA,"Sim","Sim","Nao","Nao","Nao","","","Banquile Balata","","uuid:6e84f89b-9297-4760-8251-c20f442e4098"
"12/09/2025","IDSWT00141",-16.1560617,33.5903,104.5,4.483,"Tete","tete","Mercado_do_Peixe","Emissario_EM","Aguas_residuais","Grag_sample","34",40,72,NA,NA,"",NA,NA,NA,"Sim","Sim",NA,"Sim","Sim","Nao","Nao","Nao","","","Banquile Balata","","uuid:9ec62bc7-1299-4bb0-9208-a5e98a1ef3a8"
"12/09/2025","IDSWT00142",-16.156025,33.590275,118.3,4.85,"Tete","tete","Mercado_do_Peixe","Emissario_EM","Aguas_residuais","Grag_sample","34",40,72,NA,NA,"",NA,NA,NA,"Sim","Sim",NA,"Sim","Sim","Nao","Nao","Nao","Nao","","Banquile Balata","","uuid:c124c550-7641-4f00-a404-eccf7d1dfc80"
"12/09/2025","IDSWT00144",-16.1579533,33.5922,106,4.933,"Tete","tete","Paraiso_Misterioso","Emissario_EM","Aguas_residuais","Grag_sample","34",40,72,NA,NA,"",NA,NA,NA,"Sim","Sim",NA,"Sim","Sim","Nao","Nao","Nao","","","Banquile Balata","","uuid:a96eb011-4efc-48a2-90bf-a646a4e0a7c8"
"12/09/2025","IDSWT00143",-16.1579467,33.5922133,106.2,4.8,"Tete","tete","Paraiso_Misterioso","Emissario_EM","Aguas_residuais","Moore_swab","34",40,72,NA,NA,"",NA,NA,NA,"Sim","Sim",NA,"Sim","Sim","Nao","Nao","Nao","","","Banquile Balata","","uuid:ec45fc15-0e23-494c-acbe-f3aaeb9e3597"
"12/09/2025","IDSWT00145",-16.1636955,33.598168,146.6000061035,4.86,"Tete","tete","Quartel_Militar","Emissario_EM","Aguas_residuais","Moore_swab","34",40,72,NA,NA,"",NA,NA,NA,"Sim","Sim",NA,"Sim","Sim","Nao","Nao","Nao","","","Banquile Balata","","uuid:0a828a08-3dd1-406e-8348-4b7745939e0c"
"12/09/2025","IDSWT00146",-16.1637383,33.5982189,146.6000061035,4.08,"Tete","tete","Quartel_Militar","Emissario_EM","Aguas_residuais","Grag_sample","34",40,72,NA,NA,"",NA,NA,NA,"Sim","Sim",NA,"Sim","Sim","Nao","Nao","Nao","","","Banquile Balata","","uuid:e91bce66-b137-420b-bf96-1846328ef270"
"12/09/2025","IDSW100426",-25.9651165,32.6022931,59.8999977112,4.9,"Maputo Cidade","khampfumo","Presidencia","Emissario_EM","Aguas_residuais","Grag_sample","30",40,56,NA,NA,"",NA,NA,NA,"Sim","Sim",NA,"Sim","Sim","","","Sim","","","Delfa","","uuid:99200e25-ef8b-4c35-aa13-93c2dfab6364"
"12/09/2025","IDSW100427",-25.9837705,32.5919675,59.8999977112,4.966,"Maputo Cidade","khampfumo","Tempestade","Emissario_EM","Aguas_residuais","Torpidos","30",40,56,NA,NA,"",NA,NA,NA,"Sim","Sim",NA,"Sim","Sim","","","","","","Delfa","","uuid:f26d041d-9efe-4170-bec8-1dd8a31bff6e"
"12/09/2025","IDSW100428",-25.983842,32.5919737,59.8999977112,4.966,"Maputo Cidade","khampfumo","Tempestade","Emissario_EM","Aguas_residuais","Moore_swab","30",40,56,NA,NA,"",NA,NA,NA,"Sim","Sim",NA,"Sim","Sim","","","Sim","","","Delfa","","uuid:ae1d69a3-5d97-4051-ab9c-3021dd867981"
"12/09/2025","IDSW100429",-25.9837927,32.5919608,59.8999977112,5,"Maputo Cidade","khampfumo","Tempestade","Emissario_EM","Aguas_residuais","Grag_sample","30",40,56,NA,NA,"",NA,NA,NA,"Sim","Sim",NA,"Sim","Sim","","","Sim","","","Delfa","","uuid:b75e4fb1-2b12-4d8b-9103-69ea1d18581a"
"12/09/2025","IDSW100430",-25.9177429,32.5382833,45.2,4.64,"Maputo_provincia","matola","ETAR","Vala_esgoto_VE","Aguas_residuais","Torpidos","31",40,53,NA,NA,"",NA,NA,NA,"Sim","Sim",NA,"Sim","Sim","","","","","","Delfa","","uuid:c2986197-e518-41af-b24c-201f9a7acacd"
"12/09/2025","IDSW100431",-25.917708,32.5382787,45.2,4.54,"Maputo_provincia","matola","ETAR","Vala_esgoto_VE","Aguas_residuais","Moore_swab","30",40,53,NA,NA,"",NA,NA,NA,"Sim","Sim",NA,"Sim","Sim","","","Sim","","","Delfa","","uuid:dbec804c-2fdb-4e54-bd1d-9f283a42cdb8"
"12/09/2025","IDSW100432",-25.9177462,32.5382625,45.1,4.5,"Maputo_provincia","matola","ETAR","Vala_esgoto_VE","Aguas_residuais","Grag_sample","30",40,53,NA,NA,"",NA,NA,NA,"Sim","Sim",NA,"Sim","Sim","","","Sim","","","Delfa","","uuid:14ea889d-7eaf-4c48-9da0-1137d80ca394"
"12/09/2025","IDSW100433",-25.9184284,32.5391462,45.3,4.933,"Maputo Cidade","kamubukwana","ETAR","Entrada_ETAR","Aguas_residuais","Torpidos","30",40,53,NA,NA,"",NA,NA,NA,"Sim","Sim",NA,"Sim","Sim","","","","","","Delfa","","uuid:c47c2d2b-0fce-4c60-8f5d-11c6aaa5c8f2"
"12/09/2025","IDSW100434",-25.9184567,32.5391583,44.7,4.35,"Maputo Cidade","kamubukwana","ETAR","Entrada_ETAR","Aguas_residuais","Moore_swab","30",40,53,NA,NA,"",NA,NA,NA,"Sim","Sim",NA,"Sim","Sim","","","Sim","","","Delfa","","uuid:2cefc977-2179-4174-89f4-98047c08aec7"
"12/09/2025","IDSW100435",-25.918418,32.5391815,44.6,4.566,"Maputo Cidade","kamubukwana","ETAR","Entrada_ETAR","Aguas_residuais","Grag_sample","30",40,53,NA,NA,"",NA,NA,NA,"Sim","Sim",NA,"Sim","Sim","","","Sim","","","Delfa","","uuid:ce0a5fee-5791-46e2-a065-8552bdc30b7a"
"12/09/2025","IDSW100436",-25.9182943,32.5382346,182.9,4.88,"Maputo Cidade","kamubukwana","ETAR","Cam_Cistern_CC","Aguas_residuais","Grag_sample","30",40,53,NA,NA,"",NA,NA,NA,"Sim","Sim",NA,"Sim","Sim","","","Sim","","","Delfa","","uuid:5e9ed397-1b47-49f2-80f3-4d6b55d0bb7f"
"12/02/2025","IDSW100413",-25.965109,32.6022774,17.5,4.716,"Maputo Cidade","khampfumo","Presidencia","Emissario_EM","Aguas_residuais","Grag_sample","27",40,65,NA,NA,"",NA,NA,NA,"Sim","Sim",NA,"Sim","Sim","","","Sim","","","DELFA","","uuid:bbb24623-0b7f-449b-9943-e3d4e0b6b04c"
"12/02/2025","IDSW100414",-25.983775,32.5920158,13.8,5,"Maputo Cidade","khampfumo","Tempestade","Emissario_EM","Aguas_residuais","Torpidos","27",40,65,NA,NA,"",NA,NA,NA,"Sim","Sim",NA,"Sim","Sim","","","","","","Delfa","","uuid:637bee3f-09f9-4c2f-a85a-2d19c3259b1d"
"12/02/2025","IDSW100415",-25.9837767,32.5920357,13.8,4.983,"Maputo Cidade","khampfumo","Tempestade","Emissario_EM","Aguas_residuais","Moore_swab","27",40,65,NA,NA,"",NA,NA,NA,"Sim","Sim",NA,"Sim","Sim","","","Sim","","","Delfa","","uuid:993c2c08-1016-4737-92db-4888b6d63cab"
"12/02/2025","IDSW100416",-25.9838135,32.5919768,18.7,4.933,"Maputo Cidade","khampfumo","Tempestade","Emissario_EM","Aguas_residuais","Grag_sample","27",40,65,NA,NA,"",NA,NA,NA,"Sim","Sim",NA,"Sim","Sim","","","Sim","","","Delfa","","uuid:d5bed4cb-b46a-468a-9948-b0a202927db3"
"12/02/2025","IDSW100417",-25.9178441,32.5383726,26.5,4.883,"Maputo_provincia","matola","ETAR","Vala_esgoto_VE","Aguas_residuais","Torpidos","30",40,49,NA,NA,"",NA,NA,NA,"Sim","Sim",NA,"Sim","Sim","","","","","","DELFA","","uuid:c51f1f6d-90ed-4dab-bd32-58ec2f6168a9"
"12/02/2025","IDSW100418",-25.9177582,32.5383134,26.4000015259,4.56,"Maputo_provincia","matola","ETAR","Vala_esgoto_VE","Aguas_residuais","Moore_swab","30",40,49,NA,NA,"",NA,NA,NA,"Sim","Sim",NA,"Sim","Sim","","","Sim","","","DELFA","","uuid:dd5778c9-d375-40b9-9d14-c66197cb4124"
"12/02/2025","IDSW100419",-25.9178699,32.5382315,27.2000007629,4.983,"Maputo_provincia","matola","ETAR","Vala_esgoto_VE","Aguas_residuais","Grag_sample","30",40,49,NA,NA,"",NA,NA,NA,"Sim","Sim",NA,"Sim","Sim","","","Sim","","","Delfa","","uuid:487ea4c6-650c-4b3c-b4cb-8db4468a4ef4"
"12/02/2025","IDSW100420",-25.9183418,32.5391931,27.2000007629,4.85,"Maputo Cidade","kamubukwana","ETAR","Entrada_ETAR","Aguas_residuais","Torpidos","30",40,49,NA,NA,"",NA,NA,NA,"Sim","Sim",NA,"Sim","Sim","","","","","","DELFA","","uuid:683cfd51-72fe-47ea-9042-c2a93f63f764"
"12/02/2025","IDSW100421",-25.9184137,32.5391289,27.2000007629,4.9,"Maputo Cidade","kamubukwana","ETAR","Entrada_ETAR","Aguas_residuais","Moore_swab","30",40,49,NA,NA,"",NA,NA,NA,"Sim","Sim",NA,"Sim","Sim","","","Sim","","","DELFA","","uuid:32a62930-55d3-4b45-8854-a54d2be9b468"
"12/02/2025","IDSW100422",-25.9184564,32.5391625,27.2000007629,4.966,"Maputo Cidade","kamubukwana","ETAR","Entrada_ETAR","Aguas_residuais","Grag_sample","30",40,49,NA,NA,"",NA,NA,NA,"Sim","Sim",NA,"Sim","Sim","","","Sim","","","DELFA","","uuid:de00c536-831c-46ca-9422-912a8134186f"
"12/02/2025","IDSW100423",-25.9184103,32.539108,27.2000007629,4.766,"Maputo Cidade","kamubukwana","ETAR","Cam_Cistern_CC","Aguas_residuais","Torpidos","30",40,49,NA,NA,"",NA,NA,NA,"Sim","Sim",NA,"Sim","Sim","","","","","","DELFA","","uuid:d5df5119-a9a0-4f9a-b35b-133613f4fbeb"
"12/02/2025","IDSW100424",-25.9184303,32.5392151,27.2000007629,4.62,"Maputo Cidade","kamubukwana","ETAR","Cam_Cistern_CC","Aguas_residuais","Moore_swab","30",40,49,NA,NA,"",NA,NA,NA,"Sim","Sim",NA,"Sim","Sim","","","Sim","","","DELFA","","uuid:9c08396a-e42f-4001-8c49-57d25c2b515a"
"12/02/2025","IDSW100425",-25.9184372,32.5390347,27.2000007629,4.9,"Maputo Cidade","kamubukwana","ETAR","Cam_Cistern_CC","Aguas_residuais","Grag_sample","30",40,49,NA,NA,"",NA,NA,NA,"Sim","Sim",NA,"Sim","Sim","","","Sim","","","Delfa","","uuid:6c03fc96-3984-4edb-955b-671713dab324"
"12/16/2025","IDSWT00147",-16.1637976,33.5982169,122,3.75,"Tete","tete","Quartel_Militar","Emissario_EM","Aguas_residuais","Moore_swab","25",40,69,NA,NA,"",NA,NA,NA,"Sim","Sim",NA,"Sim","Sim","Nao","Nao","Nao","","","Banquile Balata","","uuid:78d5f38e-ddf0-4057-8b81-333118d338b5"
"12/16/2025","IDSWT00148",-16.1637574,33.5982749,122,4.7,"Tete","tete","Quartel_Militar","Emissario_EM","Aguas_residuais","Grag_sample","25",40,69,NA,NA,"",NA,NA,NA,"Sim","Sim",NA,"Sim","Sim","Nao","Nao","Nao","","","Banquile Balata","","uuid:8996a3ef-61c3-4bc5-bf44-f62dee4700bb"
"12/16/2025","IDSWT00149",-16.1578574,33.5922701,119.8000030518,4.775,"Tete","tete","Paraiso_Misterioso","Emissario_EM","Aguas_residuais","Moore_swab","25",40,69,NA,NA,"",NA,NA,NA,"Sim","Sim",NA,"Sim","Sim","Nao","Nao","Nao","","","Banquile Balata","","uuid:f6daf9c8-6354-4b25-a17c-b292626ce9fe"
"12/16/2025","IDSWT00150",-16.1578929,33.5922445,119.8000030518,4.9,"Tete","tete","Paraiso_Misterioso","Emissario_EM","Aguas_residuais","Grag_sample","25",40,69,NA,NA,"",NA,NA,NA,"Sim","Sim",NA,"Sim","Sim","Nao","Nao","Nao","","","Banquile Balata","","uuid:26a87eb3-4ba3-48fe-948e-318f0f98944c"
"12/16/2025","IDSWT00154",-16.1544648,33.5885602,129.6000061035,3.84,"Tete","tete","Registo","Emissario_EM","Aguas_residuais","Grag_sample","25",40,69,NA,NA,"",NA,NA,NA,"Sim","Sim",NA,"Sim","Sim","","","","","","Banquile Julião Balata","","uuid:2f29ca8c-cabb-4cb3-9f5c-03641415910f"
"12/16/2025","IDSWT00153",-16.1544958,33.5886086,129.6000061035,3.65,"Tete","tete","Registo","Emissario_EM","Aguas_residuais","Moore_swab","25",40,69,NA,NA,"",NA,NA,NA,"Sim","Sim",NA,"Sim","Sim","","","","","","Banquile Julião Balata","","uuid:c7aa6470-f213-40e8-af2b-c3b2ae76401f"
"12/16/2025","IDSWT00152",-16.1562337,33.5902227,129.6000061035,4.133,"Tete","tete","Mercado_do_Peixe","Emissario_EM","Aguas_residuais","Grag_sample","25",40,69,NA,NA,"",NA,NA,NA,"Sim","Sim",NA,"Sim","Sim","","","","","","Banquile Julião Balata","","uuid:65d1baa2-b145-4ab0-8c40-f1eeb3b46557"
"12/16/2025","IDSWT00151",-16.1562169,33.5902328,129.6000061035,4.633,"Tete","tete","Mercado_do_Peixe","Emissario_EM","Aguas_residuais","Moore_swab","25",40,69,NA,NA,"",NA,NA,NA,"Sim","Sim",NA,"Sim","Sim","","","","","","Banquile Juliao Balata","","uuid:5b539e11-1e21-4e80-b0d5-d274cb67627c"
"12/16/2025","IDSW100437",-25.9177215,32.5383119,29.8,4.916,"Maputo_provincia","matola","ETAR","Vala_esgoto_VE","Aguas_residuais","Torpidos","24",40,68,NA,NA,"",NA,NA,NA,"Sim","Sim",NA,"Sim","Sim","","","","","","INOCÊNCIO e DELFA","","uuid:bcd6df62-7ecd-47a8-97b2-a411ef609d49"
"12/16/2025","IDSW100438",-25.9177542,32.5382743,28.8,4.983,"Maputo_provincia","matola","ETAR","Vala_esgoto_VE","Aguas_residuais","Moore_swab","24",40,68,NA,NA,"",NA,NA,NA,"Sim","Sim",NA,"Sim","Sim","","","Sim","","","INOCÊNCIO e DELFA","","uuid:3d89f2e8-ee95-49fd-86cf-f4ac4f75d329"
"12/16/2025","IDSW100439",-25.9177383,32.5383051,28.8,4.9,"Maputo_provincia","matola","ETAR","Vala_esgoto_VE","Aguas_residuais","Grag_sample","24",40,68,NA,NA,"",NA,NA,NA,"Sim","Sim",NA,"Sim","Sim","","","Sim","","","INOCÊNCIO e DELFA","","uuid:1cc928cb-2baf-4bd4-9782-47ff54253ffd"
"12/16/2025","IDSW100440",-25.9184595,32.5392302,40.4,4.966,"Maputo Cidade","kamubukwana","ETAR","Entrada_ETAR","Aguas_residuais","Torpidos","24",40,68,NA,NA,"",NA,NA,NA,"Sim","Sim",NA,"Sim","Sim","","","Nao","","","INOCÊNCIO e DELFA","","uuid:ea9db1ea-9fdc-4927-a62a-d5aa68797d53"
"12/16/2025","IDSW100441",-25.9185096,32.5393374,42.9,4.9,"Maputo Cidade","kamubukwana","ETAR","Entrada_ETAR","Aguas_residuais","Moore_swab","24",40,68,NA,NA,"",NA,NA,NA,"Sim","Sim",NA,"Sim","Sim","","","Sim","","","INOCÊNCIO e DELFA","","uuid:363e4a61-df01-4f00-9243-9da7d98ec381"
"12/16/2025","IDSW100442",-25.9185135,32.5391244,42.4,4.95,"Maputo Cidade","kamubukwana","ETAR","Entrada_ETAR","Aguas_residuais","Grag_sample","24",40,68,NA,NA,"",NA,NA,NA,"Sim","Sim",NA,"Sim","Sim","","","Sim","","","INOCÊNCIO e DELFA","","uuid:2b82f4d8-0f2c-4e59-8924-ec05d3914843"
"12/16/2025","IDSW100443",-25.9185255,32.5389458,23.8,4.85,"Maputo Cidade","kamubukwana","ETAR","Cam_Cistern_CC","Aguas_residuais","Grag_sample","24",40,68,NA,NA,"",NA,NA,NA,"Sim","Sim",NA,"Sim","Sim","","","Sim","","","INOCÊNCIO e DELFA","","uuid:b0682f81-74cd-4ca4-bedd-03d28bf20344"
"12/16/2025","IDSW100444",-25.9838047,32.5919763,32.3,5,"Maputo Cidade","khampfumo","Tempestade","Emissario_EM","Aguas_residuais","Torpidos","28",40,68,NA,NA,"",NA,NA,NA,"Sim","Sim",NA,"Sim","Sim","","","","","","INOCÊNCIO e DELFA","","uuid:c6442ec7-e4b3-45e1-bd9e-462702247327"
"12/16/2025","IDSW100445",-25.9837141,32.5920274,32.8,4.98,"Maputo Cidade","khampfumo","Tempestade","Emissario_EM","Aguas_residuais","Moore_swab","28",40,68,NA,NA,"",NA,NA,NA,"Sim","Sim",NA,"Sim","Sim","","","Sim","","","INOCÊNCIO e DELFA","","uuid:fb096e13-356b-455b-9d87-303274687799"
"12/16/2025","IDSW100446",-25.9838006,32.5920008,32.8,5,"Maputo Cidade","khampfumo","Tempestade","Emissario_EM","Aguas_residuais","Grag_sample","28",40,68,NA,NA,"",NA,NA,NA,"Sim","Sim",NA,"Sim","Sim","","","Sim","","","INOCÊNCIO e DELFA","","uuid:93547868-6642-42b6-8ff7-328e6b9ea69a"
"12/17/2025","IDSWQ00071",-17.8835702,36.8873352,12.8,4.8,"Zambezia","quelimane","BRIZA","Emissario_EM","Aguas_residuais","Grag_sample","32",8,63,NA,NA,"",NA,NA,NA,"Sim","Sim",NA,"Sim","Sim","","","","","","IDSPS","","uuid:45d17bbe-0e58-45b5-9869-5366742cea2c"
"12/17/2025","IDSWQ00067",-17.8836467,36.887351,13.4,4.933,"Zambezia","quelimane","BRIZA","Emissario_EM","Aguas_residuais","Moore_swab","32",8,63,NA,NA,"",NA,NA,NA,"Sim","Sim",NA,"Sim","Sim","","","","","","IDSPS","","uuid:6f0489d4-f12d-43e7-a481-5644b2be694f"
"12/17/2025","IDSWQ00072",-17.8819351,36.8850409,-3.7,4.983,"Zambezia","quelimane","REFEBA","Emissario_EM","Aguas_residuais","Grag_sample","32",8,63,NA,NA,"",NA,NA,NA,"Sim","Sim",NA,"Sim","Sim","","","","","","IDSPS","","uuid:1ec60ae5-3771-4495-8164-af978ef541db"
"12/17/2025","IDSWQ00070",-17.8820238,36.8850474,-1.2,4.783,"Zambezia","quelimane","REFEBA","Emissario_EM","Aguas_residuais","Moore_swab","32",8,63,NA,NA,"",NA,NA,NA,"Sim","Sim",NA,"Sim","Sim","","","","","","IDSPS","","uuid:4d3286c9-585e-44b6-b8ac-b419b5ce1311"
"12/17/2025","IDSWQ00073",-17.8808963,36.8835208,11.1,4.94,"Zambezia","quelimane","Piscina_Municipal","Emissario_EM","Aguas_residuais","Grag_sample","32",8,63,NA,NA,"",NA,NA,NA,"Sim","Sim",NA,"Sim","Sim","","","","","","IDSPS","","uuid:ba761e1a-5060-478e-a77a-614ff51c3a61"
"12/17/2025","IDSWQ00068",-17.8809118,36.8835562,-2.2000000477,4.942,"Zambezia","quelimane","Piscina_Municipal","Emissario_EM","Aguas_residuais","Moore_swab","32",8,63,NA,NA,"",NA,NA,NA,"Sim","Sim",NA,"Sim","Sim","","","","","","IDSPS","","uuid:81371a96-7e8f-42fa-a584-76a2f88255c2"
"12/17/2025","IDSWQ00074",-17.8796091,36.8816457,-2.2000000477,4.933,"Zambezia","quelimane","E_frente_Autor_Tributaria","Emissario_EM","Aguas_residuais","Grag_sample","32",8,63,NA,NA,"",NA,NA,NA,"Sim","Sim",NA,"Sim","Sim","","","","","","IDSPS","","uuid:49a118e7-ff58-4fab-8d67-657037687044"
"12/17/2025","IDSWQ00069",-17.8795917,36.881625,-2.2000000477,4.883,"Zambezia","quelimane","E_frente_Autor_Tributaria","Emissario_EM","Aguas_residuais","Moore_swab","32",8,63,NA,NA,"",NA,NA,NA,"Sim","Sim",NA,"Sim","Sim","","","","","","IDSPS","","uuid:4ead987d-b860-4e49-a4c4-70d2e01427b3"
"12/09/2025","IDSWQ00066",-17.879681,36.8816656,-2.2000000477,4.916,"Zambezia","quelimane","E_frente_Autor_Tributaria","Emissario_EM","Aguas_residuais","Moore_swab","29",11,14,NA,NA,"",NA,NA,NA,"Sim","Sim",NA,"Sim","Sim","","","","","","IDSVPC","","uuid:20ca2bfc-922e-437f-aafb-50bfd9805e2e"
"12/09/2025","IDSWQ00062",-17.8796496,36.8816924,-4.7000002861,5,"Zambezia","quelimane","E_frente_Autor_Tributaria","Emissario_EM","Aguas_residuais","Moore_swab","29",12,14,NA,NA,"",NA,NA,NA,"Sim","Sim",NA,"Sim","Sim","","","","","","IDSVPC","","uuid:ea84e66e-526f-478c-b432-1041126fe99d"
"12/09/2025","IDSWQ00065",-17.8808397,36.8836862,-2.4000000954,4.98,"Zambezia","quelimane","Piscina_Municipal","Emissario_EM","Aguas_residuais","Grag_sample","29",10,14,NA,NA,"",NA,NA,NA,"Sim","Sim",NA,"Sim","Sim","","","","","","IDSVPC","","uuid:180f296a-1384-46f4-b61d-f2fd2a4e5999"
"12/09/2025","IDSWQ00061",-17.8807104,36.8837647,-2.4000000954,4.94,"Zambezia","quelimane","Piscina_Municipal","Emissario_EM","Aguas_residuais","Moore_swab","29",10,14,NA,NA,"",NA,NA,NA,"Sim","Sim",NA,"Sim","Sim","","","","","","IDSVPC","","uuid:68030dd4-4fd4-4841-bbcb-0e2035ed280b"
"12/09/2025","IDSWQ00064",-17.8819591,36.8851726,-2.2000000477,4.671,"Zambezia","quelimane","REFEBA","Emissario_EM","Aguas_residuais","Grag_sample","28",10,14,NA,NA,"",NA,NA,NA,"Sim","Sim",NA,"Sim","Sim","","","","","","IDSVPC","","uuid:fac5ee9e-5cac-421e-95e0-2c24794afd48"
"12/09/2025","IDSWQ00060",-17.8820032,36.8850571,-2.2000000477,4.85,"Zambezia","quelimane","REFEBA","Emissario_EM","Aguas_residuais","Moore_swab","28",10,14,NA,NA,"",NA,NA,NA,"Sim","Sim",NA,"Sim","Sim","","","","","","IDSVPC","","uuid:ab7c3b1d-277f-4751-94af-bb5184c6968e"
"12/09/2025","IDSWQ00063",-17.8836176,36.8873483,-4.3000001907,4.7,"Zambezia","quelimane","BRIZA","Emissario_EM","Aguas_residuais","Grag_sample","28",10,14,NA,NA,"",NA,NA,NA,"Sim","Sim",NA,"Sim","Sim","","","","","","IDSVPC","","uuid:3ea8567f-58ee-4a5f-bc1e-c3ea2435d0c3"
"12/09/2025","IDSWQ00059",-17.883546,36.8873173,-4.2000002861,4.716,"Zambezia","quelimane","BRIZA","Emissario_EM","Aguas_residuais","Moore_swab","28",10,63,NA,NA,"",NA,NA,NA,"Sim","Sim",NA,"Sim","Sim","","","","","","IDSVPC","","uuid:cc91fc76-833c-4fd8-ba0a-5ff6be33b738"
"12/23/2025","IDSWT00155",-16.1545517,33.5885867,122.8000030518,3.95,"Tete","tete","Registo","Emissario_EM","Aguas_residuais","Moore_swab","31",40,89,NA,NA,"",NA,NA,NA,"Sim","Sim",NA,"Sim","Sim","Sim","Sim","Sim","","","Banquile Balata","","uuid:10d66e94-4248-4ae2-9300-72f9ddd6c3ab"
"12/23/2025","IDSWT00156",-16.1544483,33.5885733,122.8000030518,4.357,"Tete","tete","Registo","Emissario_EM","Aguas_residuais","Moore_swab","31",40,89,NA,NA,"",NA,NA,NA,"Sim","Sim",NA,"Sim","Sim","Sim","Sim","Sim","","","Banquile Balata","","uuid:1e397c62-64c3-4028-b664-bd83badfecb5"
"12/23/2025","IDSWT00158",-16.1560672,33.5902707,126.5,4.433,"Tete","tete","Mercado_do_Peixe","Emissario_EM","Aguas_residuais","Grag_sample","31",40,89,NA,NA,"",NA,NA,NA,"Sim","Sim",NA,"Sim","Sim","Sim","Sim","Sim","","","Banquile Balata","","uuid:1e57fb9f-5780-462a-a2f0-0584d856c53d"
"12/23/2025","IDSWT00159",-16.1578917,33.5921867,119,3.833,"Tete","tete","Paraiso_Misterioso","Emissario_EM","Aguas_residuais","Moore_swab","31",40,89,NA,NA,"",NA,NA,NA,"Sim","Sim",NA,"Sim","Sim","Nao","Nao","Nao","","","Banquile Balata","","uuid:56801f55-ac12-4f85-8160-ede784f3ce01"
"12/23/2025","IDSWT00160",-16.1578933,33.59224,120.0999984741,2.785,"Tete","tete","Paraiso_Misterioso","Emissario_EM","Aguas_residuais","Grag_sample","31",40,89,NA,NA,"",NA,NA,NA,"Sim","Sim",NA,"Sim","Sim","Nao","Nao","Nao","","","Banquile Balata","","uuid:156b01ad-bf26-4b00-bbe9-712e88558a9f"
"12/23/2025","IDSWT00161",-16.1636158,33.5979492,121.0999984741,4.366,"Tete","tete","Quartel_Militar","Emissario_EM","Aguas_residuais","Moore_swab","31",40,89,NA,NA,"",NA,NA,NA,"Sim","Sim",NA,"Sim","Sim","Nao","Nao","Nao","","","Banquile Balata","","uuid:ffce9247-3c9d-4e7c-beaf-0aeb4188f985"
"12/23/2025","IDSWT00162",-16.1638035,33.5981871,121.0999984741,4.033,"Tete","tete","Quartel_Militar","Emissario_EM","Aguas_residuais","Grag_sample","31",40,89,NA,NA,"",NA,NA,NA,"Sim","Sim",NA,"Sim","Sim","Nao","Nao","Nao","","","Banquile Balata","","uuid:cbe1ba26-aa59-4710-8e3c-5c84704951ec"
"12/23/2025","IDSW100447",-25.9652834,32.60208,26.6,4.666,"Maputo Cidade","khampfumo","Presidencia","Emissario_EM","Aguas_residuais","Grag_sample","26",40,83,NA,NA,"",NA,NA,NA,"Sim","Sim",NA,"Sim","Sim","","","Sim","","","Delfa","","uuid:3d01cc90-1f88-460c-b66e-73043889782b"
"12/23/2025","IDSW100448",-25.9837981,32.5919659,25.9,4.44,"Maputo Cidade","khampfumo","Tempestade","Emissario_EM","Aguas_residuais","Torpidos","27",40,66,NA,NA,"",NA,NA,NA,"Sim","Sim",NA,"Sim","Sim","","","Sim","","","Delfa","","uuid:6b7ba222-a2f4-4d57-a52d-cc3b55b7bf4c"
"12/23/2025","IDSW100449",-25.98377,32.5919611,30,4.8,"Maputo Cidade","khampfumo","Tempestade","Emissario_EM","Aguas_residuais","Moore_swab","27",40,66,NA,NA,"",NA,NA,NA,"Sim","Sim",NA,"Sim","Sim","","","Sim","","","Delfa","","uuid:f211debb-55df-43ed-82a9-5e757c561276"
"12/23/2025","IDSW100450",-25.9837401,32.5919573,30,4.783,"Maputo Cidade","khampfumo","Tempestade","Emissario_EM","Aguas_residuais","Grag_sample","27",40,66,NA,NA,"",NA,NA,NA,"Sim","Sim",NA,"Sim","Sim","","","Sim","","","Delfa","","uuid:1d5a89e3-651c-46bb-bd7d-7f323ac1e2dd"
"12/23/2025","IDSW100451",-25.91768,32.5383282,27,4.94,"Maputo_provincia","matola","ETAR","Vala_esgoto_VE","Aguas_residuais","Torpidos","28",40,66,NA,NA,"",NA,NA,NA,"Sim","Sim",NA,"Sim","Sim","","","","","","Delfa","","uuid:909dd667-c295-448f-a93f-f9c2eeb46c63"
"12/23/2025","IDSW100452",-25.9177941,32.5382448,27,4.86,"Maputo_provincia","matola","ETAR","Vala_esgoto_VE","Aguas_residuais","Moore_swab","28",40,66,NA,NA,"",NA,NA,NA,"Sim","Sim",NA,"Sim","Sim","","","Sim","","","Delfa","","uuid:29816950-eb92-4884-915e-832cad1d477c"
"12/23/2025","IDSW100453",-25.9177211,32.538266,27,4.833,"Maputo_provincia","matola","ETAR","Vala_esgoto_VE","Aguas_residuais","Grag_sample","28",40,66,NA,NA,"",NA,NA,NA,"Sim","Sim",NA,"Sim","Sim","","","Sim","","","Delfa","","uuid:0f45adf4-7ab4-4670-8780-d2faf8663e3f"
"12/23/2025","IDSW100454",-25.9177775,32.5382687,27,4.68,"Maputo Cidade","kamubukwana","ETAR","Entrada_ETAR","Aguas_residuais","Torpidos","28",40,66,NA,NA,"",NA,NA,NA,"Sim","Sim",NA,"Sim","Sim","","","Nao","","","Delfa","","uuid:a8f309a9-fb54-468d-beda-e940f4624761"
"12/23/2025","IDSW100455",-25.9183827,32.5392397,27,4.983,"Maputo Cidade","kamubukwana","ETAR","Entrada_ETAR","Aguas_residuais","Moore_swab","28",40,66,NA,NA,"",NA,NA,NA,"Sim","Sim",NA,"Sim","Sim","","","Sim","","","Delfa","","uuid:83b2a7c3-2a06-4ee3-a470-19348d4e9a4b"
"12/23/2025","IDSW100456",-25.9184247,32.5391038,27,5,"Maputo Cidade","kamubukwana","ETAR","Entrada_ETAR","Aguas_residuais","Grag_sample","28",40,66,NA,NA,"",NA,NA,NA,"Sim","Sim",NA,"Sim","Sim","","","Sim","","","Delfa","","uuid:d0c8c6c5-da26-4e8c-949d-763baec81d0c"
"12/23/2025","IDSW100457",-25.9184189,32.5392058,27,4.983,"Maputo Cidade","kamubukwana","ETAR","Cam_Cistern_CC","Aguas_residuais","Grag_sample","28",40,66,NA,NA,"",NA,NA,NA,"Sim","Sim",NA,"Sim","Sim","","","Sim","","","Delfa","","uuid:8a28bc86-fc61-46de-afdc-dd229d6af4ff"
"12/30/2025","IDSW100458",-25.9837254,32.5920046,10.7,4.966,"Maputo Cidade","khampfumo","Tempestade","Emissario_EM","Aguas_residuais","Torpidos","26",40,58,NA,NA,"",NA,NA,NA,"Sim","Sim",NA,"Sim","Sim","","","","","","INOCÊNCIO e DELFA","","uuid:4ae324a1-0b8d-4d72-a6fa-0263848d7ae8"
"12/30/2025","IDSW100459",-25.9838637,32.5919952,13.1,4.983,"Maputo Cidade","khampfumo","Tempestade","Emissario_EM","Aguas_residuais","Moore_swab","26",40,58,NA,NA,"",NA,NA,NA,"Sim","Sim",NA,"Sim","Sim","","","Sim","","","INOCÊNCIO e DELFA","","uuid:8ea4d36d-826c-45bc-80f7-1f77ef2e6ca1"
"12/30/2025","IDSW100460",-25.9837921,32.5920413,13.1,4.966,"Maputo Cidade","khampfumo","Tempestade","Emissario_EM","Aguas_residuais","Grag_sample","26",40,58,NA,NA,"",NA,NA,NA,"Sim","Sim",NA,"Sim","Sim","","","Sim","","","INOCÊNCIO e DELFA","","uuid:0a925cb2-b55b-4fb1-a6f7-d80deab58dee"
"12/30/2025","IDSW100461",-25.91772,32.5382,13.1,4.8,"Maputo_provincia","matola","ETAR","Entrada_ETAR","Aguas_residuais","Torpidos","27",40,55,NA,NA,"",NA,NA,NA,"Sim","Sim",NA,"Sim","Sim","","","","","","INOCÊNCIO e DELFA","","uuid:254f2d46-3cb2-4ef4-a7af-68b714b98910"
"12/30/2025","IDSW100462",-25.9177711,32.5381731,83.3,4.966,"Maputo_provincia","matola","ETAR","Entrada_ETAR","Aguas_residuais","Moore_swab","27",40,55,NA,NA,"",NA,NA,NA,"Sim","Sim",NA,"Sim","Sim","","","Sim","","","INOCÊNCIO e DELFA","","uuid:619b1ff3-122b-44e3-ac20-c8dc305b0bfe"
"12/30/2025","IDSW100463",-25.9178671,32.5380492,83.3,4.983,"Maputo_provincia","matola","ETAR","Entrada_ETAR","Aguas_residuais","Grag_sample","27",40,55,NA,NA,"",NA,NA,NA,"Sim","Sim",NA,"Sim","Sim","","","Sim","","","INOCÊNCIO e DELFA","","uuid:decd65ed-a6af-4575-b46b-c785d0f4656d"
"12/30/2025","IDSW100464",-25.9184489,32.5393576,83.1,4.75,"Maputo Cidade","kamubukwana","ETAR","Entrada_ETAR","Aguas_residuais","Grag_sample","27",40,55,NA,NA,"",NA,NA,NA,"Sim","Sim",NA,"Sim","Sim","","","Sim","","","INOCÊNCIO e DELFA","","uuid:c83e930f-5c09-4ecd-8207-ceb8959d5967"
"12/30/2025","IDSW100465",-25.9185115,32.5387938,83,4.62,"Maputo Cidade","kamubukwana","ETAR","Cam_Cistern_CC","Aguas_residuais","Grag_sample","27",40,55,NA,NA,"",NA,NA,NA,"Sim","Sim",NA,"Sim","Sim","","","Sim","","","INOCÊNCIO e DELFA","","uuid:7f2883de-090a-4c4a-9b74-226585d81411"
"12/27/2025","IDSWQ00075",-17.88361,36.88729,15.7,4.8,"Zambezia","quelimane","BRIZA","Emissario_EM","Aguas_residuais","Moore_swab","31",8,63,NA,NA,"",NA,NA,NA,"Sim","Sim",NA,"Sim","Sim","","","","","","IDSLJ","","uuid:31309a66-1c5a-4997-a984-ee07797ef49a"
"12/27/2025","IDSWQ00079",-17.8836167,36.88732,11.2,4.82,"Zambezia","quelimane","BRIZA","Emissario_EM","Aguas_residuais","Grag_sample","31",8,63,NA,NA,"",NA,NA,NA,"Sim","Sim",NA,"Sim","Sim","","","","","","IDSLJ","","uuid:5f46d126-ddbe-4452-8d51-2158f136e5f0"
"12/27/2025","IDSWQ00076",-17.882065,36.885045,19.3,4.233,"Zambezia","quelimane","REFEBA","Emissario_EM","Aguas_residuais","Moore_swab","31",8,63,NA,NA,"",NA,NA,NA,"Sim","Sim",NA,"Sim","Sim","","","","","","IDSLJ","","uuid:4d3ffcfb-93a1-4dd1-90f5-4c5f2adc14fa"
"12/27/2025","IDSWQ00080",-17.88205,36.8850433,18.6,3.85,"Zambezia","quelimane","REFEBA","Emissario_EM","Aguas_residuais","Grag_sample","31",8,63,NA,NA,"",NA,NA,NA,"Sim","Sim",NA,"Sim","Sim","","","","","","IDSLJ","","uuid:f6870ec5-00bf-437c-b101-8e77a6464979"
"12/27/2025","IDSWQ00077",-17.8809267,36.8834983,20,4.228,"Zambezia","quelimane","Piscina_Municipal","Emissario_EM","Aguas_residuais","Moore_swab","31",8,63,NA,NA,"",NA,NA,NA,"Sim","Sim",NA,"Sim","Sim","","","","","","IDSLJ","","uuid:fc18acfa-c4b4-44cd-a034-9ac01e328df0"
"12/27/2025","IDSWQ00081",-17.880925,36.88354,19.8,3.6,"Zambezia","quelimane","Piscina_Municipal","Emissario_EM","Aguas_residuais","Grag_sample","31",8,63,NA,NA,"",NA,NA,NA,"Sim","Sim",NA,"Sim","Sim","Nao","","","","","IDSLJ","","uuid:848f2de4-b0a3-4a98-a16e-0fdd1c8edc3e"
"12/27/2025","IDSWQ00078",-17.8796767,36.8816267,-5.9,4.6,"Zambezia","quelimane","E_frente_Autor_Tributaria","Emissario_EM","Aguas_residuais","Moore_swab","31",8,63,NA,NA,"",NA,NA,NA,"Sim","Sim",NA,"Sim","Sim","","","","","","IDSLJ","","uuid:59cc746d-80b6-40c7-9b47-d7861c833884"
"12/27/2025","IDSWQ00082",-17.8796433,36.88166,-5.7,4.3,"Zambezia","quelimane","E_frente_Autor_Tributaria","Emissario_EM","Aguas_residuais","Grag_sample","31",8,63,NA,NA,"",NA,NA,NA,"Sim","Sim",NA,"Sim","Sim","","","","","","IDSLJ","","uuid:3107abf1-bd08-4fa8-b553-e2451d3ca44a"
"12/29/2025","IDSWQ00086",-17.8796283,36.88164,12.5,4.8,"Zambezia","quelimane","E_frente_Autor_Tributaria","Emissario_EM","Aguas_residuais","Moore_swab","31",8,63,NA,NA,"",NA,NA,NA,"Sim","Sim",NA,"Sim","Sim","","","","","","IDSLJ","","uuid:65b677a5-a735-4777-8533-ad227d59f93b"
"12/29/2025","IDSWQ00090",-17.8796517,36.881705,11.2,4.44,"Zambezia","quelimane","E_frente_Autor_Tributaria","Emissario_EM","Aguas_residuais","Grag_sample","31",8,63,NA,NA,"",NA,NA,NA,"Sim","Sim",NA,"Sim","Sim","","","","","","IDSLJ","","uuid:8ea63695-2be5-4d80-9a76-9e00738ebb08"
"12/29/2025","IDSWQ00085",-17.8810083,36.88348,19.6,4.916,"Zambezia","quelimane","Piscina_Municipal","Emissario_EM","Aguas_residuais","Moore_swab","31",8,63,NA,NA,"",NA,NA,NA,"Sim","Sim",NA,"Sim","Sim","","","","","","IDSLJ","","uuid:f9fd7e6d-38bc-476d-a42f-cdf058e59f73"
"12/29/2025","IDSWQ00089",-17.880925,36.8834917,15.9,4.966,"Zambezia","quelimane","Piscina_Municipal","Emissario_EM","Aguas_residuais","Grag_sample","31",8,63,NA,NA,"",NA,NA,NA,"Sim","Sim",NA,"Sim","Sim","","","","","","IDSLJ","","uuid:3306a4e2-74f7-484c-bfe9-10dd23b3034f"
"12/29/2025","IDSWQ00084",-17.8819652,36.8851202,-8.5,4.9,"Zambezia","quelimane","REFEBA","Emissario_EM","Aguas_residuais","Moore_swab","31",8,63,NA,NA,"",NA,NA,NA,"Sim","Sim",NA,"Sim","Sim","","","","","","IDSLJ","","uuid:4cae2f78-50d2-4152-ae6e-41b95ddc9718"
"12/29/2025","IDSWQ00088",-17.8819204,36.8851544,-8.5,4.983,"Zambezia","quelimane","REFEBA","Emissario_EM","Aguas_residuais","Grag_sample","31",8,63,NA,NA,"",NA,NA,NA,"Sim","Sim",NA,"Sim","Sim","","","","","","IDSLJ","","uuid:a53739b2-a511-420b-92b6-874c663b5d92"
"12/29/2025","IDSWQ00083",-17.8835776,36.8873117,-8,4.633,"Zambezia","quelimane","BRIZA","Emissario_EM","Aguas_residuais","Moore_swab","31",8,63,NA,NA,"",NA,NA,NA,"Sim","Sim",NA,"Sim","Sim","","","","","","IDSLJ","","uuid:e00e2d10-4784-473b-8e8a-0d47f09a9b46"
"12/29/2025","IDSWQ00087",-17.8836163,36.8873191,-4.8,3.562,"Zambezia","quelimane","BRIZA","Emissario_EM","Aguas_residuais","Grag_sample","31",8,63,NA,NA,"",NA,NA,NA,"Sim","Sim",NA,"Sim","Sim","","","","","","IDSLJ","","uuid:3aa175a8-acdd-4a94-802d-c94bb635dd4d"
"12/30/2025","IDSWT00163",-16.1545294,33.5885503,125.1999969482,4.58,"Tete","tete","Registo","Emissario_EM","Aguas_residuais","Moore_swab","31",40,77,NA,NA,"",NA,NA,NA,"Sim","Sim",NA,"Sim","Sim","Nao","Nao","Nao","","","Banquile Balata","","uuid:1a3fdf85-a7c0-4908-ba75-ef146b8f3dbf"
"12/30/2025","IDSWT00164",-16.154522,33.5885263,125.1999969482,4.5,"Tete","tete","Registo","Emissario_EM","Aguas_residuais","Grag_sample","31",40,77,NA,NA,"",NA,NA,NA,"Sim","Sim",NA,"Sim","Sim","Nao","Nao","Nao","","","Banquile Balata","","uuid:9aa0602a-d682-4f98-8c86-dd777c0e109d"
"12/30/2025","IDSWT00166",-16.1560405,33.5902991,121.9000015259,3.96,"Tete","tete","Mercado_do_Peixe","Emissario_EM","Aguas_residuais","Grag_sample","31",40,77,NA,NA,"",NA,NA,NA,"Sim","Sim",NA,"Sim","Sim","Nao","Nao","Nao","","","Banquile Balata","","uuid:e61c06cf-80aa-4aa9-bcfd-5592efeab122"
"12/30/2025","IDSWT00167",-16.1578501,33.5922911,120.0999984741,3.785,"Tete","tete","Paraiso_Misterioso","Emissario_EM","Aguas_residuais","Moore_swab","31",40,77,NA,NA,"",NA,NA,NA,"Sim","Sim",NA,"Sim","Sim","Nao","Nao","Nao","","","Banquile Balata","","uuid:88c41af9-d1e9-47db-a3f0-f7e85f3dad5b"
"12/30/2025","IDSWT00168",-16.1578717,33.59224,120.0999984741,4.78,"Tete","tete","Paraiso_Misterioso","Emissario_EM","Aguas_residuais","Grag_sample","31",40,77,NA,NA,"",NA,NA,NA,"Sim","Sim",NA,"Sim","Sim","Nao","Nao","Nao","","","Banquile Balata","","uuid:308e6b2d-8239-4642-8c0d-6a24661db091"
"12/30/2025","IDSWT00169",-16.163655,33.598195,121.5999984741,3.35,"Tete","tete","Quartel_Militar","Emissario_EM","Aguas_residuais","Moore_swab","31",40,77,NA,NA,"",NA,NA,NA,"Sim","Sim",NA,"Sim","Sim","Nao","Nao","Nao","","","Banquile Balata","","uuid:202e3c61-3d45-48e5-b75b-bc7ac6271c74"
"12/30/2025","IDSWT00170",-16.16379,33.5980767,121.5999984741,5,"Tete","tete","Quartel_Militar","Emissario_EM","Aguas_residuais","Grag_sample","31",40,77,NA,NA,"",NA,NA,NA,"Sim","Sim",NA,"Sim","Sim","Nao","Nao","Nao","","","Banquile Balata","","uuid:59db0bb0-581f-4a2e-9fe0-8e3860f91786"
"01/06/2026","IDSWT00171",-16.163795,33.598205,121.6999969482,3.7,"Tete","tete","Quartel_Militar","Emissario_EM","Aguas_residuais","Moore_swab","34",40,75,NA,NA,"",NA,NA,NA,"Sim","Sim",NA,"Sim","Sim","Nao","Nao","Nao","","","Banquile Balata","","uuid:de361ceb-7e2b-49fc-8329-efef35e2ff50"
"01/06/2026","IDSWT00172",-16.16374,33.5982517,141.0000152588,2.2,"Tete","tete","Quartel_Militar","Emissario_EM","Aguas_residuais","Grag_sample","34",40,75,NA,NA,"",NA,NA,NA,"Sim","Sim",NA,"Sim","Sim","Nao","Nao","Nao","","","Banquile Balata","","uuid:f14be284-2d65-462e-bc9c-ebc2107fde92"
"01/06/2026","IDSWT00173",-16.1578017,33.5922883,120.0999984741,4.05,"Tete","tete","Paraiso_Misterioso","Emissario_EM","Aguas_residuais","Moore_swab","34",40,75,NA,NA,"",NA,NA,NA,"Sim","Sim",NA,"Sim","Sim","Nao","Nao","Nao","","","Banquile","","uuid:b6a335b2-2754-4107-b2c4-abd95bacd296"
"01/06/2026","IDSWT00174",-16.157875,33.5923517,120.0999984741,4.7,"Tete","tete","Paraiso_Misterioso","Emissario_EM","Aguas_residuais","Grag_sample","34",40,75,NA,NA,"",NA,NA,NA,"Sim","Sim",NA,"Sim","Sim","Nao","Nao","Nao","","","Banquile Balata","","uuid:5987d55e-a33c-4f59-b2ad-e7ba0b7fe2b1"
"01/06/2026","IDSWT00176",-16.1559855,33.5903187,121.3000030518,4.566,"Tete","tete","Mercado_do_Peixe","Emissario_EM","Aguas_residuais","Grag_sample","34",40,75,NA,NA,"",NA,NA,NA,"Sim","Sim",NA,"Sim","Sim","Nao","Nao","Nao","","","Banquile Balata","","uuid:48f2652c-9fa3-49ee-868c-2c61b0ce0d5e"
"01/06/2026","IDSWT00177",-16.15455,33.5885733,122.3000030518,4.7,"Tete","tete","Registo","Emissario_EM","Aguas_residuais","Moore_swab","34",40,75,NA,NA,"",NA,NA,NA,"Sim","Sim",NA,"Sim","Sim","Nao","Nao","Nao","","","Banquile Balata","","uuid:eb684e97-d7eb-4c85-ad31-8846193c01da"
"01/06/2026","IDSWT00178",-16.15455,33.5885517,122.3000030518,4.416,"Tete","tete","Registo","Emissario_EM","Aguas_residuais","Grag_sample","34",40,75,NA,NA,"",NA,NA,NA,"Sim","Sim",NA,"Sim","Sim","Nao","Nao","Nao","","","Banquile Balata","","uuid:f0813e0f-5057-46fa-bfad-2df31eeaa702"
"01/06/2026","IDSW100466",-25.9176802,32.5382974,27,4.833,"Maputo_provincia","matola","ETAR","Vala_esgoto_VE","Aguas_residuais","Torpidos","28",8,68,NA,NA,"",NA,NA,NA,"Sim","Sim",NA,"Sim","Sim","","","","","","Delfa","","uuid:50b282c8-77f1-46dd-92a7-de9241325d2d"
"01/06/2026","IDSW100467",-25.9177293,32.5383307,27,4.916,"Maputo_provincia","matola","ETAR","Vala_esgoto_VE","Aguas_residuais","Moore_swab","28",8,68,NA,NA,"",NA,NA,NA,"Sim","Sim",NA,"Sim","Sim","","","Sim","","","Delfa","","uuid:bf8a229b-5243-4549-8425-21ec9d127aae"
"01/06/2026","IDSW100468",-25.9177615,32.5382997,27.2000007629,4.94,"Maputo_provincia","matola","ETAR","Vala_esgoto_VE","Aguas_residuais","Grag_sample","28",8,68,NA,NA,"",NA,NA,NA,"Sim","Sim",NA,"Sim","Sim","","","Sim","","","Delfa","","uuid:8491d559-4f06-41ef-bc06-47fff0ccab78"
"01/06/2026","IDSW100469",-25.9177161,32.538303,27.2000007629,4.933,"Maputo Cidade","kamubukwana","ETAR","Entrada_ETAR","Aguas_residuais","Torpidos","28",8,68,NA,NA,"",NA,NA,NA,"Sim","Sim",NA,"Sim","Sim","","","","","","Delfa","","uuid:44ae00b7-058b-42fa-ab04-48a0dd2461cb"
"01/06/2026","IDSW100470",-25.9177311,32.5382971,27,4.983,"Maputo Cidade","kamubukwana","ETAR","Entrada_ETAR","Aguas_residuais","Moore_swab","28",8,68,NA,NA,"",NA,NA,NA,"Sim","Sim",NA,"Sim","Sim","","","Sim","","","Delfa","","uuid:cfea8ab3-1616-4e25-842b-87749cfbbf3a"
"01/06/2026","IDSW100471",-25.9177571,32.538289,27,4.933,"Maputo Cidade","kamubukwana","ETAR","Entrada_ETAR","Aguas_residuais","Grag_sample","28",8,68,NA,NA,"",NA,NA,NA,"Sim","Sim",NA,"Sim","Sim","","","Sim","","","Delfa","","uuid:428b5e4c-0b96-4151-98e1-f9acfbb712ef"
"01/06/2026","IDSW100473",-25.9183666,32.5392067,27,4.9,"Maputo Cidade","kamubukwana","ETAR","Cam_Cistern_CC","Aguas_residuais","Grag_sample","28",8,68,NA,NA,"",NA,NA,NA,"Sim","Sim",NA,"Sim","Sim","","","Sim","","","Delfa","","uuid:35b512b2-c06a-44f6-9cf9-88edacd27a42"
"01/06/2026","IDSW100474",-25.9838175,32.591913,14.3,4.95,"Maputo Cidade","khampfumo","Tempestade","Emissario_EM","Aguas_residuais","Torpidos","29",8,66,NA,NA,"",NA,NA,NA,"Sim","Sim",NA,"Sim","Sim","","","","","","Delfa","","uuid:77403e0d-e24e-4111-a68c-2bc767c367ee"
"01/06/2026","IDSW100475",-25.9838489,32.5920069,14.4,4.966,"Maputo Cidade","khampfumo","Tempestade","Emissario_EM","Aguas_residuais","Moore_swab","29",8,66,NA,NA,"",NA,NA,NA,"Sim","Sim",NA,"Sim","Sim","","","Sim","","","Delfa","","uuid:07b6e3b4-262d-4d1f-927c-118261627148"
"01/06/2026","IDSW100476",-25.983879,32.5919651,14.2,4.8,"Maputo Cidade","khampfumo","Tempestade","Emissario_EM","Aguas_residuais","Grag_sample","29",8,66,NA,NA,"",NA,NA,NA,"Sim","Sim",NA,"Sim","Sim","","","Sim","","","Delfa","","uuid:05da5785-5154-4124-8ade-cd29f2947aa7"
"01/06/2026","IDSW100477",-25.9650658,32.6022482,-3.6,4.74,"Maputo Cidade","khampfumo","Presidencia","Emissario_EM","Aguas_residuais","Grag_sample","29",8,66,NA,NA,"",NA,NA,NA,"Sim","Sim",NA,"Sim","Sim","","","Sim","","","Delfa","","uuid:459d5ffe-0ba3-4256-b11c-eae57e395aec"
"01/13/2026","IDSWQ00106",-17.8796679,36.8816907,-7.1,4.785,"Zambezia","quelimane","E_frente_Autor_Tributaria","Emissario_EM","Aguas_residuais","Grag_sample","24",8,38,NA,NA,"",NA,NA,NA,"Sim","Sim",NA,"Sim","Sim","","","","","","IDSJC,VPC","","uuid:6a268b56-8569-4265-9ec6-85a989220397"
"01/13/2026","IDSWQ00102",-17.8796861,36.8816646,-7.2,4.383,"Zambezia","quelimane","E_frente_Autor_Tributaria","Emissario_EM","Aguas_residuais","Moore_swab","24",8,38,NA,NA,"",NA,NA,NA,"Sim","Sim",NA,"Sim","Sim","","","","","","IDSJC,VPC","","uuid:6fcf8da4-12d2-4d6a-bc66-f02deeac51c4"
"01/13/2026","IDSWQ00105",-17.8809256,36.8835879,-18.1,4.671,"Zambezia","quelimane","Piscina_Municipal","Emissario_EM","Aguas_residuais","Grag_sample","24",8,38,NA,NA,"",NA,NA,NA,"Sim","Sim",NA,"Sim","Sim","","","","","","IDSJC,VPC","","uuid:cf8a6e16-daf2-4898-96bf-eba201b91f9e"
"01/13/2026","IDSWQ00101",-17.8809285,36.8835143,-17.4,4.683,"Zambezia","quelimane","Piscina_Municipal","Emissario_EM","Aguas_residuais","Moore_swab","24",8,38,NA,NA,"",NA,NA,NA,"Sim","Sim",NA,"Sim","Sim","","","","","","IDSJC,VPC","","uuid:d1d29413-e07e-4ed9-8412-5d88be585d28"
"01/13/2026","IDSWQ00104",-17.8820064,36.8851376,4.9,4.766,"Zambezia","quelimane","REFEBA","Emissario_EM","Aguas_residuais","Grag_sample","24",8,38,NA,NA,"",NA,NA,NA,"Sim","Sim",NA,"Sim","Sim","","","","","","IDSJC,VPC","","uuid:2935ca1d-f83b-48b2-9a2d-920d2453bb69"
"01/13/2026","IDSWQ00100",-17.882005,36.8851173,7.7,3.916,"Zambezia","quelimane","REFEBA","Emissario_EM","Aguas_residuais","Moore_swab","24",8,38,NA,NA,"",NA,NA,NA,"Sim","Sim",NA,"Sim","Sim","","","","","","IDSJC,VPC","","uuid:016dc34d-9fbf-46f2-963a-92368cee44b9"
"01/07/2026","IDSWQ00094",-17.8796717,36.8815783,-15.9,4.2,"Zambezia","quelimane","E_frente_Autor_Tributaria","Emissario_EM","Aguas_residuais","Moore_swab","33",8,60,NA,NA,"",NA,NA,NA,"Sim","Sim",NA,"Sim","Sim","","","","","","IDSJC","","uuid:2e68b372-fb63-4228-a56b-83ca998f9d2b"
"01/07/2026","IDSWQ00098",-17.8796829,36.8816166,-14.3,4.6,"Zambezia","quelimane","E_frente_Autor_Tributaria","Emissario_EM","Aguas_residuais","Grag_sample","33",8,60,NA,NA,"",NA,NA,NA,"Sim","Sim",NA,"Sim","Sim","","","","","","IDSJC","","uuid:eb6736ad-975c-43d6-876b-e1de4a2a9271"
"01/13/2026","IDSWQ00103",-17.8836203,36.8874272,-5.3,4.171,"Zambezia","quelimane","BRIZA","Emissario_EM","Aguas_residuais","Grag_sample","24",8,38,NA,NA,"",NA,NA,NA,"Sim","Sim",NA,"Sim","Sim","","","","","","IDSJC,VPC","","uuid:d08df6c0-4f5b-427a-ab3a-1cd2a9766fa4"
"01/13/2026","IDSWQ00099",-17.8835895,36.8872944,-17.2,4.916,"Zambezia","quelimane","BRIZA","Emissario_EM","Aguas_residuais","Moore_swab","24",8,38,NA,NA,"",NA,NA,NA,"Sim","Sim",NA,"Sim","Sim","","","","","","IDSJC,VPC","","uuid:befe714e-7927-424f-828d-eece213435f4"
"01/07/2026","IDSWQ00097",-17.8811233,36.8836267,-1.3,4.8,"Zambezia","quelimane","Piscina_Municipal","Emissario_EM","Aguas_residuais","Grag_sample","33",8,60,NA,NA,"",NA,NA,NA,"Sim","Sim",NA,"Sim","Sim","","","","","","IDSJC","","uuid:851af513-4b4b-4eb6-86a3-0e61fad5dad3"
"01/07/2026","IDSWQ00093",-17.8809116,36.8835963,-1.7,4.683,"Zambezia","quelimane","Piscina_Municipal","Emissario_EM","Aguas_residuais","Moore_swab","33",8,60,NA,NA,"",NA,NA,NA,"Sim","Sim",NA,"Sim","Sim","","","","","","IDSJC","","uuid:4f62011d-c07b-4895-8f75-7615a8b35d29"
"01/07/2026","IDSWQ00096",-17.8820637,36.8850855,-1.7,4.383,"Zambezia","quelimane","REFEBA","Emissario_EM","Aguas_residuais","Grag_sample","33",8,60,NA,NA,"",NA,NA,NA,"Sim","Sim",NA,"Sim","Sim","","","","","","IDSJC","","uuid:b03fd7f4-5a04-424a-82d2-3fad099c784a"
"01/07/2026","IDSWQ00092",-17.8820338,36.8851826,0.4,3.914,"Zambezia","quelimane","REFEBA","Emissario_EM","Aguas_residuais","Moore_swab","33",8,60,NA,NA,"",NA,NA,NA,"Sim","Sim",NA,"Sim","Sim","","","","","","IDSJC","","uuid:836d894a-8ddb-4aca-9ab5-f54af26d1af8"
"01/07/2026","IDSWQ00095",-17.8835884,36.8873435,-6.7,4.9,"Zambezia","quelimane","BRIZA","Emissario_EM","Aguas_residuais","Grag_sample","33",8,60,NA,NA,"",NA,NA,NA,"Sim","Sim",NA,"Sim","Sim","","","","","","IDSJC","","uuid:4146195d-2e8f-4742-85b4-40bb6a11862a"
"01/07/2026","IDSWQ00091",-17.8836184,36.8872819,-13.1,4.5,"Zambezia","quelimane","BRIZA","Emissario_EM","Aguas_residuais","Moore_swab","33",8,65,NA,NA,"",NA,NA,NA,"Sim","Sim",NA,"Sim","Sim","","","","","","IDS JC","","uuid:86396e2e-de98-41ba-9430-b75890e55707"
"01/14/2026","IDSWT00180",-16.1546298,33.5886578,97.7,4.84,"Tete","tete","Registo","Emissario_EM","Aguas_residuais","Grag_sample","32",40,75,NA,NA,"",NA,NA,NA,"Sim","Sim",NA,"Sim","Sim","Nao","Nao","Nao","","","Banquile Balata","","uuid:97ded35c-4dfe-4f6c-867e-351621cda7a8"
"01/14/2026","IDSWT00181",-16.1560279,33.5903644,125.1999969482,4.583,"Tete","tete","Mercado_do_Peixe","Emissario_EM","Aguas_residuais","Moore_swab","32",40,75,NA,NA,"",NA,NA,NA,"Sim","Sim",NA,"Sim","Sim","Nao","Nao","Nao","","","Banquile Balata","","uuid:25ad234e-8e3c-4441-9fef-ea2db024ff3e"
"01/14/2026","IDSWT00182",-16.1560819,33.5903533,125.1999969482,5,"Tete","tete","Mercado_do_Peixe","Emissario_EM","Aguas_residuais","Grag_sample","32",40,75,NA,NA,"",NA,NA,NA,"Sim","Sim",NA,"Sim","Sim","Nao","Nao","Nao","","","Banquile Balata","","uuid:8c2b864b-b885-470f-ad13-290e4e17bc78"
"01/14/2026","IDSWT00183",-16.1579028,33.5922498,125.1999969482,4.583,"Tete","tete","Paraiso_Misterioso","Emissario_EM","Aguas_residuais","Grag_sample","32",40,75,NA,NA,"",NA,NA,NA,"Sim","Sim",NA,"Sim","Sim","Nao","Nao","Nao","","","Banquile Balata","","uuid:520ec85c-545c-4416-93d2-36e8f077fb11"
"01/14/2026","IDSWT00184",-16.1579184,33.5922289,125.1999969482,4.85,"Tete","tete","Paraiso_Misterioso","Emissario_EM","Aguas_residuais","Grag_sample","32",40,75,NA,NA,"",NA,NA,NA,"Sim","Sim",NA,"Sim","Sim","Nao","Nao","Nao","","","Banquile Balata","","uuid:9f9bf455-c9a4-4e18-b37a-c2ac7bf680a9"
"01/14/2026","IDSWT00185",-16.1637467,33.5981383,125.1999969482,4.233,"Tete","tete","Quartel_Militar","Emissario_EM","Aguas_residuais","Moore_swab","32",40,75,NA,NA,"",NA,NA,NA,"Sim","Sim",NA,"Sim","Sim","Nao","Nao","Nao","","","Banquile Balata","","uuid:a9baa7ae-8c12-40d0-8dfb-d921067345f5"
"01/14/2026","IDSWT00186",-16.1637783,33.5981883,125.1999969482,3.9,"Tete","tete","Quartel_Militar","Emissario_EM","Aguas_residuais","Moore_swab","32",40,75,NA,NA,"",NA,NA,NA,"Sim","Sim",NA,"Sim","Sim","Nao","Nao","Nao","","","Banquile Balata","","uuid:fee354a9-e02a-4267-afc2-fbb27643ba27"
"01/13/2026","IDSW100478",-25.9837933,32.5919424,21.1,4.5,"Maputo Cidade","khampfumo","Tempestade","Emissario_EM","Aguas_residuais","Torpidos","27",8,91,NA,NA,"",NA,NA,NA,"Sim","Sim",NA,"Sim","Sim","","","","","","Delfa e INOCÊNCIO","","uuid:fdcc4aa8-956c-4fd4-89d8-e21ccc9ad2a7"
"01/13/2026","IDSW100479",-25.9837674,32.5919529,17.7,3.95,"Maputo Cidade","khampfumo","Tempestade","Emissario_EM","Aguas_residuais","Moore_swab","27",8,91,NA,NA,"",NA,NA,NA,"Sim","Sim",NA,"Sim","Sim","","","Sim","","","Delfa e INOCÊNCIO","","uuid:badac311-8e2c-4c0c-942c-bfb57613b273"
"01/13/2026","IDSW100480",-25.9837783,32.59197,17.8,3.7,"Maputo Cidade","khampfumo","Tempestade","Emissario_EM","Aguas_residuais","Grag_sample","27",8,91,NA,NA,"",NA,NA,NA,"Sim","Sim",NA,"Sim","Sim","","","Sim","","","Delfa e INOCÊNCIO","","uuid:e9c1e82f-a786-4c8a-8aea-cf054f31768a"
"01/13/2026","IDSW100482",-25.9179182,32.5381217,17.2,3.5,"Maputo_provincia","matola","ETAR","Vala_esgoto_VE","Aguas_residuais","Torpidos","25",8,93,NA,NA,"",NA,NA,NA,"Sim","Sim",NA,"Sim","Sim","","","","","","Delfa e INOCÊNCIO","","uuid:dd493167-49b6-478f-a113-b1de0e3a643b"
"01/13/2026","IDSW100484",-25.9179419,32.5381277,18.2,3.6,"Maputo_provincia","matola","ETAR","Vala_esgoto_VE","Aguas_residuais","Moore_swab","25",8,93,NA,NA,"",NA,NA,NA,"Sim","Sim",NA,"Sim","Sim","","","Sim","","","Delfa e INOCÊNCIO","","uuid:f2718373-7238-40b9-a2a0-9539ee08bf8c"
"01/13/2026","IDSW100483",-25.9179225,32.538124,17.6,3.75,"Maputo_provincia","matola","ETAR","Vala_esgoto_VE","Aguas_residuais","Grag_sample","25",8,93,NA,NA,"",NA,NA,NA,"Sim","Sim",NA,"Sim","Sim","","","Sim","","","Delfa e INOCÊNCIO","","uuid:d04e6ad3-81dd-401d-9573-0f17d9f7e467"
"01/13/2026","IDSW100485",-25.917915,32.5381267,18.5,3.8,"Maputo Cidade","kamubukwana","ETAR","Entrada_ETAR","Aguas_residuais","Torpidos","25",8,95,NA,NA,"",NA,NA,NA,"Sim","Sim",NA,"Sim","Sim","","","","","","Delfa e INOCÊNCIO","","uuid:d4e8f1d7-e580-48dc-a724-9ed6601fb8bc"
"01/13/2026","IDSW100486",-25.9179159,32.5381332,18.5,4.1,"Maputo Cidade","kamubukwana","ETAR","Entrada_ETAR","Aguas_residuais","Moore_swab","25",8,93,NA,NA,"",NA,NA,NA,"Sim","Sim",NA,"Sim","Sim","","","Sim","","","Delfa e INOCÊNCIO","","uuid:011c7b04-eacb-4285-a1dd-dd129578ea23"
"01/13/2026","IDSW100487",-25.9178913,32.5381569,19.5,3.7,"Maputo Cidade","kamubukwana","ETAR","Entrada_ETAR","Aguas_residuais","Grag_sample","25",8,93,NA,NA,"",NA,NA,NA,"Sim","Sim",NA,"Sim","Sim","","","Sim","","","Delfa e INOCÊNCIO","","uuid:e7b9d5b4-df76-4c38-b442-9d4ad1abf924"
"01/13/2026","IDSW100488",-25.9179007,32.5381539,19.4,2.3,"Maputo Cidade","kamubukwana","ETAR","Cam_Cistern_CC","Aguas_residuais","Moore_swab","25",8,93,NA,NA,"",NA,NA,NA,"Sim","Sim",NA,"Sim","Sim","","","","","","Delfa e INOCÊNCIO","","uuid:56fdc6cc-81ad-497d-a336-7eb6c7131101"
"01/13/2026","IDSW100489",-25.9178114,32.5380397,64.1,4.74,"Maputo Cidade","kamubukwana","ETAR","Cam_Cistern_CC","Aguas_residuais","Grag_sample","25",8,93,NA,NA,"",NA,NA,NA,"Sim","Sim",NA,"Sim","Sim","","","Sim","","","Delfa e INOCÊNCIO","","uuid:b55f68c5-2914-482f-9b50-c65a7e8dc30b"
"01/13/2026","IDSW100481",-25.9179041,32.5381255,16.5,3.733,"Maputo_provincia","matola","ETAR","Cam_Cistern_CC","Aguas_residuais","Torpidos","25",8,93,NA,NA,"",NA,NA,NA,"Sim","Sim",NA,"Sim","Sim","","","","","","Delfa e INOCÊNCIO","","uuid:6d9e7f9b-667b-44ca-80e9-44af57c95667"
"01/20/2026","IDSW100490",-25.9651704,32.6022663,44.5,5,"Maputo Cidade","khampfumo","Presidencia","Emissario_EM","Aguas_residuais","Grag_sample","23",8,70,NA,NA,"",NA,NA,NA,"Sim","Sim",NA,"Sim","Sim","","","Sim","","","Delfa e INOCÊNCIO","","uuid:089aaf71-dcd9-48bc-ab83-a881305de41f"
"01/20/2026","IDSW100491",-25.9837972,32.5920727,11.8,4.62,"Maputo Cidade","khampfumo","Tempestade","Emissario_EM","Aguas_residuais","Torpidos","23",8,70,NA,NA,"",NA,NA,NA,"Sim","Sim",NA,"Sim","Sim","","","","","","Delfa e INOCÊNCIO","","uuid:d769d041-a25e-43aa-b5f5-5f9ed2b55f90"
"01/20/2026","IDSW100492",-25.9837981,32.5921077,13.8,4.333,"Maputo Cidade","khampfumo","Tempestade","Emissario_EM","Aguas_residuais","Moore_swab","23",8,70,NA,NA,"",NA,NA,NA,"Sim","Sim",NA,"Sim","Sim","","","Sim","","","Delfa e INOCÊNCIO","","uuid:a6151c83-3039-4cca-a108-f83b2b7f946a"
"01/20/2026","IDSW100493",-25.9839033,32.5919745,11.5,4.883,"Maputo Cidade","khampfumo","Tempestade","Emissario_EM","Aguas_residuais","Grag_sample","23",8,70,NA,NA,"",NA,NA,NA,"Sim","Sim",NA,"Sim","Sim","","","Sim","","","Delfa e INOCÊNCIO","","uuid:831e4e13-a696-46df-aa70-3b4bd5ae34c2"
"01/20/2026","IDSW100494",-25.9178256,32.5383094,-11,4.666,"Maputo_provincia","matola","ETAR","Vala_esgoto_VE","Aguas_residuais","Torpidos","25",8,73,NA,NA,"",NA,NA,NA,"Sim","Sim",NA,"Sim","Sim","","","","","","Delfa e INOCÊNCIO","","uuid:0b758947-320e-4020-a50b-0078747c1e50"
"01/20/2026","IDSW100495",-25.9178025,32.5382104,8.5,4.55,"Maputo_provincia","matola","ETAR","Vala_esgoto_VE","Aguas_residuais","Moore_swab","25",8,73,NA,NA,"",NA,NA,NA,"Sim","Sim",NA,"Sim","Sim","","","Sim","","","Delfa e INOCÊNCIO","","uuid:859c72e7-e9d2-4665-8d08-32d74fc14fbc"
"01/20/2026","IDSW100496",-25.9177741,32.5382265,8.7,3.85,"Maputo_provincia","matola","ETAR","Vala_esgoto_VE","Aguas_residuais","Grag_sample","25",8,73,NA,NA,"",NA,NA,NA,"Sim","Sim",NA,"Sim","Sim","","","Sim","","","Delfa e INOCÊNCIO","","uuid:7250cbe2-5936-40c4-8cdb-141f822aa579"
"01/20/2026","IDSW100497",-25.9184751,32.5392281,28.4,4.5,"Maputo Cidade","kamubukwana","ETAR","Entrada_ETAR","Aguas_residuais","Torpidos","25",8,73,NA,NA,"",NA,NA,NA,"Sim","Sim",NA,"Sim","Sim","","","","","","Delfa e INOCÊNCIO","","uuid:88dbe9a0-7db2-40f6-bf50-31f9f7b7fc97"
"01/20/2026","IDSW100498",-25.9183762,32.5392513,17.8,4.4,"Maputo Cidade","kamubukwana","ETAR","Entrada_ETAR","Aguas_residuais","Moore_swab","25",8,73,NA,NA,"",NA,NA,NA,"Sim","Sim",NA,"Sim","Sim","","","Sim","","","Delfa e INOCÊNCIO","","uuid:3bdd0256-d81e-4a43-8cf8-d8b7f3a4285e"
"01/20/2026","IDSW100499",-25.9183998,32.5392325,17,4.65,"Maputo Cidade","kamubukwana","ETAR","Entrada_ETAR","Aguas_residuais","Grag_sample","25",8,73,NA,NA,"",NA,NA,NA,"Sim","Sim",NA,"Sim","Sim","","","Sim","","","","","uuid:8ec2ab02-2b04-4bcd-97da-53a7dbc3b4c3"
"01/20/2026","IDSW100500",-25.9182984,32.5388959,16.9,4.55,"Maputo Cidade","kamubukwana","ETAR","Cam_Cistern_CC","Aguas_residuais","Torpidos","25",8,73,NA,NA,"",NA,NA,NA,"Sim","Sim",NA,"Sim","Sim","","","","","","Delfa e INOCÊNCIO","","uuid:990e9957-6f52-461c-892d-54a186b15ca7"
"01/20/2026","IDSW100501",-25.918267,32.5389601,17.2,4.725,"Maputo Cidade","kamubukwana","ETAR","Cam_Cistern_CC","Aguas_residuais","Moore_swab","25",8,73,NA,NA,"",NA,NA,NA,"Sim","Sim",NA,"Sim","Sim","","","Sim","","","Delfa e INOCÊNCIO","","uuid:08f4d138-8b80-458d-aeb8-0f2c29f7e605"
"01/20/2026","IDSW100502",-25.9182915,32.5389356,19.3,4.4,"Maputo Cidade","kamubukwana","ETAR","Cam_Cistern_CC","Aguas_residuais","Grag_sample","25",8,73,NA,NA,"",NA,NA,NA,"Sim","Sim",NA,"Sim","Sim","","","Sim","","","Delfa e INOCÊNCIO","","uuid:654a350b-b3b1-480e-a7b1-3bd85ad0ce18"
"01/20/2026","IDSWQ00111",-17.8835996,36.8872725,-2.7000002861,3.566,"Zambezia","quelimane","BRIZA","Emissario_EM","Aguas_residuais","Grag_sample","32",8,79,NA,NA,"",NA,NA,NA,"Sim","Sim",NA,"Sim","Sim","","","","","","IDSJC","","uuid:0bb3dbbf-753e-4cc7-8de7-87ee5d79d63f"
"01/20/2026","IDSWQ00107",-17.8834898,36.8872316,-2.7000002861,3.733,"Zambezia","quelimane","BRIZA","Emissario_EM","Aguas_residuais","Moore_swab","32",8,79,NA,NA,"",NA,NA,NA,"Sim","Sim",NA,"Sim","Sim","","","","","","IDSJC","Sem amostra devido a vadalização darmafilha.","uuid:0439d6de-52dd-4cb9-931f-70d709a7e7d1"
"01/20/2026","IDSWQ00108",-17.881921,36.8851282,-2.1000001431,4.885,"Zambezia","quelimane","REFEBA","Emissario_EM","Aguas_residuais","Moore_swab","32",8,79,NA,NA,"",NA,NA,NA,"Sim","Sim",NA,"Sim","Sim","","","","","","IDSJC","","uuid:e6369167-96be-432b-811c-f71f43751f24"
"01/20/2026","IDSWQ00109",-17.8808286,36.8836051,-2.2000000477,3.371,"Zambezia","quelimane","Piscina_Municipal","Emissario_EM","Aguas_residuais","Moore_swab","30",8,78,NA,NA,"",NA,NA,NA,"Sim","Sim",NA,"Sim","Sim","","","","","","IDSJC","","uuid:d4b57765-93a3-4d6e-acbe-1112e3ae2186"
"01/20/2026","IDSWQ00110",-17.879541,36.8815684,-2.0000002384,4,"Zambezia","quelimane","E_frente_Autor_Tributaria","Emissario_EM","Aguas_residuais","Moore_swab","30",8,78,NA,NA,"",NA,NA,NA,"Sim","Sim",NA,"Sim","Sim","","","","","","IDSJC","","uuid:37fb72a6-969f-4672-947b-06bb7ef33ba6"
"01/20/2026","IDSWQ00112",-17.8819143,36.8851263,-2.1000001431,3.6,"Zambezia","quelimane","REFEBA","Emissario_EM","Aguas_residuais","Grag_sample","32",8,79,NA,NA,"",NA,NA,NA,"Sim","Sim",NA,"Sim","Sim","","","","","","IDSJC","","uuid:0b9fd109-98c3-471b-b733-3d46ab8ed37a"
"01/20/2026","IDSWQ00113",-17.8808268,36.8835795,-2.2000000477,2.325,"Zambezia","quelimane","Piscina_Municipal","Emissario_EM","Aguas_residuais","Grag_sample","31",8,79,NA,NA,"",NA,NA,NA,"Sim","Sim",NA,"Sim","Sim","","","","","","IDSJC","","uuid:27fff770-3684-4e55-865c-153001ce23ba"
"01/20/2026","IDSWQ00114",-17.8795439,36.8815676,-2.0000002384,4,"Zambezia","quelimane","E_frente_Autor_Tributaria","Emissario_EM","Aguas_residuais","Grag_sample","30",8,78,NA,NA,"",NA,NA,NA,"Sim","Sim",NA,"Sim","Sim","","","","","","IDSJC","","uuid:b14cee34-6f61-4f45-8a71-20e439d22506"
"01/27/2026","IDSW100503",-25.9650898,32.6022837,26,4.966,"Maputo Cidade","khampfumo","Presidencia","Emissario_EM","Aguas_residuais","Grag_sample","28",8,69,NA,NA,"",NA,NA,NA,"Sim","Sim",NA,"Sim","Sim","","","Sim","","","Delfa e INOCÊNCIO","","uuid:5da5cb12-cadc-4c85-8d26-d46cadf7afad"
"01/27/2026","IDSW100504",-25.9838013,32.5919301,26,4.86,"Maputo Cidade","khampfumo","Tempestade","Emissario_EM","Aguas_residuais","Torpidos","28",9,69,NA,NA,"",NA,NA,NA,"Sim","Sim",NA,"Sim","Sim","","","Nao","","","Delfa e INOCÊNCIO","","uuid:bc103392-ff3c-4971-bfc2-6bdd93fc6b1f"
"01/27/2026","IDSW100505",-25.9837613,32.5919304,26,4.9,"Maputo Cidade","khampfumo","Tempestade","Emissario_EM","Aguas_residuais","Moore_swab","28",8,69,NA,NA,"",NA,NA,NA,"Sim","Sim",NA,"Sim","Sim","","","Sim","","","Delfa e INOCÊNCIO","","uuid:0583367e-e89b-4869-bb1e-d75e28f9ebaf"
"01/27/2026","IDSW100506",-25.9837992,32.5919989,26,5,"Maputo Cidade","khampfumo","Tempestade","Emissario_EM","Aguas_residuais","Grag_sample","28",8,69,NA,NA,"",NA,NA,NA,"Sim","Sim",NA,"Sim","Sim","","","Sim","","","Delfa e INOCÊNCIO","","uuid:c59731ee-8412-480c-b03e-2fc79cf9c082"
"01/27/2026","IDSW100507",-25.9176482,32.53826,27,4.983,"Maputo_provincia","matola","ETAR","Vala_esgoto_VE","Aguas_residuais","Torpidos","28",8,73,NA,NA,"",NA,NA,NA,"Sim","Sim",NA,"Sim","Sim","","","","","","Delfa e INOCÊNCIO","","uuid:3f2a9f6f-01ba-4a0c-8747-b991090ff558"
"01/27/2026","IDSW100508",-25.9176778,32.5383044,27.1000003815,4.966,"Maputo_provincia","matola","ETAR","Vala_esgoto_VE","Aguas_residuais","Moore_swab","28",8,72,NA,NA,"",NA,NA,NA,"Sim","Sim",NA,"Sim","Sim","","","Sim","","","Delfa e INOCÊNCIO","","uuid:fc42f6fd-374b-4727-a486-4957833927f5"
"01/27/2026","IDSW100509",-25.9178006,32.5383979,27,5,"Maputo_provincia","matola","ETAR","Vala_esgoto_VE","Aguas_residuais","Grag_sample","28",8,72,NA,NA,"",NA,NA,NA,"Sim","Sim",NA,"Sim","Sim","","","Sim","","","Delfa e INOCÊNCIO","","uuid:0a606b47-68a9-4768-9096-3144e41ecc7a"
"01/27/2026","IDSW100510",-25.9184139,32.5393057,27,4.95,"Maputo Cidade","kamubukwana","ETAR","Entrada_ETAR","Aguas_residuais","Torpidos","28",8,72,NA,NA,"",NA,NA,NA,"Sim","Sim",NA,"Sim","Sim","","","","","","Delfa e INOCÊNCIO","","uuid:95bb49ad-2ff5-4b3c-a2b1-657de94bbe35"
"01/27/2026","IDSW100511",-25.9180167,32.5385079,27,5,"Maputo Cidade","kamubukwana","ETAR","Entrada_ETAR","Aguas_residuais","Moore_swab","28",8,72,NA,NA,"",NA,NA,NA,"Sim","Sim",NA,"Sim","Sim","","","Sim","","","Delfa e INOCÊNCIO","","uuid:e1c906ac-e740-4ba6-88f9-7f762a3129c0"
"01/27/2026","IDSW100512",-25.9184384,32.5392697,27,4.96,"Maputo Cidade","kamubukwana","ETAR","Entrada_ETAR","Aguas_residuais","Grag_sample","28",8,72,NA,NA,"",NA,NA,NA,"Sim","Sim",NA,"Sim","Sim","","","Sim","","","Delfa e INOCÊNCIO","","uuid:c6ecfb31-fbf3-4661-98f1-8e182e5ab6a5"
"01/27/2026","IDSW100513",-25.918325,32.5388885,27,4.95,"Maputo Cidade","kamubukwana","ETAR","Cam_Cistern_CC","Aguas_residuais","Torpidos","28",8,72,NA,NA,"",NA,NA,NA,"Sim","Sim",NA,"Sim","Sim","","","Nao","","","Delfa e INOCÊNCIO","","uuid:b1a7d78c-0092-4e69-a353-92d1045bf4a7"
"01/27/2026","IDSW100514",-25.9180919,32.5385595,56,4.966,"Maputo Cidade","kamubukwana","ETAR","Cam_Cistern_CC","Aguas_residuais","Moore_swab","28",8,72,NA,NA,"",NA,NA,NA,"Sim","Sim",NA,"Sim","Sim","","","Sim","","","Delfa e INOCÊNCIO","","uuid:0710ba27-4e99-46f4-b064-e00705bd0bd7"
"01/27/2026","IDSW100515",-25.9186628,32.5388218,56.1,4.94,"Maputo Cidade","kamubukwana","ETAR","Cam_Cistern_CC","Aguas_residuais","Grag_sample","28",8,72,NA,NA,"",NA,NA,NA,"Sim","Sim",NA,"Sim","Sim","","","Sim","","","Delfa e INOCÊNCIO","","uuid:290f99e0-182f-4396-9d0d-7f8ced95150c"
"02/04/2026","IDSWT00187",-16.1637,33.5984639,146.1000061035,4.9,"Tete","tete","Quartel_Militar","Emissario_EM","Aguas_residuais","Moore_swab","36",40,71,NA,NA,"",NA,NA,NA,"Sim","Sim",NA,"Sim","Sim","Nao","Nao","Nao","Nao","","Banquile Balata","","uuid:432140b4-d40d-4865-b4b9-994eada29d2f"
"02/04/2026","IDSWT00188",-16.1636365,33.5987564,122.3,4.5,"Tete","tete","Quartel_Militar","Emissario_EM","Aguas_residuais","Grag_sample","36",40,71,NA,NA,"",NA,NA,NA,"Sim","Sim",NA,"Sim","Sim","Nao","Nao","Nao","","","Banquile Balata","","uuid:a96d7d3a-469e-4621-b0a4-d795781ebb64"
"02/04/2026","IDSWT00189",-16.1578767,33.592288,126.3,4.5,"Tete","tete","Paraiso_Misterioso","Vala_esgoto_VE","Aguas_residuais","Moore_swab","36",40,71,NA,NA,"",NA,NA,NA,"Sim","Sim",NA,"Sim","Sim","Nao","Nao","Nao","","","Banquile Balata","","uuid:fd33435f-b366-4a20-89bb-3b737f852ff2"
"02/04/2026","IDSWT00190",-16.1579533,33.5922617,124.3,3.8,"Tete","tete","Paraiso_Misterioso","Emissario_EM","Aguas_residuais","Moore_swab","36",40,71,NA,NA,"",NA,NA,NA,"Sim","Sim",NA,"Sim","Sim","Nao","Nao","Nao","Nao","","Banquile Balata","","uuid:e75f80f6-e9ef-46e2-8cdf-9eba0efe4ff6"
"02/04/2026","IDSWT00191",-16.1560375,33.5900555,128.5,3.228,"Tete","tete","Mercado_do_Peixe","Emissario_EM","Aguas_residuais","Moore_swab","36",40,71,NA,NA,"",NA,NA,NA,"Sim","Sim",NA,"Sim","Sim","Nao","Nao","Nao","Nao","","Banquile Balata","","uuid:c31b59f9-c58d-4ac4-9c4c-97aa7bee18f4"
"02/04/2026","IDSWT00192",-16.1559854,33.5903193,129,4.5,"Tete","tete","Mercado_do_Peixe","Emissario_EM","Aguas_residuais","Grag_sample","36",40,71,NA,NA,"",NA,NA,NA,"Sim","Sim",NA,"Sim","Sim","Nao","Nao","Nao","Nao","","Banquile Balata","","uuid:f806f9d0-b372-47a9-9e34-74ed5b88c388"
"02/04/2026","IDSWT00193",-16.154582,33.5885726,125.2,4.843,"Tete","tete","Registo","Emissario_EM","Aguas_residuais","Moore_swab","36",40,71,NA,NA,"",NA,NA,NA,"Sim","Sim",NA,"Sim","Sim","Nao","Nao","Nao","Nao","","Banquile Balata","","uuid:8d9a118e-6109-48e9-8b8d-0ceb2f3f3947"
"02/04/2026","IDSWT00194",-16.1545931,33.5886149,124.9,6.332,"Tete","tete","Registo","Emissario_EM","Aguas_residuais","Grag_sample","36",40,71,NA,NA,"",NA,NA,NA,"Sim","Sim",NA,"Sim","Sim","Nao","Nao","Nao","","","Banquile Balata","","uuid:35a78dae-1281-44c1-b8b6-b44b59b65e18"
"02/05/2026","IDSW100516",-25.9651519,32.6022907,39.6,4.9,"Maputo Cidade","khampfumo","Presidencia","Emissario_EM","Aguas_residuais","Grag_sample","29",40,67,NA,NA,"",NA,NA,NA,"Sim","Sim",NA,"Sim","Sim","","","Sim","Sim","","INOCÊNCIO","","uuid:79faac8f-1b6d-4922-b413-6198b5ffc1ae"
"02/05/2026","IDSW100517",-25.9837786,32.5919811,37.9,4.966,"Maputo Cidade","khampfumo","Tempestade","Emissario_EM","Aguas_residuais","Torpidos","29",40,67,NA,NA,"",NA,NA,NA,"Sim","Sim",NA,"Sim","Sim","","","","","","INOCÊNCIO","","uuid:6f7f273c-f69e-4cb8-b5d3-a65b6c638cb6"
"02/05/2026","IDSW100518",-25.983794,32.5919971,37.9,4.966,"Maputo Cidade","nlhamankulu","Tempestade","Emissario_EM","Aguas_residuais","Moore_swab","29",40,67,NA,NA,"",NA,NA,NA,"Sim","Sim",NA,"Sim","Sim","","","Sim","","","INOCÊNCIO","","uuid:71076e73-6f2c-447c-93c0-06013d4a628b"
"02/05/2026","IDSW100519",-25.9836615,32.5919611,37.9,4.98,"Maputo Cidade","nlhamankulu","Tempestade","Emissario_EM","Aguas_residuais","Grag_sample","29",40,67,NA,NA,"",NA,NA,NA,"Sim","Sim",NA,"Sim","Sim","","","Sim","","","INOCÊNCIO","","uuid:3060b164-7c91-44e4-bdb1-afdbb3ee5ac5"
"02/05/2026","IDSW100520",-25.9178577,32.5382101,15.8,4.95,"Maputo_provincia","matola","ETAR","Vala_esgoto_VE","Aguas_residuais","Torpidos","30",8,56,NA,NA,"",NA,NA,NA,"Sim","Sim",NA,"Sim","Sim","","","","","","Delfa e INOCÊNCIO","","uuid:a854261b-49a8-4ca0-a58c-bbd189150ff2"
"02/05/2026","IDSW100521",-25.9178643,32.5382569,22.6,4.8,"Maputo_provincia","matola","ETAR","Vala_esgoto_VE","Aguas_residuais","Moore_swab","30",8,54,NA,NA,"",NA,NA,NA,"Sim","Sim",NA,"Sim","Sim","","","Sim","","","Delfa e INOCÊNCIO","","uuid:9e012ccd-a455-4934-8ec1-d148de47c43e"
"02/05/2026","IDSW100522",-25.9178473,32.5382516,22.6,4.86,"Maputo_provincia","matola","ETAR","Vala_esgoto_VE","Aguas_residuais","Grag_sample","30",8,54,NA,NA,"",NA,NA,NA,"Sim","Sim",NA,"Sim","Sim","","","Sim","","","Delfa e INOCÊNCIO","","uuid:756f7590-b4f6-4f70-954b-dc7bb792feac"
"02/05/2026","IDSW100523",-25.9184406,32.5391282,22.5,4.78,"Maputo Cidade","kamubukwana","ETAR","Entrada_ETAR","Aguas_residuais","Torpidos","30",8,54,NA,NA,"",NA,NA,NA,"Sim","Sim",NA,"Sim","Sim","","","","","","Delfa e INOCÊNCIO","","uuid:720e72ec-fd1c-44d3-b598-41ea9507ed81"
"02/05/2026","IDSW100524",-25.9185435,32.5391156,21.5,4.86,"Maputo Cidade","kamubukwana","ETAR","Entrada_ETAR","Aguas_residuais","Moore_swab","30",8,54,NA,NA,"",NA,NA,NA,"Sim","Sim",NA,"Sim","Sim","","","Sim","","","Delfa e INOCÊNCIO","","uuid:7ce4f688-fa69-4911-b21c-3bace3f761b6"
"02/05/2026","IDSW100525",-25.9184633,32.5391438,21.6,5,"Maputo Cidade","kamubukwana","ETAR","Entrada_ETAR","Aguas_residuais","Grag_sample","30",8,54,NA,NA,"",NA,NA,NA,"Sim","Sim",NA,"Sim","Sim","","","Sim","","","Delfa e INOCÊNCIO","","uuid:9dd12b2c-261c-4fd9-81a2-eec4748d735b"
"02/05/2026","IDSW100526",-25.9183255,32.538944,21.6,5,"Maputo Cidade","kamubukwana","ETAR","Cam_Cistern_CC","Aguas_residuais","Torpidos","30",8,54,NA,NA,"",NA,NA,NA,"Sim","Sim",NA,"Sim","Sim","","","","","","Delfa e INOCÊNCIO","","uuid:f44a91e8-4eb3-49e0-956d-b00330979f97"
"02/05/2026","IDSW100527",-25.9183847,32.5389226,21.6,4.95,"Maputo Cidade","kamubukwana","ETAR","Cam_Cistern_CC","Aguas_residuais","Moore_swab","30",8,54,NA,NA,"",NA,NA,NA,"Sim","Sim",NA,"Sim","Sim","","","Sim","","","Delfa e INOCÊNCIO","","uuid:af69508c-a46e-4964-9444-0655804d2353"
"02/05/2026","IDSW100528",-25.9185475,32.5388672,21.7,4.883,"Maputo Cidade","kamubukwana","ETAR","Cam_Cistern_CC","Aguas_residuais","Grag_sample","30",8,54,NA,NA,"",NA,NA,NA,"Sim","Sim",NA,"Sim","Sim","","","Sim","","","Delfa e INOCÊNCIO","","uuid:1acc31e3-ecb2-4b38-9811-4ffc5736f268"
"01/29/2026","IDSWQ00118",-17.8796327,36.8816516,-2.2000000477,4.775,"Zambezia","quelimane","E_frente_Autor_Tributaria","Emissario_EM","Aguas_residuais","Moore_swab","27",8,90,NA,NA,"",NA,NA,NA,"Sim","Sim",NA,"Sim","Sim","","","","","","","","uuid:54b20336-5528-459a-a253-ea765d9b4947"
"01/29/2026","IDSWQ00122",-17.8793626,36.8812673,16.3999996185,4.2,"Zambezia","quelimane","E_frente_Autor_Tributaria","Emissario_EM","Aguas_residuais","Grag_sample","27",8,90,NA,NA,"",NA,NA,NA,"Sim","Sim",NA,"Sim","Sim","","","","","","IDSJC","","uuid:ae430156-a149-4c08-aa55-1c3c57081b8a"
"01/29/2026","IDSWQ00117",-17.880737,36.8837154,-2.3000001907,4.385,"Zambezia","quelimane","Piscina_Municipal","Emissario_EM","Aguas_residuais","Moore_swab","27",8,90,NA,NA,"",NA,NA,NA,"Sim","Sim",NA,"Sim","Sim","","","","","","IDSVPC","","uuid:529b30ed-f567-4100-8d8e-50f67b750872"
"01/29/2026","IDSWQ00121",-17.8808027,36.8836589,-2.3000001907,4.2,"Zambezia","quelimane","Piscina_Municipal","Emissario_EM","Aguas_residuais","Grag_sample","27",8,90,NA,NA,"",NA,NA,NA,"Sim","Sim",NA,"Sim","Sim","","","","","","IDSVPC","","uuid:9ea6bba0-56df-4ea3-96cf-1341143534a7"
"01/29/2026","IDSWQ00116",-17.8820029,36.8850345,-2.4000000954,4.75,"Zambezia","quelimane","REFEBA","Emissario_EM","Aguas_residuais","Moore_swab","27",8,90,NA,NA,"",NA,NA,NA,"Sim","Sim",NA,"Sim","Sim","","","","","","IDSVPC","","uuid:aa0d1467-bc7d-495f-b397-891d32f056f1"
"01/29/2026","IDSWQ00120",-17.8820361,36.8850698,-2.4000000954,3.7,"Zambezia","quelimane","REFEBA","Emissario_EM","Aguas_residuais","Grag_sample","27",8,90,NA,NA,"",NA,NA,NA,"Sim","Sim",NA,"Sim","Sim","","","","","","IDSVPC","","uuid:6003bf61-29a1-4b26-8092-d258bcfa90da"
"01/29/2026","IDSWQ00115",-17.8836188,36.887273,-3.9000000954,4.15,"Zambezia","quelimane","BRIZA","Emissario_EM","Aguas_residuais","Moore_swab","27",8,90,NA,NA,"",NA,NA,NA,"Sim","Sim",NA,"Sim","Sim","","","","","","IDSJC","","uuid:9b04da46-3f00-41c4-acaa-e9873df15378"
"01/29/2026","IDSWQ00119",-17.883615,36.8873077,-3.9000000954,4.54,"Zambezia","quelimane","BRIZA","Emissario_EM","Aguas_residuais","Grag_sample","27",8,90,NA,NA,"",NA,NA,NA,"Sim","Sim",NA,"Sim","Sim","","","","","","IDSJC","","uuid:bbce7a59-57be-45c8-8563-4d45dd14dc6d"
"02/06/2026","IDSWQ00123",-17.8836207,36.8873001,-3,4.9,"Zambezia","quelimane","BRIZA","Emissario_EM","Aguas_residuais","Moore_swab","31",8,62,NA,NA,"",NA,NA,NA,"Sim","Sim",NA,"Sim","Sim","","","","","","IDSJC","","uuid:8b04405b-8857-45bd-84bb-82d0208b1d21"
"02/06/2026","IDSWQ00127",-17.8835875,36.8872967,-3.9000000954,3.24,"Zambezia","quelimane","BRIZA","Emissario_EM","Aguas_residuais","Grag_sample","31",8,62,NA,NA,"",NA,NA,NA,"Sim","Sim",NA,"Sim","Sim","","","","","","IDSJC","","uuid:4ded5559-1475-48ff-8a06-cc3047ec19b3"
"02/06/2026","IDSWQ00124",-17.8820512,36.8851325,1.2999999523,4.55,"Zambezia","quelimane","REFEBA","Emissario_EM","Aguas_residuais","Moore_swab","31",8,62,NA,NA,"",NA,NA,NA,"Sim","Sim",NA,"Sim","Sim","","","","","","IDSVPC","","uuid:aef19d60-d398-4010-b017-a1ba899141bd"
"02/06/2026","IDSWQ00128",-17.881991,36.885041,1.2999999523,4.86,"Zambezia","quelimane","REFEBA","Emissario_EM","Aguas_residuais","Grag_sample","31",8,62,NA,NA,"",NA,NA,NA,"Sim","Sim",NA,"Sim","Sim","","","","","","IDSVPC","","uuid:6122eccf-130c-4d0e-a9d4-84fad9615832"
"02/06/2026","IDSWQ00125",-17.8810152,36.8834552,1.2999999523,3.75,"Zambezia","quelimane","Piscina_Municipal","Emissario_EM","Aguas_residuais","Moore_swab","31",8,62,NA,NA,"",NA,NA,NA,"Sim","Sim",NA,"Sim","Sim","","","","","","IDSJC","","uuid:0161535e-6802-42a2-bcea-12093c2cff5a"
"02/06/2026","IDSWQ00129",-17.880967,36.883577,-2.6000003815,3.55,"Zambezia","quelimane","Piscina_Municipal","Emissario_EM","Aguas_residuais","Grag_sample","31",8,62,NA,NA,"",NA,NA,NA,"Sim","Sim",NA,"Sim","Sim","","","","","","IDSJC","","uuid:55555dcd-26a9-46df-a707-b2dc735937a1"
"02/06/2026","IDSWQ00126",-17.8796822,36.8816531,-2.2000000477,4.533,"Zambezia","quelimane","E_frente_Autor_Tributaria","Emissario_EM","Aguas_residuais","Moore_swab","31",8,62,NA,NA,"",NA,NA,NA,"Sim","Sim",NA,"Sim","Sim","","","","","","IDSJC","","uuid:acfcb21c-1af3-4b38-b0ab-f6896227e970"
"02/06/2026","IDSWQ00130",-17.8796724,36.8817155,-2.2000000477,3.625,"Zambezia","quelimane","E_frente_Autor_Tributaria","Emissario_EM","Aguas_residuais","Grag_sample","31",8,62,NA,NA,"",NA,NA,NA,"Sim","Sim",NA,"Sim","Sim","","","","","","IDSJC","","uuid:921d2525-a981-4c08-9dbe-44e540cf62a0"
"02/10/2026","IDSW100529",-25.9650819,32.6022935,29.8,4.86,"Maputo Cidade","khampfumo","Presidencia","Emissario_EM","Aguas_residuais","Moore_swab","28",8,72,NA,NA,"",NA,NA,NA,"Sim","Sim",NA,"Sim","Sim","","","Sim","","","Delfa","","uuid:a5913780-d320-4981-bd70-dbdd0d1e14e4"
"02/10/2026","IDSW100530",-25.9653296,32.6020004,32.3,4.78,"Maputo Cidade","khampfumo","Presidencia","Emissario_EM","Aguas_residuais","Grag_sample","28",8,72,NA,NA,"",NA,NA,NA,"Sim","Sim",NA,"Sim","Sim","","","Sim","","","Delfa","","uuid:fd9c5dca-ad64-4e6a-bbbd-a5898deec15e"
"02/10/2026","IDSW100531",-25.9809452,32.5949899,41.7,4.94,"Maputo Cidade","khampfumo","Tempestade","Emissario_EM","Aguas_residuais","Torpidos","28",8,72,NA,NA,"",NA,NA,NA,"Sim","Sim",NA,"Sim","Sim","","","","","","Delfa","","uuid:6661af11-7cc8-4e9e-9bb6-5f20b957f382"
"02/10/2026","IDSW100532",-25.9838482,32.591192,41.1,4.9,"Maputo Cidade","khampfumo","Tempestade","Emissario_EM","Aguas_residuais","Moore_swab","28",8,72,NA,NA,"",NA,NA,NA,"Sim","Sim",NA,"Sim","Sim","","","Sim","","","Delfa","","uuid:e2a91bb5-ebcd-4a4a-9722-494628b31418"
"02/10/2026","IDSW100533",-25.9837642,32.5919609,41.1,5,"Maputo Cidade","khampfumo","Tempestade","Emissario_EM","Aguas_residuais","Grag_sample","28",8,72,NA,NA,"",NA,NA,NA,"Sim","Sim",NA,"Sim","Sim","","","Sim","","","Delfa","","uuid:af9b2083-fd59-48df-875b-1f9bbb7515bf"
"02/10/2026","IDSW100534",-25.9257241,32.5451817,48.8,4.95,"Maputo_provincia","matola","ETAR","Vala_esgoto_VE","Aguas_residuais","Torpidos","28",8,69,NA,NA,"",NA,NA,NA,"Sim","Sim",NA,"Sim","Sim","","","","","","Delfa","","uuid:bf548e3a-f106-4c0f-9d70-84dc29840eb5"
"02/10/2026","IDSW100535",-25.9230766,32.5462625,48.8,5,"Maputo_provincia","matola","ETAR","Vala_esgoto_VE","Aguas_residuais","Moore_swab","28",8,69,NA,NA,"",NA,NA,NA,"Sim","Sim",NA,"Sim","Sim","","","","","","Delfa","","uuid:8fccb907-ea57-4df4-8aec-ee6abaec633d"
"02/10/2026","IDSW100536",-25.9179802,32.5382359,48.6,4.96,"Maputo_provincia","matola","ETAR","Vala_esgoto_VE","Aguas_residuais","Grag_sample","28",8,69,NA,NA,"",NA,NA,NA,"Sim","Sim",NA,"Sim","Sim","","","","","","Delfa","","uuid:cf3a1e5c-278d-4bb4-ba11-c81aaf0a66a8"
"02/10/2026","IDSW100537",-25.9177271,32.5383387,48.5,4.883,"Maputo Cidade","kamubukwana","ETAR","Entrada_ETAR","Aguas_residuais","Torpidos","28",8,69,NA,NA,"",NA,NA,NA,"Sim","Sim",NA,"Sim","Sim","","","","","","Delfa","","uuid:8f34720b-4e75-42a1-82aa-d0d1f672a1d0"
"02/10/2026","IDSW100538",-25.9177687,32.5383393,48.5,4.9,"Maputo Cidade","kamubukwana","ETAR","Entrada_ETAR","Aguas_residuais","Moore_swab","28",8,69,NA,NA,"",NA,NA,NA,"Sim","Sim",NA,"Sim","Sim","","","Sim","","","Delfa","","uuid:d97db795-1dd3-4f4b-b0cb-792b229b3e06"
"02/10/2026","IDSW100539",-25.9177069,32.5383918,48.5,4.76,"Maputo Cidade","kamubukwana","ETAR","Entrada_ETAR","Aguas_residuais","Grag_sample","28",8,69,NA,NA,"",NA,NA,NA,"Sim","Sim",NA,"Sim","Sim","","","Sim","","","Delfa","","uuid:b22ae9d3-dba6-4974-90da-91d122fa121d"
"02/10/2026","IDSW100540",-25.9177813,32.5383417,48.6,4.84,"Maputo Cidade","kamubukwana","ETAR","Cam_Cistern_CC","Aguas_residuais","Torpidos","28",8,69,NA,NA,"",NA,NA,NA,"Sim","Sim",NA,"Sim","Sim","","","","","","DELFA","","uuid:06cfca71-f21a-4562-8c09-1d28d8243995"
"02/10/2026","IDSW100541",-25.9179582,32.5382241,40.8,4.983,"Maputo Cidade","kamubukwana","ETAR","Cam_Cistern_CC","Aguas_residuais","Moore_swab","28",8,69,NA,NA,"",NA,NA,NA,"Sim","Sim",NA,"Sim","Sim","","","Sim","","","Delfa","","uuid:a3b98461-9ad4-4fde-a192-f4c1d40dca98"
"02/10/2026","IDSW100542",-25.9184612,32.5392054,40.8,4.916,"Maputo Cidade","kamubukwana","ETAR","Cam_Cistern_CC","Aguas_residuais","Grag_sample","28",8,69,NA,NA,"",NA,NA,NA,"Sim","Sim",NA,"Sim","Sim","","","Sim","","","Delfa","","uuid:87c29d04-c1b9-4e1e-b27d-c500e45ceeac"
"02/10/2026","IDSWQ00131",-17.879655,36.8816033,-3.2000002861,3.914,"Zambezia","quelimane","E_frente_Autor_Tributaria","Emissario_EM","Aguas_residuais","Moore_swab","26",8,87,NA,NA,"",NA,NA,NA,"Sim","Sim",NA,"Sim","Sim","","","","","","IDSJC","","uuid:a9e0c053-6a9e-4c4b-a264-b6eccf7a142e"
"02/10/2026","IDSWQ00138",-17.8836333,36.8872467,-3.9000000954,3.266,"Zambezia","quelimane","BRIZA","Emissario_EM","Aguas_residuais","Grag_sample","26",8,87,NA,NA,"",NA,NA,NA,"Sim","Sim",NA,"Sim","Sim","","","","","","IDSJC","","uuid:202b8838-abca-4108-bffd-250929640995"
"02/10/2026","IDSWQ00134",-17.88364,36.8873617,-3.2000002861,3.92,"Zambezia","quelimane","BRIZA","Emissario_EM","Aguas_residuais","Moore_swab","26",8,87,NA,NA,"",NA,NA,NA,"Sim","Sim",NA,"Sim","Sim","","","","","","IDSJC","","uuid:95b25029-4f98-461e-b787-52545319307f"
"02/10/2026","IDSWQ00137",-17.88205,36.8850933,-1.8000000715,2.5,"Zambezia","quelimane","REFEBA","Emissario_EM","Aguas_residuais","Grag_sample","26",8,87,NA,NA,"",NA,NA,NA,"Sim","Sim",NA,"Sim","Sim","","","","","","IDSJC","","uuid:8c7abab1-d360-4e9d-9916-67a29d924897"
"02/10/2026","IDSWQ00133",-17.8813017,36.8841983,-1.8000000715,2.65,"Zambezia","quelimane","REFEBA","Emissario_EM","Aguas_residuais","Moore_swab","26",8,87,NA,NA,"",NA,NA,NA,"Sim","Sim",NA,"Sim","Sim","","","","","","IDSJC","","uuid:3ee9d0be-2280-4a05-8a37-19844b1f9455"
"02/10/2026","IDSWQ00132",-17.880875,36.88353,-2.6000003815,4.116,"Zambezia","quelimane","Piscina_Municipal","Emissario_EM","Aguas_residuais","Moore_swab","26",8,87,NA,NA,"",NA,NA,NA,"Sim","Sim",NA,"Sim","Sim","","","","","","IDSJC","","uuid:5aec4b4a-9437-404d-b1e2-833cf224dcc2"
"02/10/2026","IDSWQ00136",-17.8809183,36.88351,-2.6000003815,2.2,"Zambezia","quelimane","Piscina_Municipal","Emissario_EM","Aguas_residuais","Grag_sample","26",8,87,NA,NA,"",NA,NA,NA,"Sim","Sim",NA,"Sim","Sim","","","","","","IDSJC","","uuid:339a8ee2-8215-4638-a02b-0cc62b4d03be"
"02/10/2026","IDSWQ00135",-17.8796467,36.8816117,-3.2000002861,2.9,"Zambezia","quelimane","E_frente_Autor_Tributaria","Emissario_EM","Aguas_residuais","Grag_sample","26",8,87,NA,NA,"",NA,NA,NA,"Sim","Sim",NA,"Sim","Sim","","","","","","IDSJC","","uuid:80774bf2-4cee-45a5-b682-fb7f5471b590"
"02/17/2026","IDSW100543",-25.9651086,32.6023068,35,4.82,"Maputo Cidade","khampfumo","Presidencia","Emissario_EM","Aguas_residuais","Moore_swab","25",8,64,NA,NA,"",NA,NA,NA,"Sim","Sim",NA,"Sim","Sim","","","Sim","","","Delfa e INOCÊNCIO","","uuid:324c0fc8-127d-4d16-9321-573417b56be4"
"02/17/2026","IDSW100544",-25.9651053,32.6022937,35.1,4.9,"Maputo Cidade","khampfumo","Presidencia","Emissario_EM","Aguas_residuais","Grag_sample","25",8,64,NA,NA,"",NA,NA,NA,"Sim","Sim",NA,"Sim","Sim","","","Sim","","","Delfa e INOCÊNCIO","","uuid:0852e725-1bde-4e62-bdbf-c67b7153c76b"
"02/17/2026","IDSW100545",-25.983785,32.592025,41.9,4.983,"Maputo Cidade","khampfumo","Tempestade","Emissario_EM","Aguas_residuais","Torpidos","25",8,64,NA,NA,"",NA,NA,NA,"Sim","Sim",NA,"Sim","Sim","","","","","","Delfa e INOCÊNCIO","","uuid:4fa7ef7a-6315-46f7-a47b-ba92be03bee9"
"02/17/2026","IDSW100546",-25.9837368,32.5920302,38.8,4.471,"Maputo Cidade","khampfumo","Tempestade","Emissario_EM","Aguas_residuais","Moore_swab","25",8,65,NA,NA,"",NA,NA,NA,"Sim","Sim",NA,"Sim","Sim","","","Sim","","","Delfa e INOCÊNCIO","","uuid:8f7e2389-4a14-4a23-b7ba-36b6489cba38"
"02/17/2026","IDSW100547",-25.9837827,32.5919944,38.8,4.933,"Maputo Cidade","khampfumo","Tempestade","Emissario_EM","Aguas_residuais","Grag_sample","25",8,64,NA,NA,"",NA,NA,NA,"Sim","Sim",NA,"Sim","Sim","","","Sim","","","Delfa e INOCÊNCIO","","uuid:9c5d20f2-e650-4a4d-9746-6f0ecb8ff1fe"
"02/17/2026","IDSW100548",-25.917672,32.5383248,40.5,4.95,"Maputo_provincia","matola","ETAR","Vala_esgoto_VE","Aguas_residuais","Torpidos","25",8,64,NA,NA,"",NA,NA,NA,"Sim","Sim",NA,"Sim","Sim","","","","","","Delfa e INOCÊNCIO","","uuid:33d18211-f1da-4cde-a11f-95efc0a9242d"
"02/17/2026","IDSW100549",-25.9177116,32.538303,40.1,4.56,"Maputo_provincia","matola","ETAR","Vala_esgoto_VE","Aguas_residuais","Moore_swab","25",8,64,NA,NA,"",NA,NA,NA,"Sim","Sim",NA,"Sim","Sim","","","Sim","Nao","","Delfa e INOCÊNCIO","","uuid:9e788844-d48e-4acb-9f85-76fb1d01da27"
"02/17/2026","IDSW100550",-25.9177365,32.5382938,40,4.82,"Maputo_provincia","matola","ETAR","Vala_esgoto_VE","Aguas_residuais","Grag_sample","25",8,64,NA,NA,"",NA,NA,NA,"Sim","Sim",NA,"Sim","Sim","","","Sim","","","Delfa e INOCÊNCIO","","uuid:a669faae-0c4c-413d-a06c-85af7ee0d765"
"02/17/2026","IDSW100551",-25.9183175,32.5393078,40.4,4.65,"Maputo Cidade","kamubukwana","ETAR","Entrada_ETAR","Aguas_residuais","Torpidos","25",8,68,NA,NA,"",NA,NA,NA,"Sim","Sim",NA,"Sim","Sim","","","","","","Delfa e INOCÊNCIO","","uuid:a7ba0788-d63f-46f9-abf7-bc97f6e800fb"
"02/17/2026","IDSW100552",-25.9184266,32.5392521,39.9,4.785,"Maputo Cidade","kamubukwana","ETAR","Entrada_ETAR","Aguas_residuais","Moore_swab","25",8,68,NA,NA,"",NA,NA,NA,"Sim","Sim",NA,"Sim","Sim","","","Sim","","","Delfa e INOCÊNCIO","","uuid:c1a5135a-e9b7-495d-a5d3-67f313d5804d"
"02/17/2026","IDSW100553",-25.9185125,32.5391832,39.4,4.333,"Maputo Cidade","kamubukwana","ETAR","Entrada_ETAR","Aguas_residuais","Grag_sample","25",8,68,NA,NA,"",NA,NA,NA,"Sim","Sim",NA,"Sim","Sim","","","Sim","","","Delfa e INOCÊNCIO","","uuid:c7162a80-c403-48b6-8a1e-a052d1da767d"
"02/17/2026","IDSW100554",-25.9181718,32.5390288,40.1,4.785,"Maputo Cidade","kamubukwana","ETAR","Cam_Cistern_CC","Aguas_residuais","Torpidos","25",8,68,NA,NA,"",NA,NA,NA,"Sim","Sim",NA,"Sim","Sim","","","","","","Delfa e INOCÊNCIO","","uuid:e2a469b9-2f3c-40dd-abcb-b2bd8269e9a1"
"02/17/2026","IDSW100555",-25.9182593,32.5389739,40.6,4.575,"Maputo Cidade","kamubukwana","ETAR","Cam_Cistern_CC","Aguas_residuais","Moore_swab","25",8,68,NA,NA,"",NA,NA,NA,"Sim","Sim",NA,"Sim","Sim","","","Sim","","","Delfa e INOCÊNCIO","","uuid:d1c0f7fb-0791-42c0-a21d-3f8a2603de91"
"02/17/2026","IDSW100556",-25.9185715,32.5389254,41.3,4.714,"Maputo Cidade","kamubukwana","ETAR","Cam_Cistern_CC","Aguas_residuais","Grag_sample","25",8,68,NA,NA,"",NA,NA,NA,"Sim","Sim",NA,"Sim","Sim","","","Sim","","","Delfa e INOCÊNCIO","","uuid:bbe517cc-b344-4c81-aca9-87070c143086"
"02/19/2026","IDSWQ00143",-17.883569,36.8873329,-3.9000000954,3.277,"Zambezia","quelimane","BRIZA","Emissario_EM","Aguas_residuais","Grag_sample","31",8,87,NA,NA,"",NA,NA,NA,"Sim","Sim",NA,"Sim","Sim","","","","","","IDSJC","","uuid:8433f8f6-e450-41e8-ac7c-690fa9318ffc"
"02/19/2026","IDSWQ00139",-17.8835832,36.8873332,-2.6000003815,2.85,"Zambezia","quelimane","BRIZA","Emissario_EM","Aguas_residuais","Moore_swab","31",8,87,NA,NA,"",NA,NA,NA,"Sim","Sim",NA,"Sim","Sim","","","","","","IDSJC","","uuid:bd9288cf-5cf4-4721-b2df-69b8941557f8"
"02/19/2026","IDSWQ00140",-17.8819683,36.8850445,-2.6000003815,4.443,"Zambezia","quelimane","REFEBA","Emissario_EM","Aguas_residuais","Moore_swab","31",8,86,NA,NA,"",NA,NA,NA,"Sim","Sim",NA,"Sim","Sim","","","","","","IDSJC","","uuid:49819c86-17fb-4b46-a185-02e403b016c3"
"02/19/2026","IDSWQ00144",-17.8819959,36.8850878,-2.6000003815,2.587,"Zambezia","quelimane","REFEBA","Emissario_EM","Aguas_residuais","Grag_sample","31",8,86,NA,NA,"",NA,NA,NA,"Sim","Sim",NA,"Sim","Sim","","","","","","IDSJC","","uuid:dfc55d62-07e4-46aa-adc3-401612eaf7eb"
"02/19/2026","IDSWQ00141",-17.8809084,36.8835455,-0.2999999821,4.175,"Zambezia","quelimane","Piscina_Municipal","Emissario_EM","Aguas_residuais","Moore_swab","31",8,86,NA,NA,"",NA,NA,NA,"Sim","Sim",NA,"Sim","Sim","","","","","","IDSJC","","uuid:657170a7-8bcd-4385-85d7-b048c9986bf7"
"02/19/2026","IDSWQ00145",-17.8809185,36.8835499,-0.2999999821,2.375,"Zambezia","quelimane","Piscina_Municipal","Emissario_EM","Aguas_residuais","Grag_sample","31",8,86,NA,NA,"",NA,NA,NA,"Sim","Sim",NA,"Sim","Sim","","","","","","IDSJC","","uuid:bea4afe7-6936-455f-a361-b9dd0b870450"
"02/19/2026","IDSWQ00142",-17.879651,36.88169,-2.1000001431,4.05,"Zambezia","quelimane","E_frente_Autor_Tributaria","Emissario_EM","Aguas_residuais","Moore_swab","31",8,85,NA,NA,"",NA,NA,NA,"Sim","Sim",NA,"Sim","Sim","","","","","","IDSJC","","uuid:d7dd1dfd-63cc-4cbf-b67d-85d5179804ab"
"02/19/2026","IDSWQ00146",-17.8796824,36.8816717,-1.6999999285,3.7,"Zambezia","quelimane","E_frente_Autor_Tributaria","Emissario_EM","Aguas_residuais","Grag_sample","31",8,86,NA,NA,"",NA,NA,NA,"Sim","Sim",NA,"Sim","Sim","","","","","","IDSJC","","uuid:d0cdfd8c-c92b-4e16-ab3b-c4f100ee5974"
"02/24/2026","IDSW100557",-25.917757,32.5382879,37,4.9,"Maputo_provincia","matola","ETAR","Vala_esgoto_VE","Aguas_residuais","Torpidos","23",40,70,NA,NA,"",NA,NA,NA,"Sim","Sim",NA,"Sim","Sim","","","Nao","","","INOCÊNCIO","","uuid:ba8e678b-1cdf-432e-a6d6-8e51efa51242"
"02/24/2026","IDSW100558",-25.9177448,32.5382772,37.9,4.7,"Maputo_provincia","matola","Presidencia","Vala_esgoto_VE","Aguas_residuais","Moore_swab","23",40,70,NA,NA,"",NA,NA,NA,"Sim","Sim",NA,"Sim","Sim","","","Sim","","","INOCÊNCIO","","uuid:88978026-0698-4077-bd66-35ad0f00645d"
"02/24/2026","IDSW100559",-25.9176901,32.5382998,38,4.866,"Maputo_provincia","matola","ETAR","Vala_esgoto_VE","Aguas_residuais","Grag_sample","23",40,70,NA,NA,"",NA,NA,NA,"Sim","Sim",NA,"Sim","Sim","","","Sim","","","INOCÊNCIO","","uuid:5e69a155-570f-4ac1-9997-13a552957f71"
"02/24/2026","IDSW100560",-25.9184139,32.5392387,34.8,4.96,"Maputo Cidade","kamubukwana","ETAR","Entrada_ETAR","Aguas_residuais","Torpidos","23",40,70,NA,NA,"",NA,NA,NA,"Sim","Sim",NA,"Sim","Sim","","","Nao","","","INOCÊNCIO","","uuid:7fc6e262-2c6d-4fb8-8665-f87e20042704"
"02/24/2026","IDSW100561",-25.9184124,32.5392466,34.7,4.62,"Maputo Cidade","kamubukwana","ETAR","Entrada_ETAR","Aguas_residuais","Moore_swab","23",40,70,NA,NA,"",NA,NA,NA,"Sim","Sim",NA,"Sim","Sim","","","Sim","","","INOCÊNCIO","","uuid:e02663aa-ea13-454d-8244-3a7e65e5324d"
"02/24/2026","IDSW100562",-25.9183942,32.5392412,34.7,4.92,"Maputo Cidade","kamubukwana","ETAR","Entrada_ETAR","Aguas_residuais","Grag_sample","23",40,70,NA,NA,"",NA,NA,NA,"Sim","Sim",NA,"Sim","Sim","","","Sim","","","INOCÊNCIO","","uuid:172b9442-637c-4b2b-a795-abf71cabbbe2"
"02/24/2026","IDSW100563",-25.9182846,32.5389475,42,4.8,"Maputo Cidade","kamubukwana","ETAR","Cam_Cistern_CC","Aguas_residuais","Torpidos","23",40,70,NA,NA,"",NA,NA,NA,"Sim","Sim",NA,"Sim","Sim","","","","","","INOCÊNCIO","","uuid:6b4bb133-a2f3-4a03-8560-d83ca0b1fa0c"
"02/24/2026","IDSW100564",-25.9182919,32.5389298,42.5,4.8,"Maputo Cidade","kamubukwana","ETAR","Cam_Cistern_CC","Aguas_residuais","Moore_swab","23",40,70,NA,NA,"",NA,NA,NA,"Sim","Sim",NA,"Sim","Sim","","","Sim","","","INOCÊNCIO","","uuid:537e0fe1-ae7d-402f-b380-5fcefe3e599c"
"02/24/2026","IDSW100565",-25.9183052,32.5389343,42.5,4.866,"Maputo Cidade","kamubukwana","ETAR","Cam_Cistern_CC","Aguas_residuais","Grag_sample","23",40,70,NA,NA,"",NA,NA,NA,"Sim","Sim",NA,"Sim","Sim","","","Sim","","","INOCÊNCIO","","uuid:caa2ed40-405b-4159-9e8e-94873a293993"
"02/24/2026","IDSW100566",-25.9838167,32.5919814,34.9,4.58,"Maputo Cidade","khampfumo","Tempestade","Emissario_EM","Aguas_residuais","Torpidos","29",40,61,NA,NA,"",NA,NA,NA,"Sim","Sim",NA,"Sim","Sim","","","","","","INOCÊNCIO","","uuid:34d0a398-c7e5-457d-8cb4-02f3aeb9aa45"
"02/24/2026","IDSW100567",-25.98381,32.5920088,35,4.96,"Maputo Cidade","khampfumo","Tempestade","Emissario_EM","Aguas_residuais","Moore_swab","29",40,61,NA,NA,"",NA,NA,NA,"Sim","Sim",NA,"Sim","Sim","","","Sim","","","INOCÊNCIO","","uuid:9ee6b139-0b0f-4dc3-8003-eed93b47f208"
"02/24/2026","IDSW100568",-25.9837762,32.5919774,35.1,4.82,"Maputo Cidade","khampfumo","Tempestade","Emissario_EM","Aguas_residuais","Grag_sample","29",40,61,NA,NA,"",NA,NA,NA,"Sim","Sim",NA,"Sim","Sim","","","Sim","","","INOCÊNCIO","","uuid:37627050-f790-425f-967d-397448495e88"
"02/24/2026","IDSW100569",-25.9651097,32.6022931,35.9,4.96,"Maputo Cidade","khampfumo","Presidencia","Emissario_EM","Aguas_residuais","Grag_sample","29",40,61,NA,NA,"",NA,NA,NA,"Sim","Sim",NA,"Sim","Sim","","","Sim","","","INOCÊNCIO","","uuid:16e29ace-605b-4f0a-86bf-9f1b80674d6c"
