"ID","bairro_geo","AREA","PERIMETER","CODIGO","total_testados","positivos_influenza","positivos_sarscov2","geometry","classe_testados"
1,"1 maio",9.656069400742,12510.468534885,2,0,0,NA,list(c(32.533964, 32.505318, 32.50265, 32.505766, 32.519059, 32.526665, 32.543966, 32.546957, 32.544123, 32.538455, 32.533964, -25.851551, -25.837491, -25.836182, -25.833967, -25.824516, -25.819105, -25.817835, -25.830306, -25.8381, -25.845044, -25.851551)),"1 - 25"
3,"25 de junho a",1.9079406370174,9510.2823962059,1,0,0,NA,list(c(32.547713, 32.547798, 32.547854, 32.547967, 32.548038, 32.548137, 32.548207, 32.54825, 32.54832, 32.548419, 32.54849, 32.548561, 32.548631, 32.548674, 32.548702, 32.548744, 32.548801, 32.548844, 32.548886, 32.548915, 32.548943, 32.549, 32.549028, 32.549057, 32.549086, 32.549128, 32.549143, 32.549157, 32.549172, 32.549201, 32.549243, 32.549314, 32.549357, 32.549399, 32.549498, 32.549569, 32.549583, 32.549668, 32.549724, 32.549767, 32.549838, 32.549866, 32.549937, 32.550021, 32.550106, 32.550162, 
32.550191, 32.550233, 32.550331, 32.550374, 32.550416, 32.550458, 32.550501, 32.550557, 32.550571, 32.550628, 32.55067, 32.55074, 32.550783, 32.550867, 32.551008, 32.551051, 32.551093, 32.551149, 32.551191, 32.551262, 32.551304, 32.551346, 32.551417, 32.551445, 32.551473, 32.551544, 32.551544, 32.551545, 32.551531, 32.551574, 32.551588, 32.551616, 32.551687, 32.551715, 32.551772, 32.551786, 32.551829, 32.551829, 32.551872, 32.551858, 32.551942, 32.551999, 32.552027, 32.552055, 32.552183, 32.552197, 
32.552281, 32.552352, 32.552366, 32.55238, 32.552408, 32.552437, 32.552479, 32.55255, 32.55255, 32.552564, 32.552565, 32.552635, 32.552677, 32.55272, 32.552776, 32.552847, 32.552904, 32.552918, 32.552947, 32.553017, 32.553088, 32.55313, 32.553243, 32.553272, 32.553328, 32.553441, 32.55354, 32.553682, 32.553837, 32.553993, 32.554049, 32.554162, 32.554261, 32.554275, 32.554388, 32.554487, 32.554544, 32.554601, 32.554643, 32.554727, 32.55477, 32.554812, 32.554841, 32.554897, 32.554926, 32.554968, 32.555025, 
32.55504, 32.555152, 32.555629, 32.555882, 32.556219, 32.556669, 32.556907, 32.557006, 32.557118, 32.557371, 32.557483, 32.557539, 32.557595, 32.557651, 32.557943, 32.558055, 32.558194, 32.558334, 32.558334, 32.55832, 32.558319, 32.559188, 32.559664, 32.56, 32.560393, 32.560981, 32.5622, 32.563461, 32.563601, 32.564427, 32.565044, 32.565324, 32.565408, 32.5655, 32.565562, 32.565617, 32.565531, 32.565409, 32.563043, 32.562988, 32.562791, 32.562469, 32.56188, 32.561263, 32.560295, 32.559917, 32.559763, 
32.559664, 32.559552, 32.55944, 32.55937, 32.559244, 32.559202, 32.559075, 32.558963, 32.558879, 32.558753, 32.558641, 32.558361, 32.558094, 32.557842, 32.557562, 32.557071, 32.556886, 32.55674, 32.556644, 32.556513, 32.556425, 32.556322, 32.555986, 32.555751, 32.555512, 32.555448, 32.555396, 32.555324, 32.555235, 32.555163, 32.555095, 32.555025, 32.55494, 32.554444, 32.553823, 32.553506, 32.553255, 32.552837, 32.551388, 32.550949, 32.550492, 32.549891, 32.549241, 32.547713, -25.912979, -25.912817, 
-25.912754, -25.912587, -25.912474, -25.912321, -25.912222, -25.912168, -25.912042, -25.911889, -25.911776, -25.911663, -25.911573, -25.911497, -25.911461, -25.911397, -25.911244, -25.911091, -25.910951, -25.910838, -25.910748, -25.910622, -25.910509, -25.910383, -25.910193, -25.910053, -25.909949, -25.90985, -25.90971, -25.909516, -25.90934, -25.909228, -25.909101, -25.909011, -25.908835, -25.908732, -25.908669, -25.908515, -25.908389, -25.908227, -25.9081, -25.908024, -25.907893, -25.907808, -25.907718, 
-25.907668, -25.907627, -25.907592, -25.907515, -25.907479, -25.907439, -25.907362, -25.907312, -25.907263, -25.9072, -25.907173, -25.907137, -25.90702, -25.90697, -25.906871, -25.906704, -25.906628, -25.906605, -25.906592, -25.906579, -25.906543, -25.906502, -25.906466, -25.906403, -25.906349, -25.906313, -25.906223, -25.906097, -25.905907, -25.90583, -25.90574, -25.905668, -25.9056, -25.905474, -25.905375, -25.905235, -25.905145, -25.905082, -25.905005, -25.904906, -25.904865, -25.90478, -25.904703, 
-25.904626, -25.904577, -25.904333, -25.904297, -25.90427, -25.904207, -25.904171, -25.904131, -25.904045, -25.904004, -25.903892, -25.903788, -25.903711, -25.903626, -25.903585, -25.903508, -25.903445, -25.903409, -25.903256, -25.90308, -25.902977, -25.902891, -25.902814, -25.90271, -25.902611, -25.902521, -25.902305, -25.902228, -25.902192, -25.901976, -25.901814, -25.901521, -25.901241, -25.900962, -25.900786, -25.900606, -25.900479, -25.900416, -25.900254, -25.900051, -25.89992, -25.899794, -25.899718, 
-25.899646, -25.899583, -25.899465, -25.899366, -25.899289, -25.899186, -25.899046, -25.898933, -25.898852, -25.898744, -25.898732, -25.898719, -25.898698, -25.898658, -25.898659, -25.898659, -25.898646, -25.898647, -25.898638, -25.898638, -25.898661, -25.898752, -25.899538, -25.899678, -25.899859, -25.900049, -25.900099, -25.900189, -25.900253, -25.900747, -25.901029, -25.901233, -25.901478, -25.901823, -25.902535, -25.903239, -25.903352, -25.903851, -25.904219, -25.904387, -25.904437, -25.904523, 
-25.904667, -25.904844, -25.9093, -25.913621, -25.913636, -25.913522, -25.913472, -25.913345, -25.913126, -25.912881, -25.912535, -25.912371, -25.912357, -25.912343, -25.912293, -25.912266, -25.912256, -25.912202, -25.912193, -25.912138, -25.912061, -25.912011, -25.91192, -25.911884, -25.911743, -25.911643, -25.911538, -25.911425, -25.911234, -25.911201, -25.91121, -25.911237, -25.911286, -25.911358, -25.911471, -25.911939, -25.912272, -25.912597, -25.912601, -25.912596, -25.912542, -25.912451, -25.912393, 
-25.912392, -25.912392, -25.912405, -25.912508, -25.912641, -25.912717, -25.91277, -25.912868, -25.913185, -25.913255, -25.913376, -25.913523, -25.913675, -25.912979), c(32.547713, 32.549241, 32.549891, 32.550492, 32.550949, 32.551388, 32.552837, 32.553255, 32.553506, 32.553823, 32.554444, 32.55494, 32.555025, 32.555095, 32.555163, 32.555235, 32.555324, 32.555396, 32.555448, 32.555512, 32.555751, 32.555986, 32.556322, 32.556425, 32.556513, 32.556644, 32.55674, 32.556886, 32.557071, 32.557562, 32.557842, 
32.558094, 32.558361, 32.558641, 32.558753, 32.558879, 32.558963, 32.559075, 32.559202, 32.559244, 32.55937, 32.55944, 32.559552, 32.559664, 32.559763, 32.559917, 32.560295, 32.561263, 32.56188, 32.562469, 32.562791, 32.562988, 32.563043, 32.562988, 32.562791, 32.562469, 32.56188, 32.561263, 32.560295, 32.559917, 32.559763, 32.559664, 32.559552, 32.55944, 32.55937, 32.559244, 32.559202, 32.559075, 32.558963, 32.558879, 32.558753, 32.558641, 32.558361, 32.558094, 32.557842, 32.557562, 32.557071, 32.556886, 
32.55674, 32.556644, 32.556513, 32.556425, 32.556322, 32.555986, 32.555751, 32.555512, 32.555448, 32.555396, 32.555324, 32.555235, 32.555163, 32.555095, 32.555025, 32.55494, 32.554444, 32.553823, 32.553506, 32.553255, 32.552837, 32.551388, 32.550949, 32.550492, 32.549891, 32.549241, 32.547713, -25.912979, -25.913675, -25.913523, -25.913376, -25.913255, -25.913185, -25.912868, -25.91277, -25.912717, -25.912641, -25.912508, -25.912405, -25.912392, -25.912392, -25.912393, -25.912451, -25.912542, -25.912596, 
-25.912601, -25.912597, -25.912272, -25.911939, -25.911471, -25.911358, -25.911286, -25.911237, -25.91121, -25.911201, -25.911234, -25.911425, -25.911538, -25.911643, -25.911743, -25.911884, -25.91192, -25.912011, -25.912061, -25.912138, -25.912193, -25.912202, -25.912256, -25.912266, -25.912293, -25.912343, -25.912357, -25.912371, -25.912535, -25.912881, -25.913126, -25.913345, -25.913472, -25.913522, -25.913636, -25.913522, -25.913472, -25.913345, -25.913126, -25.912881, -25.912535, -25.912371, 
-25.912357, -25.912343, -25.912293, -25.912266, -25.912256, -25.912202, -25.912193, -25.912138, -25.912061, -25.912011, -25.91192, -25.911884, -25.911743, -25.911643, -25.911538, -25.911425, -25.911234, -25.911201, -25.91121, -25.911237, -25.911286, -25.911358, -25.911471, -25.911939, -25.912272, -25.912597, -25.912601, -25.912596, -25.912542, -25.912451, -25.912393, -25.912392, -25.912392, -25.912405, -25.912508, -25.912641, -25.912717, -25.91277, -25.912868, -25.913185, -25.913255, -25.913376, 
-25.913523, -25.913675, -25.912979)),"1 - 25"
2,"25 de junho b",1.6086342527534,5355.8652351499,1,0,0,NA,list(c(32.580165, 32.579527, 32.578677, 32.577317, 32.576812, 32.570038, 32.565779, 32.565388, 32.565391, 32.565409, 32.565531, 32.565617, 32.565562, 32.5655, 32.565534, 32.565368, 32.565215, 32.565216, 32.5653, 32.565468, 32.566016, 32.566549, 32.566788, 32.566844, 32.5669, 32.567154, 32.567421, 32.567548, 32.567618, 32.567745, 32.567872, 32.568266, 32.568448, 32.568589, 32.5688, 32.569025, 32.569123, 32.569207, 32.569278, 32.569376, 32.569461, 32.569517, 32.569587, 32.5697, 32.569812, 32.569882, 
32.569981, 32.570093, 32.570192, 32.570248, 32.570332, 32.570389, 32.570445, 32.570459, 32.57046, 32.570474, 32.570517, 32.570559, 32.57063, 32.570658, 32.570687, 32.570701, 32.570729, 32.570758, 32.570968, 32.571109, 32.571249, 32.572021, 32.57219, 32.57233, 32.572428, 32.572583, 32.572709, 32.572779, 32.572878, 32.572948, 32.573032, 32.573088, 32.573159, 32.573341, 32.573917, 32.574099, 32.574198, 32.574254, 32.574394, 32.574815, 32.577231, 32.578087, 32.580165, -25.900177, -25.901878, -25.903993, 
-25.907596, -25.911302, -25.913101, -25.914204, -25.914296, -25.914252, -25.913621, -25.9093, -25.904844, -25.904667, -25.904523, -25.9045, -25.903827, -25.903384, -25.903307, -25.903308, -25.903322, -25.903323, -25.903348, -25.903348, -25.903312, -25.903276, -25.903137, -25.902971, -25.902845, -25.902768, -25.902642, -25.902579, -25.9024, -25.902301, -25.902266, -25.902226, -25.902149, -25.902127, -25.9021, -25.902064, -25.901997, -25.901948, -25.901898, -25.901871, -25.901822, -25.901759, -25.901746, 
-25.901696, -25.90166, -25.901607, -25.901584, -25.901544, -25.901521, -25.901458, -25.901404, -25.901318, -25.901165, -25.901025, -25.900935, -25.900782, -25.900696, -25.900655, -25.90057, -25.900493, -25.900443, -25.90043, -25.900417, -25.900418, -25.90042, -25.900448, -25.900457, -25.900457, -25.900435, -25.900436, -25.900422, -25.900423, -25.900423, -25.900423, -25.90041, -25.90041, -25.900383, -25.900385, -25.900363, -25.900363, -25.90035, -25.900337, -25.900352, -25.900192, -25.900194, -25.900177
)),"1 - 25"
4,"3 de fevereiro",2.2158328697869,6680.9950323943,1,3,0,0,list(c(32.604516, 32.60534, 32.605532, 32.607384, 32.608295, 32.610105, 32.61061, 32.611311, 32.611844, 32.612517, 32.612812, 32.612952, 32.613331, 32.61406, 32.614621, 32.615505, 32.61608, 32.616908, 32.618339, 32.619349, 32.619573, 32.620359, 32.620639, 32.62099, 32.622463, 32.623781, 32.624244, 32.628084, 32.625648, 32.625522, 32.622716, 32.622366, 32.621496, 32.618914, 32.618774, 32.617498, 32.617147, 32.617119, 32.617063, 32.61681, 32.616642, 32.616586, 32.616502, 32.615576, 32.615281, 32.614874, 
32.614524, 32.614327, 32.614159, 32.614004, 32.613752, 32.613289, 32.612714, 32.612209, 32.611774, 32.611115, 32.610203, 32.609039, 32.607776, 32.606738, 32.606121, 32.60556, 32.605251, 32.604648, 32.604339, 32.603932, 32.603582, 32.603301, 32.603147, 32.602867, 32.602628, 32.60246, 32.602743, 32.602941, 32.603069, 32.603211, 32.60341, 32.603552, 32.603681, 32.603937, 32.60408, 32.604152, 32.60435, 32.604516, -25.883938, -25.883877, -25.883932, -25.884379, -25.884625, -25.885023, -25.885151, -25.885306, 
-25.885421, -25.885576, -25.885653, -25.88569, -25.885768, -25.885946, -25.886074, -25.886279, -25.886412, -25.886603, -25.886923, -25.887156, -25.887206, -25.887385, -25.887449, -25.88754, -25.887887, -25.888197, -25.888284, -25.889107, -25.8973, -25.897268, -25.896533, -25.89642, -25.896214, -25.895612, -25.895561, -25.895265, -25.895214, -25.895173, -25.895151, -25.895096, -25.895059, -25.895059, -25.895072, -25.89484, -25.894762, -25.894662, -25.894598, -25.89457, -25.89457, -25.894533, -25.894456, 
-25.894328, -25.894209, -25.894068, -25.89394, -25.893785, -25.893579, -25.893323, -25.893017, -25.892798, -25.892656, -25.892542, -25.892451, -25.892295, -25.892231, -25.89214, -25.892053, -25.891989, -25.891948, -25.891898, -25.89187, -25.891847, -25.891121, -25.890553, -25.890147, -25.889628, -25.888965, -25.888333, -25.887647, -25.886519, -25.88582, -25.88545, -25.884741, -25.883938)),"1 - 25"
5,"abel jafar",7.4586317717169,11457.548191046,1,7,0,0,list(c(32.636442, 32.636565, 32.636972, 32.641707, 32.645785, 32.647759, 32.65, 32.651975, 32.653683, 32.65552, 32.657357, 32.658282, 32.659474, 32.660122, 32.659786, 32.650949, 32.648775, 32.647514, 32.628452, 32.628474, 32.628511, 32.630646, 32.634213, 32.632319, 32.633946, 32.636442, -25.781554, -25.781234, -25.779406, -25.781093, -25.782412, -25.783727, -25.784685, -25.785638, -25.786594, -25.786955, -25.787086, -25.787332, -25.787448, -25.787761, -25.788645, -25.807899, -25.812363, -25.815042, 
-25.810037, -25.809974, -25.809924, -25.804435, -25.794082, -25.792578, -25.78804, -25.781554)),"1 - 25"
6,"acordos de lusaka",2.5729512161957,6756.569955291,2,0,0,NA,list(c(32.538582, 32.53866, 32.540104, 32.540411, 32.540834, 32.541191, 32.534782, 32.53372, 32.529603, 32.52524, 32.525171, 32.525275, 32.525441, 32.525589, 32.525777, 32.525914, 32.525927, 32.525844, 32.525668, 32.524939, 32.522819, 32.521569, 32.521108, 32.520708, 32.520492, 32.520212, 32.520128, 32.520133, 32.520079, 32.519884, 32.519887, 32.52003, 32.519933, 32.520091, 32.520193, 32.520197, 32.520113, 32.532214, 32.533221, 32.535775, 32.538582, -25.903221, -25.903216, -25.904801, -25.90538, 
-25.906099, -25.908742, -25.915317, -25.914632, -25.918714, -25.921287, -25.921228, -25.921156, -25.921053, -25.920873, -25.920544, -25.92016, -25.919623, -25.919257, -25.918945, -25.917967, -25.915996, -25.914913, -25.914383, -25.913876, -25.913546, -25.913089, -25.912728, -25.912005, -25.911409, -25.911002, -25.910316, -25.909721, -25.909354, -25.908529, -25.907437, -25.906434, -25.905964, -25.904252, -25.90389, -25.903582, -25.903221)),"1 - 25"
7,"aeroporto",6.7231040656842,16299.236237404,1,8,1,0,list(c(32.59496, 32.596812, 32.596097, 32.598146, 32.595464, 32.592838, 32.591934, 32.591483, 32.589633, 32.588715, 32.587119, 32.587379, 32.58798, 32.588034, 32.586707, 32.58514, 32.585181, 32.58532, 32.585751, 32.586348, 32.586375, 32.586375, 32.586388, 32.586403, 32.586625, 32.586763, 32.586847, 32.586916, 32.586958, 32.586985, 32.586985, 32.586914, 32.586816, 32.586689, 32.58659, 32.586492, 32.586113, 32.585846, 32.585439, 32.585045, 32.584231, 32.583275, 32.582686, 32.582321, 32.582138, 32.582025, 
32.581617, 32.581336, 32.580928, 32.580533, 32.579675, 32.579632, 32.579577, 32.578607, 32.5782, 32.577751, 32.577526, 32.577442, 32.577329, 32.577217, 32.577089, 32.576454, 32.576411, 32.576398, 32.576397, 32.576411, 32.576453, 32.576523, 32.577532, 32.577589, 32.577631, 32.577686, 32.577714, 32.577743, 32.577742, 32.577742, 32.577445, 32.57722, 32.577164, 32.577079, 32.576967, 32.575818, 32.575762, 32.575705, 32.574307, 32.57425, 32.574221, 32.574165, 32.573952, 32.573979, 32.57412, 32.566472, 
32.565501, 32.565307, 32.565176, 32.56512, 32.565049, 32.564989, 32.564809, 32.564783, 32.564709, 32.56444, 32.564353, 32.564224, 32.56411, 32.56395, 32.563762, 32.563655, 32.563555, 32.56343, 32.563152, 32.562853, 32.562708, 32.562562, 32.562466, 32.562374, 32.562324, 32.562208, 32.562184, 32.562159, 32.562159, 32.562192, 32.562195, 32.562204, 32.562217, 32.562233, 32.562254, 32.562258, 32.562267, 32.56225, 32.562166, 32.562089, 32.562009, 32.561935, 32.561836, 32.561786, 32.561738, 32.561671, 32.561603, 
32.561559, 32.561511, 32.561408, 32.561363, 32.561286, 32.561251, 32.561212, 32.561102, 32.560943, 32.560878, 32.56078, 32.560735, 32.560651, 32.560597, 32.560567, 32.560548, 32.560524, 32.560518, 32.560518, 32.560519, 32.560527, 32.560541, 32.56057, 32.560607, 32.560703, 32.560769, 32.560831, 32.560895, 32.56097, 32.561034, 32.561083, 32.561163, 32.561196, 32.561223, 32.561227, 32.561227, 32.561256, 32.561355, 32.561397, 32.561426, 32.561468, 32.561517, 32.561526, 32.561522, 32.561516, 32.561507, 
32.561476, 32.561663, 32.56258, 32.563538, 32.564285, 32.564737, 32.564991, 32.565189, 32.565246, 32.565303, 32.565333, 32.565334, 32.565352, 32.565382, 32.565385, 32.565388, 32.565779, 32.570038, 32.576812, 32.577317, 32.578677, 32.579527, 32.580165, 32.580576, 32.582806, 32.582951, 32.58299, 32.583047, 32.583159, 32.5833, 32.583442, 32.583639, 32.584006, 32.584458, 32.58467, 32.586435, 32.587324, 32.587423, 32.588787, 32.589018, 32.589795, 32.593613, 32.593656, 32.593671, 32.593744, 32.593845, 
32.593932, 32.594521, 32.59496, -25.880512, -25.881221, -25.884411, -25.884674, -25.889123, -25.893446, -25.894888, -25.895636, -25.898706, -25.900252, -25.902875, -25.904808, -25.909632, -25.910232, -25.912283, -25.914793, -25.915114, -25.915557, -25.916876, -25.918747, -25.918973, -25.919041, -25.919126, -25.91919, -25.919904, -25.92031, -25.920527, -25.920753, -25.92092, -25.921074, -25.9212, -25.921349, -25.921489, -25.921642, -25.921719, -25.921732, -25.921731, -25.921743, -25.921765, -25.921791, 
-25.921852, -25.921926, -25.92196, -25.921986, -25.922035, -25.922085, -25.9223, -25.922466, -25.922745, -25.922997, -25.923577, -25.923604, -25.923617, -25.923664, -25.923676, -25.923698, -25.923711, -25.923724, -25.923751, -25.923813, -25.923989, -25.92503, -25.925093, -25.925143, -25.925193, -25.925247, -25.925283, -25.925319, -25.925819, -25.925846, -25.925869, -25.925923, -25.92596, -25.926009, -25.926072, -25.926199, -25.926771, -25.926848, -25.926861, -25.926861, -25.926806, -25.926234, -25.926247, 
-25.92627, -25.928541, -25.928681, -25.928821, -25.929087, -25.929655, -25.929922, -25.930342, -25.932396, -25.932655, -25.932081, -25.931697, -25.931498, -25.931268, -25.931064, -25.930527, -25.930486, -25.930477, -25.930548, -25.930566, -25.930588, -25.930619, -25.93065, -25.930677, -25.93069, -25.930708, -25.930744, -25.930824, -25.930886, -25.930936, -25.930971, -25.93098, -25.930975, -25.930975, -25.930934, -25.930871, -25.930789, -25.930722, -25.930555, -25.930455, -25.930343, -25.930225, -25.930067, 
-25.929873, -25.929801, -25.929706, -25.929625, -25.929444, -25.929381, -25.929349, -25.929317, -25.929285, -25.929262, -25.929253, -25.929248, -25.929244, -25.929248, -25.929252, -25.929266, -25.929261, -25.929234, -25.92917, -25.929093, -25.928705, -25.928226, -25.928018, -25.92781, -25.927656, -25.927331, -25.927182, -25.927064, -25.926929, -25.926753, -25.926635, -25.926586, -25.926536, -25.9265, -25.926437, -25.926315, -25.926189, -25.925787, -25.925566, -25.925331, -25.925115, -25.924867, -25.924682, 
-25.92451, -25.924217, -25.924095, -25.924005, -25.923965, -25.923897, -25.923757, -25.923514, -25.923369, -25.923279, -25.923094, -25.922868, -25.922769, -25.922697, -25.922634, -25.922579, -25.922552, -25.922345, -25.921368, -25.920319, -25.919531, -25.919027, -25.918635, -25.918229, -25.917963, -25.917629, -25.917286, -25.916893, -25.915855, -25.915232, -25.914406, -25.914296, -25.914204, -25.913101, -25.911302, -25.907596, -25.903993, -25.901878, -25.900177, -25.899176, -25.895589, -25.895346, 
-25.895282, -25.895183, -25.89503, -25.8948, -25.894561, -25.894255, -25.89366, -25.892912, -25.892596, -25.889743, -25.888261, -25.888107, -25.885876, -25.885498, -25.884154, -25.884228, -25.884039, -25.883696, -25.882919, -25.882148, -25.881344, -25.881513, -25.880512)),"1 - 25"
8,"aeroporto a",0.89203147764008,4038.358290768,1,0,0,NA,list(c(32.57412, 32.574715, 32.575356, 32.575515, 32.575545, 32.575518, 32.575477, 32.575417, 32.57537, 32.575275, 32.575188, 32.575144, 32.575088, 32.575044, 32.574988, 32.574937, 32.574861, 32.574763, 32.574692, 32.574645, 32.574589, 32.574527, 32.574449, 32.574402, 32.574272, 32.574181, 32.574113, 32.574027, 32.573851, 32.573719, 32.573585, 32.57344, 32.573264, 32.573169, 32.573094, 32.573049, 32.572709, 32.572437, 32.572132, 32.571895, 32.571581, 32.571182, 32.570747, 32.56993, 32.567082, 32.567059, 
32.566826, 32.567469, 32.567529, 32.567574, 32.567586, 32.567558, 32.567547, 32.567506, 32.567524, 32.567562, 32.567593, 32.567676, 32.56774, 32.567799, 32.56792, 32.567927, 32.567895, 32.567878, 32.567856, 32.567852, 32.567885, 32.567929, 32.567912, 32.567864, 32.567805, 32.567718, 32.567633, 32.567535, 32.567439, 32.567325, 32.567244, 32.567146, 32.567059, 32.566974, 32.566861, 32.566791, 32.566741, 32.566693, 32.566682, 32.566682, 32.566661, 32.566609, 32.566549, 32.566484, 32.566472, 32.57412, 
-25.930342, -25.932123, -25.934088, -25.934717, -25.93496, -25.935322, -25.935579, -25.935908, -25.93617, -25.93658, -25.937027, -25.937266, -25.93756, -25.937839, -25.938115, -25.938372, -25.938751, -25.939198, -25.939581, -25.939879, -25.940226, -25.940578, -25.94098, -25.94126, -25.941702, -25.941959, -25.942099, -25.942293, -25.942617, -25.942852, -25.9431, -25.943379, -25.943658, -25.94383, -25.94396, -25.94392, -25.943603, -25.943385, -25.943118, -25.942905, -25.942656, -25.942302, -25.941904, 
-25.941201, -25.938615, -25.938669, -25.938388, -25.936485, -25.936395, -25.936183, -25.935894, -25.935749, -25.935713, -25.935569, -25.935438, -25.935357, -25.935208, -25.935064, -25.934982, -25.93482, -25.934753, -25.934712, -25.934495, -25.934391, -25.934301, -25.934197, -25.934093, -25.933945, -25.933877, -25.933859, -25.93384, -25.933831, -25.933826, -25.933781, -25.933749, -25.933704, -25.933672, -25.933626, -25.933594, -25.933558, -25.933508, -25.933476, -25.933444, -25.933372, -25.933327, 
-25.933219, -25.933115, -25.932952, -25.932721, -25.932496, -25.932396, -25.930342)),"1 - 25"
9,"aeroporto b",1.2319749349589,6627.9735677052,1,0,0,NA,list(c(32.561476, 32.561507, 32.561516, 32.561522, 32.561526, 32.561517, 32.561468, 32.561426, 32.561397, 32.561355, 32.561256, 32.561227, 32.561227, 32.561223, 32.561196, 32.561163, 32.561083, 32.561034, 32.56097, 32.560895, 32.560831, 32.560769, 32.560703, 32.560607, 32.56057, 32.560541, 32.560527, 32.560519, 32.560518, 32.560518, 32.560524, 32.560548, 32.560567, 32.560597, 32.560651, 32.560735, 32.56078, 32.560878, 32.560943, 32.561102, 32.561212, 32.561251, 32.561286, 32.561363, 32.561408, 32.561511, 
32.561559, 32.561603, 32.561671, 32.561738, 32.561786, 32.561836, 32.561935, 32.562009, 32.562089, 32.562166, 32.56225, 32.562267, 32.562258, 32.562254, 32.562233, 32.562217, 32.562204, 32.562195, 32.562192, 32.562159, 32.562159, 32.562184, 32.562208, 32.562324, 32.562374, 32.562466, 32.562562, 32.562708, 32.562853, 32.563152, 32.56343, 32.563555, 32.563655, 32.563762, 32.56395, 32.56411, 32.564224, 32.564353, 32.56444, 32.564709, 32.564783, 32.564809, 32.564989, 32.565049, 32.56512, 32.565176, 32.565307, 
32.565501, 32.566472, 32.566484, 32.566549, 32.566609, 32.566661, 32.566682, 32.566682, 32.566693, 32.566741, 32.566791, 32.566861, 32.566974, 32.567059, 32.567146, 32.567244, 32.567325, 32.567439, 32.567535, 32.567633, 32.567718, 32.567805, 32.567864, 32.567912, 32.567929, 32.567885, 32.567852, 32.567856, 32.567878, 32.567895, 32.567927, 32.56792, 32.567799, 32.56774, 32.567676, 32.567593, 32.567562, 32.567524, 32.567506, 32.567547, 32.567558, 32.567586, 32.567574, 32.567529, 32.567469, 32.566826, 
32.566531, 32.565821, 32.565457, 32.564938, 32.564833, 32.564765, 32.564708, 32.564653, 32.564562, 32.564361, 32.564065, 32.563852, 32.563587, 32.563399, 32.563336, 32.563291, 32.563243, 32.563177, 32.562959, 32.562833, 32.562697, 32.562633, 32.562641, 32.562614, 32.562562, 32.562528, 32.5625, 32.562483, 32.562483, 32.562498, 32.562492, 32.562483, 32.562456, 32.562446, 32.562424, 32.562414, 32.562404, 32.562507, 32.561621, 32.561435, 32.561017, 32.560687, 32.560294, 32.559839, 32.559653, 32.559539, 
32.559384, 32.559181, 32.558931, 32.558752, 32.558682, 32.558597, 32.558407, 32.558181, 32.558044, 32.557777, 32.557722, 32.557652, 32.557589, 32.557517, 32.557438, 32.557355, 32.557086, 32.556878, 32.556666, 32.55653, 32.556266, 32.555986, 32.555688, 32.555583, 32.555441, 32.555146, 32.554897, 32.554619, 32.554285, 32.553962, 32.553649, 32.553368, 32.55318, 32.552915, 32.552734, 32.552505, 32.552363, 32.552129, 32.551963, 32.551808, 32.551695, 32.551551, 32.551221, 32.550725, 32.550505, 32.550234, 
32.550066, 32.549834, 32.550002, 32.550153, 32.550245, 32.550464, 32.550548, 32.550789, 32.550912, 32.551033, 32.551162, 32.551405, 32.55173, 32.551899, 32.552098, 32.552419, 32.552574, 32.552653, 32.553715, 32.553979, 32.554135, 32.55491, 32.555417, 32.555909, 32.556291, 32.557392, 32.558223, 32.559675, 32.559845, 32.560141, 32.560423, 32.56086, 32.561367, 32.561476, -25.922552, -25.922579, -25.922634, -25.922697, -25.922769, -25.922868, -25.923094, -25.923279, -25.923369, -25.923514, -25.923757, 
-25.923897, -25.923965, -25.924005, -25.924095, -25.924217, -25.92451, -25.924682, -25.924867, -25.925115, -25.925331, -25.925566, -25.925787, -25.926189, -25.926315, -25.926437, -25.9265, -25.926536, -25.926586, -25.926635, -25.926753, -25.926929, -25.927064, -25.927182, -25.927331, -25.927656, -25.92781, -25.928018, -25.928226, -25.928705, -25.929093, -25.92917, -25.929234, -25.929261, -25.929266, -25.929252, -25.929248, -25.929244, -25.929248, -25.929253, -25.929262, -25.929285, -25.929317, -25.929349, 
-25.929381, -25.929444, -25.929625, -25.929706, -25.929801, -25.929873, -25.930067, -25.930225, -25.930343, -25.930455, -25.930555, -25.930722, -25.930789, -25.930871, -25.930934, -25.930975, -25.930975, -25.93098, -25.930971, -25.930936, -25.930886, -25.930824, -25.930744, -25.930708, -25.93069, -25.930677, -25.93065, -25.930619, -25.930588, -25.930566, -25.930548, -25.930477, -25.930486, -25.930527, -25.931064, -25.931268, -25.931498, -25.931697, -25.932081, -25.932655, -25.932396, -25.932496, 
-25.932721, -25.932952, -25.933115, -25.933219, -25.933327, -25.933372, -25.933444, -25.933476, -25.933508, -25.933558, -25.933594, -25.933626, -25.933672, -25.933704, -25.933749, -25.933781, -25.933826, -25.933831, -25.93384, -25.933859, -25.933877, -25.933945, -25.934093, -25.934197, -25.934301, -25.934391, -25.934495, -25.934712, -25.934753, -25.93482, -25.934982, -25.935064, -25.935208, -25.935357, -25.935438, -25.935569, -25.935713, -25.935749, -25.935894, -25.936183, -25.936395, -25.936485, 
-25.938388, -25.938686, -25.939343, -25.939685, -25.940157, -25.940247, -25.940283, -25.940296, -25.940301, -25.940237, -25.940043, -25.939744, -25.939508, -25.939241, -25.939051, -25.938992, -25.938956, -25.93892, -25.938888, -25.938819, -25.938778, -25.938737, -25.938742, -25.93857, -25.93829, -25.937969, -25.937739, -25.937635, -25.937567, -25.93745, -25.937193, -25.936886, -25.936511, -25.936086, -25.935626, -25.935332, -25.935007, -25.934777, -25.934574, -25.933799, -25.933853, -25.933951, -25.934027, 
-25.934134, -25.934259, -25.934303, -25.934335, -25.934375, -25.934428, -25.934491, -25.934535, -25.934553, -25.934576, -25.93462, -25.934678, -25.934718, -25.934785, -25.934799, -25.934821, -25.934839, -25.934857, -25.934879, -25.934901, -25.934982, -25.935035, -25.935084, -25.935125, -25.935201, -25.935281, -25.935357, -25.935384, -25.935419, -25.935468, -25.935508, -25.935543, -25.935574, -25.935591, -25.935608, -25.935607, -25.935602, -25.935597, -25.935587, -25.935577, -25.935568, -25.935554, 
-25.935535, -25.935512, -25.935476, -25.935434, -25.935393, -25.935292, -25.935233, -25.935164, -25.935123, -25.935077, -25.93487, -25.93473, -25.934591, -25.934397, -25.93428, -25.934041, -25.93392, -25.933789, -25.93365, -25.933402, -25.933047, -25.932857, -25.932655, -25.932308, -25.932146, -25.932061, -25.93089, -25.930597, -25.930395, -25.929535, -25.929094, -25.928572, -25.928167, -25.926901, -25.926068, -25.924497, -25.924308, -25.923988, -25.92366, -25.923205, -25.922674, -25.922552)),"1 - 25"
10,"agostinho neto",2.9747630558408,7467.9932548978,1,17,2,0,list(c(32.620041, 32.621302, 32.624601, 32.624761, 32.62468, 32.624751, 32.625267, 32.62594, 32.627134, 32.627307, 32.626374, 32.623897, 32.622734, 32.618849, 32.616754, 32.61421, 32.611569, 32.611536, 32.611426, 32.611868, 32.608749, 32.605564, 32.604194, 32.602284, 32.600475, 32.603948, 32.608732, 32.611459, 32.615106, 32.618936, 32.620041, -25.769593, -25.768941, -25.767383, -25.767302, -25.768548, -25.770557, -25.772414, -25.773432, -25.774817, -25.774975, -25.776914, -25.779409, -25.781415, 
-25.784801, -25.78554, -25.785615, -25.785025, -25.785061, -25.78502, -25.783635, -25.783704, -25.783939, -25.78361, -25.782616, -25.781785, -25.778376, -25.773075, -25.772541, -25.771562, -25.770168, -25.769593)),"1 - 25"
11,"albazine",12.040773967766,16489.257851019,1,10,0,0,list(c(32.62468, 32.624969, 32.637177, 32.644388, 32.643647, 32.644169, 32.641856, 32.64101, 32.640284, 32.638618, 32.637551, 32.636624, 32.634735, 32.633986, 32.632011, 32.628103, 32.628084, 32.624244, 32.623781, 32.622463, 32.62099, 32.620639, 32.620359, 32.619573, 32.619349, 32.618339, 32.616908, 32.61608, 32.615505, 32.614621, 32.61406, 32.613331, 32.612952, 32.612812, 32.612517, 32.611844, 32.611311, 32.61061, 32.610105, 32.608295, 32.607384, 32.605532, 32.60534, 32.604516, 32.604793, 32.604835, 
32.604879, 32.604993, 32.60529, 32.605489, 32.605772, 32.605872, 32.606029, 32.606172, 32.606286, 32.606385, 32.606569, 32.60664, 32.606937, 32.607388, 32.607741, 32.608192, 32.608714, 32.609038, 32.610124, 32.610744, 32.611435, 32.611505, 32.619, 32.622575, 32.623324, 32.62468, -25.833785, -25.833339, -25.837014, -25.839185, -25.84289, -25.84309, -25.849338, -25.851774, -25.85412, -25.85724, -25.860145, -25.863068, -25.867199, -25.870502, -25.878163, -25.889044, -25.889107, -25.888284, -25.888197, 
-25.887887, -25.88754, -25.887449, -25.887385, -25.887206, -25.887156, -25.886923, -25.886603, -25.886412, -25.886279, -25.886074, -25.885946, -25.885768, -25.88569, -25.885653, -25.885576, -25.885421, -25.885306, -25.885151, -25.885023, -25.884625, -25.884379, -25.883932, -25.883877, -25.883938, -25.882593, -25.882607, -25.882025, -25.881555, -25.88078, -25.880135, -25.879246, -25.87879, -25.878091, -25.877382, -25.8769, -25.876502, -25.876024, -25.875821, -25.875298, -25.874487, -25.873933, -25.87327, 
-25.872576, -25.872157, -25.870697, -25.869864, -25.869075, -25.868687, -25.860097, -25.852336, -25.85065, -25.833785)),"1 - 25"
12,"alto ma a",0.47148358681126,3183.3768520877,1,0,0,NA,list(c(32.565585, 32.565917, 32.566166, 32.566387, 32.566599, 32.56682, 32.566951, 32.567642, 32.568044, 32.568186, 32.568293, 32.568844, 32.569301, 32.569679, 32.569945, 32.570406, 32.571182, 32.571877, 32.572322, 32.572694, 32.573237, 32.573654, 32.574235, 32.574969, 32.575351, 32.575611, 32.575797, 32.57578, 32.575742, 32.575601, 32.575399, 32.57509, 32.574852, 32.574629, 32.574579, 32.574306, 32.573774, 32.573467, 32.573289, 32.573131, 32.573012, 32.572823, 32.572705, 32.57258, 32.572426, 32.572272, 
32.572172, 32.572094, 32.571359, 32.57097, 32.570741, 32.570597, 32.57043, 32.570163, 32.570052, 32.56995, 32.56978, 32.569679, 32.56961, 32.569466, 32.569256, 32.568711, 32.568186, 32.568096, 32.567915, 32.567525, 32.567132, 32.56703, 32.566984, 32.567206, 32.567324, 32.567538, 32.567683, 32.567788, 32.567768, 32.567718, 32.5675, 32.56709, 32.566587, 32.565989, 32.56542, 32.564718, 32.564345, 32.564, 32.563784, 32.564016, 32.56462, 32.564854, 32.565014, 32.565374, 32.565483, 32.565585, -25.956815, 
-25.956721, -25.956658, -25.956614, -25.956569, -25.956538, -25.956521, -25.956505, -25.956452, -25.95643, -25.956421, -25.956368, -25.956329, -25.956294, -25.956286, -25.956278, -25.956294, -25.956314, -25.956365, -25.956402, -25.956508, -25.956595, -25.956673, -25.956797, -25.956785, -25.956817, -25.956755, -25.956813, -25.956903, -25.957097, -25.957385, -25.957818, -25.958138, -25.958458, -25.958525, -25.958904, -25.959674, -25.960093, -25.960341, -25.960571, -25.960742, -25.961017, -25.961184, 
-25.961346, -25.961544, -25.961756, -25.961913, -25.962035, -25.963053, -25.96284, -25.962713, -25.96264, -25.962549, -25.9624, -25.962336, -25.962282, -25.962182, -25.962127, -25.962095, -25.962014, -25.9619, -25.961596, -25.961319, -25.961265, -25.961165, -25.960956, -25.960743, -25.960693, -25.960643, -25.960355, -25.960192, -25.959872, -25.95967, -25.959512, -25.959467, -25.959431, -25.959308, -25.959081, -25.958791, -25.958491, -25.958173, -25.957837, -25.957633, -25.957451, -25.957355, -25.95727, 
-25.957105, -25.957034, -25.956984, -25.956873, -25.956841, -25.956815)),"1 - 25"
13,"alto ma b",1.1619681973463,4335.8666630118,1,0,0,NA,list(c(32.563784, 32.564, 32.564345, 32.564718, 32.56542, 32.565989, 32.566587, 32.56709, 32.5675, 32.567718, 32.567768, 32.567788, 32.567683, 32.567538, 32.567324, 32.567206, 32.566984, 32.56703, 32.567132, 32.567525, 32.567915, 32.568096, 32.568186, 32.568711, 32.569256, 32.569466, 32.56961, 32.569679, 32.56978, 32.56995, 32.570052, 32.570163, 32.57043, 32.570597, 32.570741, 32.57097, 32.571359, 32.57073, 32.569821, 32.569762, 32.568578, 32.567741, 32.567021, 32.566507, 32.566385, 32.564748, 32.564179, 
32.561432, 32.560738, 32.559977, 32.559725, 32.559576, 32.559396, 32.558974, 32.558759, 32.558579, 32.558366, 32.558264, 32.558024, 32.557879, 32.557609, 32.55742, 32.557255, 32.557009, 32.556753, 32.55654, 32.556431, 32.556642, 32.5568, 32.556874, 32.556977, 32.557106, 32.55724, 32.557347, 32.557407, 32.557488, 32.557566, 32.557654, 32.557772, 32.557838, 32.557897, 32.557976, 32.559291, 32.559587, 32.559854, 32.560031, 32.5603, 32.560539, 32.560773, 32.561106, 32.561309, 32.561454, 32.561881, 32.56213, 
32.562369, 32.562535, 32.562723, 32.562992, 32.563513, 32.563784, -25.957355, -25.957451, -25.957633, -25.957837, -25.958173, -25.958491, -25.958791, -25.959081, -25.959308, -25.959431, -25.959467, -25.959512, -25.95967, -25.959872, -25.960192, -25.960355, -25.960643, -25.960693, -25.960743, -25.960956, -25.961165, -25.961265, -25.961319, -25.961596, -25.9619, -25.962014, -25.962095, -25.962127, -25.962182, -25.962282, -25.962336, -25.9624, -25.962549, -25.96264, -25.962713, -25.96284, -25.963053, 
-25.963918, -25.965211, -25.965292, -25.966955, -25.968122, -25.969135, -25.969847, -25.970045, -25.96916, -25.96882, -25.9672, -25.966809, -25.96636, -25.966156, -25.966025, -25.965762, -25.965219, -25.964894, -25.964631, -25.964337, -25.964188, -25.963857, -25.963649, -25.963256, -25.962989, -25.962753, -25.962423, -25.962061, -25.961758, -25.961618, -25.961406, -25.961271, -25.961199, -25.961127, -25.96101, -25.960934, -25.960835, -25.960763, -25.960713, -25.960673, -25.960619, -25.960538, -25.960471, 
-25.960412, -25.960358, -25.959423, -25.959221, -25.959082, -25.958996, -25.958844, -25.958696, -25.958565, -25.958422, -25.958355, -25.958301, -25.95809, -25.958005, -25.957866, -25.957794, -25.957727, -25.957624, -25.957445, -25.957355)),"1 - 25"
14,"bagamoio",2.4234972482925,7779.1303133937,1,0,0,NA,list(c(32.557731, 32.55778, 32.558285, 32.562103, 32.56359, 32.564292, 32.564376, 32.56498, 32.565204, 32.565471, 32.565527, 32.565597, 32.565639, 32.565695, 32.565751, 32.565794, 32.565864, 32.565948, 32.566018, 32.566074, 32.566116, 32.566158, 32.5662, 32.566242, 32.566607, 32.566691, 32.566761, 32.566874, 32.56693, 32.567, 32.56707, 32.567112, 32.567295, 32.567365, 32.567449, 32.567491, 32.567561, 32.56766, 32.567744, 32.567814, 32.567898, 32.567954, 32.56801, 32.568024, 32.568066, 32.568136, 
32.56822, 32.56836, 32.568487, 32.568613, 32.568655, 32.568725, 32.568767, 32.568865, 32.568935, 32.569034, 32.569441, 32.569553, 32.569708, 32.56989, 32.570101, 32.570396, 32.570536, 32.570705, 32.570818, 32.570888, 32.570972, 32.571056, 32.571113, 32.571141, 32.571197, 32.571309, 32.571478, 32.571702, 32.571969, 32.572376, 32.5726, 32.572895, 32.573302, 32.573527, 32.573681, 32.573849, 32.573962, 32.574088, 32.574186, 32.574299, 32.574453, 32.574537, 32.574607, 32.574733, 32.575085, 32.575197, 
32.575281, 32.575351, 32.575407, 32.575435, 32.575477, 32.57556, 32.575601, 32.5756, 32.575627, 32.575667, 32.57582, 32.575876, 32.578041, 32.57828, 32.578548, 32.578956, 32.579251, 32.579476, 32.579659, 32.579856, 32.580066, 32.58032, 32.580516, 32.580671, 32.58084, 32.581037, 32.581121, 32.581233, 32.58143, 32.581543, 32.581669, 32.581795, 32.58188, 32.581922, 32.581963, 32.582019, 32.582119, 32.582189, 32.582245, 32.582372, 32.582428, 32.582498, 32.582582, 32.582681, 32.582765, 32.582835, 32.582951, 
32.582806, 32.580576, 32.580165, 32.578087, 32.577231, 32.574815, 32.574394, 32.574254, 32.574198, 32.574099, 32.573917, 32.573341, 32.573159, 32.573088, 32.573032, 32.572948, 32.572878, 32.572779, 32.572709, 32.572583, 32.572428, 32.57233, 32.57219, 32.572021, 32.571249, 32.571109, 32.570968, 32.570758, 32.570729, 32.570701, 32.570687, 32.570658, 32.57063, 32.570559, 32.570517, 32.570474, 32.57046, 32.570459, 32.570445, 32.570389, 32.570332, 32.570248, 32.570192, 32.570093, 32.569981, 32.569882, 
32.569812, 32.5697, 32.569587, 32.569517, 32.569461, 32.569376, 32.569278, 32.569207, 32.569123, 32.569025, 32.5688, 32.568589, 32.568448, 32.568266, 32.567872, 32.567745, 32.567618, 32.567548, 32.567421, 32.567154, 32.5669, 32.566844, 32.566788, 32.566549, 32.566016, 32.565468, 32.5653, 32.565216, 32.565215, 32.565368, 32.565534, 32.5655, 32.565408, 32.565324, 32.565044, 32.564427, 32.563601, 32.563461, 32.5622, 32.560981, 32.560393, 32.56, 32.559664, 32.559188, 32.558319, 32.55832, 32.558334, 32.558334, 
32.558194, 32.558055, 32.557943, 32.557651, 32.557595, 32.557539, 32.557483, 32.557371, 32.557118, 32.557006, 32.556907, 32.556669, 32.556219, 32.555882, 32.555629, 32.555152, 32.55504, 32.555057, 32.555096, 32.555195, 32.555223, 32.55528, 32.555322, 32.555378, 32.555392, 32.555435, 32.555491, 32.555519, 32.555576, 32.555887, 32.556211, 32.556409, 32.556579, 32.55672, 32.556848, 32.556947, 32.557032, 32.557146, 32.557188, 32.557231, 32.557246, 32.557261, 32.557289, 32.557318, 32.557332, 32.557347, 
32.557376, 32.557391, 32.557434, 32.557449, 32.557449, 32.557492, 32.557493, 32.557493, 32.557536, 32.55755, 32.557579, 32.557594, 32.557609, 32.557652, 32.557667, 32.557709, 32.557731, -25.890553, -25.890548, -25.8905, -25.890814, -25.891076, -25.891087, -25.891088, -25.891089, -25.891067, -25.891068, -25.891068, -25.891082, -25.891091, -25.891119, -25.891146, -25.891169, -25.891196, -25.891219, -25.891246, -25.89126, -25.89126, -25.891273, -25.891274, -25.891287, -25.891288, -25.891361, -25.891388, 
-25.891388, -25.891375, -25.891362, -25.891362, -25.891362, -25.89139, -25.89139, -25.891377, -25.89139, -25.891404, -25.891427, -25.891454, -25.891468, -25.891504, -25.891532, -25.891568, -25.891622, -25.891658, -25.891699, -25.891736, -25.891763, -25.891786, -25.891836, -25.891863, -25.891913, -25.891913, -25.891941, -25.891941, -25.891941, -25.891942, -25.891943, -25.891916, -25.891881, -25.891818, -25.891769, -25.891729, -25.89168, -25.891639, -25.891617, -25.891617, -25.891618, -25.891604, -25.891568, 
-25.891555, -25.891555, -25.891556, -25.891579, -25.891593, -25.891644, -25.891658, -25.891686, -25.891715, -25.891724, -25.891738, -25.891752, -25.891753, -25.891753, -25.891767, -25.891767, -25.891781, -25.891781, -25.891782, -25.891818, -25.891819, -25.891833, -25.891833, -25.891856, -25.89187, -25.891897, -25.891947, -25.892317, -25.892823, -25.893053, -25.893229, -25.893699, -25.894309, -25.894336, -25.89734, -25.897188, -25.896999, -25.896734, -25.896567, -25.896491, -25.896456, -25.89638, 
-25.89629, -25.896178, -25.896088, -25.896012, -25.895913, -25.89581, -25.895774, -25.89576, -25.895747, -25.895725, -25.895685, -25.8956, -25.895559, -25.895726, -25.895812, -25.895803, -25.895533, -25.89551, -25.895497, -25.895461, -25.895448, -25.895435, -25.895435, -25.895421, -25.895408, -25.895386, -25.895346, -25.895589, -25.899176, -25.900177, -25.900194, -25.900192, -25.900352, -25.900337, -25.90035, -25.900363, -25.900363, -25.900385, -25.900383, -25.90041, -25.90041, -25.900423, -25.900423, 
-25.900423, -25.900422, -25.900436, -25.900435, -25.900457, -25.900457, -25.900448, -25.90042, -25.900418, -25.900417, -25.90043, -25.900443, -25.900493, -25.90057, -25.900655, -25.900696, -25.900782, -25.900935, -25.901025, -25.901165, -25.901318, -25.901404, -25.901458, -25.901521, -25.901544, -25.901584, -25.901607, -25.90166, -25.901696, -25.901746, -25.901759, -25.901822, -25.901871, -25.901898, -25.901948, -25.901997, -25.902064, -25.9021, -25.902127, -25.902149, -25.902226, -25.902266, -25.902301, 
-25.9024, -25.902579, -25.902642, -25.902768, -25.902845, -25.902971, -25.903137, -25.903276, -25.903312, -25.903348, -25.903348, -25.903323, -25.903322, -25.903308, -25.903307, -25.903384, -25.903827, -25.9045, -25.904523, -25.904437, -25.904387, -25.904219, -25.903851, -25.903352, -25.903239, -25.902535, -25.901823, -25.901478, -25.901233, -25.901029, -25.900747, -25.900253, -25.900189, -25.900099, -25.900049, -25.899859, -25.899678, -25.899538, -25.898752, -25.898661, -25.898638, -25.898638, -25.898647, 
-25.898646, -25.898659, -25.898659, -25.898658, -25.898698, -25.898719, -25.898732, -25.898744, -25.898852, -25.898753, -25.898681, -25.898591, -25.8985, -25.898451, -25.898374, -25.898325, -25.898289, -25.898248, -25.898172, -25.898095, -25.898059, -25.897541, -25.897072, -25.896703, -25.896373, -25.896067, -25.895842, -25.895589, -25.895359, -25.89498, -25.894827, -25.894646, -25.894484, -25.894281, -25.894141, -25.894001, -25.893847, -25.893685, -25.893428, -25.893215, -25.892999, -25.892733, 
-25.892566, -25.892439, -25.892313, -25.892186, -25.892033, -25.89192, -25.891704, -25.891473, -25.89127, -25.890954, -25.890828, -25.890688, -25.890553)),"1 - 25"
15,"bairro 1",8.5352225227913,13057.488490387,1,0,0,NA,list(c(32.634832, 32.634809, 32.635189, 32.635357, 32.635587, 32.635988, 32.636389, 32.636503, 32.636556, 32.636668, 32.636777, 32.636363, 32.635952, 32.636289, 32.636219, 32.632594, 32.631901, 32.63159, 32.631339, 32.631238, 32.631207, 32.629532, 32.628684, 32.628292, 32.628171, 32.62781, 32.627398, 32.626917, 32.624761, 32.624601, 32.621302, 32.620041, 32.619943, 32.61958, 32.619198, 32.61905, 32.619362, 32.619287, 32.619135, 32.618934, 32.618554, 32.618126, 32.618283, 32.618422, 32.618348, 32.618215, 
32.616878, 32.61688, 32.616423, 32.616429, 32.616141, 32.615084, 32.614797, 32.614876, 32.614877, 32.614685, 32.614591, 32.614399, 32.61417, 32.613881, 32.613612, 32.613557, 32.613099, 32.613198, 32.613297, 32.613572, 32.614713, 32.615071, 32.616636, 32.617833, 32.618644, 32.620479, 32.622778, 32.624227, 32.62527, 32.626293, 32.627335, 32.628204, 32.628875, 32.629395, 32.630262, 32.630898, 32.631303, 32.6325, 32.632905, 32.633598, 32.634059, 32.63452, 32.634752, 32.634832, -25.72914, -25.729347, 
-25.731272, -25.733146, -25.734036, -25.735545, -25.736959, -25.737677, -25.739149, -25.740355, -25.742857, -25.745515, -25.747334, -25.750784, -25.753863, -25.756558, -25.757094, -25.7574, -25.757779, -25.757927, -25.758126, -25.762429, -25.764572, -25.765388, -25.765559, -25.765847, -25.766167, -25.7664, -25.767302, -25.767383, -25.768941, -25.769593, -25.769497, -25.768408, -25.766976, -25.764944, -25.763915, -25.763229, -25.762565, -25.758821, -25.756915, -25.751735, -25.750842, -25.749826, -25.748602, 
-25.748128, -25.743347, -25.742666, -25.740565, -25.738727, -25.738117, -25.736399, -25.735644, -25.735156, -25.734719, -25.734298, -25.733652, -25.733263, -25.732581, -25.732111, -25.731758, -25.730742, -25.729151, -25.728312, -25.72754, -25.726159, -25.722473, -25.72242, -25.72237, -25.722585, -25.722533, -25.722538, -25.722386, -25.722182, -25.722289, -25.722291, -25.722768, -25.722928, -25.724379, -25.724959, -25.725435, -25.726014, -25.726223, -25.726384, -25.726543, -25.727312, -25.728262, 
-25.728945, -25.729103, -25.72914)),"1 - 25"
16,"bairro 2",10.401418432122,15227.154013685,1,0,0,NA,list(c(32.593976, 32.594063, 32.595431, 32.597167, 32.598419, 32.599633, 32.600443, 32.601466, 32.602511, 32.604638, 32.605681, 32.606491, 32.608036, 32.609543, 32.610625, 32.611321, 32.613352, 32.614713, 32.613572, 32.613297, 32.613198, 32.613099, 32.613557, 32.613612, 32.613881, 32.61417, 32.614399, 32.614591, 32.614685, 32.614877, 32.614876, 32.614797, 32.615084, 32.616141, 32.616429, 32.616423, 32.61688, 32.616878, 32.618215, 32.618348, 32.618422, 32.618283, 32.618126, 32.618554, 32.618934, 32.619135, 
32.619287, 32.619362, 32.61905, 32.619198, 32.61958, 32.619943, 32.620041, 32.618936, 32.615106, 32.611459, 32.608732, 32.603063, 32.603065, 32.602987, 32.602799, 32.60261, 32.602531, 32.602611, 32.602643, 32.602615, 32.602576, 32.602308, 32.602309, 32.602002, 32.601845, 32.601807, 32.601579, 32.60127, 32.601155, 32.601336, 32.601168, 32.600612, 32.600266, 32.599979, 32.598256, 32.596264, 32.594653, 32.594219, 32.593596, 32.593438, 32.593797, 32.593985, 32.593976, -25.720805, -25.720805, -25.721631, 
-25.722476, -25.723423, -25.724252, -25.724566, -25.724831, -25.72426, -25.723706, -25.723709, -25.723815, -25.723923, -25.723769, -25.723722, -25.723566, -25.722677, -25.722473, -25.726159, -25.72754, -25.728312, -25.729151, -25.730742, -25.731758, -25.732111, -25.732581, -25.733263, -25.733652, -25.734298, -25.734719, -25.735156, -25.735644, -25.736399, -25.738117, -25.738727, -25.740565, -25.742666, -25.743347, -25.748128, -25.748602, -25.749826, -25.750842, -25.751735, -25.756915, -25.758821, 
-25.762565, -25.763229, -25.763915, -25.764944, -25.766976, -25.768408, -25.769497, -25.769593, -25.770168, -25.771562, -25.772541, -25.773075, -25.771313, -25.770708, -25.770107, -25.769474, -25.76909, -25.768882, -25.768639, -25.76825, -25.767686, -25.76727, -25.766705, -25.766254, -25.765336, -25.764392, -25.763697, -25.762987, -25.762436, -25.76021, -25.758178, -25.756254, -25.754993, -25.754432, -25.753538, -25.749054, -25.743766, -25.740384, -25.737408, -25.733067, -25.728538, -25.725089, -25.720891, 
-25.720805)),"1 - 25"
17,"boquisso",15.312821855332,18944.728039325,2,23,6,0,list(c(32.535521, 32.538016, 32.551365, 32.556201, 32.556001, 32.555996, 32.555715, 32.555283, 32.555502, 32.555331, 32.547929, 32.544627, 32.541154, 32.540975, 32.539237, 32.537501, 32.53343, 32.534014, 32.534613, 32.532475, 32.5292, 32.528424, 32.530188, 32.531363, 32.531709, 32.533131, 32.534319, 32.535521, -25.712449, -25.700411, -25.702512, -25.703597, -25.713434, -25.713669, -25.713668, -25.758456, -25.771153, -25.771482, -25.770953, -25.769015, -25.764065, -25.75949, -25.755792, -25.75138, 
-25.749077, -25.746619, -25.743979, -25.742207, -25.73709, -25.734789, -25.731811, -25.728997, -25.728208, -25.724953, -25.718785, -25.712449)),"1 - 25"
18,"bunhica",9.522281083553,14962.95805785,2,0,0,NA,list(c(32.487364, 32.487465, 32.488467, 32.488716, 32.488905, 32.489211, 32.489421, 32.489476, 32.489356, 32.489411, 32.489697, 32.490158, 32.490255, 32.491905, 32.489987, 32.492885, 32.495034, 32.495991, 32.496794, 32.496663, 32.495467, 32.495043, 32.49456, 32.494174, 32.49373, 32.493226, 32.492509, 32.49216, 32.492024, 32.490973, 32.490719, 32.490563, 32.490019, 32.489708, 32.484279, 32.487385, 32.484835, 32.484, 32.473391, 32.469334, 32.468008, 32.467295, 32.466855, 32.466355, 32.466225, 32.465474, 
32.469339, 32.47094, 32.471818, 32.475129, 32.476253, 32.477799, 32.480097, 32.481064, 32.481935, 32.482652, 32.483486, 32.484049, 32.485039, 32.48607, 32.486949, 32.487364, -25.866036, -25.865964, -25.866103, -25.866839, -25.867752, -25.868661, -25.869293, -25.870012, -25.870955, -25.871619, -25.872496, -25.873161, -25.873247, -25.876246, -25.876993, -25.882182, -25.88614, -25.888681, -25.890837, -25.894372, -25.893456, -25.893314, -25.893069, -25.892842, -25.89284, -25.892924, -25.89322, -25.893462, 
-25.893706, -25.895102, -25.895733, -25.896048, -25.89657, -25.896953, -25.904455, -25.906408, -25.910092, -25.910753, -25.904493, -25.902081, -25.90083, -25.900037, -25.899128, -25.898408, -25.897184, -25.870535, -25.871231, -25.872306, -25.874721, -25.873861, -25.873391, -25.873555, -25.874281, -25.874321, -25.874215, -25.873852, -25.873259, -25.872737, -25.871883, -25.870383, -25.868513, -25.866036)),"1 - 25"
19,"central a",0.56115787421524,3423.1703052237,1,0,0,NA,list(c(32.574579, 32.575966, 32.577158, 32.577368, 32.577873, 32.578083, 32.578826, 32.578994, 32.579555, 32.579667, 32.579807, 32.579989, 32.580036, 32.580392, 32.580902, 32.580993, 32.581706, 32.581933, 32.582546, 32.583606, 32.584585, 32.585379, 32.585458, 32.585374, 32.585157, 32.584958, 32.584699, 32.584576, 32.584374, 32.584132, 32.58388, 32.583432, 32.582875, 32.582755, 32.580012, 32.579964, 32.572172, 32.572272, 32.572426, 32.57258, 32.572705, 32.572823, 32.573012, 32.573131, 32.573289, 32.573467, 
32.573774, 32.574306, 32.574579, -25.958525, -25.95931, -25.959987, -25.960078, -25.960395, -25.960486, -25.960922, -25.961021, -25.961316, -25.961394, -25.961507, -25.96162, -25.961634, -25.96182, -25.962097, -25.962156, -25.962551, -25.962673, -25.963014, -25.963604, -25.964144, -25.964598, -25.96462, -25.964719, -25.964976, -25.965201, -25.965508, -25.965656, -25.965886, -25.966179, -25.96648, -25.967025, -25.967688, -25.967827, -25.966302, -25.966261, -25.961913, -25.961756, -25.961544, -25.961346, 
-25.961184, -25.961017, -25.960742, -25.960571, -25.960341, -25.960093, -25.959674, -25.958904, -25.958525)),"1 - 25"
20,"central b",0.56637361490233,3388.0951235517,1,0,0,NA,list(c(32.571359, 32.572094, 32.572172, 32.579964, 32.580012, 32.582755, 32.582528, 32.58203, 32.581821, 32.580961, 32.580893, 32.579999, 32.579855, 32.579537, 32.579042, 32.578737, 32.578438, 32.578133, 32.577708, 32.577106, 32.576609, 32.576066, 32.575699, 32.574707, 32.574413, 32.573366, 32.572873, 32.57262, 32.572418, 32.572056, 32.571884, 32.571596, 32.571236, 32.571103, 32.570896, 32.570686, 32.57054, 32.570385, 32.570242, 32.570074, 32.569954, 32.569869, 32.569762, 32.569821, 32.57073, 32.571359, 
-25.963053, -25.962035, -25.961913, -25.966261, -25.966302, -25.967827, -25.968093, -25.968678, -25.968953, -25.969962, -25.97007, -25.971291, -25.971223, -25.971032, -25.970751, -25.97057, -25.970388, -25.970207, -25.969962, -25.969608, -25.969304, -25.969, -25.968782, -25.968206, -25.968033, -25.967411, -25.967135, -25.966985, -25.966853, -25.966631, -25.966522, -25.96635, -25.966132, -25.966064, -25.965964, -25.96585, -25.96576, -25.965664, -25.965574, -25.965474, -25.965397, -25.965347, -25.965292, 
-25.965211, -25.963918, -25.963053)),"1 - 25"
21,"central c",1.5425673319049,6187.7324324531,1,0,0,NA,list(c(32.566385, 32.566507, 32.567021, 32.567741, 32.568578, 32.569762, 32.569869, 32.569954, 32.570074, 32.570242, 32.570385, 32.57054, 32.570686, 32.570896, 32.571103, 32.571236, 32.571596, 32.571884, 32.572056, 32.572418, 32.57262, 32.572873, 32.573366, 32.574413, 32.574707, 32.575699, 32.576066, 32.576609, 32.577106, 32.577708, 32.578133, 32.578438, 32.578737, 32.579042, 32.579537, 32.579855, 32.579659, 32.578897, 32.578954, 32.579108, 32.58002, 32.580217, 32.580376, 32.580638, 32.580844, 32.581047, 
32.581217, 32.581509, 32.581719, 32.581883, 32.582116, 32.582264, 32.582443, 32.582655, 32.582902, 32.583172, 32.583403, 32.583685, 32.583955, 32.584055, 32.584254, 32.584391, 32.584528, 32.584648, 32.584843, 32.584909, 32.584967, 32.585085, 32.585211, 32.585374, 32.585487, 32.585674, 32.585819, 32.585911, 32.58595, 32.585971, 32.586043, 32.586149, 32.586207, 32.586244, 32.586274, 32.586323, 32.586379, 32.586453, 32.58647, 32.58654, 32.586551, 32.58656, 32.586575, 32.586596, 32.586623, 32.58666, 
32.58671, 32.586773, 32.586914, 32.587054, 32.587235, 32.587468, 32.587743, 32.570292, 32.569951, 32.56989, 32.569797, 32.569286, 32.568843, 32.568639, 32.566766, 32.566314, 32.56568, 32.565181, 32.564753, 32.564566, 32.564742, 32.564893, 32.565076, 32.565142, 32.565406, 32.565489, 32.565629, 32.565729, 32.566371, 32.566385, -25.970045, -25.969847, -25.969135, -25.968122, -25.966955, -25.965292, -25.965347, -25.965397, -25.965474, -25.965574, -25.965664, -25.96576, -25.96585, -25.965964, -25.966064, 
-25.966132, -25.96635, -25.966522, -25.966631, -25.966853, -25.966985, -25.967135, -25.967411, -25.968033, -25.968206, -25.968782, -25.969, -25.969304, -25.969608, -25.969962, -25.970207, -25.970388, -25.97057, -25.970751, -25.971032, -25.971223, -25.971525, -25.972412, -25.972426, -25.972517, -25.972786, -25.972836, -25.972881, -25.972972, -25.973041, -25.973105, -25.973155, -25.97325, -25.973328, -25.973387, -25.973478, -25.973542, -25.973614, -25.973705, -25.97381, -25.97396, -25.974082, -25.974236, 
-25.974391, -25.974441, -25.974559, -25.974649, -25.974794, -25.974962, -25.975265, -25.975364, -25.975459, -25.975627, -25.975821, -25.976065, -25.976228, -25.9765, -25.976721, -25.976875, -25.976979, -25.97706, -25.9772, -25.977499, -25.977684, -25.977869, -25.978018, -25.978271, -25.978587, -25.978836, -25.978962, -25.979315, -25.979374, -25.97941, -25.979455, -25.979518, -25.979568, -25.979622, -25.979672, -25.979726, -25.979849, -25.979962, -25.980102, -25.980266, -25.980461, -25.975263, -25.975153, 
-25.974991, -25.974896, -25.9747, -25.974468, -25.974323, -25.973144, -25.972854, -25.972454, -25.972146, -25.971856, -25.971729, -25.971463, -25.971237, -25.970967, -25.970863, -25.971, -25.971014, -25.970996, -25.970947, -25.970082, -25.970045)),"1 - 25"
22,"chamanculo a",0.19898877836393,2141.6769559027,1,0,0,NA,list(c(32.564922, 32.564923, 32.564942, 32.56496, 32.564964, 32.564989, 32.565017, 32.565044, 32.56507, 32.565069, 32.565119, 32.565139, 32.565169, 32.565219, 32.565292, 32.565461, 32.565505, 32.565544, 32.565695, 32.565746, 32.565807, 32.565863, 32.565915, 32.565997, 32.566031, 32.566072, 32.566095, 32.565999, 32.565775, 32.565585, 32.565483, 32.565374, 32.565014, 32.564854, 32.564817, 32.564467, 32.564177, 32.563988, 32.563653, 32.563493, 32.563202, 32.562823, 32.562429, 32.562226, 32.561875, 32.561552, 
32.561172, 32.561041, 32.56094, 32.560838, 32.560752, 32.560694, 32.560536, 32.560278, 32.560407, 32.560503, 32.560652, 32.560767, 32.56092, 32.560973, 32.561084, 32.561167, 32.56122, 32.561288, 32.56136, 32.561419, 32.561471, 32.561512, 32.561595, 32.561648, 32.561724, 32.56191, 32.562036, 32.562196, 32.562388, 32.562506, 32.562559, 32.562666, 32.562773, 32.562832, 32.562891, 32.562948, 32.562994, 32.563087, 32.563175, 32.563308, 32.563356, 32.563415, 32.563456, 32.563518, 32.563572, 32.563647, 
32.563861, 32.563962, 32.564125, 32.564224, 32.564331, 32.564451, 32.564665, 32.564777, 32.564869, 32.564922, -25.950654, -25.950767, -25.950943, -25.951219, -25.951417, -25.951711, -25.951968, -25.952181, -25.952402, -25.952727, -25.953197, -25.953287, -25.953377, -25.953486, -25.953671, -25.95406, -25.954173, -25.954263, -25.954765, -25.954928, -25.955095, -25.955289, -25.955466, -25.955741, -25.955899, -25.956094, -25.956216, -25.956423, -25.956612, -25.956815, -25.956841, -25.956873, -25.956984, 
-25.957034, -25.956966, -25.956355, -25.955758, -25.955482, -25.954899, -25.954632, -25.954207, -25.953863, -25.953396, -25.953278, -25.953146, -25.953051, -25.952891, -25.952823, -25.952547, -25.952321, -25.952005, -25.951739, -25.951327, -25.950749, -25.950722, -25.950718, -25.9507, -25.950682, -25.95066, -25.950656, -25.950656, -25.950656, -25.950661, -25.950666, -25.950675, -25.950693, -25.950707, -25.950721, -25.950748, -25.950771, -25.950816, -25.95083, -25.950822, -25.950804, -25.950787, -25.950764, 
-25.950755, -25.950751, -25.950747, -25.950752, -25.950756, -25.950761, -25.95077, -25.950798, -25.950812, -25.950825, -25.950835, -25.950839, -25.950848, -25.950849, -25.950808, -25.950772, -25.950741, -25.950737, -25.950733, -25.950724, -25.950711, -25.950698, -25.950681, -25.950667, -25.950668, -25.950654)),"1 - 25"
23,"chamanculo b",0.67256030681991,4302.8281445992,1,0,0,NA,list(c(32.551216, 32.551246, 32.551339, 32.551429, 32.551525, 32.551545, 32.551594, 32.551668, 32.55173, 32.55176, 32.551806, 32.551879, 32.551944, 32.551994, 32.552045, 32.552095, 32.552119, 32.552139, 32.552168, 32.552194, 32.55223, 32.552247, 32.552267, 32.5523, 32.552318, 32.55236, 32.552398, 32.55242, 32.552448, 32.552481, 32.552547, 32.552589, 32.55265, 32.552694, 32.55274, 32.552777, 32.552819, 32.552856, 32.552924, 32.552975, 32.553082, 32.553199, 32.553306, 32.553369, 32.553448, 32.553499, 
32.553562, 32.553611, 32.553724, 32.553777, 32.553884, 32.553928, 32.553987, 32.55405, 32.554096, 32.554136, 32.554175, 32.554223, 32.554278, 32.554396, 32.554468, 32.554521, 32.554588, 32.554696, 32.554895, 32.555087, 32.555203, 32.555255, 32.555467, 32.555778, 32.556012, 32.556281, 32.5565, 32.556743, 32.556879, 32.55699, 32.557152, 32.557237, 32.557323, 32.557404, 32.557485, 32.557559, 32.55764, 32.557747, 32.557944, 32.558185, 32.558349, 32.558414, 32.558456, 32.558497, 32.55853, 32.558556, 32.55858, 
32.55861, 32.558651, 32.558675, 32.558794, 32.55887, 32.558918, 32.558951, 32.558977, 32.559037, 32.559077, 32.55917, 32.559237, 32.55928, 32.559321, 32.559341, 32.559356, 32.559367, 32.559375, 32.559386, 32.55939, 32.559387, 32.559397, 32.559399, 32.559397, 32.55939, 32.559385, 32.55938, 32.55938, 32.559382, 32.559403, 32.55942, 32.559446, 32.559478, 32.559516, 32.559533, 32.559561, 32.559576, 32.559589, 32.5596, 32.559608, 32.559615, 32.559623, 32.559627, 32.559635, 32.559632, 32.559641, 32.559647, 
32.559658, 32.559658, 32.559664, 32.559687, 32.559717, 32.559743, 32.559785, 32.559821, 32.559837, 32.559867, 32.559902, 32.55993, 32.559978, 32.560034, 32.560065, 32.56011, 32.56015, 32.560189, 32.560234, 32.560278, 32.560536, 32.560694, 32.560752, 32.560838, 32.56094, 32.561041, 32.561172, 32.561552, 32.561875, 32.562226, 32.562429, 32.562823, 32.563202, 32.563493, 32.563653, 32.563988, 32.564177, 32.564467, 32.564817, 32.564854, 32.56462, 32.564016, 32.563784, 32.563682, 32.563485, 32.563279, 
32.563185, 32.562895, 32.562559, 32.562485, 32.562409, 32.562237, 32.562128, 32.561997, 32.561895, 32.561801, 32.561688, 32.561603, 32.561513, 32.561429, 32.561359, 32.561311, 32.561235, 32.561163, 32.561089, 32.560748, 32.560563, 32.56018, 32.559929, 32.559762, 32.559624, 32.559483, 32.559345, 32.559208, 32.558883, 32.558661, 32.558233, 32.557895, 32.557655, 32.557437, 32.557298, 32.557075, 32.556916, 32.556572, 32.55619, 32.555804, 32.555634, 32.555279, 32.554961, 32.554649, 32.554237, 32.553844, 
32.553633, 32.553376, 32.553138, 32.552909, 32.552778, 32.552643, 32.552497, 32.552299, 32.55202, 32.551673, 32.551425, 32.551194, 32.551216, -25.948888, -25.948838, -25.948685, -25.94855, -25.948419, -25.948383, -25.948311, -25.948225, -25.948162, -25.948135, -25.94809, -25.948055, -25.948059, -25.948068, -25.948073, -25.948051, -25.94801, -25.947965, -25.947879, -25.947803, -25.947681, -25.947618, -25.947541, -25.947451, -25.947397, -25.947275, -25.94718, -25.947131, -25.947086, -25.947032, -25.946959, 
-25.946914, -25.946851, -25.946811, -25.946761, -25.946721, -25.946658, -25.946608, -25.946523, -25.946455, -25.946334, -25.946226, -25.946127, -25.946077, -25.946014, -25.945974, -25.945929, -25.945902, -25.945843, -25.945821, -25.945776, -25.945754, -25.945727, -25.945691, -25.945668, -25.945651, -25.945637, -25.945624, -25.94561, -25.945579, -25.945575, -25.945561, -25.945544, -25.945517, -25.945463, -25.945423, -25.945424, -25.945419, -25.945348, -25.945249, -25.945155, -25.945043, -25.944963, 
-25.944859, -25.94481, -25.944779, -25.944703, -25.944662, -25.944617, -25.944568, -25.944528, -25.944496, -25.944456, -25.944402, -25.944321, -25.944223, -25.944165, -25.944111, -25.944169, -25.944246, -25.944328, -25.944391, -25.944454, -25.944504, -25.944581, -25.944635, -25.94487, -25.945001, -25.945087, -25.945151, -25.9452, -25.945313, -25.945381, -25.945544, -25.945707, -25.945815, -25.945906, -25.945964, -25.946019, -25.946082, -25.946199, -25.94629, -25.946375, -25.946448, -25.946624, -25.946683, 
-25.946746, -25.946859, -25.946994, -25.947111, -25.947157, -25.947206, -25.947364, -25.947509, -25.947671, -25.947915, -25.948087, -25.948236, -25.948367, -25.948457, -25.94853, -25.948602, -25.948692, -25.948769, -25.948873, -25.948932, -25.949081, -25.949212, -25.949288, -25.94937, -25.949437, -25.949514, -25.949632, -25.949749, -25.949844, -25.949916, -25.950007, -25.950106, -25.950142, -25.95021, -25.950296, -25.950359, -25.950418, -25.950463, -25.950491, -25.950527, -25.950595, -25.950681, 
-25.95073, -25.950749, -25.951327, -25.951739, -25.952005, -25.952321, -25.952547, -25.952823, -25.952891, -25.953051, -25.953146, -25.953278, -25.953396, -25.953863, -25.954207, -25.954632, -25.954899, -25.955482, -25.955758, -25.956355, -25.956966, -25.957034, -25.957105, -25.95727, -25.957355, -25.957314, -25.957075, -25.956961, -25.956907, -25.956743, -25.956553, -25.956498, -25.956439, -25.956303, -25.956222, -25.956126, -25.956054, -25.955981, -25.955886, -25.955818, -25.955746, -25.955651, 
-25.955551, -25.955479, -25.955379, -25.955289, -25.955194, -25.95484, -25.954646, -25.954265, -25.954003, -25.953844, -25.953749, -25.953645, -25.953559, -25.953486, -25.953331, -25.953222, -25.953018, -25.952868, -25.952741, -25.952627, -25.952536, -25.952387, -25.952296, -25.952083, -25.951851, -25.95162, -25.95152, -25.951302, -25.951112, -25.95093, -25.950689, -25.950472, -25.950349, -25.95019, -25.950049, -25.949918, -25.94985, -25.949759, -25.949677, -25.949555, -25.949396, -25.94921, -25.949064, 
-25.948924, -25.948888)),"1 - 25"
24,"chamanculo c",1.3869654601644,5095.7125989636,1,0,0,NA,list(c(32.549834, 32.550066, 32.550234, 32.550505, 32.550725, 32.551221, 32.551551, 32.551695, 32.551808, 32.551963, 32.552129, 32.552363, 32.552505, 32.552734, 32.552915, 32.55318, 32.553368, 32.553649, 32.553962, 32.554285, 32.554619, 32.554897, 32.555146, 32.555441, 32.555583, 32.555631, 32.555694, 32.555698, 32.555667, 32.555597, 32.555502, 32.55545, 32.555416, 32.555364, 32.555289, 32.555214, 32.555155, 32.555087, 32.555045, 32.554975, 32.554873, 32.554783, 32.554687, 32.554604, 32.554556, 32.554523, 
32.554497, 32.554481, 32.554487, 32.554507, 32.554506, 32.554528, 32.55455, 32.55458, 32.554595, 32.554586, 32.554586, 32.554548, 32.554519, 32.554513, 32.554512, 32.554512, 32.55451, 32.554518, 32.554511, 32.554502, 32.554493, 32.554508, 32.555229, 32.555792, 32.555918, 32.556003, 32.556034, 32.556069, 32.556119, 32.556387, 32.556482, 32.556624, 32.556763, 32.556889, 32.557013, 32.557127, 32.557242, 32.55736, 32.557427, 32.557488, 32.557549, 32.557623, 32.557736, 32.557839, 32.557897, 32.557926, 
32.557995, 32.558034, 32.558093, 32.558126, 32.558158, 32.55813, 32.558136, 32.558155, 32.558185, 32.558204, 32.558226, 32.558238, 32.558251, 32.558268, 32.558279, 32.558289, 32.558309, 32.558337, 32.558369, 32.558414, 32.558349, 32.558185, 32.557944, 32.557747, 32.55764, 32.557559, 32.557485, 32.557404, 32.557323, 32.557237, 32.557152, 32.55699, 32.556879, 32.556743, 32.5565, 32.556281, 32.556012, 32.555778, 32.555467, 32.555255, 32.555203, 32.555087, 32.554895, 32.554696, 32.554588, 32.554521, 
32.554468, 32.554396, 32.554278, 32.554223, 32.554175, 32.554136, 32.554096, 32.55405, 32.553987, 32.553928, 32.553884, 32.553777, 32.553724, 32.553611, 32.553562, 32.553499, 32.553448, 32.553369, 32.553306, 32.553199, 32.553082, 32.552975, 32.552924, 32.552856, 32.552819, 32.552777, 32.55274, 32.552694, 32.55265, 32.552589, 32.552547, 32.552481, 32.552448, 32.55242, 32.552398, 32.55236, 32.552318, 32.5523, 32.552267, 32.552247, 32.55223, 32.552194, 32.552168, 32.552139, 32.552119, 32.552095, 32.552045, 
32.551994, 32.551944, 32.551879, 32.551806, 32.55176, 32.55173, 32.551668, 32.551594, 32.551545, 32.551525, 32.551429, 32.551339, 32.551246, 32.551216, 32.551194, 32.549916, 32.549402, 32.54897, 32.548181, 32.547555, 32.547134, 32.546406, 32.546278, 32.546164, 32.545983, 32.545502, 32.545336, 32.545105, 32.544883, 32.544582, 32.544401, 32.54415, 32.543607, 32.543437, 32.543254, 32.543115, 32.54284, 32.542537, 32.542199, 32.542134, 32.542044, 32.54188, 32.541951, 32.542208, 32.542359, 32.542589, 32.542758, 
32.542953, 32.5431, 32.543243, 32.543355, 32.543434, 32.543677, 32.543879, 32.544074, 32.544202, 32.544375, 32.544932, 32.545296, 32.54554, 32.545713, 32.545944, 32.546172, 32.546389, 32.546624, 32.546887, 32.547069, 32.54733, 32.547567, 32.547784, 32.547975, 32.548251, 32.548464, 32.548828, 32.549067, 32.549265, 32.549473, 32.549776, 32.549834, -25.935077, -25.935123, -25.935164, -25.935233, -25.935292, -25.935393, -25.935434, -25.935476, -25.935512, -25.935535, -25.935554, -25.935568, -25.935577, 
-25.935587, -25.935597, -25.935602, -25.935607, -25.935608, -25.935591, -25.935574, -25.935543, -25.935508, -25.935468, -25.935419, -25.935384, -25.935497, -25.935673, -25.935727, -25.935817, -25.935907, -25.936052, -25.936146, -25.936214, -25.936322, -25.936426, -25.936543, -25.93666, -25.936768, -25.936836, -25.936953, -25.937133, -25.937291, -25.937318, -25.937345, -25.937394, -25.937426, -25.937457, -25.937507, -25.937575, -25.937642, -25.937705, -25.937782, -25.93785, -25.937927, -25.937995, 
-25.938053, -25.938135, -25.938225, -25.938342, -25.93841, -25.938478, -25.938532, -25.938595, -25.938685, -25.938861, -25.938965, -25.939028, -25.939069, -25.938999, -25.940454, -25.940468, -25.940487, -25.940523, -25.940568, -25.940604, -25.940854, -25.940971, -25.94108, -25.941207, -25.941338, -25.941461, -25.941542, -25.941651, -25.941764, -25.941832, -25.941891, -25.941954, -25.942031, -25.942154, -25.942267, -25.942312, -25.942344, -25.942398, -25.942421, -25.942457, -25.942489, -25.942516, 
-25.942575, -25.942665, -25.942805, -25.942986, -25.943171, -25.943284, -25.94341, -25.943519, -25.943632, -25.943704, -25.943772, -25.943848, -25.943916, -25.943993, -25.944111, -25.944165, -25.944223, -25.944321, -25.944402, -25.944456, -25.944496, -25.944528, -25.944568, -25.944617, -25.944662, -25.944703, -25.944779, -25.94481, -25.944859, -25.944963, -25.945043, -25.945155, -25.945249, -25.945348, -25.945419, -25.945424, -25.945423, -25.945463, -25.945517, -25.945544, -25.945561, -25.945575, 
-25.945579, -25.94561, -25.945624, -25.945637, -25.945651, -25.945668, -25.945691, -25.945727, -25.945754, -25.945776, -25.945821, -25.945843, -25.945902, -25.945929, -25.945974, -25.946014, -25.946077, -25.946127, -25.946226, -25.946334, -25.946455, -25.946523, -25.946608, -25.946658, -25.946721, -25.946761, -25.946811, -25.946851, -25.946914, -25.946959, -25.947032, -25.947086, -25.947131, -25.94718, -25.947275, -25.947397, -25.947451, -25.947541, -25.947618, -25.947681, -25.947803, -25.947879, 
-25.947965, -25.94801, -25.948051, -25.948073, -25.948068, -25.948059, -25.948055, -25.94809, -25.948135, -25.948162, -25.948225, -25.948311, -25.948383, -25.948419, -25.94855, -25.948685, -25.948838, -25.948888, -25.948924, -25.948188, -25.947889, -25.947639, -25.947185, -25.946822, -25.946581, -25.946155, -25.946073, -25.94601, -25.945905, -25.945628, -25.945533, -25.945397, -25.945265, -25.945088, -25.944988, -25.944829, -25.944525, -25.944443, -25.94433, -25.944248, -25.944112, -25.943962, -25.943803, 
-25.943762, -25.943717, -25.943603, -25.943509, -25.943234, -25.943058, -25.942833, -25.94264, -25.942455, -25.942284, -25.942149, -25.942019, -25.94191, -25.941672, -25.941438, -25.941244, -25.941087, -25.940907, -25.940317, -25.939925, -25.93966, -25.939471, -25.939223, -25.93898, -25.938755, -25.938507, -25.938219, -25.938026, -25.937742, -25.937481, -25.937251, -25.937053, -25.936761, -25.936513, -25.936148, -25.935901, -25.935685, -25.935446, -25.935149, -25.935077)),"1 - 25"
25,"chamanculo d",0.57169738714502,3512.8377758142,1,0,0,NA,list(c(32.555583, 32.555688, 32.555986, 32.556266, 32.55653, 32.556666, 32.556878, 32.557086, 32.557355, 32.557438, 32.557517, 32.557589, 32.557652, 32.557722, 32.557777, 32.558044, 32.558181, 32.558407, 32.558597, 32.558682, 32.558752, 32.558931, 32.559181, 32.559384, 32.559539, 32.559653, 32.559839, 32.560294, 32.560687, 32.561017, 32.561435, 32.561621, 32.562507, 32.562404, 32.562414, 32.562424, 32.562446, 32.562456, 32.562483, 32.562492, 32.562498, 32.562483, 32.562483, 32.5625, 32.562528, 32.562562, 
32.562614, 32.562641, 32.562633, 32.562622, 32.562621, 32.562311, 32.561624, 32.560033, 32.559587, 32.559624, 32.559643, 32.559676, 32.5597, 32.559715, 32.559732, 32.559745, 32.559782, 32.559814, 32.559845, 32.559875, 32.559964, 32.56006, 32.560151, 32.560205, 32.560253, 32.56027, 32.560318, 32.560379, 32.560427, 32.560455, 32.560483, 32.560507, 32.560518, 32.560529, 32.560555, 32.560596, 32.560633, 32.560668, 32.5607, 32.560726, 32.560757, 32.560791, 32.560833, 32.560863, 32.560882, 32.560917, 32.560937, 
32.560967, 32.560982, 32.561004, 32.561036, 32.561073, 32.5611, 32.561141, 32.561187, 32.561228, 32.561256, 32.561309, 32.56138, 32.561415, 32.56153, 32.561353, 32.561237, 32.561032, 32.560916, 32.560671, 32.56054, 32.56042, 32.560326, 32.560241, 32.560173, 32.560118, 32.560075, 32.559985, 32.559946, 32.559878, 32.559785, 32.559702, 32.559582, 32.559489, 32.559339, 32.559225, 32.559036, 32.558857, 32.558751, 32.55867, 32.558577, 32.558487, 32.55839, 32.558322, 32.558294, 32.558158, 32.558126, 32.558093, 
32.558034, 32.557995, 32.557926, 32.557897, 32.557839, 32.557736, 32.557623, 32.557549, 32.557488, 32.557427, 32.55736, 32.557242, 32.557127, 32.557013, 32.556889, 32.556763, 32.556624, 32.556482, 32.556387, 32.556119, 32.556069, 32.556034, 32.556003, 32.555918, 32.555792, 32.555229, 32.554508, 32.554493, 32.554502, 32.554511, 32.554518, 32.55451, 32.554512, 32.554512, 32.554513, 32.554519, 32.554548, 32.554586, 32.554586, 32.554595, 32.55458, 32.55455, 32.554528, 32.554506, 32.554507, 32.554487, 
32.554481, 32.554497, 32.554523, 32.554556, 32.554604, 32.554687, 32.554783, 32.554873, 32.554975, 32.555045, 32.555087, 32.555155, 32.555214, 32.555289, 32.555364, 32.555416, 32.55545, 32.555502, 32.555597, 32.555667, 32.555698, 32.555694, 32.555631, 32.555583, -25.935384, -25.935357, -25.935281, -25.935201, -25.935125, -25.935084, -25.935035, -25.934982, -25.934901, -25.934879, -25.934857, -25.934839, -25.934821, -25.934799, -25.934785, -25.934718, -25.934678, -25.93462, -25.934576, -25.934553, 
-25.934535, -25.934491, -25.934428, -25.934375, -25.934335, -25.934303, -25.934259, -25.934134, -25.934027, -25.933951, -25.933853, -25.933799, -25.934574, -25.934777, -25.935007, -25.935332, -25.935626, -25.936086, -25.936511, -25.936886, -25.937193, -25.93745, -25.937567, -25.937635, -25.937739, -25.937969, -25.93829, -25.93857, -25.938742, -25.939003, -25.93922, -25.93926, -25.939465, -25.940838, -25.940949, -25.940994, -25.941031, -25.941098, -25.941144, -25.941184, -25.941234, -25.941275, -25.941388, 
-25.941451, -25.941519, -25.941564, -25.941695, -25.941872, -25.942057, -25.942147, -25.942229, -25.94227, -25.942297, -25.942324, -25.942374, -25.942424, -25.942469, -25.942519, -25.942564, -25.9426, -25.942659, -25.942731, -25.942799, -25.942867, -25.942926, -25.942975, -25.94303, -25.943084, -25.943152, -25.943201, -25.943242, -25.943301, -25.943346, -25.943409, -25.943446, -25.943486, -25.943545, -25.94359, -25.943622, -25.943663, -25.943704, -25.943744, -25.943776, -25.943839, -25.943939, -25.943989, 
-25.944165, -25.944192, -25.9442, -25.944218, -25.944226, -25.944244, -25.944252, -25.944266, -25.944288, -25.944306, -25.944315, -25.944314, -25.944305, -25.944273, -25.944228, -25.944169, -25.944083, -25.943997, -25.943888, -25.943793, -25.943639, -25.943535, -25.943377, -25.943218, -25.943123, -25.943037, -25.942942, -25.942842, -25.942724, -25.942647, -25.942616, -25.942516, -25.942489, -25.942457, -25.942421, -25.942398, -25.942344, -25.942312, -25.942267, -25.942154, -25.942031, -25.941954, 
-25.941891, -25.941832, -25.941764, -25.941651, -25.941542, -25.941461, -25.941338, -25.941207, -25.94108, -25.940971, -25.940854, -25.940604, -25.940568, -25.940523, -25.940487, -25.940468, -25.940454, -25.938999, -25.939069, -25.939028, -25.938965, -25.938861, -25.938685, -25.938595, -25.938532, -25.938478, -25.93841, -25.938342, -25.938225, -25.938135, -25.938053, -25.937995, -25.937927, -25.93785, -25.937782, -25.937705, -25.937642, -25.937575, -25.937507, -25.937457, -25.937426, -25.937394, 
-25.937345, -25.937318, -25.937291, -25.937133, -25.936953, -25.936836, -25.936768, -25.93666, -25.936543, -25.936426, -25.936322, -25.936214, -25.936146, -25.936052, -25.935907, -25.935817, -25.935727, -25.935673, -25.935497, -25.935384)),"1 - 25"
26,"cikuama",3.2214267460526,8884.5634934456,2,0,0,NA,list(c(32.421693, 32.426384, 32.446486, 32.454174, 32.456486, 32.456171, 32.44181, 32.421693, -25.901435, -25.88472, -25.895169, -25.89932, -25.900512, -25.900506, -25.900894, -25.901435)),"1 - 25"
27,"cobe",22.922241241804,24715.773196765,2,26,7,3,list(c(32.458773, 32.461653, 32.463705, 32.466845, 32.46865, 32.470818, 32.473199, 32.474576, 32.480697, 32.48405, 32.486358, 32.486743, 32.490188, 32.493323, 32.496677, 32.498021, 32.498854, 32.501072, 32.502056, 32.502677, 32.503199, 32.503702, 32.504165, 32.504104, 32.503773, 32.503015, 32.502274, 32.501982, 32.501824, 32.501761, 32.50158, 32.501399, 32.501299, 32.501295, 32.501271, 32.501266, 32.501534, 32.501552, 32.501395, 32.501277, 32.501256, 32.500905, 32.500979, 32.501093, 32.501304, 32.501513, 
32.501801, 32.501819, 32.502278, 32.502331, 32.502326, 32.502382, 32.502531, 32.502644, 32.502641, 32.502695, 32.502922, 32.503127, 32.50352, 32.504094, 32.504762, 32.50503, 32.505354, 32.505599, 32.505766, 32.50265, 32.505318, 32.505234, 32.505231, 32.505151, 32.505148, 32.504795, 32.50514, 32.505139, 32.505561, 32.506235, 32.506233, 32.506674, 32.506825, 32.50727, 32.507342, 32.507934, 32.506966, 32.505219, 32.503782, 32.50126, 32.500175, 32.497931, 32.496574, 32.495275, 32.494534, 32.494106, 32.49288, 
32.490779, 32.487465, 32.487364, 32.487385, 32.487393, 32.487246, 32.487131, 32.486436, 32.486375, 32.487105, 32.487769, 32.487112, 32.485607, 32.481802, 32.481744, 32.462067, 32.461034, 32.460828, 32.450357, 32.451034, 32.451715, 32.451775, 32.452337, 32.454507, 32.455907, 32.457715, 32.458773, -25.819157, -25.817669, -25.816995, -25.815047, -25.81346, -25.812732, -25.811851, -25.81084, -25.807801, -25.805677, -25.804367, -25.804147, -25.803144, -25.802175, -25.799807, -25.797121, -25.796875, -25.793072, 
-25.793459, -25.793042, -25.792764, -25.792711, -25.793047, -25.793661, -25.794269, -25.795336, -25.796837, -25.7975, -25.798285, -25.799459, -25.80112, -25.802871, -25.803638, -25.80441, -25.805652, -25.806929, -25.807368, -25.807802, -25.808451, -25.808871, -25.809182, -25.809953, -25.810671, -25.811195, -25.811598, -25.812371, -25.812914, -25.813194, -25.814315, -25.815642, -25.816798, -25.817394, -25.818582, -25.819251, -25.820018, -25.820944, -25.822277, -25.824061, -25.827056, -25.828493, -25.830523, 
-25.831309, -25.83243, -25.833885, -25.833967, -25.836182, -25.837491, -25.838119, -25.83866, -25.839446, -25.840127, -25.841214, -25.841915, -25.842385, -25.843086, -25.84363, -25.844244, -25.845171, -25.845962, -25.845963, -25.847119, -25.848751, -25.849249, -25.850995, -25.852354, -25.854305, -25.854897, -25.855345, -25.855914, -25.856889, -25.858322, -25.858971, -25.860786, -25.863786, -25.865964, -25.866036, -25.865909, -25.86423, -25.862392, -25.8577, -25.852817, -25.849178, -25.845736, -25.844234, 
-25.844038, -25.843387, -25.842583, -25.842655, -25.850178, -25.850513, -25.850417, -25.827754, -25.827463, -25.826675, -25.826274, -25.825892, -25.824726, -25.822966, -25.820734, -25.819157)),"26 - 50"
28,"congolote",10.609972609122,15015.100905939,2,0,0,NA,list(c(32.533964, 32.538455, 32.544123, 32.546957, 32.543966, 32.562452, 32.566506, 32.566065, 32.565918, 32.565123, 32.565251, 32.565725, 32.56585, 32.565273, 32.564985, 32.564068, 32.56173, 32.561651, 32.561576, 32.561428, 32.561275, 32.561056, 32.560681, 32.559015, 32.557626, 32.556778, 32.556121, 32.554775, 32.552636, 32.549192, 32.533964, -25.851551, -25.845044, -25.8381, -25.830306, -25.817835, -25.816639, -25.816932, -25.818619, -25.820393, -25.826729, -25.83017, -25.834858, -25.839071, -25.843264, 
-25.845407, -25.84661, -25.852802, -25.855276, -25.856544, -25.85863, -25.861993, -25.8642, -25.864958, -25.865147, -25.864303, -25.863496, -25.863264, -25.861355, -25.859285, -25.859026, -25.851551)),"1 - 25"
29,"coop",0.66662461282664,3929.6788672225,1,0,0,NA,list(c(32.591397, 32.59145, 32.592074, 32.591868, 32.594012, 32.596659, 32.594585, 32.593715, 32.59336, 32.592634, 32.592083, 32.591777, 32.590471, 32.5897, 32.589327, 32.588888, 32.588299, 32.587448, 32.58715, 32.586792, 32.586484, 32.586434, 32.586334, 32.586079, 32.585868, 32.585691, 32.585656, 32.584335, 32.584399, 32.588794, 32.588884, 32.589216, 32.589635, 32.590221, 32.59032, 32.59043, 32.590639, 32.590816, 32.590955, 32.591258, 32.591397, -25.949056, -25.949084, -25.949541, -25.949825, -25.950992, 
-25.95239, -25.95535, -25.95486, -25.955365, -25.954979, -25.955776, -25.956227, -25.958111, -25.959224, -25.959755, -25.9604, -25.961274, -25.960815, -25.960629, -25.960439, -25.960271, -25.960239, -25.96018, -25.960039, -25.959917, -25.959799, -25.959776, -25.958969, -25.958879, -25.952801, -25.952566, -25.952111, -25.951526, -25.950737, -25.950615, -25.950453, -25.950133, -25.949876, -25.949696, -25.949273, -25.949056)),"1 - 25"
30,"costa do sol",34.289612211184,26543.124342572,1,22,1,1,list(c(32.644169, 32.670758, 32.670618, 32.683446, 32.692503, 32.692728, 32.692915, 32.692531, 32.686541, 32.679804, 32.676251, 32.674177, 32.67081, 32.667046, 32.664982, 32.660491, 32.654875, 32.650181, 32.643255, 32.636873, 32.630456, 32.630405, 32.629375, 32.629277, 32.629136, 32.629066, 32.628996, 32.628926, 32.628786, 32.626571, 32.619453, 32.617792, 32.618424, 32.618424, 32.62223, 32.62224, 32.623519, 32.625648, 32.628084, 32.628103, 32.632011, 32.633986, 32.634735, 32.636624, 32.637551, 32.638618, 
32.640284, 32.64101, 32.641856, 32.644169, -25.84309, -25.853253, -25.853252, -25.857918, -25.860886, -25.86094, -25.862647, -25.864335, -25.868715, -25.873604, -25.879497, -25.883213, -25.887603, -25.893495, -25.898394, -25.902943, -25.907666, -25.913904, -25.919788, -25.92654, -25.93214, -25.93209, -25.931067, -25.931067, -25.931067, -25.931039, -25.931012, -25.930962, -25.930786, -25.92966, -25.924689, -25.924405, -25.921874, -25.921815, -25.908637, -25.908601, -25.904459, -25.8973, -25.889107, 
-25.889044, -25.878163, -25.870502, -25.867199, -25.863068, -25.860145, -25.85724, -25.85412, -25.851774, -25.849338, -25.84309)),"1 - 25"
31,"cumbeza",20.281020516703,21651.991940684,1,50,11,2,list(c(32.583619, 32.583706, 32.591808, 32.600657, 32.603063, 32.608732, 32.603948, 32.600475, 32.602284, 32.604194, 32.605564, 32.608749, 32.611868, 32.611426, 32.605369, 32.616643, 32.609801, 32.609806, 32.584731, 32.571793, 32.566523, 32.566562, 32.566647, 32.566648, 32.566975, 32.56853, 32.569024, 32.569715, 32.569857, 32.570085, 32.570171, 32.570369, 32.570964, 32.571148, 32.571162, 32.571093, 32.571248, 32.571263, 32.571334, 32.571644, 32.571771, 32.571773, 32.571647, 32.572385, 32.572626, 
32.573078, 32.573267, 32.573324, 32.573242, 32.573413, 32.573332, 32.573547, 32.573702, 32.573759, 32.573873, 32.574268, 32.574578, 32.574819, 32.574904, 32.575536, 32.575775, 32.577166, 32.579491, 32.581988, 32.583167, 32.583613, 32.583619, -25.769664, -25.769615, -25.774988, -25.770566, -25.771313, -25.773075, -25.778376, -25.781785, -25.782616, -25.78361, -25.783939, -25.783704, -25.783635, -25.78502, -25.803971, -25.806936, -25.828473, -25.828775, -25.821224, -25.817326, -25.816868, -25.816805, 
-25.816498, -25.816498, -25.81533, -25.808174, -25.807272, -25.806385, -25.805866, -25.804774, -25.804278, -25.803822, -25.802136, -25.801779, -25.80173, -25.801554, -25.801301, -25.801071, -25.800895, -25.800323, -25.80026, -25.799713, -25.799609, -25.797228, -25.796528, -25.795514, -25.793776, -25.793483, -25.792887, -25.792174, -25.791311, -25.790057, -25.789813, -25.789511, -25.789127, -25.788293, -25.787911, -25.787365, -25.787126, -25.786834, -25.786582, -25.78594, -25.782873, -25.778916, -25.774427, 
-25.771394, -25.769664)),"26 - 50"
32,"ferroviario",3.4471074375048,7421.049236537,1,0,0,NA,list(c(32.603804, 32.603759, 32.603592, 32.603425, 32.6033, 32.603132, 32.603007, 32.602742, 32.602142, 32.601333, 32.60111, 32.600776, 32.600455, 32.600219, 32.599885, 32.599824, 32.5999, 32.600815, 32.601673, 32.602095, 32.602743, 32.603587, 32.604544, 32.604868, 32.605036, 32.605205, 32.605303, 32.605835, 32.606017, 32.606116, 32.606214, 32.606496, 32.606819, 32.607171, 32.60748, 32.607804, 32.608365, 32.609151, 32.609923, 32.611129, 32.611536, 32.612308, 32.612476, 32.612518, 32.612603, 32.613192, 
32.61329, 32.61343, 32.613599, 32.613921, 32.614202, 32.614483, 32.614735, 32.614988, 32.61503, 32.615465, 32.616335, 32.62224, 32.62223, 32.618424, 32.618424, 32.617792, 32.616646, 32.616099, 32.615635, 32.615537, 32.614441, 32.614202, 32.613514, 32.613331, 32.611743, 32.611588, 32.610576, 32.608454, 32.606795, 32.606626, 32.606341, 32.605831, 32.605581, 32.60515, 32.604913, 32.604873, 32.604566, 32.604302, 32.604121, 32.60401, 32.603912, 32.603804, -25.918985, -25.918872, -25.918425, -25.918009, 
-25.917738, -25.917385, -25.917091, -25.916558, -25.915414, -25.913696, -25.913226, -25.912512, -25.911698, -25.911093, -25.910049, -25.909827, -25.909769, -25.909135, -25.908604, -25.908339, -25.907885, -25.907291, -25.906684, -25.906468, -25.906419, -25.906442, -25.906443, -25.906787, -25.906851, -25.906829, -25.906815, -25.906663, -25.906487, -25.906308, -25.906119, -25.905993, -25.906045, -25.906187, -25.906315, -25.906549, -25.90664, -25.906755, -25.906769, -25.906769, -25.906783, -25.906911, 
-25.906911, -25.906934, -25.906998, -25.907075, -25.907103, -25.907131, -25.907168, -25.907195, -25.907218, -25.907323, -25.907488, -25.908601, -25.908637, -25.921815, -25.921874, -25.924405, -25.924212, -25.924098, -25.924033, -25.92406, -25.924269, -25.924282, -25.924357, -25.924524, -25.924863, -25.925011, -25.925365, -25.925892, -25.926448, -25.926461, -25.926537, -25.924973, -25.924182, -25.922876, -25.922162, -25.92204, -25.921123, -25.920359, -25.919813, -25.919519, -25.919252, -25.918985)),"1 - 25"
33,"fomento",4.0306748236849,9128.873406168,2,0,0,NA,list(c(32.490284, 32.490344, 32.490686, 32.49095, 32.491049, 32.491065, 32.491092, 32.491122, 32.491141, 32.49116, 32.491208, 32.491237, 32.491255, 32.491311, 32.491343, 32.49136, 32.491386, 32.491532, 32.486604, 32.484062, 32.484005, 32.483955, 32.483616, 32.47771, 32.476131, 32.474546, 32.473919, 32.473524, 32.47274, 32.472097, 32.471721, 32.471222, 32.470945, 32.470423, 32.470152, 32.470126, 32.469321, 32.469194, 32.468949, 32.469956, 32.470301, 32.470672, 32.471219, 32.471623, 32.47259, 32.47312, 
32.473704, 32.474436, 32.475268, 32.476086, 32.476901, 32.477855, 32.478803, 32.47978, 32.481225, 32.482162, 32.483173, 32.483892, 32.484674, 32.485479, 32.486642, 32.487745, 32.488487, 32.488855, 32.489014, 32.489064, 32.488507, 32.48794, 32.487478, 32.487528, 32.48767, 32.488455, 32.4893, 32.489794, 32.490145, 32.490284, -25.918391, -25.918428, -25.918628, -25.918782, -25.918841, -25.920647, -25.922083, -25.923555, -25.92444, -25.924738, -25.92509, -25.92528, -25.925745, -25.928093, -25.930409, 
-25.931312, -25.932829, -25.938026, -25.940858, -25.942289, -25.942321, -25.942347, -25.94254, -25.945896, -25.946789, -25.947646, -25.945693, -25.944563, -25.942271, -25.940372, -25.939269, -25.9378, -25.936896, -25.935197, -25.934342, -25.934252, -25.931612, -25.931151, -25.930415, -25.930066, -25.929977, -25.92982, -25.929628, -25.929481, -25.92911, -25.928917, -25.928698, -25.928435, -25.928135, -25.927795, -25.927491, -25.927142, -25.926762, -25.926413, -25.925881, -25.925528, -25.92517, -25.924929, 
-25.924634, -25.924357, -25.923873, -25.923471, -25.923184, -25.923046, -25.922965, -25.922861, -25.92164, -25.920446, -25.919483, -25.919416, -25.919366, -25.919076, -25.918736, -25.918561, -25.918413, -25.918391)),"1 - 25"
34,"fplm",0.943564314902,4661.1929794502,1,51,8,1,list(c(32.588503, 32.604873, 32.604913, 32.60515, 32.605581, 32.605831, 32.606341, 32.597997, 32.591644, 32.588362, 32.588327, 32.588286, 32.58823, 32.588231, 32.588232, 32.588233, 32.588234, 32.588291, 32.588321, 32.58828, 32.588295, 32.588296, 32.588339, 32.588411, 32.58844, 32.588371, 32.588498, 32.588503, -25.926329, -25.92204, -25.922162, -25.922876, -25.924182, -25.924973, -25.926537, -25.928735, -25.930433, -25.931304, -25.931169, -25.93088, -25.930563, -25.930396, -25.930053, -25.929683, 
-25.929457, -25.929214, -25.928848, -25.928541, -25.928225, -25.927855, -25.927552, -25.927223, -25.92679, -25.9266, -25.92637, -25.926329)),"51 - 75"
35,"george dimitrov",4.852048015823,10584.187208279,1,3,0,0,list(c(32.560409, 32.568493, 32.583591, 32.583651, 32.583624, 32.583399, 32.58302, 32.58274, 32.582052, 32.581533, 32.581267, 32.581168, 32.581098, 32.581056, 32.581042, 32.581042, 32.581041, 32.581038, 32.580941, 32.580896, 32.580922, 32.580906, 32.581243, 32.581636, 32.581902, 32.58245, 32.583628, 32.585102, 32.58593, 32.586169, 32.586323, 32.586379, 32.586393, 32.586407, 32.586407, 32.586435, 32.587698, 32.588787, 32.587423, 32.587324, 32.586435, 32.58467, 32.584458, 32.584006, 32.583639, 32.583442, 
32.5833, 32.583159, 32.583047, 32.58299, 32.582951, 32.582835, 32.582765, 32.582681, 32.582582, 32.582498, 32.582428, 32.582372, 32.582245, 32.582189, 32.582119, 32.582019, 32.581963, 32.581922, 32.58188, 32.581795, 32.581669, 32.581543, 32.58143, 32.581233, 32.581121, 32.581037, 32.58084, 32.580671, 32.580516, 32.58032, 32.580066, 32.579856, 32.579659, 32.579476, 32.579251, 32.578956, 32.578548, 32.57828, 32.578041, 32.575876, 32.57582, 32.575667, 32.575627, 32.5756, 32.575601, 32.57556, 32.575477, 
32.575435, 32.575407, 32.575351, 32.575281, 32.575197, 32.575085, 32.574733, 32.574607, 32.574537, 32.574453, 32.574299, 32.574186, 32.574088, 32.573962, 32.573849, 32.573681, 32.573527, 32.573302, 32.572895, 32.5726, 32.572376, 32.571969, 32.571702, 32.571478, 32.571309, 32.571197, 32.571141, 32.571113, 32.571056, 32.570972, 32.570888, 32.570818, 32.570705, 32.570536, 32.570396, 32.570101, 32.56989, 32.569708, 32.569553, 32.569441, 32.569034, 32.568935, 32.568865, 32.568767, 32.568725, 32.568655, 
32.568613, 32.568487, 32.56836, 32.56822, 32.568136, 32.568066, 32.568024, 32.56801, 32.567954, 32.567898, 32.567814, 32.567744, 32.56766, 32.567561, 32.567491, 32.567449, 32.567365, 32.567295, 32.567112, 32.56707, 32.567, 32.56693, 32.566874, 32.566761, 32.566691, 32.566607, 32.566242, 32.5662, 32.566158, 32.566116, 32.566074, 32.566018, 32.565948, 32.565864, 32.565794, 32.565751, 32.565695, 32.565639, 32.565597, 32.565527, 32.565471, 32.565204, 32.56498, 32.564376, 32.564292, 32.56359, 32.562103, 
32.558285, 32.55778, 32.557731, 32.557738, 32.55778, 32.557823, 32.557908, 32.557979, 32.558064, 32.558135, 32.558249, 32.558334, 32.558376, 32.558447, 32.55849, 32.558532, 32.558546, 32.558575, 32.558603, 32.558646, 32.55866, 32.55869, 32.558733, 32.558748, 32.558777, 32.558777, 32.558792, 32.558806, 32.55882, 32.558835, 32.55885, 32.55885, 32.558865, 32.558865, 32.558893, 32.558879, 32.558908, 32.558908, 32.558908, 32.558908, 32.558923, 32.558952, 32.558952, 32.558966, 32.558981, 32.558995, 32.55901, 
32.55901, 32.558996, 32.558982, 32.55894, 32.558899, 32.558857, 32.558829, 32.558787, 32.558718, 32.558662, 32.558648, 32.558634, 32.558663, 32.558719, 32.558748, 32.558805, 32.558833, 32.558862, 32.558876, 32.558876, 32.55889, 32.558905, 32.558919, 32.558933, 32.55899, 32.559032, 32.559032, 32.559061, 32.559174, 32.559196, 32.559231, 32.559246, 32.559274, 32.559303, 32.559317, 32.559359, 32.559388, 32.559416, 32.559416, 32.559431, 32.559417, 32.559431, 32.559459, 32.559488, 32.559516, 32.559573, 
32.559587, 32.559587, 32.559601, 32.559616, 32.55963, 32.559644, 32.559658, 32.559659, 32.559687, 32.559772, 32.559814, 32.559913, 32.559956, 32.559998, 32.560055, 32.560098, 32.560127, 32.560128, 32.560132, 32.560133, 32.560161, 32.560161, 32.560162, 32.560205, 32.560278, 32.560293, 32.560307, 32.560336, 32.56035, 32.560351, 32.560365, 32.56038, 32.560409, -25.874334, -25.874945, -25.876087, -25.878611, -25.878814, -25.878791, -25.87874, -25.878698, -25.878584, -25.878492, -25.878441, -25.878414, 
-25.878414, -25.878477, -25.878517, -25.878567, -25.878657, -25.879709, -25.88305, -25.883836, -25.884549, -25.885118, -25.885132, -25.885161, -25.885184, -25.885249, -25.885379, -25.885514, -25.885552, -25.885553, -25.88558, -25.88559, -25.88563, -25.885666, -25.88573, -25.885757, -25.885837, -25.885876, -25.888107, -25.888261, -25.889743, -25.892596, -25.892912, -25.89366, -25.894255, -25.894561, -25.8948, -25.89503, -25.895183, -25.895282, -25.895346, -25.895386, -25.895408, -25.895421, -25.895435, 
-25.895435, -25.895448, -25.895461, -25.895497, -25.89551, -25.895533, -25.895803, -25.895812, -25.895726, -25.895559, -25.8956, -25.895685, -25.895725, -25.895747, -25.89576, -25.895774, -25.89581, -25.895913, -25.896012, -25.896088, -25.896178, -25.89629, -25.89638, -25.896456, -25.896491, -25.896567, -25.896734, -25.896999, -25.897188, -25.89734, -25.894336, -25.894309, -25.893699, -25.893229, -25.893053, -25.892823, -25.892317, -25.891947, -25.891897, -25.89187, -25.891856, -25.891833, -25.891833, 
-25.891819, -25.891818, -25.891782, -25.891781, -25.891781, -25.891767, -25.891767, -25.891753, -25.891753, -25.891752, -25.891738, -25.891724, -25.891715, -25.891686, -25.891658, -25.891644, -25.891593, -25.891579, -25.891556, -25.891555, -25.891555, -25.891568, -25.891604, -25.891618, -25.891617, -25.891617, -25.891639, -25.89168, -25.891729, -25.891769, -25.891818, -25.891881, -25.891916, -25.891943, -25.891942, -25.891941, -25.891941, -25.891941, -25.891913, -25.891913, -25.891863, -25.891836, 
-25.891786, -25.891763, -25.891736, -25.891699, -25.891658, -25.891622, -25.891568, -25.891532, -25.891504, -25.891468, -25.891454, -25.891427, -25.891404, -25.89139, -25.891377, -25.89139, -25.89139, -25.891362, -25.891362, -25.891362, -25.891375, -25.891388, -25.891388, -25.891361, -25.891288, -25.891287, -25.891274, -25.891273, -25.89126, -25.89126, -25.891246, -25.891219, -25.891196, -25.891169, -25.891146, -25.891119, -25.891091, -25.891082, -25.891068, -25.891068, -25.891067, -25.891089, -25.891088, 
-25.891087, -25.891076, -25.890814, -25.8905, -25.890548, -25.890553, -25.890512, -25.890395, -25.890255, -25.89003, -25.889786, -25.889533, -25.88933, -25.889028, -25.888834, -25.888695, -25.888568, -25.888442, -25.888352, -25.888289, -25.888203, -25.888086, -25.887959, -25.88782, -25.887504, -25.887133, -25.886971, -25.886727, -25.886565, -25.886425, -25.886348, -25.886285, -25.886118, -25.886005, -25.885928, -25.885766, -25.885626, -25.885585, -25.885549, -25.885509, -25.885436, -25.885382, -25.885283, 
-25.885093, -25.885003, -25.884899, -25.8848, -25.884647, -25.88457, -25.884471, -25.884407, -25.884358, -25.884303, -25.884226, -25.884127, -25.884037, -25.883951, -25.883874, -25.883734, -25.88363, -25.883544, -25.883476, -25.883413, -25.8833, -25.883201, -25.882998, -25.882908, -25.882818, -25.882705, -25.882642, -25.882578, -25.882529, -25.882475, -25.882439, -25.882335, -25.882209, -25.882145, -25.882069, -25.881739, -25.881649, -25.8815, -25.88141, -25.881297, -25.881207, -25.881157, -25.881054, 
-25.880991, -25.880941, -25.880788, -25.880724, -25.880688, -25.880634, -25.880571, -25.880485, -25.880395, -25.880296, -25.880255, -25.880192, -25.880156, -25.880093, -25.880025, -25.879989, -25.879926, -25.879863, -25.8798, -25.879687, -25.87957, -25.879394, -25.879268, -25.879065, -25.878862, -25.878595, -25.878379, -25.878239, -25.877196, -25.876929, -25.87679, -25.87674, -25.87669, -25.876234, -25.875625, -25.875408, -25.875291, -25.875129, -25.874975, -25.874926, -25.874786, -25.874582, -25.874334
)),"1 - 25"
36,"golhoza",11.074678255851,16074.397847643,2,0,0,NA,list(c(32.481335, 32.484659, 32.488463, 32.492539, 32.495648, 32.499936, 32.507063, 32.508821, 32.510232, 32.510658, 32.511141, 32.511623, 32.513075, 32.514947, 32.517881, 32.519658, 32.525359, 32.530771, 32.532535, 32.533131, 32.531709, 32.529331, 32.529022, 32.527028, 32.52465, 32.523991, 32.522571, 32.521135, 32.5197, 32.51821, 32.515825, 32.514135, 32.512641, 32.51039, 32.510313, 32.503705, 32.500089, 32.495211, 32.490546, 32.488416, 32.487681, 32.486171, 32.484741, 32.479724, 32.474634, 32.475633, 
32.477082, 32.47845, 32.47957, 32.481257, 32.481335, -25.727604, -25.727232, -25.727525, -25.727504, -25.72755, -25.727669, -25.72759, -25.727455, -25.72732, -25.727164, -25.727129, -25.727217, -25.72654, -25.726704, -25.727346, -25.727401, -25.72658, -25.725532, -25.725099, -25.724953, -25.728208, -25.728291, -25.728308, -25.729439, -25.729955, -25.730445, -25.732906, -25.734739, -25.735975, -25.736725, -25.73892, -25.741221, -25.742986, -25.745268, -25.745304, -25.750284, -25.751008, -25.753212, 
-25.755435, -25.756638, -25.756933, -25.757397, -25.757605, -25.757849, -25.758092, -25.755157, -25.750561, -25.745378, -25.740055, -25.727798, -25.727604)),"1 - 25"
37,"guava",7.8925184259097,11285.11148063,1,7,2,0,list(c(32.616643, 32.628452, 32.647514, 32.637295, 32.637177, 32.624969, 32.609806, 32.609801, 32.616643, -25.806936, -25.810037, -25.815042, -25.836757, -25.837014, -25.833339, -25.828775, -25.828473, -25.806936)),"1 - 25"
38,"hulene a",1.2684033095889,5005.6182069068,1,45,7,0,list(c(32.599824, 32.599885, 32.600219, 32.600455, 32.600776, 32.60111, 32.601333, 32.602142, 32.602742, 32.603007, 32.603132, 32.6033, 32.603425, 32.603592, 32.603759, 32.603804, 32.603688, 32.602943, 32.602255, 32.601524, 32.601032, 32.600695, 32.600259, 32.599781, 32.59957, 32.599036, 32.598488, 32.598165, 32.598038, 32.59794, 32.597603, 32.597364, 32.596675, 32.595902, 32.595354, 32.594511, 32.594342, 32.593133, 32.592191, 32.591011, 32.590196, 32.589915, 32.589535, 32.589268, 32.588912, 32.589091, 
32.589035, 32.588009, 32.587728, 32.587462, 32.587349, 32.587223, 32.587083, 32.587069, 32.586985, 32.586985, 32.586958, 32.586916, 32.586847, 32.586763, 32.586625, 32.586403, 32.586388, 32.586375, 32.586375, 32.586839, 32.587037, 32.587332, 32.58736, 32.587473, 32.587712, 32.588458, 32.589204, 32.589514, 32.589654, 32.589725, 32.589809, 32.590091, 32.590541, 32.591695, 32.592751, 32.593567, 32.595059, 32.595636, 32.597156, 32.597677, 32.598451, 32.598718, 32.599084, 32.599436, 32.599633, 32.599824, 
-25.909827, -25.910049, -25.911093, -25.911698, -25.912512, -25.913226, -25.913696, -25.915414, -25.916558, -25.917091, -25.917385, -25.917738, -25.918009, -25.918425, -25.918872, -25.918985, -25.919012, -25.919227, -25.919415, -25.919616, -25.919741, -25.919817, -25.919928, -25.920067, -25.92013, -25.920268, -25.92042, -25.920505, -25.920532, -25.920545, -25.920657, -25.920733, -25.920921, -25.921108, -25.921274, -25.921488, -25.921551, -25.921863, -25.922127, -25.922431, -25.922641, -25.922717, 
-25.922833, -25.922895, -25.922971, -25.921432, -25.921432, -25.921429, -25.921442, -25.921482, -25.921531, -25.921594, -25.921413, -25.921341, -25.9212, -25.921074, -25.92092, -25.920753, -25.920527, -25.92031, -25.919904, -25.91919, -25.919126, -25.919041, -25.918973, -25.918645, -25.918505, -25.91833, -25.918303, -25.918231, -25.918051, -25.917561, -25.917053, -25.916837, -25.916752, -25.916698, -25.916675, -25.91646, -25.916154, -25.915358, -25.914639, -25.914108, -25.913096, -25.912705, -25.911653, 
-25.911311, -25.910767, -25.910578, -25.910349, -25.910138, -25.909971, -25.909827)),"26 - 50"
39,"hulene b",3.657994115777,10401.227981596,1,47,4,0,list(c(32.596812, 32.596867, 32.597077, 32.5974, 32.597904, 32.598311, 32.598886, 32.599391, 32.599896, 32.600443, 32.601032, 32.601818, 32.602604, 32.603067, 32.604793, 32.604516, 32.60435, 32.604152, 32.60408, 32.603937, 32.603681, 32.603552, 32.60341, 32.603211, 32.603069, 32.602941, 32.602743, 32.60246, 32.602403, 32.602289, 32.60178, 32.601639, 32.601497, 32.601228, 32.60096, 32.600719, 32.600153, 32.600053, 32.599898, 32.59977, 32.599642, 32.599528, 32.599442, 32.599399, 32.599299, 32.599213, 
32.599156, 32.599141, 32.599054, 32.599023, 32.599008, 32.599006, 32.599018, 32.599045, 32.599113, 32.59914, 32.599167, 32.599221, 32.599276, 32.599359, 32.599414, 32.599511, 32.599594, 32.599691, 32.599824, 32.599633, 32.599436, 32.599084, 32.598718, 32.598451, 32.597677, 32.597156, 32.595636, 32.595059, 32.593567, 32.592751, 32.591695, 32.590541, 32.590091, 32.589809, 32.589725, 32.589654, 32.589514, 32.589204, 32.588458, 32.587712, 32.587473, 32.58736, 32.587332, 32.587037, 32.586839, 32.586375, 
32.586348, 32.585751, 32.58532, 32.585181, 32.58514, 32.586707, 32.588034, 32.58798, 32.587379, 32.587119, 32.588715, 32.589633, 32.591483, 32.591934, 32.592838, 32.595464, 32.598146, 32.596097, 32.596812, -25.881221, -25.881064, -25.881127, -25.881255, -25.881446, -25.881587, -25.881764, -25.881906, -25.882011, -25.882103, -25.88219, -25.882283, -25.882375, -25.882413, -25.882593, -25.883938, -25.884741, -25.88545, -25.88582, -25.886519, -25.887647, -25.888333, -25.888965, -25.889628, -25.890147, 
-25.890553, -25.891121, -25.891847, -25.89205, -25.89233, -25.893484, -25.893773, -25.894115, -25.894711, -25.895347, -25.895892, -25.897376, -25.897629, -25.898111, -25.898544, -25.899, -25.899496, -25.899889, -25.900142, -25.900688, -25.90127, -25.901626, -25.901857, -25.902655, -25.903355, -25.903847, -25.904317, -25.90489, -25.905387, -25.90606, -25.90639, -25.90662, -25.907099, -25.907483, -25.907862, -25.908192, -25.908598, -25.908991, -25.909348, -25.909827, -25.909971, -25.910138, -25.910349, 
-25.910578, -25.910767, -25.911311, -25.911653, -25.912705, -25.913096, -25.914108, -25.914639, -25.915358, -25.916154, -25.91646, -25.916675, -25.916698, -25.916752, -25.916837, -25.917053, -25.917561, -25.918051, -25.918231, -25.918303, -25.91833, -25.918505, -25.918645, -25.918973, -25.918747, -25.916876, -25.915557, -25.915114, -25.914793, -25.912283, -25.910232, -25.909632, -25.904808, -25.902875, -25.900252, -25.898706, -25.895636, -25.894888, -25.893446, -25.889123, -25.884674, -25.884411, 
-25.881221)),"26 - 50"
40,"inhagoia a",0.87172903530332,4398.2277305022,1,0,0,NA,list(c(32.547261, 32.547713, 32.549241, 32.549891, 32.550492, 32.550949, 32.551388, 32.552837, 32.553255, 32.553506, 32.553823, 32.554444, 32.55494, 32.555025, 32.555095, 32.555163, 32.555235, 32.555324, 32.555396, 32.555448, 32.555512, 32.555751, 32.555986, 32.556322, 32.556425, 32.556513, 32.556644, 32.55674, 32.556886, 32.557071, 32.557562, 32.557842, 32.558094, 32.558361, 32.558641, 32.558753, 32.558879, 32.558963, 32.559075, 32.559202, 32.559244, 32.55937, 32.55944, 32.559552, 32.559664, 32.559763, 
32.559917, 32.560295, 32.561263, 32.56188, 32.562469, 32.562791, 32.562988, 32.563043, 32.563112, 32.56314, 32.563167, 32.563152, 32.563124, 32.563109, 32.563109, 32.563081, 32.563038, 32.562995, 32.562995, 32.562981, 32.562967, 32.562952, 32.562924, 32.562923, 32.562881, 32.562866, 32.562837, 32.562781, 32.562695, 32.562652, 32.562609, 32.562566, 32.562537, 32.562466, 32.562423, 32.56238, 32.562323, 32.562266, 32.562237, 32.562209, 32.562166, 32.562151, 32.562122, 32.56208, 32.562037, 32.562008, 
32.561979, 32.561951, 32.561908, 32.561879, 32.56185, 32.561807, 32.561765, 32.561723, 32.561569, 32.561428, 32.561246, 32.561176, 32.561092, 32.561022, 32.560952, 32.560854, 32.560742, 32.560644, 32.560461, 32.560279, 32.560111, 32.559915, 32.559677, 32.559481, 32.559313, 32.559186, 32.559074, 32.558332, 32.557729, 32.557379, 32.557211, 32.55707, 32.55672, 32.556398, 32.556258, 32.555935, 32.555655, 32.555459, 32.555193, 32.555025, 32.554828, 32.554576, 32.554324, 32.554198, 32.554071, 32.553917, 
32.553721, 32.553455, 32.553062, 32.547261, -25.913804, -25.912979, -25.913675, -25.913523, -25.913376, -25.913255, -25.913185, -25.912868, -25.91277, -25.912717, -25.912641, -25.912508, -25.912405, -25.912392, -25.912392, -25.912393, -25.912451, -25.912542, -25.912596, -25.912601, -25.912597, -25.912272, -25.911939, -25.911471, -25.911358, -25.911286, -25.911237, -25.91121, -25.911201, -25.911234, -25.911425, -25.911538, -25.911643, -25.911743, -25.911884, -25.91192, -25.912011, -25.912061, -25.912138, 
-25.912193, -25.912202, -25.912256, -25.912266, -25.912293, -25.912343, -25.912357, -25.912371, -25.912535, -25.912881, -25.913126, -25.913345, -25.913472, -25.913522, -25.913636, -25.913979, -25.914169, -25.914399, -25.914539, -25.914706, -25.914778, -25.914909, -25.914995, -25.915162, -25.915274, -25.915351, -25.915414, -25.915455, -25.915541, -25.915653, -25.915771, -25.915897, -25.91601, -25.91619, -25.91638, -25.916836, -25.916975, -25.917115, -25.917409, -25.917675, -25.918004, -25.918144, 
-25.91832, -25.918573, -25.918803, -25.91897, -25.919159, -25.919308, -25.919525, -25.919755, -25.919908, -25.920084, -25.920238, -25.9204, -25.920554, -25.92077, -25.92096, -25.92119, -25.92147, -25.921456, -25.921415, -25.921365, -25.921301, -25.921202, -25.921147, -25.921097, -25.921047, -25.921007, -25.92097, -25.920929, -25.920893, -25.920793, -25.920702, -25.920589, -25.920457, -25.920321, -25.920203, -25.920112, -25.920049, -25.919985, -25.919576, -25.919258, -25.919081, -25.918954, -25.918877, 
-25.918709, -25.918546, -25.918441, -25.918278, -25.918137, -25.918019, -25.917878, -25.917765, -25.917674, -25.91756, -25.917447, -25.917392, -25.917342, -25.917265, -25.917165, -25.917038, -25.916842, -25.913804)),"1 - 25"
41,"inhagoia b",1.5363740909318,8722.4499527654,1,0,0,NA,list(c(32.547489, 32.547261, 32.553062, 32.553455, 32.553721, 32.553917, 32.554071, 32.554198, 32.554324, 32.554576, 32.554828, 32.555025, 32.555193, 32.555459, 32.555655, 32.555935, 32.556258, 32.556398, 32.55672, 32.55707, 32.557211, 32.557379, 32.557729, 32.558332, 32.559074, 32.559186, 32.559313, 32.559481, 32.559677, 32.559915, 32.560111, 32.560279, 32.560461, 32.560644, 32.560742, 32.560854, 32.560952, 32.561022, 32.561092, 32.561176, 32.561246, 32.561428, 32.561569, 32.561723, 32.561765, 32.561807, 
32.562168, 32.561663, 32.561476, 32.561367, 32.56086, 32.560423, 32.560141, 32.559845, 32.559675, 32.558223, 32.557392, 32.556291, 32.555909, 32.555463, 32.555337, 32.555182, 32.554986, 32.554748, 32.554328, 32.554076, 32.553613, 32.553403, 32.553123, 32.552885, 32.552577, 32.552185, 32.551778, 32.55133, 32.551064, 32.55077, 32.550392, 32.550209, 32.550041, 32.549831, 32.549607, 32.549439, 32.549271, 32.549075, 32.548935, 32.548739, 32.548515, 32.548276, 32.548038, 32.547884, 32.547688, 32.547506, 
32.5471, 32.546526, 32.546218, 32.546064, 32.546008, 32.545798, 32.545629, 32.545223, 32.544957, 32.544663, 32.544411, 32.544159, 32.543795, 32.543431, 32.543235, 32.543067, 32.542759, 32.542535, 32.542241, 32.542173, 32.542385, 32.542527, 32.542764, 32.542919, 32.543132, 32.54335, 32.543672, 32.544124, 32.54451, 32.54487, 32.545228, 32.545341, 32.545496, 32.545849, 32.545976, 32.546075, 32.546117, 32.546174, 32.546216, 32.546287, 32.546343, 32.546371, 32.546442, 32.546527, 32.546654, 32.546753, 
32.546837, 32.546894, 32.546993, 32.547049, 32.547134, 32.547261, 32.553062, 32.553455, 32.553721, 32.553917, 32.554071, 32.554198, 32.554324, 32.554576, 32.554828, 32.555025, 32.555193, 32.555459, 32.555655, 32.555935, 32.556258, 32.556398, 32.55672, 32.55707, 32.557211, 32.557379, 32.557729, 32.558332, 32.559074, 32.559186, 32.559313, 32.559481, 32.559677, 32.559915, 32.560111, 32.560279, 32.560461, 32.560644, 32.560742, 32.560854, 32.560952, 32.561022, 32.561092, 32.561176, 32.561246, 32.561428, 
32.561569, 32.561723, 32.561765, 32.561807, 32.561765, 32.561723, 32.561569, 32.561428, 32.561246, 32.561176, 32.561092, 32.561022, 32.560952, 32.560854, 32.560742, 32.560644, 32.560461, 32.560279, 32.560111, 32.559915, 32.559677, 32.559481, 32.559313, 32.559186, 32.559074, 32.558332, 32.557729, 32.557379, 32.557211, 32.55707, 32.55672, 32.556398, 32.556258, 32.555935, 32.555655, 32.555459, 32.555193, 32.555025, 32.554828, 32.554576, 32.554324, 32.554198, 32.554071, 32.553917, 32.553721, 32.553455, 
32.553062, 32.547261, 32.547489, -25.913388, -25.913804, -25.916842, -25.917038, -25.917165, -25.917265, -25.917342, -25.917392, -25.917447, -25.91756, -25.917674, -25.917765, -25.917878, -25.918019, -25.918137, -25.918278, -25.918441, -25.918546, -25.918709, -25.918877, -25.918954, -25.919081, -25.919258, -25.919576, -25.919985, -25.920049, -25.920112, -25.920203, -25.920321, -25.920457, -25.920589, -25.920702, -25.920793, -25.920893, -25.920929, -25.92097, -25.921007, -25.921047, -25.921097, -25.921147, 
-25.921202, -25.921301, -25.921365, -25.921415, -25.921456, -25.92147, -25.921807, -25.922345, -25.922552, -25.922674, -25.923205, -25.92366, -25.923988, -25.924308, -25.924497, -25.926068, -25.926901, -25.928167, -25.928572, -25.928268, -25.928164, -25.928064, -25.927937, -25.927783, -25.927515, -25.927347, -25.927057, -25.926916, -25.926735, -25.926585, -25.926394, -25.926136, -25.925868, -25.925587, -25.925423, -25.925233, -25.925001, -25.924874, -25.924761, -25.924629, -25.92448, -25.924375, 
-25.924262, -25.924121, -25.924044, -25.923904, -25.923749, -25.923586, -25.923432, -25.923319, -25.923192, -25.923074, -25.92277, -25.922375, -25.922158, -25.922067, -25.922003, -25.921863, -25.921749, -25.921455, -25.921264, -25.92106, -25.92087, -25.920666, -25.920385, -25.92009, -25.919936, -25.919809, -25.919582, -25.919401, -25.919161, -25.919129, -25.918899, -25.918697, -25.918589, -25.918481, -25.918211, -25.918036, -25.917847, -25.917514, -25.91724, -25.916939, -25.916529, -25.916376, -25.916173, 
-25.915718, -25.915538, -25.915439, -25.915362, -25.915286, -25.915209, -25.915124, -25.915061, -25.914997, -25.91488, -25.914781, -25.914592, -25.914475, -25.914362, -25.914286, -25.91416, -25.91407, -25.91397, -25.913804, -25.916842, -25.917038, -25.917165, -25.917265, -25.917342, -25.917392, -25.917447, -25.91756, -25.917674, -25.917765, -25.917878, -25.918019, -25.918137, -25.918278, -25.918441, -25.918546, -25.918709, -25.918877, -25.918954, -25.919081, -25.919258, -25.919576, -25.919985, -25.920049, 
-25.920112, -25.920203, -25.920321, -25.920457, -25.920589, -25.920702, -25.920793, -25.920893, -25.920929, -25.92097, -25.921007, -25.921047, -25.921097, -25.921147, -25.921202, -25.921301, -25.921365, -25.921415, -25.921456, -25.92147, -25.921456, -25.921415, -25.921365, -25.921301, -25.921202, -25.921147, -25.921097, -25.921047, -25.921007, -25.92097, -25.920929, -25.920893, -25.920793, -25.920702, -25.920589, -25.920457, -25.920321, -25.920203, -25.920112, -25.920049, -25.919985, -25.919576, 
-25.919258, -25.919081, -25.918954, -25.918877, -25.918709, -25.918546, -25.918441, -25.918278, -25.918137, -25.918019, -25.917878, -25.917765, -25.917674, -25.91756, -25.917447, -25.917392, -25.917342, -25.917265, -25.917165, -25.917038, -25.916842, -25.913804, -25.913388)),"1 - 25"
42,"intaca",16.286952882787,20931.358684664,2,14,0,0,list(c(32.555331, 32.555711, 32.56174, 32.567573, 32.573029, 32.580028, 32.581195, 32.583619, 32.583613, 32.583167, 32.581988, 32.579491, 32.577166, 32.575775, 32.575536, 32.574904, 32.574819, 32.574578, 32.574268, 32.573873, 32.573759, 32.573702, 32.573547, 32.573332, 32.573413, 32.573242, 32.573324, 32.573267, 32.573078, 32.572626, 32.572385, 32.571647, 32.571773, 32.571771, 32.571644, 32.571334, 32.571263, 32.571248, 32.571093, 32.571162, 32.571148, 32.570964, 32.570369, 32.570171, 32.570085, 
32.569857, 32.569715, 32.569024, 32.56853, 32.566975, 32.566648, 32.566562, 32.566523, 32.566506, 32.562452, 32.526665, 32.519059, 32.518938, 32.518589, 32.526344, 32.533134, 32.541287, 32.543235, 32.54718, 32.555331, -25.771482, -25.77151, -25.771709, -25.772245, -25.772094, -25.771763, -25.771053, -25.769664, -25.771394, -25.774427, -25.778916, -25.782873, -25.78594, -25.786582, -25.786834, -25.787126, -25.787365, -25.787911, -25.788293, -25.789127, -25.789511, -25.789813, -25.790057, -25.791311, 
-25.792174, -25.792887, -25.793483, -25.793776, -25.795514, -25.796528, -25.797228, -25.799609, -25.799713, -25.80026, -25.800323, -25.800895, -25.801071, -25.801301, -25.801554, -25.80173, -25.801779, -25.802136, -25.803822, -25.804278, -25.804774, -25.805866, -25.806385, -25.807272, -25.808174, -25.81533, -25.816498, -25.816805, -25.816868, -25.816932, -25.816639, -25.819105, -25.824516, -25.824466, -25.823946, -25.81388, -25.810223, -25.806194, -25.791978, -25.787205, -25.771482)),"1 - 25"
43,"jardim",2.1049558079178,8063.4686609769,1,0,0,NA,list(c(32.542173, 32.542241, 32.542535, 32.542759, 32.543067, 32.543235, 32.543431, 32.543795, 32.544159, 32.544411, 32.544663, 32.544957, 32.545223, 32.545629, 32.545798, 32.546008, 32.546064, 32.546218, 32.546526, 32.5471, 32.547506, 32.547688, 32.547884, 32.548038, 32.548276, 32.548515, 32.548739, 32.548935, 32.549075, 32.549271, 32.549439, 32.549607, 32.549831, 32.550041, 32.550209, 32.550392, 32.55077, 32.551064, 32.55133, 32.551778, 32.552185, 32.552577, 32.552885, 32.553123, 32.553403, 32.553613, 
32.554076, 32.554328, 32.554748, 32.554986, 32.555182, 32.555337, 32.555463, 32.555909, 32.555417, 32.55491, 32.554135, 32.553979, 32.553715, 32.553669, 32.553361, 32.552983, 32.552828, 32.552478, 32.552366, 32.552058, 32.551665, 32.551175, 32.550782, 32.550348, 32.549913, 32.549563, 32.549198, 32.548679, 32.548174, 32.547824, 32.547431, 32.546869, 32.546462, 32.546097, 32.54569, 32.545241, 32.544861, 32.54444, 32.544005, 32.543794, 32.543372, 32.542852, 32.542543, 32.542051, 32.541657, 32.541179, 
32.540898, 32.536692, 32.533389, 32.53087, 32.530712, 32.530634, 32.530442, 32.529663, 32.529424, 32.529225, 32.528873, 32.528558, 32.528077, 32.527727, 32.527425, 32.527066, 32.526666, 32.526528, 32.526447, 32.526275, 32.526148, 32.526023, 32.525899, 32.52573, 32.525545, 32.525313, 32.525141, 32.525018, 32.524837, 32.524695, 32.524566, 32.524481, 32.524422, 32.524331, 32.524261, 32.524178, 32.524122, 32.524039, 32.523943, 32.523768, 32.523574, 32.523411, 32.523119, 32.522866, 32.52274, 32.522539, 
32.522374, 32.522156, 32.522195, 32.522241, 32.522303, 32.522364, 32.522459, 32.522577, 32.522663, 32.522788, 32.522935, 32.523005, 32.523294, 32.523576, 32.52384, 32.524202, 32.524579, 32.524947, 32.52546, 32.525892, 32.526182, 32.526526, 32.526894, 32.527287, 32.527584, 32.528866, 32.530606, 32.532882, 32.533835, 32.534786, 32.5355, 32.536517, 32.53719, 32.537492, 32.537833, 32.538488, 32.538885, 32.539297, 32.539643, 32.539928, 32.540195, 32.540498, 32.540836, 32.541228, 32.541567, 32.541851, 
32.542012, 32.542173, -25.919129, -25.919161, -25.919401, -25.919582, -25.919809, -25.919936, -25.92009, -25.920385, -25.920666, -25.92087, -25.92106, -25.921264, -25.921455, -25.921749, -25.921863, -25.922003, -25.922067, -25.922158, -25.922375, -25.92277, -25.923074, -25.923192, -25.923319, -25.923432, -25.923586, -25.923749, -25.923904, -25.924044, -25.924121, -25.924262, -25.924375, -25.92448, -25.924629, -25.924761, -25.924874, -25.925001, -25.925233, -25.925423, -25.925587, -25.925868, -25.926136, 
-25.926394, -25.926585, -25.926735, -25.926916, -25.927057, -25.927347, -25.927515, -25.927783, -25.927937, -25.928064, -25.928164, -25.928268, -25.928572, -25.929094, -25.929535, -25.930395, -25.930597, -25.93089, -25.930867, -25.930699, -25.930495, -25.930418, -25.930241, -25.930177, -25.930009, -25.929805, -25.929537, -25.929332, -25.929101, -25.92891, -25.928755, -25.928605, -25.928423, -25.928281, -25.928195, -25.928103, -25.928024, -25.927987, -25.927959, -25.927921, -25.927929, -25.927955, 
-25.927981, -25.928029, -25.928055, -25.92814, -25.928256, -25.928327, -25.928479, -25.928604, -25.928797, -25.928909, -25.930633, -25.932, -25.933089, -25.933143, -25.933165, -25.933214, -25.933415, -25.933491, -25.933562, -25.933665, -25.933768, -25.933929, -25.934022, -25.934125, -25.934237, -25.934362, -25.934402, -25.934429, -25.934469, -25.934496, -25.934518, -25.93454, -25.934562, -25.934566, -25.934556, -25.934538, -25.934524, -25.934491, -25.934464, -25.934432, -25.9344, -25.934377, -25.934341, 
-25.934309, -25.934268, -25.934241, -25.9342, -25.93415, -25.934055, -25.933946, -25.93385, -25.933687, -25.933537, -25.933451, -25.933337, -25.933233, -25.933106, -25.933015, -25.932966, -25.932876, -25.932795, -25.932687, -25.932556, -25.932457, -25.932295, -25.932092, -25.931957, -25.931525, -25.931142, -25.930858, -25.930552, -25.930247, -25.930045, -25.929739, -25.929529, -25.929322, -25.929169, -25.928963, -25.928761, -25.928545, -25.927877, -25.92688, -25.925614, -25.925107, -25.924577, -25.924178, 
-25.92359, -25.923231, -25.923069, -25.922858, -25.92249, -25.922283, -25.922041, -25.921825, -25.921632, -25.921299, -25.92093, -25.92061, -25.920115, -25.919777, -25.919444, -25.919268, -25.919129)),"1 - 25"
44,"km 15",7.1156922006835,10894.315309312,2,0,0,NA,list(c(32.481744, 32.481802, 32.485607, 32.487112, 32.487769, 32.487105, 32.486375, 32.486436, 32.487131, 32.487246, 32.487393, 32.487385, 32.487364, 32.486949, 32.48607, 32.485039, 32.484049, 32.483486, 32.482652, 32.481935, 32.481064, 32.480097, 32.477799, 32.476253, 32.475129, 32.471818, 32.47094, 32.469339, 32.465474, 32.46534, 32.465127, 32.464433, 32.463412, 32.462431, 32.462358, 32.46244, 32.4626, 32.462777, 32.462973, 32.463208, 32.463558, 32.463927, 32.464426, 32.464643, 32.462514, 32.461034, 
32.462067, 32.481744, -25.842655, -25.842583, -25.843387, -25.844038, -25.844234, -25.845736, -25.849178, -25.852817, -25.8577, -25.862392, -25.86423, -25.865909, -25.866036, -25.868513, -25.870383, -25.871883, -25.872737, -25.873259, -25.873852, -25.874215, -25.874321, -25.874281, -25.873555, -25.873391, -25.873861, -25.874721, -25.872306, -25.871231, -25.870535, -25.870394, -25.866055, -25.86565, -25.864739, -25.863598, -25.862649, -25.86162, -25.860429, -25.859766, -25.859152, -25.858611, -25.858089, 
-25.857756, -25.857686, -25.857655, -25.853764, -25.850513, -25.850178, -25.842655)),"1 - 25"
45,"laulane",3.5833928362905,8200.704619538,1,26,4,1,list(c(32.60246, 32.602628, 32.602867, 32.603147, 32.603301, 32.603582, 32.603932, 32.604339, 32.604648, 32.605251, 32.60556, 32.606121, 32.606738, 32.607776, 32.609039, 32.610203, 32.611115, 32.611774, 32.612209, 32.612714, 32.613289, 32.613752, 32.614004, 32.614159, 32.614327, 32.614524, 32.614874, 32.615281, 32.615576, 32.616502, 32.616586, 32.616642, 32.61681, 32.617063, 32.617119, 32.617147, 32.617498, 32.618774, 32.618914, 32.621496, 32.622366, 32.622716, 32.625522, 32.625648, 32.623519, 32.62224, 
32.616335, 32.615465, 32.61503, 32.614988, 32.614735, 32.614483, 32.614202, 32.613921, 32.613599, 32.61343, 32.61329, 32.613192, 32.612603, 32.612518, 32.612476, 32.612308, 32.611536, 32.611129, 32.609923, 32.609151, 32.608365, 32.607804, 32.60748, 32.607171, 32.606819, 32.606496, 32.606214, 32.606116, 32.606017, 32.605835, 32.605303, 32.605205, 32.605036, 32.604868, 32.604544, 32.603587, 32.602743, 32.602095, 32.601673, 32.600815, 32.5999, 32.599824, 32.599691, 32.599594, 32.599511, 32.599414, 32.599359, 
32.599276, 32.599221, 32.599167, 32.59914, 32.599113, 32.599045, 32.599018, 32.599006, 32.599008, 32.599023, 32.599054, 32.599141, 32.599156, 32.599213, 32.599299, 32.599399, 32.599442, 32.599528, 32.599642, 32.59977, 32.599898, 32.600053, 32.600153, 32.600719, 32.60096, 32.601228, 32.601497, 32.601639, 32.60178, 32.602289, 32.602403, 32.60246, -25.891847, -25.89187, -25.891898, -25.891948, -25.891989, -25.892053, -25.89214, -25.892231, -25.892295, -25.892451, -25.892542, -25.892656, -25.892798, 
-25.893017, -25.893323, -25.893579, -25.893785, -25.89394, -25.894068, -25.894209, -25.894328, -25.894456, -25.894533, -25.89457, -25.89457, -25.894598, -25.894662, -25.894762, -25.89484, -25.895072, -25.895059, -25.895059, -25.895096, -25.895151, -25.895173, -25.895214, -25.895265, -25.895561, -25.895612, -25.896214, -25.89642, -25.896533, -25.897268, -25.8973, -25.904459, -25.908601, -25.907488, -25.907323, -25.907218, -25.907195, -25.907168, -25.907131, -25.907103, -25.907075, -25.906998, -25.906934, 
-25.906911, -25.906911, -25.906783, -25.906769, -25.906769, -25.906755, -25.90664, -25.906549, -25.906315, -25.906187, -25.906045, -25.905993, -25.906119, -25.906308, -25.906487, -25.906663, -25.906815, -25.906829, -25.906851, -25.906787, -25.906443, -25.906442, -25.906419, -25.906468, -25.906684, -25.907291, -25.907885, -25.908339, -25.908604, -25.909135, -25.909769, -25.909827, -25.909348, -25.908991, -25.908598, -25.908192, -25.907862, -25.907483, -25.907099, -25.90662, -25.90639, -25.90606, -25.905387, 
-25.90489, -25.904317, -25.903847, -25.903355, -25.902655, -25.901857, -25.901626, -25.90127, -25.900688, -25.900142, -25.899889, -25.899496, -25.899, -25.898544, -25.898111, -25.897629, -25.897376, -25.895892, -25.895347, -25.894711, -25.894115, -25.893773, -25.893484, -25.89233, -25.89205, -25.891847)),"26 - 50"
46,"liberdade",9.3093466582211,14360.539249673,2,1,0,0,list(c(32.456171, 32.456486, 32.463884, 32.464919, 32.465626, 32.466611, 32.467621, 32.469334, 32.473391, 32.484, 32.482092, 32.490284, 32.490145, 32.489794, 32.4893, 32.488455, 32.48767, 32.487528, 32.487478, 32.48794, 32.488507, 32.489064, 32.489014, 32.488855, 32.488487, 32.487745, 32.486642, 32.485479, 32.484674, 32.483892, 32.483173, 32.482162, 32.481225, 32.47978, 32.478803, 32.477855, 32.476901, 32.476086, 32.475268, 32.474436, 32.473704, 32.47312, 32.47259, 32.471623, 32.471219, 32.470672, 
32.470301, 32.469956, 32.468949, 32.46828, 32.467644, 32.467274, 32.466818, 32.466483, 32.466132, 32.465516, 32.465342, 32.464781, 32.464686, 32.46452, 32.464229, 32.464093, 32.463848, 32.463678, 32.463567, 32.463498, 32.461648, 32.461353, 32.460377, 32.460194, 32.459804, 32.459597, 32.459187, 32.458664, 32.458209, 32.457439, 32.457044, 32.456673, 32.456381, 32.456099, 32.455711, 32.45539, 32.455164, 32.45472, 32.454343, 32.454035, 32.453502, 32.449574, 32.449559, 32.44181, 32.456171, -25.900506, 
-25.900512, -25.900598, -25.900624, -25.900722, -25.900928, -25.90123, -25.902081, -25.904493, -25.910753, -25.913581, -25.918391, -25.918413, -25.918561, -25.918736, -25.919076, -25.919366, -25.919416, -25.919483, -25.920446, -25.92164, -25.922861, -25.922965, -25.923046, -25.923184, -25.923471, -25.923873, -25.924357, -25.924634, -25.924929, -25.92517, -25.925528, -25.925881, -25.926413, -25.926762, -25.927142, -25.927491, -25.927795, -25.928135, -25.928435, -25.928698, -25.928917, -25.92911, -25.929481, 
-25.929628, -25.92982, -25.929977, -25.930066, -25.930415, -25.929143, -25.927922, -25.92709, -25.926231, -25.925683, -25.924964, -25.92372, -25.923417, -25.922408, -25.922209, -25.921572, -25.920758, -25.920256, -25.919497, -25.918991, -25.918787, -25.918724, -25.919015, -25.919086, -25.919213, -25.919339, -25.920073, -25.920456, -25.92115, -25.921956, -25.922284, -25.922837, -25.923097, -25.92333, -25.923537, -25.923703, -25.923896, -25.924071, -25.924187, -25.92433, -25.924437, -25.924485, -25.924614, 
-25.916829, -25.916766, -25.900894, -25.900506)),"1 - 25"
47,"luis cabral",2.9264341913987,10777.926703503,1,0,0,NA,list(c(32.553715, 32.552653, 32.552574, 32.552419, 32.552098, 32.551899, 32.55173, 32.551405, 32.551162, 32.551033, 32.550912, 32.550789, 32.550548, 32.550464, 32.550245, 32.550153, 32.550002, 32.549834, 32.549776, 32.549473, 32.549265, 32.549067, 32.548828, 32.548464, 32.548251, 32.547975, 32.547784, 32.547567, 32.54733, 32.547069, 32.546887, 32.546624, 32.546389, 32.546172, 32.545944, 32.545713, 32.54554, 32.545296, 32.544932, 32.544375, 32.544202, 32.544074, 32.543879, 32.543677, 32.543434, 32.543355, 
32.543243, 32.5431, 32.542953, 32.542758, 32.542589, 32.542359, 32.542208, 32.541951, 32.54188, 32.541793, 32.541663, 32.541569, 32.541516, 32.54144, 32.541364, 32.541261, 32.540835, 32.540578, 32.54034, 32.540101, 32.539988, 32.539878, 32.539647, 32.537907, 32.537803, 32.537693, 32.537687, 32.537711, 32.537726, 32.537741, 32.537762, 32.537817, 32.537895, 32.538042, 32.538187, 32.538234, 32.538301, 32.538369, 32.538423, 32.538494, 32.538607, 32.538693, 32.538769, 32.538838, 32.538931, 32.539026, 
32.539102, 32.539196, 32.539319, 32.539376, 32.539528, 32.539567, 32.539654, 32.539759, 32.539467, 32.539295, 32.538611, 32.537986, 32.537553, 32.537162, 32.536733, 32.536393, 32.536025, 32.535388, 32.535088, 32.534683, 32.534224, 32.533969, 32.53376, 32.533464, 32.532833, 32.5323, 32.53126, 32.53084, 32.5302, 32.53017, 32.528766, 32.52578, 32.525298, 32.5252, 32.525095, 32.52504, 32.524968, 32.524904, 32.52483, 32.524753, 32.524663, 32.524617, 32.524583, 32.524579, 32.524576, 32.524563, 32.524565, 
32.524564, 32.524458, 32.524433, 32.524383, 32.524292, 32.524181, 32.523997, 32.52394, 32.523886, 32.523827, 32.523788, 32.523773, 32.523791, 32.523779, 32.523739, 32.52365, 32.523541, 32.523413, 32.52331, 32.523214, 32.523134, 32.522986, 32.522881, 32.522789, 32.522726, 32.52263, 32.522559, 32.522509, 32.522428, 32.522339, 32.522241, 32.522152, 32.522051, 32.521966, 32.521874, 32.52175, 32.521645, 32.521528, 32.521386, 32.521301, 32.521216, 32.521112, 32.521093, 32.521124, 32.52117, 32.521344, 32.521358, 
32.521441, 32.521694, 32.521786, 32.521863, 32.521899, 32.521951, 32.522002, 32.522057, 32.522103, 32.522156, 32.522374, 32.522539, 32.52274, 32.522866, 32.523119, 32.523411, 32.523574, 32.523768, 32.523943, 32.524039, 32.524122, 32.524178, 32.524261, 32.524331, 32.524422, 32.524481, 32.524566, 32.524695, 32.524837, 32.525018, 32.525141, 32.525313, 32.525545, 32.52573, 32.525899, 32.526023, 32.526148, 32.526275, 32.526447, 32.526528, 32.526666, 32.527066, 32.527425, 32.527727, 32.528077, 32.528558, 
32.528873, 32.529225, 32.529424, 32.529663, 32.530442, 32.530634, 32.530712, 32.53087, 32.533389, 32.536692, 32.540898, 32.541179, 32.541657, 32.542051, 32.542543, 32.542852, 32.543372, 32.543794, 32.544005, 32.54444, 32.544861, 32.545241, 32.54569, 32.546097, 32.546462, 32.546869, 32.547431, 32.547824, 32.548174, 32.548679, 32.549198, 32.549563, 32.549913, 32.550348, 32.550782, 32.551175, 32.551665, 32.552058, 32.552366, 32.552478, 32.552828, 32.552983, 32.553361, 32.553669, 32.553715, -25.93089, 
-25.932061, -25.932146, -25.932308, -25.932655, -25.932857, -25.933047, -25.933402, -25.93365, -25.933789, -25.93392, -25.934041, -25.93428, -25.934397, -25.934591, -25.93473, -25.93487, -25.935077, -25.935149, -25.935446, -25.935685, -25.935901, -25.936148, -25.936513, -25.936761, -25.937053, -25.937251, -25.937481, -25.937742, -25.938026, -25.938219, -25.938507, -25.938755, -25.93898, -25.939223, -25.939471, -25.93966, -25.939925, -25.940317, -25.940907, -25.941087, -25.941244, -25.941438, -25.941672, 
-25.94191, -25.942019, -25.942149, -25.942284, -25.942455, -25.94264, -25.942833, -25.943058, -25.943234, -25.943509, -25.943603, -25.943716, -25.943873, -25.943963, -25.944008, -25.943986, -25.943972, -25.943886, -25.943505, -25.943279, -25.943061, -25.942862, -25.942794, -25.94273, -25.942607, -25.941776, -25.94173, -25.941707, -25.941788, -25.942159, -25.942362, -25.942493, -25.942651, -25.942967, -25.943216, -25.943654, -25.944002, -25.94417, -25.944337, -25.94449, -25.944626, -25.944793, -25.945042, 
-25.945214, -25.945422, -25.945607, -25.945838, -25.9461, -25.946254, -25.946385, -25.946616, -25.946733, -25.946892, -25.946959, -25.947064, -25.947177, -25.947542, -25.947369, -25.946744, -25.946119, -25.945689, -25.945322, -25.944887, -25.944561, -25.944194, -25.943551, -25.943261, -25.942862, -25.942418, -25.942147, -25.941952, -25.941662, -25.941046, -25.940525, -25.939506, -25.939085, -25.938496, -25.938197, -25.937565, -25.936219, -25.936055, -25.936059, -25.936068, -25.936099, -25.936176, 
-25.936257, -25.936338, -25.936424, -25.936554, -25.936662, -25.936757, -25.936802, -25.936915, -25.937014, -25.937091, -25.937159, -25.937614, -25.937651, -25.937583, -25.937519, -25.937501, -25.9375, -25.937491, -25.937455, -25.9374, -25.937301, -25.937165, -25.937066, -25.93698, -25.93693, -25.936862, -25.936808, -25.936744, -25.936694, -25.936608, -25.936563, -25.93644, -25.936368, -25.936304, -25.936259, -25.936191, -25.936105, -25.936041, -25.935937, -25.935851, -25.935765, -25.935729, -25.935724, 
-25.935728, -25.935728, -25.935696, -25.93565, -25.935578, -25.935469, -25.93536, -25.935252, -25.93508, -25.934976, -25.934886, -25.934823, -25.934521, -25.934376, -25.934241, -25.933849, -25.933714, -25.933606, -25.933511, -25.933389, -25.933277, -25.933218, -25.933169, -25.933106, -25.933233, -25.933337, -25.933451, -25.933537, -25.933687, -25.93385, -25.933946, -25.934055, -25.93415, -25.9342, -25.934241, -25.934268, -25.934309, -25.934341, -25.934377, -25.9344, -25.934432, -25.934464, -25.934491, 
-25.934524, -25.934538, -25.934556, -25.934566, -25.934562, -25.93454, -25.934518, -25.934496, -25.934469, -25.934429, -25.934402, -25.934362, -25.934237, -25.934125, -25.934022, -25.933929, -25.933768, -25.933665, -25.933562, -25.933491, -25.933415, -25.933214, -25.933165, -25.933143, -25.933089, -25.932, -25.930633, -25.928909, -25.928797, -25.928604, -25.928479, -25.928327, -25.928256, -25.92814, -25.928055, -25.928029, -25.927981, -25.927955, -25.927929, -25.927921, -25.927959, -25.927987, -25.928024, 
-25.928103, -25.928195, -25.928281, -25.928423, -25.928605, -25.928755, -25.92891, -25.929101, -25.929332, -25.929537, -25.929805, -25.930009, -25.930177, -25.930241, -25.930418, -25.930495, -25.930699, -25.930867, -25.93089)),"1 - 25"
48,"machava a",3.3168932315742,8364.7277088919,2,0,0,NA,list(c(32.505762, 32.506266, 32.506356, 32.50684, 32.507574, 32.516226, 32.520113, 32.520197, 32.520193, 32.520091, 32.519933, 32.52003, 32.519887, 32.519884, 32.520079, 32.520133, 32.520128, 32.520212, 32.520492, 32.520708, 32.521108, 32.521569, 32.522819, 32.524939, 32.525668, 32.525844, 32.525927, 32.525914, 32.525777, 32.525589, 32.525441, 32.525275, 32.525171, 32.524919, 32.524503, 32.52166, 32.51838, 32.517353, 32.516113, 32.515774, 32.515672, 32.515754, 32.51613, 32.51637, 32.51277, 32.51277, 
32.510935, 32.510278, 32.50958, 32.509281, 32.508743, 32.507707, 32.506671, 32.505394, 32.51031, 32.505762, -25.908657, -25.908184, -25.907526, -25.907563, -25.907706, -25.906493, -25.905964, -25.906434, -25.907437, -25.908529, -25.909354, -25.909721, -25.910316, -25.911002, -25.911409, -25.912005, -25.912728, -25.913089, -25.913546, -25.913876, -25.914383, -25.914913, -25.915996, -25.917967, -25.918945, -25.919257, -25.919623, -25.92016, -25.920544, -25.920873, -25.921053, -25.921156, -25.921228, 
-25.921399, -25.921623, -25.923325, -25.925282, -25.925852, -25.926711, -25.92736, -25.928208, -25.928691, -25.929415, -25.929714, -25.93014, -25.930212, -25.929483, -25.929138, -25.92872, -25.928647, -25.928302, -25.927703, -25.927139, -25.926548, -25.919783, -25.908657)),"1 - 25"
49,"machava central",6.0289953125594,10381.948424933,2,0,0,NA,list(c(32.491049, 32.49095, 32.490686, 32.490344, 32.490284, 32.482092, 32.484, 32.484835, 32.487385, 32.484279, 32.489708, 32.490019, 32.490563, 32.490719, 32.490973, 32.492024, 32.49216, 32.492509, 32.493226, 32.49373, 32.494174, 32.49456, 32.495043, 32.495467, 32.496663, 32.498152, 32.498693, 32.499833, 32.501728, 32.501841, 32.501878, 32.501992, 32.502318, 32.505714, 32.505762, 32.51031, 32.505394, 32.494867, 32.491049, -25.918841, -25.918782, -25.918628, -25.918428, -25.918391, -25.913581, -25.910753, 
-25.910092, -25.906408, -25.904455, -25.896953, -25.89657, -25.896048, -25.895733, -25.895102, -25.893706, -25.893462, -25.89322, -25.892924, -25.89284, -25.892842, -25.893069, -25.893314, -25.893456, -25.894372, -25.894499, -25.894641, -25.894785, -25.894841, -25.895559, -25.896155, -25.896539, -25.89724, -25.908539, -25.908657, -25.919783, -25.926548, -25.92108, -25.918841)),"1 - 25"
50,"mafalala",0.86015698545523,4187.2218374839,1,17,2,0,list(c(32.572278, 32.572399, 32.572575, 32.572706, 32.57286, 32.573013, 32.573148, 32.573285, 32.573419, 32.573476, 32.573513, 32.573569, 32.573632, 32.573697, 32.573751, 32.573807, 32.573844, 32.573901, 32.57396, 32.574005, 32.57404, 32.574123, 32.574201, 32.574347, 32.574533, 32.574624, 32.57472, 32.574798, 32.574964, 32.575067, 32.575223, 32.575332, 32.575456, 32.575591, 32.575726, 32.575859, 32.576049, 32.576143, 32.576328, 32.576538, 32.576707, 32.576824, 32.576964, 32.577107, 32.577227, 32.577332, 
32.577426, 32.577527, 32.577627, 32.5778, 32.578038, 32.57828, 32.578203, 32.577969, 32.577805, 32.577663, 32.577581, 32.577464, 32.577364, 32.577271, 32.577178, 32.577061, 32.576965, 32.57689, 32.576791, 32.576661, 32.576566, 32.576477, 32.576365, 32.576259, 32.576171, 32.576063, 32.575909, 32.575797, 32.575611, 32.575351, 32.574969, 32.574235, 32.573654, 32.573237, 32.572694, 32.572322, 32.571877, 32.571182, 32.570406, 32.569945, 32.569679, 32.569301, 32.568844, 32.568293, 32.568186, 32.568044, 
32.567642, 32.566951, 32.56682, 32.566599, 32.566387, 32.566166, 32.565917, 32.565585, 32.565775, 32.565999, 32.566095, 32.566152, 32.566232, 32.566322, 32.566557, 32.566694, 32.566807, 32.566977, 32.567147, 32.569819, 32.570026, 32.570059, 32.571408, 32.572255, 32.572278, -25.945394, -25.945484, -25.945661, -25.945792, -25.945955, -25.946123, -25.946272, -25.946431, -25.946616, -25.946693, -25.946747, -25.94686, -25.946987, -25.947123, -25.947231, -25.947358, -25.947448, -25.94757, -25.947674, -25.947738, 
-25.947769, -25.947846, -25.94791, -25.948005, -25.948114, -25.948168, -25.948232, -25.948291, -25.948413, -25.948486, -25.948635, -25.948748, -25.948875, -25.949006, -25.949124, -25.949219, -25.949306, -25.949329, -25.949347, -25.949343, -25.949326, -25.949285, -25.949241, -25.949182, -25.949138, -25.949084, -25.949057, -25.94903, -25.949008, -25.948981, -25.948991, -25.949032, -25.949316, -25.950151, -25.950751, -25.951234, -25.951536, -25.952014, -25.952362, -25.952686, -25.953025, -25.953449, 
-25.953819, -25.954116, -25.954455, -25.954852, -25.9551, -25.955348, -25.955609, -25.95588, -25.956083, -25.956331, -25.956696, -25.956755, -25.956817, -25.956785, -25.956797, -25.956673, -25.956595, -25.956508, -25.956402, -25.956365, -25.956314, -25.956294, -25.956278, -25.956286, -25.956294, -25.956329, -25.956368, -25.956421, -25.95643, -25.956452, -25.956505, -25.956521, -25.956538, -25.956569, -25.956614, -25.956658, -25.956721, -25.956815, -25.956612, -25.956423, -25.956216, -25.956116, -25.955977, 
-25.955819, -25.955413, -25.955174, -25.954976, -25.954679, -25.954381, -25.949716, -25.949351, -25.949293, -25.946922, -25.945434, -25.945394)),"1 - 25"
51,"magoanine",23.316324910553,21967.775141456,1,45,5,4,list(c(32.584731, 32.609806, 32.624969, 32.62468, 32.623324, 32.622575, 32.619, 32.611505, 32.611435, 32.610744, 32.610124, 32.609038, 32.608714, 32.608192, 32.607741, 32.607388, 32.606937, 32.60664, 32.606569, 32.606385, 32.606286, 32.606172, 32.606029, 32.605872, 32.605772, 32.605489, 32.60529, 32.604993, 32.604879, 32.604835, 32.604793, 32.603067, 32.602604, 32.601818, 32.601032, 32.600443, 32.599896, 32.599391, 32.598886, 32.598311, 32.597904, 32.5974, 32.597077, 32.596867, 32.596812, 32.59496, 
32.595002, 32.594231, 32.593599, 32.593235, 32.59301, 32.591706, 32.591706, 32.587314, 32.583651, 32.583591, 32.568493, 32.568545, 32.572475, 32.573273, 32.585775, 32.584731, -25.821224, -25.828775, -25.833339, -25.833785, -25.85065, -25.852336, -25.860097, -25.868687, -25.869075, -25.869864, -25.870697, -25.872157, -25.872576, -25.87327, -25.873933, -25.874487, -25.875298, -25.875821, -25.876024, -25.876502, -25.8769, -25.877382, -25.878091, -25.87879, -25.879246, -25.880135, -25.88078, -25.881555, 
-25.882025, -25.882607, -25.882593, -25.882413, -25.882375, -25.882283, -25.88219, -25.882103, -25.882011, -25.881906, -25.881764, -25.881587, -25.881446, -25.881255, -25.881127, -25.881064, -25.881221, -25.880512, -25.880372, -25.880153, -25.879998, -25.879934, -25.879897, -25.87974, -25.87964, -25.879091, -25.878611, -25.876087, -25.874945, -25.867713, -25.867724, -25.852529, -25.853238, -25.821224)),"26 - 50"
52,"malanga",1.5172958440943,7151.2961844294,1,0,0,NA,list(c(32.539759, 32.539654, 32.539567, 32.539528, 32.539376, 32.539319, 32.539196, 32.539102, 32.539026, 32.538931, 32.538838, 32.538769, 32.538693, 32.538607, 32.538494, 32.538423, 32.538369, 32.538301, 32.538234, 32.538187, 32.538042, 32.537895, 32.537817, 32.537762, 32.537741, 32.537726, 32.537711, 32.537687, 32.537693, 32.537803, 32.537907, 32.539647, 32.539878, 32.539988, 32.540101, 32.54034, 32.540578, 32.540835, 32.541261, 32.541364, 32.54144, 32.541516, 32.541569, 32.541663, 32.541793, 32.54188, 
32.542044, 32.542134, 32.542199, 32.542537, 32.54284, 32.543115, 32.543254, 32.543437, 32.543607, 32.54415, 32.544401, 32.544582, 32.544883, 32.545105, 32.545336, 32.545502, 32.545983, 32.546164, 32.546278, 32.546406, 32.547134, 32.547555, 32.548181, 32.54897, 32.549402, 32.549916, 32.551194, 32.551425, 32.551673, 32.55202, 32.552299, 32.552497, 32.552643, 32.552778, 32.552909, 32.553138, 32.553376, 32.553633, 32.553844, 32.554237, 32.554649, 32.554961, 32.555279, 32.555634, 32.555804, 32.55619, 
32.556572, 32.556916, 32.557075, 32.557298, 32.557437, 32.557655, 32.557895, 32.558233, 32.558661, 32.558883, 32.559208, 32.559345, 32.559483, 32.559624, 32.559762, 32.559929, 32.56018, 32.560563, 32.560748, 32.561089, 32.561163, 32.561235, 32.561311, 32.561359, 32.561429, 32.561513, 32.561603, 32.561688, 32.561801, 32.561895, 32.561997, 32.562128, 32.562237, 32.562409, 32.562485, 32.562559, 32.562895, 32.563185, 32.563279, 32.563485, 32.563682, 32.563784, 32.563513, 32.562992, 32.562723, 32.562535, 
32.562369, 32.56213, 32.561881, 32.561454, 32.561309, 32.561106, 32.560773, 32.560539, 32.5603, 32.560031, 32.559854, 32.559587, 32.559291, 32.557976, 32.557897, 32.557838, 32.557772, 32.557654, 32.557566, 32.557488, 32.557407, 32.557347, 32.55724, 32.557106, 32.556977, 32.556874, 32.5568, 32.556642, 32.556431, 32.556127, 32.555801, 32.555468, 32.555173, 32.554949, 32.554766, 32.554499, 32.554245, 32.554106, 32.554064, 32.55404, 32.554034, 32.554043, 32.554057, 32.554094, 32.554134, 32.554186, 32.55423, 
32.554267, 32.554314, 32.554309, 32.554249, 32.554177, 32.55393, 32.553763, 32.553547, 32.553416, 32.553188, 32.552961, 32.55275, 32.552582, 32.552458, 32.552365, 32.552187, 32.552074, 32.55185, 32.551746, 32.551704, 32.551652, 32.551593, 32.551491, 32.551408, 32.551334, 32.551264, 32.551164, 32.55104, 32.550935, 32.550824, 32.550728, 32.550628, 32.550501, 32.550392, 32.550251, 32.550153, 32.550013, 32.549913, 32.549821, 32.549743, 32.549665, 32.549593, 32.549508, 32.549379, 32.549237, 32.549115, 
32.549017, 32.548908, 32.548832, 32.548742, 32.548696, 32.548666, 32.548609, 32.548546, 32.548476, 32.548361, 32.548284, 32.548206, 32.54813, 32.548054, 32.547984, 32.547914, 32.547871, 32.54764, 32.547368, 32.547265, 32.547178, 32.547065, 32.546938, 32.546858, 32.546733, 32.546635, 32.546517, 32.546428, 32.546328, 32.546249, 32.546184, 32.546119, 32.546055, 32.54599, 32.545844, 32.545761, 32.545648, 32.545526, 32.545399, 32.545205, 32.545085, 32.54495, 32.54473, 32.542062, 32.541882, 32.541799, 
32.541679, 32.541557, 32.541439, 32.541263, 32.541156, 32.540892, 32.540746, 32.540633, 32.540524, 32.540443, 32.540362, 32.540306, 32.540247, 32.540171, 32.540136, 32.540086, 32.540033, 32.540001, 32.539948, 32.539883, 32.539759, -25.947177, -25.947064, -25.946959, -25.946892, -25.946733, -25.946616, -25.946385, -25.946254, -25.9461, -25.945838, -25.945607, -25.945422, -25.945214, -25.945042, -25.944793, -25.944626, -25.94449, -25.944337, -25.94417, -25.944002, -25.943654, -25.943216, -25.942967, 
-25.942651, -25.942493, -25.942362, -25.942159, -25.941788, -25.941707, -25.94173, -25.941776, -25.942607, -25.94273, -25.942794, -25.942862, -25.943061, -25.943279, -25.943505, -25.943886, -25.943972, -25.943986, -25.944008, -25.943963, -25.943873, -25.943716, -25.943603, -25.943717, -25.943762, -25.943803, -25.943962, -25.944112, -25.944248, -25.94433, -25.944443, -25.944525, -25.944829, -25.944988, -25.945088, -25.945265, -25.945397, -25.945533, -25.945628, -25.945905, -25.94601, -25.946073, -25.946155, 
-25.946581, -25.946822, -25.947185, -25.947639, -25.947889, -25.948188, -25.948924, -25.949064, -25.94921, -25.949396, -25.949555, -25.949677, -25.949759, -25.94985, -25.949918, -25.950049, -25.95019, -25.950349, -25.950472, -25.950689, -25.95093, -25.951112, -25.951302, -25.95152, -25.95162, -25.951851, -25.952083, -25.952296, -25.952387, -25.952536, -25.952627, -25.952741, -25.952868, -25.953018, -25.953222, -25.953331, -25.953486, -25.953559, -25.953645, -25.953749, -25.953844, -25.954003, -25.954265, 
-25.954646, -25.95484, -25.955194, -25.955289, -25.955379, -25.955479, -25.955551, -25.955651, -25.955746, -25.955818, -25.955886, -25.955981, -25.956054, -25.956126, -25.956222, -25.956303, -25.956439, -25.956498, -25.956553, -25.956743, -25.956907, -25.956961, -25.957075, -25.957314, -25.957355, -25.957445, -25.957624, -25.957727, -25.957794, -25.957866, -25.958005, -25.95809, -25.958301, -25.958355, -25.958422, -25.958565, -25.958696, -25.958844, -25.958996, -25.959082, -25.959221, -25.959423, 
-25.960358, -25.960412, -25.960471, -25.960538, -25.960619, -25.960673, -25.960713, -25.960763, -25.960835, -25.960934, -25.96101, -25.961127, -25.961199, -25.961271, -25.961406, -25.961618, -25.961197, -25.960753, -25.960256, -25.95983, -25.959532, -25.959292, -25.958907, -25.958541, -25.958328, -25.958251, -25.958197, -25.958138, -25.958048, -25.957967, -25.95789, -25.957836, -25.957778, -25.957728, -25.957683, -25.95762, -25.957579, -25.957498, -25.957448, -25.957271, -25.95714, -25.956972, -25.956859, 
-25.956664, -25.956442, -25.95622, -25.956034, -25.95589, -25.955772, -25.955541, -25.955383, -25.955052, -25.954885, -25.954817, -25.954763, -25.95474, -25.954686, -25.954627, -25.954577, -25.954522, -25.954459, -25.954364, -25.954282, -25.954223, -25.954155, -25.954096, -25.954019, -25.953942, -25.953842, -25.953779, -25.953683, -25.953611, -25.953538, -25.953475, -25.953416, -25.953361, -25.953312, -25.953252, -25.953189, -25.953143, -25.953098, -25.953043, -25.953011, -25.952957, -25.952925, 
-25.952894, -25.952866, -25.952839, -25.952798, -25.952726, -25.952667, -25.952599, -25.95254, -25.952476, -25.952417, -25.952358, -25.952322, -25.952127, -25.951923, -25.951846, -25.951787, -25.951719, -25.951638, -25.951583, -25.951506, -25.951442, -25.95137, -25.951311, -25.951252, -25.951206, -25.951166, -25.951125, -25.951088, -25.951048, -25.950966, -25.950911, -25.950843, -25.950771, -25.950689, -25.950576, -25.950498, -25.950408, -25.950258, -25.948579, -25.948443, -25.948393, -25.94833, 
-25.948248, -25.948171, -25.948057, -25.947985, -25.947826, -25.947731, -25.947663, -25.947595, -25.94754, -25.947486, -25.947449, -25.947413, -25.947372, -25.94735, -25.947318, -25.947272, -25.947236, -25.947209, -25.947209, -25.947177)),"1 - 25"
53,"malhampsane",3.8822027373148,9001.8226418728,2,0,0,NA,list(c(32.426384, 32.42154, 32.421389, 32.421352, 32.421314, 32.421237, 32.421121, 32.421063, 32.420907, 32.420752, 32.420753, 32.420695, 32.420637, 32.420482, 32.420366, 32.420251, 32.420193, 32.420252, 32.420368, 32.420523, 32.420735, 32.420775, 32.420775, 32.420776, 32.42066, 32.420563, 32.420505, 32.420389, 32.420234, 32.420137, 32.419983, 32.419983, 32.420042, 32.420255, 32.42043, 32.420488, 32.420489, 32.420431, 32.420277, 32.420161, 32.420006, 32.419948, 32.419949, 32.41995, 32.419951, 32.41972, 
32.419547, 32.41949, 32.419432, 32.419277, 32.419219, 32.4192, 32.419103, 32.418968, 32.418851, 32.418677, 32.418445, 32.418291, 32.418001, 32.417711, 32.41723, 32.416535, 32.416478, 32.416015, 32.415433, 32.414794, 32.414369, 32.414078, 32.413691, 32.41311, 32.41282, 32.412317, 32.411737, 32.411292, 32.41104, 32.410808, 32.410693, 32.409881, 32.409591, 32.409185, 32.409049, 32.408818, 32.408644, 32.408373, 32.40837, 32.408176, 32.407965, 32.407791, 32.407715, 32.40727, 32.406844, 32.406496, 32.406205, 
32.405742, 32.405569, 32.405609, 32.40532, 32.404935, 32.404569, 32.404241, 32.403527, 32.403314, 32.403179, 32.402908, 32.402812, 32.40231, 32.402195, 32.401675, 32.401444, 32.401155, 32.400982, 32.400618, 32.40033, 32.400236, 32.400004, 32.400063, 32.400046, 32.400009, 32.39984, 32.400229, 32.400693, 32.400948, 32.40118, 32.401395, 32.401476, 32.401596, 32.402334, 32.402934, 32.403228, 32.403307, 32.403424, 32.403812, 32.404333, 32.404914, 32.405554, 32.40629, 32.406987, 32.408015, 32.408674, 32.409004, 
32.409431, 32.410206, 32.410883, 32.411639, 32.412105, 32.412223, 32.412824, 32.413423, 32.414102, 32.414819, 32.41546, 32.415809, 32.416099, 32.426384, -25.88472, -25.901979, -25.901089, -25.900877, -25.900701, -25.900547, -25.90051, -25.900632, -25.900857, -25.900838, -25.900716, -25.90063, -25.900594, -25.90063, -25.900665, -25.900574, -25.900452, -25.900349, -25.900277, -25.900264, -25.900297, -25.900157, -25.900035, -25.899895, -25.899845, -25.899948, -25.899998, -25.900033, -25.900051, -25.90005, 
-25.899996, -25.899856, -25.89977, -25.899613, -25.899546, -25.899424, -25.899298, -25.899176, -25.899089, -25.899089, -25.899124, -25.899088, -25.898876, -25.898736, -25.898546, -25.898229, -25.898034, -25.897948, -25.897966, -25.897984, -25.897947, -25.897843, -25.897843, -25.897878, -25.897982, -25.897999, -25.897908, -25.897858, -25.897784, -25.897697, -25.897312, -25.897061, -25.896749, -25.896467, -25.896934, -25.89695, -25.897002, -25.897191, -25.897189, -25.897205, -25.897307, -25.897256, 
-25.89715, -25.897197, -25.897391, -25.897353, -25.897037, -25.896966, -25.896929, -25.897031, -25.897084, -25.896858, -25.896803, -25.896856, -25.897502, -25.897605, -25.897274, -25.897183, -25.896867, -25.896955, -25.896972, -25.897128, -25.897177, -25.896967, -25.896844, -25.896492, -25.896266, -25.895894, -25.89563, -25.895385, -25.89517, -25.895223, -25.895065, -25.8951, -25.894923, -25.894872, -25.894555, -25.894133, -25.893974, -25.893779, -25.893467, -25.892869, -25.89229, -25.891924, -25.891797, 
-25.891553, -25.891083, -25.890907, -25.889854, -25.889472, -25.889334, -25.888794, -25.888795, -25.888339, -25.887554, -25.886873, -25.886226, -25.885984, -25.88539, -25.885042, -25.884781, -25.884552, -25.884871, -25.884557, -25.88437, -25.884057, -25.883848, -25.883328, -25.883069, -25.882723, -25.882512, -25.882321, -25.88217, -25.881839, -25.881489, -25.88102, -25.880742, -25.880813, -25.880486, -25.880118, -25.87953, -25.879373, -25.879374, -25.88472)),"1 - 25"
54,"malhangalene a",0.45918757090611,3479.2086138039,1,0,0,NA,list(c(32.574579, 32.574629, 32.574852, 32.57509, 32.575399, 32.575601, 32.575742, 32.57578, 32.576171, 32.576971, 32.577631, 32.577996, 32.578388, 32.579734, 32.580259, 32.580683, 32.580957, 32.581119, 32.581727, 32.581995, 32.582246, 32.582603, 32.583002, 32.583218, 32.583373, 32.583456, 32.583542, 32.583601, 32.583669, 32.583788, 32.583952, 32.584038, 32.584111, 32.584335, 32.585656, 32.585691, 32.585868, 32.586079, 32.586334, 32.586434, 32.586484, 32.586792, 32.58715, 32.587448, 32.588299, 32.58818, 
32.587992, 32.587593, 32.587382, 32.587204, 32.586928, 32.586662, 32.586419, 32.586197, 32.585931, 32.585642, 32.585458, 32.585379, 32.584585, 32.583606, 32.582546, 32.581933, 32.581706, 32.580993, 32.580902, 32.580392, 32.580036, 32.579989, 32.579807, 32.579667, 32.579555, 32.578994, 32.578826, 32.578083, 32.577873, 32.577368, 32.577158, 32.575966, 32.574579, -25.958525, -25.958458, -25.958138, -25.957818, -25.957385, -25.957097, -25.956903, -25.956813, -25.95695, -25.957142, -25.957338, -25.957465, 
-25.957606, -25.95822, -25.958456, -25.958651, -25.958801, -25.958901, -25.959264, -25.959418, -25.959586, -25.959822, -25.960089, -25.960216, -25.960266, -25.960195, -25.9601, -25.960023, -25.959906, -25.95973, -25.959505, -25.959393, -25.959289, -25.958969, -25.959776, -25.959799, -25.959917, -25.960039, -25.96018, -25.960239, -25.960271, -25.960439, -25.960629, -25.960815, -25.961274, -25.961413, -25.961652, -25.962139, -25.962368, -25.962557, -25.962895, -25.963202, -25.963521, -25.963769, -25.964098, 
-25.964409, -25.96462, -25.964598, -25.964144, -25.963604, -25.963014, -25.962673, -25.962551, -25.962156, -25.962097, -25.96182, -25.961634, -25.96162, -25.961507, -25.961394, -25.961316, -25.961021, -25.960922, -25.960486, -25.960395, -25.960078, -25.959987, -25.95931, -25.958525)),"1 - 25"
55,"malhangalene b",1.0025001852334,4135.0449555678,1,0,0,NA,list(c(32.578669, 32.578972, 32.579271, 32.579733, 32.580082, 32.580566, 32.580941, 32.58129, 32.581539, 32.581831, 32.582332, 32.582856, 32.583364, 32.583853, 32.584297, 32.584777, 32.584919, 32.585051, 32.585915, 32.586389, 32.587121, 32.588794, 32.584399, 32.584335, 32.584111, 32.584038, 32.583952, 32.583788, 32.583669, 32.583601, 32.583542, 32.583456, 32.583373, 32.583218, 32.583002, 32.582603, 32.582246, 32.581995, 32.581727, 32.581119, 32.580957, 32.580683, 32.580259, 32.579734, 32.578388, 
32.577996, 32.577631, 32.576971, 32.576171, 32.57578, 32.575797, 32.575909, 32.576063, 32.576171, 32.576259, 32.576365, 32.576477, 32.576566, 32.576661, 32.576791, 32.57689, 32.576965, 32.577061, 32.577178, 32.577271, 32.577364, 32.577464, 32.577581, 32.577663, 32.577805, 32.577969, 32.578203, 32.57828, 32.578343, 32.578425, 32.578531, 32.578613, 32.578669, -25.947291, -25.947468, -25.947622, -25.947876, -25.948071, -25.94833, -25.94853, -25.948716, -25.948848, -25.949006, -25.949274, -25.949556, 
-25.949851, -25.950114, -25.950368, -25.950631, -25.950722, -25.950804, -25.951235, -25.951471, -25.951884, -25.952801, -25.958879, -25.958969, -25.959289, -25.959393, -25.959505, -25.95973, -25.959906, -25.960023, -25.9601, -25.960195, -25.960266, -25.960216, -25.960089, -25.959822, -25.959586, -25.959418, -25.959264, -25.958901, -25.958801, -25.958651, -25.958456, -25.95822, -25.957606, -25.957465, -25.957338, -25.957142, -25.95695, -25.956813, -25.956755, -25.956696, -25.956331, -25.956083, -25.95588, 
-25.955609, -25.955348, -25.9551, -25.954852, -25.954455, -25.954116, -25.953819, -25.953449, -25.953025, -25.952686, -25.952362, -25.952014, -25.951536, -25.951234, -25.950751, -25.950151, -25.949316, -25.949032, -25.948802, -25.948477, -25.948017, -25.947634, -25.947291)),"1 - 25"
56,"malhazine",0.85620129190347,4114.6265689877,1,7,1,0,list(c(32.583651, 32.587314, 32.591706, 32.591706, 32.59301, 32.593235, 32.593599, 32.594231, 32.595002, 32.59496, 32.594521, 32.593932, 32.593845, 32.593744, 32.593671, 32.593656, 32.593613, 32.589795, 32.589018, 32.588787, 32.587698, 32.586435, 32.586407, 32.586407, 32.586393, 32.586379, 32.586323, 32.586169, 32.58593, 32.585102, 32.583628, 32.58245, 32.581902, 32.581636, 32.581243, 32.580906, 32.580922, 32.580896, 32.580941, 32.581038, 32.581041, 32.581042, 32.581042, 32.581056, 32.581098, 32.581168, 
32.581267, 32.581533, 32.582052, 32.58274, 32.58302, 32.583399, 32.583624, 32.583651, -25.878611, -25.879091, -25.87964, -25.87974, -25.879897, -25.879934, -25.879998, -25.880153, -25.880372, -25.880512, -25.881513, -25.881344, -25.882148, -25.882919, -25.883696, -25.884039, -25.884228, -25.884154, -25.885498, -25.885876, -25.885837, -25.885757, -25.88573, -25.885666, -25.88563, -25.88559, -25.88558, -25.885553, -25.885552, -25.885514, -25.885379, -25.885249, -25.885184, -25.885161, -25.885132, -25.885118, 
-25.884549, -25.883836, -25.88305, -25.879709, -25.878657, -25.878567, -25.878517, -25.878477, -25.878414, -25.878414, -25.878441, -25.878492, -25.878584, -25.878698, -25.87874, -25.878791, -25.878814, -25.878611)),"1 - 25"
57,"mali",29.520924690294,37388.072394005,1,11,2,0,list(c(32.583619, 32.581195, 32.580028, 32.573029, 32.567573, 32.56174, 32.555711, 32.555331, 32.555502, 32.555283, 32.555715, 32.555996, 32.556001, 32.556201, 32.592841, 32.593201, 32.593657, 32.593941, 32.593873, 32.593976, 32.593985, 32.593797, 32.593438, 32.593596, 32.594219, 32.594653, 32.596264, 32.598256, 32.599979, 32.600266, 32.600612, 32.601168, 32.601336, 32.601155, 32.60127, 32.601579, 32.601807, 32.601845, 32.602002, 32.602309, 32.602308, 32.602576, 32.602615, 32.602643, 32.602611, 32.602531, 
32.60261, 32.602799, 32.602987, 32.603065, 32.603063, 32.600657, 32.591808, 32.583706, 32.583619, -25.769664, -25.771053, -25.771763, -25.772094, -25.772245, -25.771709, -25.77151, -25.771482, -25.771153, -25.758456, -25.713668, -25.713669, -25.713434, -25.703597, -25.711794, -25.712911, -25.71526, -25.716922, -25.719789, -25.720805, -25.720891, -25.725089, -25.728538, -25.733067, -25.737408, -25.740384, -25.743766, -25.749054, -25.753538, -25.754432, -25.754993, -25.756254, -25.758178, -25.76021, 
-25.762436, -25.762987, -25.763697, -25.764392, -25.765336, -25.766254, -25.766705, -25.76727, -25.767686, -25.76825, -25.768639, -25.768882, -25.76909, -25.769474, -25.770107, -25.770708, -25.771313, -25.770566, -25.774988, -25.769615, -25.769664)),"1 - 25"
58,"mapulango",7.4683952858946,13933.477686521,1,0,0,NA,list(c(32.649026, 32.645655, 32.645595, 32.645939, 32.646572, 32.647032, 32.647376, 32.649551, 32.650013, 32.650475, 32.650918, 32.65109, 32.651379, 32.65213, 32.6523, 32.652064, 32.648334, 32.648002, 32.647301, 32.64686, 32.646499, 32.646198, 32.645907, 32.636219, 32.636289, 32.635952, 32.636363, 32.636777, 32.636668, 32.636556, 32.636503, 32.636389, 32.635988, 32.635587, 32.635357, 32.635189, 32.634809, 32.634832, 32.634868, 32.634296, 32.634185, 32.633899, 32.633907, 32.633798, 32.633803, 32.633517, 
32.63283, 32.632605, 32.632148, 32.631922, 32.632042, 32.632048, 32.632106, 32.649026, -25.702825, -25.712768, -25.713783, -25.714746, -25.716445, -25.717584, -25.718637, -25.721351, -25.721723, -25.722437, -25.722858, -25.723594, -25.723807, -25.724491, -25.725679, -25.727358, -25.745937, -25.745936, -25.745962, -25.746114, -25.746285, -25.746469, -25.746667, -25.753863, -25.750784, -25.747334, -25.745515, -25.742857, -25.740355, -25.739149, -25.737677, -25.736959, -25.735545, -25.734036, -25.733146, 
-25.731272, -25.729347, -25.72914, -25.728824, -25.726583, -25.724763, -25.723656, -25.720997, -25.718811, -25.717235, -25.715943, -25.713282, -25.711196, -25.708942, -25.707275, -25.705668, -25.703726, -25.703722, -25.702825)),"1 - 25"
59,"matlhemele",24.658824887278,27678.979922874,2,11,0,1,list(c(32.479724, 32.484741, 32.486171, 32.487681, 32.488416, 32.490546, 32.495211, 32.500089, 32.503705, 32.510313, 32.510826, 32.511455, 32.512254, 32.512459, 32.512606, 32.512484, 32.512189, 32.512226, 32.512591, 32.513168, 32.513243, 32.513357, 32.513277, 32.513237, 32.513197, 32.51335, 32.513387, 32.513482, 32.513423, 32.513912, 32.514467, 32.514941, 32.518054, 32.519228, 32.521684, 32.526682, 32.528851, 32.5291, 32.529254, 32.529019, 32.528687, 32.528102, 32.527131, 32.525831, 32.522733, 32.522693, 
32.523019, 32.523452, 32.523449, 32.522997, 32.522663, 32.522058, 32.521841, 32.521431, 32.520651, 32.519795, 32.518649, 32.518163, 32.517498, 32.517045, 32.516964, 32.517209, 32.518589, 32.518938, 32.519059, 32.505766, 32.505599, 32.505354, 32.50503, 32.504762, 32.504094, 32.50352, 32.503127, 32.502922, 32.502695, 32.502641, 32.502644, 32.502531, 32.502382, 32.502326, 32.502331, 32.502278, 32.501819, 32.501801, 32.501513, 32.501304, 32.501093, 32.500979, 32.500905, 32.501256, 32.501277, 32.501395, 
32.501552, 32.501534, 32.501266, 32.501271, 32.501295, 32.501299, 32.501399, 32.50158, 32.501761, 32.501824, 32.501982, 32.502274, 32.503015, 32.503773, 32.504104, 32.504165, 32.503702, 32.503199, 32.502677, 32.502056, 32.501072, 32.498854, 32.498021, 32.496677, 32.493323, 32.490188, 32.486743, 32.486358, 32.487171, 32.487793, 32.488588, 32.490023, 32.490412, 32.490476, 32.490422, 32.490137, 32.489985, 32.489737, 32.48943, 32.489297, 32.489066, 32.48872, 32.488664, 32.488685, 32.488396, 32.488013, 
32.487455, 32.486917, 32.486204, 32.485647, 32.485303, 32.484841, 32.484571, 32.484321, 32.484206, 32.484324, 32.484269, 32.48435, 32.484121, 32.484123, 32.483689, 32.481245, 32.480735, 32.480699, 32.480972, 32.481302, 32.481593, 32.481673, 32.48156, 32.48133, 32.480946, 32.480585, 32.480261, 32.480034, 32.479866, 32.479736, 32.479724, -25.757849, -25.757605, -25.757397, -25.756933, -25.756638, -25.755435, -25.753212, -25.751008, -25.750284, -25.745304, -25.747369, -25.749457, -25.752588, -25.754287, 
-25.756265, -25.757664, -25.758977, -25.759307, -25.759832, -25.760502, -25.761044, -25.761604, -25.762109, -25.762583, -25.762985, -25.763351, -25.763686, -25.763984, -25.764349, -25.767448, -25.768954, -25.771023, -25.775404, -25.776582, -25.780789, -25.787383, -25.791097, -25.791626, -25.791907, -25.79257, -25.793462, -25.794806, -25.796063, -25.797336, -25.798793, -25.799055, -25.799864, -25.802557, -25.803292, -25.80539, -25.806563, -25.807961, -25.809044, -25.810076, -25.811803, -25.813308, 
-25.81451, -25.815312, -25.817147, -25.819209, -25.820347, -25.821887, -25.823946, -25.824466, -25.824516, -25.833967, -25.833885, -25.83243, -25.831309, -25.830523, -25.828493, -25.827056, -25.824061, -25.822277, -25.820944, -25.820018, -25.819251, -25.818582, -25.817394, -25.816798, -25.815642, -25.814315, -25.813194, -25.812914, -25.812371, -25.811598, -25.811195, -25.810671, -25.809953, -25.809182, -25.808871, -25.808451, -25.807802, -25.807368, -25.806929, -25.805652, -25.80441, -25.803638, 
-25.802871, -25.80112, -25.799459, -25.798285, -25.7975, -25.796837, -25.795336, -25.794269, -25.793661, -25.793047, -25.792711, -25.792764, -25.793042, -25.793459, -25.793072, -25.796875, -25.797121, -25.799807, -25.802175, -25.803144, -25.804147, -25.804367, -25.803553, -25.802684, -25.802054, -25.80103, -25.800313, -25.799018, -25.798002, -25.796845, -25.796303, -25.795692, -25.795163, -25.794639, -25.79429, -25.793851, -25.793395, -25.792939, -25.792658, -25.791939, -25.791431, -25.790833, -25.790149, 
-25.789307, -25.78866, -25.788099, -25.78794, -25.787745, -25.787501, -25.787081, -25.786259, -25.785366, -25.784877, -25.784263, -25.781986, -25.770573, -25.767997, -25.767279, -25.766933, -25.766618, -25.766253, -25.765554, -25.764871, -25.764555, -25.76389, -25.76252, -25.761435, -25.760297, -25.758951, -25.757885, -25.757849)),"1 - 25"
60,"matola a",18.179344987971,20251.826113097,2,0,0,NA,list(c(32.483955, 32.484005, 32.484157, 32.486854, 32.487528, 32.488286, 32.489304, 32.490317, 32.49115, 32.491824, 32.4925, 32.493093, 32.493766, 32.493842, 32.501596, 32.503915, 32.506189, 32.5047, 32.498632, 32.494251, 32.491208, 32.487394, 32.484908, 32.482237, 32.478626, 32.474024, 32.473903, 32.471271, 32.46852, 32.467688, 32.464703, 32.461837, 32.459689, 32.45826, 32.457548, 32.456705, 32.455773, 32.454479, 32.453428, 32.45212, 32.448779, 32.446263, 32.442799, 32.437914, 32.437777, 32.440374, 
32.440797, 32.440722, 32.442409, 32.451895, 32.452486, 32.452742, 32.45321, 32.454377, 32.460486, 32.460627, 32.464768, 32.471526, 32.474377, 32.474546, 32.476131, 32.47771, 32.483616, 32.483955, -25.942347, -25.942321, -25.946782, -25.951469, -25.952627, -25.952937, -25.953085, -25.954316, -25.955854, -25.95685, -25.957773, -25.959094, -25.960541, -25.960392, -25.95627, -25.955284, -25.959586, -25.959585, -25.962133, -25.964859, -25.968108, -25.973571, -25.978023, -25.983142, -25.98759, -25.993221, 
-25.993135, -25.992917, -25.993449, -25.99355, -25.994293, -25.994508, -25.994274, -25.993515, -25.992551, -25.990818, -25.98714, -25.982272, -25.979451, -25.977505, -25.975984, -25.975871, -25.975736, -25.975026, -25.974971, -25.971812, -25.971055, -25.971276, -25.969219, -25.958077, -25.957537, -25.957326, -25.956989, -25.956384, -25.953739, -25.953676, -25.95189, -25.948976, -25.947735, -25.947646, -25.946789, -25.945896, -25.94254, -25.942347)),"1 - 25"
61,"matola b",1.2885481721215,5583.4468079448,2,0,0,NA,list(c(32.45042, 32.450473, 32.451421, 32.452399, 32.456739, 32.459841, 32.46126, 32.459699, 32.461607, 32.462425, 32.463353, 32.464691, 32.464768, 32.460627, 32.460486, 32.460118, 32.458407, 32.458148, 32.457705, 32.456772, 32.456513, 32.454986, 32.453932, 32.451985, 32.45042, -25.937307, -25.937204, -25.936751, -25.936258, -25.934148, -25.939307, -25.941664, -25.942431, -25.946063, -25.947461, -25.949194, -25.951745, -25.95189, -25.953676, -25.953739, -25.953335, -25.95071, -25.950217, -25.949421, 
-25.947919, -25.94748, -25.944955, -25.943217, -25.939932, -25.937307)),"1 - 25"
62,"matola c",5.1093197802286,12301.37976285,2,0,0,NA,list(c(32.45034, 32.45042, 32.451985, 32.453932, 32.454986, 32.456513, 32.456772, 32.457705, 32.458148, 32.458407, 32.460118, 32.460486, 32.454377, 32.45321, 32.452742, 32.452486, 32.451895, 32.442409, 32.440722, 32.440797, 32.440374, 32.437777, 32.43759, 32.435838, 32.435091, 32.434601, 32.434479, 32.434485, 32.434997, 32.436, 32.436253, 32.436139, 32.435394, 32.433641, 32.432142, 32.431278, 32.431158, 32.432045, 32.433423, 32.434424, 32.437556, 32.438685, 32.440064, 32.440574, 32.441707, 32.44271, 
32.444714, 32.445714, 32.44622, 32.446097, 32.445231, 32.442861, 32.441363, 32.440239, 32.438985, 32.438133, 32.45034, -25.937307, -25.937307, -25.939932, -25.943217, -25.944955, -25.94748, -25.947919, -25.949421, -25.950217, -25.95071, -25.953335, -25.953739, -25.956384, -25.956989, -25.957326, -25.957537, -25.958077, -25.969219, -25.971276, -25.971055, -25.971812, -25.974971, -25.974993, -25.974201, -25.973521, -25.972611, -25.971369, -25.97001, -25.968202, -25.966969, -25.965836, -25.964712, -25.963576, 
-25.963113, -25.962886, -25.961749, -25.960168, -25.958253, -25.957012, -25.956226, -25.955331, -25.954432, -25.95297, -25.9515, -25.949699, -25.948457, -25.948126, -25.947683, -25.94689, -25.945987, -25.945076, -25.943486, -25.943025, -25.94302, -25.94325, -25.943355, -25.937307)),"1 - 25"
63,"matola d",2.5718551422107,7165.1593725718,2,0,0,NA,list(c(32.445406, 32.445651, 32.445989, 32.446212, 32.446314, 32.446507, 32.446649, 32.447074, 32.447392, 32.44766, 32.447886, 32.448227, 32.448449, 32.448734, 32.44889, 32.449086, 32.449314, 32.449749, 32.449974, 32.45011, 32.450296, 32.450684, 32.451105, 32.45136, 32.451518, 32.451874, 32.452452, 32.452902, 32.453296, 32.453686, 32.454077, 32.454379, 32.454743, 32.455022, 32.455512, 32.455807, 32.456227, 32.456582, 32.456739, 32.452399, 32.451421, 32.450473, 32.45042, 32.45034, 32.438133, 32.437237, 
32.436113, 32.435383, 32.434992, 32.434818, 32.435111, 32.435863, 32.435905, 32.435873, 32.43552, 32.434527, 32.433425, 32.43186, 32.431767, 32.434834, 32.435046, 32.435659, 32.435775, 32.435848, 32.43615, 32.436508, 32.436985, 32.4374, 32.437758, 32.438156, 32.438484, 32.438852, 32.439084, 32.439571, 32.439761, 32.439907, 32.440344, 32.44044, 32.440742, 32.44104, 32.441272, 32.442324, 32.442877, 32.443968, 32.444064, 32.44416, 32.444161, 32.444135, 32.444122, 32.444115, 32.444195, 32.445406, -25.928502, 
-25.928377, -25.92822, -25.928117, -25.928072, -25.928001, -25.927934, -25.92771, -25.927535, -25.927423, -25.927324, -25.927186, -25.927051, -25.92689, -25.926823, -25.926742, -25.926648, -25.926424, -25.926353, -25.926308, -25.926178, -25.926003, -25.925811, -25.925654, -25.925596, -25.926048, -25.927003, -25.927759, -25.928406, -25.929058, -25.929723, -25.930234, -25.930845, -25.931284, -25.932085, -25.932596, -25.933289, -25.93385, -25.934148, -25.936258, -25.936751, -25.937204, -25.937307, -25.937307, 
-25.943355, -25.943465, -25.943239, -25.942564, -25.94188, -25.940981, -25.93979, -25.938954, -25.93773, -25.936895, -25.935927, -25.934569, -25.933919, -25.933398, -25.933384, -25.931888, -25.931799, -25.931503, -25.931413, -25.931396, -25.931275, -25.931096, -25.93084, -25.930625, -25.930469, -25.930285, -25.930119, -25.92994, -25.929824, -25.929573, -25.929465, -25.929384, -25.929178, -25.929138, -25.928995, -25.928847, -25.928748, -25.92822, -25.927964, -25.927436, -25.927396, -25.927283, -25.92722, 
-25.927148, -25.927035, -25.926962, -25.926909, -25.928502)),"1 - 25"
64,"matola f",1.7586809749763,5455.1605156022,2,0,0,NA,list(c(32.459841, 32.461165, 32.462634, 32.463552, 32.464546, 32.46566, 32.466814, 32.467918, 32.469914, 32.470126, 32.470152, 32.470423, 32.470945, 32.471222, 32.471721, 32.472097, 32.47274, 32.473524, 32.473919, 32.474546, 32.474377, 32.471526, 32.464768, 32.464691, 32.463353, 32.462425, 32.461607, 32.459699, 32.46126, 32.459841, -25.939307, -25.938639, -25.937895, -25.937411, -25.936986, -25.936434, -25.935856, -25.935314, -25.934355, -25.934252, -25.934342, -25.935197, -25.936896, -25.9378, -25.939269, 
-25.940372, -25.942271, -25.944563, -25.945693, -25.947646, -25.947735, -25.948976, -25.95189, -25.951745, -25.949194, -25.947461, -25.946063, -25.942431, -25.941664, -25.939307)),"1 - 25"
65,"matola g",0.91280227896383,3926.7032452485,2,0,0,NA,list(c(32.456437, 32.460825, 32.46828, 32.468949, 32.469194, 32.469321, 32.470126, 32.469914, 32.467918, 32.466814, 32.46566, 32.464546, 32.463552, 32.462634, 32.461165, 32.459841, 32.456739, 32.456582, 32.456437, -25.933887, -25.932076, -25.929143, -25.930415, -25.931151, -25.931612, -25.934252, -25.934355, -25.935314, -25.935856, -25.936434, -25.936986, -25.937411, -25.937895, -25.938639, -25.939307, -25.934148, -25.93385, -25.933887)),"1 - 25"
66,"matola gare",34.655801272896,28913.57553615,2,26,2,1,list(c(32.434768, 32.456249, 32.457909, 32.458016, 32.458146, 32.458119, 32.458327, 32.459026, 32.458863, 32.458773, 32.457715, 32.455907, 32.454507, 32.452337, 32.451775, 32.451715, 32.451034, 32.450357, 32.460828, 32.461034, 32.462514, 32.464643, 32.464426, 32.458652, 32.43694, 32.416092, 32.415995, 32.415553, 32.414917, 32.414087, 32.413354, 32.412737, 32.412217, 32.411812, 32.41135, 32.410888, 32.41083, 32.410253, 32.410139, 32.410315, 32.410433, 32.410338, 32.410437, 32.410459, 32.410229, 32.410038, 
32.409633, 32.408533, 32.408631, 32.409039, 32.409349, 32.409509, 32.409394, 32.409222, 32.409111, 32.408998, 32.40879, 32.408562, 32.408081, 32.407816, 32.407703, 32.407881, 32.407886, 32.407754, 32.408065, 32.408299, 32.408514, 32.409096, 32.409775, 32.410648, 32.411055, 32.411616, 32.41185, 32.411987, 32.411988, 32.411815, 32.412224, 32.412554, 32.412768, 32.412867, 32.413197, 32.41343, 32.413644, 32.413646, 32.414092, 32.414364, 32.414753, 32.414851, 32.41497, 32.414972, 32.415031, 32.41536, 
32.415516, 32.41542, 32.415421, 32.415697, 32.415698, 32.415429, 32.415314, 32.415315, 32.4152, 32.415434, 32.415378, 32.415206, 32.415113, 32.415119, 32.415182, 32.415133, 32.415234, 32.415297, 32.415244, 32.415307, 32.415369, 32.415492, 32.415439, 32.415558, 32.415717, 32.415894, 32.415896, 32.41617, 32.416288, 32.416445, 32.416448, 32.416391, 32.416781, 32.418102, 32.418606, 32.419363, 32.419866, 32.420312, 32.420912, 32.421572, 32.421843, 32.422115, 32.42229, 32.42235, 32.422563, 32.422737, 32.423103, 
32.423162, 32.423492, 32.423551, 32.423881, 32.42427, 32.424329, 32.424544, 32.424875, 32.425322, 32.425478, 32.425596, 32.425599, 32.42566, 32.425603, 32.425605, 32.425548, 32.425549, 32.425783, 32.425726, 32.425495, 32.425458, 32.425788, 32.425789, 32.42579, 32.425501, 32.425503, 32.425563, 32.42568, 32.425566, 32.425471, 32.425145, 32.424915, 32.424862, 32.424864, 32.425039, 32.425194, 32.425484, 32.425699, 32.425759, 32.425762, 32.42565, 32.425747, 32.425688, 32.425577, 32.425365, 32.425369, 
32.425373, 32.425705, 32.426199, 32.426739, 32.426951, 32.427534, 32.4286, 32.430054, 32.430192, 32.430564, 32.430647, 32.430287, 32.430213, 32.430505, 32.430933, 32.431457, 32.432386, 32.433602, 32.434768, -25.761595, -25.79046, -25.807822, -25.8098, -25.811042, -25.812775, -25.813805, -25.817294, -25.819022, -25.819157, -25.820734, -25.822966, -25.824726, -25.825892, -25.826274, -25.826675, -25.827463, -25.827754, -25.850417, -25.850513, -25.853764, -25.857655, -25.857686, -25.856793, -25.848313, 
-25.849422, -25.849431, -25.848879, -25.84856, -25.848241, -25.847922, -25.847608, -25.847131, -25.846814, -25.846568, -25.846164, -25.846164, -25.84548, -25.845005, -25.844604, -25.844343, -25.843972, -25.843413, -25.842993, -25.842505, -25.84203, -25.841906, -25.841536, -25.841117, -25.840748, -25.84056, -25.83963, -25.839282, -25.838947, -25.838057, -25.837375, -25.83634, -25.835676, -25.835096, -25.834079, -25.833451, -25.832558, -25.831614, -25.831, -25.830653, -25.830126, -25.829743, -25.82924, 
-25.828908, -25.828126, -25.827952, -25.827972, -25.827499, -25.82722, -25.826958, -25.826659, -25.826191, -25.825926, -25.825543, -25.825088, -25.824796, -25.824602, -25.82436, -25.823849, -25.823558, -25.82331, -25.822856, -25.822527, -25.822071, -25.821615, -25.821476, -25.821323, -25.821076, -25.820886, -25.820692, -25.819645, -25.819293, -25.819098, -25.81889, -25.818646, -25.818451, -25.81805, -25.817666, -25.817156, -25.816419, -25.815178, -25.814288, -25.812487, -25.811507, -25.81051, -25.80958, 
-25.808478, -25.807693, -25.806208, -25.80526, -25.80456, -25.803672, -25.803076, -25.802724, -25.80194, -25.801538, -25.801047, -25.800455, -25.800157, -25.799599, -25.798114, -25.797732, -25.79723, -25.796988, -25.796742, -25.7965, -25.796047, -25.795858, -25.795611, -25.79535, -25.794966, -25.794863, -25.794864, -25.795055, -25.794811, -25.794623, -25.794429, -25.794078, -25.793574, -25.793276, -25.79279, -25.792335, -25.791845, -25.791443, -25.791006, -25.790415, -25.789905, -25.789715, -25.789313, 
-25.789015, -25.788717, -25.788474, -25.788279, -25.788035, -25.787737, -25.78744, -25.787228, -25.78688, -25.786685, -25.786337, -25.785899, -25.785602, -25.785303, -25.784901, -25.784498, -25.783955, -25.783012, -25.78252, -25.782313, -25.782313, -25.782174, -25.781719, -25.781336, -25.780685, -25.779796, -25.779796, -25.777994, -25.776224, -25.77476, -25.773839, -25.773045, -25.772378, -25.771296, -25.770919, -25.770423, -25.769848, -25.769134, -25.768088, -25.767443, -25.766464, -25.765363, -25.763858, 
-25.763208, -25.762753, -25.761969, -25.761515, -25.761329, -25.761523, -25.761595)),"26 - 50"
67,"matola h",1.3954469933676,4953.7290757331,2,0,0,NA,list(c(32.456324, 32.455512, 32.455022, 32.454743, 32.454379, 32.454077, 32.453686, 32.453296, 32.452902, 32.452452, 32.451874, 32.451518, 32.451691, 32.452305, 32.452491, 32.452666, 32.452998, 32.453243, 32.453502, 32.454035, 32.454343, 32.45472, 32.455164, 32.45539, 32.455711, 32.456099, 32.456381, 32.456673, 32.457044, 32.457439, 32.458209, 32.458664, 32.459187, 32.459597, 32.459804, 32.460194, 32.460377, 32.461353, 32.461648, 32.463498, 32.463567, 32.463678, 32.463848, 32.464093, 32.464229, 32.46452, 
32.464686, 32.464781, 32.465342, 32.465516, 32.466132, 32.466483, 32.466818, 32.467274, 32.467644, 32.46828, 32.460825, 32.456324, -25.93409, -25.932085, -25.931284, -25.930845, -25.930234, -25.929723, -25.929058, -25.928406, -25.927759, -25.927003, -25.926048, -25.925596, -25.925528, -25.925174, -25.925085, -25.925008, -25.924816, -25.924686, -25.924614, -25.924485, -25.924437, -25.92433, -25.924187, -25.924071, -25.923896, -25.923703, -25.923537, -25.92333, -25.923097, -25.922837, -25.922284, -25.921956, 
-25.92115, -25.920456, -25.920073, -25.919339, -25.919213, -25.919086, -25.919015, -25.918724, -25.918787, -25.918991, -25.919497, -25.920256, -25.920758, -25.921572, -25.922209, -25.922408, -25.923417, -25.92372, -25.924964, -25.925683, -25.926231, -25.92709, -25.927922, -25.929143, -25.932076, -25.93409)),"1 - 25"
68,"matola j",2.106246392082,7238.8497075695,2,0,0,NA,list(c(32.434478, 32.439676, 32.439725, 32.439863, 32.440114, 32.440213, 32.440833, 32.441734, 32.443319, 32.44555, 32.44621, 32.449518, 32.449574, 32.453502, 32.453243, 32.452998, 32.452666, 32.452491, 32.452305, 32.451691, 32.451518, 32.45136, 32.451105, 32.450684, 32.450296, 32.45011, 32.449974, 32.449749, 32.449314, 32.449086, 32.44889, 32.448734, 32.448449, 32.448227, 32.447886, 32.44766, 32.447392, 32.447074, 32.446649, 32.446507, 32.446314, 32.446212, 32.445989, 32.445651, 32.445406, 32.444195, 
32.444115, 32.444122, 32.444135, 32.444161, 32.44416, 32.444064, 32.443968, 32.442877, 32.442324, 32.441272, 32.44104, 32.440742, 32.44044, 32.440344, 32.439907, 32.439761, 32.439571, 32.439084, 32.438852, 32.438484, 32.438156, 32.437758, 32.4374, 32.436985, 32.436508, 32.43615, 32.435848, 32.435775, 32.435659, 32.435046, 32.434834, 32.431767, 32.43065, 32.429937, 32.429476, 32.429337, 32.429768, 32.430516, 32.430985, 32.431628, 32.432275, 32.432421, 32.431928, 32.431895, 32.4319, 32.431477, 32.431264, 
32.431872, 32.432944, 32.43394, 32.434656, 32.434801, 32.43466, 32.434478, -25.921458, -25.919586, -25.919713, -25.919903, -25.920053, -25.920098, -25.921144, -25.92075, -25.919961, -25.918904, -25.918559, -25.916951, -25.916829, -25.924614, -25.924686, -25.924816, -25.925008, -25.925085, -25.925174, -25.925528, -25.925596, -25.925654, -25.925811, -25.926003, -25.926178, -25.926308, -25.926353, -25.926424, -25.926648, -25.926742, -25.926823, -25.92689, -25.927051, -25.927186, -25.927324, -25.927423, 
-25.927535, -25.92771, -25.927934, -25.928001, -25.928072, -25.928117, -25.92822, -25.928377, -25.928502, -25.926909, -25.926962, -25.927035, -25.927148, -25.92722, -25.927283, -25.927396, -25.927436, -25.927964, -25.92822, -25.928748, -25.928847, -25.928995, -25.929138, -25.929178, -25.929384, -25.929465, -25.929573, -25.929824, -25.92994, -25.930119, -25.930285, -25.930469, -25.930625, -25.93084, -25.931096, -25.931275, -25.931396, -25.931413, -25.931503, -25.931799, -25.931888, -25.933384, -25.933204, 
-25.933007, -25.932617, -25.931844, -25.931038, -25.930819, -25.930433, -25.930047, -25.928921, -25.928186, -25.926811, -25.926039, -25.925136, -25.924263, -25.923811, -25.923299, -25.923176, -25.923081, -25.922826, -25.922213, -25.922023, -25.921458)),"1 - 25"
69,"mavalane a",1.2136043225259,4520.5549588443,1,158,24,3,list(c(32.586985, 32.587069, 32.587083, 32.587223, 32.587349, 32.587462, 32.587728, 32.588009, 32.589035, 32.589091, 32.588912, 32.588874, 32.588744, 32.588503, 32.588498, 32.588371, 32.58844, 32.588411, 32.588339, 32.588296, 32.588295, 32.58828, 32.588321, 32.588291, 32.588234, 32.588233, 32.588232, 32.588231, 32.58823, 32.588286, 32.588327, 32.588362, 32.585159, 32.584812, 32.584537, 32.582209, 32.580388, 32.580146, 32.579873, 32.579614, 32.579277, 32.579201, 32.57897, 32.578401, 32.577665, 32.577553, 
32.57747, 32.577414, 32.577387, 32.577402, 32.577416, 32.577445, 32.577742, 32.577742, 32.577743, 32.577714, 32.577686, 32.577631, 32.577589, 32.577532, 32.576523, 32.576453, 32.576411, 32.576397, 32.576398, 32.576411, 32.576454, 32.577089, 32.577217, 32.577329, 32.577442, 32.577526, 32.577751, 32.5782, 32.578607, 32.579577, 32.579632, 32.579675, 32.580533, 32.580928, 32.581336, 32.581617, 32.582025, 32.582138, 32.582321, 32.582686, 32.583275, 32.584231, 32.585045, 32.585439, 32.585846, 32.586113, 
32.586492, 32.58659, 32.586689, 32.586816, 32.586914, 32.586985, -25.9212, -25.921341, -25.921413, -25.921594, -25.921531, -25.921482, -25.921442, -25.921429, -25.921432, -25.921432, -25.922971, -25.923301, -25.924352, -25.926329, -25.92637, -25.9266, -25.92679, -25.927223, -25.927552, -25.927855, -25.928225, -25.928541, -25.928848, -25.929214, -25.929457, -25.929683, -25.930053, -25.930396, -25.930563, -25.93088, -25.931169, -25.931304, -25.932157, -25.932238, -25.932323, -25.932944, -25.93343, 
-25.933236, -25.933018, -25.932936, -25.932881, -25.932813, -25.932135, -25.930382, -25.928167, -25.927837, -25.927571, -25.927381, -25.927191, -25.927051, -25.926925, -25.926771, -25.926199, -25.926072, -25.926009, -25.92596, -25.925923, -25.925869, -25.925846, -25.925819, -25.925319, -25.925283, -25.925247, -25.925193, -25.925143, -25.925093, -25.92503, -25.923989, -25.923813, -25.923751, -25.923724, -25.923711, -25.923698, -25.923676, -25.923664, -25.923617, -25.923604, -25.923577, -25.922997, 
-25.922745, -25.922466, -25.9223, -25.922085, -25.922035, -25.921986, -25.92196, -25.921926, -25.921852, -25.921791, -25.921765, -25.921743, -25.921731, -25.921732, -25.921719, -25.921642, -25.921489, -25.921349, -25.9212)),"> 75"
70,"mavalane b",0.57028189466347,3991.4691421743,1,133,15,1,list(c(32.594342, 32.594511, 32.595354, 32.595902, 32.596675, 32.597364, 32.597603, 32.59794, 32.598038, 32.598165, 32.598488, 32.599036, 32.59957, 32.599781, 32.600259, 32.600695, 32.601032, 32.601524, 32.602255, 32.602943, 32.603688, 32.603804, 32.603912, 32.60401, 32.604121, 32.604302, 32.604566, 32.604873, 32.588503, 32.588744, 32.588874, 32.588912, 32.589268, 32.589535, 32.589915, 32.590196, 32.591011, 32.592191, 32.593133, 32.594342, -25.921551, -25.921488, -25.921274, -25.921108, -25.920921, 
-25.920733, -25.920657, -25.920545, -25.920532, -25.920505, -25.92042, -25.920268, -25.92013, -25.920067, -25.919928, -25.919817, -25.919741, -25.919616, -25.919415, -25.919227, -25.919012, -25.918985, -25.919252, -25.919519, -25.919813, -25.920359, -25.921123, -25.92204, -25.926329, -25.924352, -25.923301, -25.922971, -25.922895, -25.922833, -25.922717, -25.922641, -25.922431, -25.922127, -25.921863, -25.921551)),"> 75"
71,"maxaquene a",0.84319343637803,4545.7623095314,1,66,7,1,list(c(32.579416, 32.579248, 32.579099, 32.578975, 32.578892, 32.578792, 32.578729, 32.578683, 32.578646, 32.578607, 32.578562, 32.578554, 32.578556, 32.578556, 32.578614, 32.57866, 32.578715, 32.578783, 32.578844, 32.578903, 32.578938, 32.579024, 32.579151, 32.579201, 32.579277, 32.579614, 32.579873, 32.580146, 32.580388, 32.582209, 32.584537, 32.584812, 32.585076, 32.585142, 32.585226, 32.585321, 32.585383, 32.585422, 32.585506, 32.585544, 32.585572, 32.585581, 32.585533, 32.585562, 32.585572, 
32.585577, 32.585559, 32.5855, 32.585409, 32.585366, 32.58529, 32.585208, 32.585135, 32.585068, 32.584948, 32.584841, 32.584709, 32.584559, 32.584483, 32.584381, 32.58429, 32.584219, 32.584166, 32.584107, 32.584067, 32.584059, 32.584054, 32.583622, 32.583291, 32.582771, 32.582359, 32.582194, 32.581562, 32.581539, 32.58129, 32.580941, 32.580566, 32.580082, 32.579733, 32.579271, 32.578972, 32.578669, 32.578759, 32.578833, 32.578952, 32.578995, 32.579117, 32.57925, 32.57935, 32.579376, 32.579416, -25.934574, 
-25.934497, -25.934438, -25.93437, -25.934306, -25.934238, -25.934166, -25.934112, -25.934039, -25.933958, -25.933822, -25.933723, -25.93361, -25.933547, -25.933371, -25.93329, -25.933213, -25.93315, -25.933096, -25.933047, -25.933029, -25.93297, -25.932917, -25.932903, -25.932881, -25.932936, -25.933018, -25.933236, -25.93343, -25.932944, -25.932323, -25.932238, -25.93297, -25.933015, -25.933038, -25.933047, -25.933066, -25.933093, -25.933165, -25.933229, -25.933287, -25.93336, -25.933992, -25.93452, 
-25.934687, -25.934877, -25.935129, -25.93549, -25.935996, -25.936127, -25.93647, -25.936799, -25.937033, -25.937209, -25.937493, -25.937769, -25.938116, -25.938531, -25.938743, -25.938995, -25.939234, -25.939464, -25.939654, -25.939947, -25.940213, -25.940313, -25.940489, -25.942451, -25.943412, -25.944788, -25.946087, -25.946773, -25.948812, -25.948848, -25.948716, -25.94853, -25.94833, -25.948071, -25.947876, -25.947622, -25.947468, -25.947291, -25.94655, -25.945386, -25.943296, -25.94223, -25.940064, 
-25.937495, -25.93582, -25.935098, -25.934574)),"51 - 75"
72,"maxaquene b",1.0554976229158,4703.6558164334,1,42,6,0,list(c(32.581562, 32.582194, 32.582359, 32.582771, 32.583291, 32.583622, 32.584054, 32.584059, 32.584067, 32.584107, 32.584166, 32.584219, 32.58429, 32.584381, 32.584483, 32.584559, 32.584709, 32.584841, 32.584948, 32.585068, 32.585135, 32.585208, 32.58529, 32.585366, 32.585409, 32.5855, 32.585559, 32.585606, 32.585875, 32.586117, 32.586287, 32.58641, 32.586462, 32.586545, 32.586649, 32.586756, 32.587229, 32.587476, 32.587665, 32.587723, 32.587774, 32.587994, 32.588333, 32.588495, 32.588591, 32.590925, 
32.591344, 32.591861, 32.593166, 32.593545, 32.59391, 32.594081, 32.594212, 32.59382, 32.593388, 32.593177, 32.591314, 32.59074, 32.590331, 32.590112, 32.590022, 32.589725, 32.589524, 32.589448, 32.589361, 32.584925, 32.584919, 32.584777, 32.584297, 32.583853, 32.583364, 32.582856, 32.582332, 32.581831, 32.581539, 32.581562, -25.948812, -25.946773, -25.946087, -25.944788, -25.943412, -25.942451, -25.940489, -25.940313, -25.940213, -25.939947, -25.939654, -25.939464, -25.939234, -25.938995, -25.938743, 
-25.938531, -25.938116, -25.937769, -25.937493, -25.937209, -25.937033, -25.936799, -25.93647, -25.936127, -25.935996, -25.93549, -25.935129, -25.935107, -25.935085, -25.93505, -25.935037, -25.935028, -25.935028, -25.935028, -25.935038, -25.935052, -25.935179, -25.935243, -25.935284, -25.935285, -25.935294, -25.935308, -25.935349, -25.935372, -25.935386, -25.935831, -25.9359, -25.935992, -25.936257, -25.936326, -25.936399, -25.936431, -25.936481, -25.937108, -25.937784, -25.938099, -25.940844, -25.941849, 
-25.942511, -25.942782, -25.942993, -25.943309, -25.943462, -25.943556, -25.943863, -25.950663, -25.950722, -25.950631, -25.950368, -25.950114, -25.949851, -25.949556, -25.949274, -25.949006, -25.948848, -25.948812)),"26 - 50"
73,"maxaquene c",0.96778831239672,5080.9498320811,1,11,1,0,list(c(32.600429, 32.591996, 32.591525, 32.591455, 32.591397, 32.591258, 32.590955, 32.590816, 32.590639, 32.59043, 32.59032, 32.590221, 32.589635, 32.589216, 32.588884, 32.588794, 32.587121, 32.586389, 32.585915, 32.585051, 32.584919, 32.584925, 32.589361, 32.589448, 32.589524, 32.589725, 32.590022, 32.590112, 32.590331, 32.59074, 32.591314, 32.593177, 32.593388, 32.59382, 32.594212, 32.597032, 32.597929, 32.599152, 32.600429, -25.936399, -25.948313, -25.948872, -25.948966, -25.949056, -25.949273, 
-25.949696, -25.949876, -25.950133, -25.950453, -25.950615, -25.950737, -25.951526, -25.952111, -25.952566, -25.952801, -25.951884, -25.951471, -25.951235, -25.950804, -25.950722, -25.950663, -25.943863, -25.943556, -25.943462, -25.943309, -25.942993, -25.942782, -25.942511, -25.941849, -25.940844, -25.938099, -25.937784, -25.937108, -25.936481, -25.936683, -25.936636, -25.93654, -25.936399)),"1 - 25"
74,"maxaquene d",0.88184845247727,4126.1472326743,1,55,5,1,list(c(32.588362, 32.591644, 32.597997, 32.598247, 32.598344, 32.598427, 32.598524, 32.59858, 32.59865, 32.598747, 32.59883, 32.599107, 32.599195, 32.599271, 32.599331, 32.599409, 32.599539, 32.599673, 32.59982, 32.599844, 32.599859, 32.599872, 32.599991, 32.600081, 32.600187, 32.600254, 32.600319, 32.600386, 32.600443, 32.600429, 32.599152, 32.597929, 32.597032, 32.594212, 32.594081, 32.59391, 32.593545, 32.593166, 32.591861, 32.591344, 32.590925, 32.588591, 32.588495, 32.588333, 32.587994, 32.587774, 
32.587723, 32.587665, 32.587476, 32.587229, 32.586756, 32.586649, 32.586545, 32.586462, 32.58641, 32.586287, 32.586117, 32.585875, 32.585606, 32.585559, 32.585577, 32.585572, 32.585562, 32.585533, 32.585581, 32.585572, 32.585544, 32.585506, 32.585422, 32.585383, 32.585321, 32.585226, 32.585142, 32.585076, 32.584812, 32.585159, 32.588362, -25.931304, -25.930433, -25.928735, -25.929585, -25.929878, -25.930131, -25.930425, -25.930601, -25.930845, -25.931126, -25.931365, -25.932197, -25.932468, -25.932712, 
-25.932888, -25.933128, -25.933512, -25.933923, -25.934379, -25.934447, -25.934542, -25.934587, -25.934931, -25.935197, -25.935518, -25.935735, -25.935947, -25.936142, -25.936304, -25.936399, -25.93654, -25.936636, -25.936683, -25.936481, -25.936431, -25.936399, -25.936326, -25.936257, -25.935992, -25.9359, -25.935831, -25.935386, -25.935372, -25.935349, -25.935308, -25.935294, -25.935285, -25.935284, -25.935243, -25.935179, -25.935052, -25.935038, -25.935028, -25.935028, -25.935028, -25.935037, 
-25.93505, -25.935085, -25.935107, -25.935129, -25.934877, -25.934687, -25.93452, -25.933992, -25.93336, -25.933287, -25.933229, -25.933165, -25.933093, -25.933066, -25.933047, -25.933038, -25.933015, -25.93297, -25.932238, -25.932157, -25.931304)),"51 - 75"
75,"minkadjuine",0.36930860691096,2871.9898058931,1,0,0,NA,list(c(32.570059, 32.570026, 32.569819, 32.567147, 32.566977, 32.566807, 32.566694, 32.566557, 32.566322, 32.566232, 32.566152, 32.566095, 32.566072, 32.566031, 32.565997, 32.565915, 32.565863, 32.565807, 32.565746, 32.565695, 32.565544, 32.565505, 32.565461, 32.565292, 32.565219, 32.565169, 32.565139, 32.565119, 32.565069, 32.56507, 32.565044, 32.565017, 32.564989, 32.564964, 32.56496, 32.564942, 32.564923, 32.564922, 32.56492, 32.564936, 32.564956, 32.565016, 32.565045, 32.56509, 32.56513, 32.565144, 
32.56516, 32.565154, 32.565015, 32.564983, 32.564959, 32.564942, 32.564929, 32.56492, 32.564912, 32.564897, 32.56488, 32.56486, 32.56482, 32.564785, 32.564749, 32.56471, 32.564667, 32.564562, 32.564382, 32.564363, 32.564348, 32.564357, 32.564444, 32.564519, 32.564593, 32.564676, 32.564775, 32.564836, 32.564906, 32.565011, 32.565114, 32.565181, 32.565256, 32.565345, 32.5655, 32.565642, 32.565776, 32.565872, 32.566011, 32.566118, 32.566232, 32.566302, 32.566395, 32.566548, 32.566714, 32.566781, 32.566912, 
32.567017, 32.567147, 32.567386, 32.567619, 32.567896, 32.568074, 32.568379, 32.56854, 32.568696, 32.568923, 32.569012, 32.569162, 32.569349, 32.569556, 32.569823, 32.570059, -25.949293, -25.949351, -25.949716, -25.954381, -25.954679, -25.954976, -25.955174, -25.955413, -25.955819, -25.955977, -25.956116, -25.956216, -25.956094, -25.955899, -25.955741, -25.955466, -25.955289, -25.955095, -25.954928, -25.954765, -25.954263, -25.954173, -25.95406, -25.953671, -25.953486, -25.953377, -25.953287, -25.953197, 
-25.952727, -25.952402, -25.952181, -25.951968, -25.951711, -25.951417, -25.951219, -25.950943, -25.950767, -25.950654, -25.950478, -25.950171, -25.949995, -25.949752, -25.949562, -25.949282, -25.949002, -25.948844, -25.948709, -25.948537, -25.947742, -25.947589, -25.947476, -25.94739, -25.947331, -25.94725, -25.947164, -25.947101, -25.947024, -25.946916, -25.946712, -25.946577, -25.946428, -25.946324, -25.946179, -25.945958, -25.945605, -25.945564, -25.945524, -25.945483, -25.945447, -25.94542, 
-25.945389, -25.945358, -25.945322, -25.945304, -25.945281, -25.945259, -25.945241, -25.945233, -25.945228, -25.94522, -25.945238, -25.945239, -25.945239, -25.945244, -25.945258, -25.945272, -25.945313, -25.94534, -25.94539, -25.945472, -25.945544, -25.94559, -25.945698, -25.945789, -25.945911, -25.946201, -25.946463, -25.94674, -25.946948, -25.947292, -25.947487, -25.947672, -25.947926, -25.94803, -25.948197, -25.948415, -25.94865, -25.94898, -25.949293)),"1 - 25"
76,"mossumbuluku",4.666048649474,11771.726784093,2,0,0,NA,list(c(32.421574, 32.44181, 32.449559, 32.449574, 32.449518, 32.44621, 32.44555, 32.443319, 32.441734, 32.440833, 32.440213, 32.440114, 32.439863, 32.439725, 32.439676, 32.434478, 32.43438, 32.435277, 32.435459, 32.435498, 32.435321, 32.434928, 32.434537, 32.434144, 32.433932, 32.433612, 32.433362, 32.433148, 32.432722, 32.432474, 32.432258, 32.432257, 32.432328, 32.432253, 32.43211, 32.431895, 32.431538, 32.431076, 32.430545, 32.430208, 32.429898, 32.429519, 32.429199, 32.428657, 32.428327, 32.428278, 
32.428288, 32.428388, 32.42851, 32.428861, 32.42894, 32.429078, 32.429399, 32.429541, 32.429621, 32.429632, 32.429652, 32.429623, 32.429495, 32.428917, 32.428482, 32.428241, 32.428011, 32.42771, 32.427482, 32.427191, 32.42693, 32.426688, 32.426519, 32.426376, 32.426168, 32.426095, 32.425987, 32.425859, 32.425757, 32.425601, 32.425463, 32.425153, 32.424902, 32.424671, 32.42436, 32.424221, 32.424039, 32.423989, 32.42388, 32.423819, 32.423725, 32.423538, 32.423388, 32.423427, 32.423387, 32.423385, 32.423375, 
32.423301, 32.423232, 32.423123, 32.423014, 32.421752, 32.421684, 32.421592, 32.421464, 32.421253, 32.421085, 32.420884, 32.420706, 32.420625, 32.420507, 32.420286, 32.420198, 32.420136, 32.420034, 32.420035, 32.419985, 32.419876, 32.419687, 32.419638, 32.419543, 32.419275, 32.418946, 32.418579, 32.418427, 32.418275, 32.418412, 32.418761, 32.418953, 32.419029, 32.419065, 32.4192, 32.419451, 32.419683, 32.419859, 32.419956, 32.41986, 32.419609, 32.419435, 32.419455, 32.419572, 32.419707, 32.419843, 
32.419863, 32.419902, 32.420115, 32.420308, 32.420271, 32.420194, 32.420098, 32.419943, 32.419807, 32.419613, 32.419478, 32.419382, 32.419247, 32.419287, 32.419443, 32.419674, 32.419867, 32.420118, 32.420234, 32.420431, 32.420296, 32.420083, 32.419869, 32.419734, 32.419559, 32.419483, 32.419522, 32.41962, 32.419698, 32.419679, 32.419699, 32.419796, 32.420009, 32.420145, 32.420203, 32.420146, 32.420049, 32.419953, 32.419876, 32.419799, 32.419605, 32.419392, 32.419257, 32.419297, 32.419432, 32.419587, 
32.419684, 32.419626, 32.419723, 32.419839, 32.419878, 32.419782, 32.419569, 32.419472, 32.419298, 32.419163, 32.419106, 32.419203, 32.4193, 32.419377, 32.419436, 32.419456, 32.419476, 32.419457, 32.419593, 32.419728, 32.419941, 32.420095, 32.42025, 32.420405, 32.420579, 32.420695, 32.42085, 32.420831, 32.4206, 32.420406, 32.420291, 32.420446, 32.420678, 32.42089, 32.421103, 32.421026, 32.420949, 32.420988, 32.421143, 32.421047, 32.420586, 32.420587, 32.420741, 32.420876, 32.420877, 32.420935, 32.420994, 
32.421168, 32.421399, 32.421419, 32.4214, 32.421304, 32.421169, 32.421111, 32.421228, 32.421363, 32.421537, 32.421653, 32.421769, 32.421808, 32.42177, 32.421636, 32.42154, 32.421464, 32.421456, 32.421574, -25.901438, -25.900894, -25.916766, -25.916829, -25.916951, -25.918559, -25.918904, -25.919961, -25.92075, -25.921144, -25.920098, -25.920053, -25.919903, -25.919713, -25.919586, -25.921458, -25.92115, -25.919546, -25.918771, -25.918351, -25.917966, -25.91787, -25.917896, -25.91793, -25.917929, 
-25.917766, -25.917507, -25.917218, -25.917085, -25.917116, -25.91734, -25.917629, -25.917955, -25.918275, -25.918405, -25.918499, -25.918466, -25.91827, -25.918047, -25.917816, -25.917634, -25.917406, -25.917288, -25.917141, -25.916995, -25.91686, -25.916792, -25.916702, -25.916703, -25.91674, -25.916835, -25.91689, -25.9169, -25.916874, -25.91682, -25.916671, -25.916549, -25.916355, -25.916201, -25.915472, -25.914441, -25.9142, -25.914023, -25.913945, -25.913845, -25.913808, -25.913816, -25.913896, 
-25.914009, -25.914089, -25.914165, -25.914097, -25.91397, -25.913749, -25.913622, -25.913057, -25.912826, -25.912658, -25.91263, -25.91257, -25.912515, -25.912478, -25.912477, -25.91254, -25.91268, -25.913005, -25.913094, -25.913545, -25.913725, -25.913852, -25.914041, -25.914326, -25.914438, -25.914569, -25.914614, -25.914614, -25.914604, -25.914143, -25.913894, -25.913772, -25.913645, -25.913527, -25.913382, -25.913232, -25.912965, -25.912734, -25.912517, -25.912282, -25.912173, -25.911956, -25.911788, 
-25.911698, -25.911626, -25.911553, -25.911128, -25.911123, -25.910685, -25.91016, -25.910159, -25.910067, -25.909475, -25.908896, -25.908667, -25.908546, -25.908741, -25.909143, -25.909563, -25.909704, -25.909827, -25.909742, -25.909512, -25.909323, -25.909232, -25.909231, -25.909163, -25.909023, -25.908884, -25.90883, -25.908849, -25.908709, -25.908551, -25.90857, -25.908571, -25.908345, -25.908186, -25.90801, -25.9081, -25.908252, -25.908288, -25.908238, -25.908097, -25.907957, -25.907727, -25.907587, 
-25.90771, -25.907869, -25.907906, -25.907852, -25.907171, -25.907049, -25.907048, -25.907309, -25.907399, -25.907398, -25.907271, -25.907082, -25.906888, -25.906767, -25.906609, -25.906487, -25.906419, -25.906452, -25.906403, -25.906313, -25.906227, -25.906226, -25.90614, -25.906031, -25.905981, -25.906012, -25.906048, -25.905871, -25.9057, -25.905682, -25.905805, -25.905719, -25.905629, -25.905561, -25.905562, -25.905454, -25.905367, -25.905367, -25.905506, -25.905505, -25.905419, -25.905207, -25.905121, 
-25.905189, -25.905122, -25.904946, -25.904824, -25.90477, -25.904599, -25.904473, -25.904564, -25.904632, -25.904687, -25.904688, -25.904652, -25.904653, -25.904635, -25.904604, -25.904464, -25.904323, -25.904336, -25.90425, -25.904128, -25.904184, -25.90427, -25.904217, -25.904095, -25.904058, -25.903973, -25.903937, -25.903797, -25.903203, -25.903027, -25.903028, -25.903132, -25.903029, -25.902938, -25.902889, -25.902908, -25.903013, -25.902909, -25.9028, -25.902732, -25.902732, -25.902646, -25.90247, 
-25.902471, -25.902489, -25.902612, -25.902522, -25.902382, -25.90226, -25.902102, -25.901979, -25.901613, -25.901464, -25.901438)),"1 - 25"
77,"mucatine",11.955257014773,15143.709298735,2,2,0,0,list(c(32.538016, 32.535521, 32.534319, 32.533131, 32.532535, 32.530771, 32.525359, 32.519658, 32.517881, 32.514947, 32.513075, 32.511623, 32.511141, 32.510658, 32.510232, 32.508821, 32.507063, 32.499936, 32.495648, 32.492539, 32.488463, 32.484659, 32.481335, 32.51575, 32.538016, -25.700411, -25.712449, -25.718785, -25.724953, -25.725099, -25.725532, -25.72658, -25.727401, -25.727346, -25.726704, -25.72654, -25.727217, -25.727129, -25.727164, -25.72732, -25.727455, -25.72759, -25.727669, -25.72755, 
-25.727504, -25.727525, -25.727232, -25.727604, -25.696908, -25.700411)),"1 - 25"
78,"muhalaze",20.80292956215,26336.018281456,2,36,2,2,list(c(32.510313, 32.51039, 32.512641, 32.514135, 32.515825, 32.51821, 32.5197, 32.521135, 32.522571, 32.523991, 32.52465, 32.527028, 32.529022, 32.529331, 32.531709, 32.531363, 32.530188, 32.528424, 32.5292, 32.532475, 32.534613, 32.534014, 32.53343, 32.537501, 32.539237, 32.540975, 32.541154, 32.544627, 32.547929, 32.555331, 32.54718, 32.543235, 32.541287, 32.533134, 32.526344, 32.518589, 32.517209, 32.516964, 32.517045, 32.517498, 32.518163, 32.518649, 32.519795, 32.520651, 32.521431, 32.521841, 
32.522058, 32.522663, 32.522997, 32.523449, 32.523452, 32.523019, 32.522693, 32.522733, 32.525831, 32.527131, 32.528102, 32.528687, 32.529019, 32.529254, 32.5291, 32.528851, 32.526682, 32.521684, 32.519228, 32.518054, 32.514941, 32.514467, 32.513912, 32.513423, 32.513482, 32.513387, 32.51335, 32.513197, 32.513237, 32.513277, 32.513357, 32.513243, 32.513168, 32.512591, 32.512226, 32.512189, 32.512484, 32.512606, 32.512459, 32.512254, 32.511455, 32.510826, 32.510313, -25.745304, -25.745268, -25.742986, 
-25.741221, -25.73892, -25.736725, -25.735975, -25.734739, -25.732906, -25.730445, -25.729955, -25.729439, -25.728308, -25.728291, -25.728208, -25.728997, -25.731811, -25.734789, -25.73709, -25.742207, -25.743979, -25.746619, -25.749077, -25.75138, -25.755792, -25.75949, -25.764065, -25.769015, -25.770953, -25.771482, -25.787205, -25.791978, -25.806194, -25.810223, -25.81388, -25.823946, -25.821887, -25.820347, -25.819209, -25.817147, -25.815312, -25.81451, -25.813308, -25.811803, -25.810076, -25.809044, 
-25.807961, -25.806563, -25.80539, -25.803292, -25.802557, -25.799864, -25.799055, -25.798793, -25.797336, -25.796063, -25.794806, -25.793462, -25.79257, -25.791907, -25.791626, -25.791097, -25.787383, -25.780789, -25.776582, -25.775404, -25.771023, -25.768954, -25.767448, -25.764349, -25.763984, -25.763686, -25.763351, -25.762985, -25.762583, -25.762109, -25.761604, -25.761044, -25.760502, -25.759832, -25.759307, -25.758977, -25.757664, -25.756265, -25.754287, -25.752588, -25.749457, -25.747369, 
-25.745304)),"26 - 50"
79,"mumemo",8.7007918069553,13561.482154152,1,2,0,0,list(c(32.593976, 32.593873, 32.593941, 32.593657, 32.593201, 32.592841, 32.592456, 32.591212, 32.590411, 32.632048, 32.632042, 32.631922, 32.632148, 32.632605, 32.63283, 32.633517, 32.633803, 32.633798, 32.633907, 32.633899, 32.634185, 32.634296, 32.634868, 32.634832, 32.634752, 32.63452, 32.634059, 32.633598, 32.632905, 32.6325, 32.631303, 32.630898, 32.630262, 32.629395, 32.628875, 32.628204, 32.627335, 32.626293, 32.62527, 32.624227, 32.622778, 32.620479, 32.618644, 32.617833, 32.616636, 32.615071, 
32.614713, 32.613352, 32.611321, 32.610625, 32.609543, 32.608036, 32.606491, 32.605681, 32.604638, 32.602511, 32.601466, 32.600443, 32.599633, 32.598419, 32.597167, 32.595431, 32.594063, 32.593976, -25.720805, -25.719789, -25.716922, -25.71526, -25.712911, -25.711794, -25.710601, -25.707275, -25.704297, -25.703726, -25.705668, -25.707275, -25.708942, -25.711196, -25.713282, -25.715943, -25.717235, -25.718811, -25.720997, -25.723656, -25.724763, -25.726583, -25.728824, -25.72914, -25.729103, -25.728945, 
-25.728262, -25.727312, -25.726543, -25.726384, -25.726223, -25.726014, -25.725435, -25.724959, -25.724379, -25.722928, -25.722768, -25.722291, -25.722289, -25.722182, -25.722386, -25.722538, -25.722533, -25.722585, -25.72237, -25.72242, -25.722473, -25.722677, -25.723566, -25.723722, -25.723769, -25.723923, -25.723815, -25.723709, -25.723706, -25.72426, -25.724831, -25.724566, -25.724252, -25.723423, -25.722476, -25.721631, -25.720805, -25.720805)),"1 - 25"
80,"munhuana",0.45007450408397,2958.1109357249,1,0,0,NA,list(c(32.567059, 32.567082, 32.56993, 32.570747, 32.571182, 32.571581, 32.571895, 32.572132, 32.572437, 32.572709, 32.573094, 32.5723, 32.572278, 32.572255, 32.571408, 32.570059, 32.569823, 32.569556, 32.569349, 32.569162, 32.569012, 32.568923, 32.568696, 32.56854, 32.568379, 32.568074, 32.567896, 32.567619, 32.567386, 32.567147, 32.567017, 32.566912, 32.566781, 32.566714, 32.566548, 32.566395, 32.566302, 32.566232, 32.566118, 32.566011, 32.565872, 32.565776, 32.565642, 32.5655, 32.565345, 32.565389, 
32.565413, 32.565442, 32.56549, 32.565534, 32.565567, 32.565639, 32.565696, 32.565716, 32.565745, 32.565756, 32.565772, 32.565778, 32.56579, 32.565806, 32.565815, 32.565822, 32.565838, 32.565838, 32.565839, 32.565839, 32.565824, 32.565818, 32.565831, 32.565856, 32.565882, 32.565911, 32.565931, 32.565973, 32.56602, 32.566068, 32.566108, 32.566137, 32.566172, 32.566208, 32.566236, 32.566289, 32.566369, 32.566411, 32.566473, 32.566515, 32.566543, 32.566575, 32.566603, 32.566643, 32.566696, 32.566737, 
32.56677, 32.566812, 32.566838, 32.566863, 32.566894, 32.566925, 32.566949, 32.566962, 32.566971, 32.56698, 32.566987, 32.56699, 32.567005, 32.567021, 32.567059, -25.938669, -25.938615, -25.941201, -25.941904, -25.942302, -25.942656, -25.942905, -25.943118, -25.943385, -25.943603, -25.94396, -25.945358, -25.945394, -25.945434, -25.946922, -25.949293, -25.94898, -25.94865, -25.948415, -25.948197, -25.94803, -25.947926, -25.947672, -25.947487, -25.947292, -25.946948, -25.94674, -25.946463, -25.946201, 
-25.945911, -25.945789, -25.945698, -25.94559, -25.945544, -25.945472, -25.94539, -25.94534, -25.945313, -25.945272, -25.945258, -25.945244, -25.945239, -25.945239, -25.945238, -25.94522, -25.945184, -25.945143, -25.945112, -25.945057, -25.945026, -25.944999, -25.944945, -25.944887, -25.944823, -25.944656, -25.94458, -25.944467, -25.944426, -25.944354, -25.944183, -25.944088, -25.94388, -25.943686, -25.9436, -25.943514, -25.943433, -25.943325, -25.943262, -25.943185, -25.943036, -25.942914, -25.942806, 
-25.942729, -25.942589, -25.942404, -25.942206, -25.942057, -25.941967, -25.941858, -25.941759, -25.94166, -25.941498, -25.941308, -25.941191, -25.941024, -25.940866, -25.940762, -25.940614, -25.940478, -25.940329, -25.940126, -25.939937, -25.939806, -25.939662, -25.939562, -25.939468, -25.939364, -25.939247, -25.939156, -25.93908, -25.939039, -25.938958, -25.938899, -25.938845, -25.938786, -25.938723, -25.938669)),"1 - 25"
81,"mutanhana",45.143763370021,31318.857367258,1,0,0,NA,list(c(32.667726, 32.66857, 32.674779, 32.680699, 32.683236, 32.68369, 32.685624, 32.686931, 32.686219, 32.686516, 32.687117, 32.688017, 32.691677, 32.696872, 32.702996, 32.708809, 32.716147, 32.720132, 32.722888, 32.723171, 32.720716, 32.71795, 32.713051, 32.709068, 32.705396, 32.702946, 32.701713, 32.700475, 32.699242, 32.698604, 32.697373, 32.697363, 32.69889, 32.699194, 32.699189, 32.69874, 32.692728, 32.692503, 32.683446, 32.670618, 32.670758, 32.644169, 32.643647, 32.644388, 32.637177, 32.637295, 
32.647514, 32.648775, 32.650949, 32.659786, 32.660122, 32.665523, 32.667726, -25.768052, -25.766898, -25.768321, -25.772944, -25.773333, -25.773537, -25.773727, -25.774122, -25.779891, -25.786547, -25.790427, -25.793747, -25.797078, -25.801532, -25.804867, -25.806807, -25.807377, -25.806829, -25.80878, -25.814885, -25.818474, -25.820966, -25.823169, -25.82261, -25.823438, -25.825094, -25.828686, -25.834788, -25.838388, -25.842265, -25.84503, -25.849188, -25.85335, -25.857495, -25.85917, -25.862411, 
-25.86094, -25.860886, -25.857918, -25.853252, -25.853253, -25.84309, -25.84289, -25.839185, -25.837014, -25.836757, -25.815042, -25.812363, -25.807899, -25.788645, -25.787761, -25.773583, -25.768052)),"1 - 25"
82,"ndlavela",16.553183449326,19234.936514783,2,0,0,NA,list(c(32.505234, 32.505318, 32.549192, 32.546591, 32.546587, 32.546271, 32.546613, 32.546882, 32.54778, 32.548274, 32.548772, 32.548906, 32.548905, 32.548613, 32.548126, 32.547836, 32.547334, 32.547062, 32.546635, 32.546477, 32.541772, 32.54164, 32.540367, 32.539672, 32.539382, 32.538739, 32.537883, 32.537608, 32.518886, 32.518818, 32.519335, 32.519376, 32.519829, 32.519787, 32.520319, 32.520514, 32.520477, 32.521102, 32.521202, 32.522021, 32.52208, 32.523716, 32.524103, 32.524163, 32.523862, 32.5101, 
32.509824, 32.509771, 32.50941, 32.509361, 32.509449, 32.508253, 32.508257, 32.508018, 32.507934, 32.507342, 32.50727, 32.506825, 32.506674, 32.506233, 32.506235, 32.505561, 32.505139, 32.50514, 32.504795, 32.505148, 32.505151, 32.505231, 32.505234, -25.838119, -25.837491, -25.859026, -25.872684, -25.87361, -25.875654, -25.876901, -25.877426, -25.880246, -25.882677, -25.883834, -25.88415, -25.884606, -25.885057, -25.88595, -25.885881, -25.885753, -25.885946, -25.886451, -25.88729, -25.892923, -25.89272, 
-25.891889, -25.891503, -25.891502, -25.892516, -25.893859, -25.894937, -25.894587, -25.894587, -25.893677, -25.892941, -25.890897, -25.887064, -25.884686, -25.884127, -25.883816, -25.88226, -25.881597, -25.879829, -25.879482, -25.876738, -25.876793, -25.876301, -25.875587, -25.869442, -25.868926, -25.867562, -25.866053, -25.859213, -25.856608, -25.851335, -25.850355, -25.848982, -25.848751, -25.847119, -25.845963, -25.845962, -25.845171, -25.844244, -25.84363, -25.843086, -25.842385, -25.841915, 
-25.841214, -25.840127, -25.839446, -25.83866, -25.838119)),"1 - 25"
83,"nsalene",0.19623546180334,2196.9148950021,1,0,0,NA,list(c(32.563043, 32.565409, 32.565385, 32.565382, 32.565352, 32.565334, 32.565333, 32.565303, 32.565246, 32.565189, 32.564991, 32.564737, 32.564285, 32.563538, 32.56258, 32.562168, 32.561807, 32.561765, 32.561723, 32.56185, 32.561979, 32.562008, 32.562037, 32.56208, 32.562122, 32.562151, 32.562166, 32.562209, 32.562237, 32.562266, 32.562323, 32.56238, 32.562423, 32.562466, 32.562537, 32.562566, 32.562609, 32.562652, 32.562695, 32.562781, 32.562837, 32.562866, 32.562881, 32.562923, 32.562924, 32.562952, 
32.562967, 32.562981, 32.562995, 32.562995, 32.563038, 32.563081, 32.563109, 32.563109, 32.563124, 32.563152, 32.563167, 32.56314, 32.563112, 32.563043, -25.913636, -25.913621, -25.914406, -25.915232, -25.915855, -25.916893, -25.917286, -25.917629, -25.917963, -25.918229, -25.918635, -25.919027, -25.919531, -25.920319, -25.921368, -25.921807, -25.92147, -25.921456, -25.921415, -25.92119, -25.9204, -25.920238, -25.920084, -25.919908, -25.919755, -25.919525, -25.919308, -25.919159, -25.91897, -25.918803, 
-25.918573, -25.91832, -25.918144, -25.918004, -25.917675, -25.917409, -25.917115, -25.916975, -25.916836, -25.91638, -25.91619, -25.91601, -25.915897, -25.915771, -25.915653, -25.915541, -25.915455, -25.915414, -25.915351, -25.915274, -25.915162, -25.914995, -25.914909, -25.914778, -25.914706, -25.914539, -25.914399, -25.914169, -25.913979, -25.913636)),"1 - 25"
84,"patrice lumumba",2.2189253589332,6137.2612034697,2,3,1,0,list(c(32.507145, 32.507117, 32.518818, 32.518886, 32.518866, 32.518884, 32.519017, 32.520113, 32.516226, 32.507574, 32.50684, 32.506356, 32.506266, 32.505762, 32.505714, 32.502318, 32.501992, 32.501878, 32.501841, 32.501728, 32.502213, 32.502968, 32.503858, 32.504902, 32.507145, -25.894458, -25.894403, -25.894587, -25.894587, -25.894808, -25.894849, -25.899888, -25.905964, -25.906493, -25.907706, -25.907563, -25.907526, -25.908184, -25.908657, -25.908539, -25.89724, -25.896539, -25.896155, -25.895559, 
-25.894841, -25.894671, -25.894498, -25.894483, -25.894418, -25.894458)),"1 - 25"
85,"polana canio a",2.2200066779533,6946.0830760368,1,15,1,1,list(c(32.600429, 32.608848, 32.609165, 32.609581, 32.609851, 32.615131, 32.615089, 32.614964, 32.614876, 32.614565, 32.614259, 32.614015, 32.613791, 32.613678, 32.613575, 32.613502, 32.613374, 32.613189, 32.613002, 32.612969, 32.612889, 32.612832, 32.612733, 32.612627, 32.612581, 32.612497, 32.612343, 32.612246, 32.612187, 32.612114, 32.611959, 32.611809, 32.611693, 32.611657, 32.610991, 32.610908, 32.610812, 32.610771, 32.610725, 32.610651, 32.610607, 32.610561, 32.610509, 32.610469, 32.610434, 
32.610379, 32.610334, 32.610294, 32.610239, 32.610191, 32.610156, 32.610091, 32.61004, 32.609968, 32.609913, 32.609869, 32.60977, 32.609703, 32.609622, 32.60956, 32.609505, 32.609477, 32.609396, 32.609196, 32.608916, 32.608723, 32.608469, 32.608262, 32.608111, 32.607967, 32.607795, 32.607695, 32.607607, 32.607482, 32.607317, 32.607199, 32.607094, 32.606951, 32.6068, 32.606671, 32.606578, 32.606565, 32.606554, 32.60654, 32.606523, 32.606492, 32.606469, 32.606415, 32.606389, 32.606362, 32.606331, 32.6063, 
32.60626, 32.606217, 32.606204, 32.606173, 32.606146, 32.606077, 32.605914, 32.602463, 32.600826, 32.600423, 32.600044, 32.599819, 32.599606, 32.599471, 32.599314, 32.599183, 32.598893, 32.598675, 32.598398, 32.598171, 32.597946, 32.597618, 32.597439, 32.597282, 32.596774, 32.595531, 32.593962, 32.593359, 32.592827, 32.591996, 32.600429, -25.936399, -25.933953, -25.933881, -25.933837, -25.933788, -25.935775, -25.935924, -25.936181, -25.93638, -25.937142, -25.937832, -25.938386, -25.938869, -25.93914, 
-25.939397, -25.939622, -25.939951, -25.94042, -25.940939, -25.941025, -25.941237, -25.94139, -25.941647, -25.941922, -25.94204, -25.942234, -25.942635, -25.942906, -25.943077, -25.943266, -25.94369, -25.944133, -25.944484, -25.94462, -25.94455, -25.944545, -25.944545, -25.944541, -25.944536, -25.944522, -25.944513, -25.944508, -25.944522, -25.94454, -25.944558, -25.944576, -25.944589, -25.944603, -25.944634, -25.944656, -25.944679, -25.944724, -25.944769, -25.944832, -25.944886, -25.94494, -25.945026, 
-25.945084, -25.945156, -25.94521, -25.945264, -25.945309, -25.945395, -25.945575, -25.945809, -25.945989, -25.946237, -25.946462, -25.946642, -25.946827, -25.947025, -25.947137, -25.947237, -25.947403, -25.947583, -25.947709, -25.947827, -25.948007, -25.948124, -25.948241, -25.948326, -25.948399, -25.948471, -25.948552, -25.948678, -25.94885, -25.949035, -25.949364, -25.949513, -25.949662, -25.949856, -25.950028, -25.950258, -25.950511, -25.95061, -25.950763, -25.95089, -25.95112, -25.951643, -25.948839, 
-25.947466, -25.947199, -25.94694, -25.946786, -25.946659, -25.946573, -25.946487, -25.946396, -25.946183, -25.946016, -25.945848, -25.945797, -25.945815, -25.945886, -25.945949, -25.945939, -25.946123, -25.94663, -25.947303, -25.947527, -25.947724, -25.948313, -25.936399)),"1 - 25"
86,"polana canio b",4.2242823082835,10059.314668662,1,47,6,0,list(c(32.615537, 32.615635, 32.616099, 32.616646, 32.617792, 32.619453, 32.626571, 32.628786, 32.628926, 32.628996, 32.629066, 32.629136, 32.629277, 32.629375, 32.630405, 32.630456, 32.627829, 32.626236, 32.624935, 32.623624, 32.622358, 32.616912, 32.616253, 32.616067, 32.615731, 32.615374, 32.615056, 32.614869, 32.614716, 32.614372, 32.613934, 32.613607, 32.613352, 32.612866, 32.612709, 32.612622, 32.612465, 32.612354, 32.612225, 32.612102, 32.611974, 32.611856, 32.611751, 32.611657, 32.611693, 
32.611809, 32.611959, 32.612114, 32.612187, 32.612246, 32.612343, 32.612497, 32.612581, 32.612627, 32.612733, 32.612832, 32.612889, 32.612969, 32.613002, 32.613189, 32.613374, 32.613502, 32.613575, 32.613678, 32.613791, 32.614015, 32.614259, 32.614565, 32.614876, 32.614964, 32.615089, 32.615131, 32.609851, 32.609581, 32.609165, 32.608848, 32.600429, 32.600443, 32.600386, 32.600319, 32.600254, 32.600187, 32.600081, 32.599991, 32.599872, 32.599859, 32.599844, 32.59982, 32.599673, 32.599539, 32.599409, 
32.599331, 32.599271, 32.599195, 32.599107, 32.59883, 32.598747, 32.59865, 32.59858, 32.598524, 32.598427, 32.598344, 32.598247, 32.597997, 32.606341, 32.606626, 32.606795, 32.608454, 32.610576, 32.611588, 32.611743, 32.613331, 32.613514, 32.614202, 32.614441, 32.615537, -25.92406, -25.924033, -25.924098, -25.924212, -25.924405, -25.924689, -25.92966, -25.930786, -25.930962, -25.931012, -25.931039, -25.931067, -25.931067, -25.931067, -25.93209, -25.93214, -25.935673, -25.937588, -25.940478, -25.941897, 
-25.942756, -25.94825, -25.947874, -25.94772, -25.947443, -25.947135, -25.946864, -25.946696, -25.946578, -25.94627, -25.94589, -25.945596, -25.945396, -25.945002, -25.944884, -25.94483, -25.944766, -25.944748, -25.944725, -25.944707, -25.944693, -25.944674, -25.944661, -25.94462, -25.944484, -25.944133, -25.94369, -25.943266, -25.943077, -25.942906, -25.942635, -25.942234, -25.94204, -25.941922, -25.941647, -25.94139, -25.941237, -25.941025, -25.940939, -25.94042, -25.939951, -25.939622, -25.939397, 
-25.93914, -25.938869, -25.938386, -25.937832, -25.937142, -25.93638, -25.936181, -25.935924, -25.935775, -25.933788, -25.933837, -25.933881, -25.933953, -25.936399, -25.936304, -25.936142, -25.935947, -25.935735, -25.935518, -25.935197, -25.934931, -25.934587, -25.934542, -25.934447, -25.934379, -25.933923, -25.933512, -25.933128, -25.932888, -25.932712, -25.932468, -25.932197, -25.931365, -25.931126, -25.930845, -25.930601, -25.930425, -25.930131, -25.929878, -25.929585, -25.928735, -25.926537, 
-25.926461, -25.926448, -25.925892, -25.925365, -25.925011, -25.924863, -25.924524, -25.924357, -25.924282, -25.924269, -25.92406)),"26 - 50"
87,"polana cimento a",1.0282483709057,4815.1204011737,1,0,0,NA,list(c(32.585085, 32.586177, 32.587379, 32.588387, 32.588947, 32.589092, 32.589177, 32.589178, 32.589264, 32.58938, 32.589641, 32.589835, 32.59008, 32.59021, 32.590276, 32.590335, 32.590397, 32.59075, 32.590838, 32.591064, 32.591243, 32.591431, 32.591601, 32.591885, 32.592282, 32.592421, 32.592672, 32.592812, 32.592977, 32.593093, 32.593182, 32.593324, 32.593446, 32.593708, 32.593987, 32.594288, 32.594419, 32.594487, 32.59456, 32.594624, 32.594685, 32.594763, 32.594816, 32.594918, 32.595006, 32.595086, 
32.595156, 32.595059, 32.595273, 32.595397, 32.595535, 32.595659, 32.595731, 32.59584, 32.595978, 32.596089, 32.596165, 32.596218, 32.59625, 32.59625, 32.596222, 32.596148, 32.596135, 32.596153, 32.596183, 32.596248, 32.596282, 32.596303, 32.596315, 32.596328, 32.596346, 32.596361, 32.596376, 32.59639, 32.596421, 32.596434, 32.596447, 32.59646, 32.596476, 32.59648, 32.596483, 32.596516, 32.596553, 32.596593, 32.596628, 32.59665, 32.596674, 32.596696, 32.596737, 32.596788, 32.59686, 32.596943, 32.596984, 
32.597037, 32.5971, 32.597135, 32.597175, 32.597223, 32.597284, 32.597305, 32.597277, 32.597203, 32.597161, 32.597085, 32.597028, 32.596986, 32.59694, 32.596881, 32.596837, 32.596809, 32.59678, 32.596752, 32.59674, 32.596747, 32.596753, 32.596781, 32.596805, 32.596838, 32.596888, 32.59694, 32.596986, 32.597041, 32.597105, 32.597142, 32.597216, 32.597241, 32.597276, 32.597346, 32.597409, 32.597442, 32.597504, 32.597552, 32.59764, 32.597679, 32.597703, 32.597719, 32.597739, 32.597977, 32.598216, 32.59787, 
32.597287, 32.596705, 32.596122, 32.595678, 32.595536, 32.595414, 32.595291, 32.595128, 32.595085, 32.594941, 32.594779, 32.594568, 32.592653, 32.592538, 32.592406, 32.592219, 32.59209, 32.592009, 32.59183, 32.591677, 32.591612, 32.591511, 32.591432, 32.591367, 32.591279, 32.591165, 32.590938, 32.59064, 32.590362, 32.590114, 32.589939, 32.58971, 32.58945, 32.589216, 32.589015, 32.588777, 32.588297, 32.588136, 32.587902, 32.587743, 32.587468, 32.587235, 32.587054, 32.586914, 32.586773, 32.58671, 32.58666, 
32.586623, 32.586596, 32.586575, 32.58656, 32.586551, 32.58654, 32.58647, 32.586453, 32.586379, 32.586323, 32.586274, 32.586244, 32.586207, 32.586149, 32.586043, 32.585971, 32.58595, 32.585911, 32.585819, 32.585674, 32.585487, 32.585374, 32.585211, 32.585085, -25.975627, -25.97502, -25.974342, -25.973785, -25.973488, -25.973367, -25.97325, -25.973164, -25.972907, -25.972636, -25.971978, -25.971455, -25.970823, -25.970467, -25.970287, -25.970183, -25.970084, -25.96957, -25.969444, -25.969111, -25.969215, 
-25.969315, -25.969401, -25.969569, -25.969791, -25.969868, -25.969995, -25.970077, -25.970177, -25.970236, -25.970295, -25.970381, -25.970449, -25.970594, -25.970753, -25.970916, -25.970994, -25.971034, -25.971075, -25.971116, -25.971152, -25.971202, -25.971234, -25.971298, -25.971343, -25.971379, -25.971416, -25.971682, -25.971755, -25.971791, -25.971837, -25.971868, -25.971887, -25.971919, -25.97196, -25.971996, -25.972037, -25.972073, -25.972136, -25.972227, -25.972335, -25.972574, -25.972646, 
-25.972687, -25.972714, -25.972692, -25.972647, -25.972611, -25.97257, -25.972529, -25.972444, -25.972376, -25.972322, -25.972281, -25.972218, -25.972137, -25.972074, -25.972033, -25.971984, -25.971938, -25.971898, -25.971862, -25.971839, -25.971812, -25.971772, -25.971727, -25.971682, -25.97165, -25.971628, -25.971619, -25.971619, -25.971628, -25.971633, -25.971615, -25.971584, -25.971561, -25.971539, -25.971525, -25.971539, -25.971598, -25.971652, -25.971692, -25.971706, -25.971728, -25.97175, 
-25.971764, -25.971791, -25.971822, -25.971863, -25.971894, -25.971935, -25.971984, -25.972039, -25.972111, -25.972156, -25.972219, -25.972251, -25.972292, -25.972323, -25.972333, -25.972319, -25.972292, -25.972225, -25.972184, -25.972094, -25.972062, -25.97204, -25.972004, -25.971977, -25.97195, -25.971887, -25.971838, -25.971734, -25.971644, -25.971594, -25.971545, -25.971477, -25.971496, -25.971487, -25.972046, -25.972857, -25.973795, -25.974877, -25.975995, -25.976573, -25.977313, -25.978143, 
-25.979064, -25.980003, -25.981122, -25.981754, -25.982263, -25.981725, -25.981693, -25.981652, -25.981602, -25.981579, -25.981565, -25.981515, -25.981478, -25.98151, -25.981519, -25.981546, -25.981563, -25.981563, -25.981545, -25.981467, -25.981372, -25.981276, -25.981203, -25.981148, -25.981085, -25.981012, -25.980939, -25.98087, -25.980784, -25.980643, -25.980597, -25.980506, -25.980461, -25.980266, -25.980102, -25.979962, -25.979849, -25.979726, -25.979672, -25.979622, -25.979568, -25.979518, 
-25.979455, -25.97941, -25.979374, -25.979315, -25.978962, -25.978836, -25.978587, -25.978271, -25.978018, -25.977869, -25.977684, -25.977499, -25.9772, -25.97706, -25.976979, -25.976875, -25.976721, -25.9765, -25.976228, -25.976065, -25.975821, -25.975627)),"1 - 25"
88,"polana cimento b",0.81688294993933,3691.4801476547,1,0,0,NA,list(c(32.579999, 32.580893, 32.580961, 32.581821, 32.58203, 32.582528, 32.582755, 32.582875, 32.583432, 32.58388, 32.584132, 32.584374, 32.584576, 32.584699, 32.584958, 32.585157, 32.585374, 32.585458, 32.585571, 32.586164, 32.586397, 32.586626, 32.586899, 32.588166, 32.588388, 32.588899, 32.589538, 32.590029, 32.590936, 32.591656, 32.591734, 32.591589, 32.591394, 32.591111, 32.591064, 32.590838, 32.59075, 32.590397, 32.590335, 32.590276, 32.59021, 32.59008, 32.589835, 32.589641, 32.58938, 32.589264, 
32.589178, 32.589177, 32.589092, 32.588947, 32.588387, 32.587379, 32.586177, 32.585085, 32.584967, 32.584909, 32.584843, 32.584648, 32.584528, 32.584391, 32.584254, 32.584055, 32.583955, 32.583685, 32.583403, 32.583172, 32.582902, 32.582655, 32.582443, 32.582264, 32.582116, 32.581883, 32.581719, 32.581509, 32.581217, 32.581047, 32.580844, 32.580638, 32.580376, 32.580217, 32.58002, 32.579108, 32.578954, 32.578897, 32.579659, 32.579855, 32.579999, -25.971291, -25.97007, -25.969962, -25.968953, -25.968678, 
-25.968093, -25.967827, -25.967688, -25.967025, -25.96648, -25.966179, -25.965886, -25.965656, -25.965508, -25.965201, -25.964976, -25.964719, -25.96462, -25.964697, -25.96506, -25.965183, -25.965283, -25.965442, -25.966186, -25.966295, -25.966572, -25.96693, -25.967202, -25.967706, -25.968114, -25.968191, -25.968403, -25.968664, -25.969043, -25.969111, -25.969444, -25.96957, -25.970084, -25.970183, -25.970287, -25.970467, -25.970823, -25.971455, -25.971978, -25.972636, -25.972907, -25.973164, -25.97325, 
-25.973367, -25.973488, -25.973785, -25.974342, -25.97502, -25.975627, -25.975459, -25.975364, -25.975265, -25.974962, -25.974794, -25.974649, -25.974559, -25.974441, -25.974391, -25.974236, -25.974082, -25.97396, -25.97381, -25.973705, -25.973614, -25.973542, -25.973478, -25.973387, -25.973328, -25.97325, -25.973155, -25.973105, -25.973041, -25.972972, -25.972881, -25.972836, -25.972786, -25.972517, -25.972426, -25.972412, -25.971525, -25.971223, -25.971291)),"1 - 25"
89,"ricatla",7.0883565390336,11375.752707832,1,0,0,NA,list(c(32.627307, 32.628674, 32.630042, 32.63201, 32.633872, 32.634803, 32.635539, 32.636442, 32.633946, 32.632319, 32.634213, 32.630646, 32.628511, 32.628474, 32.628452, 32.616643, 32.605369, 32.611426, 32.611536, 32.611569, 32.61421, 32.616754, 32.618849, 32.622734, 32.623897, 32.626374, 32.627307, -25.774975, -25.776604, -25.777849, -25.77887, -25.779543, -25.780096, -25.780604, -25.781554, -25.78804, -25.792578, -25.794082, -25.804435, -25.809924, -25.809974, -25.810037, -25.806936, -25.803971, 
-25.78502, -25.785061, -25.785025, -25.785615, -25.78554, -25.784801, -25.781415, -25.779409, -25.776914, -25.774975)),"1 - 25"
90,"s damanso",4.8980320919535,10222.397695775,2,0,0,NA,list(c(32.496543, 32.5101, 32.523862, 32.524163, 32.524103, 32.523716, 32.52208, 32.522021, 32.521202, 32.521102, 32.520477, 32.520514, 32.520319, 32.519787, 32.519829, 32.519376, 32.519335, 32.518818, 32.507117, 32.506474, 32.506744, 32.506398, 32.506857, 32.50674, 32.505565, 32.504065, 32.501779, 32.500398, 32.500403, 32.500367, 32.499447, 32.49926, 32.497938, 32.497289, 32.496543, -25.863386, -25.869442, -25.875587, -25.876301, -25.876793, -25.876738, -25.879482, -25.879829, -25.881597, -25.88226, 
-25.883816, -25.884127, -25.884686, -25.887064, -25.890897, -25.892941, -25.893677, -25.894587, -25.894403, -25.893146, -25.888808, -25.888193, -25.884939, -25.884975, -25.883815, -25.881869, -25.878294, -25.8754, -25.874248, -25.873549, -25.871636, -25.870217, -25.867242, -25.865294, -25.863386)),"1 - 25"
91,"singatela",5.6837672237034,15131.277682371,2,0,0,NA,list(c(32.507934, 32.508018, 32.508257, 32.508253, 32.509449, 32.509361, 32.50941, 32.509771, 32.509824, 32.5101, 32.496543, 32.497289, 32.497938, 32.49926, 32.499447, 32.500367, 32.500403, 32.500398, 32.501779, 32.504065, 32.505565, 32.50674, 32.506857, 32.506398, 32.506744, 32.506474, 32.507117, 32.507145, 32.504902, 32.503858, 32.502968, 32.502213, 32.501728, 32.499833, 32.498693, 32.498152, 32.496663, 32.496794, 32.495991, 32.495034, 32.492885, 32.489987, 32.491905, 32.490255, 32.490158, 32.489697, 
32.489411, 32.489356, 32.489476, 32.489421, 32.489211, 32.488905, 32.488716, 32.488467, 32.487465, 32.490779, 32.49288, 32.494106, 32.494534, 32.495275, 32.496574, 32.497931, 32.500175, 32.50126, 32.503782, 32.505219, 32.506966, 32.507934, -25.848751, -25.848982, -25.850355, -25.851335, -25.856608, -25.859213, -25.866053, -25.867562, -25.868926, -25.869442, -25.863386, -25.865294, -25.867242, -25.870217, -25.871636, -25.873549, -25.874248, -25.8754, -25.878294, -25.881869, -25.883815, -25.884975, 
-25.884939, -25.888193, -25.888808, -25.893146, -25.894403, -25.894458, -25.894418, -25.894483, -25.894498, -25.894671, -25.894841, -25.894785, -25.894641, -25.894499, -25.894372, -25.890837, -25.888681, -25.88614, -25.882182, -25.876993, -25.876246, -25.873247, -25.873161, -25.872496, -25.871619, -25.870955, -25.870012, -25.869293, -25.868661, -25.867752, -25.866839, -25.866103, -25.865964, -25.863786, -25.860786, -25.858971, -25.858322, -25.856889, -25.855914, -25.855345, -25.854897, -25.854305, 
-25.852354, -25.850995, -25.849249, -25.848751)),"1 - 25"
92,"sommershield",4.0165260888736,11415.266551489,1,0,0,NA,list(c(32.611657, 32.611751, 32.611856, 32.611974, 32.612102, 32.612225, 32.612354, 32.612465, 32.612622, 32.612709, 32.612866, 32.613352, 32.613607, 32.613934, 32.614372, 32.614716, 32.614869, 32.615056, 32.615374, 32.615731, 32.616067, 32.616253, 32.61292, 32.610175, 32.607513, 32.605949, 32.604845, 32.60356, 32.602725, 32.601805, 32.600972, 32.599687, 32.598487, 32.598216, 32.597977, 32.597739, 32.597719, 32.597703, 32.597679, 32.59764, 32.597552, 32.597504, 32.597442, 32.597409, 32.597346, 32.597276, 
32.597241, 32.597216, 32.597142, 32.597105, 32.597041, 32.596986, 32.59694, 32.596888, 32.596838, 32.596805, 32.596781, 32.596753, 32.596747, 32.59674, 32.596752, 32.59678, 32.596809, 32.596837, 32.596881, 32.59694, 32.596986, 32.597028, 32.597085, 32.597161, 32.597203, 32.597277, 32.597305, 32.597284, 32.597223, 32.597175, 32.597135, 32.5971, 32.597037, 32.596984, 32.596943, 32.59686, 32.596788, 32.596737, 32.596696, 32.596674, 32.59665, 32.596628, 32.596593, 32.596553, 32.596516, 32.596483, 32.59648, 
32.596476, 32.59646, 32.596447, 32.596434, 32.596421, 32.59639, 32.596376, 32.596361, 32.596346, 32.596328, 32.596315, 32.596303, 32.596282, 32.596248, 32.596183, 32.596153, 32.596135, 32.596148, 32.596222, 32.59625, 32.59625, 32.596218, 32.596165, 32.596089, 32.595978, 32.59584, 32.595731, 32.595659, 32.595535, 32.595397, 32.595273, 32.595059, 32.595156, 32.595086, 32.595006, 32.594918, 32.594816, 32.594763, 32.594685, 32.594624, 32.59456, 32.594487, 32.594419, 32.594288, 32.593987, 32.593708, 32.593446, 
32.593324, 32.593182, 32.593093, 32.592977, 32.592812, 32.592672, 32.592421, 32.592282, 32.591885, 32.591601, 32.591431, 32.591243, 32.591064, 32.591111, 32.591394, 32.591589, 32.591734, 32.591656, 32.590936, 32.590029, 32.589538, 32.588899, 32.588388, 32.588166, 32.586899, 32.586626, 32.586397, 32.586164, 32.585571, 32.585458, 32.585642, 32.585931, 32.586197, 32.586419, 32.586662, 32.586928, 32.587204, 32.587382, 32.587593, 32.587992, 32.58818, 32.588299, 32.588888, 32.589327, 32.5897, 32.590471, 
32.591777, 32.592083, 32.592634, 32.59336, 32.593715, 32.594585, 32.596659, 32.594012, 32.591868, 32.592074, 32.59145, 32.591397, 32.591455, 32.591525, 32.591996, 32.592827, 32.593359, 32.593962, 32.595531, 32.596774, 32.597282, 32.597439, 32.597618, 32.597946, 32.598171, 32.598398, 32.598675, 32.598893, 32.599183, 32.599314, 32.599471, 32.599606, 32.599819, 32.600044, 32.600423, 32.600826, 32.602463, 32.605914, 32.606077, 32.606146, 32.606173, 32.606204, 32.606217, 32.60626, 32.6063, 32.606331, 
32.606362, 32.606389, 32.606415, 32.606469, 32.606492, 32.606523, 32.60654, 32.606554, 32.606565, 32.606578, 32.606671, 32.6068, 32.606951, 32.607094, 32.607199, 32.607317, 32.607482, 32.607607, 32.607695, 32.607795, 32.607967, 32.608111, 32.608262, 32.608469, 32.608723, 32.608916, 32.609196, 32.609396, 32.609477, 32.609505, 32.60956, 32.609622, 32.609703, 32.60977, 32.609869, 32.609913, 32.609968, 32.61004, 32.610091, 32.610156, 32.610191, 32.610239, 32.610294, 32.610334, 32.610379, 32.610434, 32.610469, 
32.610509, 32.610561, 32.610607, 32.610651, 32.610725, 32.610771, 32.610812, 32.610908, 32.610991, 32.611657, -25.94462, -25.944661, -25.944674, -25.944693, -25.944707, -25.944725, -25.944748, -25.944766, -25.94483, -25.944884, -25.945002, -25.945396, -25.945596, -25.94589, -25.94627, -25.946578, -25.946696, -25.946864, -25.947135, -25.947443, -25.94772, -25.947874, -25.951116, -25.953253, -25.955404, -25.956799, -25.959284, -25.961425, -25.963075, -25.965217, -25.966461, -25.968525, -25.970337, 
-25.971487, -25.971496, -25.971477, -25.971545, -25.971594, -25.971644, -25.971734, -25.971838, -25.971887, -25.97195, -25.971977, -25.972004, -25.97204, -25.972062, -25.972094, -25.972184, -25.972225, -25.972292, -25.972319, -25.972333, -25.972323, -25.972292, -25.972251, -25.972219, -25.972156, -25.972111, -25.972039, -25.971984, -25.971935, -25.971894, -25.971863, -25.971822, -25.971791, -25.971764, -25.97175, -25.971728, -25.971706, -25.971692, -25.971652, -25.971598, -25.971539, -25.971525, 
-25.971539, -25.971561, -25.971584, -25.971615, -25.971633, -25.971628, -25.971619, -25.971619, -25.971628, -25.97165, -25.971682, -25.971727, -25.971772, -25.971812, -25.971839, -25.971862, -25.971898, -25.971938, -25.971984, -25.972033, -25.972074, -25.972137, -25.972218, -25.972281, -25.972322, -25.972376, -25.972444, -25.972529, -25.97257, -25.972611, -25.972647, -25.972692, -25.972714, -25.972687, -25.972646, -25.972574, -25.972335, -25.972227, -25.972136, -25.972073, -25.972037, -25.971996, 
-25.97196, -25.971919, -25.971887, -25.971868, -25.971837, -25.971791, -25.971755, -25.971682, -25.971416, -25.971379, -25.971343, -25.971298, -25.971234, -25.971202, -25.971152, -25.971116, -25.971075, -25.971034, -25.970994, -25.970916, -25.970753, -25.970594, -25.970449, -25.970381, -25.970295, -25.970236, -25.970177, -25.970077, -25.969995, -25.969868, -25.969791, -25.969569, -25.969401, -25.969315, -25.969215, -25.969111, -25.969043, -25.968664, -25.968403, -25.968191, -25.968114, -25.967706, 
-25.967202, -25.96693, -25.966572, -25.966295, -25.966186, -25.965442, -25.965283, -25.965183, -25.96506, -25.964697, -25.96462, -25.964409, -25.964098, -25.963769, -25.963521, -25.963202, -25.962895, -25.962557, -25.962368, -25.962139, -25.961652, -25.961413, -25.961274, -25.9604, -25.959755, -25.959224, -25.958111, -25.956227, -25.955776, -25.954979, -25.955365, -25.95486, -25.95535, -25.95239, -25.950992, -25.949825, -25.949541, -25.949084, -25.949056, -25.948966, -25.948872, -25.948313, -25.947724, 
-25.947527, -25.947303, -25.94663, -25.946123, -25.945939, -25.945949, -25.945886, -25.945815, -25.945797, -25.945848, -25.946016, -25.946183, -25.946396, -25.946487, -25.946573, -25.946659, -25.946786, -25.94694, -25.947199, -25.947466, -25.948839, -25.951643, -25.95112, -25.95089, -25.950763, -25.95061, -25.950511, -25.950258, -25.950028, -25.949856, -25.949662, -25.949513, -25.949364, -25.949035, -25.94885, -25.948678, -25.948552, -25.948471, -25.948399, -25.948326, -25.948241, -25.948124, -25.948007, 
-25.947827, -25.947709, -25.947583, -25.947403, -25.947237, -25.947137, -25.947025, -25.946827, -25.946642, -25.946462, -25.946237, -25.945989, -25.945809, -25.945575, -25.945395, -25.945309, -25.945264, -25.94521, -25.945156, -25.945084, -25.945026, -25.94494, -25.944886, -25.944832, -25.944769, -25.944724, -25.944679, -25.944656, -25.944634, -25.944603, -25.944589, -25.944576, -25.944558, -25.94454, -25.944522, -25.944508, -25.944513, -25.944522, -25.944536, -25.944541, -25.944545, -25.944545, 
-25.94455, -25.94462)),"1 - 25"
93,"t3",0.7145517186257,4040.1283617745,2,0,0,NA,list(c(32.53926, 32.537622, 32.537608, 32.537883, 32.538739, 32.539382, 32.539672, 32.540367, 32.54164, 32.541772, 32.54264, 32.544333, 32.544679, 32.545374, 32.546165, 32.546938, 32.547574, 32.548212, 32.548637, 32.548926, 32.549354, 32.549914, 32.550262, 32.53926, -25.902929, -25.895009, -25.894937, -25.893859, -25.892516, -25.891502, -25.891503, -25.891889, -25.89272, -25.892923, -25.894262, -25.896647, -25.897082, -25.89754, -25.897926, -25.898317, -25.898702, -25.898826, -25.899089, -25.899285, 
-25.898586, -25.898904, -25.899095, -25.902929)),"1 - 25"
94,"trevo",20.289019044329,25347.818552778,2,0,0,NA,list(c(32.491049, 32.494867, 32.505394, 32.506671, 32.507707, 32.508743, 32.509281, 32.50958, 32.510278, 32.510935, 32.51277, 32.51277, 32.51637, 32.516396, 32.522195, 32.522156, 32.522103, 32.522057, 32.522002, 32.521951, 32.521899, 32.521863, 32.521786, 32.521694, 32.521441, 32.521358, 32.521344, 32.52117, 32.521124, 32.521093, 32.521112, 32.521216, 32.521301, 32.521386, 32.521528, 32.521645, 32.52175, 32.521874, 32.521966, 32.522051, 32.522152, 32.522241, 32.522339, 32.522428, 32.522509, 32.522559, 
32.52263, 32.522726, 32.522789, 32.522881, 32.522986, 32.523134, 32.523214, 32.52331, 32.523413, 32.523541, 32.52365, 32.523739, 32.523779, 32.523791, 32.523773, 32.523788, 32.523827, 32.523886, 32.52394, 32.523997, 32.524181, 32.524292, 32.524383, 32.524433, 32.524458, 32.524564, 32.524565, 32.524563, 32.524576, 32.524579, 32.524583, 32.524617, 32.524663, 32.524753, 32.52483, 32.524904, 32.524968, 32.52504, 32.525095, 32.5252, 32.525298, 32.52578, 32.528766, 32.53017, 32.5302, 32.53084, 32.53126, 
32.5323, 32.532833, 32.533464, 32.53376, 32.533969, 32.534224, 32.534683, 32.535088, 32.535388, 32.536025, 32.536393, 32.536733, 32.537162, 32.537553, 32.537986, 32.538611, 32.539295, 32.539467, 32.539759, 32.539883, 32.539948, 32.540001, 32.540033, 32.540086, 32.540136, 32.540171, 32.540247, 32.540306, 32.540362, 32.540443, 32.540524, 32.540633, 32.540746, 32.540892, 32.541156, 32.541263, 32.541439, 32.541557, 32.541679, 32.541799, 32.541882, 32.542062, 32.54473, 32.54495, 32.545085, 32.545205, 
32.545399, 32.545526, 32.545648, 32.545761, 32.545844, 32.54599, 32.546055, 32.546119, 32.546184, 32.546249, 32.546328, 32.546428, 32.546517, 32.546635, 32.546733, 32.546858, 32.546938, 32.547065, 32.547178, 32.547265, 32.547368, 32.54764, 32.547871, 32.547914, 32.547984, 32.548054, 32.54813, 32.548206, 32.548284, 32.548361, 32.548476, 32.548546, 32.548609, 32.548666, 32.548696, 32.548742, 32.548832, 32.548908, 32.549017, 32.549115, 32.549237, 32.549379, 32.549508, 32.549593, 32.549665, 32.549743, 
32.549821, 32.549913, 32.550013, 32.550153, 32.550251, 32.550392, 32.550501, 32.550628, 32.550728, 32.550824, 32.550935, 32.55104, 32.551164, 32.551264, 32.551334, 32.551408, 32.551491, 32.551593, 32.551652, 32.551704, 32.551746, 32.55185, 32.552074, 32.552187, 32.552365, 32.552458, 32.552582, 32.55275, 32.552961, 32.553188, 32.553416, 32.553547, 32.553763, 32.55393, 32.554177, 32.554249, 32.554309, 32.554314, 32.554267, 32.55423, 32.554186, 32.554134, 32.554094, 32.554057, 32.554043, 32.554034, 
32.55404, 32.554064, 32.554106, 32.554245, 32.554499, 32.554766, 32.554949, 32.555173, 32.555468, 32.555801, 32.556127, 32.556431, 32.55654, 32.556753, 32.557009, 32.557255, 32.55742, 32.557609, 32.557879, 32.558024, 32.558264, 32.558366, 32.558579, 32.558759, 32.558974, 32.559396, 32.559576, 32.559725, 32.559977, 32.560738, 32.561432, 32.564179, 32.564748, 32.566385, 32.566371, 32.565729, 32.565629, 32.565489, 32.565406, 32.565142, 32.565076, 32.564893, 32.564742, 32.564566, 32.564753, 32.565181, 
32.56568, 32.566314, 32.566766, 32.568639, 32.568843, 32.569286, 32.569797, 32.56989, 32.569951, 32.570292, 32.56462, 32.55637, 32.55004, 32.541148, 32.534046, 32.529702, 32.519612, 32.506189, 32.503915, 32.501596, 32.493842, 32.493766, 32.493093, 32.4925, 32.491824, 32.49115, 32.490317, 32.489304, 32.488286, 32.487528, 32.486854, 32.484157, 32.484005, 32.484062, 32.486604, 32.491532, 32.491386, 32.49136, 32.491343, 32.491311, 32.491255, 32.491237, 32.491208, 32.49116, 32.491141, 32.491122, 32.491092, 
32.491065, 32.491049, -25.918841, -25.92108, -25.926548, -25.927139, -25.927703, -25.928302, -25.928647, -25.92872, -25.929138, -25.929483, -25.930212, -25.93014, -25.929714, -25.929745, -25.933015, -25.933106, -25.933169, -25.933218, -25.933277, -25.933389, -25.933511, -25.933606, -25.933714, -25.933849, -25.934241, -25.934376, -25.934521, -25.934823, -25.934886, -25.934976, -25.93508, -25.935252, -25.93536, -25.935469, -25.935578, -25.93565, -25.935696, -25.935728, -25.935728, -25.935724, -25.935729, 
-25.935765, -25.935851, -25.935937, -25.936041, -25.936105, -25.936191, -25.936259, -25.936304, -25.936368, -25.93644, -25.936563, -25.936608, -25.936694, -25.936744, -25.936808, -25.936862, -25.93693, -25.93698, -25.937066, -25.937165, -25.937301, -25.9374, -25.937455, -25.937491, -25.9375, -25.937501, -25.937519, -25.937583, -25.937651, -25.937614, -25.937159, -25.937091, -25.937014, -25.936915, -25.936802, -25.936757, -25.936662, -25.936554, -25.936424, -25.936338, -25.936257, -25.936176, -25.936099, 
-25.936068, -25.936059, -25.936055, -25.936219, -25.937565, -25.938197, -25.938496, -25.939085, -25.939506, -25.940525, -25.941046, -25.941662, -25.941952, -25.942147, -25.942418, -25.942862, -25.943261, -25.943551, -25.944194, -25.944561, -25.944887, -25.945322, -25.945689, -25.946119, -25.946744, -25.947369, -25.947542, -25.947177, -25.947209, -25.947209, -25.947236, -25.947272, -25.947318, -25.94735, -25.947372, -25.947413, -25.947449, -25.947486, -25.94754, -25.947595, -25.947663, -25.947731, 
-25.947826, -25.947985, -25.948057, -25.948171, -25.948248, -25.94833, -25.948393, -25.948443, -25.948579, -25.950258, -25.950408, -25.950498, -25.950576, -25.950689, -25.950771, -25.950843, -25.950911, -25.950966, -25.951048, -25.951088, -25.951125, -25.951166, -25.951206, -25.951252, -25.951311, -25.95137, -25.951442, -25.951506, -25.951583, -25.951638, -25.951719, -25.951787, -25.951846, -25.951923, -25.952127, -25.952322, -25.952358, -25.952417, -25.952476, -25.95254, -25.952599, -25.952667, 
-25.952726, -25.952798, -25.952839, -25.952866, -25.952894, -25.952925, -25.952957, -25.953011, -25.953043, -25.953098, -25.953143, -25.953189, -25.953252, -25.953312, -25.953361, -25.953416, -25.953475, -25.953538, -25.953611, -25.953683, -25.953779, -25.953842, -25.953942, -25.954019, -25.954096, -25.954155, -25.954223, -25.954282, -25.954364, -25.954459, -25.954522, -25.954577, -25.954627, -25.954686, -25.95474, -25.954763, -25.954817, -25.954885, -25.955052, -25.955383, -25.955541, -25.955772, 
-25.95589, -25.956034, -25.95622, -25.956442, -25.956664, -25.956859, -25.956972, -25.95714, -25.957271, -25.957448, -25.957498, -25.957579, -25.95762, -25.957683, -25.957728, -25.957778, -25.957836, -25.95789, -25.957967, -25.958048, -25.958138, -25.958197, -25.958251, -25.958328, -25.958541, -25.958907, -25.959292, -25.959532, -25.95983, -25.960256, -25.960753, -25.961197, -25.961618, -25.961758, -25.962061, -25.962423, -25.962753, -25.962989, -25.963256, -25.963649, -25.963857, -25.964188, -25.964337, 
-25.964631, -25.964894, -25.965219, -25.965762, -25.966025, -25.966156, -25.96636, -25.966809, -25.9672, -25.96882, -25.96916, -25.970045, -25.970082, -25.970947, -25.970996, -25.971014, -25.971, -25.970863, -25.970967, -25.971237, -25.971463, -25.971729, -25.971856, -25.972146, -25.972454, -25.972854, -25.973144, -25.974323, -25.974468, -25.9747, -25.974896, -25.974991, -25.975153, -25.975263, -25.977476, -25.972738, -25.970217, -25.966974, -25.963015, -25.960847, -25.959572, -25.959586, -25.955284, 
-25.95627, -25.960392, -25.960541, -25.959094, -25.957773, -25.95685, -25.955854, -25.954316, -25.953085, -25.952937, -25.952627, -25.951469, -25.946782, -25.942321, -25.942289, -25.940858, -25.938026, -25.932829, -25.931312, -25.930409, -25.928093, -25.925745, -25.92528, -25.92509, -25.924738, -25.92444, -25.923555, -25.922083, -25.920647, -25.918841)),"1 - 25"
95,"tsalala",23.08554456884,20300.058296467,2,0,0,NA,list(c(32.415995, 32.416092, 32.43694, 32.458652, 32.464426, 32.463927, 32.463558, 32.463208, 32.462973, 32.462777, 32.4626, 32.46244, 32.462358, 32.462431, 32.463412, 32.464433, 32.465127, 32.46534, 32.465474, 32.466225, 32.466355, 32.466855, 32.467295, 32.468008, 32.469334, 32.467621, 32.466611, 32.465626, 32.464919, 32.463884, 32.456486, 32.454174, 32.446486, 32.416099, 32.41587, 32.416067, 32.416282, 32.417004, 32.417104, 32.417183, 32.416955, 32.416476, 32.416188, 32.415922, 32.415789, 32.415268, 
32.414671, 32.414267, 32.413805, 32.413401, 32.413132, 32.412591, 32.411954, 32.411588, 32.4113, 32.411088, 32.41078, 32.410317, 32.409759, 32.409567, 32.409279, 32.409049, 32.4088, 32.408571, 32.408516, 32.408287, 32.408135, 32.408196, 32.408472, 32.408649, 32.408826, 32.409138, 32.409488, 32.409741, 32.409918, 32.410192, 32.410561, 32.411298, 32.41165, 32.412137, 32.412525, 32.412951, 32.413182, 32.413667, 32.41425, 32.414542, 32.414817, 32.415186, 32.415653, 32.415832, 32.415718, 32.41572, 32.415877, 
32.415995, -25.849431, -25.849422, -25.848313, -25.856793, -25.857686, -25.857756, -25.858089, -25.858611, -25.859152, -25.859766, -25.860429, -25.86162, -25.862649, -25.863598, -25.864739, -25.86565, -25.866055, -25.870394, -25.870535, -25.897184, -25.898408, -25.899128, -25.900037, -25.90083, -25.902081, -25.90123, -25.900928, -25.900722, -25.900624, -25.900598, -25.900512, -25.89932, -25.895169, -25.879374, -25.878917, -25.878182, -25.877573, -25.87633, -25.875649, -25.875284, -25.874461, -25.873655, 
-25.873076, -25.872217, -25.871797, -25.871443, -25.87102, -25.870513, -25.870146, -25.86967, -25.869371, -25.869193, -25.868928, -25.868629, -25.868348, -25.868139, -25.867894, -25.867594, -25.867064, -25.866751, -25.866488, -25.865959, -25.865488, -25.864837, -25.864259, -25.863631, -25.863228, -25.862529, -25.861478, -25.860779, -25.86031, -25.859801, -25.859401, -25.859086, -25.858423, -25.857846, -25.857428, -25.856943, -25.85619, -25.855475, -25.855196, -25.855166, -25.855271, -25.854993, -25.854454, 
-25.854053, -25.853196, -25.852778, -25.852098, -25.851241, -25.850681, -25.850347, -25.849873, -25.849431)),"1 - 25"
96,"uamatibwana",19.359766169681,20777.129823393,2,0,0,NA,list(c(32.474634, 32.479724, 32.479736, 32.479866, 32.480034, 32.480261, 32.480585, 32.480946, 32.48133, 32.48156, 32.481673, 32.481593, 32.481302, 32.480972, 32.480699, 32.480735, 32.481245, 32.483689, 32.484123, 32.484121, 32.48435, 32.484269, 32.484324, 32.484206, 32.484321, 32.484571, 32.484841, 32.485303, 32.485647, 32.486204, 32.486917, 32.487455, 32.488013, 32.488396, 32.488685, 32.488664, 32.48872, 32.489066, 32.489297, 32.48943, 32.489737, 32.489985, 32.490137, 32.490422, 32.490476, 32.490412, 
32.490023, 32.488588, 32.487793, 32.487171, 32.486358, 32.48405, 32.480697, 32.474576, 32.473199, 32.470818, 32.46865, 32.466845, 32.463705, 32.461653, 32.458773, 32.458863, 32.459026, 32.458327, 32.458119, 32.458146, 32.458016, 32.457909, 32.456249, 32.434768, 32.434838, 32.435552, 32.436188, 32.437637, 32.438774, 32.440434, 32.442807, 32.443442, 32.444735, 32.446686, 32.447768, 32.449119, 32.450704, 32.45171, 32.452794, 32.453664, 32.455307, 32.456972, 32.45914, 32.460282, 32.461737, 32.463754, 
32.464625, 32.465263, 32.46592, 32.467003, 32.468219, 32.468855, 32.47009, 32.471153, 32.47359, 32.474634, -25.758092, -25.757849, -25.757885, -25.758951, -25.760297, -25.761435, -25.76252, -25.76389, -25.764555, -25.764871, -25.765554, -25.766253, -25.766618, -25.766933, -25.767279, -25.767997, -25.770573, -25.781986, -25.784263, -25.784877, -25.785366, -25.786259, -25.787081, -25.787501, -25.787745, -25.78794, -25.788099, -25.78866, -25.789307, -25.790149, -25.790833, -25.791431, -25.791939, -25.792658, 
-25.792939, -25.793395, -25.793851, -25.79429, -25.794639, -25.795163, -25.795692, -25.796303, -25.796845, -25.798002, -25.799018, -25.800313, -25.80103, -25.802054, -25.802684, -25.803553, -25.804367, -25.805677, -25.807801, -25.81084, -25.811851, -25.812732, -25.81346, -25.815047, -25.816995, -25.817669, -25.819157, -25.819022, -25.817294, -25.813805, -25.812775, -25.811042, -25.8098, -25.807822, -25.79046, -25.761595, -25.7616, -25.761865, -25.762111, -25.762117, -25.762839, -25.763058, -25.76378, 
-25.764293, -25.7647, -25.764707, -25.764765, -25.765032, -25.764984, -25.764654, -25.764274, -25.76421, -25.764076, -25.763242, -25.762338, -25.761886, -25.76065, -25.75891, -25.758579, -25.75832, -25.758322, -25.758064, -25.758331, -25.758667, -25.758934, -25.758865, -25.758386, -25.758092)),"1 - 25"
97,"unidade d",2.1106887515528,6010.1549080487,2,0,0,NA,list(c(32.518866, 32.518886, 32.537608, 32.537622, 32.53926, 32.538621, 32.53866, 32.538582, 32.535775, 32.533221, 32.532214, 32.520113, 32.519017, 32.518884, 32.518866, -25.894808, -25.894587, -25.894937, -25.895009, -25.902929, -25.903171, -25.903216, -25.903221, -25.903582, -25.90389, -25.904252, -25.905964, -25.899888, -25.894849, -25.894808)),"1 - 25"
98,"urbanizao",1.0882326795248,5847.6740681955,1,20,6,0,list(c(32.5723, 32.573094, 32.573169, 32.573264, 32.57344, 32.573585, 32.573719, 32.573851, 32.574027, 32.574113, 32.574181, 32.574272, 32.574402, 32.574449, 32.574527, 32.574589, 32.574645, 32.574692, 32.574763, 32.574861, 32.574937, 32.574988, 32.575044, 32.575088, 32.575144, 32.575188, 32.575275, 32.57537, 32.575417, 32.575477, 32.575518, 32.575545, 32.575515, 32.575356, 32.574715, 32.57412, 32.573979, 32.573952, 32.574165, 32.574221, 32.57425, 32.574307, 32.575705, 32.575762, 32.575818, 32.576967, 
32.577079, 32.577164, 32.57722, 32.577445, 32.577416, 32.577402, 32.577387, 32.577414, 32.57747, 32.577553, 32.577665, 32.578401, 32.57897, 32.579201, 32.579277, 32.579201, 32.579151, 32.579024, 32.578938, 32.578903, 32.578844, 32.578783, 32.578715, 32.57866, 32.578614, 32.578556, 32.578556, 32.578554, 32.578562, 32.578607, 32.578646, 32.578683, 32.578729, 32.578792, 32.578892, 32.578975, 32.579099, 32.579248, 32.579416, 32.579376, 32.57935, 32.57925, 32.579117, 32.578995, 32.578952, 32.578833, 32.578759, 
32.578669, 32.578613, 32.578531, 32.578425, 32.578343, 32.57828, 32.578038, 32.5778, 32.577627, 32.577527, 32.577426, 32.577332, 32.577227, 32.577107, 32.576964, 32.576824, 32.576707, 32.576538, 32.576328, 32.576143, 32.576049, 32.575859, 32.575726, 32.575591, 32.575456, 32.575332, 32.575223, 32.575067, 32.574964, 32.574798, 32.57472, 32.574624, 32.574533, 32.574347, 32.574201, 32.574123, 32.57404, 32.574005, 32.57396, 32.573901, 32.573844, 32.573807, 32.573751, 32.573697, 32.573632, 32.573569, 32.573513, 
32.573476, 32.573419, 32.573285, 32.573148, 32.573013, 32.57286, 32.572706, 32.572575, 32.572399, 32.572278, 32.5723, -25.945358, -25.94396, -25.94383, -25.943658, -25.943379, -25.9431, -25.942852, -25.942617, -25.942293, -25.942099, -25.941959, -25.941702, -25.94126, -25.94098, -25.940578, -25.940226, -25.939879, -25.939581, -25.939198, -25.938751, -25.938372, -25.938115, -25.937839, -25.93756, -25.937266, -25.937027, -25.93658, -25.93617, -25.935908, -25.935579, -25.935322, -25.93496, -25.934717, 
-25.934088, -25.932123, -25.930342, -25.929922, -25.929655, -25.929087, -25.928821, -25.928681, -25.928541, -25.92627, -25.926247, -25.926234, -25.926806, -25.926861, -25.926861, -25.926848, -25.926771, -25.926925, -25.927051, -25.927191, -25.927381, -25.927571, -25.927837, -25.928167, -25.930382, -25.932135, -25.932813, -25.932881, -25.932903, -25.932917, -25.93297, -25.933029, -25.933047, -25.933096, -25.93315, -25.933213, -25.93329, -25.933371, -25.933547, -25.93361, -25.933723, -25.933822, -25.933958, 
-25.934039, -25.934112, -25.934166, -25.934238, -25.934306, -25.93437, -25.934438, -25.934497, -25.934574, -25.935098, -25.93582, -25.937495, -25.940064, -25.94223, -25.943296, -25.945386, -25.94655, -25.947291, -25.947634, -25.948017, -25.948477, -25.948802, -25.949032, -25.948991, -25.948981, -25.949008, -25.94903, -25.949057, -25.949084, -25.949138, -25.949182, -25.949241, -25.949285, -25.949326, -25.949343, -25.949347, -25.949329, -25.949306, -25.949219, -25.949124, -25.949006, -25.948875, -25.948748, 
-25.948635, -25.948486, -25.948413, -25.948291, -25.948232, -25.948168, -25.948114, -25.948005, -25.94791, -25.947846, -25.947769, -25.947738, -25.947674, -25.94757, -25.947448, -25.947358, -25.947231, -25.947123, -25.946987, -25.94686, -25.946747, -25.946693, -25.946616, -25.946431, -25.946272, -25.946123, -25.945955, -25.945792, -25.945661, -25.945484, -25.945394, -25.945358)),"1 - 25"
99,"vale do infulene",4.253066123917,12051.530039694,2,1,0,0,list(c(32.53926, 32.550262, 32.555057, 32.55504, 32.555025, 32.554968, 32.554926, 32.554897, 32.554841, 32.554812, 32.55477, 32.554727, 32.554643, 32.554601, 32.554544, 32.554487, 32.554388, 32.554275, 32.554261, 32.554162, 32.554049, 32.553993, 32.553837, 32.553682, 32.55354, 32.553441, 32.553328, 32.553272, 32.553243, 32.55313, 32.553088, 32.553017, 32.552947, 32.552918, 32.552904, 32.552847, 32.552776, 32.55272, 32.552677, 32.552635, 32.552565, 32.552564, 32.55255, 32.55255, 32.552479, 32.552437, 
32.552408, 32.55238, 32.552366, 32.552352, 32.552281, 32.552197, 32.552183, 32.552055, 32.552027, 32.551999, 32.551942, 32.551858, 32.551872, 32.551829, 32.551829, 32.551786, 32.551772, 32.551715, 32.551687, 32.551616, 32.551588, 32.551574, 32.551531, 32.551545, 32.551544, 32.551544, 32.551473, 32.551445, 32.551417, 32.551346, 32.551304, 32.551262, 32.551191, 32.551149, 32.551093, 32.551051, 32.551008, 32.550867, 32.550783, 32.55074, 32.55067, 32.550628, 32.550571, 32.550557, 32.550501, 32.550458, 
32.550416, 32.550374, 32.550331, 32.550233, 32.550191, 32.550162, 32.550106, 32.550021, 32.549937, 32.549866, 32.549838, 32.549767, 32.549724, 32.549668, 32.549583, 32.549569, 32.549498, 32.549399, 32.549357, 32.549314, 32.549243, 32.549201, 32.549172, 32.549157, 32.549143, 32.549128, 32.549086, 32.549057, 32.549028, 32.549, 32.548943, 32.548915, 32.548886, 32.548844, 32.548801, 32.548744, 32.548702, 32.548674, 32.548631, 32.548561, 32.54849, 32.548419, 32.54832, 32.54825, 32.548207, 32.548137, 32.548038, 
32.547967, 32.547854, 32.547798, 32.547713, 32.547589, 32.547448, 32.547407, 32.547343, 32.547261, 32.547134, 32.547049, 32.546993, 32.546894, 32.546837, 32.546753, 32.546654, 32.546527, 32.546442, 32.546371, 32.546343, 32.546287, 32.546216, 32.546174, 32.546117, 32.546075, 32.545976, 32.545849, 32.545496, 32.545341, 32.545228, 32.54487, 32.54451, 32.544124, 32.543672, 32.54335, 32.543132, 32.542919, 32.542764, 32.542527, 32.542385, 32.542173, 32.542012, 32.541851, 32.541567, 32.541228, 32.540836, 
32.540498, 32.540195, 32.539928, 32.539643, 32.539297, 32.538885, 32.538488, 32.537833, 32.537492, 32.53719, 32.536517, 32.5355, 32.534786, 32.533835, 32.532882, 32.530606, 32.528866, 32.527584, 32.527287, 32.526894, 32.526526, 32.526182, 32.525892, 32.52546, 32.524947, 32.524579, 32.524202, 32.52384, 32.523576, 32.523294, 32.523005, 32.522935, 32.522788, 32.522663, 32.522577, 32.522459, 32.522364, 32.522303, 32.522241, 32.522195, 32.516396, 32.51637, 32.51613, 32.515754, 32.515672, 32.515774, 32.516113, 
32.517353, 32.51838, 32.52166, 32.524503, 32.524919, 32.525171, 32.52524, 32.529603, 32.53372, 32.534782, 32.541191, 32.540834, 32.540411, 32.540104, 32.53866, 32.538621, 32.53926, -25.902929, -25.899095, -25.898753, -25.898852, -25.898933, -25.899046, -25.899186, -25.899289, -25.899366, -25.899465, -25.899583, -25.899646, -25.899718, -25.899794, -25.89992, -25.900051, -25.900254, -25.900416, -25.900479, -25.900606, -25.900786, -25.900962, -25.901241, -25.901521, -25.901814, -25.901976, -25.902192, 
-25.902228, -25.902305, -25.902521, -25.902611, -25.90271, -25.902814, -25.902891, -25.902977, -25.90308, -25.903256, -25.903409, -25.903445, -25.903508, -25.903585, -25.903626, -25.903711, -25.903788, -25.903892, -25.904004, -25.904045, -25.904131, -25.904171, -25.904207, -25.90427, -25.904297, -25.904333, -25.904577, -25.904626, -25.904703, -25.90478, -25.904865, -25.904906, -25.905005, -25.905082, -25.905145, -25.905235, -25.905375, -25.905474, -25.9056, -25.905668, -25.90574, -25.90583, -25.905907, 
-25.906097, -25.906223, -25.906313, -25.906349, -25.906403, -25.906466, -25.906502, -25.906543, -25.906579, -25.906592, -25.906605, -25.906628, -25.906704, -25.906871, -25.90697, -25.90702, -25.907137, -25.907173, -25.9072, -25.907263, -25.907312, -25.907362, -25.907439, -25.907479, -25.907515, -25.907592, -25.907627, -25.907668, -25.907718, -25.907808, -25.907893, -25.908024, -25.9081, -25.908227, -25.908389, -25.908515, -25.908669, -25.908732, -25.908835, -25.909011, -25.909101, -25.909228, -25.90934, 
-25.909516, -25.90971, -25.90985, -25.909949, -25.910053, -25.910193, -25.910383, -25.910509, -25.910622, -25.910748, -25.910838, -25.910951, -25.911091, -25.911244, -25.911397, -25.911461, -25.911497, -25.911573, -25.911663, -25.911776, -25.911889, -25.912042, -25.912168, -25.912222, -25.912321, -25.912474, -25.912587, -25.912754, -25.912817, -25.912979, -25.913206, -25.913463, -25.913538, -25.913655, -25.913804, -25.91397, -25.91407, -25.91416, -25.914286, -25.914362, -25.914475, -25.914592, -25.914781, 
-25.91488, -25.914997, -25.915061, -25.915124, -25.915209, -25.915286, -25.915362, -25.915439, -25.915538, -25.915718, -25.916173, -25.916376, -25.916529, -25.916939, -25.91724, -25.917514, -25.917847, -25.918036, -25.918211, -25.918481, -25.918589, -25.918697, -25.918899, -25.919129, -25.919268, -25.919444, -25.919777, -25.920115, -25.92061, -25.92093, -25.921299, -25.921632, -25.921825, -25.922041, -25.922283, -25.92249, -25.922858, -25.923069, -25.923231, -25.92359, -25.924178, -25.924577, -25.925107, 
-25.925614, -25.92688, -25.927877, -25.928545, -25.928761, -25.928963, -25.929169, -25.929322, -25.929529, -25.929739, -25.930045, -25.930247, -25.930552, -25.930858, -25.931142, -25.931525, -25.931957, -25.932092, -25.932295, -25.932457, -25.932556, -25.932687, -25.932795, -25.932876, -25.932966, -25.933015, -25.929745, -25.929714, -25.929415, -25.928691, -25.928208, -25.92736, -25.926711, -25.925852, -25.925282, -25.923325, -25.921623, -25.921399, -25.921228, -25.921287, -25.918714, -25.914632, 
-25.915317, -25.908742, -25.906099, -25.90538, -25.904801, -25.903216, -25.903171, -25.902929)),"1 - 25"
100,"vila de marracuene",28.452227838393,29460.463020822,1,0,0,NA,list(c(32.648334, 32.652064, 32.6523, 32.65213, 32.651379, 32.65109, 32.650918, 32.650475, 32.650013, 32.649551, 32.647376, 32.647032, 32.646572, 32.645939, 32.645595, 32.645655, 32.649026, 32.674496, 32.674785, 32.675702, 32.679064, 32.682112, 32.686386, 32.690974, 32.694342, 32.696171, 32.696462, 32.694624, 32.691859, 32.685738, 32.68023, 32.678684, 32.67928, 32.681718, 32.68723, 32.694564, 32.700378, 32.708948, 32.712909, 32.717808, 32.71932, 32.714734, 32.707985, 32.699418, 32.692063, 32.688074, 
32.687457, 32.686931, 32.685624, 32.68369, 32.683236, 32.680699, 32.674779, 32.66857, 32.667726, 32.667585, 32.664767, 32.664338, 32.665341, 32.665532, 32.66497, 32.664038, 32.659789, 32.659399, 32.658908, 32.658547, 32.657347, 32.654816, 32.651574, 32.650323, 32.649003, 32.648472, 32.648334, -25.745937, -25.727358, -25.725679, -25.724491, -25.723807, -25.723594, -25.722858, -25.722437, -25.721723, -25.721351, -25.718637, -25.717584, -25.716445, -25.714746, -25.713783, -25.712768, -25.702825, -25.703317, 
-25.70637, -25.709424, -25.712199, -25.714707, -25.716094, -25.717765, -25.718323, -25.719718, -25.72222, -25.724144, -25.726639, -25.730229, -25.732985, -25.736589, -25.742126, -25.744899, -25.747128, -25.747694, -25.748275, -25.749954, -25.75189, -25.755222, -25.758562, -25.762142, -25.765466, -25.768487, -25.769578, -25.7718, -25.774282, -25.774122, -25.773727, -25.773537, -25.773333, -25.772944, -25.768321, -25.766898, -25.768052, -25.768178, -25.767919, -25.765873, -25.763437, -25.745278, -25.745426, 
-25.745776, -25.747314, -25.747422, -25.747484, -25.747515, -25.747327, -25.746951, -25.74641, -25.746231, -25.746002, -25.745938, -25.745937)),"1 - 25"
101,"xipamanine",0.72712284216136,4764.9457609211,1,1,0,0,list(c(32.566826, 32.567059, 32.567021, 32.567005, 32.56699, 32.566987, 32.56698, 32.566971, 32.566962, 32.566949, 32.566925, 32.566894, 32.566863, 32.566838, 32.566812, 32.56677, 32.566737, 32.566696, 32.566643, 32.566603, 32.566575, 32.566543, 32.566515, 32.566473, 32.566411, 32.566369, 32.566289, 32.566236, 32.566208, 32.566172, 32.566137, 32.566108, 32.566068, 32.56602, 32.565973, 32.565931, 32.565911, 32.565882, 32.565856, 32.565831, 32.565818, 32.565824, 32.565839, 32.565839, 32.565838, 32.565838, 
32.565822, 32.565815, 32.565806, 32.56579, 32.565778, 32.565772, 32.565756, 32.565745, 32.565716, 32.565696, 32.565639, 32.565567, 32.565534, 32.56549, 32.565442, 32.565413, 32.565389, 32.565345, 32.565256, 32.565181, 32.565114, 32.565011, 32.564906, 32.564836, 32.564775, 32.564676, 32.564593, 32.564519, 32.564444, 32.564357, 32.564348, 32.564363, 32.564382, 32.564562, 32.564667, 32.56471, 32.564749, 32.564785, 32.56482, 32.56486, 32.56488, 32.564897, 32.564912, 32.56492, 32.564929, 32.564942, 32.564959, 
32.564983, 32.565015, 32.565154, 32.56516, 32.565144, 32.56513, 32.56509, 32.565045, 32.565016, 32.564956, 32.564936, 32.56492, 32.564922, 32.564869, 32.564777, 32.564665, 32.564451, 32.564331, 32.564224, 32.564125, 32.563962, 32.563861, 32.563647, 32.563572, 32.563518, 32.563456, 32.563415, 32.563356, 32.563308, 32.563175, 32.563087, 32.562994, 32.562948, 32.562891, 32.562832, 32.562773, 32.562666, 32.562559, 32.562506, 32.562388, 32.562196, 32.562036, 32.56191, 32.561724, 32.561648, 32.561595, 
32.561512, 32.561471, 32.561419, 32.56136, 32.561288, 32.56122, 32.561167, 32.561084, 32.560973, 32.56092, 32.560767, 32.560652, 32.560503, 32.560407, 32.560278, 32.560234, 32.560189, 32.56015, 32.56011, 32.560065, 32.560034, 32.559978, 32.55993, 32.559902, 32.559867, 32.559837, 32.559821, 32.559785, 32.559743, 32.559717, 32.559687, 32.559664, 32.559658, 32.559658, 32.559647, 32.559641, 32.559632, 32.559635, 32.559627, 32.559623, 32.559615, 32.559608, 32.5596, 32.559589, 32.559576, 32.559561, 32.559533, 
32.559516, 32.559478, 32.559446, 32.55942, 32.559403, 32.559382, 32.55938, 32.55938, 32.559385, 32.55939, 32.559397, 32.559399, 32.559397, 32.559387, 32.55939, 32.559386, 32.559375, 32.559367, 32.559356, 32.559341, 32.559321, 32.55928, 32.559237, 32.55917, 32.559077, 32.559037, 32.558977, 32.558951, 32.558918, 32.55887, 32.558794, 32.558675, 32.558651, 32.55861, 32.55858, 32.558556, 32.55853, 32.558497, 32.558456, 32.558414, 32.558369, 32.558337, 32.558309, 32.558289, 32.558279, 32.558268, 32.558251, 
32.558238, 32.558226, 32.558204, 32.558185, 32.558155, 32.558136, 32.55813, 32.558158, 32.558294, 32.558322, 32.55839, 32.558487, 32.558577, 32.55867, 32.558751, 32.558857, 32.559036, 32.559225, 32.559339, 32.559489, 32.559582, 32.559702, 32.559785, 32.559878, 32.559946, 32.559985, 32.560075, 32.560118, 32.560173, 32.560241, 32.560326, 32.56042, 32.56054, 32.560671, 32.560916, 32.561032, 32.561237, 32.561353, 32.56153, 32.561415, 32.56138, 32.561309, 32.561256, 32.561228, 32.561187, 32.561141, 32.5611, 
32.561073, 32.561036, 32.561004, 32.560982, 32.560967, 32.560937, 32.560917, 32.560882, 32.560863, 32.560833, 32.560791, 32.560757, 32.560726, 32.5607, 32.560668, 32.560633, 32.560596, 32.560555, 32.560529, 32.560518, 32.560507, 32.560483, 32.560455, 32.560427, 32.560379, 32.560318, 32.56027, 32.560253, 32.560205, 32.560151, 32.56006, 32.559964, 32.559875, 32.559845, 32.559814, 32.559782, 32.559745, 32.559732, 32.559715, 32.5597, 32.559676, 32.559643, 32.559624, 32.559587, 32.560033, 32.561624, 32.562311, 
32.562621, 32.562622, 32.562633, 32.562697, 32.562833, 32.562959, 32.563177, 32.563243, 32.563291, 32.563336, 32.563399, 32.563587, 32.563852, 32.564065, 32.564361, 32.564562, 32.564653, 32.564708, 32.564765, 32.564833, 32.564938, 32.565457, 32.565821, 32.566531, 32.566826, -25.938388, -25.938669, -25.938723, -25.938786, -25.938845, -25.938899, -25.938958, -25.939039, -25.93908, -25.939156, -25.939247, -25.939364, -25.939468, -25.939562, -25.939662, -25.939806, -25.939937, -25.940126, -25.940329, 
-25.940478, -25.940614, -25.940762, -25.940866, -25.941024, -25.941191, -25.941308, -25.941498, -25.94166, -25.941759, -25.941858, -25.941967, -25.942057, -25.942206, -25.942404, -25.942589, -25.942729, -25.942806, -25.942914, -25.943036, -25.943185, -25.943262, -25.943325, -25.943433, -25.943514, -25.9436, -25.943686, -25.94388, -25.944088, -25.944183, -25.944354, -25.944426, -25.944467, -25.94458, -25.944656, -25.944823, -25.944887, -25.944945, -25.944999, -25.945026, -25.945057, -25.945112, -25.945143, 
-25.945184, -25.94522, -25.945228, -25.945233, -25.945241, -25.945259, -25.945281, -25.945304, -25.945322, -25.945358, -25.945389, -25.94542, -25.945447, -25.945483, -25.945524, -25.945564, -25.945605, -25.945958, -25.946179, -25.946324, -25.946428, -25.946577, -25.946712, -25.946916, -25.947024, -25.947101, -25.947164, -25.94725, -25.947331, -25.94739, -25.947476, -25.947589, -25.947742, -25.948537, -25.948709, -25.948844, -25.949002, -25.949282, -25.949562, -25.949752, -25.949995, -25.950171, -25.950478, 
-25.950654, -25.950668, -25.950667, -25.950681, -25.950698, -25.950711, -25.950724, -25.950733, -25.950737, -25.950741, -25.950772, -25.950808, -25.950849, -25.950848, -25.950839, -25.950835, -25.950825, -25.950812, -25.950798, -25.95077, -25.950761, -25.950756, -25.950752, -25.950747, -25.950751, -25.950755, -25.950764, -25.950787, -25.950804, -25.950822, -25.95083, -25.950816, -25.950771, -25.950748, -25.950721, -25.950707, -25.950693, -25.950675, -25.950666, -25.950661, -25.950656, -25.950656, 
-25.950656, -25.95066, -25.950682, -25.9507, -25.950718, -25.950722, -25.950749, -25.95073, -25.950681, -25.950595, -25.950527, -25.950491, -25.950463, -25.950418, -25.950359, -25.950296, -25.95021, -25.950142, -25.950106, -25.950007, -25.949916, -25.949844, -25.949749, -25.949632, -25.949514, -25.949437, -25.94937, -25.949288, -25.949212, -25.949081, -25.948932, -25.948873, -25.948769, -25.948692, -25.948602, -25.94853, -25.948457, -25.948367, -25.948236, -25.948087, -25.947915, -25.947671, -25.947509, 
-25.947364, -25.947206, -25.947157, -25.947111, -25.946994, -25.946859, -25.946746, -25.946683, -25.946624, -25.946448, -25.946375, -25.94629, -25.946199, -25.946082, -25.946019, -25.945964, -25.945906, -25.945815, -25.945707, -25.945544, -25.945381, -25.945313, -25.9452, -25.945151, -25.945087, -25.945001, -25.94487, -25.944635, -25.944581, -25.944504, -25.944454, -25.944391, -25.944328, -25.944246, -25.944169, -25.944111, -25.943993, -25.943916, -25.943848, -25.943772, -25.943704, -25.943632, -25.943519, 
-25.94341, -25.943284, -25.943171, -25.942986, -25.942805, -25.942665, -25.942575, -25.942516, -25.942616, -25.942647, -25.942724, -25.942842, -25.942942, -25.943037, -25.943123, -25.943218, -25.943377, -25.943535, -25.943639, -25.943793, -25.943888, -25.943997, -25.944083, -25.944169, -25.944228, -25.944273, -25.944305, -25.944314, -25.944315, -25.944306, -25.944288, -25.944266, -25.944252, -25.944244, -25.944226, -25.944218, -25.9442, -25.944192, -25.944165, -25.943989, -25.943939, -25.943839, 
-25.943776, -25.943744, -25.943704, -25.943663, -25.943622, -25.94359, -25.943545, -25.943486, -25.943446, -25.943409, -25.943346, -25.943301, -25.943242, -25.943201, -25.943152, -25.943084, -25.94303, -25.942975, -25.942926, -25.942867, -25.942799, -25.942731, -25.942659, -25.9426, -25.942564, -25.942519, -25.942469, -25.942424, -25.942374, -25.942324, -25.942297, -25.94227, -25.942229, -25.942147, -25.942057, -25.941872, -25.941695, -25.941564, -25.941519, -25.941451, -25.941388, -25.941275, -25.941234, 
-25.941184, -25.941144, -25.941098, -25.941031, -25.940994, -25.940949, -25.940838, -25.939465, -25.93926, -25.93922, -25.939003, -25.938742, -25.938737, -25.938778, -25.938819, -25.938888, -25.93892, -25.938956, -25.938992, -25.939051, -25.939241, -25.939508, -25.939744, -25.940043, -25.940237, -25.940301, -25.940296, -25.940283, -25.940247, -25.940157, -25.939685, -25.939343, -25.938686, -25.938388)),"1 - 25"
102,"zimpeto",10.236780854877,16906.530499107,1,434,47,8,list(c(32.566506, 32.566523, 32.571793, 32.584731, 32.585775, 32.573273, 32.572475, 32.568545, 32.568493, 32.560409, 32.560474, 32.560547, 32.560591, 32.560607, 32.560754, 32.560548, 32.560426, 32.560288, 32.560491, 32.560681, 32.561056, 32.561275, 32.561428, 32.561576, 32.561651, 32.56173, 32.564068, 32.564985, 32.565273, 32.56585, 32.565725, 32.565251, 32.565123, 32.565918, 32.566065, 32.566506, -25.816932, -25.816868, -25.817326, -25.821224, -25.853238, -25.852529, -25.867724, -25.867713, -25.874945, 
-25.874334, -25.873585, -25.872849, -25.872226, -25.871897, -25.870091, -25.868759, -25.86749, -25.867056, -25.865341, -25.864958, -25.8642, -25.861993, -25.85863, -25.856544, -25.855276, -25.852802, -25.84661, -25.845407, -25.843264, -25.839071, -25.834858, -25.83017, -25.826729, -25.820393, -25.818619, -25.816932)),"> 75"
103,"zintava",13.707020460575,15336.807673331,1,0,0,NA,list(c(32.648334, 32.648472, 32.649003, 32.650323, 32.651574, 32.654816, 32.657347, 32.658547, 32.658908, 32.659399, 32.659789, 32.664038, 32.66497, 32.665532, 32.665341, 32.664338, 32.664767, 32.667585, 32.667726, 32.665523, 32.660122, 32.659474, 32.658282, 32.657357, 32.65552, 32.653683, 32.651975, 32.65, 32.647759, 32.645785, 32.641707, 32.636972, 32.636565, 32.636442, 32.635539, 32.634803, 32.633872, 32.63201, 32.630042, 32.628674, 32.627307, 32.627134, 32.62594, 32.625267, 32.624751, 32.62468, 
32.624761, 32.626917, 32.627398, 32.62781, 32.628171, 32.628292, 32.628684, 32.629532, 32.631207, 32.631238, 32.631339, 32.63159, 32.631901, 32.632594, 32.636219, 32.645907, 32.646198, 32.646499, 32.64686, 32.647301, 32.648002, 32.648334, -25.745937, -25.745938, -25.746002, -25.746231, -25.74641, -25.746951, -25.747327, -25.747515, -25.747484, -25.747422, -25.747314, -25.745776, -25.745426, -25.745278, -25.763437, -25.765873, -25.767919, -25.768178, -25.768052, -25.773583, -25.787761, -25.787448, 
-25.787332, -25.787086, -25.786955, -25.786594, -25.785638, -25.784685, -25.783727, -25.782412, -25.781093, -25.779406, -25.781234, -25.781554, -25.780604, -25.780096, -25.779543, -25.77887, -25.777849, -25.776604, -25.774975, -25.774817, -25.773432, -25.772414, -25.770557, -25.768548, -25.767302, -25.7664, -25.766167, -25.765847, -25.765559, -25.765388, -25.764572, -25.762429, -25.758126, -25.757927, -25.757779, -25.7574, -25.757094, -25.756558, -25.753863, -25.746667, -25.746469, -25.746285, -25.746114, 
-25.745962, -25.745936, -25.745937)),"1 - 25"
104,"zona verde",5.2518436214951,11180.655521253,2,15,2,0,list(c(32.549192, 32.552636, 32.554775, 32.556121, 32.556778, 32.557626, 32.559015, 32.560681, 32.560491, 32.560288, 32.560426, 32.560548, 32.560754, 32.560607, 32.560591, 32.560547, 32.560474, 32.560409, 32.56038, 32.560365, 32.560351, 32.56035, 32.560336, 32.560307, 32.560293, 32.560278, 32.560205, 32.560162, 32.560161, 32.560161, 32.560133, 32.560132, 32.560128, 32.560127, 32.560098, 32.560055, 32.559998, 32.559956, 32.559913, 32.559814, 32.559772, 32.559687, 32.559659, 32.559658, 32.559644, 32.55963, 
32.559616, 32.559601, 32.559587, 32.559587, 32.559573, 32.559516, 32.559488, 32.559459, 32.559431, 32.559417, 32.559431, 32.559416, 32.559416, 32.559388, 32.559359, 32.559317, 32.559303, 32.559274, 32.559246, 32.559231, 32.559196, 32.559174, 32.559061, 32.559032, 32.559032, 32.55899, 32.558933, 32.558919, 32.558905, 32.55889, 32.558876, 32.558876, 32.558862, 32.558833, 32.558805, 32.558748, 32.558719, 32.558663, 32.558634, 32.558648, 32.558662, 32.558718, 32.558787, 32.558829, 32.558857, 32.558899, 
32.55894, 32.558982, 32.558996, 32.55901, 32.55901, 32.558995, 32.558981, 32.558966, 32.558952, 32.558952, 32.558923, 32.558908, 32.558908, 32.558908, 32.558908, 32.558879, 32.558893, 32.558865, 32.558865, 32.55885, 32.55885, 32.558835, 32.55882, 32.558806, 32.558792, 32.558777, 32.558777, 32.558748, 32.558733, 32.55869, 32.55866, 32.558646, 32.558603, 32.558575, 32.558546, 32.558532, 32.55849, 32.558447, 32.558376, 32.558334, 32.558249, 32.558135, 32.558064, 32.557979, 32.557908, 32.557823, 32.55778, 
32.557738, 32.557731, 32.557709, 32.557667, 32.557652, 32.557609, 32.557594, 32.557579, 32.55755, 32.557536, 32.557493, 32.557493, 32.557492, 32.557449, 32.557449, 32.557434, 32.557391, 32.557376, 32.557347, 32.557332, 32.557318, 32.557289, 32.557261, 32.557246, 32.557231, 32.557188, 32.557146, 32.557032, 32.556947, 32.556848, 32.55672, 32.556579, 32.556409, 32.556211, 32.555887, 32.555576, 32.555519, 32.555491, 32.555435, 32.555392, 32.555378, 32.555322, 32.55528, 32.555223, 32.555195, 32.555096, 
32.555057, 32.550262, 32.549914, 32.549354, 32.548926, 32.548637, 32.548212, 32.547574, 32.546938, 32.546165, 32.545374, 32.544679, 32.544333, 32.54264, 32.541772, 32.546477, 32.546635, 32.547062, 32.547334, 32.547836, 32.548126, 32.548613, 32.548905, 32.548906, 32.548772, 32.548274, 32.54778, 32.546882, 32.546613, 32.546271, 32.546587, 32.546591, 32.549192, -25.859026, -25.859285, -25.861355, -25.863264, -25.863496, -25.864303, -25.865147, -25.864958, -25.865341, -25.867056, -25.86749, -25.868759, 
-25.870091, -25.871897, -25.872226, -25.872849, -25.873585, -25.874334, -25.874582, -25.874786, -25.874926, -25.874975, -25.875129, -25.875291, -25.875408, -25.875625, -25.876234, -25.87669, -25.87674, -25.87679, -25.876929, -25.877196, -25.878239, -25.878379, -25.878595, -25.878862, -25.879065, -25.879268, -25.879394, -25.87957, -25.879687, -25.8798, -25.879863, -25.879926, -25.879989, -25.880025, -25.880093, -25.880156, -25.880192, -25.880255, -25.880296, -25.880395, -25.880485, -25.880571, -25.880634, 
-25.880688, -25.880724, -25.880788, -25.880941, -25.880991, -25.881054, -25.881157, -25.881207, -25.881297, -25.88141, -25.8815, -25.881649, -25.881739, -25.882069, -25.882145, -25.882209, -25.882335, -25.882439, -25.882475, -25.882529, -25.882578, -25.882642, -25.882705, -25.882818, -25.882908, -25.882998, -25.883201, -25.8833, -25.883413, -25.883476, -25.883544, -25.88363, -25.883734, -25.883874, -25.883951, -25.884037, -25.884127, -25.884226, -25.884303, -25.884358, -25.884407, -25.884471, -25.88457, 
-25.884647, -25.8848, -25.884899, -25.885003, -25.885093, -25.885283, -25.885382, -25.885436, -25.885509, -25.885549, -25.885585, -25.885626, -25.885766, -25.885928, -25.886005, -25.886118, -25.886285, -25.886348, -25.886425, -25.886565, -25.886727, -25.886971, -25.887133, -25.887504, -25.88782, -25.887959, -25.888086, -25.888203, -25.888289, -25.888352, -25.888442, -25.888568, -25.888695, -25.888834, -25.889028, -25.88933, -25.889533, -25.889786, -25.89003, -25.890255, -25.890395, -25.890512, -25.890553, 
-25.890688, -25.890828, -25.890954, -25.89127, -25.891473, -25.891704, -25.89192, -25.892033, -25.892186, -25.892313, -25.892439, -25.892566, -25.892733, -25.892999, -25.893215, -25.893428, -25.893685, -25.893847, -25.894001, -25.894141, -25.894281, -25.894484, -25.894646, -25.894827, -25.89498, -25.895359, -25.895589, -25.895842, -25.896067, -25.896373, -25.896703, -25.897072, -25.897541, -25.898059, -25.898095, -25.898172, -25.898248, -25.898289, -25.898325, -25.898374, -25.898451, -25.8985, -25.898591, 
-25.898681, -25.898753, -25.899095, -25.898904, -25.898586, -25.899285, -25.899089, -25.898826, -25.898702, -25.898317, -25.897926, -25.89754, -25.897082, -25.896647, -25.894262, -25.892923, -25.88729, -25.886451, -25.885946, -25.885753, -25.885881, -25.88595, -25.885057, -25.884606, -25.88415, -25.883834, -25.882677, -25.880246, -25.877426, -25.876901, -25.875654, -25.87361, -25.872684, -25.859026)),"1 - 25"
